date,merchant_id,clicks
2025-01-01,M001,228834
2025-01-01,M002,180534
2025-01-01,M003,267473
2025-01-01,M004,348569
2025-01-01,M005,497051
2025-01-01,M006,411986
2025-01-01,M007,380754
2025-01-01,M008,248313
2025-01-01,M009,384722
2025-01-01,M010,263334
2025-01-01,M011,414965
2025-01-01,M012,489526
2025-01-01,M013,469055
2025-01-01,M014,356223
2025-01-01,M015,342456
2025-01-01,M016,402441
2025-01-01,M017,581931
2025-01-01,M018,463640
2025-01-01,M019,408660
2025-01-01,M020,464048
2025-01-01,M021,695424
2025-01-01,M022,346883
2025-01-01,M023,482820
2025-01-01,M024,578908
2025-01-01,M025,541522
2025-01-01,M026,399173
2025-01-01,M027,551125
2025-01-01,M028,628848
2025-01-01,M029,581920
2025-01-01,M030,470808
2025-01-01,M031,446508
2025-01-01,M032,489714
2025-01-01,M033,779169
2025-01-01,M034,553743
2025-01-01,M035,758885
2025-01-01,M036,573058
2025-01-01,M037,566804
2025-01-01,M038,403921
2025-01-01,M039,598166
2025-01-01,M040,675277
2025-01-01,M041,855984
2025-01-01,M042,714665
2025-01-01,M043,512288
2025-01-01,M044,575850
2025-01-01,M045,762261
2025-01-01,M046,548513
2025-01-01,M047,747858
2025-01-01,M048,834106
2025-01-02,M001,124389
2025-01-02,M002,280095
2025-01-02,M003,252557
2025-01-02,M004,470361
2025-01-02,M005,270148
2025-01-02,M006,550824
2025-01-02,M007,361853
2025-01-02,M008,365768
2025-01-02,M009,227681
2025-01-02,M010,420930
2025-01-02,M011,322876
2025-01-02,M012,722638
2025-01-02,M013,266383
2025-01-02,M014,549842
2025-01-02,M015,293266
2025-01-02,M016,572923
2025-01-02,M017,316098
2025-01-02,M018,624081
2025-01-02,M019,313822
2025-01-02,M020,618192
2025-01-02,M021,365562
2025-01-02,M022,455764
2025-01-02,M023,422899
2025-01-02,M024,826456
2025-01-02,M025,309422
2025-01-02,M026,637057
2025-01-02,M027,503045
2025-01-02,M028,899604
2025-01-02,M029,297994
2025-01-02,M030,629947
2025-01-02,M031,352862
2025-01-02,M032,688652
2025-01-02,M033,408146
2025-01-02,M034,806617
2025-01-02,M035,640321
2025-01-02,M036,817143
2025-01-02,M037,309431
2025-01-02,M038,604296
2025-01-02,M039,480600
2025-01-02,M040,964693
2025-01-02,M041,549991
2025-01-02,M042,910693
2025-01-02,M043,398896
2025-01-02,M044,861721
2025-01-02,M045,440533
2025-01-02,M046,739051
2025-01-02,M047,626773
2025-01-02,M048,1270431
2025-01-03,M001,159894
2025-01-03,M002,246327
2025-01-03,M003,351235
2025-01-03,M004,279824
2025-01-03,M005,383371
2025-01-03,M006,540531
2025-01-03,M007,463008
2025-01-03,M008,222466
2025-01-03,M009,321469
2025-01-03,M010,375567
2025-01-03,M011,443553
2025-01-03,M012,433023
2025-01-03,M013,366501
2025-01-03,M014,528193
2025-01-03,M015,393294
2025-01-03,M016,331160
2025-01-03,M017,427225
2025-01-03,M018,590488
2025-01-03,M019,472988
2025-01-03,M020,410993
2025-01-03,M021,527033
2025-01-03,M022,434857
2025-01-03,M023,568427
2025-01-03,M024,472548
2025-01-03,M025,407159
2025-01-03,M026,527610
2025-01-03,M027,642946
2025-01-03,M028,564868
2025-01-03,M029,461809
2025-01-03,M030,602165
2025-01-03,M031,552139
2025-01-03,M032,448648
2025-01-03,M033,557454
2025-01-03,M034,674263
2025-01-03,M035,810528
2025-01-03,M036,564220
2025-01-03,M037,431902
2025-01-03,M038,562967
2025-01-03,M039,636705
2025-01-03,M040,607276
2025-01-03,M041,752478
2025-01-03,M042,899302
2025-01-03,M043,608266
2025-01-03,M044,519020
2025-01-03,M045,586324
2025-01-03,M046,700316
2025-01-03,M047,860084
2025-01-03,M048,744095
2025-01-04,M001,194508
2025-01-04,M002,191965
2025-01-04,M003,244479
2025-01-04,M004,261414
2025-01-04,M005,454260
2025-01-04,M006,424582
2025-01-04,M007,385762
2025-01-04,M008,190414
2025-01-04,M009,385263
2025-01-04,M010,322416
2025-01-04,M011,392961
2025-01-04,M012,366833
2025-01-04,M013,469002
2025-01-04,M014,406380
2025-01-04,M015,321963
2025-01-04,M016,262974
2025-01-04,M017,543283
2025-01-04,M018,439547
2025-01-04,M019,375693
2025-01-04,M020,308850
2025-01-04,M021,595799
2025-01-04,M022,360625
2025-01-04,M023,392853
2025-01-04,M024,409102
2025-01-04,M025,494985
2025-01-04,M026,416062
2025-01-04,M027,510588
2025-01-04,M028,433174
2025-01-04,M029,498970
2025-01-04,M030,448268
2025-01-04,M031,426367
2025-01-04,M032,348017
2025-01-04,M033,693514
2025-01-04,M034,560142
2025-01-04,M035,685177
2025-01-04,M036,430432
2025-01-04,M037,518492
2025-01-04,M038,441095
2025-01-04,M039,575080
2025-01-04,M040,495748
2025-01-04,M041,839642
2025-01-04,M042,677937
2025-01-04,M043,482447
2025-01-04,M044,418697
2025-01-04,M045,738144
2025-01-04,M046,564711
2025-01-04,M047,638696
2025-01-04,M048,616993
2025-01-05,M001,196244
2025-01-05,M002,162464
2025-01-05,M003,264745
2025-01-05,M004,335698
2025-01-05,M005,441409
2025-01-05,M006,342187
2025-01-05,M007,334637
2025-01-05,M008,237054
2025-01-05,M009,378330
2025-01-05,M010,275234
2025-01-05,M011,378407
2025-01-05,M012,449786
2025-01-05,M013,414889
2025-01-05,M014,349847
2025-01-05,M015,300128
2025-01-05,M016,374967
2025-01-05,M017,495989
2025-01-05,M018,401621
2025-01-05,M019,351201
2025-01-05,M020,441975
2025-01-05,M021,609871
2025-01-05,M022,292232
2025-01-05,M023,403200
2025-01-05,M024,476591
2025-01-05,M025,463448
2025-01-05,M026,401600
2025-01-05,M027,543569
2025-01-05,M028,531665
2025-01-05,M029,481568
2025-01-05,M030,408273
2025-01-05,M031,388048
2025-01-05,M032,465228
2025-01-05,M033,617643
2025-01-05,M034,493873
2025-01-05,M035,682292
2025-01-05,M036,510021
2025-01-05,M037,507856
2025-01-05,M038,368485
2025-01-05,M039,530901
2025-01-05,M040,651065
2025-01-05,M041,822761
2025-01-05,M042,581317
2025-01-05,M043,464247
2025-01-05,M044,525799
2025-01-05,M045,741484
2025-01-05,M046,460762
2025-01-05,M047,722052
2025-01-05,M048,699474
2025-01-06,M001,119569
2025-01-06,M002,263349
2025-01-06,M003,238515
2025-01-06,M004,480482
2025-01-06,M005,266426
2025-01-06,M006,586746
2025-01-06,M007,341341
2025-01-06,M008,376232
2025-01-06,M009,220825
2025-01-06,M010,391159
2025-01-06,M011,358363
2025-01-06,M012,633413
2025-01-06,M013,291592
2025-01-06,M014,528327
2025-01-06,M015,281017
2025-01-06,M016,602713
2025-01-06,M017,316609
2025-01-06,M018,672803
2025-01-06,M019,311859
2025-01-06,M020,673038
2025-01-06,M021,383733
2025-01-06,M022,448693
2025-01-06,M023,410960
2025-01-06,M024,751659
2025-01-06,M025,285079
2025-01-06,M026,625937
2025-01-06,M027,508255
2025-01-06,M028,872867
2025-01-06,M029,330696
2025-01-06,M030,605872
2025-01-06,M031,387127
2025-01-06,M032,721805
2025-01-06,M033,401145
2025-01-06,M034,783181
2025-01-06,M035,632931
2025-01-06,M036,851248
2025-01-06,M037,319614
2025-01-06,M038,598777
2025-01-06,M039,516171
2025-01-06,M040,1010287
2025-01-06,M041,482195
2025-01-06,M042,1022554
2025-01-06,M043,388964
2025-01-06,M044,855211
2025-01-06,M045,423528
2025-01-06,M046,792195
2025-01-06,M047,597236
2025-01-06,M048,1167605
2025-01-07,M001,182994
2025-01-07,M002,230736
2025-01-07,M003,315928
2025-01-07,M004,296022
2025-01-07,M005,362523
2025-01-07,M006,495359
2025-01-07,M007,436514
2025-01-07,M008,231537
2025-01-07,M009,313266
2025-01-07,M010,370348
2025-01-07,M011,433616
2025-01-07,M012,415654
2025-01-07,M013,354426
2025-01-07,M014,508856
2025-01-07,M015,369212
2025-01-07,M016,355523
2025-01-07,M017,415990
2025-01-07,M018,549926
2025-01-07,M019,478436
2025-01-07,M020,377153
2025-01-07,M021,496212
2025-01-07,M022,396877
2025-01-07,M023,496496
2025-01-07,M024,434814
2025-01-07,M025,452148
2025-01-07,M026,579865
2025-01-07,M027,716774
2025-01-07,M028,566833
2025-01-07,M029,464305
2025-01-07,M030,551092
2025-01-07,M031,527271
2025-01-07,M032,477099
2025-01-07,M033,554745
2025-01-07,M034,755187
2025-01-07,M035,828408
2025-01-07,M036,544638
2025-01-07,M037,432045
2025-01-07,M038,530287
2025-01-07,M039,672607
2025-01-07,M040,548505
2025-01-07,M041,748729
2025-01-07,M042,927371
2025-01-07,M043,532918
2025-01-07,M044,486039
2025-01-07,M045,575944
2025-01-07,M046,666988
2025-01-07,M047,797852
2025-01-07,M048,741705
2025-01-08,M001,243126
2025-01-08,M002,215064
2025-01-08,M003,302762
2025-01-08,M004,272787
2025-01-08,M005,504683
2025-01-08,M006,434520
2025-01-08,M007,394834
2025-01-08,M008,210993
2025-01-08,M009,390368
2025-01-08,M010,356835
2025-01-08,M011,412158
2025-01-08,M012,376483
2025-01-08,M013,491818
2025-01-08,M014,438159
2025-01-08,M015,326102
2025-01-08,M016,298164
2025-01-08,M017,557006
2025-01-08,M018,479371
2025-01-08,M019,423341
2025-01-08,M020,382254
2025-01-08,M021,622838
2025-01-08,M022,378866
2025-01-08,M023,475250
2025-01-08,M024,408250
2025-01-08,M025,519897
2025-01-08,M026,497667
2025-01-08,M027,611166
2025-01-08,M028,478740
2025-01-08,M029,544537
2025-01-08,M030,536929
2025-01-08,M031,475691
2025-01-08,M032,397292
2025-01-08,M033,686176
2025-01-08,M034,616109
2025-01-08,M035,809008
2025-01-08,M036,501346
2025-01-08,M037,571513
2025-01-08,M038,528870
2025-01-08,M039,605282
2025-01-08,M040,536245
2025-01-08,M041,877110
2025-01-08,M042,773248
2025-01-08,M043,520716
2025-01-08,M044,428836
2025-01-08,M045,834783
2025-01-08,M046,609118
2025-01-08,M047,751537
2025-01-08,M048,646580
2025-01-09,M001,205213
2025-01-09,M002,192128
2025-01-09,M003,306427
2025-01-09,M004,332083
2025-01-09,M005,461563
2025-01-09,M006,399571
2025-01-09,M007,394850
2025-01-09,M008,280381
2025-01-09,M009,412308
2025-01-09,M010,299847
2025-01-09,M011,403995
2025-01-09,M012,513427
2025-01-09,M013,469620
2025-01-09,M014,377345
2025-01-09,M015,306465
2025-01-09,M016,407612
2025-01-09,M017,587420
2025-01-09,M018,450735
2025-01-09,M019,430224
2025-01-09,M020,457256
2025-01-09,M021,658387
2025-01-09,M022,311324
2025-01-09,M023,456274
2025-01-09,M024,506366
2025-01-09,M025,537753
2025-01-09,M026,436560
2025-01-09,M027,575852
2025-01-09,M028,655366
2025-01-09,M029,573882
2025-01-09,M030,433033
2025-01-09,M031,459808
2025-01-09,M032,530307
2025-01-09,M033,776172
2025-01-09,M034,539562
2025-01-09,M035,756409
2025-01-09,M036,602418
2025-01-09,M037,561104
2025-01-09,M038,397155
2025-01-09,M039,552574
2025-01-09,M040,680321
2025-01-09,M041,860343
2025-01-09,M042,733509
2025-01-09,M043,469811
2025-01-09,M044,619071
2025-01-09,M045,776082
2025-01-09,M046,530746
2025-01-09,M047,714192
2025-01-09,M048,834134
2025-01-10,M001,133695
2025-01-10,M002,250330
2025-01-10,M003,230993
2025-01-10,M004,503633
2025-01-10,M005,277193
2025-01-10,M006,581911
2025-01-10,M007,355161
2025-01-10,M008,393689
2025-01-10,M009,233175
2025-01-10,M010,379392
2025-01-10,M011,373062
2025-01-10,M012,646953
2025-01-10,M013,262594
2025-01-10,M014,516747
2025-01-10,M015,281457
2025-01-10,M016,587947
2025-01-10,M017,320936
2025-01-10,M018,656724
2025-01-10,M019,349943
2025-01-10,M020,633214
2025-01-10,M021,350187
2025-01-10,M022,434613
2025-01-10,M023,420360
2025-01-10,M024,740884
2025-01-10,M025,297716
2025-01-10,M026,586859
2025-01-10,M027,518064
2025-01-10,M028,868401
2025-01-10,M029,343905
2025-01-10,M030,600982
2025-01-10,M031,376902
2025-01-10,M032,712496
2025-01-10,M033,388947
2025-01-10,M034,821408
2025-01-10,M035,648138
2025-01-10,M036,858594
2025-01-10,M037,298286
2025-01-10,M038,631953
2025-01-10,M039,527151
2025-01-10,M040,969201
2025-01-10,M041,540067
2025-01-10,M042,1050739
2025-01-10,M043,432754
2025-01-10,M044,857294
2025-01-10,M045,423732
2025-01-10,M046,708245
2025-01-10,M047,597120
2025-01-10,M048,1215825
2025-01-11,M001,142123
2025-01-11,M002,228529
2025-01-11,M003,304122
2025-01-11,M004,255296
2025-01-11,M005,328568
2025-01-11,M006,438665
2025-01-11,M007,444648
2025-01-11,M008,207592
2025-01-11,M009,270578
2025-01-11,M010,326983
2025-01-11,M011,447702
2025-01-11,M012,359507
2025-01-11,M013,351260
2025-01-11,M014,418516
2025-01-11,M015,318451
2025-01-11,M016,293233
2025-01-11,M017,376330
2025-01-11,M018,494295
2025-01-11,M019,434489
2025-01-11,M020,354347
2025-01-11,M021,437841
2025-01-11,M022,408369
2025-01-11,M023,494081
2025-01-11,M024,452736
2025-01-11,M025,357629
2025-01-11,M026,475290
2025-01-11,M027,592560
2025-01-11,M028,451930
2025-01-11,M029,422507
2025-01-11,M030,547157
2025-01-11,M031,497998
2025-01-11,M032,412097
2025-01-11,M033,540541
2025-01-11,M034,672548
2025-01-11,M035,831355
2025-01-11,M036,447214
2025-01-11,M037,396256
2025-01-11,M038,458552
2025-01-11,M039,606697
2025-01-11,M040,502173
2025-01-11,M041,671338
2025-01-11,M042,875370
2025-01-11,M043,523349
2025-01-11,M044,425358
2025-01-11,M045,565581
2025-01-11,M046,674887
2025-01-11,M047,758546
2025-01-11,M048,649116
2025-01-12,M001,187908
2025-01-12,M002,210889
2025-01-12,M003,245253
2025-01-12,M004,244409
2025-01-12,M005,443913
2025-01-12,M006,412511
2025-01-12,M007,349131
2025-01-12,M008,179827
2025-01-12,M009,391096
2025-01-12,M010,321026
2025-01-12,M011,360530
2025-01-12,M012,328668
2025-01-12,M013,474255
2025-01-12,M014,431551
2025-01-12,M015,322486
2025-01-12,M016,262166
2025-01-12,M017,543654
2025-01-12,M018,431998
2025-01-12,M019,340363
2025-01-12,M020,306784
2025-01-12,M021,625927
2025-01-12,M022,325796
2025-01-12,M023,390559
2025-01-12,M024,360981
2025-01-12,M025,512944
2025-01-12,M026,456370
2025-01-12,M027,549285
2025-01-12,M028,411504
2025-01-12,M029,561274
2025-01-12,M030,503101
2025-01-12,M031,402122
2025-01-12,M032,378301
2025-01-12,M033,689236
2025-01-12,M034,573588
2025-01-12,M035,736096
2025-01-12,M036,424260
2025-01-12,M037,521554
2025-01-12,M038,430113
2025-01-12,M039,493798
2025-01-12,M040,478050
2025-01-12,M041,789304
2025-01-12,M042,768326
2025-01-12,M043,450243
2025-01-12,M044,404316
2025-01-12,M045,784634
2025-01-12,M046,561488
2025-01-12,M047,714141
2025-01-12,M048,620756
2025-01-13,M001,234951
2025-01-13,M002,193577
2025-01-13,M003,273446
2025-01-13,M004,366375
2025-01-13,M005,515165
2025-01-13,M006,362449
2025-01-13,M007,408908
2025-01-13,M008,257812
2025-01-13,M009,414941
2025-01-13,M010,293625
2025-01-13,M011,439255
2025-01-13,M012,467723
2025-01-13,M013,492097
2025-01-13,M014,382482
2025-01-13,M015,351485
2025-01-13,M016,388739
2025-01-13,M017,553782
2025-01-13,M018,412762
2025-01-13,M019,375455
2025-01-13,M020,448503
2025-01-13,M021,657154
2025-01-13,M022,332903
2025-01-13,M023,446432
2025-01-13,M024,549477
2025-01-13,M025,537322
2025-01-13,M026,435623
2025-01-13,M027,591384
2025-01-13,M028,591062
2025-01-13,M029,534888
2025-01-13,M030,412705
2025-01-13,M031,419494
2025-01-13,M032,521381
2025-01-13,M033,724388
2025-01-13,M034,518139
2025-01-13,M035,811228
2025-01-13,M036,646453
2025-01-13,M037,534870
2025-01-13,M038,428789
2025-01-13,M039,589492
2025-01-13,M040,681574
2025-01-13,M041,921309
2025-01-13,M042,640631
2025-01-13,M043,516848
2025-01-13,M044,590284
2025-01-13,M045,786192
2025-01-13,M046,543748
2025-01-13,M047,739451
2025-01-13,M048,874969
2025-01-14,M001,134033
2025-01-14,M002,268591
2025-01-14,M003,253332
2025-01-14,M004,480028
2025-01-14,M005,274285
2025-01-14,M006,534635
2025-01-14,M007,336922
2025-01-14,M008,359245
2025-01-14,M009,227817
2025-01-14,M010,376738
2025-01-14,M011,367262
2025-01-14,M012,733567
2025-01-14,M013,260001
2025-01-14,M014,578992
2025-01-14,M015,264346
2025-01-14,M016,562774
2025-01-14,M017,307940
2025-01-14,M018,667783
2025-01-14,M019,357362
2025-01-14,M020,694337
2025-01-14,M021,346074
2025-01-14,M022,427265
2025-01-14,M023,390736
2025-01-14,M024,797147
2025-01-14,M025,290444
2025-01-14,M026,559458
2025-01-14,M027,518256
2025-01-14,M028,798215
2025-01-14,M029,334741
2025-01-14,M030,597719
2025-01-14,M031,371535
2025-01-14,M032,764914
2025-01-14,M033,378043
2025-01-14,M034,806533
2025-01-14,M035,681447
2025-01-14,M036,848336
2025-01-14,M037,300936
2025-01-14,M038,633076
2025-01-14,M039,512222
2025-01-14,M040,880484
2025-01-14,M041,527163
2025-01-14,M042,925819
2025-01-14,M043,412783
2025-01-14,M044,872097
2025-01-14,M045,459108
2025-01-14,M046,732958
2025-01-14,M047,663451
2025-01-14,M048,1127344
2025-01-15,M001,171236
2025-01-15,M002,238740
2025-01-15,M003,331678
2025-01-15,M004,299879
2025-01-15,M005,414095
2025-01-15,M006,539566
2025-01-15,M007,490111
2025-01-15,M008,226634
2025-01-15,M009,307767
2025-01-15,M010,397277
2025-01-15,M011,499819
2025-01-15,M012,385368
2025-01-15,M013,356288
2025-01-15,M014,506107
2025-01-15,M015,378093
2025-01-15,M016,366923
2025-01-15,M017,430724
2025-01-15,M018,566410
2025-01-15,M019,423217
2025-01-15,M020,412061
2025-01-15,M021,486107
2025-01-15,M022,403335
2025-01-15,M023,526060
2025-01-15,M024,463036
2025-01-15,M025,438782
2025-01-15,M026,571573
2025-01-15,M027,661825
2025-01-15,M028,559821
2025-01-15,M029,427582
2025-01-15,M030,620449
2025-01-15,M031,494974
2025-01-15,M032,431693
2025-01-15,M033,581812
2025-01-15,M034,709354
2025-01-15,M035,829448
2025-01-15,M036,530822
2025-01-15,M037,391103
2025-01-15,M038,570695
2025-01-15,M039,658443
2025-01-15,M040,611375
2025-01-15,M041,738120
2025-01-15,M042,890743
2025-01-15,M043,523178
2025-01-15,M044,484632
2025-01-15,M045,582699
2025-01-15,M046,707275
2025-01-15,M047,884251
2025-01-15,M048,687644
2025-01-16,M001,225762
2025-01-16,M002,214993
2025-01-16,M003,300664
2025-01-16,M004,265910
2025-01-16,M005,489376
2025-01-16,M006,485396
2025-01-16,M007,374768
2025-01-16,M008,212548
2025-01-16,M009,381125
2025-01-16,M010,351308
2025-01-16,M011,431505
2025-01-16,M012,366995
2025-01-16,M013,507922
2025-01-16,M014,470236
2025-01-16,M015,358148
2025-01-16,M016,286422
2025-01-16,M017,623838
2025-01-16,M018,534853
2025-01-16,M019,374780
2025-01-16,M020,345189
2025-01-16,M021,658642
2025-01-16,M022,390715
2025-01-16,M023,484993
2025-01-16,M024,443659
2025-01-16,M025,599732
2025-01-16,M026,505799
2025-01-16,M027,563706
2025-01-16,M028,486302
2025-01-16,M029,557025
2025-01-16,M030,492413
2025-01-16,M031,454002
2025-01-16,M032,403178
2025-01-16,M033,714805
2025-01-16,M034,679877
2025-01-16,M035,713025
2025-01-16,M036,499985
2025-01-16,M037,535239
2025-01-16,M038,458610
2025-01-16,M039,602436
2025-01-16,M040,494705
2025-01-16,M041,1012552
2025-01-16,M042,846986
2025-01-16,M043,493979
2025-01-16,M044,438272
2025-01-16,M045,854223
2025-01-16,M046,661152
2025-01-16,M047,719014
2025-01-16,M048,693195
2025-01-17,M001,225083
2025-01-17,M002,188115
2025-01-17,M003,290059
2025-01-17,M004,349774
2025-01-17,M005,516753
2025-01-17,M006,396071
2025-01-17,M007,414554
2025-01-17,M008,273311
2025-01-17,M009,388882
2025-01-17,M010,285950
2025-01-17,M011,415035
2025-01-17,M012,458540
2025-01-17,M013,513380
2025-01-17,M014,392248
2025-01-17,M015,310933
2025-01-17,M016,376870
2025-01-17,M017,577502
2025-01-17,M018,441197
2025-01-17,M019,423291
2025-01-17,M020,482653
2025-01-17,M021,673247
2025-01-17,M022,308448
2025-01-17,M023,501913
2025-01-17,M024,554426
2025-01-17,M025,520403
2025-01-17,M026,402332
2025-01-17,M027,572484
2025-01-17,M028,602788
2025-01-17,M029,525300
2025-01-17,M030,423319
2025-01-17,M031,468177
2025-01-17,M032,504476
2025-01-17,M033,670480
2025-01-17,M034,569807
2025-01-17,M035,824294
2025-01-17,M036,620337
2025-01-17,M037,538465
2025-01-17,M038,396074
2025-01-17,M039,556370
2025-01-17,M040,714114
2025-01-17,M041,947176
2025-01-17,M042,665396
2025-01-17,M043,476183
2025-01-17,M044,589884
2025-01-17,M045,814566
2025-01-17,M046,566407
2025-01-17,M047,786411
2025-01-17,M048,862094
2025-01-18,M001,104081
2025-01-18,M002,246616
2025-01-18,M003,205510
2025-01-18,M004,421059
2025-01-18,M005,241720
2025-01-18,M006,522653
2025-01-18,M007,314880
2025-01-18,M008,347288
2025-01-18,M009,189724
2025-01-18,M010,334294
2025-01-18,M011,312963
2025-01-18,M012,644641
2025-01-18,M013,254534
2025-01-18,M014,466117
2025-01-18,M015,255850
2025-01-18,M016,485323
2025-01-18,M017,295163
2025-01-18,M018,582423
2025-01-18,M019,325536
2025-01-18,M020,596633
2025-01-18,M021,355786
2025-01-18,M022,442538
2025-01-18,M023,345920
2025-01-18,M024,644523
2025-01-18,M025,281072
2025-01-18,M026,555553
2025-01-18,M027,441077
2025-01-18,M028,740565
2025-01-18,M029,281370
2025-01-18,M030,599231
2025-01-18,M031,317907
2025-01-18,M032,691816
2025-01-18,M033,359339
2025-01-18,M034,716243
2025-01-18,M035,577360
2025-01-18,M036,742818
2025-01-18,M037,254759
2025-01-18,M038,575664
2025-01-18,M039,465528
2025-01-18,M040,889073
2025-01-18,M041,490758
2025-01-18,M042,942590
2025-01-18,M043,357443
2025-01-18,M044,679333
2025-01-18,M045,388218
2025-01-18,M046,639132
2025-01-18,M047,552627
2025-01-18,M048,1103651
2025-01-19,M001,147617
2025-01-19,M002,209563
2025-01-19,M003,310870
2025-01-19,M004,279157
2025-01-19,M005,321093
2025-01-19,M006,486126
2025-01-19,M007,436451
2025-01-19,M008,209410
2025-01-19,M009,268235
2025-01-19,M010,337904
2025-01-19,M011,425809
2025-01-19,M012,371593
2025-01-19,M013,323050
2025-01-19,M014,437725
2025-01-19,M015,338681
2025-01-19,M016,307492
2025-01-19,M017,377109
2025-01-19,M018,488518
2025-01-19,M019,429276
2025-01-19,M020,372329
2025-01-19,M021,469453
2025-01-19,M022,402741
2025-01-19,M023,451365
2025-01-19,M024,395796
2025-01-19,M025,378045
2025-01-19,M026,534247
2025-01-19,M027,655912
2025-01-19,M028,468150
2025-01-19,M029,365413
2025-01-19,M030,544083
2025-01-19,M031,463864
2025-01-19,M032,401137
2025-01-19,M033,504209
2025-01-19,M034,605961
2025-01-19,M035,745448
2025-01-19,M036,466510
2025-01-19,M037,371734
2025-01-19,M038,535314
2025-01-19,M039,609387
2025-01-19,M040,539425
2025-01-19,M041,637250
2025-01-19,M042,787683
2025-01-19,M043,477604
2025-01-19,M044,462080
2025-01-19,M045,520635
2025-01-19,M046,682495
2025-01-19,M047,749965
2025-01-19,M048,647308
2025-01-20,M001,238682
2025-01-20,M002,229581
2025-01-20,M003,303860
2025-01-20,M004,265050
2025-01-20,M005,481367
2025-01-20,M006,426410
2025-01-20,M007,386526
2025-01-20,M008,222862
2025-01-20,M009,373284
2025-01-20,M010,319895
2025-01-20,M011,385835
2025-01-20,M012,401573
2025-01-20,M013,509296
2025-01-20,M014,461016
2025-01-20,M015,339487
2025-01-20,M016,307611
2025-01-20,M017,577019
2025-01-20,M018,480918
2025-01-20,M019,418529
2025-01-20,M020,343419
2025-01-20,M021,694208
2025-01-20,M022,389566
2025-01-20,M023,451492
2025-01-20,M024,438764
2025-01-20,M025,567331
2025-01-20,M026,499013
2025-01-20,M027,619384
2025-01-20,M028,466699
2025-01-20,M029,550293
2025-01-20,M030,515229
2025-01-20,M031,478428
2025-01-20,M032,415943
2025-01-20,M033,768394
2025-01-20,M034,619316
2025-01-20,M035,802841
2025-01-20,M036,450443
2025-01-20,M037,547225
2025-01-20,M038,488104
2025-01-20,M039,629576
2025-01-20,M040,485323
2025-01-20,M041,910783
2025-01-20,M042,851042
2025-01-20,M043,515702
2025-01-20,M044,438259
2025-01-20,M045,849329
2025-01-20,M046,588380
2025-01-20,M047,805165
2025-01-20,M048,689768
2025-01-21,M001,234587
2025-01-21,M002,200940
2025-01-21,M003,294701
2025-01-21,M004,341542
2025-01-21,M005,488420
2025-01-21,M006,405903
2025-01-21,M007,409899
2025-01-21,M008,262606
2025-01-21,M009,378664
2025-01-21,M010,289158
2025-01-21,M011,437478
2025-01-21,M012,461607
2025-01-21,M013,480225
2025-01-21,M014,365942
2025-01-21,M015,326929
2025-01-21,M016,411063
2025-01-21,M017,585082
2025-01-21,M018,422891
2025-01-21,M019,415728
2025-01-21,M020,506146
2025-01-21,M021,692645
2025-01-21,M022,314853
2025-01-21,M023,497142
2025-01-21,M024,540433
2025-01-21,M025,521139
2025-01-21,M026,423691
2025-01-21,M027,578290
2025-01-21,M028,609589
2025-01-21,M029,606457
2025-01-21,M030,433063
2025-01-21,M031,438370
2025-01-21,M032,542072
2025-01-21,M033,739397
2025-01-21,M034,552272
2025-01-21,M035,730659
2025-01-21,M036,564741
2025-01-21,M037,536941
2025-01-21,M038,417755
2025-01-21,M039,623849
2025-01-21,M040,720163
2025-01-21,M041,933075
2025-01-21,M042,742869
2025-01-21,M043,524208
2025-01-21,M044,611567
2025-01-21,M045,769826
2025-01-21,M046,499292
2025-01-21,M047,756690
2025-01-21,M048,814648
2025-01-22,M001,118819
2025-01-22,M002,248923
2025-01-22,M003,239330
2025-01-22,M004,505323
2025-01-22,M005,288361
2025-01-22,M006,575572
2025-01-22,M007,366143
2025-01-22,M008,388953
2025-01-22,M009,217289
2025-01-22,M010,402768
2025-01-22,M011,332273
2025-01-22,M012,713468
2025-01-22,M013,274412
2025-01-22,M014,569710
2025-01-22,M015,261630
2025-01-22,M016,554895
2025-01-22,M017,322218
2025-01-22,M018,640470
2025-01-22,M019,345438
2025-01-22,M020,704773
2025-01-22,M021,363471
2025-01-22,M022,469699
2025-01-22,M023,402366
2025-01-22,M024,776877
2025-01-22,M025,325618
2025-01-22,M026,631655
2025-01-22,M027,510030
2025-01-22,M028,862106
2025-01-22,M029,338225
2025-01-22,M030,602035
2025-01-22,M031,355267
2025-01-22,M032,699183
2025-01-22,M033,407479
2025-01-22,M034,728851
2025-01-22,M035,611723
2025-01-22,M036,809026
2025-01-22,M037,296233
2025-01-22,M038,564194
2025-01-22,M039,502891
2025-01-22,M040,924940
2025-01-22,M041,532310
2025-01-22,M042,907579
2025-01-22,M043,423431
2025-01-22,M044,810206
2025-01-22,M045,450564
2025-01-22,M046,766087
2025-01-22,M047,647780
2025-01-22,M048,1209617
2025-01-23,M001,172919
2025-01-23,M002,266706
2025-01-23,M003,336014
2025-01-23,M004,303904
2025-01-23,M005,370467
2025-01-23,M006,497683
2025-01-23,M007,437973
2025-01-23,M008,223884
2025-01-23,M009,313202
2025-01-23,M010,400176
2025-01-23,M011,467310
2025-01-23,M012,404971
2025-01-23,M013,370177
2025-01-23,M014,489201
2025-01-23,M015,379086
2025-01-23,M016,336470
2025-01-23,M017,401601
2025-01-23,M018,545980
2025-01-23,M019,473067
2025-01-23,M020,386027
2025-01-23,M021,515260
2025-01-23,M022,441762
2025-01-23,M023,541299
2025-01-23,M024,480518
2025-01-23,M025,408879
2025-01-23,M026,575090
2025-01-23,M027,694941
2025-01-23,M028,498705
2025-01-23,M029,441116
2025-01-23,M030,562046
2025-01-23,M031,471903
2025-01-23,M032,442987
2025-01-23,M033,587047
2025-01-23,M034,727886
2025-01-23,M035,868971
2025-01-23,M036,509880
2025-01-23,M037,407058
2025-01-23,M038,563133
2025-01-23,M039,654916
2025-01-23,M040,589376
2025-01-23,M041,747195
2025-01-23,M042,922850
2025-01-23,M043,584749
2025-01-23,M044,469029
2025-01-23,M045,631195
2025-01-23,M046,740630
2025-01-23,M047,795391
2025-01-23,M048,679593
2025-01-24,M001,214086
2025-01-24,M002,215482
2025-01-24,M003,268301
2025-01-24,M004,282103
2025-01-24,M005,515798
2025-01-24,M006,454611
2025-01-24,M007,395865
2025-01-24,M008,197962
2025-01-24,M009,398026
2025-01-24,M010,330549
2025-01-24,M011,402828
2025-01-24,M012,378894
2025-01-24,M013,518394
2025-01-24,M014,483380
2025-01-24,M015,331623
2025-01-24,M016,313578
2025-01-24,M017,571570
2025-01-24,M018,522893
2025-01-24,M019,373094
2025-01-24,M020,374940
2025-01-24,M021,646698
2025-01-24,M022,379989
2025-01-24,M023,461709
2025-01-24,M024,450770
2025-01-24,M025,549961
2025-01-24,M026,475748
2025-01-24,M027,590977
2025-01-24,M028,475534
2025-01-24,M029,567466
2025-01-24,M030,547181
2025-01-24,M031,447872
2025-01-24,M032,400077
2025-01-24,M033,689844
2025-01-24,M034,614054
2025-01-24,M035,765621
2025-01-24,M036,449302
2025-01-24,M037,557758
2025-01-24,M038,477537
2025-01-24,M039,572376
2025-01-24,M040,537969
2025-01-24,M041,1011574
2025-01-24,M042,830605
2025-01-24,M043,491295
2025-01-24,M044,467533
2025-01-24,M045,818650
2025-01-24,M046,602856
2025-01-24,M047,783020
2025-01-24,M048,666552
2025-01-25,M001,198707
2025-01-25,M002,178746
2025-01-25,M003,237919
2025-01-25,M004,332654
2025-01-25,M005,462686
2025-01-25,M006,332770
2025-01-25,M007,351943
2025-01-25,M008,247690
2025-01-25,M009,350745
2025-01-25,M010,252135
2025-01-25,M011,379864
2025-01-25,M012,469931
2025-01-25,M013,446391
2025-01-25,M014,370773
2025-01-25,M015,304870
2025-01-25,M016,357789
2025-01-25,M017,500602
2025-01-25,M018,377785
2025-01-25,M019,384135
2025-01-25,M020,389479
2025-01-25,M021,570924
2025-01-25,M022,314581
2025-01-25,M023,418536
2025-01-25,M024,475326
2025-01-25,M025,518368
2025-01-25,M026,407183
2025-01-25,M027,518420
2025-01-25,M028,566323
2025-01-25,M029,473655
2025-01-25,M030,398388
2025-01-25,M031,372062
2025-01-25,M032,448471
2025-01-25,M033,692083
2025-01-25,M034,504452
2025-01-25,M035,694744
2025-01-25,M036,556995
2025-01-25,M037,500450
2025-01-25,M038,406148
2025-01-25,M039,488223
2025-01-25,M040,602382
2025-01-25,M041,893331
2025-01-25,M042,643499
2025-01-25,M043,458725
2025-01-25,M044,503911
2025-01-25,M045,690964
2025-01-25,M046,485327
2025-01-25,M047,633660
2025-01-25,M048,797459
2025-01-26,M001,114867
2025-01-26,M002,246373
2025-01-26,M003,221429
2025-01-26,M004,461184
2025-01-26,M005,237485
2025-01-26,M006,530578
2025-01-26,M007,330214
2025-01-26,M008,322692
2025-01-26,M009,200135
2025-01-26,M010,351861
2025-01-26,M011,296923
2025-01-26,M012,581628
2025-01-26,M013,264091
2025-01-26,M014,528401
2025-01-26,M015,231254
2025-01-26,M016,530761
2025-01-26,M017,275494
2025-01-26,M018,603473
2025-01-26,M019,313521
2025-01-26,M020,614887
2025-01-26,M021,318110
2025-01-26,M022,444586
2025-01-26,M023,330583
2025-01-26,M024,684402
2025-01-26,M025,270444
2025-01-26,M026,529699
2025-01-26,M027,467000
2025-01-26,M028,738455
2025-01-26,M029,274154
2025-01-26,M030,534607
2025-01-26,M031,341509
2025-01-26,M032,638682
2025-01-26,M033,351034
2025-01-26,M034,654586
2025-01-26,M035,626207
2025-01-26,M036,752164
2025-01-26,M037,290589
2025-01-26,M038,539565
2025-01-26,M039,461546
2025-01-26,M040,805554
2025-01-26,M041,444729
2025-01-26,M042,886804
2025-01-26,M043,396199
2025-01-26,M044,771328
2025-01-26,M045,399511
2025-01-26,M046,635937
2025-01-26,M047,594375
2025-01-26,M048,1076963
2025-01-27,M001,183333
2025-01-27,M002,262229
2025-01-27,M003,343921
2025-01-27,M004,302906
2025-01-27,M005,356477
2025-01-27,M006,507033
2025-01-27,M007,486088
2025-01-27,M008,244875
2025-01-27,M009,303903
2025-01-27,M010,391506
2025-01-27,M011,457605
2025-01-27,M012,420059
2025-01-27,M013,382691
2025-01-27,M014,522625
2025-01-27,M015,358671
2025-01-27,M016,321715
2025-01-27,M017,416636
2025-01-27,M018,561674
2025-01-27,M019,487025
2025-01-27,M020,388311
2025-01-27,M021,487785
2025-01-27,M022,429888
2025-01-27,M023,497374
2025-01-27,M024,470754
2025-01-27,M025,421993
2025-01-27,M026,577853
2025-01-27,M027,708195
2025-01-27,M028,546307
2025-01-27,M029,408521
2025-01-27,M030,593947
2025-01-27,M031,531674
2025-01-27,M032,445302
2025-01-27,M033,581747
2025-01-27,M034,773001
2025-01-27,M035,875847
2025-01-27,M036,542873
2025-01-27,M037,433223
2025-01-27,M038,537511
2025-01-27,M039,645451
2025-01-27,M040,614307
2025-01-27,M041,757531
2025-01-27,M042,916520
2025-01-27,M043,591312
2025-01-27,M044,470012
2025-01-27,M045,619835
2025-01-27,M046,662516
2025-01-27,M047,904157
2025-01-27,M048,695454
2025-01-28,M001,239804
2025-01-28,M002,234867
2025-01-28,M003,299422
2025-01-28,M004,278709
2025-01-28,M005,546411
2025-01-28,M006,434658
2025-01-28,M007,411708
2025-01-28,M008,212235
2025-01-28,M009,417362
2025-01-28,M010,334964
2025-01-28,M011,448390
2025-01-28,M012,359408
2025-01-28,M013,535865
2025-01-28,M014,429180
2025-01-28,M015,338521
2025-01-28,M016,319991
2025-01-28,M017,539834
2025-01-28,M018,525273
2025-01-28,M019,434158
2025-01-28,M020,359078
2025-01-28,M021,619052
2025-01-28,M022,382135
2025-01-28,M023,505150
2025-01-28,M024,406618
2025-01-28,M025,528229
2025-01-28,M026,534120
2025-01-28,M027,566088
2025-01-28,M028,502923
2025-01-28,M029,535072
2025-01-28,M030,508340
2025-01-28,M031,457836
2025-01-28,M032,423684
2025-01-28,M033,779716
2025-01-28,M034,615430
2025-01-28,M035,754964
2025-01-28,M036,443351
2025-01-28,M037,557443
2025-01-28,M038,468509
2025-01-28,M039,561596
2025-01-28,M040,523930
2025-01-28,M041,941386
2025-01-28,M042,833162
2025-01-28,M043,481215
2025-01-28,M044,465796
2025-01-28,M045,825315
2025-01-28,M046,645695
2025-01-28,M047,706971
2025-01-28,M048,641403
2025-01-29,M001,224544
2025-01-29,M002,174374
2025-01-29,M003,267680
2025-01-29,M004,334356
2025-01-29,M005,485256
2025-01-29,M006,381549
2025-01-29,M007,412383
2025-01-29,M008,285520
2025-01-29,M009,398453
2025-01-29,M010,294594
2025-01-29,M011,429113
2025-01-29,M012,460132
2025-01-29,M013,520878
2025-01-29,M014,385399
2025-01-29,M015,320371
2025-01-29,M016,386715
2025-01-29,M017,598543
2025-01-29,M018,427207
2025-01-29,M019,390162
2025-01-29,M020,494936
2025-01-29,M021,706736
2025-01-29,M022,342287
2025-01-29,M023,462186
2025-01-29,M024,503227
2025-01-29,M025,527457
2025-01-29,M026,425086
2025-01-29,M027,617031
2025-01-29,M028,643099
2025-01-29,M029,532342
2025-01-29,M030,463997
2025-01-29,M031,443650
2025-01-29,M032,541447
2025-01-29,M033,726237
2025-01-29,M034,569927
2025-01-29,M035,807061
2025-01-29,M036,617069
2025-01-29,M037,503643
2025-01-29,M038,402215
2025-01-29,M039,615932
2025-01-29,M040,636063
2025-01-29,M041,892320
2025-01-29,M042,692965
2025-01-29,M043,493757
2025-01-29,M044,539584
2025-01-29,M045,817670
2025-01-29,M046,563801
2025-01-29,M047,771001
2025-01-29,M048,784255
2025-01-30,M001,122215
2025-01-30,M002,258261
2025-01-30,M003,253556
2025-01-30,M004,462572
2025-01-30,M005,266706
2025-01-30,M006,544814
2025-01-30,M007,359367
2025-01-30,M008,400584
2025-01-30,M009,205916
2025-01-30,M010,422758
2025-01-30,M011,336315
2025-01-30,M012,658899
2025-01-30,M013,279125
2025-01-30,M014,569537
2025-01-30,M015,272493
2025-01-30,M016,532535
2025-01-30,M017,316687
2025-01-30,M018,587822
2025-01-30,M019,316178
2025-01-30,M020,644618
2025-01-30,M021,383091
2025-01-30,M022,458280
2025-01-30,M023,364720
2025-01-30,M024,734518
2025-01-30,M025,300558
2025-01-30,M026,625909
2025-01-30,M027,533614
2025-01-30,M028,915903
2025-01-30,M029,334707
2025-01-30,M030,595876
2025-01-30,M031,393604
2025-01-30,M032,713340
2025-01-30,M033,427484
2025-01-30,M034,752870
2025-01-30,M035,672697
2025-01-30,M036,881292
2025-01-30,M037,280405
2025-01-30,M038,564370
2025-01-30,M039,470322
2025-01-30,M040,878968
2025-01-30,M041,475598
2025-01-30,M042,944279
2025-01-30,M043,450528
2025-01-30,M044,818020
2025-01-30,M045,474092
2025-01-30,M046,772281
2025-01-30,M047,621438
2025-01-30,M048,1127329
2025-01-31,M001,180739
2025-01-31,M002,255184
2025-01-31,M003,321807
2025-01-31,M004,288292
2025-01-31,M005,403473
2025-01-31,M006,525107
2025-01-31,M007,442942
2025-01-31,M008,227675
2025-01-31,M009,306734
2025-01-31,M010,346056
2025-01-31,M011,497300
2025-01-31,M012,410992
2025-01-31,M013,367586
2025-01-31,M014,524033
2025-01-31,M015,371386
2025-01-31,M016,349827
2025-01-31,M017,418519
2025-01-31,M018,611685
2025-01-31,M019,452619
2025-01-31,M020,380202
2025-01-31,M021,491168
2025-01-31,M022,404524
2025-01-31,M023,537355
2025-01-31,M024,483397
2025-01-31,M025,434663
2025-01-31,M026,553743
2025-01-31,M027,633112
2025-01-31,M028,521857
2025-01-31,M029,423385
2025-01-31,M030,570878
2025-01-31,M031,530503
2025-01-31,M032,435461
2025-01-31,M033,518163
2025-01-31,M034,699623
2025-01-31,M035,907067
2025-01-31,M036,526444
2025-01-31,M037,406963
2025-01-31,M038,590733
2025-01-31,M039,629861
2025-01-31,M040,544344
2025-01-31,M041,760306
2025-01-31,M042,875231
2025-01-31,M043,599209
2025-01-31,M044,478246
2025-01-31,M045,564812
2025-01-31,M046,711501
2025-01-31,M047,900499
2025-01-31,M048,756908
2025-02-01,M001,211577
2025-02-01,M002,173466
2025-02-01,M003,261650
2025-02-01,M004,340650
2025-02-01,M005,460713
2025-02-01,M006,371193
2025-02-01,M007,399400
2025-02-01,M008,236004
2025-02-01,M009,394395
2025-02-01,M010,267140
2025-02-01,M011,383544
2025-02-01,M012,486343
2025-02-01,M013,464577
2025-02-01,M014,339138
2025-02-01,M015,288244
2025-02-01,M016,353846
2025-02-01,M017,536251
2025-02-01,M018,424161
2025-02-01,M019,365989
2025-02-01,M020,414239
2025-02-01,M021,568626
2025-02-01,M022,302060
2025-02-01,M023,455991
2025-02-01,M024,508450
2025-02-01,M025,495455
2025-02-01,M026,384049
2025-02-01,M027,528641
2025-02-01,M028,553113
2025-02-01,M029,514373
2025-02-01,M030,432825
2025-02-01,M031,394281
2025-02-01,M032,448075
2025-02-01,M033,713044
2025-02-01,M034,497632
2025-02-01,M035,708049
2025-02-01,M036,579835
2025-02-01,M037,509963
2025-02-01,M038,362090
2025-02-01,M039,587158
2025-02-01,M040,665538
2025-02-01,M041,890085
2025-02-01,M042,609279
2025-02-01,M043,445439
2025-02-01,M044,536673
2025-02-01,M045,780050
2025-02-01,M046,499851
2025-02-01,M047,700499
2025-02-01,M048,806045
2025-02-02,M001,111176
2025-02-02,M002,235116
2025-02-02,M003,233015
2025-02-02,M004,441991
2025-02-02,M005,257109
2025-02-02,M006,510623
2025-02-02,M007,306727
2025-02-02,M008,334287
2025-02-02,M009,214248
2025-02-02,M010,365307
2025-02-02,M011,332689
2025-02-02,M012,589134
2025-02-02,M013,261176
2025-02-02,M014,496696
2025-02-02,M015,250031
2025-02-02,M016,546036
2025-02-02,M017,315167
2025-02-02,M018,543455
2025-02-02,M019,325152
2025-02-02,M020,569308
2025-02-02,M021,363535
2025-02-02,M022,395770
2025-02-02,M023,388244
2025-02-02,M024,659637
2025-02-02,M025,269084
2025-02-02,M026,596606
2025-02-02,M027,463403
2025-02-02,M028,750150
2025-02-02,M029,285024
2025-02-02,M030,592289
2025-02-02,M031,353858
2025-02-02,M032,726038
2025-02-02,M033,397853
2025-02-02,M034,675366
2025-02-02,M035,625633
2025-02-02,M036,829781
2025-02-02,M037,303234
2025-02-02,M038,538957
2025-02-02,M039,439543
2025-02-02,M040,867000
2025-02-02,M041,476643
2025-02-02,M042,879492
2025-02-02,M043,374442
2025-02-02,M044,813606
2025-02-02,M045,418202
2025-02-02,M046,727099
2025-02-02,M047,550981
2025-02-02,M048,1057103
2025-02-03,M001,187236
2025-02-03,M002,257767
2025-02-03,M003,352821
2025-02-03,M004,327318
2025-02-03,M005,396740
2025-02-03,M006,501175
2025-02-03,M007,491485
2025-02-03,M008,243709
2025-02-03,M009,339390
2025-02-03,M010,379751
2025-02-03,M011,494496
2025-02-03,M012,403267
2025-02-03,M013,362765
2025-02-03,M014,550831
2025-02-03,M015,400896
2025-02-03,M016,342191
2025-02-03,M017,437485
2025-02-03,M018,627775
2025-02-03,M019,493368
2025-02-03,M020,419483
2025-02-03,M021,559589
2025-02-03,M022,441793
2025-02-03,M023,520575
2025-02-03,M024,493958
2025-02-03,M025,410582
2025-02-03,M026,580009
2025-02-03,M027,727814
2025-02-03,M028,543693
2025-02-03,M029,475427
2025-02-03,M030,561950
2025-02-03,M031,553173
2025-02-03,M032,428746
2025-02-03,M033,557132
2025-02-03,M034,760561
2025-02-03,M035,873459
2025-02-03,M036,566785
2025-02-03,M037,453543
2025-02-03,M038,551300
2025-02-03,M039,739488
2025-02-03,M040,616360
2025-02-03,M041,690555
2025-02-03,M042,874775
2025-02-03,M043,576531
2025-02-03,M044,503813
2025-02-03,M045,670321
2025-02-03,M046,725030
2025-02-03,M047,882370
2025-02-03,M048,773666
2025-02-04,M001,251527
2025-02-04,M002,237828
2025-02-04,M003,294422
2025-02-04,M004,300280
2025-02-04,M005,513228
2025-02-04,M006,480228
2025-02-04,M007,387605
2025-02-04,M008,212597
2025-02-04,M009,449851
2025-02-04,M010,370488
2025-02-04,M011,449351
2025-02-04,M012,380479
2025-02-04,M013,495332
2025-02-04,M014,458955
2025-02-04,M015,341162
2025-02-04,M016,297184
2025-02-04,M017,588885
2025-02-04,M018,509615
2025-02-04,M019,441343
2025-02-04,M020,388371
2025-02-04,M021,653945
2025-02-04,M022,421032
2025-02-04,M023,455329
2025-02-04,M024,445887
2025-02-04,M025,584822
2025-02-04,M026,543274
2025-02-04,M027,577330
2025-02-04,M028,502713
2025-02-04,M029,599526
2025-02-04,M030,516009
2025-02-04,M031,481547
2025-02-04,M032,390750
2025-02-04,M033,791165
2025-02-04,M034,679523
2025-02-04,M035,825257
2025-02-04,M036,457567
2025-02-04,M037,594054
2025-02-04,M038,536267
2025-02-04,M039,572000
2025-02-04,M040,509034
2025-02-04,M041,995234
2025-02-04,M042,907064
2025-02-04,M043,521330
2025-02-04,M044,460516
2025-02-04,M045,871782
2025-02-04,M046,651718
2025-02-04,M047,741798
2025-02-04,M048,670076
2025-02-05,M001,245301
2025-02-05,M002,200454
2025-02-05,M003,303044
2025-02-05,M004,346279
2025-02-05,M005,539122
2025-02-05,M006,427713
2025-02-05,M007,390896
2025-02-05,M008,266463
2025-02-05,M009,438187
2025-02-05,M010,313221
2025-02-05,M011,421473
2025-02-05,M012,480741
2025-02-05,M013,503415
2025-02-05,M014,372929
2025-02-05,M015,366099
2025-02-05,M016,438901
2025-02-05,M017,553467
2025-02-05,M018,430457
2025-02-05,M019,429118
2025-02-05,M020,483002
2025-02-05,M021,655361
2025-02-05,M022,323381
2025-02-05,M023,508106
2025-02-05,M024,607056
2025-02-05,M025,560477
2025-02-05,M026,455999
2025-02-05,M027,613156
2025-02-05,M028,632027
2025-02-05,M029,601092
2025-02-05,M030,467758
2025-02-05,M031,470748
2025-02-05,M032,544800
2025-02-05,M033,785410
2025-02-05,M034,574601
2025-02-05,M035,768320
2025-02-05,M036,600120
2025-02-05,M037,580049
2025-02-05,M038,414432
2025-02-05,M039,641701
2025-02-05,M040,746042
2025-02-05,M041,945155
2025-02-05,M042,725523
2025-02-05,M043,471258
2025-02-05,M044,566775
2025-02-05,M045,875885
2025-02-05,M046,566119
2025-02-05,M047,762365
2025-02-05,M048,858035
2025-02-06,M001,126264
2025-02-06,M002,287361
2025-02-06,M003,258332
2025-02-06,M004,504233
2025-02-06,M005,305397
2025-02-06,M006,561289
2025-02-06,M007,350218
2025-02-06,M008,382644
2025-02-06,M009,226487
2025-02-06,M010,399296
2025-02-06,M011,370551
2025-02-06,M012,695368
2025-02-06,M013,265377
2025-02-06,M014,589644
2025-02-06,M015,288497
2025-02-06,M016,546821
2025-02-06,M017,343970
2025-02-06,M018,643887
2025-02-06,M019,326247
2025-02-06,M020,647152
2025-02-06,M021,374210
2025-02-06,M022,509963
2025-02-06,M023,421219
2025-02-06,M024,812704
2025-02-06,M025,342191
2025-02-06,M026,606153
2025-02-06,M027,502971
2025-02-06,M028,825218
2025-02-06,M029,339036
2025-02-06,M030,647340
2025-02-06,M031,359374
2025-02-06,M032,785334
2025-02-06,M033,387070
2025-02-06,M034,779340
2025-02-06,M035,662274
2025-02-06,M036,845870
2025-02-06,M037,312578
2025-02-06,M038,577205
2025-02-06,M039,532023
2025-02-06,M040,983305
2025-02-06,M041,528968
2025-02-06,M042,1060423
2025-02-06,M043,445592
2025-02-06,M044,812408
2025-02-06,M045,456847
2025-02-06,M046,736564
2025-02-06,M047,680508
2025-02-06,M048,1226510
2025-02-07,M001,188481
2025-02-07,M002,256760
2025-02-07,M003,334715
2025-02-07,M004,331125
2025-02-07,M005,422068
2025-02-07,M006,574440
2025-02-07,M007,460085
2025-02-07,M008,226543
2025-02-07,M009,290418
2025-02-07,M010,369202
2025-02-07,M011,457580
2025-02-07,M012,463232
2025-02-07,M013,408687
2025-02-07,M014,531415
2025-02-07,M015,370328
2025-02-07,M016,337281
2025-02-07,M017,472455
2025-02-07,M018,585475
2025-02-07,M019,459694
2025-02-07,M020,401134
2025-02-07,M021,495814
2025-02-07,M022,427697
2025-02-07,M023,575645
2025-02-07,M024,479680
2025-02-07,M025,405553
2025-02-07,M026,535760
2025-02-07,M027,733763
2025-02-07,M028,528870
2025-02-07,M029,484982
2025-02-07,M030,622579
2025-02-07,M031,552541
2025-02-07,M032,459034
2025-02-07,M033,583556
2025-02-07,M034,777789
2025-02-07,M035,941656
2025-02-07,M036,578926
2025-02-07,M037,437048
2025-02-07,M038,598565
2025-02-07,M039,644723
2025-02-07,M040,648021
2025-02-07,M041,717923
2025-02-07,M042,898381
2025-02-07,M043,564721
2025-02-07,M044,481792
2025-02-07,M045,636093
2025-02-07,M046,713682
2025-02-07,M047,919159
2025-02-07,M048,735786
2025-02-08,M001,197945
2025-02-08,M002,207905
2025-02-08,M003,269199
2025-02-08,M004,242330
2025-02-08,M005,479036
2025-02-08,M006,437546
2025-02-08,M007,389158
2025-02-08,M008,186909
2025-02-08,M009,402122
2025-02-08,M010,330590
2025-02-08,M011,359571
2025-02-08,M012,335361
2025-02-08,M013,483564
2025-02-08,M014,443063
2025-02-08,M015,322252
2025-02-08,M016,267564
2025-02-08,M017,515499
2025-02-08,M018,481565
2025-02-08,M019,406669
2025-02-08,M020,343071
2025-02-08,M021,658893
2025-02-08,M022,377456
2025-02-08,M023,452679
2025-02-08,M024,398026
2025-02-08,M025,527304
2025-02-08,M026,479527
2025-02-08,M027,553862
2025-02-08,M028,442632
2025-02-08,M029,566753
2025-02-08,M030,501646
2025-02-08,M031,432309
2025-02-08,M032,386637
2025-02-08,M033,740080
2025-02-08,M034,611372
2025-02-08,M035,763332
2025-02-08,M036,474085
2025-02-08,M037,527145
2025-02-08,M038,467883
2025-02-08,M039,551152
2025-02-08,M040,460223
2025-02-08,M041,816435
2025-02-08,M042,734658
2025-02-08,M043,439585
2025-02-08,M044,436352
2025-02-08,M045,741003
2025-02-08,M046,604232
2025-02-08,M047,666951
2025-02-08,M048,575734
2025-02-09,M001,201377
2025-02-09,M002,163054
2025-02-09,M003,271847
2025-02-09,M004,314751
2025-02-09,M005,503750
2025-02-09,M006,388777
2025-02-09,M007,376926
2025-02-09,M008,238278
2025-02-09,M009,375792
2025-02-09,M010,250054
2025-02-09,M011,384989
2025-02-09,M012,484150
2025-02-09,M013,468391
2025-02-09,M014,339304
2025-02-09,M015,303293
2025-02-09,M016,359889
2025-02-09,M017,505122
2025-02-09,M018,434882
2025-02-09,M019,392570
2025-02-09,M020,406568
2025-02-09,M021,609288
2025-02-09,M022,305133
2025-02-09,M023,468917
2025-02-09,M024,546962
2025-02-09,M025,473110
2025-02-09,M026,366854
2025-02-09,M027,557098
2025-02-09,M028,565814
2025-02-09,M029,529666
2025-02-09,M030,390578
2025-02-09,M031,384296
2025-02-09,M032,505450
2025-02-09,M033,646011
2025-02-09,M034,508861
2025-02-09,M035,669368
2025-02-09,M036,592435
2025-02-09,M037,544073
2025-02-09,M038,374971
2025-02-09,M039,548577
2025-02-09,M040,622402
2025-02-09,M041,916403
2025-02-09,M042,623710
2025-02-09,M043,490322
2025-02-09,M044,512140
2025-02-09,M045,763822
2025-02-09,M046,471376
2025-02-09,M047,662225
2025-02-09,M048,785017
2025-02-10,M001,126204
2025-02-10,M002,294312
2025-02-10,M003,252897
2025-02-10,M004,477562
2025-02-10,M005,294786
2025-02-10,M006,546641
2025-02-10,M007,376440
2025-02-10,M008,401297
2025-02-10,M009,227531
2025-02-10,M010,398342
2025-02-10,M011,358073
2025-02-10,M012,698308
2025-02-10,M013,266815
2025-02-10,M014,567882
2025-02-10,M015,269619
2025-02-10,M016,572688
2025-02-10,M017,352517
2025-02-10,M018,625458
2025-02-10,M019,366091
2025-02-10,M020,658938
2025-02-10,M021,364193
2025-02-10,M022,510497
2025-02-10,M023,402573
2025-02-10,M024,742722
2025-02-10,M025,320368
2025-02-10,M026,581650
2025-02-10,M027,523588
2025-02-10,M028,841348
2025-02-10,M029,309554
2025-02-10,M030,674688
2025-02-10,M031,371929
2025-02-10,M032,778681
2025-02-10,M033,426317
2025-02-10,M034,860026
2025-02-10,M035,686957
2025-02-10,M036,882955
2025-02-10,M037,300590
2025-02-10,M038,578464
2025-02-10,M039,553332
2025-02-10,M040,937618
2025-02-10,M041,504186
2025-02-10,M042,1001602
2025-02-10,M043,413265
2025-02-10,M044,898743
2025-02-10,M045,448598
2025-02-10,M046,854113
2025-02-10,M047,619820
2025-02-10,M048,1234030
2025-02-11,M001,162362
2025-02-11,M002,241466
2025-02-11,M003,342777
2025-02-11,M004,287921
2025-02-11,M005,422361
2025-02-11,M006,556523
2025-02-11,M007,510607
2025-02-11,M008,240900
2025-02-11,M009,312990
2025-02-11,M010,368000
2025-02-11,M011,497397
2025-02-11,M012,437449
2025-02-11,M013,381058
2025-02-11,M014,555138
2025-02-11,M015,369344
2025-02-11,M016,361277
2025-02-11,M017,483333
2025-02-11,M018,616570
2025-02-11,M019,458335
2025-02-11,M020,452055
2025-02-11,M021,534105
2025-02-11,M022,443170
2025-02-11,M023,528666
2025-02-11,M024,460747
2025-02-11,M025,419686
2025-02-11,M026,590788
2025-02-11,M027,665391
2025-02-11,M028,549780
2025-02-11,M029,467461
2025-02-11,M030,581152
2025-02-11,M031,505724
2025-02-11,M032,497145
2025-02-11,M033,566290
2025-02-11,M034,804541
2025-02-11,M035,863736
2025-02-11,M036,513373
2025-02-11,M037,406250
2025-02-11,M038,541200
2025-02-11,M039,729686
2025-02-11,M040,640424
2025-02-11,M041,725471
2025-02-11,M042,975726
2025-02-11,M043,605667
2025-02-11,M044,496115
2025-02-11,M045,617589
2025-02-11,M046,675942
2025-02-11,M047,844044
2025-02-11,M048,811971
2025-02-12,M001,246685
2025-02-12,M002,233881
2025-02-12,M003,281905
2025-02-12,M004,281381
2025-02-12,M005,558207
2025-02-12,M006,449330
2025-02-12,M007,418349
2025-02-12,M008,223604
2025-02-12,M009,433828
2025-02-12,M010,368724
2025-02-12,M011,415094
2025-02-12,M012,388474
2025-02-12,M013,540768
2025-02-12,M014,440864
2025-02-12,M015,339655
2025-02-12,M016,295934
2025-02-12,M017,633686
2025-02-12,M018,574487
2025-02-12,M019,415990
2025-02-12,M020,373627
2025-02-12,M021,653165
2025-02-12,M022,368980
2025-02-12,M023,522402
2025-02-12,M024,421910
2025-02-12,M025,590121
2025-02-12,M026,477087
2025-02-12,M027,645001
2025-02-12,M028,478840
2025-02-12,M029,643017
2025-02-12,M030,509580
2025-02-12,M031,438593
2025-02-12,M032,417101
2025-02-12,M033,774432
2025-02-12,M034,652017
2025-02-12,M035,848933
2025-02-12,M036,522796
2025-02-12,M037,534039
2025-02-12,M038,494356
2025-02-12,M039,601315
2025-02-12,M040,505256
2025-02-12,M041,943803
2025-02-12,M042,830533
2025-02-12,M043,554158
2025-02-12,M044,484678
2025-02-12,M045,833072
2025-02-12,M046,636280
2025-02-12,M047,718041
2025-02-12,M048,702529
2025-02-13,M001,216030
2025-02-13,M002,193783
2025-02-13,M003,284095
2025-02-13,M004,341344
2025-02-13,M005,514639
2025-02-13,M006,437415
2025-02-13,M007,444641
2025-02-13,M008,282165
2025-02-13,M009,399345
2025-02-13,M010,294902
2025-02-13,M011,441182
2025-02-13,M012,494445
2025-02-13,M013,500901
2025-02-13,M014,382221
2025-02-13,M015,320048
2025-02-13,M016,415029
2025-02-13,M017,573720
2025-02-13,M018,422610
2025-02-13,M019,384058
2025-02-13,M020,511778
2025-02-13,M021,657835
2025-02-13,M022,326520
2025-02-13,M023,501965
2025-02-13,M024,529979
2025-02-13,M025,550188
2025-02-13,M026,450814
2025-02-13,M027,624209
2025-02-13,M028,618696
2025-02-13,M029,634872
2025-02-13,M030,430453
2025-02-13,M031,478025
2025-02-13,M032,581172
2025-02-13,M033,732802
2025-02-13,M034,560876
2025-02-13,M035,769603
2025-02-13,M036,602014
2025-02-13,M037,534298
2025-02-13,M038,437308
2025-02-13,M039,619445
2025-02-13,M040,671999
2025-02-13,M041,894899
2025-02-13,M042,671247
2025-02-13,M043,549416
2025-02-13,M044,600043
2025-02-13,M045,832704
2025-02-13,M046,545426
2025-02-13,M047,827506
2025-02-13,M048,838318
2025-02-14,M001,126218
2025-02-14,M002,296459
2025-02-14,M003,261144
2025-02-14,M004,486842
2025-02-14,M005,273992
2025-02-14,M006,542102
2025-02-14,M007,338045
2025-02-14,M008,381942
2025-02-14,M009,218472
2025-02-14,M010,407405
2025-02-14,M011,372893
2025-02-14,M012,760531
2025-02-14,M013,285796
2025-02-14,M014,574336
2025-02-14,M015,283848
2025-02-14,M016,564731
2025-02-14,M017,307773
2025-02-14,M018,679799
2025-02-14,M019,331373
2025-02-14,M020,699426
2025-02-14,M021,395239
2025-02-14,M022,462912
2025-02-14,M023,394944
2025-02-14,M024,778651
2025-02-14,M025,323057
2025-02-14,M026,622808
2025-02-14,M027,511817
2025-02-14,M028,883540
2025-02-14,M029,323178
2025-02-14,M030,695176
2025-02-14,M031,405667
2025-02-14,M032,810317
2025-02-14,M033,414940
2025-02-14,M034,758820
2025-02-14,M035,706917
2025-02-14,M036,924828
2025-02-14,M037,337377
2025-02-14,M038,598771
2025-02-14,M039,518916
2025-02-14,M040,1002210
2025-02-14,M041,576885
2025-02-14,M042,948736
2025-02-14,M043,435255
2025-02-14,M044,806497
2025-02-14,M045,477948
2025-02-14,M046,732792
2025-02-14,M047,671899
2025-02-14,M048,1179573
2025-02-15,M001,153761
2025-02-15,M002,227566
2025-02-15,M003,319847
2025-02-15,M004,290966
2025-02-15,M005,335859
2025-02-15,M006,463023
2025-02-15,M007,423219
2025-02-15,M008,203841
2025-02-15,M009,287925
2025-02-15,M010,333555
2025-02-15,M011,455797
2025-02-15,M012,374379
2025-02-15,M013,377602
2025-02-15,M014,433033
2025-02-15,M015,356403
2025-02-15,M016,326870
2025-02-15,M017,402985
2025-02-15,M018,498993
2025-02-15,M019,406493
2025-02-15,M020,383102
2025-02-15,M021,452971
2025-02-15,M022,420398
2025-02-15,M023,501658
2025-02-15,M024,448293
2025-02-15,M025,365361
2025-02-15,M026,553253
2025-02-15,M027,618682
2025-02-15,M028,525556
2025-02-15,M029,411098
2025-02-15,M030,532252
2025-02-15,M031,487920
2025-02-15,M032,401513
2025-02-15,M033,513271
2025-02-15,M034,659693
2025-02-15,M035,768548
2025-02-15,M036,491502
2025-02-15,M037,364131
2025-02-15,M038,527540
2025-02-15,M039,650687
2025-02-15,M040,567634
2025-02-15,M041,695942
2025-02-15,M042,851297
2025-02-15,M043,528564
2025-02-15,M044,470576
2025-02-15,M045,605881
2025-02-15,M046,672477
2025-02-15,M047,775972
2025-02-15,M048,697160
2025-02-16,M001,204237
2025-02-16,M002,214354
2025-02-16,M003,251770
2025-02-16,M004,260865
2025-02-16,M005,471821
2025-02-16,M006,407627
2025-02-16,M007,381464
2025-02-16,M008,182575
2025-02-16,M009,366208
2025-02-16,M010,289671
2025-02-16,M011,386193
2025-02-16,M012,330485
2025-02-16,M013,448210
2025-02-16,M014,402333
2025-02-16,M015,288858
2025-02-16,M016,273461
2025-02-16,M017,517274
2025-02-16,M018,461906
2025-02-16,M019,360760
2025-02-16,M020,364821
2025-02-16,M021,575984
2025-02-16,M022,352118
2025-02-16,M023,470324
2025-02-16,M024,414816
2025-02-16,M025,507497
2025-02-16,M026,457170
2025-02-16,M027,593731
2025-02-16,M028,473443
2025-02-16,M029,585276
2025-02-16,M030,468740
2025-02-16,M031,410579
2025-02-16,M032,386003
2025-02-16,M033,709899
2025-02-16,M034,583158
2025-02-16,M035,765822
2025-02-16,M036,419396
2025-02-16,M037,493451
2025-02-16,M038,440255
2025-02-16,M039,575736
2025-02-16,M040,452099
2025-02-16,M041,884296
2025-02-16,M042,805899
2025-02-16,M043,493599
2025-02-16,M044,428986
2025-02-16,M045,721262
2025-02-16,M046,606579
2025-02-16,M047,662689
2025-02-16,M048,586959
2025-02-17,M001,221622
2025-02-17,M002,195473
2025-02-17,M003,297265
2025-02-17,M004,335520
2025-02-17,M005,511293
2025-02-17,M006,432817
2025-02-17,M007,425239
2025-02-17,M008,298397
2025-02-17,M009,419864
2025-02-17,M010,270149
2025-02-17,M011,452730
2025-02-17,M012,497490
2025-02-17,M013,544446
2025-02-17,M014,368314
2025-02-17,M015,327387
2025-02-17,M016,428083
2025-02-17,M017,597817
2025-02-17,M018,469899
2025-02-17,M019,388528
2025-02-17,M020,473340
2025-02-17,M021,706037
2025-02-17,M022,311221
2025-02-17,M023,452514
2025-02-17,M024,606536
2025-02-17,M025,540984
2025-02-17,M026,427903
2025-02-17,M027,643176
2025-02-17,M028,680452
2025-02-17,M029,565142
2025-02-17,M030,469885
2025-02-17,M031,425236
2025-02-17,M032,554627
2025-02-17,M033,711913
2025-02-17,M034,555520
2025-02-17,M035,827566
2025-02-17,M036,615751
2025-02-17,M037,600152
2025-02-17,M038,397920
2025-02-17,M039,571023
2025-02-17,M040,669893
2025-02-17,M041,940821
2025-02-17,M042,716031
2025-02-17,M043,547274
2025-02-17,M044,627252
2025-02-17,M045,828334
2025-02-17,M046,537706
2025-02-17,M047,742359
2025-02-17,M048,896799
2025-02-18,M001,137828
2025-02-18,M002,295552
2025-02-18,M003,266462
2025-02-18,M004,497165
2025-02-18,M005,308524
2025-02-18,M006,539848
2025-02-18,M007,348187
2025-02-18,M008,410494
2025-02-18,M009,222334
2025-02-18,M010,442715
2025-02-18,M011,378441
2025-02-18,M012,656951
2025-02-18,M013,271261
2025-02-18,M014,538975
2025-02-18,M015,266739
2025-02-18,M016,551826
2025-02-18,M017,308440
2025-02-18,M018,645840
2025-02-18,M019,356387
2025-02-18,M020,704623
2025-02-18,M021,371809
2025-02-18,M022,460643
2025-02-18,M023,387592
2025-02-18,M024,806085
2025-02-18,M025,296658
2025-02-18,M026,644591
2025-02-18,M027,534291
2025-02-18,M028,957403
2025-02-18,M029,312735
2025-02-18,M030,635325
2025-02-18,M031,367676
2025-02-18,M032,818050
2025-02-18,M033,400959
2025-02-18,M034,835956
2025-02-18,M035,619902
2025-02-18,M036,913089
2025-02-18,M037,330076
2025-02-18,M038,590031
2025-02-18,M039,540754
2025-02-18,M040,938038
2025-02-18,M041,526435
2025-02-18,M042,1018168
2025-02-18,M043,434733
2025-02-18,M044,784003
2025-02-18,M045,465595
2025-02-18,M046,834093
2025-02-18,M047,646009
2025-02-18,M048,1195434
2025-02-19,M001,181578
2025-02-19,M002,250719
2025-02-19,M003,321448
2025-02-19,M004,311385
2025-02-19,M005,414588
2025-02-19,M006,552206
2025-02-19,M007,508104
2025-02-19,M008,228774
2025-02-19,M009,302609
2025-02-19,M010,357462
2025-02-19,M011,451873
2025-02-19,M012,426665
2025-02-19,M013,366938
2025-02-19,M014,562747
2025-02-19,M015,380769
2025-02-19,M016,358510
2025-02-19,M017,474483
2025-02-19,M018,578462
2025-02-19,M019,453015
2025-02-19,M020,443450
2025-02-19,M021,561115
2025-02-19,M022,409936
2025-02-19,M023,583312
2025-02-19,M024,516833
2025-02-19,M025,426600
2025-02-19,M026,575967
2025-02-19,M027,664432
2025-02-19,M028,507825
2025-02-19,M029,432631
2025-02-19,M030,609737
2025-02-19,M031,499082
2025-02-19,M032,456148
2025-02-19,M033,533373
2025-02-19,M034,716700
2025-02-19,M035,857853
2025-02-19,M036,569993
2025-02-19,M037,433747
2025-02-19,M038,544511
2025-02-19,M039,641733
2025-02-19,M040,608185
2025-02-19,M041,761373
2025-02-19,M042,984783
2025-02-19,M043,631212
2025-02-19,M044,495129
2025-02-19,M045,587603
2025-02-19,M046,723381
2025-02-19,M047,950772
2025-02-19,M048,750472
2025-02-20,M001,219299
2025-02-20,M002,215464
2025-02-20,M003,283986
2025-02-20,M004,301310
2025-02-20,M005,526665
2025-02-20,M006,489253
2025-02-20,M007,423562
2025-02-20,M008,207323
2025-02-20,M009,417614
2025-02-20,M010,319574
2025-02-20,M011,445768
2025-02-20,M012,419682
2025-02-20,M013,495837
2025-02-20,M014,500714
2025-02-20,M015,345538
2025-02-20,M016,330475
2025-02-20,M017,609724
2025-02-20,M018,506334
2025-02-20,M019,412240
2025-02-20,M020,397556
2025-02-20,M021,717586
2025-02-20,M022,394431
2025-02-20,M023,454709
2025-02-20,M024,418006
2025-02-20,M025,573884
2025-02-20,M026,506397
2025-02-20,M027,671538
2025-02-20,M028,520691
2025-02-20,M029,609885
2025-02-20,M030,510047
2025-02-20,M031,449116
2025-02-20,M032,411453
2025-02-20,M033,724273
2025-02-20,M034,653564
2025-02-20,M035,785466
2025-02-20,M036,453816
2025-02-20,M037,579294
2025-02-20,M038,487780
2025-02-20,M039,620196
2025-02-20,M040,570151
2025-02-20,M041,1051883
2025-02-20,M042,879833
2025-02-20,M043,510133
2025-02-20,M044,490503
2025-02-20,M045,820314
2025-02-20,M046,616933
2025-02-20,M047,784600
2025-02-20,M048,664557
2025-02-21,M001,247743
2025-02-21,M002,200242
2025-02-21,M003,297479
2025-02-21,M004,385228
2025-02-21,M005,535821
2025-02-21,M006,381333
2025-02-21,M007,416460
2025-02-21,M008,285555
2025-02-21,M009,409476
2025-02-21,M010,294869
2025-02-21,M011,436101
2025-02-21,M012,483026
2025-02-21,M013,531461
2025-02-21,M014,417799
2025-02-21,M015,345902
2025-02-21,M016,420041
2025-02-21,M017,601726
2025-02-21,M018,474233
2025-02-21,M019,422699
2025-02-21,M020,505762
2025-02-21,M021,667827
2025-02-21,M022,347845
2025-02-21,M023,444570
2025-02-21,M024,596489
2025-02-21,M025,522830
2025-02-21,M026,430071
2025-02-21,M027,608718
2025-02-21,M028,587253
2025-02-21,M029,605819
2025-02-21,M030,481522
2025-02-21,M031,430819
2025-02-21,M032,530554
2025-02-21,M033,720964
2025-02-21,M034,538541
2025-02-21,M035,746814
2025-02-21,M036,595021
2025-02-21,M037,545384
2025-02-21,M038,435101
2025-02-21,M039,653644
2025-02-21,M040,697811
2025-02-21,M041,1015570
2025-02-21,M042,697401
2025-02-21,M043,534485
2025-02-21,M044,581176
2025-02-21,M045,872011
2025-02-21,M046,555519
2025-02-21,M047,737600
2025-02-21,M048,858168
2025-02-22,M001,113358
2025-02-22,M002,238231
2025-02-22,M003,239605
2025-02-22,M004,473750
2025-02-22,M005,244453
2025-02-22,M006,544510
2025-02-22,M007,313688
2025-02-22,M008,371739
2025-02-22,M009,220467
2025-02-22,M010,362624
2025-02-22,M011,339942
2025-02-22,M012,682485
2025-02-22,M013,241829
2025-02-22,M014,529807
2025-02-22,M015,251476
2025-02-22,M016,502331
2025-02-22,M017,293478
2025-02-22,M018,559010
2025-02-22,M019,336819
2025-02-22,M020,618441
2025-02-22,M021,332471
2025-02-22,M022,459100
2025-02-22,M023,351056
2025-02-22,M024,733892
2025-02-22,M025,273784
2025-02-22,M026,567937
2025-02-22,M027,485354
2025-02-22,M028,775477
2025-02-22,M029,295246
2025-02-22,M030,546686
2025-02-22,M031,339132
2025-02-22,M032,638865
2025-02-22,M033,405657
2025-02-22,M034,752581
2025-02-22,M035,603651
2025-02-22,M036,849498
2025-02-22,M037,289723
2025-02-22,M038,542655
2025-02-22,M039,453491
2025-02-22,M040,930394
2025-02-22,M041,484444
2025-02-22,M042,894913
2025-02-22,M043,411490
2025-02-22,M044,704095
2025-02-22,M045,431920
2025-02-22,M046,767824
2025-02-22,M047,553061
2025-02-22,M048,1031303
2025-02-23,M001,168748
2025-02-23,M002,242355
2025-02-23,M003,312289
2025-02-23,M004,263114
2025-02-23,M005,355070
2025-02-23,M006,444410
2025-02-23,M007,403377
2025-02-23,M008,215124
2025-02-23,M009,271120
2025-02-23,M010,365397
2025-02-23,M011,420918
2025-02-23,M012,383728
2025-02-23,M013,324640
2025-02-23,M014,498103
2025-02-23,M015,366194
2025-02-23,M016,308999
2025-02-23,M017,418502
2025-02-23,M018,555861
2025-02-23,M019,397712
2025-02-23,M020,381287
2025-02-23,M021,464284
2025-02-23,M022,421540
2025-02-23,M023,535366
2025-02-23,M024,409237
2025-02-23,M025,378546
2025-02-23,M026,533686
2025-02-23,M027,648259
2025-02-23,M028,520693
2025-02-23,M029,387099
2025-02-23,M030,563299
2025-02-23,M031,485898
2025-02-23,M032,430946
2025-02-23,M033,481870
2025-02-23,M034,654931
2025-02-23,M035,880764
2025-02-23,M036,502632
2025-02-23,M037,398328
2025-02-23,M038,544827
2025-02-23,M039,611748
2025-02-23,M040,574537
2025-02-23,M041,704361
2025-02-23,M042,786070
2025-02-23,M043,540209
2025-02-23,M044,495082
2025-02-23,M045,556705
2025-02-23,M046,674554
2025-02-23,M047,791132
2025-02-23,M048,653589
2025-02-24,M001,222052
2025-02-24,M002,222446
2025-02-24,M003,310475
2025-02-24,M004,264883
2025-02-24,M005,498100
2025-02-24,M006,482833
2025-02-24,M007,436992
2025-02-24,M008,215140
2025-02-24,M009,394995
2025-02-24,M010,331837
2025-02-24,M011,447136
2025-02-24,M012,373770
2025-02-24,M013,486075
2025-02-24,M014,447690
2025-02-24,M015,327245
2025-02-24,M016,345870
2025-02-24,M017,598611
2025-02-24,M018,499701
2025-02-24,M019,442769
2025-02-24,M020,402678
2025-02-24,M021,650913
2025-02-24,M022,407154
2025-02-24,M023,460706
2025-02-24,M024,468668
2025-02-24,M025,603347
2025-02-24,M026,495251
2025-02-24,M027,592321
2025-02-24,M028,517759
2025-02-24,M029,607649
2025-02-24,M030,527677
2025-02-24,M031,437038
2025-02-24,M032,453609
2025-02-24,M033,823183
2025-02-24,M034,701453
2025-02-24,M035,838944
2025-02-24,M036,494727
2025-02-24,M037,601517
2025-02-24,M038,514511
2025-02-24,M039,596601
2025-02-24,M040,540267
2025-02-24,M041,1035931
2025-02-24,M042,901618
2025-02-24,M043,548100
2025-02-24,M044,482871
2025-02-24,M045,787985
2025-02-24,M046,687049
2025-02-24,M047,799640
2025-02-24,M048,709494
2025-02-25,M001,243802
2025-02-25,M002,200892
2025-02-25,M003,290136
2025-02-25,M004,337204
2025-02-25,M005,498643
2025-02-25,M006,387270
2025-02-25,M007,422242
2025-02-25,M008,274482
2025-02-25,M009,386606
2025-02-25,M010,302813
2025-02-25,M011,424480
2025-02-25,M012,469718
2025-02-25,M013,473410
2025-02-25,M014,388893
2025-02-25,M015,356908
2025-02-25,M016,405145
2025-02-25,M017,563491
2025-02-25,M018,473132
2025-02-25,M019,442313
2025-02-25,M020,522096
2025-02-25,M021,668031
2025-02-25,M022,356996
2025-02-25,M023,468941
2025-02-25,M024,581789
2025-02-25,M025,611178
2025-02-25,M026,404894
2025-02-25,M027,638204
2025-02-25,M028,679512
2025-02-25,M029,557318
2025-02-25,M030,484157
2025-02-25,M031,492157
2025-02-25,M032,531495
2025-02-25,M033,792517
2025-02-25,M034,563838
2025-02-25,M035,751948
2025-02-25,M036,579560
2025-02-25,M037,568729
2025-02-25,M038,425161
2025-02-25,M039,582098
2025-02-25,M040,731203
2025-02-25,M041,1028926
2025-02-25,M042,710953
2025-02-25,M043,485355
2025-02-25,M044,569521
2025-02-25,M045,815642
2025-02-25,M046,592976
2025-02-25,M047,730777
2025-02-25,M048,816249
2025-02-26,M001,127098
2025-02-26,M002,268682
2025-02-26,M003,254330
2025-02-26,M004,507589
2025-02-26,M005,279204
2025-02-26,M006,604017
2025-02-26,M007,367897
2025-02-26,M008,411550
2025-02-26,M009,219324
2025-02-26,M010,448313
2025-02-26,M011,335372
2025-02-26,M012,682501
2025-02-26,M013,293965
2025-02-26,M014,559002
2025-02-26,M015,301511
2025-02-26,M016,566807
2025-02-26,M017,321966
2025-02-26,M018,634155
2025-02-26,M019,328960
2025-02-26,M020,712676
2025-02-26,M021,388003
2025-02-26,M022,443726
2025-02-26,M023,435903
2025-02-26,M024,823994
2025-02-26,M025,322552
2025-02-26,M026,674952
2025-02-26,M027,491431
2025-02-26,M028,919569
2025-02-26,M029,315224
2025-02-26,M030,694022
2025-02-26,M031,413745
2025-02-26,M032,767177
2025-02-26,M033,440872
2025-02-26,M034,796499
2025-02-26,M035,657838
2025-02-26,M036,863591
2025-02-26,M037,291339
2025-02-26,M038,648510
2025-02-26,M039,493324
2025-02-26,M040,917899
2025-02-26,M041,494973
2025-02-26,M042,1006896
2025-02-26,M043,448276
2025-02-26,M044,770508
2025-02-26,M045,427097
2025-02-26,M046,745112
2025-02-26,M047,686803
2025-02-26,M048,1144497
2025-02-27,M001,170867
2025-02-27,M002,240238
2025-02-27,M003,347370
2025-02-27,M004,286197
2025-02-27,M005,427941
2025-02-27,M006,517213
2025-02-27,M007,505795
2025-02-27,M008,255195
2025-02-27,M009,332074
2025-02-27,M010,406852
2025-02-27,M011,455047
2025-02-27,M012,400505
2025-02-27,M013,399988
2025-02-27,M014,560562
2025-02-27,M015,414237
2025-02-27,M016,329578
2025-02-27,M017,453982
2025-02-27,M018,593629
2025-02-27,M019,466323
2025-02-27,M020,398527
2025-02-27,M021,543320
2025-02-27,M022,418014
2025-02-27,M023,583737
2025-02-27,M024,508591
2025-02-27,M025,464985
2025-02-27,M026,554162
2025-02-27,M027,747691
2025-02-27,M028,510464
2025-02-27,M029,436676
2025-02-27,M030,620864
2025-02-27,M031,570419
2025-02-27,M032,484637
2025-02-27,M033,605025
2025-02-27,M034,726005
2025-02-27,M035,913916
2025-02-27,M036,539489
2025-02-27,M037,455759
2025-02-27,M038,604670
2025-02-27,M039,741565
2025-02-27,M040,594778
2025-02-27,M041,725156
2025-02-27,M042,1001115
2025-02-27,M043,541111
2025-02-27,M044,538863
2025-02-27,M045,663773
2025-02-27,M046,745306
2025-02-27,M047,872763
2025-02-27,M048,788420
2025-02-28,M001,237456
2025-02-28,M002,212508
2025-02-28,M003,313075
2025-02-28,M004,257383
2025-02-28,M005,496656
2025-02-28,M006,461951
2025-02-28,M007,410295
2025-02-28,M008,199123
2025-02-28,M009,440791
2025-02-28,M010,323960
2025-02-28,M011,450937
2025-02-28,M012,390563
2025-02-28,M013,520492
2025-02-28,M014,474485
2025-02-28,M015,361926
2025-02-28,M016,319980
2025-02-28,M017,566675
2025-02-28,M018,525439
2025-02-28,M019,404559
2025-02-28,M020,360084
2025-02-28,M021,740089
2025-02-28,M022,369344
2025-02-28,M023,476060
2025-02-28,M024,456875
2025-02-28,M025,584620
2025-02-28,M026,506162
2025-02-28,M027,648098
2025-02-28,M028,455404
2025-02-28,M029,613403
2025-02-28,M030,515046
2025-02-28,M031,437298
2025-02-28,M032,438407
2025-02-28,M033,753841
2025-02-28,M034,665759
2025-02-28,M035,754192
2025-02-28,M036,529890
2025-02-28,M037,595669
2025-02-28,M038,527168
2025-02-28,M039,627156
2025-02-28,M040,515763
2025-02-28,M041,930053
2025-02-28,M042,808342
2025-02-28,M043,521602
2025-02-28,M044,482991
2025-02-28,M045,836995
2025-02-28,M046,642815
2025-02-28,M047,831859
2025-02-28,M048,664248
2025-03-01,M001,214283
2025-03-01,M002,165249
2025-03-01,M003,283347
2025-03-01,M004,342867
2025-03-01,M005,498728
2025-03-01,M006,393855
2025-03-01,M007,390302
2025-03-01,M008,250320
2025-03-01,M009,356148
2025-03-01,M010,281094
2025-03-01,M011,392573
2025-03-01,M012,488414
2025-03-01,M013,460144
2025-03-01,M014,370694
2025-03-01,M015,290412
2025-03-01,M016,355592
2025-03-01,M017,563733
2025-03-01,M018,400661
2025-03-01,M019,395833
2025-03-01,M020,455653
2025-03-01,M021,668268
2025-03-01,M022,330040
2025-03-01,M023,460609
2025-03-01,M024,561676
2025-03-01,M025,551200
2025-03-01,M026,396603
2025-03-01,M027,575570
2025-03-01,M028,548146
2025-03-01,M029,545670
2025-03-01,M030,434011
2025-03-01,M031,436285
2025-03-01,M032,467058
2025-03-01,M033,699263
2025-03-01,M034,563361
2025-03-01,M035,696755
2025-03-01,M036,572810
2025-03-01,M037,507992
2025-03-01,M038,409464
2025-03-01,M039,540057
2025-03-01,M040,671689
2025-03-01,M041,845462
2025-03-01,M042,701225
2025-03-01,M043,467727
2025-03-01,M044,515717
2025-03-01,M045,731488
2025-03-01,M046,545639
2025-03-01,M047,756702
2025-03-01,M048,808417
2025-03-02,M001,120654
2025-03-02,M002,268545
2025-03-02,M003,240354
2025-03-02,M004,475752
2025-03-02,M005,283378
2025-03-02,M006,540970
2025-03-02,M007,325467
2025-03-02,M008,367646
2025-03-02,M009,218442
2025-03-02,M010,390227
2025-03-02,M011,343503
2025-03-02,M012,648957
2025-03-02,M013,259182
2025-03-02,M014,486110
2025-03-02,M015,245713
2025-03-02,M016,510182
2025-03-02,M017,301382
2025-03-02,M018,614483
2025-03-02,M019,344771
2025-03-02,M020,631528
2025-03-02,M021,363515
2025-03-02,M022,448280
2025-03-02,M023,357583
2025-03-02,M024,743320
2025-03-02,M025,301588
2025-03-02,M026,590244
2025-03-02,M027,463296
2025-03-02,M028,826404
2025-03-02,M029,295850
2025-03-02,M030,625470
2025-03-02,M031,332372
2025-03-02,M032,749098
2025-03-02,M033,366705
2025-03-02,M034,794179
2025-03-02,M035,633944
2025-03-02,M036,877450
2025-03-02,M037,288356
2025-03-02,M038,574112
2025-03-02,M039,499609
2025-03-02,M040,860078
2025-03-02,M041,466096
2025-03-02,M042,915517
2025-03-02,M043,430890
2025-03-02,M044,795979
2025-03-02,M045,435085
2025-03-02,M046,733075
2025-03-02,M047,643427
2025-03-02,M048,1068772
2025-03-03,M001,167545
2025-03-03,M002,263091
2025-03-03,M003,332614
2025-03-03,M004,317244
2025-03-03,M005,398814
2025-03-03,M006,577516
2025-03-03,M007,473822
2025-03-03,M008,232358
2025-03-03,M009,329691
2025-03-03,M010,397736
2025-03-03,M011,529157
2025-03-03,M012,454765
2025-03-03,M013,377797
2025-03-03,M014,560449
2025-03-03,M015,414765
2025-03-03,M016,387134
2025-03-03,M017,487926
2025-03-03,M018,588434
2025-03-03,M019,521266
2025-03-03,M020,431588
2025-03-03,M021,496326
2025-03-03,M022,446557
2025-03-03,M023,534176
2025-03-03,M024,511320
2025-03-03,M025,473156
2025-03-03,M026,593991
2025-03-03,M027,774234
2025-03-03,M028,598646
2025-03-03,M029,481433
2025-03-03,M030,582368
2025-03-03,M031,566998
2025-03-03,M032,471332
2025-03-03,M033,556762
2025-03-03,M034,749337
2025-03-03,M035,923185
2025-03-03,M036,579044
2025-03-03,M037,475510
2025-03-03,M038,605329
2025-03-03,M039,703206
2025-03-03,M040,598798
2025-03-03,M041,789221
2025-03-03,M042,1004060
2025-03-03,M043,612362
2025-03-03,M044,485270
2025-03-03,M045,601274
2025-03-03,M046,741466
2025-03-03,M047,837147
2025-03-03,M048,721001
2025-03-04,M001,256467
2025-03-04,M002,238873
2025-03-04,M003,303643
2025-03-04,M004,294602
2025-03-04,M005,508932
2025-03-04,M006,525640
2025-03-04,M007,459327
2025-03-04,M008,224890
2025-03-04,M009,407630
2025-03-04,M010,342098
2025-03-04,M011,423037
2025-03-04,M012,387965
2025-03-04,M013,568369
2025-03-04,M014,492323
2025-03-04,M015,362102
2025-03-04,M016,349810
2025-03-04,M017,626677
2025-03-04,M018,556428
2025-03-04,M019,442992
2025-03-04,M020,389982
2025-03-04,M021,668822
2025-03-04,M022,427509
2025-03-04,M023,470447
2025-03-04,M024,444446
2025-03-04,M025,568551
2025-03-04,M026,559710
2025-03-04,M027,650029
2025-03-04,M028,520304
2025-03-04,M029,622480
2025-03-04,M030,564786
2025-03-04,M031,480021
2025-03-04,M032,453659
2025-03-04,M033,775797
2025-03-04,M034,737642
2025-03-04,M035,781735
2025-03-04,M036,494834
2025-03-04,M037,572282
2025-03-04,M038,551070
2025-03-04,M039,608087
2025-03-04,M040,576907
2025-03-04,M041,1004826
2025-03-04,M042,913782
2025-03-04,M043,541616
2025-03-04,M044,484787
2025-03-04,M045,841057
2025-03-04,M046,670054
2025-03-04,M047,789338
2025-03-04,M048,714580
2025-03-05,M001,229950
2025-03-05,M002,208623
2025-03-05,M003,316517
2025-03-05,M004,384121
2025-03-05,M005,551499
2025-03-05,M006,446968
2025-03-05,M007,420098
2025-03-05,M008,265020
2025-03-05,M009,407306
2025-03-05,M010,314214
2025-03-05,M011,411385
2025-03-05,M012,505806
2025-03-05,M013,510223
2025-03-05,M014,378453
2025-03-05,M015,350378
2025-03-05,M016,425049
2025-03-05,M017,598651
2025-03-05,M018,476473
2025-03-05,M019,411127
2025-03-05,M020,496744
2025-03-05,M021,683489
2025-03-05,M022,330259
2025-03-05,M023,458442
2025-03-05,M024,601072
2025-03-05,M025,545304
2025-03-05,M026,436916
2025-03-05,M027,668356
2025-03-05,M028,627257
2025-03-05,M029,593508
2025-03-05,M030,478891
2025-03-05,M031,463824
2025-03-05,M032,593161
2025-03-05,M033,738891
2025-03-05,M034,600635
2025-03-05,M035,871744
2025-03-05,M036,657726
2025-03-05,M037,551781
2025-03-05,M038,438663
2025-03-05,M039,585809
2025-03-05,M040,699159
2025-03-05,M041,920620
2025-03-05,M042,689453
2025-03-05,M043,496198
2025-03-05,M044,628006
2025-03-05,M045,824492
2025-03-05,M046,534108
2025-03-05,M047,738719
2025-03-05,M048,837600
2025-03-06,M001,141684
2025-03-06,M002,268801
2025-03-06,M003,246683
2025-03-06,M004,518055
2025-03-06,M005,302310
2025-03-06,M006,612368
2025-03-06,M007,341592
2025-03-06,M008,404424
2025-03-06,M009,239368
2025-03-06,M010,446241
2025-03-06,M011,352251
2025-03-06,M012,675448
2025-03-06,M013,299668
2025-03-06,M014,618351
2025-03-06,M015,313112
2025-03-06,M016,583258
2025-03-06,M017,326874
2025-03-06,M018,696640
2025-03-06,M019,356733
2025-03-06,M020,649484
2025-03-06,M021,366534
2025-03-06,M022,526214
2025-03-06,M023,436081
2025-03-06,M024,806459
2025-03-06,M025,315613
2025-03-06,M026,666406
2025-03-06,M027,525484
2025-03-06,M028,852149
2025-03-06,M029,355569
2025-03-06,M030,652969
2025-03-06,M031,428245
2025-03-06,M032,730754
2025-03-06,M033,414331
2025-03-06,M034,850385
2025-03-06,M035,691808
2025-03-06,M036,857198
2025-03-06,M037,306198
2025-03-06,M038,650985
2025-03-06,M039,512138
2025-03-06,M040,1017094
2025-03-06,M041,550532
2025-03-06,M042,1093972
2025-03-06,M043,459865
2025-03-06,M044,884853
2025-03-06,M045,448759
2025-03-06,M046,831746
2025-03-06,M047,615518
2025-03-06,M048,1292560
2025-03-07,M001,175261
2025-03-07,M002,251485
2025-03-07,M003,340292
2025-03-07,M004,342103
2025-03-07,M005,376216
2025-03-07,M006,526521
2025-03-07,M007,523904
2025-03-07,M008,244610
2025-03-07,M009,318873
2025-03-07,M010,374649
2025-03-07,M011,474372
2025-03-07,M012,471260
2025-03-07,M013,400297
2025-03-07,M014,532065
2025-03-07,M015,395580
2025-03-07,M016,353614
2025-03-07,M017,442085
2025-03-07,M018,615907
2025-03-07,M019,502047
2025-03-07,M020,426589
2025-03-07,M021,557865
2025-03-07,M022,443011
2025-03-07,M023,555947
2025-03-07,M024,468500
2025-03-07,M025,464870
2025-03-07,M026,628441
2025-03-07,M027,755179
2025-03-07,M028,520032
2025-03-07,M029,487362
2025-03-07,M030,633058
2025-03-07,M031,553937
2025-03-07,M032,454674
2025-03-07,M033,632025
2025-03-07,M034,796335
2025-03-07,M035,861687
2025-03-07,M036,561768
2025-03-07,M037,464441
2025-03-07,M038,596254
2025-03-07,M039,761475
2025-03-07,M040,657179
2025-03-07,M041,731399
2025-03-07,M042,928225
2025-03-07,M043,640174
2025-03-07,M044,535361
2025-03-07,M045,677538
2025-03-07,M046,716344
2025-03-07,M047,900620
2025-03-07,M048,814437
2025-03-08,M001,202871
2025-03-08,M002,210720
2025-03-08,M003,285403
2025-03-08,M004,256213
2025-03-08,M005,454041
2025-03-08,M006,450485
2025-03-08,M007,359003
2025-03-08,M008,202920
2025-03-08,M009,394251
2025-03-08,M010,320207
2025-03-08,M011,380157
2025-03-08,M012,352012
2025-03-08,M013,474385
2025-03-08,M014,455330
2025-03-08,M015,293693
2025-03-08,M016,290265
2025-03-08,M017,571805
2025-03-08,M018,498325
2025-03-08,M019,379252
2025-03-08,M020,364479
2025-03-08,M021,638538
2025-03-08,M022,377130
2025-03-08,M023,444069
2025-03-08,M024,379083
2025-03-08,M025,525673
2025-03-08,M026,471942
2025-03-08,M027,591577
2025-03-08,M028,440262
2025-03-08,M029,530258
2025-03-08,M030,506414
2025-03-08,M031,459643
2025-03-08,M032,407751
2025-03-08,M033,727910
2025-03-08,M034,651522
2025-03-08,M035,792533
2025-03-08,M036,469726
2025-03-08,M037,534718
2025-03-08,M038,448691
2025-03-08,M039,593734
2025-03-08,M040,493093
2025-03-08,M041,911298
2025-03-08,M042,771327
2025-03-08,M043,453377
2025-03-08,M044,411465
2025-03-08,M045,738366
2025-03-08,M046,580160
2025-03-08,M047,760332
2025-03-08,M048,660470
2025-03-09,M001,198892
2025-03-09,M002,178754
2025-03-09,M003,272452
2025-03-09,M004,357109
2025-03-09,M005,476701
2025-03-09,M006,386678
2025-03-09,M007,368706
2025-03-09,M008,244635
2025-03-09,M009,398328
2025-03-09,M010,271220
2025-03-09,M011,412259
2025-03-09,M012,441881
2025-03-09,M013,448744
2025-03-09,M014,393055
2025-03-09,M015,323898
2025-03-09,M016,389466
2025-03-09,M017,562345
2025-03-09,M018,438369
2025-03-09,M019,383349
2025-03-09,M020,478705
2025-03-09,M021,663834
2025-03-09,M022,331548
2025-03-09,M023,423469
2025-03-09,M024,501553
2025-03-09,M025,540627
2025-03-09,M026,429213
2025-03-09,M027,575628
2025-03-09,M028,582758
2025-03-09,M029,558793
2025-03-09,M030,449865
2025-03-09,M031,436282
2025-03-09,M032,501178
2025-03-09,M033,681445
2025-03-09,M034,506701
2025-03-09,M035,716940
2025-03-09,M036,598739
2025-03-09,M037,497776
2025-03-09,M038,405984
2025-03-09,M039,531813
2025-03-09,M040,654451
2025-03-09,M041,837333
2025-03-09,M042,701573
2025-03-09,M043,452435
2025-03-09,M044,547042
2025-03-09,M045,717947
2025-03-09,M046,521746
2025-03-09,M047,745362
2025-03-09,M048,825146
2025-03-10,M001,139821
2025-03-10,M002,282966
2025-03-10,M003,260261
2025-03-10,M004,503172
2025-03-10,M005,305168
2025-03-10,M006,567454
2025-03-10,M007,334922
2025-03-10,M008,396725
2025-03-10,M009,239059
2025-03-10,M010,420623
2025-03-10,M011,391542
2025-03-10,M012,714894
2025-03-10,M013,283848
2025-03-10,M014,581404
2025-03-10,M015,296648
2025-03-10,M016,552057
2025-03-10,M017,323869
2025-03-10,M018,653412
2025-03-10,M019,368293
2025-03-10,M020,663430
2025-03-10,M021,414444
2025-03-10,M022,524848
2025-03-10,M023,413870
2025-03-10,M024,811033
2025-03-10,M025,333251
2025-03-10,M026,649817
2025-03-10,M027,494753
2025-03-10,M028,911391
2025-03-10,M029,358844
2025-03-10,M030,616930
2025-03-10,M031,402934
2025-03-10,M032,761639
2025-03-10,M033,459172
2025-03-10,M034,891942
2025-03-10,M035,662703
2025-03-10,M036,924858
2025-03-10,M037,323941
2025-03-10,M038,644374
2025-03-10,M039,538972
2025-03-10,M040,958581
2025-03-10,M041,525813
2025-03-10,M042,1033591
2025-03-10,M043,435027
2025-03-10,M044,853960
2025-03-10,M045,486940
2025-03-10,M046,842773
2025-03-10,M047,667396
2025-03-10,M048,1173997
2025-03-11,M001,166227
2025-03-11,M002,253159
2025-03-11,M003,345613
2025-03-11,M004,316894
2025-03-11,M005,399386
2025-03-11,M006,570158
2025-03-11,M007,479047
2025-03-11,M008,254350
2025-03-11,M009,321009
2025-03-11,M010,410824
2025-03-11,M011,502817
2025-03-11,M012,424637
2025-03-11,M013,385418
2025-03-11,M014,504416
2025-03-11,M015,372076
2025-03-11,M016,357691
2025-03-11,M017,469502
2025-03-11,M018,615050
2025-03-11,M019,524819
2025-03-11,M020,446065
2025-03-11,M021,509581
2025-03-11,M022,475483
2025-03-11,M023,557584
2025-03-11,M024,517264
2025-03-11,M025,445245
2025-03-11,M026,616634
2025-03-11,M027,757169
2025-03-11,M028,550515
2025-03-11,M029,481870
2025-03-11,M030,600878
2025-03-11,M031,566302
2025-03-11,M032,447161
2025-03-11,M033,603997
2025-03-11,M034,801426
2025-03-11,M035,899175
2025-03-11,M036,560504
2025-03-11,M037,417326
2025-03-11,M038,620759
2025-03-11,M039,657215
2025-03-11,M040,639018
2025-03-11,M041,786806
2025-03-11,M042,979886
2025-03-11,M043,602652
2025-03-11,M044,492467
2025-03-11,M045,607496
2025-03-11,M046,791770
2025-03-11,M047,861595
2025-03-11,M048,809887
2025-03-12,M001,236777
2025-03-12,M002,227097
2025-03-12,M003,314513
2025-03-12,M004,309243
2025-03-12,M005,550800
2025-03-12,M006,459028
2025-03-12,M007,426882
2025-03-12,M008,217612
2025-03-12,M009,404214
2025-03-12,M010,355220
2025-03-12,M011,421150
2025-03-12,M012,401773
2025-03-12,M013,497533
2025-03-12,M014,486470
2025-03-12,M015,342994
2025-03-12,M016,351662
2025-03-12,M017,622479
2025-03-12,M018,567869
2025-03-12,M019,461467
2025-03-12,M020,387871
2025-03-12,M021,674827
2025-03-12,M022,410996
2025-03-12,M023,492420
2025-03-12,M024,440465
2025-03-12,M025,622289
2025-03-12,M026,569506
2025-03-12,M027,631401
2025-03-12,M028,490977
2025-03-12,M029,605427
2025-03-12,M030,541754
2025-03-12,M031,506780
2025-03-12,M032,430710
2025-03-12,M033,842707
2025-03-12,M034,678769
2025-03-12,M035,762496
2025-03-12,M036,517807
2025-03-12,M037,620732
2025-03-12,M038,547583
2025-03-12,M039,628924
2025-03-12,M040,568461
2025-03-12,M041,1075352
2025-03-12,M042,867221
2025-03-12,M043,515068
2025-03-12,M044,466742
2025-03-12,M045,802305
2025-03-12,M046,629882
2025-03-12,M047,860984
2025-03-12,M048,650608
2025-03-13,M001,222303
2025-03-13,M002,210066
2025-03-13,M003,294675
2025-03-13,M004,363659
2025-03-13,M005,492030
2025-03-13,M006,436222
2025-03-13,M007,424368
2025-03-13,M008,285039
2025-03-13,M009,442000
2025-03-13,M010,309951
2025-03-13,M011,415384
2025-03-13,M012,525519
2025-03-13,M013,506620
2025-03-13,M014,383757
2025-03-13,M015,372253
2025-03-13,M016,404216
2025-03-13,M017,613703
2025-03-13,M018,498170
2025-03-13,M019,399718
2025-03-13,M020,478948
2025-03-13,M021,706709
2025-03-13,M022,322648
2025-03-13,M023,511849
2025-03-13,M024,547525
2025-03-13,M025,583443
2025-03-13,M026,483243
2025-03-13,M027,621219
2025-03-13,M028,630582
2025-03-13,M029,571963
2025-03-13,M030,465177
2025-03-13,M031,449808
2025-03-13,M032,558653
2025-03-13,M033,768293
2025-03-13,M034,631932
2025-03-13,M035,840322
2025-03-13,M036,685400
2025-03-13,M037,563169
2025-03-13,M038,418395
2025-03-13,M039,668877
2025-03-13,M040,741689
2025-03-13,M041,1052499
2025-03-13,M042,684237
2025-03-13,M043,543874
2025-03-13,M044,574522
2025-03-13,M045,884049
2025-03-13,M046,588317
2025-03-13,M047,780160
2025-03-13,M048,873769
2025-03-14,M001,137655
2025-03-14,M002,283654
2025-03-14,M003,272711
2025-03-14,M004,540692
2025-03-14,M005,284844
2025-03-14,M006,597361
2025-03-14,M007,366974
2025-03-14,M008,372658
2025-03-14,M009,223541
2025-03-14,M010,458617
2025-03-14,M011,346650
2025-03-14,M012,734945
2025-03-14,M013,288164
2025-03-14,M014,581531
2025-03-14,M015,272251
2025-03-14,M016,565010
2025-03-14,M017,357706
2025-03-14,M018,668216
2025-03-14,M019,331059
2025-03-14,M020,667023
2025-03-14,M021,381715
2025-03-14,M022,499188
2025-03-14,M023,397045
2025-03-14,M024,850724
2025-03-14,M025,350734
2025-03-14,M026,591429
2025-03-14,M027,547137
2025-03-14,M028,914270
2025-03-14,M029,362113
2025-03-14,M030,633250
2025-03-14,M031,393714
2025-03-14,M032,790508
2025-03-14,M033,431470
2025-03-14,M034,798244
2025-03-14,M035,687040
2025-03-14,M036,919786
2025-03-14,M037,298221
2025-03-14,M038,640681
2025-03-14,M039,535643
2025-03-14,M040,1081262
2025-03-14,M041,543710
2025-03-14,M042,970112
2025-03-14,M043,456885
2025-03-14,M044,831130
2025-03-14,M045,477820
2025-03-14,M046,781737
2025-03-14,M047,626739
2025-03-14,M048,1290353
2025-03-15,M001,175439
2025-03-15,M002,247182
2025-03-15,M003,323532
2025-03-15,M004,305091
2025-03-15,M005,380952
2025-03-15,M006,462188
2025-03-15,M007,461101
2025-03-15,M008,238492
2025-03-15,M009,298623
2025-03-15,M010,346627
2025-03-15,M011,469457
2025-03-15,M012,393636
2025-03-15,M013,343520
2025-03-15,M014,513842
2025-03-15,M015,370860
2025-03-15,M016,335769
2025-03-15,M017,431194
2025-03-15,M018,531564
2025-03-15,M019,403944
2025-03-15,M020,358744
2025-03-15,M021,498987
2025-03-15,M022,430240
2025-03-15,M023,522687
2025-03-15,M024,434075
2025-03-15,M025,402496
2025-03-15,M026,512952
2025-03-15,M027,701824
2025-03-15,M028,536486
2025-03-15,M029,436088
2025-03-15,M030,565793
2025-03-15,M031,476607
2025-03-15,M032,461332
2025-03-15,M033,547738
2025-03-15,M034,732518
2025-03-15,M035,872777
2025-03-15,M036,481595
2025-03-15,M037,409467
2025-03-15,M038,493120
2025-03-15,M039,676645
2025-03-15,M040,513733
2025-03-15,M041,628441
2025-03-15,M042,922060
2025-03-15,M043,508294
2025-03-15,M044,485048
2025-03-15,M045,563492
2025-03-15,M046,704992
2025-03-15,M047,809350
2025-03-15,M048,655762
2025-03-16,M001,216578
2025-03-16,M002,205116
2025-03-16,M003,291225
2025-03-16,M004,252470
2025-03-16,M005,478648
2025-03-16,M006,437240
2025-03-16,M007,417637
2025-03-16,M008,184817
2025-03-16,M009,411326
2025-03-16,M010,336300
2025-03-16,M011,396180
2025-03-16,M012,352748
2025-03-16,M013,445663
2025-03-16,M014,397020
2025-03-16,M015,320378
2025-03-16,M016,296706
2025-03-16,M017,553047
2025-03-16,M018,520538
2025-03-16,M019,379047
2025-03-16,M020,375804
2025-03-16,M021,681465
2025-03-16,M022,353785
2025-03-16,M023,435641
2025-03-16,M024,383013
2025-03-16,M025,500910
2025-03-16,M026,484746
2025-03-16,M027,569052
2025-03-16,M028,491420
2025-03-16,M029,522294
2025-03-16,M030,507087
2025-03-16,M031,425332
2025-03-16,M032,410459
2025-03-16,M033,719718
2025-03-16,M034,604790
2025-03-16,M035,748406
2025-03-16,M036,447219
2025-03-16,M037,539948
2025-03-16,M038,433983
2025-03-16,M039,580492
2025-03-16,M040,474638
2025-03-16,M041,943167
2025-03-16,M042,770305
2025-03-16,M043,506300
2025-03-16,M044,402325
2025-03-16,M045,739024
2025-03-16,M046,614684
2025-03-16,M047,701184
2025-03-16,M048,647080
2025-03-17,M001,220046
2025-03-17,M002,188994
2025-03-17,M003,278278
2025-03-17,M004,367590
2025-03-17,M005,494100
2025-03-17,M006,386394
2025-03-17,M007,393288
2025-03-17,M008,260958
2025-03-17,M009,396567
2025-03-17,M010,294699
2025-03-17,M011,454638
2025-03-17,M012,497283
2025-03-17,M013,551091
2025-03-17,M014,394259
2025-03-17,M015,341091
2025-03-17,M016,431087
2025-03-17,M017,591261
2025-03-17,M018,465551
2025-03-17,M019,453734
2025-03-17,M020,487362
2025-03-17,M021,653092
2025-03-17,M022,366828
2025-03-17,M023,459206
2025-03-17,M024,558617
2025-03-17,M025,590449
2025-03-17,M026,481720
2025-03-17,M027,641665
2025-03-17,M028,643902
2025-03-17,M029,601378
2025-03-17,M030,453920
2025-03-17,M031,510554
2025-03-17,M032,507809
2025-03-17,M033,792244
2025-03-17,M034,550303
2025-03-17,M035,861429
2025-03-17,M036,607216
2025-03-17,M037,571040
2025-03-17,M038,466641
2025-03-17,M039,588788
2025-03-17,M040,663063
2025-03-17,M041,938307
2025-03-17,M042,745535
2025-03-17,M043,546215
2025-03-17,M044,623724
2025-03-17,M045,799411
2025-03-17,M046,569175
2025-03-17,M047,811496
2025-03-17,M048,906768
2025-03-18,M001,127525
2025-03-18,M002,272814
2025-03-18,M003,262154
2025-03-18,M004,511741
2025-03-18,M005,297431
2025-03-18,M006,595735
2025-03-18,M007,335453
2025-03-18,M008,407122
2025-03-18,M009,239646
2025-03-18,M010,405916
2025-03-18,M011,393801
2025-03-18,M012,776728
2025-03-18,M013,277609
2025-03-18,M014,574269
2025-03-18,M015,274414
2025-03-18,M016,603212
2025-03-18,M017,325291
2025-03-18,M018,648994
2025-03-18,M019,342027
2025-03-18,M020,662017
2025-03-18,M021,394521
2025-03-18,M022,490985
2025-03-18,M023,448910
2025-03-18,M024,800055
2025-03-18,M025,333161
2025-03-18,M026,648128
2025-03-18,M027,511356
2025-03-18,M028,856446
2025-03-18,M029,319991
2025-03-18,M030,675487
2025-03-18,M031,373308
2025-03-18,M032,752307
2025-03-18,M033,437052
2025-03-18,M034,781631
2025-03-18,M035,718738
2025-03-18,M036,858432
2025-03-18,M037,327293
2025-03-18,M038,656883
2025-03-18,M039,538261
2025-03-18,M040,931846
2025-03-18,M041,569250
2025-03-18,M042,982861
2025-03-18,M043,442732
2025-03-18,M044,821825
2025-03-18,M045,471785
2025-03-18,M046,786317
2025-03-18,M047,639024
2025-03-18,M048,1174961
2025-03-19,M001,190866
2025-03-19,M002,261114
2025-03-19,M003,327871
2025-03-19,M004,300838
2025-03-19,M005,403077
2025-03-19,M006,564296
2025-03-19,M007,517157
2025-03-19,M008,229022
2025-03-19,M009,347422
2025-03-19,M010,415618
2025-03-19,M011,525911
2025-03-19,M012,416104
2025-03-19,M013,427663
2025-03-19,M014,497467
2025-03-19,M015,428023
2025-03-19,M016,378316
2025-03-19,M017,493184
2025-03-19,M018,650446
2025-03-19,M019,457018
2025-03-19,M020,422558
2025-03-19,M021,557592
2025-03-19,M022,445989
2025-03-19,M023,610511
2025-03-19,M024,465654
2025-03-19,M025,438982
2025-03-19,M026,617262
2025-03-19,M027,762399
2025-03-19,M028,519015
2025-03-19,M029,428348
2025-03-19,M030,598867
2025-03-19,M031,500867
2025-03-19,M032,500796
2025-03-19,M033,612815
2025-03-19,M034,831012
2025-03-19,M035,996310
2025-03-19,M036,513156
2025-03-19,M037,460381
2025-03-19,M038,613847
2025-03-19,M039,713876
2025-03-19,M040,571036
2025-03-19,M041,748394
2025-03-19,M042,975624
2025-03-19,M043,572291
2025-03-19,M044,564959
2025-03-19,M045,692940
2025-03-19,M046,725236
2025-03-19,M047,933560
2025-03-19,M048,829927
2025-03-20,M001,229827
2025-03-20,M002,246320
2025-03-20,M003,319649
2025-03-20,M004,280031
2025-03-20,M005,534863
2025-03-20,M006,503243
2025-03-20,M007,456732
2025-03-20,M008,220896
2025-03-20,M009,426078
2025-03-20,M010,376938
2025-03-20,M011,423001
2025-03-20,M012,414398
2025-03-20,M013,564410
2025-03-20,M014,474448
2025-03-20,M015,350555
2025-03-20,M016,309574
2025-03-20,M017,587696
2025-03-20,M018,573244
2025-03-20,M019,417780
2025-03-20,M020,386705
2025-03-20,M021,676770
2025-03-20,M022,430595
2025-03-20,M023,524117
2025-03-20,M024,465156
2025-03-20,M025,594043
2025-03-20,M026,538894
2025-03-20,M027,679182
2025-03-20,M028,521871
2025-03-20,M029,605185
2025-03-20,M030,556868
2025-03-20,M031,452708
2025-03-20,M032,407851
2025-03-20,M033,750973
2025-03-20,M034,659534
2025-03-20,M035,811240
2025-03-20,M036,481502
2025-03-20,M037,551939
2025-03-20,M038,487844
2025-03-20,M039,617324
2025-03-20,M040,588825
2025-03-20,M041,942489
2025-03-20,M042,808839
2025-03-20,M043,488445
2025-03-20,M044,512716
2025-03-20,M045,797099
2025-03-20,M046,625115
2025-03-20,M047,787347
2025-03-20,M048,752201
2025-03-21,M001,238959
2025-03-21,M002,211701
2025-03-21,M003,277458
2025-03-21,M004,346844
2025-03-21,M005,542974
2025-03-21,M006,385160
2025-03-21,M007,410324
2025-03-21,M008,304236
2025-03-21,M009,411732
2025-03-21,M010,289098
2025-03-21,M011,468709
2025-03-21,M012,524398
2025-03-21,M013,561045
2025-03-21,M014,418335
2025-03-21,M015,334143
2025-03-21,M016,410239
2025-03-21,M017,600402
2025-03-21,M018,477110
2025-03-21,M019,405088
2025-03-21,M020,486639
2025-03-21,M021,751822
2025-03-21,M022,353642
2025-03-21,M023,455892
2025-03-21,M024,618818
2025-03-21,M025,566708
2025-03-21,M026,484679
2025-03-21,M027,636333
2025-03-21,M028,614045
2025-03-21,M029,628662
2025-03-21,M030,457144
2025-03-21,M031,509227
2025-03-21,M032,531860
2025-03-21,M033,792604
2025-03-21,M034,608658
2025-03-21,M035,749291
2025-03-21,M036,690662
2025-03-21,M037,613615
2025-03-21,M038,461344
2025-03-21,M039,625295
2025-03-21,M040,740141
2025-03-21,M041,1007262
2025-03-21,M042,694361
2025-03-21,M043,557664
2025-03-21,M044,617005
2025-03-21,M045,794468
2025-03-21,M046,561818
2025-03-21,M047,841428
2025-03-21,M048,899541
2025-03-22,M001,124822
2025-03-22,M002,255940
2025-03-22,M003,217066
2025-03-22,M004,493965
2025-03-22,M005,248785
2025-03-22,M006,554737
2025-03-22,M007,331537
2025-03-22,M008,342569
2025-03-22,M009,220647
2025-03-22,M010,397276
2025-03-22,M011,322263
2025-03-22,M012,608153
2025-03-22,M013,277413
2025-03-22,M014,500137
2025-03-22,M015,271080
2025-03-22,M016,568435
2025-03-22,M017,307101
2025-03-22,M018,569966
2025-03-22,M019,328877
2025-03-22,M020,611803
2025-03-22,M021,349869
2025-03-22,M022,422920
2025-03-22,M023,402894
2025-03-22,M024,764828
2025-03-22,M025,272991
2025-03-22,M026,577390
2025-03-22,M027,470763
2025-03-22,M028,797620
2025-03-22,M029,302275
2025-03-22,M030,552181
2025-03-22,M031,346123
2025-03-22,M032,701292
2025-03-22,M033,379710
2025-03-22,M034,805794
2025-03-22,M035,597874
2025-03-22,M036,809765
2025-03-22,M037,270109
2025-03-22,M038,530075
2025-03-22,M039,448178
2025-03-22,M040,877089
2025-03-22,M041,469314
2025-03-22,M042,988149
2025-03-22,M043,421152
2025-03-22,M044,791990
2025-03-22,M045,420817
2025-03-22,M046,756636
2025-03-22,M047,622055
2025-03-22,M048,1060438
2025-03-23,M001,168733
2025-03-23,M002,221192
2025-03-23,M003,313637
2025-03-23,M004,272012
2025-03-23,M005,376137
2025-03-23,M006,455156
2025-03-23,M007,446337
2025-03-23,M008,235437
2025-03-23,M009,276636
2025-03-23,M010,335650
2025-03-23,M011,439871
2025-03-23,M012,424995
2025-03-23,M013,385072
2025-03-23,M014,467344
2025-03-23,M015,369978
2025-03-23,M016,335550
2025-03-23,M017,393504
2025-03-23,M018,541032
2025-03-23,M019,420524
2025-03-23,M020,383767
2025-03-23,M021,485458
2025-03-23,M022,429256
2025-03-23,M023,549043
2025-03-23,M024,466891
2025-03-23,M025,407180
2025-03-23,M026,550630
2025-03-23,M027,636131
2025-03-23,M028,525536
2025-03-23,M029,449833
2025-03-23,M030,545082
2025-03-23,M031,492465
2025-03-23,M032,404279
2025-03-23,M033,521841
2025-03-23,M034,748995
2025-03-23,M035,800430
2025-03-23,M036,474329
2025-03-23,M037,378793
2025-03-23,M038,497779
2025-03-23,M039,602695
2025-03-23,M040,541666
2025-03-23,M041,651606
2025-03-23,M042,882513
2025-03-23,M043,526536
2025-03-23,M044,503123
2025-03-23,M045,550379
2025-03-23,M046,697856
2025-03-23,M047,812942
2025-03-23,M048,680588
2025-03-24,M001,224169
2025-03-24,M002,247023
2025-03-24,M003,290159
2025-03-24,M004,272809
2025-03-24,M005,559840
2025-03-24,M006,450163
2025-03-24,M007,428943
2025-03-24,M008,211220
2025-03-24,M009,435878
2025-03-24,M010,349955
2025-03-24,M011,419690
2025-03-24,M012,418951
2025-03-24,M013,554490
2025-03-24,M014,466517
2025-03-24,M015,349143
2025-03-24,M016,333252
2025-03-24,M017,631266
2025-03-24,M018,582173
2025-03-24,M019,462010
2025-03-24,M020,395338
2025-03-24,M021,748520
2025-03-24,M022,415501
2025-03-24,M023,502039
2025-03-24,M024,448553
2025-03-24,M025,609599
2025-03-24,M026,491115
2025-03-24,M027,599774
2025-03-24,M028,538502
2025-03-24,M029,585452
2025-03-24,M030,551134
2025-03-24,M031,495892
2025-03-24,M032,453300
2025-03-24,M033,773409
2025-03-24,M034,743702
2025-03-24,M035,851685
2025-03-24,M036,531051
2025-03-24,M037,609957
2025-03-24,M038,484358
2025-03-24,M039,664856
2025-03-24,M040,533597
2025-03-24,M041,977078
2025-03-24,M042,803597
2025-03-24,M043,565376
2025-03-24,M044,437440
2025-03-24,M045,838994
2025-03-24,M046,689220
2025-03-24,M047,772795
2025-03-24,M048,752019
2025-03-25,M001,224496
2025-03-25,M002,208365
2025-03-25,M003,307650
2025-03-25,M004,351749
2025-03-25,M005,550726
2025-03-25,M006,389415
2025-03-25,M007,451306
2025-03-25,M008,293444
2025-03-25,M009,431762
2025-03-25,M010,287702
2025-03-25,M011,432730
2025-03-25,M012,502839
2025-03-25,M013,500088
2025-03-25,M014,411177
2025-03-25,M015,321821
2025-03-25,M016,422917
2025-03-25,M017,622759
2025-03-25,M018,479320
2025-03-25,M019,444181
2025-03-25,M020,523125
2025-03-25,M021,710208
2025-03-25,M022,323836
2025-03-25,M023,489564
2025-03-25,M024,552858
2025-03-25,M025,558827
2025-03-25,M026,422924
2025-03-25,M027,654069
2025-03-25,M028,697967
2025-03-25,M029,617682
2025-03-25,M030,487467
2025-03-25,M031,507454
2025-03-25,M032,594683
2025-03-25,M033,794045
2025-03-25,M034,546305
2025-03-25,M035,871858
2025-03-25,M036,616096
2025-03-25,M037,547463
2025-03-25,M038,437540
2025-03-25,M039,653611
2025-03-25,M040,698538
2025-03-25,M041,908472
2025-03-25,M042,692231
2025-03-25,M043,529709
2025-03-25,M044,562517
2025-03-25,M045,888154
2025-03-25,M046,580912
2025-03-25,M047,800044
2025-03-25,M048,880112
2025-03-26,M001,125723
2025-03-26,M002,292153
2025-03-26,M003,240442
2025-03-26,M004,490623
2025-03-26,M005,304642
2025-03-26,M006,599453
2025-03-26,M007,386724
2025-03-26,M008,372610
2025-03-26,M009,226704
2025-03-26,M010,461052
2025-03-26,M011,388775
2025-03-26,M012,722749
2025-03-26,M013,282262
2025-03-26,M014,550807
2025-03-26,M015,283314
2025-03-26,M016,569619
2025-03-26,M017,323308
2025-03-26,M018,649233
2025-03-26,M019,379272
2025-03-26,M020,754762
2025-03-26,M021,397236
2025-03-26,M022,519441
2025-03-26,M023,413498
2025-03-26,M024,764908
2025-03-26,M025,323243
2025-03-26,M026,681680
2025-03-26,M027,501722
2025-03-26,M028,964020
2025-03-26,M029,353774
2025-03-26,M030,613527
2025-03-26,M031,375644
2025-03-26,M032,749444
2025-03-26,M033,427747
2025-03-26,M034,770514
2025-03-26,M035,722940
2025-03-26,M036,976603
2025-03-26,M037,323556
2025-03-26,M038,591042
2025-03-26,M039,564149
2025-03-26,M040,1027222
2025-03-26,M041,516021
2025-03-26,M042,1115502
2025-03-26,M043,448361
2025-03-26,M044,829907
2025-03-26,M045,442029
2025-03-26,M046,834626
2025-03-26,M047,689177
2025-03-26,M048,1355003
2025-03-27,M001,192883
2025-03-27,M002,249931
2025-03-27,M003,342356
2025-03-27,M004,334815
2025-03-27,M005,435981
2025-03-27,M006,519060
2025-03-27,M007,493085
2025-03-27,M008,227659
2025-03-27,M009,327497
2025-03-27,M010,399905
2025-03-27,M011,491302
2025-03-27,M012,448342
2025-03-27,M013,378656
2025-03-27,M014,556172
2025-03-27,M015,429093
2025-03-27,M016,381181
2025-03-27,M017,490199
2025-03-27,M018,611766
2025-03-27,M019,478375
2025-03-27,M020,396190
2025-03-27,M021,576082
2025-03-27,M022,455679
2025-03-27,M023,597058
2025-03-27,M024,511968
2025-03-27,M025,428618
2025-03-27,M026,615729
2025-03-27,M027,709889
2025-03-27,M028,598933
2025-03-27,M029,486653
2025-03-27,M030,622909
2025-03-27,M031,560708
2025-03-27,M032,459368
2025-03-27,M033,601877
2025-03-27,M034,799251
2025-03-27,M035,913401
2025-03-27,M036,568112
2025-03-27,M037,474476
2025-03-27,M038,628956
2025-03-27,M039,737717
2025-03-27,M040,576519
2025-03-27,M041,796123
2025-03-27,M042,1042100
2025-03-27,M043,622730
2025-03-27,M044,565798
2025-03-27,M045,697342
2025-03-27,M046,783976
2025-03-27,M047,948730
2025-03-27,M048,828207
2025-03-28,M001,252766
2025-03-28,M002,217136
2025-03-28,M003,306984
2025-03-28,M004,286890
2025-03-28,M005,516407
2025-03-28,M006,479417
2025-03-28,M007,431712
2025-03-28,M008,229370
2025-03-28,M009,422711
2025-03-28,M010,332147
2025-03-28,M011,451350
2025-03-28,M012,385953
2025-03-28,M013,548010
2025-03-28,M014,470982
2025-03-28,M015,360315
2025-03-28,M016,340131
2025-03-28,M017,627729
2025-03-28,M018,538639
2025-03-28,M019,424148
2025-03-28,M020,396389
2025-03-28,M021,728084
2025-03-28,M022,382516
2025-03-28,M023,512998
2025-03-28,M024,461627
2025-03-28,M025,579361
2025-03-28,M026,537877
2025-03-28,M027,682185
2025-03-28,M028,542718
2025-03-28,M029,636451
2025-03-28,M030,523481
2025-03-28,M031,513713
2025-03-28,M032,409196
2025-03-28,M033,741591
2025-03-28,M034,676950
2025-03-28,M035,853576
2025-03-28,M036,527818
2025-03-28,M037,559858
2025-03-28,M038,483020
2025-03-28,M039,647092
2025-03-28,M040,516462
2025-03-28,M041,1072522
2025-03-28,M042,800602
2025-03-28,M043,554935
2025-03-28,M044,474870
2025-03-28,M045,885184
2025-03-28,M046,637748
2025-03-28,M047,803727
2025-03-28,M048,689136
2025-03-29,M001,195739
2025-03-29,M002,172306
2025-03-29,M003,287455
2025-03-29,M004,342054
2025-03-29,M005,468129
2025-03-29,M006,348015
2025-03-29,M007,410610
2025-03-29,M008,263063
2025-03-29,M009,362025
2025-03-29,M010,265703
2025-03-29,M011,402272
2025-03-29,M012,477524
2025-03-29,M013,489766
2025-03-29,M014,341753
2025-03-29,M015,303136
2025-03-29,M016,367599
2025-03-29,M017,504968
2025-03-29,M018,415432
2025-03-29,M019,357059
2025-03-29,M020,480423
2025-03-29,M021,620793
2025-03-29,M022,302508
2025-03-29,M023,469966
2025-03-29,M024,493018
2025-03-29,M025,535263
2025-03-29,M026,434759
2025-03-29,M027,578085
2025-03-29,M028,614869
2025-03-29,M029,544784
2025-03-29,M030,442604
2025-03-29,M031,426952
2025-03-29,M032,461137
2025-03-29,M033,731297
2025-03-29,M034,532206
2025-03-29,M035,720513
2025-03-29,M036,582048
2025-03-29,M037,493909
2025-03-29,M038,398965
2025-03-29,M039,520216
2025-03-29,M040,678049
2025-03-29,M041,892286
2025-03-29,M042,706389
2025-03-29,M043,463584
2025-03-29,M044,591601
2025-03-29,M045,721582
2025-03-29,M046,526781
2025-03-29,M047,719407
2025-03-29,M048,806290
2025-03-30,M001,125041
2025-03-30,M002,236573
2025-03-30,M003,213383
2025-03-30,M004,447291
2025-03-30,M005,276255
2025-03-30,M006,548946
2025-03-30,M007,314897
2025-03-30,M008,335798
2025-03-30,M009,229034
2025-03-30,M010,388567
2025-03-30,M011,327800
2025-03-30,M012,666307
2025-03-30,M013,274462
2025-03-30,M014,558100
2025-03-30,M015,258645
2025-03-30,M016,523625
2025-03-30,M017,300766
2025-03-30,M018,568983
2025-03-30,M019,321321
2025-03-30,M020,635206
2025-03-30,M021,352495
2025-03-30,M022,445118
2025-03-30,M023,376627
2025-03-30,M024,690655
2025-03-30,M025,284777
2025-03-30,M026,622733
2025-03-30,M027,450349
2025-03-30,M028,802186
2025-03-30,M029,291813
2025-03-30,M030,638282
2025-03-30,M031,337962
2025-03-30,M032,650240
2025-03-30,M033,384424
2025-03-30,M034,757516
2025-03-30,M035,629283
2025-03-30,M036,786310
2025-03-30,M037,305607
2025-03-30,M038,529423
2025-03-30,M039,483191
2025-03-30,M040,924824
2025-03-30,M041,517123
2025-03-30,M042,974848
2025-03-30,M043,387824
2025-03-30,M044,762625
2025-03-30,M045,411259
2025-03-30,M046,779900
2025-03-30,M047,578250
2025-03-30,M048,1140004
2025-03-31,M001,177252
2025-03-31,M002,278503
2025-03-31,M003,331839
2025-03-31,M004,296326
2025-03-31,M005,404242
2025-03-31,M006,536118
2025-03-31,M007,465844
2025-03-31,M008,263242
2025-03-31,M009,300752
2025-03-31,M010,373110
2025-03-31,M011,468095
2025-03-31,M012,429151
2025-03-31,M013,376186
2025-03-31,M014,570426
2025-03-31,M015,390414
2025-03-31,M016,368150
2025-03-31,M017,431754
2025-03-31,M018,587832
2025-03-31,M019,513826
2025-03-31,M020,432157
2025-03-31,M021,492852
2025-03-31,M022,479691
2025-03-31,M023,582898
2025-03-31,M024,509459
2025-03-31,M025,423837
2025-03-31,M026,566599
2025-03-31,M027,737885
2025-03-31,M028,541064
2025-03-31,M029,466779
2025-03-31,M030,595698
2025-03-31,M031,560415
2025-03-31,M032,506094
2025-03-31,M033,590841
2025-03-31,M034,802588
2025-03-31,M035,871267
2025-03-31,M036,600624
2025-03-31,M037,455543
2025-03-31,M038,548879
2025-03-31,M039,765075
2025-03-31,M040,627570
2025-03-31,M041,772222
2025-03-31,M042,969394
2025-03-31,M043,583957
2025-03-31,M044,511665
2025-03-31,M045,635816
2025-03-31,M046,784523
2025-03-31,M047,939325
2025-03-31,M048,772219
2025-04-01,M001,225983
2025-04-01,M002,196919
2025-04-01,M003,315038
2025-04-01,M004,363721
2025-04-01,M005,569485
2025-04-01,M006,412594
2025-04-01,M007,406598
2025-04-01,M008,277891
2025-04-01,M009,408206
2025-04-01,M010,326654
2025-04-01,M011,410935
2025-04-01,M012,535039
2025-04-01,M013,544959
2025-04-01,M014,411787
2025-04-01,M015,355600
2025-04-01,M016,408120
2025-04-01,M017,605271
2025-04-01,M018,436747
2025-04-01,M019,454022
2025-04-01,M020,493921
2025-04-01,M021,669946
2025-04-01,M022,373950
2025-04-01,M023,478899
2025-04-01,M024,626165
2025-04-01,M025,614163
2025-04-01,M026,453237
2025-04-01,M027,643603
2025-04-01,M028,675538
2025-04-01,M029,570194
2025-04-01,M030,484493
2025-04-01,M031,489411
2025-04-01,M032,553206
2025-04-01,M033,777393
2025-04-01,M034,609099
2025-04-01,M035,802352
2025-04-01,M036,661333
2025-04-01,M037,623363
2025-04-01,M038,469716
2025-04-01,M039,598463
2025-04-01,M040,693683
2025-04-01,M041,953324
2025-04-01,M042,703675
2025-04-01,M043,544991
2025-04-01,M044,633924
2025-04-01,M045,805350
2025-04-01,M046,597918
2025-04-01,M047,739917
2025-04-01,M048,960918
2025-04-02,M001,136914
2025-04-02,M002,294498
2025-04-02,M003,270498
2025-04-02,M004,538621
2025-04-02,M005,321879
2025-04-02,M006,593439
2025-04-02,M007,377242
2025-04-02,M008,418895
2025-04-02,M009,238225
2025-04-02,M010,464869
2025-04-02,M011,373909
2025-04-02,M012,694296
2025-04-02,M013,311434
2025-04-02,M014,557945
2025-04-02,M015,299828
2025-04-02,M016,577594
2025-04-02,M017,354784
2025-04-02,M018,652987
2025-04-02,M019,333773
2025-04-02,M020,683887
2025-04-02,M021,373872
2025-04-02,M022,499631
2025-04-02,M023,429205
2025-04-02,M024,885230
2025-04-02,M025,316310
2025-04-02,M026,625823
2025-04-02,M027,566747
2025-04-02,M028,908549
2025-04-02,M029,344439
2025-04-02,M030,706019
2025-04-02,M031,422135
2025-04-02,M032,742622
2025-04-02,M033,444177
2025-04-02,M034,853824
2025-04-02,M035,689370
2025-04-02,M036,865388
2025-04-02,M037,328292
2025-04-02,M038,665579
2025-04-02,M039,519678
2025-04-02,M040,1062541
2025-04-02,M041,537422
2025-04-02,M042,1063281
2025-04-02,M043,459464
2025-04-02,M044,839143
2025-04-02,M045,484518
2025-04-02,M046,819398
2025-04-02,M047,704733
2025-04-02,M048,1334605
2025-04-03,M001,171141
2025-04-03,M002,283373
2025-04-03,M003,339118
2025-04-03,M004,330154
2025-04-03,M005,435878
2025-04-03,M006,582436
2025-04-03,M007,495558
2025-04-03,M008,234218
2025-04-03,M009,345513
2025-04-03,M010,426299
2025-04-03,M011,493393
2025-04-03,M012,440500
2025-04-03,M013,398217
2025-04-03,M014,514856
2025-04-03,M015,377774
2025-04-03,M016,360874
2025-04-03,M017,494635
2025-04-03,M018,582984
2025-04-03,M019,457608
2025-04-03,M020,439155
2025-04-03,M021,572733
2025-04-03,M022,423351
2025-04-03,M023,541323
2025-04-03,M024,536007
2025-04-03,M025,430443
2025-04-03,M026,614808
2025-04-03,M027,758925
2025-04-03,M028,554761
2025-04-03,M029,433449
2025-04-03,M030,599472
2025-04-03,M031,520711
2025-04-03,M032,506514
2025-04-03,M033,564684
2025-04-03,M034,796722
2025-04-03,M035,933606
2025-04-03,M036,541610
2025-04-03,M037,416846
2025-04-03,M038,555297
2025-04-03,M039,697612
2025-04-03,M040,637345
2025-04-03,M041,711574
2025-04-03,M042,931783
2025-04-03,M043,653887
2025-04-03,M044,568426
2025-04-03,M045,647546
2025-04-03,M046,804212
2025-04-03,M047,966835
2025-04-03,M048,814682
2025-04-04,M001,224163
2025-04-04,M002,225757
2025-04-04,M003,306090
2025-04-04,M004,287510
2025-04-04,M005,557148
2025-04-04,M006,531168
2025-04-04,M007,424910
2025-04-04,M008,225261
2025-04-04,M009,434243
2025-04-04,M010,348856
2025-04-04,M011,453527
2025-04-04,M012,411862
2025-04-04,M013,493799
2025-04-04,M014,466779
2025-04-04,M015,376726
2025-04-04,M016,313533
2025-04-04,M017,639859
2025-04-04,M018,567433
2025-04-04,M019,402224
2025-04-04,M020,396915
2025-04-04,M021,738309
2025-04-04,M022,412327
2025-04-04,M023,513391
2025-04-04,M024,424714
2025-04-04,M025,578285
2025-04-04,M026,545900
2025-04-04,M027,684379
2025-04-04,M028,548467
2025-04-04,M029,578624
2025-04-04,M030,529361
2025-04-04,M031,465872
2025-04-04,M032,447598
2025-04-04,M033,837214
2025-04-04,M034,655412
2025-04-04,M035,865928
2025-04-04,M036,493522
2025-04-04,M037,606304
2025-04-04,M038,499507
2025-04-04,M039,682117
2025-04-04,M040,554141
2025-04-04,M041,952942
2025-04-04,M042,857332
2025-04-04,M043,564625
2025-04-04,M044,517499
2025-04-04,M045,866587
2025-04-04,M046,692227
2025-04-04,M047,821620
2025-04-04,M048,702851
2025-04-05,M001,229215
2025-04-05,M002,188436
2025-04-05,M003,252223
2025-04-05,M004,311632
2025-04-05,M005,516315
2025-04-05,M006,408376
2025-04-05,M007,387767
2025-04-05,M008,243982
2025-04-05,M009,364786
2025-04-05,M010,262659
2025-04-05,M011,377782
2025-04-05,M012,434328
2025-04-05,M013,470186
2025-04-05,M014,389441
2025-04-05,M015,340286
2025-04-05,M016,393502
2025-04-05,M017,540768
2025-04-05,M018,441586
2025-04-05,M019,403999
2025-04-05,M020,446081
2025-04-05,M021,671181
2025-04-05,M022,312577
2025-04-05,M023,484751
2025-04-05,M024,492900
2025-04-05,M025,527349
2025-04-05,M026,378948
2025-04-05,M027,578284
2025-04-05,M028,565935
2025-04-05,M029,511080
2025-04-05,M030,445108
2025-04-05,M031,405353
2025-04-05,M032,464044
2025-04-05,M033,728814
2025-04-05,M034,563348
2025-04-05,M035,754296
2025-04-05,M036,584394
2025-04-05,M037,540960
2025-04-05,M038,373119
2025-04-05,M039,522908
2025-04-05,M040,647476
2025-04-05,M041,882483
2025-04-05,M042,676894
2025-04-05,M043,478908
2025-04-05,M044,546992
2025-04-05,M045,793034
2025-04-05,M046,493942
2025-04-05,M047,746408
2025-04-05,M048,822190
2025-04-06,M001,126879
2025-04-06,M002,237418
2025-04-06,M003,220331
2025-04-06,M004,507485
2025-04-06,M005,248556
2025-04-06,M006,499338
2025-04-06,M007,317299
2025-04-06,M008,354636
2025-04-06,M009,228815
2025-04-06,M010,418688
2025-04-06,M011,348628
2025-04-06,M012,706956
2025-04-06,M013,262811
2025-04-06,M014,504364
2025-04-06,M015,265641
2025-04-06,M016,571881
2025-04-06,M017,296975
2025-04-06,M018,612744
2025-04-06,M019,319348
2025-04-06,M020,628974
2025-04-06,M021,356658
2025-04-06,M022,454750
2025-04-06,M023,399350
2025-04-06,M024,682176
2025-04-06,M025,307731
2025-04-06,M026,540046
2025-04-06,M027,490002
2025-04-06,M028,896049
2025-04-06,M029,308014
2025-04-06,M030,635812
2025-04-06,M031,344489
2025-04-06,M032,751935
2025-04-06,M033,416979
2025-04-06,M034,719849
2025-04-06,M035,651708
2025-04-06,M036,860587
2025-04-06,M037,289893
2025-04-06,M038,582618
2025-04-06,M039,471101
2025-04-06,M040,881721
2025-04-06,M041,518691
2025-04-06,M042,999224
2025-04-06,M043,396495
2025-04-06,M044,750033
2025-04-06,M045,419090
2025-04-06,M046,700245
2025-04-06,M047,654436
2025-04-06,M048,1072540
2025-04-07,M001,190742
2025-04-07,M002,245917
2025-04-07,M003,329623
2025-04-07,M004,301362
2025-04-07,M005,425294
2025-04-07,M006,539719
2025-04-07,M007,490797
2025-04-07,M008,246860
2025-04-07,M009,326714
2025-04-07,M010,399867
2025-04-07,M011,520635
2025-04-07,M012,462941
2025-04-07,M013,396190
2025-04-07,M014,515351
2025-04-07,M015,414867
2025-04-07,M016,391973
2025-04-07,M017,479956
2025-04-07,M018,576870
2025-04-07,M019,521234
2025-04-07,M020,440171
2025-04-07,M021,536816
2025-04-07,M022,419966
2025-04-07,M023,612554
2025-04-07,M024,476695
2025-04-07,M025,485435
2025-04-07,M026,627531
2025-04-07,M027,785840
2025-04-07,M028,539892
2025-04-07,M029,474915
2025-04-07,M030,571122
2025-04-07,M031,564210
2025-04-07,M032,443633
2025-04-07,M033,594460
2025-04-07,M034,794916
2025-04-07,M035,988586
2025-04-07,M036,526737
2025-04-07,M037,448101
2025-04-07,M038,542067
2025-04-07,M039,690289
2025-04-07,M040,639744
2025-04-07,M041,712945
2025-04-07,M042,1008375
2025-04-07,M043,596797
2025-04-07,M044,524284
2025-04-07,M045,650134
2025-04-07,M046,751289
2025-04-07,M047,859226
2025-04-07,M048,761262
2025-04-08,M001,225890
2025-04-08,M002,229355
2025-04-08,M003,314154
2025-04-08,M004,281415
2025-04-08,M005,523083
2025-04-08,M006,530687
2025-04-08,M007,420741
2025-04-08,M008,236763
2025-04-08,M009,430679
2025-04-08,M010,351842
2025-04-08,M011,466742
2025-04-08,M012,385650
2025-04-08,M013,538095
2025-04-08,M014,480547
2025-04-08,M015,329339
2025-04-08,M016,355509
2025-04-08,M017,661767
2025-04-08,M018,592799
2025-04-08,M019,437463
2025-04-08,M020,366067
2025-04-08,M021,761000
2025-04-08,M022,396028
2025-04-08,M023,528187
2025-04-08,M024,459017
2025-04-08,M025,563038
2025-04-08,M026,545855
2025-04-08,M027,672017
2025-04-08,M028,508788
2025-04-08,M029,640835
2025-04-08,M030,549735
2025-04-08,M031,457092
2025-04-08,M032,433576
2025-04-08,M033,798545
2025-04-08,M034,656927
2025-04-08,M035,778872
2025-04-08,M036,531866
2025-04-08,M037,543983
2025-04-08,M038,524999
2025-04-08,M039,665533
2025-04-08,M040,605200
2025-04-08,M041,1049363
2025-04-08,M042,860219
2025-04-08,M043,543941
2025-04-08,M044,478830
2025-04-08,M045,800443
2025-04-08,M046,657067
2025-04-08,M047,753862
2025-04-08,M048,730410
2025-04-09,M001,218360
2025-04-09,M002,209865
2025-04-09,M003,284557
2025-04-09,M004,377495
2025-04-09,M005,574855
2025-04-09,M006,394339
2025-04-09,M007,419457
2025-04-09,M008,292321
2025-04-09,M009,404277
2025-04-09,M010,283664
2025-04-09,M011,471108
2025-04-09,M012,486183
2025-04-09,M013,487760
2025-04-09,M014,387353
2025-04-09,M015,355534
2025-04-09,M016,419931
2025-04-09,M017,591908
2025-04-09,M018,487466
2025-04-09,M019,425739
2025-04-09,M020,484202
2025-04-09,M021,660444
2025-04-09,M022,361453
2025-04-09,M023,477652
2025-04-09,M024,545711
2025-04-09,M025,624300
2025-04-09,M026,430070
2025-04-09,M027,655108
2025-04-09,M028,644490
2025-04-09,M029,589175
2025-04-09,M030,452426
2025-04-09,M031,471572
2025-04-09,M032,520876
2025-04-09,M033,726155
2025-04-09,M034,547280
2025-04-09,M035,756078
2025-04-09,M036,669413
2025-04-09,M037,544734
2025-04-09,M038,449718
2025-04-09,M039,656135
2025-04-09,M040,722071
2025-04-09,M041,1045713
2025-04-09,M042,788940
2025-04-09,M043,499806
2025-04-09,M044,603147
2025-04-09,M045,870840
2025-04-09,M046,541666
2025-04-09,M047,826885
2025-04-09,M048,916676
2025-04-10,M001,135149
2025-04-10,M002,288885
2025-04-10,M003,248134
2025-04-10,M004,535811
2025-04-10,M005,307395
2025-04-10,M006,589492
2025-04-10,M007,362720
2025-04-10,M008,401973
2025-04-10,M009,225044
2025-04-10,M010,458762
2025-04-10,M011,387587
2025-04-10,M012,703281
2025-04-10,M013,290448
2025-04-10,M014,590223
2025-04-10,M015,303823
2025-04-10,M016,569163
2025-04-10,M017,358788
2025-04-10,M018,661576
2025-04-10,M019,353768
2025-04-10,M020,679475
2025-04-10,M021,411319
2025-04-10,M022,490800
2025-04-10,M023,435057
2025-04-10,M024,797773
2025-04-10,M025,315522
2025-04-10,M026,650429
2025-04-10,M027,548264
2025-04-10,M028,920561
2025-04-10,M029,354186
2025-04-10,M030,629475
2025-04-10,M031,417216
2025-04-10,M032,843928
2025-04-10,M033,411000
2025-04-10,M034,818051
2025-04-10,M035,685254
2025-04-10,M036,948180
2025-04-10,M037,337284
2025-04-10,M038,618738
2025-04-10,M039,513162
2025-04-10,M040,1046727
2025-04-10,M041,586485
2025-04-10,M042,1046177
2025-04-10,M043,444437
2025-04-10,M044,804016
2025-04-10,M045,441877
2025-04-10,M046,837601
2025-04-10,M047,635574
2025-04-10,M048,1241148
2025-04-11,M001,171840
2025-04-11,M002,243645
2025-04-11,M003,350810
2025-04-11,M004,342270
2025-04-11,M005,388942
2025-04-11,M006,543424
2025-04-11,M007,457218
2025-04-11,M008,237896
2025-04-11,M009,342375
2025-04-11,M010,380200
2025-04-11,M011,505958
2025-04-11,M012,447993
2025-04-11,M013,422596
2025-04-11,M014,529719
2025-04-11,M015,421540
2025-04-11,M016,374156
2025-04-11,M017,479771
2025-04-11,M018,631540
2025-04-11,M019,468255
2025-04-11,M020,416600
2025-04-11,M021,519120
2025-04-11,M022,436081
2025-04-11,M023,611029
2025-04-11,M024,498756
2025-04-11,M025,424655
2025-04-11,M026,616150
2025-04-11,M027,694188
2025-04-11,M028,540069
2025-04-11,M029,441147
2025-04-11,M030,666299
2025-04-11,M031,531547
2025-04-11,M032,467739
2025-04-11,M033,590765
2025-04-11,M034,810476
2025-04-11,M035,917234
2025-04-11,M036,525164
2025-04-11,M037,434618
2025-04-11,M038,588948
2025-04-11,M039,673278
2025-04-11,M040,606501
2025-04-11,M041,748016
2025-04-11,M042,907132
2025-04-11,M043,622604
2025-04-11,M044,565652
2025-04-11,M045,613263
2025-04-11,M046,718049
2025-04-11,M047,952140
2025-04-11,M048,743057
2025-04-12,M001,229903
2025-04-12,M002,199278
2025-04-12,M003,266376
2025-04-12,M004,268062
2025-04-12,M005,527480
2025-04-12,M006,414861
2025-04-12,M007,396006
2025-04-12,M008,203940
2025-04-12,M009,394798
2025-04-12,M010,304652
2025-04-12,M011,371718
2025-04-12,M012,393983
2025-04-12,M013,481651
2025-04-12,M014,463505
2025-04-12,M015,341567
2025-04-12,M016,275735
2025-04-12,M017,532723
2025-04-12,M018,489340
2025-04-12,M019,379905
2025-04-12,M020,373562
2025-04-12,M021,595555
2025-04-12,M022,354912
2025-04-12,M023,429714
2025-04-12,M024,439582
2025-04-12,M025,530346
2025-04-12,M026,470177
2025-04-12,M027,628628
2025-04-12,M028,489951
2025-04-12,M029,551007
2025-04-12,M030,496074
2025-04-12,M031,467327
2025-04-12,M032,408136
2025-04-12,M033,717081
2025-04-12,M034,605730
2025-04-12,M035,768187
2025-04-12,M036,444005
2025-04-12,M037,549776
2025-04-12,M038,469934
2025-04-12,M039,578734
2025-04-12,M040,524653
2025-04-12,M041,928841
2025-04-12,M042,841394
2025-04-12,M043,504683
2025-04-12,M044,410163
2025-04-12,M045,735953
2025-04-12,M046,643280
2025-04-12,M047,716314
2025-04-12,M048,585520
2025-04-13,M001,230444
2025-04-13,M002,194124
2025-04-13,M003,292075
2025-04-13,M004,348333
2025-04-13,M005,459418
2025-04-13,M006,385096
2025-04-13,M007,410534
2025-04-13,M008,276442
2025-04-13,M009,375554
2025-04-13,M010,279805
2025-04-13,M011,417599
2025-04-13,M012,462173
2025-04-13,M013,443522
2025-04-13,M014,345470
2025-04-13,M015,294169
2025-04-13,M016,363669
2025-04-13,M017,544244
2025-04-13,M018,406596
2025-04-13,M019,356631
2025-04-13,M020,461723
2025-04-13,M021,632495
2025-04-13,M022,301061
2025-04-13,M023,465280
2025-04-13,M024,558755
2025-04-13,M025,506098
2025-04-13,M026,396369
2025-04-13,M027,534642
2025-04-13,M028,625682
2025-04-13,M029,535504
2025-04-13,M030,399559
2025-04-13,M031,436608
2025-04-13,M032,541103
2025-04-13,M033,751910
2025-04-13,M034,492458
2025-04-13,M035,728389
2025-04-13,M036,606450
2025-04-13,M037,490569
2025-04-13,M038,377649
2025-04-13,M039,571492
2025-04-13,M040,652046
2025-04-13,M041,864420
2025-04-13,M042,649308
2025-04-13,M043,487212
2025-04-13,M044,553611
2025-04-13,M045,799008
2025-04-13,M046,503557
2025-04-13,M047,751312
2025-04-13,M048,862744
2025-04-14,M001,134964
2025-04-14,M002,274738
2025-04-14,M003,260588
2025-04-14,M004,488058
2025-04-14,M005,280558
2025-04-14,M006,586981
2025-04-14,M007,334811
2025-04-14,M008,389617
2025-04-14,M009,256058
2025-04-14,M010,403498
2025-04-14,M011,392738
2025-04-14,M012,693438
2025-04-14,M013,305539
2025-04-14,M014,564225
2025-04-14,M015,307303
2025-04-14,M016,554637
2025-04-14,M017,331184
2025-04-14,M018,718987
2025-04-14,M019,372006
2025-04-14,M020,693822
2025-04-14,M021,370118
2025-04-14,M022,467294
2025-04-14,M023,450795
2025-04-14,M024,815595
2025-04-14,M025,336034
2025-04-14,M026,602044
2025-04-14,M027,510715
2025-04-14,M028,853772
2025-04-14,M029,344277
2025-04-14,M030,657406
2025-04-14,M031,425744
2025-04-14,M032,755928
2025-04-14,M033,415120
2025-04-14,M034,776743
2025-04-14,M035,692081
2025-04-14,M036,980746
2025-04-14,M037,337849
2025-04-14,M038,595116
2025-04-14,M039,510533
2025-04-14,M040,986878
2025-04-14,M041,528076
2025-04-14,M042,995606
2025-04-14,M043,481638
2025-04-14,M044,906115
2025-04-14,M045,476160
2025-04-14,M046,869995
2025-04-14,M047,667251
2025-04-14,M048,1182807
2025-04-15,M001,174222
2025-04-15,M002,261933
2025-04-15,M003,374722
2025-04-15,M004,343119
2025-04-15,M005,393363
2025-04-15,M006,510429
2025-04-15,M007,462037
2025-04-15,M008,234672
2025-04-15,M009,334493
2025-04-15,M010,407225
2025-04-15,M011,510068
2025-04-15,M012,412517
2025-04-15,M013,385509
2025-04-15,M014,550249
2025-04-15,M015,417762
2025-04-15,M016,395001
2025-04-15,M017,489834
2025-04-15,M018,609631
2025-04-15,M019,495797
2025-04-15,M020,438347
2025-04-15,M021,570831
2025-04-15,M022,484144
2025-04-15,M023,588792
2025-04-15,M024,478353
2025-04-15,M025,479231
2025-04-15,M026,564508
2025-04-15,M027,755249
2025-04-15,M028,565692
2025-04-15,M029,459660
2025-04-15,M030,645263
2025-04-15,M031,504784
2025-04-15,M032,462693
2025-04-15,M033,588274
2025-04-15,M034,833030
2025-04-15,M035,971437
2025-04-15,M036,539915
2025-04-15,M037,459701
2025-04-15,M038,586544
2025-04-15,M039,708742
2025-04-15,M040,598721
2025-04-15,M041,703802
2025-04-15,M042,1010685
2025-04-15,M043,570183
2025-04-15,M044,511016
2025-04-15,M045,675758
2025-04-15,M046,811776
2025-04-15,M047,927063
2025-04-15,M048,723267
2025-04-16,M001,255669
2025-04-16,M002,249943
2025-04-16,M003,316711
2025-04-16,M004,294908
2025-04-16,M005,582505
2025-04-16,M006,481248
2025-04-16,M007,463165
2025-04-16,M008,208356
2025-04-16,M009,432632
2025-04-16,M010,352282
2025-04-16,M011,409611
2025-04-16,M012,422449
2025-04-16,M013,520475
2025-04-16,M014,451182
2025-04-16,M015,336435
2025-04-16,M016,337138
2025-04-16,M017,582470
2025-04-16,M018,553756
2025-04-16,M019,433635
2025-04-16,M020,403299
2025-04-16,M021,711362
2025-04-16,M022,394265
2025-04-16,M023,488012
2025-04-16,M024,464350
2025-04-16,M025,578684
2025-04-16,M026,571074
2025-04-16,M027,637370
2025-04-16,M028,490631
2025-04-16,M029,616426
2025-04-16,M030,560816
2025-04-16,M031,477136
2025-04-16,M032,424420
2025-04-16,M033,746234
2025-04-16,M034,677056
2025-04-16,M035,832345
2025-04-16,M036,483536
2025-04-16,M037,559290
2025-04-16,M038,541409
2025-04-16,M039,629494
2025-04-16,M040,584738
2025-04-16,M041,936710
2025-04-16,M042,900766
2025-04-16,M043,559395
2025-04-16,M044,504479
2025-04-16,M045,812052
2025-04-16,M046,661125
2025-04-16,M047,792733
2025-04-16,M048,674733
2025-04-17,M001,223694
2025-04-17,M002,207141
2025-04-17,M003,313947
2025-04-17,M004,385585
2025-04-17,M005,504395
2025-04-17,M006,403042
2025-04-17,M007,456874
2025-04-17,M008,284905
2025-04-17,M009,393823
2025-04-17,M010,318924
2025-04-17,M011,437792
2025-04-17,M012,494743
2025-04-17,M013,500898
2025-04-17,M014,429621
2025-04-17,M015,355840
2025-04-17,M016,456238
2025-04-17,M017,573091
2025-04-17,M018,452935
2025-04-17,M019,435027
2025-04-17,M020,468016
2025-04-17,M021,652170
2025-04-17,M022,355668
2025-04-17,M023,499204
2025-04-17,M024,557781
2025-04-17,M025,630194
2025-04-17,M026,429155
2025-04-17,M027,680923
2025-04-17,M028,655352
2025-04-17,M029,610784
2025-04-17,M030,493803
2025-04-17,M031,492769
2025-04-17,M032,523202
2025-04-17,M033,835996
2025-04-17,M034,569446
2025-04-17,M035,870045
2025-04-17,M036,661696
2025-04-17,M037,621057
2025-04-17,M038,458626
2025-04-17,M039,618684
2025-04-17,M040,739065
2025-04-17,M041,911674
2025-04-17,M042,757167
2025-04-17,M043,544278
2025-04-17,M044,659906
2025-04-17,M045,806243
2025-04-17,M046,532053
2025-04-17,M047,806023
2025-04-17,M048,840845
2025-04-18,M001,130644
2025-04-18,M002,265158
2025-04-18,M003,267497
2025-04-18,M004,495984
2025-04-18,M005,296470
2025-04-18,M006,606837
2025-04-18,M007,357900
2025-04-18,M008,432573
2025-04-18,M009,248925
2025-04-18,M010,411754
2025-04-18,M011,391485
2025-04-18,M012,710609
2025-04-18,M013,283943
2025-04-18,M014,599338
2025-04-18,M015,313737
2025-04-18,M016,638190
2025-04-18,M017,363194
2025-04-18,M018,665935
2025-04-18,M019,364451
2025-04-18,M020,670033
2025-04-18,M021,380948
2025-04-18,M022,469645
2025-04-18,M023,422626
2025-04-18,M024,839740
2025-04-18,M025,352156
2025-04-18,M026,633327
2025-04-18,M027,582824
2025-04-18,M028,874800
2025-04-18,M029,359639
2025-04-18,M030,691274
2025-04-18,M031,410993
2025-04-18,M032,764954
2025-04-18,M033,416296
2025-04-18,M034,890414
2025-04-18,M035,741696
2025-04-18,M036,921164
2025-04-18,M037,315043
2025-04-18,M038,605048
2025-04-18,M039,548087
2025-04-18,M040,942109
2025-04-18,M041,528980
2025-04-18,M042,1058421
2025-04-18,M043,443421
2025-04-18,M044,858434
2025-04-18,M045,477313
2025-04-18,M046,851313
2025-04-18,M047,618910
2025-04-18,M048,1351670
2025-04-19,M001,155641
2025-04-19,M002,226115
2025-04-19,M003,299825
2025-04-19,M004,310474
2025-04-19,M005,396170
2025-04-19,M006,486983
2025-04-19,M007,415548
2025-04-19,M008,210365
2025-04-19,M009,287788
2025-04-19,M010,337354
2025-04-19,M011,422377
2025-04-19,M012,375641
2025-04-19,M013,343662
2025-04-19,M014,466540
2025-04-19,M015,384078
2025-04-19,M016,328801
2025-04-19,M017,413237
2025-04-19,M018,604282
2025-04-19,M019,429594
2025-04-19,M020,406184
2025-04-19,M021,506993
2025-04-19,M022,404553
2025-04-19,M023,542761
2025-04-19,M024,434547
2025-04-19,M025,392864
2025-04-19,M026,571721
2025-04-19,M027,616520
2025-04-19,M028,483342
2025-04-19,M029,400361
2025-04-19,M030,518672
2025-04-19,M031,509508
2025-04-19,M032,420852
2025-04-19,M033,518048
2025-04-19,M034,741875
2025-04-19,M035,823374
2025-04-19,M036,487420
2025-04-19,M037,373778
2025-04-19,M038,553512
2025-04-19,M039,615362
2025-04-19,M040,582731
2025-04-19,M041,691717
2025-04-19,M042,901492
2025-04-19,M043,556201
2025-04-19,M044,492211
2025-04-19,M045,579045
2025-04-19,M046,712913
2025-04-19,M047,798701
2025-04-19,M048,727947
2025-04-20,M001,229057
2025-04-20,M002,229333
2025-04-20,M003,267923
2025-04-20,M004,249295
2025-04-20,M005,462072
2025-04-20,M006,423644
2025-04-20,M007,377729
2025-04-20,M008,213177
2025-04-20,M009,403523
2025-04-20,M010,332578
2025-04-20,M011,399677
2025-04-20,M012,373363
2025-04-20,M013,505066
2025-04-20,M014,404796
2025-04-20,M015,337769
2025-04-20,M016,285491
2025-04-20,M017,531402
2025-04-20,M018,491508
2025-04-20,M019,414122
2025-04-20,M020,377371
2025-04-20,M021,689894
2025-04-20,M022,360018
2025-04-20,M023,424211
2025-04-20,M024,430683
2025-04-20,M025,575166
2025-04-20,M026,481694
2025-04-20,M027,581221
2025-04-20,M028,449157
2025-04-20,M029,603385
2025-04-20,M030,529915
2025-04-20,M031,431472
2025-04-20,M032,394304
2025-04-20,M033,734744
2025-04-20,M034,635326
2025-04-20,M035,797721
2025-04-20,M036,465592
2025-04-20,M037,551866
2025-04-20,M038,458816
2025-04-20,M039,536717
2025-04-20,M040,534500
2025-04-20,M041,899770
2025-04-20,M042,825007
2025-04-20,M043,493038
2025-04-20,M044,421121
2025-04-20,M045,781040
2025-04-20,M046,654397
2025-04-20,M047,740590
2025-04-20,M048,585059
2025-04-21,M001,230641
2025-04-21,M002,216355
2025-04-21,M003,311195
2025-04-21,M004,380282
2025-04-21,M005,495593
2025-04-21,M006,449612
2025-04-21,M007,459594
2025-04-21,M008,273309
2025-04-21,M009,431567
2025-04-21,M010,296235
2025-04-21,M011,411666
2025-04-21,M012,520248
2025-04-21,M013,497363
2025-04-21,M014,413856
2025-04-21,M015,373329
2025-04-21,M016,398751
2025-04-21,M017,601990
2025-04-21,M018,471835
2025-04-21,M019,451886
2025-04-21,M020,476737
2025-04-21,M021,704267
2025-04-21,M022,321336
2025-04-21,M023,530707
2025-04-21,M024,601554
2025-04-21,M025,627293
2025-04-21,M026,455656
2025-04-21,M027,683187
2025-04-21,M028,683343
2025-04-21,M029,591275
2025-04-21,M030,489698
2025-04-21,M031,474325
2025-04-21,M032,530409
2025-04-21,M033,829548
2025-04-21,M034,626465
2025-04-21,M035,808353
2025-04-21,M036,677201
2025-04-21,M037,622833
2025-04-21,M038,454038
2025-04-21,M039,579406
2025-04-21,M040,708968
2025-04-21,M041,938325
2025-04-21,M042,746170
2025-04-21,M043,530692
2025-04-21,M044,632864
2025-04-21,M045,834416
2025-04-21,M046,576640
2025-04-21,M047,752352
2025-04-21,M048,955484
2025-04-22,M001,138573
2025-04-22,M002,279157
2025-04-22,M003,262202
2025-04-22,M004,517429
2025-04-22,M005,283166
2025-04-22,M006,633405
2025-04-22,M007,389975
2025-04-22,M008,393781
2025-04-22,M009,240745
2025-04-22,M010,434498
2025-04-22,M011,371532
2025-04-22,M012,779393
2025-04-22,M013,289381
2025-04-22,M014,614491
2025-04-22,M015,294663
2025-04-22,M016,575140
2025-04-22,M017,327935
2025-04-22,M018,634172
2025-04-22,M019,357602
2025-04-22,M020,734581
2025-04-22,M021,369059
2025-04-22,M022,467359
2025-04-22,M023,435920
2025-04-22,M024,861311
2025-04-22,M025,329399
2025-04-22,M026,634544
2025-04-22,M027,555363
2025-04-22,M028,864339
2025-04-22,M029,343273
2025-04-22,M030,681242
2025-04-22,M031,403886
2025-04-22,M032,738980
2025-04-22,M033,420843
2025-04-22,M034,789998
2025-04-22,M035,704855
2025-04-22,M036,869006
2025-04-22,M037,299246
2025-04-22,M038,676085
2025-04-22,M039,499013
2025-04-22,M040,1063778
2025-04-22,M041,509871
2025-04-22,M042,1079815
2025-04-22,M043,456971
2025-04-22,M044,890343
2025-04-22,M045,471516
2025-04-22,M046,774034
2025-04-22,M047,723512
2025-04-22,M048,1197958
2025-04-23,M001,196264
2025-04-23,M002,273512
2025-04-23,M003,354917
2025-04-23,M004,299173
2025-04-23,M005,402579
2025-04-23,M006,525325
2025-04-23,M007,530772
2025-04-23,M008,252646
2025-04-23,M009,320387
2025-04-23,M010,388078
2025-04-23,M011,538658
2025-04-23,M012,480644
2025-04-23,M013,422067
2025-04-23,M014,581694
2025-04-23,M015,397340
2025-04-23,M016,371242
2025-04-23,M017,430769
2025-04-23,M018,596875
2025-04-23,M019,522458
2025-04-23,M020,468313
2025-04-23,M021,558584
2025-04-23,M022,422641
2025-04-23,M023,556176
2025-04-23,M024,478753
2025-04-23,M025,414410
2025-04-23,M026,559735
2025-04-23,M027,762710
2025-04-23,M028,572218
2025-04-23,M029,490558
2025-04-23,M030,596707
2025-04-23,M031,567116
2025-04-23,M032,444803
2025-04-23,M033,602045
2025-04-23,M034,743898
2025-04-23,M035,970703
2025-04-23,M036,527330
2025-04-23,M037,414898
2025-04-23,M038,559054
2025-04-23,M039,668811
2025-04-23,M040,597320
2025-04-23,M041,720281
2025-04-23,M042,1042634
2025-04-23,M043,580734
2025-04-23,M044,494892
2025-04-23,M045,668839
2025-04-23,M046,795086
2025-04-23,M047,912636
2025-04-23,M048,830297
2025-04-24,M001,253406
2025-04-24,M002,232313
2025-04-24,M003,284994
2025-04-24,M004,307981
2025-04-24,M005,584645
2025-04-24,M006,516620
2025-04-24,M007,421988
2025-04-24,M008,230790
2025-04-24,M009,407084
2025-04-24,M010,329239
2025-04-24,M011,429072
2025-04-24,M012,380669
2025-04-24,M013,532232
2025-04-24,M014,470474
2025-04-24,M015,379555
2025-04-24,M016,308172
2025-04-24,M017,575280
2025-04-24,M018,522846
2025-04-24,M019,415699
2025-04-24,M020,417304
2025-04-24,M021,710995
2025-04-24,M022,376179
2025-04-24,M023,472509
2025-04-24,M024,434622
2025-04-24,M025,604828
2025-04-24,M026,568368
2025-04-24,M027,692726
2025-04-24,M028,549580
2025-04-24,M029,639023
2025-04-24,M030,590189
2025-04-24,M031,461774
2025-04-24,M032,409144
2025-04-24,M033,748326
2025-04-24,M034,661406
2025-04-24,M035,860283
2025-04-24,M036,509613
2025-04-24,M037,600664
2025-04-24,M038,539660
2025-04-24,M039,616096
2025-04-24,M040,586861
2025-04-24,M041,956233
2025-04-24,M042,849754
2025-04-24,M043,576135
2025-04-24,M044,450469
2025-04-24,M045,875339
2025-04-24,M046,625137
2025-04-24,M047,856158
2025-04-24,M048,685534
2025-04-25,M001,234665
2025-04-25,M002,185965
2025-04-25,M003,306644
2025-04-25,M004,361319
2025-04-25,M005,507593
2025-04-25,M006,411704
2025-04-25,M007,433905
2025-04-25,M008,290287
2025-04-25,M009,458036
2025-04-25,M010,322471
2025-04-25,M011,453370
2025-04-25,M012,522163
2025-04-25,M013,521480
2025-04-25,M014,391036
2025-04-25,M015,367647
2025-04-25,M016,422782
2025-04-25,M017,601947
2025-04-25,M018,445221
2025-04-25,M019,456068
2025-04-25,M020,494506
2025-04-25,M021,728174
2025-04-25,M022,368391
2025-04-25,M023,496496
2025-04-25,M024,614258
2025-04-25,M025,548214
2025-04-25,M026,424697
2025-04-25,M027,657732
2025-04-25,M028,658082
2025-04-25,M029,626890
2025-04-25,M030,437194
2025-04-25,M031,499571
2025-04-25,M032,596770
2025-04-25,M033,737631
2025-04-25,M034,548358
2025-04-25,M035,772619
2025-04-25,M036,612781
2025-04-25,M037,597933
2025-04-25,M038,441539
2025-04-25,M039,609170
2025-04-25,M040,699590
2025-04-25,M041,975777
2025-04-25,M042,782700
2025-04-25,M043,561189
2025-04-25,M044,573747
2025-04-25,M045,821044
2025-04-25,M046,579406
2025-04-25,M047,772309
2025-04-25,M048,862409
2025-04-26,M001,120207
2025-04-26,M002,245709
2025-04-26,M003,216728
2025-04-26,M004,502470
2025-04-26,M005,284257
2025-04-26,M006,578354
2025-04-26,M007,324511
2025-04-26,M008,334194
2025-04-26,M009,206836
2025-04-26,M010,404812
2025-04-26,M011,334620
2025-04-26,M012,636763
2025-04-26,M013,248168
2025-04-26,M014,558057
2025-04-26,M015,262905
2025-04-26,M016,568155
2025-04-26,M017,296668
2025-04-26,M018,614991
2025-04-26,M019,336028
2025-04-26,M020,587096
2025-04-26,M021,333084
2025-04-26,M022,467526
2025-04-26,M023,405195
2025-04-26,M024,685760
2025-04-26,M025,285844
2025-04-26,M026,613457
2025-04-26,M027,492524
2025-04-26,M028,810272
2025-04-26,M029,293064
2025-04-26,M030,606529
2025-04-26,M031,341119
2025-04-26,M032,670381
2025-04-26,M033,373591
2025-04-26,M034,705076
2025-04-26,M035,607083
2025-04-26,M036,766282
2025-04-26,M037,302829
2025-04-26,M038,570359
2025-04-26,M039,485733
2025-04-26,M040,892699
2025-04-26,M041,507258
2025-04-26,M042,1021262
2025-04-26,M043,414944
2025-04-26,M044,773343
2025-04-26,M045,429720
2025-04-26,M046,763816
2025-04-26,M047,559223
2025-04-26,M048,1134227
2025-04-27,M001,162915
2025-04-27,M002,226142
2025-04-27,M003,295535
2025-04-27,M004,290548
2025-04-27,M005,399465
2025-04-27,M006,500380
2025-04-27,M007,452391
2025-04-27,M008,213883
2025-04-27,M009,305731
2025-04-27,M010,345564
2025-04-27,M011,470855
2025-04-27,M012,393507
2025-04-27,M013,373360
2025-04-27,M014,464968
2025-04-27,M015,388856
2025-04-27,M016,335331
2025-04-27,M017,438428
2025-04-27,M018,561511
2025-04-27,M019,426339
2025-04-27,M020,385276
2025-04-27,M021,458725
2025-04-27,M022,427784
2025-04-27,M023,523294
2025-04-27,M024,462631
2025-04-27,M025,421887
2025-04-27,M026,557869
2025-04-27,M027,706171
2025-04-27,M028,525694
2025-04-27,M029,417012
2025-04-27,M030,533847
2025-04-27,M031,473355
2025-04-27,M032,412223
2025-04-27,M033,533910
2025-04-27,M034,741377
2025-04-27,M035,801243
2025-04-27,M036,542804
2025-04-27,M037,372287
2025-04-27,M038,515178
2025-04-27,M039,611906
2025-04-27,M040,564078
2025-04-27,M041,649351
2025-04-27,M042,819625
2025-04-27,M043,568536
2025-04-27,M044,507321
2025-04-27,M045,546569
2025-04-27,M046,642559
2025-04-27,M047,879619
2025-04-27,M048,728164
2025-04-28,M001,234201
2025-04-28,M002,233278
2025-04-28,M003,300784
2025-04-28,M004,300602
2025-04-28,M005,518642
2025-04-28,M006,458893
2025-04-28,M007,450171
2025-04-28,M008,223343
2025-04-28,M009,398623
2025-04-28,M010,364542
2025-04-28,M011,436479
2025-04-28,M012,398580
2025-04-28,M013,508199
2025-04-28,M014,458859
2025-04-28,M015,356014
2025-04-28,M016,321513
2025-04-28,M017,658366
2025-04-28,M018,560377
2025-04-28,M019,463618
2025-04-28,M020,379439
2025-04-28,M021,683984
2025-04-28,M022,380663
2025-04-28,M023,514652
2025-04-28,M024,449983
2025-04-28,M025,621364
2025-04-28,M026,532690
2025-04-28,M027,597341
2025-04-28,M028,509080
2025-04-28,M029,603078
2025-04-28,M030,529401
2025-04-28,M031,500068
2025-04-28,M032,442366
2025-04-28,M033,842884
2025-04-28,M034,721635
2025-04-28,M035,832076
2025-04-28,M036,545082
2025-04-28,M037,586191
2025-04-28,M038,519643
2025-04-28,M039,610438
2025-04-28,M040,523635
2025-04-28,M041,949723
2025-04-28,M042,854184
2025-04-28,M043,529967
2025-04-28,M044,472104
2025-04-28,M045,872916
2025-04-28,M046,678801
2025-04-28,M047,845992
2025-04-28,M048,652643
2025-04-29,M001,229283
2025-04-29,M002,204711
2025-04-29,M003,301685
2025-04-29,M004,351413
2025-04-29,M005,538717
2025-04-29,M006,388813
2025-04-29,M007,460146
2025-04-29,M008,302009
2025-04-29,M009,451725
2025-04-29,M010,324201
2025-04-29,M011,409962
2025-04-29,M012,542626
2025-04-29,M013,514364
2025-04-29,M014,380459
2025-04-29,M015,343338
2025-04-29,M016,393937
2025-04-29,M017,617979
2025-04-29,M018,489103
2025-04-29,M019,427108
2025-04-29,M020,475736
2025-04-29,M021,669607
2025-04-29,M022,353676
2025-04-29,M023,464595
2025-04-29,M024,614723
2025-04-29,M025,621255
2025-04-29,M026,449757
2025-04-29,M027,593669
2025-04-29,M028,631231
2025-04-29,M029,645732
2025-04-29,M030,467039
2025-04-29,M031,451954
2025-04-29,M032,576985
2025-04-29,M033,818763
2025-04-29,M034,622288
2025-04-29,M035,799413
2025-04-29,M036,614626
2025-04-29,M037,535057
2025-04-29,M038,438803
2025-04-29,M039,589372
2025-04-29,M040,753864
2025-04-29,M041,999711
2025-04-29,M042,784466
2025-04-29,M043,537648
2025-04-29,M044,610570
2025-04-29,M045,895196
2025-04-29,M046,536835
2025-04-29,M047,789678
2025-04-29,M048,917214
2025-04-30,M001,131460
2025-04-30,M002,290702
2025-04-30,M003,241468
2025-04-30,M004,558342
2025-04-30,M005,278388
2025-04-30,M006,574872
2025-04-30,M007,373104
2025-04-30,M008,389220
2025-04-30,M009,245688
2025-04-30,M010,431703
2025-04-30,M011,351814
2025-04-30,M012,705396
2025-04-30,M013,300388
2025-04-30,M014,567292
2025-04-30,M015,286013
2025-04-30,M016,633329
2025-04-30,M017,332476
2025-04-30,M018,625868
2025-04-30,M019,340169
2025-04-30,M020,719125
2025-04-30,M021,384060
2025-04-30,M022,495902
2025-04-30,M023,446773
2025-04-30,M024,808998
2025-04-30,M025,312640
2025-04-30,M026,631631
2025-04-30,M027,532452
2025-04-30,M028,989136
2025-04-30,M029,334492
2025-04-30,M030,716293
2025-04-30,M031,414868
2025-04-30,M032,846112
2025-04-30,M033,430494
2025-04-30,M034,877638
2025-04-30,M035,744923
2025-04-30,M036,883629
2025-04-30,M037,349913
2025-04-30,M038,676783
2025-04-30,M039,570192
2025-04-30,M040,1081051
2025-04-30,M041,557791
2025-04-30,M042,1136278
2025-04-30,M043,465614
2025-04-30,M044,921074
2025-04-30,M045,452899
2025-04-30,M046,776609
2025-04-30,M047,701862
2025-04-30,M048,1169651
2025-05-01,M001,222723
2025-05-01,M002,205296
2025-05-01,M003,279955
2025-05-01,M004,368965
2025-05-01,M005,514170
2025-05-01,M006,413726
2025-05-01,M007,431794
2025-05-01,M008,285199
2025-05-01,M009,443367
2025-05-01,M010,288583
2025-05-01,M011,469122
2025-05-01,M012,537752
2025-05-01,M013,525079
2025-05-01,M014,405761
2025-05-01,M015,353810
2025-05-01,M016,394946
2025-05-01,M017,602868
2025-05-01,M018,435516
2025-05-01,M019,409072
2025-05-01,M020,498528
2025-05-01,M021,731111
2025-05-01,M022,367535
2025-05-01,M023,471786
2025-05-01,M024,579699
2025-05-01,M025,591468
2025-05-01,M026,416767
2025-05-01,M027,601438
2025-05-01,M028,696979
2025-05-01,M029,645731
2025-05-01,M030,462212
2025-05-01,M031,502316
2025-05-01,M032,552680
2025-05-01,M033,813707
2025-05-01,M034,577779
2025-05-01,M035,780625
2025-05-01,M036,593061
2025-05-01,M037,583110
2025-05-01,M038,449701
2025-05-01,M039,651288
2025-05-01,M040,658946
2025-05-01,M041,927551
2025-05-01,M042,685975
2025-05-01,M043,524809
2025-05-01,M044,631084
2025-05-01,M045,807143
2025-05-01,M046,532139
2025-05-01,M047,735402
2025-05-01,M048,856493
2025-05-02,M001,139666
2025-05-02,M002,285542
2025-05-02,M003,247034
2025-05-02,M004,528308
2025-05-02,M005,289255
2025-05-02,M006,578491
2025-05-02,M007,339648
2025-05-02,M008,373647
2025-05-02,M009,220586
2025-05-02,M010,457263
2025-05-02,M011,369425
2025-05-02,M012,680694
2025-05-02,M013,286232
2025-05-02,M014,612152
2025-05-02,M015,286765
2025-05-02,M016,628947
2025-05-02,M017,342996
2025-05-02,M018,683248
2025-05-02,M019,348532
2025-05-02,M020,657821
2025-05-02,M021,401633
2025-05-02,M022,518545
2025-05-02,M023,443949
2025-05-02,M024,767245
2025-05-02,M025,308540
2025-05-02,M026,647491
2025-05-02,M027,569599
2025-05-02,M028,960754
2025-05-02,M029,332499
2025-05-02,M030,675043
2025-05-02,M031,378258
2025-05-02,M032,839091
2025-05-02,M033,442682
2025-05-02,M034,867872
2025-05-02,M035,667078
2025-05-02,M036,882627
2025-05-02,M037,331151
2025-05-02,M038,648968
2025-05-02,M039,551504
2025-05-02,M040,1057312
2025-05-02,M041,539014
2025-05-02,M042,997028
2025-05-02,M043,473253
2025-05-02,M044,910546
2025-05-02,M045,444811
2025-05-02,M046,830837
2025-05-02,M047,671425
2025-05-02,M048,1267120
2025-05-03,M001,163391
2025-05-03,M002,244391
2025-05-03,M003,307018
2025-05-03,M004,301073
2025-05-03,M005,351454
2025-05-03,M006,524482
2025-05-03,M007,425859
2025-05-03,M008,211789
2025-05-03,M009,300792
2025-05-03,M010,328163
2025-05-03,M011,434397
2025-05-03,M012,418417
2025-05-03,M013,338929
2025-05-03,M014,479765
2025-05-03,M015,388505
2025-05-03,M016,353704
2025-05-03,M017,427532
2025-05-03,M018,512017
2025-05-03,M019,426036
2025-05-03,M020,397006
2025-05-03,M021,479091
2025-05-03,M022,426026
2025-05-03,M023,514259
2025-05-03,M024,445532
2025-05-03,M025,389285
2025-05-03,M026,543861
2025-05-03,M027,694195
2025-05-03,M028,538350
2025-05-03,M029,401446
2025-05-03,M030,596094
2025-05-03,M031,514392
2025-05-03,M032,416230
2025-05-03,M033,536060
2025-05-03,M034,674563
2025-05-03,M035,855134
2025-05-03,M036,490769
2025-05-03,M037,401377
2025-05-03,M038,562568
2025-05-03,M039,598623
2025-05-03,M040,551043
2025-05-03,M041,683423
2025-05-03,M042,909915
2025-05-03,M043,552792
2025-05-03,M044,442877
2025-05-03,M045,546382
2025-05-03,M046,625038
2025-05-03,M047,809984
2025-05-03,M048,732700
2025-05-04,M001,211442
2025-05-04,M002,212259
2025-05-04,M003,271059
2025-05-04,M004,238488
2025-05-04,M005,514747
2025-05-04,M006,452660
2025-05-04,M007,370551
2025-05-04,M008,186932
2025-05-04,M009,386554
2025-05-04,M010,334046
2025-05-04,M011,390746
2025-05-04,M012,377898
2025-05-04,M013,458747
2025-05-04,M014,410780
2025-05-04,M015,311480
2025-05-04,M016,292184
2025-05-04,M017,517667
2025-05-04,M018,471938
2025-05-04,M019,377558
2025-05-04,M020,340671
2025-05-04,M021,624360
2025-05-04,M022,348819
2025-05-04,M023,433851
2025-05-04,M024,417914
2025-05-04,M025,502125
2025-05-04,M026,448587
2025-05-04,M027,587856
2025-05-04,M028,442045
2025-05-04,M029,519402
2025-05-04,M030,499098
2025-05-04,M031,426535
2025-05-04,M032,397871
2025-05-04,M033,672622
2025-05-04,M034,595524
2025-05-04,M035,758919
2025-05-04,M036,465678
2025-05-04,M037,494705
2025-05-04,M038,488879
2025-05-04,M039,533844
2025-05-04,M040,535940
2025-05-04,M041,892528
2025-05-04,M042,840806
2025-05-04,M043,467371
2025-05-04,M044,420655
2025-05-04,M045,721461
2025-05-04,M046,643969
2025-05-04,M047,700509
2025-05-04,M048,632000
2025-05-05,M001,237577
2025-05-05,M002,195056
2025-05-05,M003,294529
2025-05-05,M004,375270
2025-05-05,M005,539524
2025-05-05,M006,398591
2025-05-05,M007,404705
2025-05-05,M008,283061
2025-05-05,M009,448219
2025-05-05,M010,292669
2025-05-05,M011,437903
2025-05-05,M012,527085
2025-05-05,M013,482128
2025-05-05,M014,388579
2025-05-05,M015,372843
2025-05-05,M016,429372
2025-05-05,M017,646385
2025-05-05,M018,504174
2025-05-05,M019,456587
2025-05-05,M020,512190
2025-05-05,M021,647283
2025-05-05,M022,330643
2025-05-05,M023,523822
2025-05-05,M024,542626
2025-05-05,M025,589910
2025-05-05,M026,461823
2025-05-05,M027,629190
2025-05-05,M028,695328
2025-05-05,M029,578118
2025-05-05,M030,453928
2025-05-05,M031,436691
2025-05-05,M032,531202
2025-05-05,M033,813176
2025-05-05,M034,608954
2025-05-05,M035,847303
2025-05-05,M036,675245
2025-05-05,M037,537125
2025-05-05,M038,446672
2025-05-05,M039,637935
2025-05-05,M040,686826
2025-05-05,M041,1013956
2025-05-05,M042,770338
2025-05-05,M043,533497
2025-05-05,M044,601754
2025-05-05,M045,833948
2025-05-05,M046,583870
2025-05-05,M047,749256
2025-05-05,M048,852708
2025-05-06,M001,133300
2025-05-06,M002,263866
2025-05-06,M003,243191
2025-05-06,M004,512013
2025-05-06,M005,277488
2025-05-06,M006,556080
2025-05-06,M007,332775
2025-05-06,M008,424301
2025-05-06,M009,235977
2025-05-06,M010,412433
2025-05-06,M011,393623
2025-05-06,M012,743646
2025-05-06,M013,301399
2025-05-06,M014,601048
2025-05-06,M015,317909
2025-05-06,M016,559772
2025-05-06,M017,330904
2025-05-06,M018,632881
2025-05-06,M019,381517
2025-05-06,M020,659731
2025-05-06,M021,383263
2025-05-06,M022,485180
2025-05-06,M023,446974
2025-05-06,M024,767023
2025-05-06,M025,319101
2025-05-06,M026,618748
2025-05-06,M027,526936
2025-05-06,M028,936174
2025-05-06,M029,324231
2025-05-06,M030,650656
2025-05-06,M031,427200
2025-05-06,M032,742570
2025-05-06,M033,434667
2025-05-06,M034,850529
2025-05-06,M035,691385
2025-05-06,M036,907669
2025-05-06,M037,328137
2025-05-06,M038,595685
2025-05-06,M039,566901
2025-05-06,M040,940186
2025-05-06,M041,549974
2025-05-06,M042,1113617
2025-05-06,M043,434746
2025-05-06,M044,889161
2025-05-06,M045,484214
2025-05-06,M046,857201
2025-05-06,M047,661747
2025-05-06,M048,1164399
2025-05-07,M001,166261
2025-05-07,M002,263596
2025-05-07,M003,324035
2025-05-07,M004,311409
2025-05-07,M005,396356
2025-05-07,M006,584780
2025-05-07,M007,516563
2025-05-07,M008,261152
2025-05-07,M009,320218
2025-05-07,M010,396161
2025-05-07,M011,531503
2025-05-07,M012,428538
2025-05-07,M013,382707
2025-05-07,M014,566164
2025-05-07,M015,418075
2025-05-07,M016,346281
2025-05-07,M017,435623
2025-05-07,M018,570454
2025-05-07,M019,493069
2025-05-07,M020,452999
2025-05-07,M021,563684
2025-05-07,M022,447903
2025-05-07,M023,547779
2025-05-07,M024,528050
2025-05-07,M025,449511
2025-05-07,M026,579893
2025-05-07,M027,723880
2025-05-07,M028,519193
2025-05-07,M029,494751
2025-05-07,M030,649392
2025-05-07,M031,565054
2025-05-07,M032,479000
2025-05-07,M033,615308
2025-05-07,M034,714863
2025-05-07,M035,971397
2025-05-07,M036,539029
2025-05-07,M037,413359
2025-05-07,M038,573387
2025-05-07,M039,749674
2025-05-07,M040,588885
2025-05-07,M041,747496
2025-05-07,M042,904846
2025-05-07,M043,637916
2025-05-07,M044,503573
2025-05-07,M045,673834
2025-05-07,M046,704959
2025-05-07,M047,974549
2025-05-07,M048,715690
2025-05-08,M001,256075
2025-05-08,M002,243401
2025-05-08,M003,282434
2025-05-08,M004,299195
2025-05-08,M005,551519
2025-05-08,M006,519616
2025-05-08,M007,451789
2025-05-08,M008,237987
2025-05-08,M009,405949
2025-05-08,M010,348398
2025-05-08,M011,430773
2025-05-08,M012,386961
2025-05-08,M013,523549
2025-05-08,M014,509053
2025-05-08,M015,375857
2025-05-08,M016,315060
2025-05-08,M017,641498
2025-05-08,M018,539491
2025-05-08,M019,459446
2025-05-08,M020,378222
2025-05-08,M021,765187
2025-05-08,M022,377432
2025-05-08,M023,492033
2025-05-08,M024,465403
2025-05-08,M025,621822
2025-05-08,M026,511142
2025-05-08,M027,600764
2025-05-08,M028,543009
2025-05-08,M029,628995
2025-05-08,M030,547167
2025-05-08,M031,500827
2025-05-08,M032,433379
2025-05-08,M033,737850
2025-05-08,M034,672963
2025-05-08,M035,786184
2025-05-08,M036,476673
2025-05-08,M037,597715
2025-05-08,M038,532022
2025-05-08,M039,642578
2025-05-08,M040,573075
2025-05-08,M041,1035018
2025-05-08,M042,799235
2025-05-08,M043,525905
2025-05-08,M044,482159
2025-05-08,M045,917813
2025-05-08,M046,663725
2025-05-08,M047,796094
2025-05-08,M048,679085
2025-05-09,M001,216968
2025-05-09,M002,209001
2025-05-09,M003,294338
2025-05-09,M004,378156
2025-05-09,M005,543984
2025-05-09,M006,389306
2025-05-09,M007,431592
2025-05-09,M008,276528
2025-05-09,M009,401638
2025-05-09,M010,323741
2025-05-09,M011,430037
2025-05-09,M012,523619
2025-05-09,M013,537537
2025-05-09,M014,423674
2025-05-09,M015,324706
2025-05-09,M016,417368
2025-05-09,M017,627978
2025-05-09,M018,475096
2025-05-09,M019,457746
2025-05-09,M020,509091
2025-05-09,M021,704477
2025-05-09,M022,341491
2025-05-09,M023,464408
2025-05-09,M024,580993
2025-05-09,M025,553217
2025-05-09,M026,482345
2025-05-09,M027,590885
2025-05-09,M028,698682
2025-05-09,M029,557446
2025-05-09,M030,465477
2025-05-09,M031,463448
2025-05-09,M032,595866
2025-05-09,M033,819672
2025-05-09,M034,624579
2025-05-09,M035,801551
2025-05-09,M036,610739
2025-05-09,M037,554465
2025-05-09,M038,440205
2025-05-09,M039,600574
2025-05-09,M040,738404
2025-05-09,M041,918931
2025-05-09,M042,706016
2025-05-09,M043,528144
2025-05-09,M044,643269
2025-05-09,M045,888931
2025-05-09,M046,540008
2025-05-09,M047,793301
2025-05-09,M048,840716
2025-05-10,M001,110327
2025-05-10,M002,262597
2025-05-10,M003,223755
2025-05-10,M004,455154
2025-05-10,M005,262087
2025-05-10,M006,529670
2025-05-10,M007,308250
2025-05-10,M008,334847
2025-05-10,M009,208425
2025-05-10,M010,406080
2025-05-10,M011,323388
2025-05-10,M012,688988
2025-05-10,M013,250421
2025-05-10,M014,481719
2025-05-10,M015,249901
2025-05-10,M016,513607
2025-05-10,M017,305557
2025-05-10,M018,605175
2025-05-10,M019,309984
2025-05-10,M020,609786
2025-05-10,M021,368289
2025-05-10,M022,452796
2025-05-10,M023,404103
2025-05-10,M024,783535
2025-05-10,M025,307885
2025-05-10,M026,543448
2025-05-10,M027,482223
2025-05-10,M028,890406
2025-05-10,M029,312700
2025-05-10,M030,556709
2025-05-10,M031,377581
2025-05-10,M032,698664
2025-05-10,M033,398214
2025-05-10,M034,766787
2025-05-10,M035,648637
2025-05-10,M036,833667
2025-05-10,M037,287882
2025-05-10,M038,553424
2025-05-10,M039,481935
2025-05-10,M040,878691
2025-05-10,M041,462097
2025-05-10,M042,982062
2025-05-10,M043,386534
2025-05-10,M044,718661
2025-05-10,M045,402212
2025-05-10,M046,779380
2025-05-10,M047,578744
2025-05-10,M048,1117163
2025-05-11,M001,163916
2025-05-11,M002,235582
2025-05-11,M003,334366
2025-05-11,M004,297876
2025-05-11,M005,394729
2025-05-11,M006,486711
2025-05-11,M007,436660
2025-05-11,M008,208981
2025-05-11,M009,269822
2025-05-11,M010,366924
2025-05-11,M011,433991
2025-05-11,M012,377360
2025-05-11,M013,387845
2025-05-11,M014,470508
2025-05-11,M015,341871
2025-05-11,M016,326724
2025-05-11,M017,434609
2025-05-11,M018,531055
2025-05-11,M019,464675
2025-05-11,M020,413438
2025-05-11,M021,450117
2025-05-11,M022,416415
2025-05-11,M023,528404
2025-05-11,M024,452939
2025-05-11,M025,433724
2025-05-11,M026,535494
2025-05-11,M027,651149
2025-05-11,M028,501406
2025-05-11,M029,389831
2025-05-11,M030,539027
2025-05-11,M031,464052
2025-05-11,M032,440901
2025-05-11,M033,520350
2025-05-11,M034,741690
2025-05-11,M035,812804
2025-05-11,M036,489103
2025-05-11,M037,397287
2025-05-11,M038,557803
2025-05-11,M039,614613
2025-05-11,M040,514123
2025-05-11,M041,632030
2025-05-11,M042,891833
2025-05-11,M043,559045
2025-05-11,M044,465418
2025-05-11,M045,547220
2025-05-11,M046,675191
2025-05-11,M047,779652
2025-05-11,M048,649166
2025-05-12,M001,229063
2025-05-12,M002,234410
2025-05-12,M003,296334
2025-05-12,M004,304855
2025-05-12,M005,516722
2025-05-12,M006,508174
2025-05-12,M007,455825
2025-05-12,M008,208154
2025-05-12,M009,445611
2025-05-12,M010,342945
2025-05-12,M011,446910
2025-05-12,M012,369697
2025-05-12,M013,548761
2025-05-12,M014,443331
2025-05-12,M015,374591
2025-05-12,M016,317495
2025-05-12,M017,617897
2025-05-12,M018,553946
2025-05-12,M019,430300
2025-05-12,M020,384599
2025-05-12,M021,660513
2025-05-12,M022,413043
2025-05-12,M023,501992
2025-05-12,M024,474099
2025-05-12,M025,590934
2025-05-12,M026,523350
2025-05-12,M027,691213
2025-05-12,M028,494821
2025-05-12,M029,652797
2025-05-12,M030,592858
2025-05-12,M031,484471
2025-05-12,M032,422955
2025-05-12,M033,824237
2025-05-12,M034,634098
2025-05-12,M035,835931
2025-05-12,M036,525042
2025-05-12,M037,564906
2025-05-12,M038,494200
2025-05-12,M039,669043
2025-05-12,M040,561779
2025-05-12,M041,970243
2025-05-12,M042,797701
2025-05-12,M043,569165
2025-05-12,M044,444192
2025-05-12,M045,818885
2025-05-12,M046,637345
2025-05-12,M047,806100
2025-05-12,M048,669439
2025-05-13,M001,222237
2025-05-13,M002,212702
2025-05-13,M003,290056
2025-05-13,M004,381057
2025-05-13,M005,550189
2025-05-13,M006,434654
2025-05-13,M007,426948
2025-05-13,M008,293307
2025-05-13,M009,424945
2025-05-13,M010,309577
2025-05-13,M011,457055
2025-05-13,M012,484046
2025-05-13,M013,529647
2025-05-13,M014,409737
2025-05-13,M015,364201
2025-05-13,M016,434906
2025-05-13,M017,649572
2025-05-13,M018,439173
2025-05-13,M019,431517
2025-05-13,M020,483214
2025-05-13,M021,743833
2025-05-13,M022,321990
2025-05-13,M023,476566
2025-05-13,M024,609616
2025-05-13,M025,543836
2025-05-13,M026,415124
2025-05-13,M027,667609
2025-05-13,M028,652259
2025-05-13,M029,622028
2025-05-13,M030,435163
2025-05-13,M031,507876
2025-05-13,M032,558630
2025-05-13,M033,774455
2025-05-13,M034,607392
2025-05-13,M035,832394
2025-05-13,M036,683650
2025-05-13,M037,588260
2025-05-13,M038,429262
2025-05-13,M039,606958
2025-05-13,M040,694203
2025-05-13,M041,1005843
2025-05-13,M042,745593
2025-05-13,M043,549123
2025-05-13,M044,648856
2025-05-13,M045,840052
2025-05-13,M046,604642
2025-05-13,M047,773172
2025-05-13,M048,944867
2025-05-14,M001,141713
2025-05-14,M002,303459
2025-05-14,M003,260949
2025-05-14,M004,534927
2025-05-14,M005,297298
2025-05-14,M006,594035
2025-05-14,M007,372992
2025-05-14,M008,412784
2025-05-14,M009,241317
2025-05-14,M010,417368
2025-05-14,M011,366106
2025-05-14,M012,732862
2025-05-14,M013,306114
2025-05-14,M014,558970
2025-05-14,M015,279421
2025-05-14,M016,550707
2025-05-14,M017,333340
2025-05-14,M018,645476
2025-05-14,M019,363173
2025-05-14,M020,706933
2025-05-14,M021,404341
2025-05-14,M022,509200
2025-05-14,M023,448400
2025-05-14,M024,780626
2025-05-14,M025,314659
2025-05-14,M026,664068
2025-05-14,M027,558703
2025-05-14,M028,918612
2025-05-14,M029,363709
2025-05-14,M030,699241
2025-05-14,M031,400223
2025-05-14,M032,777092
2025-05-14,M033,418246
2025-05-14,M034,791344
2025-05-14,M035,694115
2025-05-14,M036,941136
2025-05-14,M037,346850
2025-05-14,M038,639886
2025-05-14,M039,519301
2025-05-14,M040,1007334
2025-05-14,M041,509691
2025-05-14,M042,1023443
2025-05-14,M043,417295
2025-05-14,M044,793876
2025-05-14,M045,488912
2025-05-14,M046,846002
2025-05-14,M047,659726
2025-05-14,M048,1214575
2025-05-15,M001,168767
2025-05-15,M002,275786
2025-05-15,M003,364795
2025-05-15,M004,306514
2025-05-15,M005,414845
2025-05-15,M006,533295
2025-05-15,M007,456770
2025-05-15,M008,235410
2025-05-15,M009,305248
2025-05-15,M010,421107
2025-05-15,M011,525899
2025-05-15,M012,461067
2025-05-15,M013,392393
2025-05-15,M014,527607
2025-05-15,M015,424078
2025-05-15,M016,376382
2025-05-15,M017,424824
2025-05-15,M018,612050
2025-05-15,M019,463557
2025-05-15,M020,398513
2025-05-15,M021,530441
2025-05-15,M022,483729
2025-05-15,M023,593890
2025-05-15,M024,500230
2025-05-15,M025,464560
2025-05-15,M026,611432
2025-05-15,M027,785080
2025-05-15,M028,542298
2025-05-15,M029,494074
2025-05-15,M030,661994
2025-05-15,M031,518380
2025-05-15,M032,478755
2025-05-15,M033,567672
2025-05-15,M034,810473
2025-05-15,M035,933745
2025-05-15,M036,543228
2025-05-15,M037,443254
2025-05-15,M038,598921
2025-05-15,M039,681052
2025-05-15,M040,591342
2025-05-15,M041,779201
2025-05-15,M042,992601
2025-05-15,M043,581708
2025-05-15,M044,554247
2025-05-15,M045,627281
2025-05-15,M046,762792
2025-05-15,M047,958825
2025-05-15,M048,710584
2025-05-16,M001,241817
2025-05-16,M002,215635
2025-05-16,M003,324663
2025-05-16,M004,305201
2025-05-16,M005,511541
2025-05-16,M006,509805
2025-05-16,M007,433329
2025-05-16,M008,208603
2025-05-16,M009,435535
2025-05-16,M010,366863
2025-05-16,M011,441298
2025-05-16,M012,412367
2025-05-16,M013,537460
2025-05-16,M014,471138
2025-05-16,M015,340505
2025-05-16,M016,354457
2025-05-16,M017,580622
2025-05-16,M018,539505
2025-05-16,M019,397019
2025-05-16,M020,382192
2025-05-16,M021,743028
2025-05-16,M022,391421
2025-05-16,M023,484863
2025-05-16,M024,457030
2025-05-16,M025,614920
2025-05-16,M026,520806
2025-05-16,M027,627728
2025-05-16,M028,539355
2025-05-16,M029,629279
2025-05-16,M030,521390
2025-05-16,M031,465364
2025-05-16,M032,433382
2025-05-16,M033,830939
2025-05-16,M034,697324
2025-05-16,M035,832778
2025-05-16,M036,534055
2025-05-16,M037,554534
2025-05-16,M038,531022
2025-05-16,M039,655726
2025-05-16,M040,584496
2025-05-16,M041,940898
2025-05-16,M042,883318
2025-05-16,M043,551882
2025-05-16,M044,457675
2025-05-16,M045,895224
2025-05-16,M046,713375
2025-05-16,M047,858587
2025-05-16,M048,693272
2025-05-17,M001,203214
2025-05-17,M002,168579
2025-05-17,M003,257654
2025-05-17,M004,332571
2025-05-17,M005,494902
2025-05-17,M006,352699
2025-05-17,M007,359025
2025-05-17,M008,247209
2025-05-17,M009,366096
2025-05-17,M010,279738
2025-05-17,M011,398340
2025-05-17,M012,482170
2025-05-17,M013,460654
2025-05-17,M014,340014
2025-05-17,M015,310392
2025-05-17,M016,381268
2025-05-17,M017,550060
2025-05-17,M018,447084
2025-05-17,M019,402466
2025-05-17,M020,454791
2025-05-17,M021,673551
2025-05-17,M022,312353
2025-05-17,M023,446146
2025-05-17,M024,561626
2025-05-17,M025,486658
2025-05-17,M026,429190
2025-05-17,M027,546490
2025-05-17,M028,612990
2025-05-17,M029,572697
2025-05-17,M030,399561
2025-05-17,M031,412534
2025-05-17,M032,473506
2025-05-17,M033,698503
2025-05-17,M034,494643
2025-05-17,M035,690106
2025-05-17,M036,597010
2025-05-17,M037,498191
2025-05-17,M038,384642
2025-05-17,M039,549057
2025-05-17,M040,676455
2025-05-17,M041,888393
2025-05-17,M042,669884
2025-05-17,M043,487176
2025-05-17,M044,509096
2025-05-17,M045,821153
2025-05-17,M046,521047
2025-05-17,M047,714367
2025-05-17,M048,852459
2025-05-18,M001,123363
2025-05-18,M002,258906
2025-05-18,M003,215689
2025-05-18,M004,456711
2025-05-18,M005,281468
2025-05-18,M006,527704
2025-05-18,M007,313049
2025-05-18,M008,346649
2025-05-18,M009,209143
2025-05-18,M010,367830
2025-05-18,M011,320258
2025-05-18,M012,624192
2025-05-18,M013,259223
2025-05-18,M014,493931
2025-05-18,M015,256589
2025-05-18,M016,538900
2025-05-18,M017,296149
2025-05-18,M018,571072
2025-05-18,M019,315231
2025-05-18,M020,635847
2025-05-18,M021,375641
2025-05-18,M022,444695
2025-05-18,M023,371205
2025-05-18,M024,732540
2025-05-18,M025,294725
2025-05-18,M026,559351
2025-05-18,M027,503012
2025-05-18,M028,852674
2025-05-18,M029,283451
2025-05-18,M030,614074
2025-05-18,M031,343046
2025-05-18,M032,708006
2025-05-18,M033,390343
2025-05-18,M034,701733
2025-05-18,M035,651012
2025-05-18,M036,794512
2025-05-18,M037,300621
2025-05-18,M038,611759
2025-05-18,M039,484923
2025-05-18,M040,974078
2025-05-18,M041,465203
2025-05-18,M042,918950
2025-05-18,M043,405237
2025-05-18,M044,803192
2025-05-18,M045,451267
2025-05-18,M046,755400
2025-05-18,M047,615351
2025-05-18,M048,1071189
2025-05-19,M001,178202
2025-05-19,M002,260197
2025-05-19,M003,344169
2025-05-19,M004,296447
2025-05-19,M005,395030
2025-05-19,M006,547711
2025-05-19,M007,467297
2025-05-19,M008,249607
2025-05-19,M009,311645
2025-05-19,M010,370152
2025-05-19,M011,484525
2025-05-19,M012,437825
2025-05-19,M013,380779
2025-05-19,M014,544902
2025-05-19,M015,429800
2025-05-19,M016,368547
2025-05-19,M017,491239
2025-05-19,M018,615110
2025-05-19,M019,490720
2025-05-19,M020,450000
2025-05-19,M021,520492
2025-05-19,M022,466179
2025-05-19,M023,594502
2025-05-19,M024,487506
2025-05-19,M025,457758
2025-05-19,M026,570240
2025-05-19,M027,703465
2025-05-19,M028,581933
2025-05-19,M029,482594
2025-05-19,M030,646002
2025-05-19,M031,527474
2025-05-19,M032,467816
2025-05-19,M033,549166
2025-05-19,M034,750859
2025-05-19,M035,936384
2025-05-19,M036,595326
2025-05-19,M037,468507
2025-05-19,M038,619422
2025-05-19,M039,660094
2025-05-19,M040,592015
2025-05-19,M041,719347
2025-05-19,M042,988072
2025-05-19,M043,598498
2025-05-19,M044,492801
2025-05-19,M045,669221
2025-05-19,M046,772124
2025-05-19,M047,846622
2025-05-19,M048,755737
2025-05-20,M001,241537
2025-05-20,M002,240725
2025-05-20,M003,319364
2025-05-20,M004,268335
2025-05-20,M005,575407
2025-05-20,M006,462129
2025-05-20,M007,462975
2025-05-20,M008,211194
2025-05-20,M009,434845
2025-05-20,M010,362709
2025-05-20,M011,411017
2025-05-20,M012,399803
2025-05-20,M013,565325
2025-05-20,M014,509758
2025-05-20,M015,334629
2025-05-20,M016,302567
2025-05-20,M017,578181
2025-05-20,M018,526047
2025-05-20,M019,444116
2025-05-20,M020,365013
2025-05-20,M021,678809
2025-05-20,M022,402392
2025-05-20,M023,504920
2025-05-20,M024,425332
2025-05-20,M025,627285
2025-05-20,M026,563849
2025-05-20,M027,687201
2025-05-20,M028,480647
2025-05-20,M029,580024
2025-05-20,M030,582000
2025-05-20,M031,502910
2025-05-20,M032,402635
2025-05-20,M033,732712
2025-05-20,M034,668599
2025-05-20,M035,868563
2025-05-20,M036,500176
2025-05-20,M037,563553
2025-05-20,M038,522006
2025-05-20,M039,625044
2025-05-20,M040,600414
2025-05-20,M041,1065840
2025-05-20,M042,927399
2025-05-20,M043,494629
2025-05-20,M044,469150
2025-05-20,M045,924498
2025-05-20,M046,630946
2025-05-20,M047,774795
2025-05-20,M048,672380
2025-05-21,M001,222985
2025-05-21,M002,211966
2025-05-21,M003,296584
2025-05-21,M004,354864
2025-05-21,M005,530668
2025-05-21,M006,430689
2025-05-21,M007,438340
2025-05-21,M008,294296
2025-05-21,M009,404192
2025-05-21,M010,311012
2025-05-21,M011,413197
2025-05-21,M012,522216
2025-05-21,M013,520244
2025-05-21,M014,384695
2025-05-21,M015,353574
2025-05-21,M016,417160
2025-05-21,M017,631044
2025-05-21,M018,463104
2025-05-21,M019,439934
2025-05-21,M020,522391
2025-05-21,M021,688146
2025-05-21,M022,357420
2025-05-21,M023,513930
2025-05-21,M024,563789
2025-05-21,M025,564569
2025-05-21,M026,427277
2025-05-21,M027,616609
2025-05-21,M028,600517
2025-05-21,M029,559392
2025-05-21,M030,430645
2025-05-21,M031,469789
2025-05-21,M032,520581
2025-05-21,M033,754482
2025-05-21,M034,557602
2025-05-21,M035,767944
2025-05-21,M036,601360
2025-05-21,M037,584370
2025-05-21,M038,447636
2025-05-21,M039,625974
2025-05-21,M040,721764
2025-05-21,M041,998632
2025-05-21,M042,709942
2025-05-21,M043,516556
2025-05-21,M044,601906
2025-05-21,M045,813306
2025-05-21,M046,571884
2025-05-21,M047,815761
2025-05-21,M048,905910
2025-05-22,M001,136742
2025-05-22,M002,289321
2025-05-22,M003,256489
2025-05-22,M004,512425
2025-05-22,M005,319584
2025-05-22,M006,566861
2025-05-22,M007,355618
2025-05-22,M008,406874
2025-05-22,M009,243096
2025-05-22,M010,411574
2025-05-22,M011,342633
2025-05-22,M012,739513
2025-05-22,M013,314132
2025-05-22,M014,551052
2025-05-22,M015,295735
2025-05-22,M016,574725
2025-05-22,M017,331033
2025-05-22,M018,686009
2025-05-22,M019,381166
2025-05-22,M020,667342
2025-05-22,M021,421063
2025-05-22,M022,509858
2025-05-22,M023,408511
2025-05-22,M024,871998
2025-05-22,M025,323782
2025-05-22,M026,669154
2025-05-22,M027,564867
2025-05-22,M028,899626
2025-05-22,M029,335319
2025-05-22,M030,708397
2025-05-22,M031,398228
2025-05-22,M032,796167
2025-05-22,M033,445367
2025-05-22,M034,788785
2025-05-22,M035,718249
2025-05-22,M036,915854
2025-05-22,M037,306932
2025-05-22,M038,603937
2025-05-22,M039,493208
2025-05-22,M040,989295
2025-05-22,M041,558145
2025-05-22,M042,998001
2025-05-22,M043,410709
2025-05-22,M044,819857
2025-05-22,M045,472307
2025-05-22,M046,790292
2025-05-22,M047,678697
2025-05-22,M048,1291021
2025-05-23,M001,177207
2025-05-23,M002,267632
2025-05-23,M003,353290
2025-05-23,M004,318987
2025-05-23,M005,397549
2025-05-23,M006,562974
2025-05-23,M007,464644
2025-05-23,M008,245179
2025-05-23,M009,314862
2025-05-23,M010,403691
2025-05-23,M011,461175
2025-05-23,M012,473269
2025-05-23,M013,384021
2025-05-23,M014,528598
2025-05-23,M015,420573
2025-05-23,M016,353908
2025-05-23,M017,462562
2025-05-23,M018,634399
2025-05-23,M019,468855
2025-05-23,M020,401495
2025-05-23,M021,534217
2025-05-23,M022,437370
2025-05-23,M023,543500
2025-05-23,M024,475871
2025-05-23,M025,435128
2025-05-23,M026,630788
2025-05-23,M027,686047
2025-05-23,M028,551060
2025-05-23,M029,449125
2025-05-23,M030,591069
2025-05-23,M031,570878
2025-05-23,M032,442094
2025-05-23,M033,557587
2025-05-23,M034,793586
2025-05-23,M035,987902
2025-05-23,M036,527286
2025-05-23,M037,462261
2025-05-23,M038,629306
2025-05-23,M039,749580
2025-05-23,M040,624479
2025-05-23,M041,800022
2025-05-23,M042,962265
2025-05-23,M043,588607
2025-05-23,M044,562130
2025-05-23,M045,675725
2025-05-23,M046,809809
2025-05-23,M047,911381
2025-05-23,M048,757252
2025-05-24,M001,201562
2025-05-24,M002,198587
2025-05-24,M003,283092
2025-05-24,M004,262825
2025-05-24,M005,500871
2025-05-24,M006,443629
2025-05-24,M007,407015
2025-05-24,M008,202430
2025-05-24,M009,363144
2025-05-24,M010,305147
2025-05-24,M011,404120
2025-05-24,M012,339190
2025-05-24,M013,516850
2025-05-24,M014,453567
2025-05-24,M015,313789
2025-05-24,M016,306256
2025-05-24,M017,532171
2025-05-24,M018,534132
2025-05-24,M019,368774
2025-05-24,M020,344193
2025-05-24,M021,599737
2025-05-24,M022,387040
2025-05-24,M023,457410
2025-05-24,M024,378592
2025-05-24,M025,550757
2025-05-24,M026,505071
2025-05-24,M027,599985
2025-05-24,M028,422180
2025-05-24,M029,514243
2025-05-24,M030,518902
2025-05-24,M031,417604
2025-05-24,M032,362033
2025-05-24,M033,740419
2025-05-24,M034,625177
2025-05-24,M035,768184
2025-05-24,M036,420217
2025-05-24,M037,520637
2025-05-24,M038,472702
2025-05-24,M039,594245
2025-05-24,M040,504952
2025-05-24,M041,919531
2025-05-24,M042,822476
2025-05-24,M043,440424
2025-05-24,M044,424104
2025-05-24,M045,735297
2025-05-24,M046,599737
2025-05-24,M047,747319
2025-05-24,M048,584917
2025-05-25,M001,221412
2025-05-25,M002,171811
2025-05-25,M003,272328
2025-05-25,M004,310585
2025-05-25,M005,503958
2025-05-25,M006,346552
2025-05-25,M007,358445
2025-05-25,M008,272281
2025-05-25,M009,360523
2025-05-25,M010,278299
2025-05-25,M011,376532
2025-05-25,M012,447027
2025-05-25,M013,478954
2025-05-25,M014,375493
2025-05-25,M015,304869
2025-05-25,M016,399169
2025-05-25,M017,499809
2025-05-25,M018,450648
2025-05-25,M019,402579
2025-05-25,M020,422340
2025-05-25,M021,602069
2025-05-25,M022,324327
2025-05-25,M023,468415
2025-05-25,M024,479383
2025-05-25,M025,513536
2025-05-25,M026,435137
2025-05-25,M027,545166
2025-05-25,M028,611533
2025-05-25,M029,533205
2025-05-25,M030,413346
2025-05-25,M031,429296
2025-05-25,M032,524325
2025-05-25,M033,697734
2025-05-25,M034,564147
2025-05-25,M035,757318
2025-05-25,M036,535600
2025-05-25,M037,497943
2025-05-25,M038,391804
2025-05-25,M039,599522
2025-05-25,M040,632205
2025-05-25,M041,943099
2025-05-25,M042,627261
2025-05-25,M043,463405
2025-05-25,M044,509970
2025-05-25,M045,738795
2025-05-25,M046,542363
2025-05-25,M047,665297
2025-05-25,M048,831126
2025-05-26,M001,130663
2025-05-26,M002,285980
2025-05-26,M003,235908
2025-05-26,M004,489009
2025-05-26,M005,292271
2025-05-26,M006,605143
2025-05-26,M007,383922
2025-05-26,M008,417402
2025-05-26,M009,253186
2025-05-26,M010,452930
2025-05-26,M011,379647
2025-05-26,M012,669518
2025-05-26,M013,310464
2025-05-26,M014,555079
2025-05-26,M015,271582
2025-05-26,M016,588876
2025-05-26,M017,359916
2025-05-26,M018,693127
2025-05-26,M019,335372
2025-05-26,M020,645134
2025-05-26,M021,369751
2025-05-26,M022,507979
2025-05-26,M023,437680
2025-05-26,M024,841124
2025-05-26,M025,332352
2025-05-26,M026,675493
2025-05-26,M027,552637
2025-05-26,M028,874104
2025-05-26,M029,331416
2025-05-26,M030,628878
2025-05-26,M031,390970
2025-05-26,M032,768051
2025-05-26,M033,448016
2025-05-26,M034,842344
2025-05-26,M035,708915
2025-05-26,M036,892932
2025-05-26,M037,323081
2025-05-26,M038,628922
2025-05-26,M039,528771
2025-05-26,M040,1057404
2025-05-26,M041,522687
2025-05-26,M042,986947
2025-05-26,M043,416757
2025-05-26,M044,877259
2025-05-26,M045,502567
2025-05-26,M046,829672
2025-05-26,M047,704886
2025-05-26,M048,1188233
2025-05-27,M001,171615
2025-05-27,M002,259451
2025-05-27,M003,335055
2025-05-27,M004,305538
2025-05-27,M005,417216
2025-05-27,M006,586401
2025-05-27,M007,498440
2025-05-27,M008,248402
2025-05-27,M009,311144
2025-05-27,M010,365030
2025-05-27,M011,497909
2025-05-27,M012,423024
2025-05-27,M013,383664
2025-05-27,M014,505759
2025-05-27,M015,413445
2025-05-27,M016,375406
2025-05-27,M017,479373
2025-05-27,M018,598282
2025-05-27,M019,454452
2025-05-27,M020,450623
2025-05-27,M021,524292
2025-05-27,M022,475815
2025-05-27,M023,546800
2025-05-27,M024,483025
2025-05-27,M025,438734
2025-05-27,M026,624751
2025-05-27,M027,729126
2025-05-27,M028,582816
2025-05-27,M029,476972
2025-05-27,M030,609824
2025-05-27,M031,518184
2025-05-27,M032,451230
2025-05-27,M033,633144
2025-05-27,M034,825816
2025-05-27,M035,1002668
2025-05-27,M036,549620
2025-05-27,M037,458623
2025-05-27,M038,548207
2025-05-27,M039,731213
2025-05-27,M040,651823
2025-05-27,M041,767809
2025-05-27,M042,947796
2025-05-27,M043,581071
2025-05-27,M044,553311
2025-05-27,M045,641126
2025-05-27,M046,766439
2025-05-27,M047,946666
2025-05-27,M048,822162
2025-05-28,M001,222482
2025-05-28,M002,247806
2025-05-28,M003,294245
2025-05-28,M004,304290
2025-05-28,M005,578827
2025-05-28,M006,467510
2025-05-28,M007,454311
2025-05-28,M008,226767
2025-05-28,M009,419948
2025-05-28,M010,366050
2025-05-28,M011,429948
2025-05-28,M012,422911
2025-05-28,M013,538643
2025-05-28,M014,496375
2025-05-28,M015,363350
2025-05-28,M016,303749
2025-05-28,M017,647114
2025-05-28,M018,584218
2025-05-28,M019,401707
2025-05-28,M020,369377
2025-05-28,M021,728535
2025-05-28,M022,397554
2025-05-28,M023,520626
2025-05-28,M024,464419
2025-05-28,M025,597518
2025-05-28,M026,497465
2025-05-28,M027,637272
2025-05-28,M028,486252
2025-05-28,M029,638069
2025-05-28,M030,566700
2025-05-28,M031,461893
2025-05-28,M032,445805
2025-05-28,M033,789755
2025-05-28,M034,686820
2025-05-28,M035,774302
2025-05-28,M036,540012
2025-05-28,M037,611122
2025-05-28,M038,547616
2025-05-28,M039,642064
2025-05-28,M040,572073
2025-05-28,M041,998040
2025-05-28,M042,885685
2025-05-28,M043,512914
2025-05-28,M044,486543
2025-05-28,M045,838648
2025-05-28,M046,700233
2025-05-28,M047,756310
2025-05-28,M048,699493
2025-05-29,M001,242600
2025-05-29,M002,208649
2025-05-29,M003,307008
2025-05-29,M004,389662
2025-05-29,M005,499788
2025-05-29,M006,410762
2025-05-29,M007,417011
2025-05-29,M008,288896
2025-05-29,M009,442597
2025-05-29,M010,288960
2025-05-29,M011,423217
2025-05-29,M012,525309
2025-05-29,M013,557368
2025-05-29,M014,430213
2025-05-29,M015,332017
2025-05-29,M016,387312
2025-05-29,M017,637178
2025-05-29,M018,480171
2025-05-29,M019,452398
2025-05-29,M020,515482
2025-05-29,M021,734495
2025-05-29,M022,363657
2025-05-29,M023,526160
2025-05-29,M024,605840
2025-05-29,M025,621459
2025-05-29,M026,465852
2025-05-29,M027,668349
2025-05-29,M028,631213
2025-05-29,M029,618052
2025-05-29,M030,458610
2025-05-29,M031,442655
2025-05-29,M032,518692
2025-05-29,M033,744611
2025-05-29,M034,569532
2025-05-29,M035,826590
2025-05-29,M036,662691
2025-05-29,M037,615074
2025-05-29,M038,452962
2025-05-29,M039,669335
2025-05-29,M040,757996
2025-05-29,M041,982241
2025-05-29,M042,719392
2025-05-29,M043,553163
2025-05-29,M044,631580
2025-05-29,M045,894180
2025-05-29,M046,527047
2025-05-29,M047,832439
2025-05-29,M048,872200
2025-05-30,M001,124579
2025-05-30,M002,273301
2025-05-30,M003,234970
2025-05-30,M004,553931
2025-05-30,M005,317526
2025-05-30,M006,544633
2025-05-30,M007,373500
2025-05-30,M008,425445
2025-05-30,M009,231434
2025-05-30,M010,441639
2025-05-30,M011,362256
2025-05-30,M012,761868
2025-05-30,M013,272909
2025-05-30,M014,602222
2025-05-30,M015,287298
2025-05-30,M016,558246
2025-05-30,M017,312453
2025-05-30,M018,673886
2025-05-30,M019,374558
2025-05-30,M020,755906
2025-05-30,M021,389513
2025-05-30,M022,482370
2025-05-30,M023,441714
2025-05-30,M024,835362
2025-05-30,M025,316130
2025-05-30,M026,651500
2025-05-30,M027,547383
2025-05-30,M028,967061
2025-05-30,M029,331858
2025-05-30,M030,707377
2025-05-30,M031,428832
2025-05-30,M032,772051
2025-05-30,M033,444531
2025-05-30,M034,841106
2025-05-30,M035,693050
2025-05-30,M036,956286
2025-05-30,M037,328663
2025-05-30,M038,663795
2025-05-30,M039,488430
2025-05-30,M040,1038294
2025-05-30,M041,560191
2025-05-30,M042,1066748
2025-05-30,M043,433688
2025-05-30,M044,810850
2025-05-30,M045,454987
2025-05-30,M046,761228
2025-05-30,M047,695643
2025-05-30,M048,1206758
2025-05-31,M001,161226
2025-05-31,M002,239948
2025-05-31,M003,322771
2025-05-31,M004,277201
2025-05-31,M005,374607
2025-05-31,M006,495878
2025-05-31,M007,464549
2025-05-31,M008,214942
2025-05-31,M009,289791
2025-05-31,M010,357120
2025-05-31,M011,475017
2025-05-31,M012,426340
2025-05-31,M013,349413
2025-05-31,M014,494124
2025-05-31,M015,333620
2025-05-31,M016,311483
2025-05-31,M017,383616
2025-05-31,M018,576767
2025-05-31,M019,437294
2025-05-31,M020,376432
2025-05-31,M021,518525
2025-05-31,M022,429827
2025-05-31,M023,475551
2025-05-31,M024,426076
2025-05-31,M025,412351
2025-05-31,M026,560635
2025-05-31,M027,681887
2025-05-31,M028,478090
2025-05-31,M029,413920
2025-05-31,M030,547539
2025-05-31,M031,505778
2025-05-31,M032,413127
2025-05-31,M033,496738
2025-05-31,M034,730629
2025-05-31,M035,815153
2025-05-31,M036,463221
2025-05-31,M037,373638
2025-05-31,M038,497609
2025-05-31,M039,618948
2025-05-31,M040,525930
2025-05-31,M041,651378
2025-05-31,M042,863764
2025-05-31,M043,570814
2025-05-31,M044,495389
2025-05-31,M045,568049
2025-05-31,M046,644860
2025-05-31,M047,765192
2025-05-31,M048,689695
2025-06-01,M001,253578
2025-06-01,M002,215800
2025-06-01,M003,310175
2025-06-01,M004,417359
2025-06-01,M005,578477
2025-06-01,M006,464530
2025-06-01,M007,428541
2025-06-01,M008,287526
2025-06-01,M009,460395
2025-06-01,M010,348346
2025-06-01,M011,487454
2025-06-01,M012,541306
2025-06-01,M013,515653
2025-06-01,M014,459022
2025-06-01,M015,350162
2025-06-01,M016,467711
2025-06-01,M017,655068
2025-06-01,M018,527057
2025-06-01,M019,464204
2025-06-01,M020,543064
2025-06-01,M021,764348
2025-06-01,M022,368164
2025-06-01,M023,570941
2025-06-01,M024,578495
2025-06-01,M025,579471
2025-06-01,M026,464835
2025-06-01,M027,702203
2025-06-01,M028,652606
2025-06-01,M029,656269
2025-06-01,M030,476447
2025-06-01,M031,547528
2025-06-01,M032,611271
2025-06-01,M033,818912
2025-06-01,M034,671513
2025-06-01,M035,919726
2025-06-01,M036,654106
2025-06-01,M037,618554
2025-06-01,M038,443514
2025-06-01,M039,624263
2025-06-01,M040,789490
2025-06-01,M041,1026511
2025-06-01,M042,751700
2025-06-01,M043,541476
2025-06-01,M044,638048
2025-06-01,M045,870969
2025-06-01,M046,587386
2025-06-01,M047,796333
2025-06-01,M048,992071
2025-06-02,M001,155762
2025-06-02,M002,345413
2025-06-02,M003,324414
2025-06-02,M004,625293
2025-06-02,M005,349635
2025-06-02,M006,736795
2025-06-02,M007,439748
2025-06-02,M008,474034
2025-06-02,M009,266513
2025-06-02,M010,472286
2025-06-02,M011,460071
2025-06-02,M012,824198
2025-06-02,M013,369981
2025-06-02,M014,678634
2025-06-02,M015,324605
2025-06-02,M016,701196
2025-06-02,M017,388034
2025-06-02,M018,753749
2025-06-02,M019,431615
2025-06-02,M020,804483
2025-06-02,M021,491697
2025-06-02,M022,573438
2025-06-02,M023,503610
2025-06-02,M024,1006239
2025-06-02,M025,356599
2025-06-02,M026,768445
2025-06-02,M027,644613
2025-06-02,M028,1101210
2025-06-02,M029,400730
2025-06-02,M030,774000
2025-06-02,M031,438235
2025-06-02,M032,920465
2025-06-02,M033,519272
2025-06-02,M034,1051423
2025-06-02,M035,775101
2025-06-02,M036,1149846
2025-06-02,M037,365844
2025-06-02,M038,732243
2025-06-02,M039,592082
2025-06-02,M040,1144179
2025-06-02,M041,680022
2025-06-02,M042,1205600
2025-06-02,M043,536578
2025-06-02,M044,1048315
2025-06-02,M045,535353
2025-06-02,M046,930839
2025-06-02,M047,783275
2025-06-02,M048,1606112
2025-06-03,M001,214819
2025-06-03,M002,310951
2025-06-03,M003,387577
2025-06-03,M004,368142
2025-06-03,M005,514847
2025-06-03,M006,619232
2025-06-03,M007,625049
2025-06-03,M008,312001
2025-06-03,M009,414351
2025-06-03,M010,464048
2025-06-03,M011,616672
2025-06-03,M012,512068
2025-06-03,M013,501951
2025-06-03,M014,622163
2025-06-03,M015,499112
2025-06-03,M016,440654
2025-06-03,M017,561937
2025-06-03,M018,689133
2025-06-03,M019,575860
2025-06-03,M020,511128
2025-06-03,M021,644182
2025-06-03,M022,508841
2025-06-03,M023,661795
2025-06-03,M024,633945
2025-06-03,M025,568120
2025-06-03,M026,699718
2025-06-03,M027,854889
2025-06-03,M028,716275
2025-06-03,M029,567788
2025-06-03,M030,758275
2025-06-03,M031,599321
2025-06-03,M032,527134
2025-06-03,M033,716635
2025-06-03,M034,927172
2025-06-03,M035,1157511
2025-06-03,M036,631520
2025-06-03,M037,559547
2025-06-03,M038,659067
2025-06-03,M039,846308
2025-06-03,M040,676056
2025-06-03,M041,864374
2025-06-03,M042,1091247
2025-06-03,M043,707626
2025-06-03,M044,582397
2025-06-03,M045,716602
2025-06-03,M046,959493
2025-06-03,M047,1062151
2025-06-03,M048,967654
2025-06-04,M001,282587
2025-06-04,M002,289212
2025-06-04,M003,337126
2025-06-04,M004,325318
2025-06-04,M005,639982
2025-06-04,M006,590015
2025-06-04,M007,552021
2025-06-04,M008,270000
2025-06-04,M009,480268
2025-06-04,M010,397697
2025-06-04,M011,485114
2025-06-04,M012,441529
2025-06-04,M013,589445
2025-06-04,M014,545336
2025-06-04,M015,405598
2025-06-04,M016,371473
2025-06-04,M017,677496
2025-06-04,M018,637414
2025-06-04,M019,503679
2025-06-04,M020,432240
2025-06-04,M021,876815
2025-06-04,M022,490991
2025-06-04,M023,600772
2025-06-04,M024,506027
2025-06-04,M025,670299
2025-06-04,M026,618848
2025-06-04,M027,801252
2025-06-04,M028,597690
2025-06-04,M029,741923
2025-06-04,M030,618740
2025-06-04,M031,607049
2025-06-04,M032,537840
2025-06-04,M033,957237
2025-06-04,M034,854150
2025-06-04,M035,997024
2025-06-04,M036,566925
2025-06-04,M037,681800
2025-06-04,M038,635063
2025-06-04,M039,718869
2025-06-04,M040,648672
2025-06-04,M041,1215555
2025-06-04,M042,978164
2025-06-04,M043,609836
2025-06-04,M044,593685
2025-06-04,M045,1084620
2025-06-04,M046,813873
2025-06-04,M047,1010309
2025-06-04,M048,842189
2025-06-05,M001,279212
2025-06-05,M002,220993
2025-06-05,M003,367959
2025-06-05,M004,437829
2025-06-05,M005,633034
2025-06-05,M006,496974
2025-06-05,M007,492060
2025-06-05,M008,349405
2025-06-05,M009,522767
2025-06-05,M010,329739
2025-06-05,M011,537190
2025-06-05,M012,566486
2025-06-05,M013,574124
2025-06-05,M014,516255
2025-06-05,M015,410534
2025-06-05,M016,463763
2025-06-05,M017,745609
2025-06-05,M018,518233
2025-06-05,M019,490757
2025-06-05,M020,596508
2025-06-05,M021,767138
2025-06-05,M022,399404
2025-06-05,M023,599230
2025-06-05,M024,712059
2025-06-05,M025,674738
2025-06-05,M026,509872
2025-06-05,M027,793715
2025-06-05,M028,741019
2025-06-05,M029,705286
2025-06-05,M030,576598
2025-06-05,M031,593046
2025-06-05,M032,615949
2025-06-05,M033,942693
2025-06-05,M034,674791
2025-06-05,M035,1019118
2025-06-05,M036,748395
2025-06-05,M037,654383
2025-06-05,M038,495413
2025-06-05,M039,778505
2025-06-05,M040,892030
2025-06-05,M041,1107810
2025-06-05,M042,817862
2025-06-05,M043,638837
2025-06-05,M044,746455
2025-06-05,M045,989478
2025-06-05,M046,674469
2025-06-05,M047,988038
2025-06-05,M048,1089363
2025-06-06,M001,149993
2025-06-06,M002,357993
2025-06-06,M003,287117
2025-06-06,M004,599040
2025-06-06,M005,342047
2025-06-06,M006,700772
2025-06-06,M007,400746
2025-06-06,M008,460328
2025-06-06,M009,286878
2025-06-06,M010,529616
2025-06-06,M011,452150
2025-06-06,M012,896728
2025-06-06,M013,355996
2025-06-06,M014,709882
2025-06-06,M015,366743
2025-06-06,M016,735862
2025-06-06,M017,396384
2025-06-06,M018,760961
2025-06-06,M019,414383
2025-06-06,M020,858878
2025-06-06,M021,485091
2025-06-06,M022,615872
2025-06-06,M023,508290
2025-06-06,M024,943865
2025-06-06,M025,385113
2025-06-06,M026,807997
2025-06-06,M027,672767
2025-06-06,M028,1104453
2025-06-06,M029,385500
2025-06-06,M030,753737
2025-06-06,M031,492596
2025-06-06,M032,933797
2025-06-06,M033,506401
2025-06-06,M034,986471
2025-06-06,M035,829728
2025-06-06,M036,1106397
2025-06-06,M037,387263
2025-06-06,M038,742619
2025-06-06,M039,658144
2025-06-06,M040,1281765
2025-06-06,M041,685101
2025-06-06,M042,1178898
2025-06-06,M043,556180
2025-06-06,M044,1093363
2025-06-06,M045,591347
2025-06-06,M046,983795
2025-06-06,M047,779363
2025-06-06,M048,1451953
2025-06-07,M001,205187
2025-06-07,M002,264181
2025-06-07,M003,378441
2025-06-07,M004,360522
2025-06-07,M005,432938
2025-06-07,M006,547534
2025-06-07,M007,509837
2025-06-07,M008,258694
2025-06-07,M009,331418
2025-06-07,M010,408737
2025-06-07,M011,578441
2025-06-07,M012,497969
2025-06-07,M013,428884
2025-06-07,M014,584383
2025-06-07,M015,438068
2025-06-07,M016,375664
2025-06-07,M017,476548
2025-06-07,M018,649423
2025-06-07,M019,480857
2025-06-07,M020,462746
2025-06-07,M021,559929
2025-06-07,M022,451041
2025-06-07,M023,608653
2025-06-07,M024,506424
2025-06-07,M025,481304
2025-06-07,M026,625471
2025-06-07,M027,816624
2025-06-07,M028,626082
2025-06-07,M029,485100
2025-06-07,M030,691880
2025-06-07,M031,550488
2025-06-07,M032,488367
2025-06-07,M033,666910
2025-06-07,M034,844363
2025-06-07,M035,1059149
2025-06-07,M036,619914
2025-06-07,M037,460177
2025-06-07,M038,608602
2025-06-07,M039,814517
2025-06-07,M040,660074
2025-06-07,M041,775735
2025-06-07,M042,980246
2025-06-07,M043,693097
2025-06-07,M044,540225
2025-06-07,M045,695163
2025-06-07,M046,753088
2025-06-07,M047,965904
2025-06-07,M048,840396
2025-06-08,M001,241218
2025-06-08,M002,247228
2025-06-08,M003,324630
2025-06-08,M004,319967
2025-06-08,M005,545820
2025-06-08,M006,553674
2025-06-08,M007,481851
2025-06-08,M008,227932
2025-06-08,M009,449116
2025-06-08,M010,408923
2025-06-08,M011,495254
2025-06-08,M012,400677
2025-06-08,M013,555360
2025-06-08,M014,485571
2025-06-08,M015,354983
2025-06-08,M016,339223
2025-06-08,M017,662706
2025-06-08,M018,559180
2025-06-08,M019,466397
2025-06-08,M020,428829
2025-06-08,M021,801702
2025-06-08,M022,446886
2025-06-08,M023,505894
2025-06-08,M024,520359
2025-06-08,M025,608688
2025-06-08,M026,584030
2025-06-08,M027,696084
2025-06-08,M028,552612
2025-06-08,M029,678865
2025-06-08,M030,582515
2025-06-08,M031,504715
2025-06-08,M032,492486
2025-06-08,M033,798155
2025-06-08,M034,748940
2025-06-08,M035,924402
2025-06-08,M036,576416
2025-06-08,M037,602740
2025-06-08,M038,576024
2025-06-08,M039,715730
2025-06-08,M040,592137
2025-06-08,M041,993891
2025-06-08,M042,938419
2025-06-08,M043,554625
2025-06-08,M044,498463
2025-06-08,M045,920471
2025-06-08,M046,730888
2025-06-08,M047,835865
2025-06-08,M048,703539
2025-06-09,M001,274749
2025-06-09,M002,247586
2025-06-09,M003,367621
2025-06-09,M004,434571
2025-06-09,M005,674719
2025-06-09,M006,498677
2025-06-09,M007,524125
2025-06-09,M008,345886
2025-06-09,M009,498068
2025-06-09,M010,336508
2025-06-09,M011,511790
2025-06-09,M012,625410
2025-06-09,M013,597581
2025-06-09,M014,480427
2025-06-09,M015,408806
2025-06-09,M016,539355
2025-06-09,M017,691726
2025-06-09,M018,587439
2025-06-09,M019,514274
2025-06-09,M020,632974
2025-06-09,M021,812284
2025-06-09,M022,437199
2025-06-09,M023,587731
2025-06-09,M024,709388
2025-06-09,M025,688701
2025-06-09,M026,528369
2025-06-09,M027,713251
2025-06-09,M028,812371
2025-06-09,M029,713596
2025-06-09,M030,558397
2025-06-09,M031,564809
2025-06-09,M032,631902
2025-06-09,M033,894526
2025-06-09,M034,697215
2025-06-09,M035,933725
2025-06-09,M036,781783
2025-06-09,M037,735158
2025-06-09,M038,524493
2025-06-09,M039,781441
2025-06-09,M040,801106
2025-06-09,M041,1182943
2025-06-09,M042,868941
2025-06-09,M043,582839
2025-06-09,M044,692357
2025-06-09,M045,973897
2025-06-09,M046,719265
2025-06-09,M047,905202
2025-06-09,M048,998318
2025-06-10,M001,156728
2025-06-10,M002,329532
2025-06-10,M003,314083
2025-06-10,M004,581542
2025-06-10,M005,346173
2025-06-10,M006,718454
2025-06-10,M007,415417
2025-06-10,M008,476490
2025-06-10,M009,262044
2025-06-10,M010,493765
2025-06-10,M011,462541
2025-06-10,M012,917561
2025-06-10,M013,362490
2025-06-10,M014,700490
2025-06-10,M015,370208
2025-06-10,M016,679287
2025-06-10,M017,412718
2025-06-10,M018,737607
2025-06-10,M019,400849
2025-06-10,M020,876606
2025-06-10,M021,474372
2025-06-10,M022,554874
2025-06-10,M023,500651
2025-06-10,M024,944828
2025-06-10,M025,372940
2025-06-10,M026,813021
2025-06-10,M027,616077
2025-06-10,M028,1171697
2025-06-10,M029,416654
2025-06-10,M030,728118
2025-06-10,M031,462336
2025-06-10,M032,857375
2025-06-10,M033,477769
2025-06-10,M034,1016093
2025-06-10,M035,768407
2025-06-10,M036,1050781
2025-06-10,M037,357255
2025-06-10,M038,732153
2025-06-10,M039,578923
2025-06-10,M040,1219306
2025-06-10,M041,658613
2025-06-10,M042,1180078
2025-06-10,M043,562907
2025-06-10,M044,1081540
2025-06-10,M045,573273
2025-06-10,M046,1015266
2025-06-10,M047,821793
2025-06-10,M048,1496615
2025-06-11,M001,217383
2025-06-11,M002,299390
2025-06-11,M003,442848
2025-06-11,M004,360409
2025-06-11,M005,452745
2025-06-11,M006,650669
2025-06-11,M007,623651
2025-06-11,M008,314317
2025-06-11,M009,391579
2025-06-11,M010,458866
2025-06-11,M011,603623
2025-06-11,M012,554747
2025-06-11,M013,464663
2025-06-11,M014,684862
2025-06-11,M015,451690
2025-06-11,M016,455320
2025-06-11,M017,576462
2025-06-11,M018,769085
2025-06-11,M019,569710
2025-06-11,M020,493874
2025-06-11,M021,605377
2025-06-11,M022,526415
2025-06-11,M023,725089
2025-06-11,M024,551891
2025-06-11,M025,493304
2025-06-11,M026,710353
2025-06-11,M027,863763
2025-06-11,M028,663877
2025-06-11,M029,554897
2025-06-11,M030,742135
2025-06-11,M031,664192
2025-06-11,M032,609793
2025-06-11,M033,686636
2025-06-11,M034,848585
2025-06-11,M035,1136871
2025-06-11,M036,654410
2025-06-11,M037,544082
2025-06-11,M038,677632
2025-06-11,M039,889578
2025-06-11,M040,753707
2025-06-11,M041,857475
2025-06-11,M042,1193007
2025-06-11,M043,751066
2025-06-11,M044,665944
2025-06-11,M045,828604
2025-06-11,M046,911224
2025-06-11,M047,1043176
2025-06-11,M048,919447
2025-06-12,M001,302492
2025-06-12,M002,272690
2025-06-12,M003,388679
2025-06-12,M004,357681
2025-06-12,M005,673318
2025-06-12,M006,541293
2025-06-12,M007,476859
2025-06-12,M008,256324
2025-06-12,M009,550308
2025-06-12,M010,431687
2025-06-12,M011,547527
2025-06-12,M012,484418
2025-06-12,M013,635439
2025-06-12,M014,524939
2025-06-12,M015,401524
2025-06-12,M016,375419
2025-06-12,M017,713378
2025-06-12,M018,625666
2025-06-12,M019,509042
2025-06-12,M020,493936
2025-06-12,M021,804465
2025-06-12,M022,470375
2025-06-12,M023,638204
2025-06-12,M024,523726
2025-06-12,M025,748510
2025-06-12,M026,614441
2025-06-12,M027,774576
2025-06-12,M028,632310
2025-06-12,M029,722686
2025-06-12,M030,647245
2025-06-12,M031,535765
2025-06-12,M032,500367
2025-06-12,M033,896989
2025-06-12,M034,797129
2025-06-12,M035,900649
2025-06-12,M036,550814
2025-06-12,M037,720474
2025-06-12,M038,655273
2025-06-12,M039,723998
2025-06-12,M040,707638
2025-06-12,M041,1123316
2025-06-12,M042,988579
2025-06-12,M043,621846
2025-06-12,M044,606078
2025-06-12,M045,1043106
2025-06-12,M046,737489
2025-06-12,M047,997106
2025-06-12,M048,875948
2025-06-13,M001,279933
2025-06-13,M002,244506
2025-06-13,M003,386165
2025-06-13,M004,436597
2025-06-13,M005,669215
2025-06-13,M006,490940
2025-06-13,M007,529266
2025-06-13,M008,330837
2025-06-13,M009,512121
2025-06-13,M010,367268
2025-06-13,M011,544526
2025-06-13,M012,620714
2025-06-13,M013,576915
2025-06-13,M014,449938
2025-06-13,M015,392287
2025-06-13,M016,508319
2025-06-13,M017,708155
2025-06-13,M018,555943
2025-06-13,M019,487335
2025-06-13,M020,580834
2025-06-13,M021,864442
2025-06-13,M022,400307
2025-06-13,M023,603353
2025-06-13,M024,711664
2025-06-13,M025,643506
2025-06-13,M026,512140
2025-06-13,M027,722380
2025-06-13,M028,770521
2025-06-13,M029,662837
2025-06-13,M030,546509
2025-06-13,M031,607564
2025-06-13,M032,654565
2025-06-13,M033,930202
2025-06-13,M034,725130
2025-06-13,M035,934406
2025-06-13,M036,824677
2025-06-13,M037,657960
2025-06-13,M038,494324
2025-06-13,M039,780156
2025-06-13,M040,851927
2025-06-13,M041,1230061
2025-06-13,M042,917761
2025-06-13,M043,656716
2025-06-13,M044,773327
2025-06-13,M045,1077433
2025-06-13,M046,665166
2025-06-13,M047,1005791
2025-06-13,M048,1087687
2025-06-14,M001,139696
2025-06-14,M002,318074
2025-06-14,M003,254014
2025-06-14,M004,522816
2025-06-14,M005,341472
2025-06-14,M006,620339
2025-06-14,M007,370156
2025-06-14,M008,433138
2025-06-14,M009,270959
2025-06-14,M010,459590
2025-06-14,M011,400259
2025-06-14,M012,779575
2025-06-14,M013,308147
2025-06-14,M014,571727
2025-06-14,M015,314929
2025-06-14,M016,615385
2025-06-14,M017,348283
2025-06-14,M018,737621
2025-06-14,M019,392296
2025-06-14,M020,758460
2025-06-14,M021,397126
2025-06-14,M022,562259
2025-06-14,M023,459178
2025-06-14,M024,888410
2025-06-14,M025,362967
2025-06-14,M026,710976
2025-06-14,M027,582883
2025-06-14,M028,931822
2025-06-14,M029,378307
2025-06-14,M030,664942
2025-06-14,M031,452789
2025-06-14,M032,803437
2025-06-14,M033,439681
2025-06-14,M034,956796
2025-06-14,M035,732552
2025-06-14,M036,907625
2025-06-14,M037,354711
2025-06-14,M038,658155
2025-06-14,M039,608542
2025-06-14,M040,1110516
2025-06-14,M041,612164
2025-06-14,M042,1065236
2025-06-14,M043,465056
2025-06-14,M044,879665
2025-06-14,M045,474177
2025-06-14,M046,877148
2025-06-14,M047,706405
2025-06-14,M048,1404631
2025-06-15,M001,186178
2025-06-15,M002,260745
2025-06-15,M003,390887
2025-06-15,M004,325187
2025-06-15,M005,410845
2025-06-15,M006,603944
2025-06-15,M007,490968
2025-06-15,M008,248340
2025-06-15,M009,373024
2025-06-15,M010,449515
2025-06-15,M011,516921
2025-06-15,M012,475140
2025-06-15,M013,448596
2025-06-15,M014,611246
2025-06-15,M015,433386
2025-06-15,M016,367228
2025-06-15,M017,491138
2025-06-15,M018,667138
2025-06-15,M019,535671
2025-06-15,M020,457040
2025-06-15,M021,603268
2025-06-15,M022,511707
2025-06-15,M023,642950
2025-06-15,M024,507685
2025-06-15,M025,483151
2025-06-15,M026,675140
2025-06-15,M027,808790
2025-06-15,M028,587988
2025-06-15,M029,509014
2025-06-15,M030,697021
2025-06-15,M031,546264
2025-06-15,M032,521961
2025-06-15,M033,615067
2025-06-15,M034,870006
2025-06-15,M035,1016111
2025-06-15,M036,638084
2025-06-15,M037,469121
2025-06-15,M038,626013
2025-06-15,M039,721931
2025-06-15,M040,630138
2025-06-15,M041,864150
2025-06-15,M042,1015670
2025-06-15,M043,693628
2025-06-15,M044,573435
2025-06-15,M045,711792
2025-06-15,M046,834908
2025-06-15,M047,1028670
2025-06-15,M048,884900
2025-06-16,M001,295055
2025-06-16,M002,282054
2025-06-16,M003,360289
2025-06-16,M004,336239
2025-06-16,M005,660751
2025-06-16,M006,609826
2025-06-16,M007,539415
2025-06-16,M008,265201
2025-06-16,M009,520224
2025-06-16,M010,431468
2025-06-16,M011,544408
2025-06-16,M012,456316
2025-06-16,M013,609006
2025-06-16,M014,533622
2025-06-16,M015,438823
2025-06-16,M016,375488
2025-06-16,M017,703439
2025-06-16,M018,628585
2025-06-16,M019,488970
2025-06-16,M020,497995
2025-06-16,M021,788157
2025-06-16,M022,492947
2025-06-16,M023,550440
2025-06-16,M024,544332
2025-06-16,M025,722327
2025-06-16,M026,594720
2025-06-16,M027,819311
2025-06-16,M028,624115
2025-06-16,M029,703810
2025-06-16,M030,632554
2025-06-16,M031,612932
2025-06-16,M032,474913
2025-06-16,M033,1003461
2025-06-16,M034,799448
2025-06-16,M035,909911
2025-06-16,M036,610948
2025-06-16,M037,648419
2025-06-16,M038,634746
2025-06-16,M039,762030
2025-06-16,M040,640372
2025-06-16,M041,1257110
2025-06-16,M042,1054743
2025-06-16,M043,624295
2025-06-16,M044,582205
2025-06-16,M045,1021424
2025-06-16,M046,743587
2025-06-16,M047,978164
2025-06-16,M048,814936
2025-06-17,M001,295395
2025-06-17,M002,242635
2025-06-17,M003,331224
2025-06-17,M004,407425
2025-06-17,M005,657676
2025-06-17,M006,512931
2025-06-17,M007,537256
2025-06-17,M008,321616
2025-06-17,M009,471988
2025-06-17,M010,355713
2025-06-17,M011,530975
2025-06-17,M012,630054
2025-06-17,M013,655796
2025-06-17,M014,455458
2025-06-17,M015,423172
2025-06-17,M016,521635
2025-06-17,M017,762814
2025-06-17,M018,578531
2025-06-17,M019,479297
2025-06-17,M020,572827
2025-06-17,M021,844115
2025-06-17,M022,376696
2025-06-17,M023,582866
2025-06-17,M024,718322
2025-06-17,M025,726480
2025-06-17,M026,506786
2025-06-17,M027,784215
2025-06-17,M028,737337
2025-06-17,M029,712492
2025-06-17,M030,576951
2025-06-17,M031,520262
2025-06-17,M032,694317
2025-06-17,M033,955801
2025-06-17,M034,744618
2025-06-17,M035,911854
2025-06-17,M036,752602
2025-06-17,M037,674660
2025-06-17,M038,533193
2025-06-17,M039,704529
2025-06-17,M040,846453
2025-06-17,M041,1235140
2025-06-17,M042,889525
2025-06-17,M043,607886
2025-06-17,M044,676027
2025-06-17,M045,978618
2025-06-17,M046,652465
2025-06-17,M047,999796
2025-06-17,M048,1058124
2025-06-18,M001,153343
2025-06-18,M002,358861
2025-06-18,M003,293372
2025-06-18,M004,612141
2025-06-18,M005,338752
2025-06-18,M006,682811
2025-06-18,M007,454927
2025-06-18,M008,476730
2025-06-18,M009,269118
2025-06-18,M010,535767
2025-06-18,M011,441152
2025-06-18,M012,866355
2025-06-18,M013,338151
2025-06-18,M014,686869
2025-06-18,M015,370399
2025-06-18,M016,730152
2025-06-18,M017,382411
2025-06-18,M018,765961
2025-06-18,M019,420581
2025-06-18,M020,856128
2025-06-18,M021,473131
2025-06-18,M022,545393
2025-06-18,M023,520438
2025-06-18,M024,1031590
2025-06-18,M025,366621
2025-06-18,M026,794962
2025-06-18,M027,688236
2025-06-18,M028,1089511
2025-06-18,M029,398827
2025-06-18,M030,826997
2025-06-18,M031,498765
2025-06-18,M032,992309
2025-06-18,M033,517055
2025-06-18,M034,1060050
2025-06-18,M035,834752
2025-06-18,M036,1136419
2025-06-18,M037,411865
2025-06-18,M038,806496
2025-06-18,M039,640135
2025-06-18,M040,1122595
2025-06-18,M041,681320
2025-06-18,M042,1155135
2025-06-18,M043,520242
2025-06-18,M044,1039497
2025-06-18,M045,583000
2025-06-18,M046,1003303
2025-06-18,M047,813353
2025-06-18,M048,1393144
2025-06-19,M001,206041
2025-06-19,M002,336924
2025-06-19,M003,407734
2025-06-19,M004,366641
2025-06-19,M005,504532
2025-06-19,M006,673964
2025-06-19,M007,554578
2025-06-19,M008,271837
2025-06-19,M009,385028
2025-06-19,M010,472802
2025-06-19,M011,596124
2025-06-19,M012,519136
2025-06-19,M013,485161
2025-06-19,M014,650713
2025-06-19,M015,467184
2025-06-19,M016,466849
2025-06-19,M017,575616
2025-06-19,M018,682877
2025-06-19,M019,549304
2025-06-19,M020,489574
2025-06-19,M021,635919
2025-06-19,M022,574053
2025-06-19,M023,710753
2025-06-19,M024,597517
2025-06-19,M025,550486
2025-06-19,M026,744726
2025-06-19,M027,831831
2025-06-19,M028,721459
2025-06-19,M029,521129
2025-06-19,M030,738583
2025-06-19,M031,626769
2025-06-19,M032,529488
2025-06-19,M033,736866
2025-06-19,M034,851459
2025-06-19,M035,1089487
2025-06-19,M036,683453
2025-06-19,M037,507626
2025-06-19,M038,653324
2025-06-19,M039,837692
2025-06-19,M040,789716
2025-06-19,M041,886723
2025-06-19,M042,1218295
2025-06-19,M043,725041
2025-06-19,M044,641593
2025-06-19,M045,729277
2025-06-19,M046,874505
2025-06-19,M047,1082769
2025-06-19,M048,845683
2025-06-20,M001,269041
2025-06-20,M002,285358
2025-06-20,M003,360796
2025-06-20,M004,351739
2025-06-20,M005,636432
2025-06-20,M006,558299
2025-06-20,M007,523678
2025-06-20,M008,254514
2025-06-20,M009,550390
2025-06-20,M010,416963
2025-06-20,M011,500067
2025-06-20,M012,464548
2025-06-20,M013,651700
2025-06-20,M014,589310
2025-06-20,M015,444216
2025-06-20,M016,400296
2025-06-20,M017,725948
2025-06-20,M018,641699
2025-06-20,M019,526805
2025-06-20,M020,441004
2025-06-20,M021,862551
2025-06-20,M022,509621
2025-06-20,M023,555821
2025-06-20,M024,571613
2025-06-20,M025,716421
2025-06-20,M026,635472
2025-06-20,M027,707730
2025-06-20,M028,566539
2025-06-20,M029,690068
2025-06-20,M030,686641
2025-06-20,M031,594791
2025-06-20,M032,535073
2025-06-20,M033,976336
2025-06-20,M034,824608
2025-06-20,M035,1001715
2025-06-20,M036,568776
2025-06-20,M037,653296
2025-06-20,M038,602975
2025-06-20,M039,719993
2025-06-20,M040,667046
2025-06-20,M041,1117175
2025-06-20,M042,1029697
2025-06-20,M043,670706
2025-06-20,M044,541471
2025-06-20,M045,1042690
2025-06-20,M046,848663
2025-06-20,M047,921006
2025-06-20,M048,851327
2025-06-21,M001,212100
2025-06-21,M002,168817
2025-06-21,M003,264531
2025-06-21,M004,312119
2025-06-21,M005,459251
2025-06-21,M006,352935
2025-06-21,M007,353460
2025-06-21,M008,268148
2025-06-21,M009,346306
2025-06-21,M010,264105
2025-06-21,M011,366134
2025-06-21,M012,459999
2025-06-21,M013,471337
2025-06-21,M014,385017
2025-06-21,M015,312281
2025-06-21,M016,372428
2025-06-21,M017,494429
2025-06-21,M018,441019
2025-06-21,M019,349989
2025-06-21,M020,448016
2025-06-21,M021,656825
2025-06-21,M022,312602
2025-06-21,M023,433873
2025-06-21,M024,487597
2025-06-21,M025,517705
2025-06-21,M026,426927
2025-06-21,M027,530267
2025-06-21,M028,556729
2025-06-21,M029,532544
2025-06-21,M030,398197
2025-06-21,M031,391568
2025-06-21,M032,482596
2025-06-21,M033,720835
2025-06-21,M034,499581
2025-06-21,M035,745057
2025-06-21,M036,574052
2025-06-21,M037,533452
2025-06-21,M038,358894
2025-06-21,M039,538396
2025-06-21,M040,600865
2025-06-21,M041,900670
2025-06-21,M042,661393
2025-06-21,M043,434188
2025-06-21,M044,575859
2025-06-21,M045,779443
2025-06-21,M046,525797
2025-06-21,M047,656655
2025-06-21,M048,821964
2025-06-22,M001,108724
2025-06-22,M002,255081
2025-06-22,M003,205914
2025-06-22,M004,468020
2025-06-22,M005,248406
2025-06-22,M006,480840
2025-06-22,M007,298368
2025-06-22,M008,350748
2025-06-22,M009,212928
2025-06-22,M010,348909
2025-06-22,M011,332069
2025-06-22,M012,658456
2025-06-22,M013,261390
2025-06-22,M014,547416
2025-06-22,M015,277468
2025-06-22,M016,510476
2025-06-22,M017,294115
2025-06-22,M018,543342
2025-06-22,M019,327003
2025-06-22,M020,616220
2025-06-22,M021,344149
2025-06-22,M022,438367
2025-06-22,M023,349928
2025-06-22,M024,739842
2025-06-22,M025,276485
2025-06-22,M026,575412
2025-06-22,M027,447058
2025-06-22,M028,789034
2025-06-22,M029,309837
2025-06-22,M030,630336
2025-06-22,M031,375017
2025-06-22,M032,735354
2025-06-22,M033,350133
2025-06-22,M034,772479
2025-06-22,M035,621818
2025-06-22,M036,784749
2025-06-22,M037,266986
2025-06-22,M038,579191
2025-06-22,M039,483705
2025-06-22,M040,883270
2025-06-22,M041,462123
2025-06-22,M042,865708
2025-06-22,M043,374718
2025-06-22,M044,811647
2025-06-22,M045,439003
2025-06-22,M046,705377
2025-06-22,M047,610673
2025-06-22,M048,1074941
2025-06-23,M001,180554
2025-06-23,M002,273617
2025-06-23,M003,329096
2025-06-23,M004,319022
2025-06-23,M005,383265
2025-06-23,M006,536564
2025-06-23,M007,460230
2025-06-23,M008,233403
2025-06-23,M009,310525
2025-06-23,M010,386450
2025-06-23,M011,456843
2025-06-23,M012,409796
2025-06-23,M013,412479
2025-06-23,M014,535662
2025-06-23,M015,383636
2025-06-23,M016,365473
2025-06-23,M017,481113
2025-06-23,M018,639923
2025-06-23,M019,478613
2025-06-23,M020,402145
2025-06-23,M021,487095
2025-06-23,M022,468970
2025-06-23,M023,573935
2025-06-23,M024,462453
2025-06-23,M025,406305
2025-06-23,M026,605730
2025-06-23,M027,653379
2025-06-23,M028,576737
2025-06-23,M029,452389
2025-06-23,M030,620915
2025-06-23,M031,522677
2025-06-23,M032,444288
2025-06-23,M033,573004
2025-06-23,M034,761231
2025-06-23,M035,906942
2025-06-23,M036,544309
2025-06-23,M037,438961
2025-06-23,M038,598175
2025-06-23,M039,706216
2025-06-23,M040,624582
2025-06-23,M041,790296
2025-06-23,M042,884767
2025-06-23,M043,546702
2025-06-23,M044,526585
2025-06-23,M045,653523
2025-06-23,M046,763529
2025-06-23,M047,915179
2025-06-23,M048,715311
2025-06-24,M001,241929
2025-06-24,M002,240128
2025-06-24,M003,285352
2025-06-24,M004,269791
2025-06-24,M005,529135
2025-06-24,M006,455469
2025-06-24,M007,444797
2025-06-24,M008,216711
2025-06-24,M009,418016
2025-06-24,M010,365976
2025-06-24,M011,405181
2025-06-24,M012,386579
2025-06-24,M013,492600
2025-06-24,M014,440937
2025-06-24,M015,357055
2025-06-24,M016,310596
2025-06-24,M017,555980
2025-06-24,M018,530675
2025-06-24,M019,420531
2025-06-24,M020,392937
2025-06-24,M021,748534
2025-06-24,M022,388708
2025-06-24,M023,466017
2025-06-24,M024,412211
2025-06-24,M025,543653
2025-06-24,M026,486817
2025-06-24,M027,577627
2025-06-24,M028,455539
2025-06-24,M029,620753
2025-06-24,M030,493535
2025-06-24,M031,465842
2025-06-24,M032,444633
2025-06-24,M033,819577
2025-06-24,M034,663023
2025-06-24,M035,804548
2025-06-24,M036,454378
2025-06-24,M037,531224
2025-06-24,M038,526496
2025-06-24,M039,600971
2025-06-24,M040,572543
2025-06-24,M041,968615
2025-06-24,M042,901788
2025-06-24,M043,542251
2025-06-24,M044,498190
2025-06-24,M045,873540
2025-06-24,M046,611957
2025-06-24,M047,838103
2025-06-24,M048,695226
2025-06-25,M001,226244
2025-06-25,M002,192072
2025-06-25,M003,287493
2025-06-25,M004,377726
2025-06-25,M005,534571
2025-06-25,M006,397183
2025-06-25,M007,445524
2025-06-25,M008,265783
2025-06-25,M009,421407
2025-06-25,M010,293751
2025-06-25,M011,416787
2025-06-25,M012,508245
2025-06-25,M013,534073
2025-06-25,M014,377059
2025-06-25,M015,361008
2025-06-25,M016,396223
2025-06-25,M017,586226
2025-06-25,M018,453459
2025-06-25,M019,436496
2025-06-25,M020,501441
2025-06-25,M021,672681
2025-06-25,M022,352944
2025-06-25,M023,500073
2025-06-25,M024,603306
2025-06-25,M025,577023
2025-06-25,M026,445448
2025-06-25,M027,609321
2025-06-25,M028,619634
2025-06-25,M029,551599
2025-06-25,M030,488474
2025-06-25,M031,441707
2025-06-25,M032,516694
2025-06-25,M033,790882
2025-06-25,M034,543883
2025-06-25,M035,840880
2025-06-25,M036,633245
2025-06-25,M037,546633
2025-06-25,M038,408568
2025-06-25,M039,625383
2025-06-25,M040,721347
2025-06-25,M041,898277
2025-06-25,M042,707438
2025-06-25,M043,496294
2025-06-25,M044,566445
2025-06-25,M045,764654
2025-06-25,M046,568897
2025-06-25,M047,809074
2025-06-25,M048,809807
2025-06-26,M001,123144
2025-06-26,M002,279909
2025-06-26,M003,251851
2025-06-26,M004,525614
2025-06-26,M005,295851
2025-06-26,M006,567186
2025-06-26,M007,375585
2025-06-26,M008,380974
2025-06-26,M009,229834
2025-06-26,M010,431960
2025-06-26,M011,330727
2025-06-26,M012,677630
2025-06-26,M013,279168
2025-06-26,M014,572553
2025-06-26,M015,270881
2025-06-26,M016,624274
2025-06-26,M017,321895
2025-06-26,M018,670734
2025-06-26,M019,367812
2025-06-26,M020,667246
2025-06-26,M021,402858
2025-06-26,M022,511112
2025-06-26,M023,410428
2025-06-26,M024,734175
2025-06-26,M025,330816
2025-06-26,M026,670874
2025-06-26,M027,501305
2025-06-26,M028,850066
2025-06-26,M029,323798
2025-06-26,M030,641887
2025-06-26,M031,379067
2025-06-26,M032,785557
2025-06-26,M033,432433
2025-06-26,M034,792468
2025-06-26,M035,703810
2025-06-26,M036,910040
2025-06-26,M037,312055
2025-06-26,M038,610268
2025-06-26,M039,527412
2025-06-26,M040,987192
2025-06-26,M041,517958
2025-06-26,M042,1027838
2025-06-26,M043,441816
2025-06-26,M044,837593
2025-06-26,M045,482579
2025-06-26,M046,768119
2025-06-26,M047,629546
2025-06-26,M048,1230016
2025-06-27,M001,175257
2025-06-27,M002,268371
2025-06-27,M003,320008
2025-06-27,M004,308539
2025-06-27,M005,380246
2025-06-27,M006,570656
2025-06-27,M007,486596
2025-06-27,M008,251293
2025-06-27,M009,332327
2025-06-27,M010,361155
2025-06-27,M011,460109
2025-06-27,M012,428226
2025-06-27,M013,384734
2025-06-27,M014,560320
2025-06-27,M015,418437
2025-06-27,M016,380981
2025-06-27,M017,438563
2025-06-27,M018,603183
2025-06-27,M019,454191
2025-06-27,M020,399761
2025-06-27,M021,522226
2025-06-27,M022,472968
2025-06-27,M023,549541
2025-06-27,M024,475514
2025-06-27,M025,401626
2025-06-27,M026,563868
2025-06-27,M027,654216
2025-06-27,M028,517790
2025-06-27,M029,431725
2025-06-27,M030,566553
2025-06-27,M031,553065
2025-06-27,M032,429062
2025-06-27,M033,534639
2025-06-27,M034,795626
2025-06-27,M035,880992
2025-06-27,M036,558792
2025-06-27,M037,454478
2025-06-27,M038,585804
2025-06-27,M039,645059
2025-06-27,M040,633353
2025-06-27,M041,722672
2025-06-27,M042,886073
2025-06-27,M043,563809
2025-06-27,M044,494760
2025-06-27,M045,660046
2025-06-27,M046,707964
2025-06-27,M047,884144
2025-06-27,M048,710685
2025-06-28,M001,225740
2025-06-28,M002,199904
2025-06-28,M003,281265
2025-06-28,M004,248508
2025-06-28,M005,494937
2025-06-28,M006,411435
2025-06-28,M007,388506
2025-06-28,M008,193872
2025-06-28,M009,395385
2025-06-28,M010,330906
2025-06-28,M011,361345
2025-06-28,M012,331888
2025-06-28,M013,486550
2025-06-28,M014,450172
2025-06-28,M015,314532
2025-06-28,M016,309463
2025-06-28,M017,519214
2025-06-28,M018,475773
2025-06-28,M019,388358
2025-06-28,M020,329871
2025-06-28,M021,636033
2025-06-28,M022,341133
2025-06-28,M023,417263
2025-06-28,M024,380090
2025-06-28,M025,528875
2025-06-28,M026,450608
2025-06-28,M027,574615
2025-06-28,M028,422224
2025-06-28,M029,566744
2025-06-28,M030,468099
2025-06-28,M031,403364
2025-06-28,M032,383024
2025-06-28,M033,709355
2025-06-28,M034,601845
2025-06-28,M035,774652
2025-06-28,M036,477413
2025-06-28,M037,519437
2025-06-28,M038,444945
2025-06-28,M039,582104
2025-06-28,M040,466773
2025-06-28,M041,911411
2025-06-28,M042,807606
2025-06-28,M043,460347
2025-06-28,M044,431697
2025-06-28,M045,733110
2025-06-28,M046,554746
2025-06-28,M047,667425
2025-06-28,M048,621600
2025-06-29,M001,203084
2025-06-29,M002,183976
2025-06-29,M003,263140
2025-06-29,M004,325637
2025-06-29,M005,434908
2025-06-29,M006,379331
2025-06-29,M007,365417
2025-06-29,M008,265511
2025-06-29,M009,354726
2025-06-29,M010,248864
2025-06-29,M011,396097
2025-06-29,M012,441273
2025-06-29,M013,494512
2025-06-29,M014,371079
2025-06-29,M015,297833
2025-06-29,M016,373876
2025-06-29,M017,571249
2025-06-29,M018,419659
2025-06-29,M019,386992
2025-06-29,M020,415849
2025-06-29,M021,643663
2025-06-29,M022,299415
2025-06-29,M023,424469
2025-06-29,M024,486839
2025-06-29,M025,475671
2025-06-29,M026,424518
2025-06-29,M027,591261
2025-06-29,M028,577674
2025-06-29,M029,554339
2025-06-29,M030,399943
2025-06-29,M031,390524
2025-06-29,M032,481243
2025-06-29,M033,674624
2025-06-29,M034,482089
2025-06-29,M035,768285
2025-06-29,M036,552100
2025-06-29,M037,479794
2025-06-29,M038,384526
2025-06-29,M039,541871
2025-06-29,M040,647584
2025-06-29,M041,919457
2025-06-29,M042,658192
2025-06-29,M043,426688
2025-06-29,M044,573214
2025-06-29,M045,745607
2025-06-29,M046,508728
2025-06-29,M047,660594
2025-06-29,M048,819003
2025-06-30,M001,127959
2025-06-30,M002,277142
2025-06-30,M003,247293
2025-06-30,M004,537842
2025-06-30,M005,299989
2025-06-30,M006,611929
2025-06-30,M007,367201
2025-06-30,M008,384676
2025-06-30,M009,212250
2025-06-30,M010,428260
2025-06-30,M011,349453
2025-06-30,M012,743161
2025-06-30,M013,274470
2025-06-30,M014,597942
2025-06-30,M015,294745
2025-06-30,M016,591308
2025-06-30,M017,313664
2025-06-30,M018,697858
2025-06-30,M019,343749
2025-06-30,M020,701665
2025-06-30,M021,384742
2025-06-30,M022,480909
2025-06-30,M023,395585
2025-06-30,M024,827499
2025-06-30,M025,299285
2025-06-30,M026,610462
2025-06-30,M027,551679
2025-06-30,M028,919929
2025-06-30,M029,332425
2025-06-30,M030,610575
2025-06-30,M031,411993
2025-06-30,M032,710534
2025-06-30,M033,398796
2025-06-30,M034,754878
2025-06-30,M035,674933
2025-06-30,M036,853261
2025-06-30,M037,297108
2025-06-30,M038,584247
2025-06-30,M039,551153
2025-06-30,M040,941333
2025-06-30,M041,547576
2025-06-30,M042,981113
2025-06-30,M043,460628
2025-06-30,M044,799977
2025-06-30,M045,476550
2025-06-30,M046,789806
2025-06-30,M047,619729
2025-06-30,M048,1198015
2025-07-01,M001,218634
2025-07-01,M002,192002
2025-07-01,M003,264780
2025-07-01,M004,318651
2025-07-01,M005,494974
2025-07-01,M006,389557
2025-07-01,M007,432473
2025-07-01,M008,263423
2025-07-01,M009,374634
2025-07-01,M010,285520
2025-07-01,M011,402362
2025-07-01,M012,460699
2025-07-01,M013,481069
2025-07-01,M014,410648
2025-07-01,M015,338522
2025-07-01,M016,370120
2025-07-01,M017,612515
2025-07-01,M018,415156
2025-07-01,M019,399696
2025-07-01,M020,479580
2025-07-01,M021,692800
2025-07-01,M022,304052
2025-07-01,M023,497007
2025-07-01,M024,546899
2025-07-01,M025,552356
2025-07-01,M026,428484
2025-07-01,M027,576519
2025-07-01,M028,583523
2025-07-01,M029,577117
2025-07-01,M030,440380
2025-07-01,M031,450729
2025-07-01,M032,495551
2025-07-01,M033,759995
2025-07-01,M034,536570
2025-07-01,M035,815957
2025-07-01,M036,653730
2025-07-01,M037,516991
2025-07-01,M038,416403
2025-07-01,M039,577223
2025-07-01,M040,683478
2025-07-01,M041,971118
2025-07-01,M042,665511
2025-07-01,M043,502526
2025-07-01,M044,601773
2025-07-01,M045,771373
2025-07-01,M046,540217
2025-07-01,M047,747905
2025-07-01,M048,811556
2025-07-02,M001,119459
2025-07-02,M002,283318
2025-07-02,M003,222008
2025-07-02,M004,498510
2025-07-02,M005,288679
2025-07-02,M006,522840
2025-07-02,M007,344171
2025-07-02,M008,364987
2025-07-02,M009,239209
2025-07-02,M010,374783
2025-07-02,M011,354437
2025-07-02,M012,656751
2025-07-02,M013,261693
2025-07-02,M014,538931
2025-07-02,M015,279416
2025-07-02,M016,571741
2025-07-02,M017,333524
2025-07-02,M018,640437
2025-07-02,M019,341556
2025-07-02,M020,611519
2025-07-02,M021,350887
2025-07-02,M022,467362
2025-07-02,M023,375154
2025-07-02,M024,771429
2025-07-02,M025,328554
2025-07-02,M026,595093
2025-07-02,M027,475424
2025-07-02,M028,854033
2025-07-02,M029,312791
2025-07-02,M030,658232
2025-07-02,M031,398923
2025-07-02,M032,780924
2025-07-02,M033,378966
2025-07-02,M034,746115
2025-07-02,M035,685781
2025-07-02,M036,888972
2025-07-02,M037,314421
2025-07-02,M038,599636
2025-07-02,M039,463196
2025-07-02,M040,911990
2025-07-02,M041,546824
2025-07-02,M042,1022051
2025-07-02,M043,391314
2025-07-02,M044,756760
2025-07-02,M045,452669
2025-07-02,M046,732876
2025-07-02,M047,586718
2025-07-02,M048,1156426
2025-07-03,M001,181871
2025-07-03,M002,231778
2025-07-03,M003,350465
2025-07-03,M004,286206
2025-07-03,M005,392312
2025-07-03,M006,518239
2025-07-03,M007,477960
2025-07-03,M008,236214
2025-07-03,M009,316162
2025-07-03,M010,378596
2025-07-03,M011,449010
2025-07-03,M012,419812
2025-07-03,M013,388436
2025-07-03,M014,515394
2025-07-03,M015,359692
2025-07-03,M016,336308
2025-07-03,M017,430829
2025-07-03,M018,555646
2025-07-03,M019,474020
2025-07-03,M020,409352
2025-07-03,M021,483645
2025-07-03,M022,448470
2025-07-03,M023,493682
2025-07-03,M024,490161
2025-07-03,M025,440472
2025-07-03,M026,591939
2025-07-03,M027,668327
2025-07-03,M028,525803
2025-07-03,M029,405501
2025-07-03,M030,542232
2025-07-03,M031,503791
2025-07-03,M032,421466
2025-07-03,M033,599503
2025-07-03,M034,696028
2025-07-03,M035,814532
2025-07-03,M036,504427
2025-07-03,M037,403662
2025-07-03,M038,553326
2025-07-03,M039,694232
2025-07-03,M040,618451
2025-07-03,M041,725628
2025-07-03,M042,932762
2025-07-03,M043,579247
2025-07-03,M044,476136
2025-07-03,M045,576942
2025-07-03,M046,664509
2025-07-03,M047,821648
2025-07-03,M048,764159
2025-07-04,M001,224207
2025-07-04,M002,211390
2025-07-04,M003,278763
2025-07-04,M004,271028
2025-07-04,M005,544381
2025-07-04,M006,435128
2025-07-04,M007,432824
2025-07-04,M008,199699
2025-07-04,M009,433805
2025-07-04,M010,348176
2025-07-04,M011,398105
2025-07-04,M012,389111
2025-07-04,M013,501756
2025-07-04,M014,419940
2025-07-04,M015,352812
2025-07-04,M016,286239
2025-07-04,M017,588201
2025-07-04,M018,532844
2025-07-04,M019,376535
2025-07-04,M020,363030
2025-07-04,M021,706009
2025-07-04,M022,352817
2025-07-04,M023,445944
2025-07-04,M024,402867
2025-07-04,M025,519053
2025-07-04,M026,539129
2025-07-04,M027,629407
2025-07-04,M028,497613
2025-07-04,M029,543391
2025-07-04,M030,552286
2025-07-04,M031,440024
2025-07-04,M032,386343
2025-07-04,M033,781395
2025-07-04,M034,649301
2025-07-04,M035,820292
2025-07-04,M036,437766
2025-07-04,M037,529768
2025-07-04,M038,525941
2025-07-04,M039,635341
2025-07-04,M040,517990
2025-07-04,M041,909970
2025-07-04,M042,756585
2025-07-04,M043,463438
2025-07-04,M044,471161
2025-07-04,M045,755107
2025-07-04,M046,658207
2025-07-04,M047,758351
2025-07-04,M048,688997
2025-07-05,M001,184936
2025-07-05,M002,164400
2025-07-05,M003,260356
2025-07-05,M004,317683
2025-07-05,M005,453116
2025-07-05,M006,362992
2025-07-05,M007,353522
2025-07-05,M008,230919
2025-07-05,M009,334426
2025-07-05,M010,265357
2025-07-05,M011,371257
2025-07-05,M012,417949
2025-07-05,M013,442488
2025-07-05,M014,353009
2025-07-05,M015,292942
2025-07-05,M016,354776
2025-07-05,M017,473792
2025-07-05,M018,369980
2025-07-05,M019,376437
2025-07-05,M020,389332
2025-07-05,M021,576138
2025-07-05,M022,271488
2025-07-05,M023,443411
2025-07-05,M024,499500
2025-07-05,M025,513133
2025-07-05,M026,380797
2025-07-05,M027,561719
2025-07-05,M028,572784
2025-07-05,M029,544614
2025-07-05,M030,399753
2025-07-05,M031,403599
2025-07-05,M032,436866
2025-07-05,M033,638528
2025-07-05,M034,515654
2025-07-05,M035,720767
2025-07-05,M036,565649
2025-07-05,M037,480067
2025-07-05,M038,385116
2025-07-05,M039,545960
2025-07-05,M040,639361
2025-07-05,M041,812761
2025-07-05,M042,663852
2025-07-05,M043,417510
2025-07-05,M044,494015
2025-07-05,M045,755798
2025-07-05,M046,454546
2025-07-05,M047,702694
2025-07-05,M048,764735
2025-07-06,M001,108490
2025-07-06,M002,251500
2025-07-06,M003,204490
2025-07-06,M004,411258
2025-07-06,M005,268090
2025-07-06,M006,506928
2025-07-06,M007,295386
2025-07-06,M008,348164
2025-07-06,M009,212614
2025-07-06,M010,335920
2025-07-06,M011,288471
2025-07-06,M012,617717
2025-07-06,M013,246508
2025-07-06,M014,478221
2025-07-06,M015,261053
2025-07-06,M016,496181
2025-07-06,M017,272910
2025-07-06,M018,567127
2025-07-06,M019,310216
2025-07-06,M020,555088
2025-07-06,M021,317727
2025-07-06,M022,402954
2025-07-06,M023,364832
2025-07-06,M024,651765
2025-07-06,M025,270246
2025-07-06,M026,505508
2025-07-06,M027,486190
2025-07-06,M028,811389
2025-07-06,M029,282708
2025-07-06,M030,555052
2025-07-06,M031,359621
2025-07-06,M032,699239
2025-07-06,M033,359967
2025-07-06,M034,750939
2025-07-06,M035,574469
2025-07-06,M036,814166
2025-07-06,M037,266786
2025-07-06,M038,578745
2025-07-06,M039,427910
2025-07-06,M040,792918
2025-07-06,M041,459886
2025-07-06,M042,930275
2025-07-06,M043,358177
2025-07-06,M044,714309
2025-07-06,M045,402496
2025-07-06,M046,671692
2025-07-06,M047,593778
2025-07-06,M048,986371
2025-07-07,M001,175075
2025-07-07,M002,264169
2025-07-07,M003,306639
2025-07-07,M004,322451
2025-07-07,M005,384170
2025-07-07,M006,499498
2025-07-07,M007,482637
2025-07-07,M008,246077
2025-07-07,M009,322976
2025-07-07,M010,391681
2025-07-07,M011,493932
2025-07-07,M012,451112
2025-07-07,M013,358402
2025-07-07,M014,531248
2025-07-07,M015,376040
2025-07-07,M016,346383
2025-07-07,M017,453478
2025-07-07,M018,596297
2025-07-07,M019,473431
2025-07-07,M020,378955
2025-07-07,M021,488621
2025-07-07,M022,418882
2025-07-07,M023,521917
2025-07-07,M024,486022
2025-07-07,M025,449200
2025-07-07,M026,559863
2025-07-07,M027,729568
2025-07-07,M028,544108
2025-07-07,M029,438362
2025-07-07,M030,536268
2025-07-07,M031,484347
2025-07-07,M032,470916
2025-07-07,M033,573708
2025-07-07,M034,753504
2025-07-07,M035,869985
2025-07-07,M036,504412
2025-07-07,M037,438845
2025-07-07,M038,524875
2025-07-07,M039,621310
2025-07-07,M040,551724
2025-07-07,M041,654226
2025-07-07,M042,955829
2025-07-07,M043,534415
2025-07-07,M044,459442
2025-07-07,M045,597560
2025-07-07,M046,719460
2025-07-07,M047,892581
2025-07-07,M048,691556
2025-07-08,M001,239324
2025-07-08,M002,229574
2025-07-08,M003,301588
2025-07-08,M004,267715
2025-07-08,M005,483837
2025-07-08,M006,487957
2025-07-08,M007,397381
2025-07-08,M008,211602
2025-07-08,M009,383468
2025-07-08,M010,306905
2025-07-08,M011,436423
2025-07-08,M012,404935
2025-07-08,M013,495431
2025-07-08,M014,474491
2025-07-08,M015,330101
2025-07-08,M016,330900
2025-07-08,M017,548555
2025-07-08,M018,489051
2025-07-08,M019,406091
2025-07-08,M020,346957
2025-07-08,M021,622550
2025-07-08,M022,405222
2025-07-08,M023,500289
2025-07-08,M024,453796
2025-07-08,M025,517479
2025-07-08,M026,461279
2025-07-08,M027,649611
2025-07-08,M028,475066
2025-07-08,M029,571741
2025-07-08,M030,537442
2025-07-08,M031,477177
2025-07-08,M032,397507
2025-07-08,M033,735208
2025-07-08,M034,660127
2025-07-08,M035,812096
2025-07-08,M036,464320
2025-07-08,M037,590469
2025-07-08,M038,486979
2025-07-08,M039,631562
2025-07-08,M040,562814
2025-07-08,M041,986963
2025-07-08,M042,801417
2025-07-08,M043,498159
2025-07-08,M044,482455
2025-07-08,M045,876510
2025-07-08,M046,585407
2025-07-08,M047,798518
2025-07-08,M048,609923
2025-07-09,M001,237742
2025-07-09,M002,183634
2025-07-09,M003,292926
2025-07-09,M004,344587
2025-07-09,M005,494179
2025-07-09,M006,368974
2025-07-09,M007,385513
2025-07-09,M008,270252
2025-07-09,M009,375431
2025-07-09,M010,305368
2025-07-09,M011,426209
2025-07-09,M012,446740
2025-07-09,M013,500225
2025-07-09,M014,381542
2025-07-09,M015,355820
2025-07-09,M016,369709
2025-07-09,M017,560050
2025-07-09,M018,407183
2025-07-09,M019,418270
2025-07-09,M020,470970
2025-07-09,M021,637990
2025-07-09,M022,328814
2025-07-09,M023,453788
2025-07-09,M024,533891
2025-07-09,M025,552851
2025-07-09,M026,439381
2025-07-09,M027,629877
2025-07-09,M028,564068
2025-07-09,M029,585956
2025-07-09,M030,416539
2025-07-09,M031,471805
2025-07-09,M032,505476
2025-07-09,M033,781669
2025-07-09,M034,541008
2025-07-09,M035,754374
2025-07-09,M036,646500
2025-07-09,M037,509755
2025-07-09,M038,407393
2025-07-09,M039,608175
2025-07-09,M040,684615
2025-07-09,M041,987897
2025-07-09,M042,678111
2025-07-09,M043,471332
2025-07-09,M044,575333
2025-07-09,M045,800764
2025-07-09,M046,565475
2025-07-09,M047,707298
2025-07-09,M048,907528
2025-07-10,M001,126952
2025-07-10,M002,274810
2025-07-10,M003,277641
2025-07-10,M004,514745
2025-07-10,M005,285478
2025-07-10,M006,640572
2025-07-10,M007,395400
2025-07-10,M008,399748
2025-07-10,M009,250493
2025-07-10,M010,436742
2025-07-10,M011,385359
2025-07-10,M012,687861
2025-07-10,M013,301351
2025-07-10,M014,582310
2025-07-10,M015,296844
2025-07-10,M016,577891
2025-07-10,M017,367496
2025-07-10,M018,713177
2025-07-10,M019,374245
2025-07-10,M020,664250
2025-07-10,M021,415264
2025-07-10,M022,457621
2025-07-10,M023,417539
2025-07-10,M024,764234
2025-07-10,M025,334076
2025-07-10,M026,701848
2025-07-10,M027,515597
2025-07-10,M028,892425
2025-07-10,M029,326016
2025-07-10,M030,669642
2025-07-10,M031,398218
2025-07-10,M032,769657
2025-07-10,M033,441492
2025-07-10,M034,871955
2025-07-10,M035,710698
2025-07-10,M036,916361
2025-07-10,M037,331757
2025-07-10,M038,598688
2025-07-10,M039,525650
2025-07-10,M040,996634
2025-07-10,M041,600189
2025-07-10,M042,1091844
2025-07-10,M043,455177
2025-07-10,M044,924592
2025-07-10,M045,497290
2025-07-10,M046,784487
2025-07-10,M047,638536
2025-07-10,M048,1285374
2025-07-11,M001,191037
2025-07-11,M002,258506
2025-07-11,M003,330964
2025-07-11,M004,299041
2025-07-11,M005,392735
2025-07-11,M006,518413
2025-07-11,M007,514880
2025-07-11,M008,259877
2025-07-11,M009,324608
2025-07-11,M010,420460
2025-07-11,M011,480815
2025-07-11,M012,461759
2025-07-11,M013,413962
2025-07-11,M014,530838
2025-07-11,M015,388375
2025-07-11,M016,366824
2025-07-11,M017,463866
2025-07-11,M018,660110
2025-07-11,M019,532884
2025-07-11,M020,428638
2025-07-11,M021,522431
2025-07-11,M022,428318
2025-07-11,M023,614926
2025-07-11,M024,482891
2025-07-11,M025,460172
2025-07-11,M026,559607
2025-07-11,M027,714769
2025-07-11,M028,612279
2025-07-11,M029,460338
2025-07-11,M030,656372
2025-07-11,M031,553758
2025-07-11,M032,520810
2025-07-11,M033,559595
2025-07-11,M034,814086
2025-07-11,M035,992571
2025-07-11,M036,525582
2025-07-11,M037,432267
2025-07-11,M038,608072
2025-07-11,M039,687852
2025-07-11,M040,648355
2025-07-11,M041,770472
2025-07-11,M042,994943
2025-07-11,M043,642221
2025-07-11,M044,541728
2025-07-11,M045,665978
2025-07-11,M046,783798
2025-07-11,M047,981937
2025-07-11,M048,723897
2025-07-12,M001,223278
2025-07-12,M002,218555
2025-07-12,M003,263227
2025-07-12,M004,283378
2025-07-12,M005,486726
2025-07-12,M006,480070
2025-07-12,M007,414652
2025-07-12,M008,196126
2025-07-12,M009,366800
2025-07-12,M010,339647
2025-07-12,M011,400209
2025-07-12,M012,397445
2025-07-12,M013,487880
2025-07-12,M014,434774
2025-07-12,M015,318222
2025-07-12,M016,316397
2025-07-12,M017,593294
2025-07-12,M018,500497
2025-07-12,M019,368250
2025-07-12,M020,351608
2025-07-12,M021,634841
2025-07-12,M022,378395
2025-07-12,M023,444020
2025-07-12,M024,393788
2025-07-12,M025,583825
2025-07-12,M026,481516
2025-07-12,M027,568492
2025-07-12,M028,502228
2025-07-12,M029,542356
2025-07-12,M030,503196
2025-07-12,M031,428882
2025-07-12,M032,407117
2025-07-12,M033,720293
2025-07-12,M034,598412
2025-07-12,M035,746032
2025-07-12,M036,474220
2025-07-12,M037,540958
2025-07-12,M038,460170
2025-07-12,M039,533199
2025-07-12,M040,475920
2025-07-12,M041,904820
2025-07-12,M042,837334
2025-07-12,M043,447946
2025-07-12,M044,456639
2025-07-12,M045,758368
2025-07-12,M046,626280
2025-07-12,M047,790711
2025-07-12,M048,671845
2025-07-13,M001,207786
2025-07-13,M002,193468
2025-07-13,M003,288524
2025-07-13,M004,348971
2025-07-13,M005,507939
2025-07-13,M006,390148
2025-07-13,M007,383389
2025-07-13,M008,240074
2025-07-13,M009,388494
2025-07-13,M010,293157
2025-07-13,M011,400478
2025-07-13,M012,445802
2025-07-13,M013,468100
2025-07-13,M014,350389
2025-07-13,M015,310296
2025-07-13,M016,370677
2025-07-13,M017,514570
2025-07-13,M018,411281
2025-07-13,M019,406265
2025-07-13,M020,455675
2025-07-13,M021,633419
2025-07-13,M022,302392
2025-07-13,M023,468399
2025-07-13,M024,496753
2025-07-13,M025,531459
2025-07-13,M026,426877
2025-07-13,M027,575237
2025-07-13,M028,573814
2025-07-13,M029,516697
2025-07-13,M030,459638
2025-07-13,M031,435663
2025-07-13,M032,529326
2025-07-13,M033,659248
2025-07-13,M034,533341
2025-07-13,M035,749833
2025-07-13,M036,584213
2025-07-13,M037,499737
2025-07-13,M038,417779
2025-07-13,M039,580452
2025-07-13,M040,705091
2025-07-13,M041,859076
2025-07-13,M042,696473
2025-07-13,M043,504448
2025-07-13,M044,560217
2025-07-13,M045,796593
2025-07-13,M046,559649
2025-07-13,M047,772185
2025-07-13,M048,792352
2025-07-14,M001,129130
2025-07-14,M002,310201
2025-07-14,M003,266559
2025-07-14,M004,527625
2025-07-14,M005,314469
2025-07-14,M006,610169
2025-07-14,M007,344500
2025-07-14,M008,406291
2025-07-14,M009,223356
2025-07-14,M010,468738
2025-07-14,M011,346391
2025-07-14,M012,757119
2025-07-14,M013,288427
2025-07-14,M014,558514
2025-07-14,M015,286078
2025-07-14,M016,572468
2025-07-14,M017,315795
2025-07-14,M018,662785
2025-07-14,M019,388039
2025-07-14,M020,762572
2025-07-14,M021,379150
2025-07-14,M022,460515
2025-07-14,M023,391452
2025-07-14,M024,845997
2025-07-14,M025,344516
2025-07-14,M026,679679
2025-07-14,M027,526812
2025-07-14,M028,972735
2025-07-14,M029,345862
2025-07-14,M030,647087
2025-07-14,M031,412566
2025-07-14,M032,810550
2025-07-14,M033,471031
2025-07-14,M034,909781
2025-07-14,M035,697525
2025-07-14,M036,948042
2025-07-14,M037,319078
2025-07-14,M038,634156
2025-07-14,M039,566372
2025-07-14,M040,968646
2025-07-14,M041,543072
2025-07-14,M042,1029963
2025-07-14,M043,455000
2025-07-14,M044,846911
2025-07-14,M045,510983
2025-07-14,M046,834437
2025-07-14,M047,693836
2025-07-14,M048,1295593
2025-07-15,M001,175091
2025-07-15,M002,259970
2025-07-15,M003,360517
2025-07-15,M004,338880
2025-07-15,M005,432833
2025-07-15,M006,576773
2025-07-15,M007,490823
2025-07-15,M008,233270
2025-07-15,M009,332213
2025-07-15,M010,426868
2025-07-15,M011,502969
2025-07-15,M012,453219
2025-07-15,M013,375793
2025-07-15,M014,577598
2025-07-15,M015,406547
2025-07-15,M016,373293
2025-07-15,M017,474054
2025-07-15,M018,581881
2025-07-15,M019,474026
2025-07-15,M020,410113
2025-07-15,M021,552136
2025-07-15,M022,489047
2025-07-15,M023,578420
2025-07-15,M024,494467
2025-07-15,M025,480064
2025-07-15,M026,568304
2025-07-15,M027,786755
2025-07-15,M028,598833
2025-07-15,M029,452154
2025-07-15,M030,602369
2025-07-15,M031,577238
2025-07-15,M032,524019
2025-07-15,M033,568619
2025-07-15,M034,770283
2025-07-15,M035,972483
2025-07-15,M036,552605
2025-07-15,M037,419925
2025-07-15,M038,593075
2025-07-15,M039,769192
2025-07-15,M040,627385
2025-07-15,M041,798460
2025-07-15,M042,917987
2025-07-15,M043,601828
2025-07-15,M044,546566
2025-07-15,M045,691878
2025-07-15,M046,741034
2025-07-15,M047,981224
2025-07-15,M048,773647
2025-07-16,M001,263233
2025-07-16,M002,224023
2025-07-16,M003,313778
2025-07-16,M004,271738
2025-07-16,M005,547555
2025-07-16,M006,459217
2025-07-16,M007,404702
2025-07-16,M008,212537
2025-07-16,M009,438839
2025-07-16,M010,359313
2025-07-16,M011,424552
2025-07-16,M012,433014
2025-07-16,M013,574547
2025-07-16,M014,464346
2025-07-16,M015,383216
2025-07-16,M016,337755
2025-07-16,M017,588106
2025-07-16,M018,544807
2025-07-16,M019,432936
2025-07-16,M020,364564
2025-07-16,M021,767734
2025-07-16,M022,442050
2025-07-16,M023,524263
2025-07-16,M024,434340
2025-07-16,M025,584984
2025-07-16,M026,539743
2025-07-16,M027,648242
2025-07-16,M028,491029
2025-07-16,M029,581565
2025-07-16,M030,547469
2025-07-16,M031,509827
2025-07-16,M032,409742
2025-07-16,M033,738274
2025-07-16,M034,653496
2025-07-16,M035,882498
2025-07-16,M036,498335
2025-07-16,M037,555198
2025-07-16,M038,503437
2025-07-16,M039,640907
2025-07-16,M040,576134
2025-07-16,M041,1008434
2025-07-16,M042,862214
2025-07-16,M043,572588
2025-07-16,M044,473410
2025-07-16,M045,824180
2025-07-16,M046,712028
2025-07-16,M047,831938
2025-07-16,M048,710854
2025-07-17,M001,221945
2025-07-17,M002,213078
2025-07-17,M003,301360
2025-07-17,M004,374815
2025-07-17,M005,547780
2025-07-17,M006,456831
2025-07-17,M007,465393
2025-07-17,M008,284654
2025-07-17,M009,438324
2025-07-17,M010,328745
2025-07-17,M011,420276
2025-07-17,M012,544556
2025-07-17,M013,541101
2025-07-17,M014,426588
2025-07-17,M015,334338
2025-07-17,M016,421109
2025-07-17,M017,638011
2025-07-17,M018,451798
2025-07-17,M019,430349
2025-07-17,M020,533820
2025-07-17,M021,672959
2025-07-17,M022,344937
2025-07-17,M023,494129
2025-07-17,M024,546035
2025-07-17,M025,613866
2025-07-17,M026,435073
2025-07-17,M027,656768
2025-07-17,M028,698072
2025-07-17,M029,575260
2025-07-17,M030,484176
2025-07-17,M031,514768
2025-07-17,M032,536203
2025-07-17,M033,841419
2025-07-17,M034,585135
2025-07-17,M035,780014
2025-07-17,M036,673446
2025-07-17,M037,584373
2025-07-17,M038,444453
2025-07-17,M039,637278
2025-07-17,M040,782969
2025-07-17,M041,954000
2025-07-17,M042,773442
2025-07-17,M043,536420
2025-07-17,M044,630037
2025-07-17,M045,828163
2025-07-17,M046,576855
2025-07-17,M047,791644
2025-07-17,M048,897434
2025-07-18,M001,142883
2025-07-18,M002,266847
2025-07-18,M003,272707
2025-07-18,M004,519415
2025-07-18,M005,312308
2025-07-18,M006,647766
2025-07-18,M007,343893
2025-07-18,M008,394080
2025-07-18,M009,257853
2025-07-18,M010,449382
2025-07-18,M011,362686
2025-07-18,M012,712700
2025-07-18,M013,278772
2025-07-18,M014,586388
2025-07-18,M015,303911
2025-07-18,M016,561109
2025-07-18,M017,360895
2025-07-18,M018,731167
2025-07-18,M019,380310
2025-07-18,M020,661421
2025-07-18,M021,390051
2025-07-18,M022,515969
2025-07-18,M023,399322
2025-07-18,M024,771742
2025-07-18,M025,309538
2025-07-18,M026,632787
2025-07-18,M027,550054
2025-07-18,M028,958830
2025-07-18,M029,319116
2025-07-18,M030,716723
2025-07-18,M031,395765
2025-07-18,M032,845986
2025-07-18,M033,420186
2025-07-18,M034,780677
2025-07-18,M035,707131
2025-07-18,M036,981201
2025-07-18,M037,326040
2025-07-18,M038,638855
2025-07-18,M039,577307
2025-07-18,M040,1039823
2025-07-18,M041,538906
2025-07-18,M042,986231
2025-07-18,M043,419974
2025-07-18,M044,940426
2025-07-18,M045,464493
2025-07-18,M046,824170
2025-07-18,M047,725990
2025-07-18,M048,1269484
2025-07-19,M001,164377
2025-07-19,M002,246435
2025-07-19,M003,328000
2025-07-19,M004,287561
2025-07-19,M005,375057
2025-07-19,M006,515912
2025-07-19,M007,472868
2025-07-19,M008,217504
2025-07-19,M009,274128
2025-07-19,M010,360003
2025-07-19,M011,469973
2025-07-19,M012,438843
2025-07-19,M013,342204
2025-07-19,M014,489648
2025-07-19,M015,395223
2025-07-19,M016,351395
2025-07-19,M017,446012
2025-07-19,M018,581360
2025-07-19,M019,442099
2025-07-19,M020,399697
2025-07-19,M021,488459
2025-07-19,M022,428634
2025-07-19,M023,518971
2025-07-19,M024,463074
2025-07-19,M025,433606
2025-07-19,M026,535436
2025-07-19,M027,709430
2025-07-19,M028,528393
2025-07-19,M029,437936
2025-07-19,M030,566591
2025-07-19,M031,502057
2025-07-19,M032,418846
2025-07-19,M033,502703
2025-07-19,M034,704341
2025-07-19,M035,852649
2025-07-19,M036,499528
2025-07-19,M037,424159
2025-07-19,M038,570928
2025-07-19,M039,679158
2025-07-19,M040,598703
2025-07-19,M041,673689
2025-07-19,M042,819919
2025-07-19,M043,582452
2025-07-19,M044,506961
2025-07-19,M045,553280
2025-07-19,M046,692614
2025-07-19,M047,794420
2025-07-19,M048,668393
2025-07-20,M001,221427
2025-07-20,M002,228672
2025-07-20,M003,278484
2025-07-20,M004,273589
2025-07-20,M005,530681
2025-07-20,M006,444860
2025-07-20,M007,421765
2025-07-20,M008,203867
2025-07-20,M009,413305
2025-07-20,M010,311718
2025-07-20,M011,377006
2025-07-20,M012,390996
2025-07-20,M013,455711
2025-07-20,M014,423885
2025-07-20,M015,318142
2025-07-20,M016,314546
2025-07-20,M017,594300
2025-07-20,M018,534177
2025-07-20,M019,410982
2025-07-20,M020,348899
2025-07-20,M021,642955
2025-07-20,M022,375944
2025-07-20,M023,426948
2025-07-20,M024,419858
2025-07-20,M025,507047
2025-07-20,M026,461737
2025-07-20,M027,602320
2025-07-20,M028,437128
2025-07-20,M029,600140
2025-07-20,M030,466000
2025-07-20,M031,444625
2025-07-20,M032,395073
2025-07-20,M033,711907
2025-07-20,M034,610593
2025-07-20,M035,745495
2025-07-20,M036,461008
2025-07-20,M037,550643
2025-07-20,M038,490820
2025-07-20,M039,606153
2025-07-20,M040,474012
2025-07-20,M041,989336
2025-07-20,M042,752544
2025-07-20,M043,466075
2025-07-20,M044,471309
2025-07-20,M045,827677
2025-07-20,M046,610464
2025-07-20,M047,786593
2025-07-20,M048,680410
2025-07-21,M001,242292
2025-07-21,M002,190424
2025-07-21,M003,319983
2025-07-21,M004,388053
2025-07-21,M005,554562
2025-07-21,M006,424004
2025-07-21,M007,409597
2025-07-21,M008,295297
2025-07-21,M009,426233
2025-07-21,M010,323951
2025-07-21,M011,458790
2025-07-21,M012,483956
2025-07-21,M013,571801
2025-07-21,M014,388774
2025-07-21,M015,343222
2025-07-21,M016,428684
2025-07-21,M017,631581
2025-07-21,M018,466883
2025-07-21,M019,455802
2025-07-21,M020,509605
2025-07-21,M021,759672
2025-07-21,M022,356934
2025-07-21,M023,517445
2025-07-21,M024,543421
2025-07-21,M025,548665
2025-07-21,M026,476015
2025-07-21,M027,622597
2025-07-21,M028,618411
2025-07-21,M029,575535
2025-07-21,M030,508067
2025-07-21,M031,459614
2025-07-21,M032,526963
2025-07-21,M033,789101
2025-07-21,M034,602223
2025-07-21,M035,767027
2025-07-21,M036,706368
2025-07-21,M037,562616
2025-07-21,M038,460669
2025-07-21,M039,645595
2025-07-21,M040,745319
2025-07-21,M041,1072619
2025-07-21,M042,695557
2025-07-21,M043,494607
2025-07-21,M044,667270
2025-07-21,M045,862549
2025-07-21,M046,574730
2025-07-21,M047,849078
2025-07-21,M048,944002
2025-07-22,M001,141338
2025-07-22,M002,279982
2025-07-22,M003,266198
2025-07-22,M004,510390
2025-07-22,M005,303998
2025-07-22,M006,618834
2025-07-22,M007,358997
2025-07-22,M008,387380
2025-07-22,M009,230891
2025-07-22,M010,435110
2025-07-22,M011,347608
2025-07-22,M012,711691
2025-07-22,M013,276934
2025-07-22,M014,543409
2025-07-22,M015,316332
2025-07-22,M016,643653
2025-07-22,M017,360732
2025-07-22,M018,717537
2025-07-22,M019,379545
2025-07-22,M020,683428
2025-07-22,M021,378575
2025-07-22,M022,517416
2025-07-22,M023,394136
2025-07-22,M024,840362
2025-07-22,M025,341573
2025-07-22,M026,697477
2025-07-22,M027,550448
2025-07-22,M028,998991
2025-07-22,M029,323063
2025-07-22,M030,651970
2025-07-22,M031,392595
2025-07-22,M032,803837
2025-07-22,M033,469102
2025-07-22,M034,825588
2025-07-22,M035,696419
2025-07-22,M036,938756
2025-07-22,M037,314405
2025-07-22,M038,663145
2025-07-22,M039,516613
2025-07-22,M040,1061068
2025-07-22,M041,588054
2025-07-22,M042,1102357
2025-07-22,M043,424669
2025-07-22,M044,915305
2025-07-22,M045,469496
2025-07-22,M046,828066
2025-07-22,M047,689239
2025-07-22,M048,1309325
2025-07-23,M001,179739
2025-07-23,M002,262857
2025-07-23,M003,365286
2025-07-23,M004,311773
2025-07-23,M005,409776
2025-07-23,M006,531932
2025-07-23,M007,470974
2025-07-23,M008,262600
2025-07-23,M009,307181
2025-07-23,M010,394008
2025-07-23,M011,483599
2025-07-23,M012,488353
2025-07-23,M013,425456
2025-07-23,M014,585470
2025-07-23,M015,409227
2025-07-23,M016,369360
2025-07-23,M017,452146
2025-07-23,M018,655856
2025-07-23,M019,513293
2025-07-23,M020,436333
2025-07-23,M021,514244
2025-07-23,M022,477646
2025-07-23,M023,580687
2025-07-23,M024,485846
2025-07-23,M025,478308
2025-07-23,M026,608730
2025-07-23,M027,774951
2025-07-23,M028,539967
2025-07-23,M029,453338
2025-07-23,M030,590999
2025-07-23,M031,583408
2025-07-23,M032,488420
2025-07-23,M033,575052
2025-07-23,M034,815767
2025-07-23,M035,1005493
2025-07-23,M036,597539
2025-07-23,M037,450285
2025-07-23,M038,618044
2025-07-23,M039,767992
2025-07-23,M040,629338
2025-07-23,M041,733046
2025-07-23,M042,1010536
2025-07-23,M043,637883
2025-07-23,M044,576236
2025-07-23,M045,706240
2025-07-23,M046,781696
2025-07-23,M047,913174
2025-07-23,M048,725382
2025-07-24,M001,237455
2025-07-24,M002,244700
2025-07-24,M003,321112
2025-07-24,M004,270059
2025-07-24,M005,517943
2025-07-24,M006,495212
2025-07-24,M007,453452
2025-07-24,M008,229388
2025-07-24,M009,460393
2025-07-24,M010,377873
2025-07-24,M011,451850
2025-07-24,M012,426769
2025-07-24,M013,574024
2025-07-24,M014,507876
2025-07-24,M015,333359
2025-07-24,M016,352958
2025-07-24,M017,668424
2025-07-24,M018,589021
2025-07-24,M019,403528
2025-07-24,M020,412725
2025-07-24,M021,719766
2025-07-24,M022,407278
2025-07-24,M023,488096
2025-07-24,M024,466698
2025-07-24,M025,592284
2025-07-24,M026,557119
2025-07-24,M027,665809
2025-07-24,M028,513194
2025-07-24,M029,588128
2025-07-24,M030,595942
2025-07-24,M031,507432
2025-07-24,M032,452047
2025-07-24,M033,823455
2025-07-24,M034,751932
2025-07-24,M035,785511
2025-07-24,M036,500400
2025-07-24,M037,582399
2025-07-24,M038,550447
2025-07-24,M039,618173
2025-07-24,M040,532766
2025-07-24,M041,1071523
2025-07-24,M042,910965
2025-07-24,M043,576028
2025-07-24,M044,483214
2025-07-24,M045,895221
2025-07-24,M046,659414
2025-07-24,M047,766233
2025-07-24,M048,740193
2025-07-25,M001,242028
2025-07-25,M002,195615
2025-07-25,M003,292726
2025-07-25,M004,386758
2025-07-25,M005,537520
2025-07-25,M006,450552
2025-07-25,M007,460482
2025-07-25,M008,298518
2025-07-25,M009,452239
2025-07-25,M010,319901
2025-07-25,M011,445056
2025-07-25,M012,506822
2025-07-25,M013,561315
2025-07-25,M014,400570
2025-07-25,M015,338564
2025-07-25,M016,433833
2025-07-25,M017,625401
2025-07-25,M018,462648
2025-07-25,M019,418467
2025-07-25,M020,490762
2025-07-25,M021,684301
2025-07-25,M022,373159
2025-07-25,M023,512248
2025-07-25,M024,553808
2025-07-25,M025,565495
2025-07-25,M026,434805
2025-07-25,M027,666871
2025-07-25,M028,705819
2025-07-25,M029,660165
2025-07-25,M030,466719
2025-07-25,M031,511822
2025-07-25,M032,566648
2025-07-25,M033,765396
2025-07-25,M034,560377
2025-07-25,M035,843922
2025-07-25,M036,657993
2025-07-25,M037,592003
2025-07-25,M038,469672
2025-07-25,M039,601101
2025-07-25,M040,752852
2025-07-25,M041,1027559
2025-07-25,M042,745756
2025-07-25,M043,511435
2025-07-25,M044,625021
2025-07-25,M045,925212
2025-07-25,M046,589846
2025-07-25,M047,791104
2025-07-25,M048,903233
2025-07-26,M001,124189
2025-07-26,M002,271067
2025-07-26,M003,234728
2025-07-26,M004,448469
2025-07-26,M005,284096
2025-07-26,M006,539381
2025-07-26,M007,341152
2025-07-26,M008,366499
2025-07-26,M009,212864
2025-07-26,M010,422806
2025-07-26,M011,348269
2025-07-26,M012,715147
2025-07-26,M013,273120
2025-07-26,M014,531667
2025-07-26,M015,264451
2025-07-26,M016,556969
2025-07-26,M017,299289
2025-07-26,M018,624207
2025-07-26,M019,340787
2025-07-26,M020,637823
2025-07-26,M021,348598
2025-07-26,M022,425885
2025-07-26,M023,377059
2025-07-26,M024,703637
2025-07-26,M025,308934
2025-07-26,M026,580494
2025-07-26,M027,525217
2025-07-26,M028,901513
2025-07-26,M029,301781
2025-07-26,M030,654035
2025-07-26,M031,370771
2025-07-26,M032,658416
2025-07-26,M033,391327
2025-07-26,M034,815386
2025-07-26,M035,590909
2025-07-26,M036,867932
2025-07-26,M037,291327
2025-07-26,M038,623172
2025-07-26,M039,510047
2025-07-26,M040,977280
2025-07-26,M041,504060
2025-07-26,M042,1004680
2025-07-26,M043,380546
2025-07-26,M044,771916
2025-07-26,M045,466945
2025-07-26,M046,707072
2025-07-26,M047,584466
2025-07-26,M048,1171847
2025-07-27,M001,153392
2025-07-27,M002,234242
2025-07-27,M003,336479
2025-07-27,M004,268883
2025-07-27,M005,383580
2025-07-27,M006,468736
2025-07-27,M007,436268
2025-07-27,M008,234796
2025-07-27,M009,303640
2025-07-27,M010,359365
2025-07-27,M011,460064
2025-07-27,M012,407205
2025-07-27,M013,362148
2025-07-27,M014,493051
2025-07-27,M015,388740
2025-07-27,M016,319677
2025-07-27,M017,426577
2025-07-27,M018,563613
2025-07-27,M019,480738
2025-07-27,M020,408028
2025-07-27,M021,510685
2025-07-27,M022,429737
2025-07-27,M023,491593
2025-07-27,M024,428936
2025-07-27,M025,377913
2025-07-27,M026,519071
2025-07-27,M027,721391
2025-07-27,M028,533803
2025-07-27,M029,448283
2025-07-27,M030,528889
2025-07-27,M031,536546
2025-07-27,M032,459928
2025-07-27,M033,565515
2025-07-27,M034,759787
2025-07-27,M035,835610
2025-07-27,M036,540834
2025-07-27,M037,382842
2025-07-27,M038,534917
2025-07-27,M039,706080
2025-07-27,M040,599708
2025-07-27,M041,701256
2025-07-27,M042,893593
2025-07-27,M043,529809
2025-07-27,M044,464302
2025-07-27,M045,626037
2025-07-27,M046,690232
2025-07-27,M047,891225
2025-07-27,M048,690343
2025-07-28,M001,250918
2025-07-28,M002,245458
2025-07-28,M003,326756
2025-07-28,M004,291906
2025-07-28,M005,553851
2025-07-28,M006,515605
2025-07-28,M007,466853
2025-07-28,M008,224244
2025-07-28,M009,405691
2025-07-28,M010,366605
2025-07-28,M011,449295
2025-07-28,M012,390155
2025-07-28,M013,505272
2025-07-28,M014,490176
2025-07-28,M015,339134
2025-07-28,M016,316626
2025-07-28,M017,594650
2025-07-28,M018,532391
2025-07-28,M019,443818
2025-07-28,M020,382344
2025-07-28,M021,719561
2025-07-28,M022,393602
2025-07-28,M023,519450
2025-07-28,M024,442826
2025-07-28,M025,607444
2025-07-28,M026,553321
2025-07-28,M027,628680
2025-07-28,M028,509449
2025-07-28,M029,626167
2025-07-28,M030,541092
2025-07-28,M031,495590
2025-07-28,M032,438342
2025-07-28,M033,802394
2025-07-28,M034,698575
2025-07-28,M035,889505
2025-07-28,M036,528308
2025-07-28,M037,614531
2025-07-28,M038,542011
2025-07-28,M039,657808
2025-07-28,M040,601970
2025-07-28,M041,1053266
2025-07-28,M042,890143
2025-07-28,M043,557014
2025-07-28,M044,519522
2025-07-28,M045,894175
2025-07-28,M046,699973
2025-07-28,M047,773291
2025-07-28,M048,744303
2025-07-29,M001,237401
2025-07-29,M002,196536
2025-07-29,M003,305678
2025-07-29,M004,381172
2025-07-29,M005,517772
2025-07-29,M006,408684
2025-07-29,M007,435024
2025-07-29,M008,286383
2025-07-29,M009,439425
2025-07-29,M010,293494
2025-07-29,M011,409798
2025-07-29,M012,561535
2025-07-29,M013,493585
2025-07-29,M014,424504
2025-07-29,M015,333542
2025-07-29,M016,452431
2025-07-29,M017,644308
2025-07-29,M018,468180
2025-07-29,M019,434321
2025-07-29,M020,467490
2025-07-29,M021,755362
2025-07-29,M022,328820
2025-07-29,M023,538678
2025-07-29,M024,571588
2025-07-29,M025,557189
2025-07-29,M026,484487
2025-07-29,M027,634399
2025-07-29,M028,626288
2025-07-29,M029,581621
2025-07-29,M030,491136
2025-07-29,M031,474199
2025-07-29,M032,521843
2025-07-29,M033,781153
2025-07-29,M034,608304
2025-07-29,M035,832607
2025-07-29,M036,617338
2025-07-29,M037,571475
2025-07-29,M038,428608
2025-07-29,M039,639745
2025-07-29,M040,753253
2025-07-29,M041,1035860
2025-07-29,M042,727775
2025-07-29,M043,533283
2025-07-29,M044,633794
2025-07-29,M045,897523
2025-07-29,M046,581273
2025-07-29,M047,781489
2025-07-29,M048,940406
2025-07-30,M001,138471
2025-07-30,M002,301514
2025-07-30,M003,270624
2025-07-30,M004,544483
2025-07-30,M005,292582
2025-07-30,M006,621112
2025-07-30,M007,391806
2025-07-30,M008,409344
2025-07-30,M009,249816
2025-07-30,M010,426043
2025-07-30,M011,376462
2025-07-30,M012,788394
2025-07-30,M013,293549
2025-07-30,M014,627150
2025-07-30,M015,293767
2025-07-30,M016,591877
2025-07-30,M017,326155
2025-07-30,M018,628486
2025-07-30,M019,384871
2025-07-30,M020,709415
2025-07-30,M021,367469
2025-07-30,M022,473344
2025-07-30,M023,456828
2025-07-30,M024,799920
2025-07-30,M025,355868
2025-07-30,M026,685359
2025-07-30,M027,553995
2025-07-30,M028,901321
2025-07-30,M029,352460
2025-07-30,M030,622606
2025-07-30,M031,399497
2025-07-30,M032,845776
2025-07-30,M033,452983
2025-07-30,M034,799572
2025-07-30,M035,658600
2025-07-30,M036,976325
2025-07-30,M037,335123
2025-07-30,M038,676236
2025-07-30,M039,542543
2025-07-30,M040,1078916
2025-07-30,M041,565430
2025-07-30,M042,1010270
2025-07-30,M043,417475
2025-07-30,M044,939309
2025-07-30,M045,507775
2025-07-30,M046,780643
2025-07-30,M047,662609
2025-07-30,M048,1326716
2025-07-31,M001,194446
2025-07-31,M002,274073
2025-07-31,M003,360362
2025-07-31,M004,301823
2025-07-31,M005,392152
2025-07-31,M006,528938
2025-07-31,M007,478738
2025-07-31,M008,236003
2025-07-31,M009,311597
2025-07-31,M010,372116
2025-07-31,M011,472852
2025-07-31,M012,438897
2025-07-31,M013,377965
2025-07-31,M014,577209
2025-07-31,M015,391068
2025-07-31,M016,398335
2025-07-31,M017,463905
2025-07-31,M018,672302
2025-07-31,M019,501540
2025-07-31,M020,407459
2025-07-31,M021,574001
2025-07-31,M022,465330
2025-07-31,M023,571429
2025-07-31,M024,538629
2025-07-31,M025,426515
2025-07-31,M026,649679
2025-07-31,M027,691171
2025-07-31,M028,564764
2025-07-31,M029,434048
2025-07-31,M030,595756
2025-07-31,M031,566212
2025-07-31,M032,461149
2025-07-31,M033,647408
2025-07-31,M034,796742
2025-07-31,M035,948826
2025-07-31,M036,608684
2025-07-31,M037,462730
2025-07-31,M038,607485
2025-07-31,M039,780248
2025-07-31,M040,592105
2025-07-31,M041,770626
2025-07-31,M042,990207
2025-07-31,M043,593150
2025-07-31,M044,532350
2025-07-31,M045,711930
2025-07-31,M046,756519
2025-07-31,M047,904140
2025-07-31,M048,820639
2025-08-01,M001,225698
2025-08-01,M002,175161
2025-08-01,M003,277849
2025-08-01,M004,326046
2025-08-01,M005,452340
2025-08-01,M006,378317
2025-08-01,M007,368778
2025-08-01,M008,267179
2025-08-01,M009,382274
2025-08-01,M010,274340
2025-08-01,M011,396480
2025-08-01,M012,439882
2025-08-01,M013,505434
2025-08-01,M014,345939
2025-08-01,M015,330569
2025-08-01,M016,356355
2025-08-01,M017,551332
2025-08-01,M018,426892
2025-08-01,M019,386126
2025-08-01,M020,438140
2025-08-01,M021,643295
2025-08-01,M022,300758
2025-08-01,M023,446983
2025-08-01,M024,529090
2025-08-01,M025,511778
2025-08-01,M026,428970
2025-08-01,M027,616314
2025-08-01,M028,591856
2025-08-01,M029,585621
2025-08-01,M030,414986
2025-08-01,M031,461439
2025-08-01,M032,533924
2025-08-01,M033,704877
2025-08-01,M034,496814
2025-08-01,M035,746534
2025-08-01,M036,604289
2025-08-01,M037,507925
2025-08-01,M038,391187
2025-08-01,M039,583093
2025-08-01,M040,639302
2025-08-01,M041,956254
2025-08-01,M042,643081
2025-08-01,M043,515174
2025-08-01,M044,595517
2025-08-01,M045,717482
2025-08-01,M046,500671
2025-08-01,M047,742623
2025-08-01,M048,790207
2025-08-02,M001,104877
2025-08-02,M002,247581
2025-08-02,M003,216009
2025-08-02,M004,452978
2025-08-02,M005,224032
2025-08-02,M006,473140
2025-08-02,M007,279717
2025-08-02,M008,337188
2025-08-02,M009,191126
2025-08-02,M010,329816
2025-08-02,M011,290877
2025-08-02,M012,588831
2025-08-02,M013,228805
2025-08-02,M014,451214
2025-08-02,M015,234519
2025-08-02,M016,515462
2025-08-02,M017,267835
2025-08-02,M018,518964
2025-08-02,M019,297116
2025-08-02,M020,547157
2025-08-02,M021,329449
2025-08-02,M022,381296
2025-08-02,M023,326260
2025-08-02,M024,717874
2025-08-02,M025,261130
2025-08-02,M026,520769
2025-08-02,M027,449716
2025-08-02,M028,758711
2025-08-02,M029,275341
2025-08-02,M030,549605
2025-08-02,M031,310628
2025-08-02,M032,663466
2025-08-02,M033,356452
2025-08-02,M034,693529
2025-08-02,M035,591678
2025-08-02,M036,734698
2025-08-02,M037,265324
2025-08-02,M038,525489
2025-08-02,M039,404270
2025-08-02,M040,887695
2025-08-02,M041,449327
2025-08-02,M042,873844
2025-08-02,M043,343176
2025-08-02,M044,739432
2025-08-02,M045,388778
2025-08-02,M046,651298
2025-08-02,M047,568570
2025-08-02,M048,971952
2025-08-03,M001,141511
2025-08-03,M002,224191
2025-08-03,M003,291833
2025-08-03,M004,248331
2025-08-03,M005,340172
2025-08-03,M006,415907
2025-08-03,M007,417076
2025-08-03,M008,214301
2025-08-03,M009,268072
2025-08-03,M010,323747
2025-08-03,M011,390686
2025-08-03,M012,349678
2025-08-03,M013,312008
2025-08-03,M014,412096
2025-08-03,M015,317471
2025-08-03,M016,284451
2025-08-03,M017,403331
2025-08-03,M018,525081
2025-08-03,M019,391648
2025-08-03,M020,354966
2025-08-03,M021,472720
2025-08-03,M022,380384
2025-08-03,M023,428146
2025-08-03,M024,434337
2025-08-03,M025,364762
2025-08-03,M026,493604
2025-08-03,M027,643268
2025-08-03,M028,491080
2025-08-03,M029,397880
2025-08-03,M030,483507
2025-08-03,M031,413353
2025-08-03,M032,374177
2025-08-03,M033,453628
2025-08-03,M034,644821
2025-08-03,M035,755626
2025-08-03,M036,457335
2025-08-03,M037,368630
2025-08-03,M038,455490
2025-08-03,M039,541434
2025-08-03,M040,519000
2025-08-03,M041,599518
2025-08-03,M042,826668
2025-08-03,M043,460956
2025-08-03,M044,435697
2025-08-03,M045,520305
2025-08-03,M046,644823
2025-08-03,M047,744269
2025-08-03,M048,665397
2025-08-04,M001,208313
2025-08-04,M002,214909
2025-08-04,M003,279393
2025-08-04,M004,260598
2025-08-04,M005,488625
2025-08-04,M006,453501
2025-08-04,M007,420048
2025-08-04,M008,204658
2025-08-04,M009,387350
2025-08-04,M010,314203
2025-08-04,M011,384593
2025-08-04,M012,392411
2025-08-04,M013,456241
2025-08-04,M014,446384
2025-08-04,M015,297690
2025-08-04,M016,305639
2025-08-04,M017,563284
2025-08-04,M018,471009
2025-08-04,M019,412122
2025-08-04,M020,326936
2025-08-04,M021,632991
2025-08-04,M022,358326
2025-08-04,M023,429648
2025-08-04,M024,409202
2025-08-04,M025,573525
2025-08-04,M026,496905
2025-08-04,M027,540493
2025-08-04,M028,432299
2025-08-04,M029,556307
2025-08-04,M030,513666
2025-08-04,M031,444181
2025-08-04,M032,378605
2025-08-04,M033,672790
2025-08-04,M034,600566
2025-08-04,M035,768550
2025-08-04,M036,477828
2025-08-04,M037,521340
2025-08-04,M038,485757
2025-08-04,M039,606202
2025-08-04,M040,544449
2025-08-04,M041,916499
2025-08-04,M042,822986
2025-08-04,M043,506535
2025-08-04,M044,436767
2025-08-04,M045,759190
2025-08-04,M046,595649
2025-08-04,M047,687727
2025-08-04,M048,661156
2025-08-05,M001,208603
2025-08-05,M002,173344
2025-08-05,M003,266984
2025-08-05,M004,348968
2025-08-05,M005,470921
2025-08-05,M006,350442
2025-08-05,M007,398572
2025-08-05,M008,278283
2025-08-05,M009,379567
2025-08-05,M010,267587
2025-08-05,M011,409503
2025-08-05,M012,447698
2025-08-05,M013,443031
2025-08-05,M014,396460
2025-08-05,M015,321701
2025-08-05,M016,359630
2025-08-05,M017,560254
2025-08-05,M018,429461
2025-08-05,M019,364167
2025-08-05,M020,434862
2025-08-05,M021,618085
2025-08-05,M022,318636
2025-08-05,M023,443413
2025-08-05,M024,485270
2025-08-05,M025,489802
2025-08-05,M026,378969
2025-08-05,M027,590770
2025-08-05,M028,563083
2025-08-05,M029,548684
2025-08-05,M030,421292
2025-08-05,M031,434221
2025-08-05,M032,469354
2025-08-05,M033,737931
2025-08-05,M034,502212
2025-08-05,M035,756254
2025-08-05,M036,570995
2025-08-05,M037,554007
2025-08-05,M038,428567
2025-08-05,M039,558037
2025-08-05,M040,622699
2025-08-05,M041,877668
2025-08-05,M042,669771
2025-08-05,M043,453281
2025-08-05,M044,552640
2025-08-05,M045,749382
2025-08-05,M046,494762
2025-08-05,M047,715217
2025-08-05,M048,870872
2025-08-06,M001,122124
2025-08-06,M002,267427
2025-08-06,M003,220106
2025-08-06,M004,465562
2025-08-06,M005,280831
2025-08-06,M006,518491
2025-08-06,M007,351384
2025-08-06,M008,341033
2025-08-06,M009,204945
2025-08-06,M010,416482
2025-08-06,M011,308150
2025-08-06,M012,638217
2025-08-06,M013,284682
2025-08-06,M014,487846
2025-08-06,M015,256425
2025-08-06,M016,500758
2025-08-06,M017,325566
2025-08-06,M018,628164
2025-08-06,M019,306150
2025-08-06,M020,651432
2025-08-06,M021,343331
2025-08-06,M022,437219
2025-08-06,M023,393460
2025-08-06,M024,792308
2025-08-06,M025,274296
2025-08-06,M026,581877
2025-08-06,M027,512767
2025-08-06,M028,847746
2025-08-06,M029,327864
2025-08-06,M030,568051
2025-08-06,M031,378386
2025-08-06,M032,720131
2025-08-06,M033,362430
2025-08-06,M034,721295
2025-08-06,M035,612653
2025-08-06,M036,821799
2025-08-06,M037,283909
2025-08-06,M038,593170
2025-08-06,M039,484623
2025-08-06,M040,895029
2025-08-06,M041,534184
2025-08-06,M042,980555
2025-08-06,M043,413084
2025-08-06,M044,795376
2025-08-06,M045,447524
2025-08-06,M046,724193
2025-08-06,M047,587339
2025-08-06,M048,1225051
2025-08-07,M001,172481
2025-08-07,M002,250460
2025-08-07,M003,305629
2025-08-07,M004,266488
2025-08-07,M005,392705
2025-08-07,M006,492688
2025-08-07,M007,430733
2025-08-07,M008,230168
2025-08-07,M009,305734
2025-08-07,M010,363440
2025-08-07,M011,467445
2025-08-07,M012,380828
2025-08-07,M013,357421
2025-08-07,M014,502981
2025-08-07,M015,368185
2025-08-07,M016,334780
2025-08-07,M017,448824
2025-08-07,M018,563889
2025-08-07,M019,444452
2025-08-07,M020,391815
2025-08-07,M021,468087
2025-08-07,M022,380227
2025-08-07,M023,550926
2025-08-07,M024,490218
2025-08-07,M025,400539
2025-08-07,M026,498354
2025-08-07,M027,701239
2025-08-07,M028,543341
2025-08-07,M029,436012
2025-08-07,M030,596435
2025-08-07,M031,473469
2025-08-07,M032,413105
2025-08-07,M033,495229
2025-08-07,M034,719132
2025-08-07,M035,856110
2025-08-07,M036,499804
2025-08-07,M037,431884
2025-08-07,M038,524823
2025-08-07,M039,651369
2025-08-07,M040,594001
2025-08-07,M041,667542
2025-08-07,M042,876360
2025-08-07,M043,573536
2025-08-07,M044,462972
2025-08-07,M045,557302
2025-08-07,M046,707435
2025-08-07,M047,849667
2025-08-07,M048,710690
2025-08-08,M001,204032
2025-08-08,M002,230152
2025-08-08,M003,291183
2025-08-08,M004,262880
2025-08-08,M005,515324
2025-08-08,M006,451757
2025-08-08,M007,375393
2025-08-08,M008,194189
2025-08-08,M009,401535
2025-08-08,M010,321606
2025-08-08,M011,426771
2025-08-08,M012,344792
2025-08-08,M013,461208
2025-08-08,M014,413884
2025-08-08,M015,332925
2025-08-08,M016,286028
2025-08-08,M017,586636
2025-08-08,M018,490123
2025-08-08,M019,364062
2025-08-08,M020,331602
2025-08-08,M021,689622
2025-08-08,M022,380959
2025-08-08,M023,471019
2025-08-08,M024,417225
2025-08-08,M025,548777
2025-08-08,M026,491667
2025-08-08,M027,626657
2025-08-08,M028,489884
2025-08-08,M029,516377
2025-08-08,M030,466615
2025-08-08,M031,459377
2025-08-08,M032,392699
2025-08-08,M033,698322
2025-08-08,M034,629703
2025-08-08,M035,697844
2025-08-08,M036,475262
2025-08-08,M037,568288
2025-08-08,M038,451055
2025-08-08,M039,606140
2025-08-08,M040,503438
2025-08-08,M041,943687
2025-08-08,M042,841036
2025-08-08,M043,484618
2025-08-08,M044,419627
2025-08-08,M045,776299
2025-08-08,M046,657776
2025-08-08,M047,724034
2025-08-08,M048,584425
2025-08-09,M001,193223
2025-08-09,M002,155628
2025-08-09,M003,228920
2025-08-09,M004,295366
2025-08-09,M005,427677
2025-08-09,M006,321612
2025-08-09,M007,356628
2025-08-09,M008,227019
2025-08-09,M009,343310
2025-08-09,M010,263228
2025-08-09,M011,332623
2025-08-09,M012,401357
2025-08-09,M013,400276
2025-08-09,M014,318290
2025-08-09,M015,283631
2025-08-09,M016,351359
2025-08-09,M017,493028
2025-08-09,M018,372073
2025-08-09,M019,333865
2025-08-09,M020,420895
2025-08-09,M021,576107
2025-08-09,M022,298793
2025-08-09,M023,429935
2025-08-09,M024,494785
2025-08-09,M025,483238
2025-08-09,M026,340271
2025-08-09,M027,546402
2025-08-09,M028,526218
2025-08-09,M029,514013
2025-08-09,M030,372104
2025-08-09,M031,386971
2025-08-09,M032,416793
2025-08-09,M033,609609
2025-08-09,M034,451769
2025-08-09,M035,698142
2025-08-09,M036,562517
2025-08-09,M037,504946
2025-08-09,M038,350000
2025-08-09,M039,500139
2025-08-09,M040,548864
2025-08-09,M041,783541
2025-08-09,M042,560915
2025-08-09,M043,397973
2025-08-09,M044,461957
2025-08-09,M045,653967
2025-08-09,M046,473258
2025-08-09,M047,615739
2025-08-09,M048,750082
2025-08-10,M001,104327
2025-08-10,M002,237295
2025-08-10,M003,209946
2025-08-10,M004,440819
2025-08-10,M005,237825
2025-08-10,M006,461603
2025-08-10,M007,276216
2025-08-10,M008,327619
2025-08-10,M009,192510
2025-08-10,M010,369547
2025-08-10,M011,293974
2025-08-10,M012,592602
2025-08-10,M013,228776
2025-08-10,M014,447547
2025-08-10,M015,237421
2025-08-10,M016,474575
2025-08-10,M017,287788
2025-08-10,M018,581574
2025-08-10,M019,306445
2025-08-10,M020,545603
2025-08-10,M021,331896
2025-08-10,M022,388273
2025-08-10,M023,367066
2025-08-10,M024,667773
2025-08-10,M025,283395
2025-08-10,M026,487954
2025-08-10,M027,422984
2025-08-10,M028,740802
2025-08-10,M029,276274
2025-08-10,M030,524407
2025-08-10,M031,353170
2025-08-10,M032,658950
2025-08-10,M033,367810
2025-08-10,M034,715234
2025-08-10,M035,553469
2025-08-10,M036,715484
2025-08-10,M037,247327
2025-08-10,M038,480134
2025-08-10,M039,453047
2025-08-10,M040,835285
2025-08-10,M041,467572
2025-08-10,M042,900283
2025-08-10,M043,375576
2025-08-10,M044,649117
2025-08-10,M045,400463
2025-08-10,M046,627490
2025-08-10,M047,573789
2025-08-10,M048,969170
2025-08-11,M001,174983
2025-08-11,M002,239629
2025-08-11,M003,319207
2025-08-11,M004,311446
2025-08-11,M005,358334
2025-08-11,M006,491035
2025-08-11,M007,460250
2025-08-11,M008,215210
2025-08-11,M009,307438
2025-08-11,M010,371526
2025-08-11,M011,424582
2025-08-11,M012,423790
2025-08-11,M013,373415
2025-08-11,M014,463808
2025-08-11,M015,370765
2025-08-11,M016,330499
2025-08-11,M017,424472
2025-08-11,M018,545484
2025-08-11,M019,466049
2025-08-11,M020,372205
2025-08-11,M021,503591
2025-08-11,M022,397663
2025-08-11,M023,499712
2025-08-11,M024,455720
2025-08-11,M025,429838
2025-08-11,M026,574753
2025-08-11,M027,709201
2025-08-11,M028,502502
2025-08-11,M029,435840
2025-08-11,M030,569740
2025-08-11,M031,523533
2025-08-11,M032,446037
2025-08-11,M033,571246
2025-08-11,M034,739510
2025-08-11,M035,835258
2025-08-11,M036,487735
2025-08-11,M037,408620
2025-08-11,M038,562880
2025-08-11,M039,643698
2025-08-11,M040,588630
2025-08-11,M041,632057
2025-08-11,M042,909152
2025-08-11,M043,513900
2025-08-11,M044,464608
2025-08-11,M045,583795
2025-08-11,M046,728024
2025-08-11,M047,888394
2025-08-11,M048,719048
2025-08-12,M001,231091
2025-08-12,M002,221785
2025-08-12,M003,271038
2025-08-12,M004,254406
2025-08-12,M005,464844
2025-08-12,M006,421476
2025-08-12,M007,397790
2025-08-12,M008,193806
2025-08-12,M009,384731
2025-08-12,M010,323995
2025-08-12,M011,390267
2025-08-12,M012,370899
2025-08-12,M013,515930
2025-08-12,M014,447128
2025-08-12,M015,319222
2025-08-12,M016,285914
2025-08-12,M017,541981
2025-08-12,M018,470897
2025-08-12,M019,378302
2025-08-12,M020,358543
2025-08-12,M021,603688
2025-08-12,M022,344922
2025-08-12,M023,468013
2025-08-12,M024,441237
2025-08-12,M025,558134
2025-08-12,M026,505035
2025-08-12,M027,583445
2025-08-12,M028,424488
2025-08-12,M029,543854
2025-08-12,M030,491396
2025-08-12,M031,466575
2025-08-12,M032,399363
2025-08-12,M033,759199
2025-08-12,M034,609578
2025-08-12,M035,690253
2025-08-12,M036,428692
2025-08-12,M037,505904
2025-08-12,M038,504426
2025-08-12,M039,533641
2025-08-12,M040,483453
2025-08-12,M041,902668
2025-08-12,M042,800642
2025-08-12,M043,494600
2025-08-12,M044,427321
2025-08-12,M045,750517
2025-08-12,M046,633909
2025-08-12,M047,757239
2025-08-12,M048,668086
2025-08-13,M001,211151
2025-08-13,M002,193234
2025-08-13,M003,253956
2025-08-13,M004,338462
2025-08-13,M005,520938
2025-08-13,M006,393684
2025-08-13,M007,385945
2025-08-13,M008,238426
2025-08-13,M009,399279
2025-08-13,M010,261703
2025-08-13,M011,406406
2025-08-13,M012,501128
2025-08-13,M013,503104
2025-08-13,M014,389138
2025-08-13,M015,304247
2025-08-13,M016,409896
2025-08-13,M017,590557
2025-08-13,M018,438685
2025-08-13,M019,394565
2025-08-13,M020,424019
2025-08-13,M021,653502
2025-08-13,M022,311996
2025-08-13,M023,467046
2025-08-13,M024,538053
2025-08-13,M025,513757
2025-08-13,M026,433948
2025-08-13,M027,533986
2025-08-13,M028,570794
2025-08-13,M029,548952
2025-08-13,M030,455675
2025-08-13,M031,438657
2025-08-13,M032,493950
2025-08-13,M033,701541
2025-08-13,M034,564880
2025-08-13,M035,720378
2025-08-13,M036,567890
2025-08-13,M037,487676
2025-08-13,M038,435028
2025-08-13,M039,585659
2025-08-13,M040,603797
2025-08-13,M041,902392
2025-08-13,M042,714638
2025-08-13,M043,490603
2025-08-13,M044,514107
2025-08-13,M045,818973
2025-08-13,M046,479370
2025-08-13,M047,713867
2025-08-13,M048,788462
2025-08-14,M001,110447
2025-08-14,M002,249981
2025-08-14,M003,236573
2025-08-14,M004,497699
2025-08-14,M005,273142
2025-08-14,M006,555624
2025-08-14,M007,342163
2025-08-14,M008,382299
2025-08-14,M009,216036
2025-08-14,M010,386218
2025-08-14,M011,324440
2025-08-14,M012,653736
2025-08-14,M013,279709
2025-08-14,M014,532496
2025-08-14,M015,268089
2025-08-14,M016,575536
2025-08-14,M017,291760
2025-08-14,M018,558997
2025-08-14,M019,307612
2025-08-14,M020,603146
2025-08-14,M021,366881
2025-08-14,M022,412639
2025-08-14,M023,363864
2025-08-14,M024,706790
2025-08-14,M025,295394
2025-08-14,M026,603065
2025-08-14,M027,502030
2025-08-14,M028,867123
2025-08-14,M029,327556
2025-08-14,M030,623225
2025-08-14,M031,384152
2025-08-14,M032,749488
2025-08-14,M033,383852
2025-08-14,M034,767167
2025-08-14,M035,590524
2025-08-14,M036,819956
2025-08-14,M037,300366
2025-08-14,M038,586860
2025-08-14,M039,501021
2025-08-14,M040,940954
2025-08-14,M041,472928
2025-08-14,M042,951121
2025-08-14,M043,386164
2025-08-14,M044,795781
2025-08-14,M045,417965
2025-08-14,M046,732903
2025-08-14,M047,619873
2025-08-14,M048,1156127
2025-08-15,M001,175696
2025-08-15,M002,232365
2025-08-15,M003,318253
2025-08-15,M004,295226
2025-08-15,M005,385903
2025-08-15,M006,469280
2025-08-15,M007,471012
2025-08-15,M008,232772
2025-08-15,M009,290895
2025-08-15,M010,368248
2025-08-15,M011,435722
2025-08-15,M012,381867
2025-08-15,M013,357244
2025-08-15,M014,462720
2025-08-15,M015,353619
2025-08-15,M016,332244
2025-08-15,M017,444762
2025-08-15,M018,563584
2025-08-15,M019,424721
2025-08-15,M020,373179
2025-08-15,M021,465268
2025-08-15,M022,386529
2025-08-15,M023,546048
2025-08-15,M024,442425
2025-08-15,M025,378947
2025-08-15,M026,578088
2025-08-15,M027,705545
2025-08-15,M028,494771
2025-08-15,M029,416728
2025-08-15,M030,540364
2025-08-15,M031,498677
2025-08-15,M032,442259
2025-08-15,M033,560690
2025-08-15,M034,672531
2025-08-15,M035,818903
2025-08-15,M036,487469
2025-08-15,M037,430208
2025-08-15,M038,556529
2025-08-15,M039,693498
2025-08-15,M040,565826
2025-08-15,M041,737831
2025-08-15,M042,876899
2025-08-15,M043,521002
2025-08-15,M044,493249
2025-08-15,M045,574418
2025-08-15,M046,699424
2025-08-15,M047,807788
2025-08-15,M048,738905
2025-08-16,M001,191659
2025-08-16,M002,186612
2025-08-16,M003,261970
2025-08-16,M004,252782
2025-08-16,M005,464956
2025-08-16,M006,425659
2025-08-16,M007,359054
2025-08-16,M008,194841
2025-08-16,M009,369886
2025-08-16,M010,273183
2025-08-16,M011,382469
2025-08-16,M012,343580
2025-08-16,M013,454834
2025-08-16,M014,404805
2025-08-16,M015,311515
2025-08-16,M016,269387
2025-08-16,M017,481017
2025-08-16,M018,464540
2025-08-16,M019,329853
2025-08-16,M020,320296
2025-08-16,M021,599303
2025-08-16,M022,312112
2025-08-16,M023,377638
2025-08-16,M024,357305
2025-08-16,M025,518644
2025-08-16,M026,409051
2025-08-16,M027,528289
2025-08-16,M028,419430
2025-08-16,M029,483567
2025-08-16,M030,481488
2025-08-16,M031,416078
2025-08-16,M032,338630
2025-08-16,M033,632802
2025-08-16,M034,548688
2025-08-16,M035,712927
2025-08-16,M036,427237
2025-08-16,M037,459339
2025-08-16,M038,442075
2025-08-16,M039,531970
2025-08-16,M040,432607
2025-08-16,M041,857831
2025-08-16,M042,683283
2025-08-16,M043,438297
2025-08-16,M044,376363
2025-08-16,M045,737601
2025-08-16,M046,565155
2025-08-16,M047,642323
2025-08-16,M048,537898
2025-08-17,M001,192237
2025-08-17,M002,150781
2025-08-17,M003,228691
2025-08-17,M004,283229
2025-08-17,M005,449829
2025-08-17,M006,359604
2025-08-17,M007,339504
2025-08-17,M008,229047
2025-08-17,M009,360136
2025-08-17,M010,242320
2025-08-17,M011,357824
2025-08-17,M012,412315
2025-08-17,M013,434741
2025-08-17,M014,341132
2025-08-17,M015,264591
2025-08-17,M016,357862
2025-08-17,M017,479926
2025-08-17,M018,409337
2025-08-17,M019,360190
2025-08-17,M020,382985
2025-08-17,M021,571884
2025-08-17,M022,275010
2025-08-17,M023,430694
2025-08-17,M024,438719
2025-08-17,M025,492152
2025-08-17,M026,398560
2025-08-17,M027,514915
2025-08-17,M028,535356
2025-08-17,M029,476057
2025-08-17,M030,377411
2025-08-17,M031,396062
2025-08-17,M032,483647
2025-08-17,M033,657330
2025-08-17,M034,466425
2025-08-17,M035,718503
2025-08-17,M036,540985
2025-08-17,M037,462484
2025-08-17,M038,382909
2025-08-17,M039,497922
2025-08-17,M040,568119
2025-08-17,M041,790718
2025-08-17,M042,595240
2025-08-17,M043,396302
2025-08-17,M044,500567
2025-08-17,M045,716188
2025-08-17,M046,493821
2025-08-17,M047,602873
2025-08-17,M048,780667
2025-08-18,M001,127012
2025-08-18,M002,237779
2025-08-18,M003,229454
2025-08-18,M004,466008
2025-08-18,M005,265538
2025-08-18,M006,544157
2025-08-18,M007,331975
2025-08-18,M008,367676
2025-08-18,M009,204406
2025-08-18,M010,416359
2025-08-18,M011,310809
2025-08-18,M012,689566
2025-08-18,M013,256302
2025-08-18,M014,562604
2025-08-18,M015,269748
2025-08-18,M016,565352
2025-08-18,M017,328852
2025-08-18,M018,589505
2025-08-18,M019,315791
2025-08-18,M020,635603
2025-08-18,M021,370548
2025-08-18,M022,417145
2025-08-18,M023,389011
2025-08-18,M024,735823
2025-08-18,M025,317208
2025-08-18,M026,629142
2025-08-18,M027,507710
2025-08-18,M028,821756
2025-08-18,M029,287170
2025-08-18,M030,607170
2025-08-18,M031,367106
2025-08-18,M032,652557
2025-08-18,M033,362098
2025-08-18,M034,775859
2025-08-18,M035,648169
2025-08-18,M036,887706
2025-08-18,M037,277348
2025-08-18,M038,610396
2025-08-18,M039,457244
2025-08-18,M040,966399
2025-08-18,M041,519242
2025-08-18,M042,940402
2025-08-18,M043,412198
2025-08-18,M044,817887
2025-08-18,M045,404838
2025-08-18,M046,719799
2025-08-18,M047,619896
2025-08-18,M048,1099496
2025-08-19,M001,159444
2025-08-19,M002,246199
2025-08-19,M003,322724
2025-08-19,M004,273304
2025-08-19,M005,380210
2025-08-19,M006,471366
2025-08-19,M007,470446
2025-08-19,M008,207324
2025-08-19,M009,288789
2025-08-19,M010,346383
2025-08-19,M011,465123
2025-08-19,M012,401879
2025-08-19,M013,373748
2025-08-19,M014,514076
2025-08-19,M015,351459
2025-08-19,M016,349368
2025-08-19,M017,408376
2025-08-19,M018,582935
2025-08-19,M019,417427
2025-08-19,M020,389625
2025-08-19,M021,450254
2025-08-19,M022,393959
2025-08-19,M023,543866
2025-08-19,M024,483627
2025-08-19,M025,422536
2025-08-19,M026,571832
2025-08-19,M027,634389
2025-08-19,M028,480254
2025-08-19,M029,414705
2025-08-19,M030,522355
2025-08-19,M031,529081
2025-08-19,M032,445312
2025-08-19,M033,560559
2025-08-19,M034,651016
2025-08-19,M035,820230
2025-08-19,M036,497679
2025-08-19,M037,370264
2025-08-19,M038,497754
2025-08-19,M039,613969
2025-08-19,M040,539387
2025-08-19,M041,668134
2025-08-19,M042,883557
2025-08-19,M043,583493
2025-08-19,M044,509704
2025-08-19,M045,620111
2025-08-19,M046,723264
2025-08-19,M047,872054
2025-08-19,M048,733246
2025-08-20,M001,217647
2025-08-20,M002,218778
2025-08-20,M003,278490
2025-08-20,M004,270212
2025-08-20,M005,521644
2025-08-20,M006,479639
2025-08-20,M007,396920
2025-08-20,M008,189223
2025-08-20,M009,360670
2025-08-20,M010,345138
2025-08-20,M011,382857
2025-08-20,M012,339307
2025-08-20,M013,453484
2025-08-20,M014,444784
2025-08-20,M015,329157
2025-08-20,M016,295041
2025-08-20,M017,521742
2025-08-20,M018,484404
2025-08-20,M019,361808
2025-08-20,M020,360972
2025-08-20,M021,672836
2025-08-20,M022,385649
2025-08-20,M023,489777
2025-08-20,M024,407531
2025-08-20,M025,503138
2025-08-20,M026,477279
2025-08-20,M027,601578
2025-08-20,M028,428332
2025-08-20,M029,532872
2025-08-20,M030,494124
2025-08-20,M031,421968
2025-08-20,M032,396026
2025-08-20,M033,689140
2025-08-20,M034,635464
2025-08-20,M035,759172
2025-08-20,M036,474167
2025-08-20,M037,502172
2025-08-20,M038,454756
2025-08-20,M039,532465
2025-08-20,M040,482993
2025-08-20,M041,975241
2025-08-20,M042,732327
2025-08-20,M043,476451
2025-08-20,M044,413642
2025-08-20,M045,778596
2025-08-20,M046,644996
2025-08-20,M047,732882
2025-08-20,M048,598800
2025-08-21,M001,199522
2025-08-21,M002,180532
2025-08-21,M003,277422
2025-08-21,M004,320832
2025-08-21,M005,486181
2025-08-21,M006,370208
2025-08-21,M007,412139
2025-08-21,M008,258599
2025-08-21,M009,409198
2025-08-21,M010,264681
2025-08-21,M011,415364
2025-08-21,M012,451003
2025-08-21,M013,481397
2025-08-21,M014,349187
2025-08-21,M015,316114
2025-08-21,M016,369175
2025-08-21,M017,524017
2025-08-21,M018,452912
2025-08-21,M019,384589
2025-08-21,M020,433096
2025-08-21,M021,679273
2025-08-21,M022,313399
2025-08-21,M023,444651
2025-08-21,M024,555927
2025-08-21,M025,540006
2025-08-21,M026,377677
2025-08-21,M027,587543
2025-08-21,M028,549668
2025-08-21,M029,590174
2025-08-21,M030,452273
2025-08-21,M031,439860
2025-08-21,M032,462438
2025-08-21,M033,657283
2025-08-21,M034,511291
2025-08-21,M035,703061
2025-08-21,M036,591500
2025-08-21,M037,526690
2025-08-21,M038,375789
2025-08-21,M039,534903
2025-08-21,M040,674737
2025-08-21,M041,928839
2025-08-21,M042,715681
2025-08-21,M043,509613
2025-08-21,M044,519576
2025-08-21,M045,827367
2025-08-21,M046,505512
2025-08-21,M047,703183
2025-08-21,M048,876022
2025-08-22,M001,118586
2025-08-22,M002,243226
2025-08-22,M003,249629
2025-08-22,M004,500353
2025-08-22,M005,259135
2025-08-22,M006,509227
2025-08-22,M007,317127
2025-08-22,M008,366773
2025-08-22,M009,218353
2025-08-22,M010,384398
2025-08-22,M011,359391
2025-08-22,M012,632463
2025-08-22,M013,256555
2025-08-22,M014,499001
2025-08-22,M015,276665
2025-08-22,M016,528662
2025-08-22,M017,314783
2025-08-22,M018,619150
2025-08-22,M019,314791
2025-08-22,M020,632218
2025-08-22,M021,363300
2025-08-22,M022,442590
2025-08-22,M023,361572
2025-08-22,M024,767841
2025-08-22,M025,306011
2025-08-22,M026,557433
2025-08-22,M027,466858
2025-08-22,M028,838059
2025-08-22,M029,292547
2025-08-22,M030,565399
2025-08-22,M031,356788
2025-08-22,M032,689048
2025-08-22,M033,377847
2025-08-22,M034,810957
2025-08-22,M035,641145
2025-08-22,M036,853826
2025-08-22,M037,273112
2025-08-22,M038,532351
2025-08-22,M039,488430
2025-08-22,M040,946148
2025-08-22,M041,523571
2025-08-22,M042,991027
2025-08-22,M043,432347
2025-08-22,M044,775457
2025-08-22,M045,431716
2025-08-22,M046,724008
2025-08-22,M047,612643
2025-08-22,M048,1132075
2025-08-23,M001,149866
2025-08-23,M002,202738
2025-08-23,M003,270294
2025-08-23,M004,270733
2025-08-23,M005,317847
2025-08-23,M006,428815
2025-08-23,M007,389449
2025-08-23,M008,200894
2025-08-23,M009,245480
2025-08-23,M010,306874
2025-08-23,M011,413794
2025-08-23,M012,355114
2025-08-23,M013,331459
2025-08-23,M014,446178
2025-08-23,M015,346388
2025-08-23,M016,285136
2025-08-23,M017,354209
2025-08-23,M018,514029
2025-08-23,M019,396767
2025-08-23,M020,344643
2025-08-23,M021,405079
2025-08-23,M022,392715
2025-08-23,M023,491603
2025-08-23,M024,404918
2025-08-23,M025,354666
2025-08-23,M026,472169
2025-08-23,M027,552971
2025-08-23,M028,459359
2025-08-23,M029,374807
2025-08-23,M030,481080
2025-08-23,M031,438819
2025-08-23,M032,418063
2025-08-23,M033,494452
2025-08-23,M034,655177
2025-08-23,M035,818328
2025-08-23,M036,443462
2025-08-23,M037,355521
2025-08-23,M038,481288
2025-08-23,M039,612880
2025-08-23,M040,467822
2025-08-23,M041,585984
2025-08-23,M042,836428
2025-08-23,M043,516622
2025-08-23,M044,430926
2025-08-23,M045,510620
2025-08-23,M046,602497
2025-08-23,M047,750378
2025-08-23,M048,632806
2025-08-24,M001,206279
2025-08-24,M002,194839
2025-08-24,M003,229914
2025-08-24,M004,225192
2025-08-24,M005,441086
2025-08-24,M006,418954
2025-08-24,M007,330780
2025-08-24,M008,182621
2025-08-24,M009,330045
2025-08-24,M010,287780
2025-08-24,M011,341850
2025-08-24,M012,330872
2025-08-24,M013,403385
2025-08-24,M014,364278
2025-08-24,M015,311896
2025-08-24,M016,276851
2025-08-24,M017,525323
2025-08-24,M018,428674
2025-08-24,M019,378722
2025-08-24,M020,331659
2025-08-24,M021,566499
2025-08-24,M022,334701
2025-08-24,M023,441901
2025-08-24,M024,392508
2025-08-24,M025,459692
2025-08-24,M026,421022
2025-08-24,M027,487510
2025-08-24,M028,388933
2025-08-24,M029,534904
2025-08-24,M030,428319
2025-08-24,M031,377312
2025-08-24,M032,368227
2025-08-24,M033,680667
2025-08-24,M034,551011
2025-08-24,M035,702396
2025-08-24,M036,410923
2025-08-24,M037,495583
2025-08-24,M038,417303
2025-08-24,M039,479075
2025-08-24,M040,431543
2025-08-24,M041,870466
2025-08-24,M042,716399
2025-08-24,M043,408391
2025-08-24,M044,401023
2025-08-24,M045,716021
2025-08-24,M046,539104
2025-08-24,M047,683831
2025-08-24,M048,596949
2025-08-25,M001,197893
2025-08-25,M002,176572
2025-08-25,M003,255278
2025-08-25,M004,309904
2025-08-25,M005,518836
2025-08-25,M006,349484
2025-08-25,M007,405436
2025-08-25,M008,267569
2025-08-25,M009,382552
2025-08-25,M010,286675
2025-08-25,M011,370807
2025-08-25,M012,442916
2025-08-25,M013,445621
2025-08-25,M014,358485
2025-08-25,M015,316621
2025-08-25,M016,397732
2025-08-25,M017,524164
2025-08-25,M018,401123
2025-08-25,M019,370048
2025-08-25,M020,475343
2025-08-25,M021,673490
2025-08-25,M022,329093
2025-08-25,M023,435618
2025-08-25,M024,496565
2025-08-25,M025,486690
2025-08-25,M026,387076
2025-08-25,M027,572109
2025-08-25,M028,636124
2025-08-25,M029,583431
2025-08-25,M030,431011
2025-08-25,M031,464886
2025-08-25,M032,510577
2025-08-25,M033,725210
2025-08-25,M034,569719
2025-08-25,M035,772133
2025-08-25,M036,561316
2025-08-25,M037,540416
2025-08-25,M038,374983
2025-08-25,M039,529613
2025-08-25,M040,666115
2025-08-25,M041,937520
2025-08-25,M042,638865
2025-08-25,M043,498978
2025-08-25,M044,556406
2025-08-25,M045,735709
2025-08-25,M046,526501
2025-08-25,M047,748605
2025-08-25,M048,802237
2025-08-26,M001,122230
2025-08-26,M002,260327
2025-08-26,M003,229776
2025-08-26,M004,459580
2025-08-26,M005,288597
2025-08-26,M006,539557
2025-08-26,M007,328904
2025-08-26,M008,385484
2025-08-26,M009,209872
2025-08-26,M010,373355
2025-08-26,M011,351669
2025-08-26,M012,666468
2025-08-26,M013,261044
2025-08-26,M014,492300
2025-08-26,M015,249073
2025-08-26,M016,505482
2025-08-26,M017,322462
2025-08-26,M018,625100
2025-08-26,M019,326643
2025-08-26,M020,599129
2025-08-26,M021,339389
2025-08-26,M022,469397
2025-08-26,M023,357285
2025-08-26,M024,775583
2025-08-26,M025,295712
2025-08-26,M026,574999
2025-08-26,M027,452607
2025-08-26,M028,862887
2025-08-26,M029,284826
2025-08-26,M030,566892
2025-08-26,M031,375721
2025-08-26,M032,693466
2025-08-26,M033,372104
2025-08-26,M034,737231
2025-08-26,M035,576116
2025-08-26,M036,770491
2025-08-26,M037,274442
2025-08-26,M038,560379
2025-08-26,M039,452313
2025-08-26,M040,976358
2025-08-26,M041,487407
2025-08-26,M042,903119
2025-08-26,M043,406984
2025-08-26,M044,730732
2025-08-26,M045,403234
2025-08-26,M046,750542
2025-08-26,M047,625723
2025-08-26,M048,1167927
2025-08-27,M001,157898
2025-08-27,M002,222594
2025-08-27,M003,314723
2025-08-27,M004,306690
2025-08-27,M005,381790
2025-08-27,M006,535505
2025-08-27,M007,462377
2025-08-27,M008,208005
2025-08-27,M009,283864
2025-08-27,M010,344378
2025-08-27,M011,462959
2025-08-27,M012,414923
2025-08-27,M013,360906
2025-08-27,M014,503519
2025-08-27,M015,349206
2025-08-27,M016,315127
2025-08-27,M017,422961
2025-08-27,M018,556056
2025-08-27,M019,416547
2025-08-27,M020,398732
2025-08-27,M021,472329
2025-08-27,M022,401233
2025-08-27,M023,522610
2025-08-27,M024,471309
2025-08-27,M025,393311
2025-08-27,M026,576561
2025-08-27,M027,665955
2025-08-27,M028,531584
2025-08-27,M029,414390
2025-08-27,M030,565322
2025-08-27,M031,455754
2025-08-27,M032,445229
2025-08-27,M033,566007
2025-08-27,M034,725165
2025-08-27,M035,781974
2025-08-27,M036,510952
2025-08-27,M037,375808
2025-08-27,M038,558315
2025-08-27,M039,598204
2025-08-27,M040,535221
2025-08-27,M041,656520
2025-08-27,M042,932886
2025-08-27,M043,568611
2025-08-27,M044,455036
2025-08-27,M045,546928
2025-08-27,M046,635800
2025-08-27,M047,868963
2025-08-27,M048,699719
2025-08-28,M001,207204
2025-08-28,M002,207818
2025-08-28,M003,283501
2025-08-28,M004,254013
2025-08-28,M005,494012
2025-08-28,M006,442318
2025-08-28,M007,365911
2025-08-28,M008,212460
2025-08-28,M009,384390
2025-08-28,M010,302771
2025-08-28,M011,388315
2025-08-28,M012,352545
2025-08-28,M013,485334
2025-08-28,M014,417400
2025-08-28,M015,324822
2025-08-28,M016,302981
2025-08-28,M017,597836
2025-08-28,M018,519571
2025-08-28,M019,379615
2025-08-28,M020,372693
2025-08-28,M021,605976
2025-08-28,M022,341785
2025-08-28,M023,439319
2025-08-28,M024,398421
2025-08-28,M025,525553
2025-08-28,M026,489157
2025-08-28,M027,601012
2025-08-28,M028,425735
2025-08-28,M029,526724
2025-08-28,M030,491734
2025-08-28,M031,424454
2025-08-28,M032,362549
2025-08-28,M033,740229
2025-08-28,M034,604091
2025-08-28,M035,715837
2025-08-28,M036,442183
2025-08-28,M037,575020
2025-08-28,M038,455343
2025-08-28,M039,527995
2025-08-28,M040,531167
2025-08-28,M041,957026
2025-08-28,M042,829664
2025-08-28,M043,458661
2025-08-28,M044,421671
2025-08-28,M045,793364
2025-08-28,M046,648799
2025-08-28,M047,694417
2025-08-28,M048,599569
2025-08-29,M001,201631
2025-08-29,M002,178977
2025-08-29,M003,276727
2025-08-29,M004,332360
2025-08-29,M005,498362
2025-08-29,M006,360192
2025-08-29,M007,418362
2025-08-29,M008,270303
2025-08-29,M009,413379
2025-08-29,M010,251665
2025-08-29,M011,384957
2025-08-29,M012,469829
2025-08-29,M013,467362
2025-08-29,M014,397069
2025-08-29,M015,323112
2025-08-29,M016,353367
2025-08-29,M017,536998
2025-08-29,M018,395675
2025-08-29,M019,385486
2025-08-29,M020,461375
2025-08-29,M021,680553
2025-08-29,M022,311312
2025-08-29,M023,432670
2025-08-29,M024,555560
2025-08-29,M025,487439
2025-08-29,M026,378847
2025-08-29,M027,555745
2025-08-29,M028,556842
2025-08-29,M029,541643
2025-08-29,M030,437747
2025-08-29,M031,447371
2025-08-29,M032,517928
2025-08-29,M033,749331
2025-08-29,M034,494314
2025-08-29,M035,698635
2025-08-29,M036,555013
2025-08-29,M037,553947
2025-08-29,M038,420366
2025-08-29,M039,559848
2025-08-29,M040,674750
2025-08-29,M041,949081
2025-08-29,M042,636240
2025-08-29,M043,459680
2025-08-29,M044,581722
2025-08-29,M045,801679
2025-08-29,M046,522773
2025-08-29,M047,717810
2025-08-29,M048,796406
2025-08-30,M001,106682
2025-08-30,M002,216053
2025-08-30,M003,201207
2025-08-30,M004,397396
2025-08-30,M005,224325
2025-08-30,M006,469787
2025-08-30,M007,279942
2025-08-30,M008,331223
2025-08-30,M009,186392
2025-08-30,M010,323401
2025-08-30,M011,310273
2025-08-30,M012,600754
2025-08-30,M013,237140
2025-08-30,M014,445640
2025-08-30,M015,234728
2025-08-30,M016,482374
2025-08-30,M017,290161
2025-08-30,M018,508458
2025-08-30,M019,314590
2025-08-30,M020,579551
2025-08-30,M021,345420
2025-08-30,M022,410518
2025-08-30,M023,349176
2025-08-30,M024,693104
2025-08-30,M025,281015
2025-08-30,M026,564718
2025-08-30,M027,438572
2025-08-30,M028,789742
2025-08-30,M029,275728
2025-08-30,M030,576421
2025-08-30,M031,318735
2025-08-30,M032,656443
2025-08-30,M033,343319
2025-08-30,M034,629657
2025-08-30,M035,593283
2025-08-30,M036,731694
2025-08-30,M037,269328
2025-08-30,M038,540715
2025-08-30,M039,438349
2025-08-30,M040,885831
2025-08-30,M041,421861
2025-08-30,M042,835216
2025-08-30,M043,336065
2025-08-30,M044,691978
2025-08-30,M045,407068
2025-08-30,M046,700363
2025-08-30,M047,586135
2025-08-30,M048,1034681
2025-08-31,M001,145688
2025-08-31,M002,219513
2025-08-31,M003,284112
2025-08-31,M004,271253
2025-08-31,M005,326600
2025-08-31,M006,428000
2025-08-31,M007,427744
2025-08-31,M008,203591
2025-08-31,M009,250086
2025-08-31,M010,325492
2025-08-31,M011,408532
2025-08-31,M012,376030
2025-08-31,M013,306155
2025-08-31,M014,423612
2025-08-31,M015,328960
2025-08-31,M016,296327
2025-08-31,M017,366601
2025-08-31,M018,476131
2025-08-31,M019,422870
2025-08-31,M020,331706
2025-08-31,M021,421396
2025-08-31,M022,392335
2025-08-31,M023,497405
2025-08-31,M024,381441
2025-08-31,M025,357289
2025-08-31,M026,458319
2025-08-31,M027,575412
2025-08-31,M028,462756
2025-08-31,M029,391302
2025-08-31,M030,511846
2025-08-31,M031,412704
2025-08-31,M032,416233
2025-08-31,M033,459986
2025-08-31,M034,675210
2025-08-31,M035,804069
2025-08-31,M036,456892
2025-08-31,M037,387361
2025-08-31,M038,510817
2025-08-31,M039,616843
2025-08-31,M040,476560
2025-08-31,M041,610490
2025-08-31,M042,739557
2025-08-31,M043,523693
2025-08-31,M044,427270
2025-08-31,M045,567961
2025-08-31,M046,659994
2025-08-31,M047,721545
2025-08-31,M048,650201
2025-09-01,M001,216152
2025-09-01,M002,171191
2025-09-01,M003,268797
2025-09-01,M004,345336
2025-09-01,M005,461423
2025-09-01,M006,375169
2025-09-01,M007,377210
2025-09-01,M008,264175
2025-09-01,M009,380766
2025-09-01,M010,263045
2025-09-01,M011,371629
2025-09-01,M012,426157
2025-09-01,M013,458084
2025-09-01,M014,361191
2025-09-01,M015,290751
2025-09-01,M016,369817
2025-09-01,M017,536689
2025-09-01,M018,424279
2025-09-01,M019,387422
2025-09-01,M020,428979
2025-09-01,M021,604492
2025-09-01,M022,313218
2025-09-01,M023,448478
2025-09-01,M024,524153
2025-09-01,M025,494628
2025-09-01,M026,375062
2025-09-01,M027,553732
2025-09-01,M028,566499
2025-09-01,M029,565607
2025-09-01,M030,403796
2025-09-01,M031,435744
2025-09-01,M032,468525
2025-09-01,M033,642507
2025-09-01,M034,547713
2025-09-01,M035,664555
2025-09-01,M036,547863
2025-09-01,M037,548793
2025-09-01,M038,400633
2025-09-01,M039,567860
2025-09-01,M040,594002
2025-09-01,M041,867990
2025-09-01,M042,694695
2025-09-01,M043,464352
2025-09-01,M044,545602
2025-09-01,M045,755134
2025-09-01,M046,482711
2025-09-01,M047,687661
2025-09-01,M048,790958
2025-09-02,M001,122529
2025-09-02,M002,261075
2025-09-02,M003,216613
2025-09-02,M004,443870
2025-09-02,M005,266393
2025-09-02,M006,509236
2025-09-02,M007,293503
2025-09-02,M008,345840
2025-09-02,M009,209606
2025-09-02,M010,402028
2025-09-02,M011,307943
2025-09-02,M012,673170
2025-09-02,M013,256053
2025-09-02,M014,533689
2025-09-02,M015,264593
2025-09-02,M016,489472
2025-09-02,M017,275763
2025-09-02,M018,549528
2025-09-02,M019,292065
2025-09-02,M020,585845
2025-09-02,M021,357394
2025-09-02,M022,440754
2025-09-02,M023,348628
2025-09-02,M024,697136
2025-09-02,M025,274113
2025-09-02,M026,527137
2025-09-02,M027,456227
2025-09-02,M028,826096
2025-09-02,M029,288661
2025-09-02,M030,617229
2025-09-02,M031,346150
2025-09-02,M032,722968
2025-09-02,M033,389457
2025-09-02,M034,753380
2025-09-02,M035,572924
2025-09-02,M036,793069
2025-09-02,M037,273304
2025-09-02,M038,523203
2025-09-02,M039,491054
2025-09-02,M040,960954
2025-09-02,M041,519796
2025-09-02,M042,892205
2025-09-02,M043,383027
2025-09-02,M044,750883
2025-09-02,M045,410793
2025-09-02,M046,666320
2025-09-02,M047,573817
2025-09-02,M048,1046223
2025-09-03,M001,147347
2025-09-03,M002,233176
2025-09-03,M003,289405
2025-09-03,M004,279459
2025-09-03,M005,372467
2025-09-03,M006,502429
2025-09-03,M007,414591
2025-09-03,M008,212903
2025-09-03,M009,270373
2025-09-03,M010,360886
2025-09-03,M011,433015
2025-09-03,M012,400107
2025-09-03,M013,361265
2025-09-03,M014,439164
2025-09-03,M015,366765
2025-09-03,M016,328479
2025-09-03,M017,401451
2025-09-03,M018,541986
2025-09-03,M019,450528
2025-09-03,M020,411290
2025-09-03,M021,502327
2025-09-03,M022,383919
2025-09-03,M023,503671
2025-09-03,M024,472545
2025-09-03,M025,425934
2025-09-03,M026,487652
2025-09-03,M027,632077
2025-09-03,M028,488753
2025-09-03,M029,391558
2025-09-03,M030,501006
2025-09-03,M031,454251
2025-09-03,M032,420305
2025-09-03,M033,510574
2025-09-03,M034,666042
2025-09-03,M035,881930
2025-09-03,M036,514515
2025-09-03,M037,402929
2025-09-03,M038,541898
2025-09-03,M039,592702
2025-09-03,M040,508960
2025-09-03,M041,717160
2025-09-03,M042,881691
2025-09-03,M043,554715
2025-09-03,M044,431474
2025-09-03,M045,590879
2025-09-03,M046,667351
2025-09-03,M047,782132
2025-09-03,M048,712234
2025-09-04,M001,212083
2025-09-04,M002,198607
2025-09-04,M003,259041
2025-09-04,M004,251066
2025-09-04,M005,500318
2025-09-04,M006,467338
2025-09-04,M007,375875
2025-09-04,M008,188037
2025-09-04,M009,394187
2025-09-04,M010,335105
2025-09-04,M011,396399
2025-09-04,M012,360596
2025-09-04,M013,440166
2025-09-04,M014,406871
2025-09-04,M015,306671
2025-09-04,M016,287610
2025-09-04,M017,540198
2025-09-04,M018,462150
2025-09-04,M019,404138
2025-09-04,M020,343170
2025-09-04,M021,645468
2025-09-04,M022,365063
2025-09-04,M023,434517
2025-09-04,M024,372094
2025-09-04,M025,485814
2025-09-04,M026,444625
2025-09-04,M027,552395
2025-09-04,M028,448617
2025-09-04,M029,570810
2025-09-04,M030,471799
2025-09-04,M031,399397
2025-09-04,M032,351500
2025-09-04,M033,671307
2025-09-04,M034,606202
2025-09-04,M035,752436
2025-09-04,M036,462961
2025-09-04,M037,503500
2025-09-04,M038,441437
2025-09-04,M039,550353
2025-09-04,M040,498927
2025-09-04,M041,861476
2025-09-04,M042,719827
2025-09-04,M043,466267
2025-09-04,M044,392154
2025-09-04,M045,806974
2025-09-04,M046,603257
2025-09-04,M047,739810
2025-09-04,M048,663098
2025-09-05,M001,216899
2025-09-05,M002,169271
2025-09-05,M003,280761
2025-09-05,M004,346913
2025-09-05,M005,502410
2025-09-05,M006,381224
2025-09-05,M007,400419
2025-09-05,M008,232978
2025-09-05,M009,343379
2025-09-05,M010,264053
2025-09-05,M011,366344
2025-09-05,M012,476159
2025-09-05,M013,492204
2025-09-05,M014,350335
2025-09-05,M015,315798
2025-09-05,M016,376929
2025-09-05,M017,498943
2025-09-05,M018,395081
2025-09-05,M019,347498
2025-09-05,M020,440310
2025-09-05,M021,657677
2025-09-05,M022,318849
2025-09-05,M023,419652
2025-09-05,M024,520746
2025-09-05,M025,548046
2025-09-05,M026,388814
2025-09-05,M027,593976
2025-09-05,M028,532154
2025-09-05,M029,509771
2025-09-05,M030,410638
2025-09-05,M031,410516
2025-09-05,M032,503703
2025-09-05,M033,667142
2025-09-05,M034,516729
2025-09-05,M035,751082
2025-09-05,M036,558742
2025-09-05,M037,493499
2025-09-05,M038,381199
2025-09-05,M039,570528
2025-09-05,M040,587196
2025-09-05,M041,800014
2025-09-05,M042,649106
2025-09-05,M043,474814
2025-09-05,M044,532257
2025-09-05,M045,768794
2025-09-05,M046,524757
2025-09-05,M047,709253
2025-09-05,M048,844810
2025-09-06,M001,100114
2025-09-06,M002,240645
2025-09-06,M003,201959
2025-09-06,M004,404103
2025-09-06,M005,218049
2025-09-06,M006,462122
2025-09-06,M007,307428
2025-09-06,M008,315599
2025-09-06,M009,189658
2025-09-06,M010,351481
2025-09-06,M011,292993
2025-09-06,M012,600482
2025-09-06,M013,246195
2025-09-06,M014,434703
2025-09-06,M015,236433
2025-09-06,M016,497101
2025-09-06,M017,271909
2025-09-06,M018,511684
2025-09-06,M019,266540
2025-09-06,M020,602235
2025-09-06,M021,300402
2025-09-06,M022,360750
2025-09-06,M023,358388
2025-09-06,M024,599749
2025-09-06,M025,278980
2025-09-06,M026,520679
2025-09-06,M027,443302
2025-09-06,M028,725890
2025-09-06,M029,255030
2025-09-06,M030,501250
2025-09-06,M031,322970
2025-09-06,M032,660693
2025-09-06,M033,367284
2025-09-06,M034,658666
2025-09-06,M035,571639
2025-09-06,M036,725304
2025-09-06,M037,236777
2025-09-06,M038,465499
2025-09-06,M039,422185
2025-09-06,M040,855122
2025-09-06,M041,423094
2025-09-06,M042,861814
2025-09-06,M043,371026
2025-09-06,M044,713623
2025-09-06,M045,397674
2025-09-06,M046,647803
2025-09-06,M047,520211
2025-09-06,M048,949500
2025-09-07,M001,134052
2025-09-07,M002,218253
2025-09-07,M003,283702
2025-09-07,M004,266586
2025-09-07,M005,338388
2025-09-07,M006,425617
2025-09-07,M007,411263
2025-09-07,M008,198386
2025-09-07,M009,277092
2025-09-07,M010,325446
2025-09-07,M011,413050
2025-09-07,M012,367840
2025-09-07,M013,308206
2025-09-07,M014,400234
2025-09-07,M015,330157
2025-09-07,M016,278812
2025-09-07,M017,364281
2025-09-07,M018,469781
2025-09-07,M019,370808
2025-09-07,M020,363099
2025-09-07,M021,444211
2025-09-07,M022,333702
2025-09-07,M023,471673
2025-09-07,M024,403647
2025-09-07,M025,364113
2025-09-07,M026,479356
2025-09-07,M027,560153
2025-09-07,M028,465128
2025-09-07,M029,342100
2025-09-07,M030,454987
2025-09-07,M031,465685
2025-09-07,M032,395239
2025-09-07,M033,440723
2025-09-07,M034,577831
2025-09-07,M035,744786
2025-09-07,M036,479476
2025-09-07,M037,332836
2025-09-07,M038,443653
2025-09-07,M039,611227
2025-09-07,M040,499015
2025-09-07,M041,628853
2025-09-07,M042,830400
2025-09-07,M043,497199
2025-09-07,M044,410459
2025-09-07,M045,517237
2025-09-07,M046,620041
2025-09-07,M047,748167
2025-09-07,M048,614006
2025-09-08,M001,199317
2025-09-08,M002,216364
2025-09-08,M003,256653
2025-09-08,M004,244159
2025-09-08,M005,473569
2025-09-08,M006,407682
2025-09-08,M007,360928
2025-09-08,M008,191711
2025-09-08,M009,396877
2025-09-08,M010,323068
2025-09-08,M011,402911
2025-09-08,M012,374028
2025-09-08,M013,489628
2025-09-08,M014,433576
2025-09-08,M015,335372
2025-09-08,M016,284682
2025-09-08,M017,554495
2025-09-08,M018,520539
2025-09-08,M019,353799
2025-09-08,M020,355750
2025-09-08,M021,676528
2025-09-08,M022,336104
2025-09-08,M023,463570
2025-09-08,M024,424865
2025-09-08,M025,551410
2025-09-08,M026,457080
2025-09-08,M027,604530
2025-09-08,M028,428712
2025-09-08,M029,514198
2025-09-08,M030,474205
2025-09-08,M031,403649
2025-09-08,M032,365463
2025-09-08,M033,671984
2025-09-08,M034,592604
2025-09-08,M035,697187
2025-09-08,M036,440901
2025-09-08,M037,477794
2025-09-08,M038,464864
2025-09-08,M039,540964
2025-09-08,M040,511409
2025-09-08,M041,937073
2025-09-08,M042,761826
2025-09-08,M043,482507
2025-09-08,M044,411673
2025-09-08,M045,799157
2025-09-08,M046,554666
2025-09-08,M047,746135
2025-09-08,M048,646800
2025-09-09,M001,215428
2025-09-09,M002,163666
2025-09-09,M003,267791
2025-09-09,M004,330026
2025-09-09,M005,485676
2025-09-09,M006,383770
2025-09-09,M007,373347
2025-09-09,M008,253428
2025-09-09,M009,357593
2025-09-09,M010,264691
2025-09-09,M011,383594
2025-09-09,M012,422590
2025-09-09,M013,449983
2025-09-09,M014,339565
2025-09-09,M015,293205
2025-09-09,M016,401954
2025-09-09,M017,508224
2025-09-09,M018,399423
2025-09-09,M019,368657
2025-09-09,M020,423995
2025-09-09,M021,643789
2025-09-09,M022,316845
2025-09-09,M023,470625
2025-09-09,M024,502915
2025-09-09,M025,495159
2025-09-09,M026,402575
2025-09-09,M027,521159
2025-09-09,M028,590611
2025-09-09,M029,521173
2025-09-09,M030,399069
2025-09-09,M031,425102
2025-09-09,M032,476314
2025-09-09,M033,654620
2025-09-09,M034,495790
2025-09-09,M035,666800
2025-09-09,M036,615862
2025-09-09,M037,545443
2025-09-09,M038,413338
2025-09-09,M039,540383
2025-09-09,M040,599288
2025-09-09,M041,916717
2025-09-09,M042,635130
2025-09-09,M043,470145
2025-09-09,M044,519066
2025-09-09,M045,713458
2025-09-09,M046,533507
2025-09-09,M047,736939
2025-09-09,M048,776577
2025-09-10,M001,124602
2025-09-10,M002,247208
2025-09-10,M003,208114
2025-09-10,M004,452754
2025-09-10,M005,269510
2025-09-10,M006,539824
2025-09-10,M007,306518
2025-09-10,M008,331853
2025-09-10,M009,207747
2025-09-10,M010,401894
2025-09-10,M011,337962
2025-09-10,M012,612104
2025-09-10,M013,276990
2025-09-10,M014,474169
2025-09-10,M015,253587
2025-09-10,M016,541719
2025-09-10,M017,302233
2025-09-10,M018,595236
2025-09-10,M019,332943
2025-09-10,M020,624355
2025-09-10,M021,338097
2025-09-10,M022,410945
2025-09-10,M023,341117
2025-09-10,M024,720380
2025-09-10,M025,309213
2025-09-10,M026,596254
2025-09-10,M027,496950
2025-09-10,M028,826351
2025-09-10,M029,302823
2025-09-10,M030,618726
2025-09-10,M031,337564
2025-09-10,M032,662512
2025-09-10,M033,373129
2025-09-10,M034,779268
2025-09-10,M035,570770
2025-09-10,M036,865503
2025-09-10,M037,288259
2025-09-10,M038,535740
2025-09-10,M039,478231
2025-09-10,M040,920940
2025-09-10,M041,466902
2025-09-10,M042,965385
2025-09-10,M043,367620
2025-09-10,M044,809733
2025-09-10,M045,426430
2025-09-10,M046,709377
2025-09-10,M047,587563
2025-09-10,M048,1115589
2025-09-11,M001,149621
2025-09-11,M002,242424
2025-09-11,M003,290822
2025-09-11,M004,272798
2025-09-11,M005,337548
2025-09-11,M006,486491
2025-09-11,M007,429318
2025-09-11,M008,226868
2025-09-11,M009,284142
2025-09-11,M010,330832
2025-09-11,M011,470442
2025-09-11,M012,380638
2025-09-11,M013,363476
2025-09-11,M014,485403
2025-09-11,M015,328723
2025-09-11,M016,301180
2025-09-11,M017,419011
2025-09-11,M018,557437
2025-09-11,M019,405727
2025-09-11,M020,396955
2025-09-11,M021,491070
2025-09-11,M022,402104
2025-09-11,M023,493087
2025-09-11,M024,449325
2025-09-11,M025,414008
2025-09-11,M026,502548
2025-09-11,M027,659992
2025-09-11,M028,466672
2025-09-11,M029,390871
2025-09-11,M030,575843
2025-09-11,M031,501555
2025-09-11,M032,389934
2025-09-11,M033,507530
2025-09-11,M034,711451
2025-09-11,M035,804062
2025-09-11,M036,498794
2025-09-11,M037,404096
2025-09-11,M038,510803
2025-09-11,M039,680501
2025-09-11,M040,545152
2025-09-11,M041,703601
2025-09-11,M042,827487
2025-09-11,M043,550978
2025-09-11,M044,436747
2025-09-11,M045,611507
2025-09-11,M046,670255
2025-09-11,M047,789723
2025-09-11,M048,730106
2025-09-12,M001,229039
2025-09-12,M002,191332
2025-09-12,M003,283764
2025-09-12,M004,267336
2025-09-12,M005,514184
2025-09-12,M006,445144
2025-09-12,M007,357221
2025-09-12,M008,199600
2025-09-12,M009,397245
2025-09-12,M010,331764
2025-09-12,M011,414815
2025-09-12,M012,336490
2025-09-12,M013,479234
2025-09-12,M014,447900
2025-09-12,M015,330971
2025-09-12,M016,289697
2025-09-12,M017,567496
2025-09-12,M018,497249
2025-09-12,M019,350905
2025-09-12,M020,349331
2025-09-12,M021,613135
2025-09-12,M022,374082
2025-09-12,M023,408372
2025-09-12,M024,373551
2025-09-12,M025,557405
2025-09-12,M026,458373
2025-09-12,M027,611076
2025-09-12,M028,444772
2025-09-12,M029,543178
2025-09-12,M030,514661
2025-09-12,M031,420736
2025-09-12,M032,404250
2025-09-12,M033,674280
2025-09-12,M034,643201
2025-09-12,M035,711163
2025-09-12,M036,439960
2025-09-12,M037,527728
2025-09-12,M038,432182
2025-09-12,M039,556567
2025-09-12,M040,524521
2025-09-12,M041,880837
2025-09-12,M042,761301
2025-09-12,M043,445743
2025-09-12,M044,401707
2025-09-12,M045,754497
2025-09-12,M046,548907
2025-09-12,M047,659128
2025-09-12,M048,604043
2025-09-13,M001,190646
2025-09-13,M002,152438
2025-09-13,M003,227962
2025-09-13,M004,307872
2025-09-13,M005,442232
2025-09-13,M006,323690
2025-09-13,M007,353576
2025-09-13,M008,225221
2025-09-13,M009,321358
2025-09-13,M010,255367
2025-09-13,M011,361639
2025-09-13,M012,416414
2025-09-13,M013,389648
2025-09-13,M014,328066
2025-09-13,M015,268944
2025-09-13,M016,317698
2025-09-13,M017,493217
2025-09-13,M018,384551
2025-09-13,M019,341533
2025-09-13,M020,406937
2025-09-13,M021,521723
2025-09-13,M022,286162
2025-09-13,M023,422532
2025-09-13,M024,448102
2025-09-13,M025,449152
2025-09-13,M026,337577
2025-09-13,M027,472076
2025-09-13,M028,499501
2025-09-13,M029,455720
2025-09-13,M030,368661
2025-09-13,M031,375555
2025-09-13,M032,418155
2025-09-13,M033,595212
2025-09-13,M034,456745
2025-09-13,M035,602500
2025-09-13,M036,550416
2025-09-13,M037,424446
2025-09-13,M038,341418
2025-09-13,M039,464442
2025-09-13,M040,601586
2025-09-13,M041,815222
2025-09-13,M042,609722
2025-09-13,M043,449115
2025-09-13,M044,471139
2025-09-13,M045,659006
2025-09-13,M046,487802
2025-09-13,M047,677007
2025-09-13,M048,767866
2025-09-14,M001,98475
2025-09-14,M002,232277
2025-09-14,M003,198190
2025-09-14,M004,426417
2025-09-14,M005,236679
2025-09-14,M006,468995
2025-09-14,M007,297149
2025-09-14,M008,316938
2025-09-14,M009,181547
2025-09-14,M010,343802
2025-09-14,M011,310451
2025-09-14,M012,601960
2025-09-14,M013,226095
2025-09-14,M014,434707
2025-09-14,M015,222721
2025-09-14,M016,482051
2025-09-14,M017,248053
2025-09-14,M018,543792
2025-09-14,M019,270380
2025-09-14,M020,553435
2025-09-14,M021,309206
2025-09-14,M022,389225
2025-09-14,M023,321796
2025-09-14,M024,643902
2025-09-14,M025,261495
2025-09-14,M026,540232
2025-09-14,M027,431743
2025-09-14,M028,731839
2025-09-14,M029,255741
2025-09-14,M030,544456
2025-09-14,M031,316334
2025-09-14,M032,635977
2025-09-14,M033,369655
2025-09-14,M034,644855
2025-09-14,M035,506038
2025-09-14,M036,768715
2025-09-14,M037,271875
2025-09-14,M038,495345
2025-09-14,M039,414493
2025-09-14,M040,759223
2025-09-14,M041,414462
2025-09-14,M042,884926
2025-09-14,M043,332946
2025-09-14,M044,632902
2025-09-14,M045,402754
2025-09-14,M046,613114
2025-09-14,M047,506022
2025-09-14,M048,1000325
2025-09-15,M001,169370
2025-09-15,M002,245495
2025-09-15,M003,291475
2025-09-15,M004,267470
2025-09-15,M005,357957
2025-09-15,M006,517491
2025-09-15,M007,411974
2025-09-15,M008,221617
2025-09-15,M009,291168
2025-09-15,M010,357528
2025-09-15,M011,448218
2025-09-15,M012,363583
2025-09-15,M013,334219
2025-09-15,M014,486414
2025-09-15,M015,367230
2025-09-15,M016,303412
2025-09-15,M017,408309
2025-09-15,M018,545293
2025-09-15,M019,446479
2025-09-15,M020,390836
2025-09-15,M021,482791
2025-09-15,M022,385360
2025-09-15,M023,509386
2025-09-15,M024,445337
2025-09-15,M025,401751
2025-09-15,M026,535104
2025-09-15,M027,628986
2025-09-15,M028,508267
2025-09-15,M029,422997
2025-09-15,M030,576372
2025-09-15,M031,511413
2025-09-15,M032,429023
2025-09-15,M033,533665
2025-09-15,M034,657575
2025-09-15,M035,871105
2025-09-15,M036,495714
2025-09-15,M037,417446
2025-09-15,M038,525157
2025-09-15,M039,664209
2025-09-15,M040,537246
2025-09-15,M041,714800
2025-09-15,M042,806016
2025-09-15,M043,503035
2025-09-15,M044,473192
2025-09-15,M045,614878
2025-09-15,M046,622567
2025-09-15,M047,852233
2025-09-15,M048,704240
2025-09-16,M001,199072
2025-09-16,M002,214691
2025-09-16,M003,254245
2025-09-16,M004,273495
2025-09-16,M005,454824
2025-09-16,M006,446183
2025-09-16,M007,383116
2025-09-16,M008,200879
2025-09-16,M009,380931
2025-09-16,M010,289506
2025-09-16,M011,406991
2025-09-16,M012,368525
2025-09-16,M013,498788
2025-09-16,M014,449657
2025-09-16,M015,294189
2025-09-16,M016,294758
2025-09-16,M017,531008
2025-09-16,M018,522406
2025-09-16,M019,380371
2025-09-16,M020,316968
2025-09-16,M021,660369
2025-09-16,M022,333912
2025-09-16,M023,466756
2025-09-16,M024,390201
2025-09-16,M025,532254
2025-09-16,M026,503538
2025-09-16,M027,564217
2025-09-16,M028,429100
2025-09-16,M029,520977
2025-09-16,M030,466427
2025-09-16,M031,397248
2025-09-16,M032,400247
2025-09-16,M033,641302
2025-09-16,M034,620618
2025-09-16,M035,688672
2025-09-16,M036,444435
2025-09-16,M037,552626
2025-09-16,M038,431757
2025-09-16,M039,547018
2025-09-16,M040,478504
2025-09-16,M041,945590
2025-09-16,M042,764560
2025-09-16,M043,434258
2025-09-16,M044,396107
2025-09-16,M045,796084
2025-09-16,M046,602393
2025-09-16,M047,661484
2025-09-16,M048,666169
2025-09-17,M001,219098
2025-09-17,M002,183438
2025-09-17,M003,270884
2025-09-17,M004,312934
2025-09-17,M005,507141
2025-09-17,M006,378618
2025-09-17,M007,372587
2025-09-17,M008,269038
2025-09-17,M009,362190
2025-09-17,M010,266642
2025-09-17,M011,413708
2025-09-17,M012,490260
2025-09-17,M013,444476
2025-09-17,M014,368702
2025-09-17,M015,287968
2025-09-17,M016,388365
2025-09-17,M017,506566
2025-09-17,M018,404454
2025-09-17,M019,388130
2025-09-17,M020,453583
2025-09-17,M021,638745
2025-09-17,M022,294054
2025-09-17,M023,411258
2025-09-17,M024,546756
2025-09-17,M025,489569
2025-09-17,M026,373659
2025-09-17,M027,546345
2025-09-17,M028,559975
2025-09-17,M029,570748
2025-09-17,M030,441691
2025-09-17,M031,405686
2025-09-17,M032,478689
2025-09-17,M033,695514
2025-09-17,M034,510393
2025-09-17,M035,695278
2025-09-17,M036,588927
2025-09-17,M037,476063
2025-09-17,M038,395511
2025-09-17,M039,585242
2025-09-17,M040,604488
2025-09-17,M041,894221
2025-09-17,M042,690167
2025-09-17,M043,429690
2025-09-17,M044,549760
2025-09-17,M045,770909
2025-09-17,M046,495957
2025-09-17,M047,746620
2025-09-17,M048,822950
2025-09-18,M001,124628
2025-09-18,M002,236421
2025-09-18,M003,219788
2025-09-18,M004,485097
2025-09-18,M005,271544
2025-09-18,M006,489143
2025-09-18,M007,323583
2025-09-18,M008,328373
2025-09-18,M009,218757
2025-09-18,M010,379400
2025-09-18,M011,318328
2025-09-18,M012,671209
2025-09-18,M013,270376
2025-09-18,M014,544836
2025-09-18,M015,267682
2025-09-18,M016,505925
2025-09-18,M017,301389
2025-09-18,M018,558581
2025-09-18,M019,336889
2025-09-18,M020,598225
2025-09-18,M021,361635
2025-09-18,M022,436217
2025-09-18,M023,350037
2025-09-18,M024,762944
2025-09-18,M025,310646
2025-09-18,M026,539935
2025-09-18,M027,505192
2025-09-18,M028,751962
2025-09-18,M029,304413
2025-09-18,M030,613690
2025-09-18,M031,357084
2025-09-18,M032,715625
2025-09-18,M033,377232
2025-09-18,M034,761405
2025-09-18,M035,623202
2025-09-18,M036,852915
2025-09-18,M037,282463
2025-09-18,M038,566795
2025-09-18,M039,486136
2025-09-18,M040,861885
2025-09-18,M041,450460
2025-09-18,M042,856088
2025-09-18,M043,406697
2025-09-18,M044,700756
2025-09-18,M045,425304
2025-09-18,M046,719516
2025-09-18,M047,601357
2025-09-18,M048,1175727
2025-09-19,M001,153555
2025-09-19,M002,249967
2025-09-19,M003,320389
2025-09-19,M004,286835
2025-09-19,M005,376280
2025-09-19,M006,469395
2025-09-19,M007,418568
2025-09-19,M008,229911
2025-09-19,M009,282772
2025-09-19,M010,365826
2025-09-19,M011,424571
2025-09-19,M012,409639
2025-09-19,M013,365565
2025-09-19,M014,490464
2025-09-19,M015,346433
2025-09-19,M016,328638
2025-09-19,M017,386493
2025-09-19,M018,527574
2025-09-19,M019,405768
2025-09-19,M020,383523
2025-09-19,M021,485532
2025-09-19,M022,404218
2025-09-19,M023,496390
2025-09-19,M024,471045
2025-09-19,M025,403250
2025-09-19,M026,536075
2025-09-19,M027,629489
2025-09-19,M028,521826
2025-09-19,M029,413420
2025-09-19,M030,525463
2025-09-19,M031,466265
2025-09-19,M032,451990
2025-09-19,M033,501370
2025-09-19,M034,642523
2025-09-19,M035,776611
2025-09-19,M036,510211
2025-09-19,M037,362089
2025-09-19,M038,503085
2025-09-19,M039,646879
2025-09-19,M040,512419
2025-09-19,M041,660216
2025-09-19,M042,816691
2025-09-19,M043,559295
2025-09-19,M044,444325
2025-09-19,M045,585918
2025-09-19,M046,703429
2025-09-19,M047,823479
2025-09-19,M048,655769
2025-09-20,M001,177978
2025-09-20,M002,189013
2025-09-20,M003,243410
2025-09-20,M004,227051
2025-09-20,M005,430735
2025-09-20,M006,417210
2025-09-20,M007,326340
2025-09-20,M008,163461
2025-09-20,M009,363630
2025-09-20,M010,295625
2025-09-20,M011,373980
2025-09-20,M012,314995
2025-09-20,M013,426526
2025-09-20,M014,355641
2025-09-20,M015,294447
2025-09-20,M016,265260
2025-09-20,M017,456238
2025-09-20,M018,465293
2025-09-20,M019,328272
2025-09-20,M020,294792
2025-09-20,M021,563580
2025-09-20,M022,302358
2025-09-20,M023,398506
2025-09-20,M024,356326
2025-09-20,M025,442048
2025-09-20,M026,437125
2025-09-20,M027,482974
2025-09-20,M028,378691
2025-09-20,M029,513366
2025-09-20,M030,453638
2025-09-20,M031,388339
2025-09-20,M032,348061
2025-09-20,M033,631807
2025-09-20,M034,516601
2025-09-20,M035,603704
2025-09-20,M036,369806
2025-09-20,M037,472616
2025-09-20,M038,393676
2025-09-20,M039,495623
2025-09-20,M040,452470
2025-09-20,M041,794087
2025-09-20,M042,668874
2025-09-20,M043,421099
2025-09-20,M044,388889
2025-09-20,M045,692933
2025-09-20,M046,524026
2025-09-20,M047,659093
2025-09-20,M048,591279
2025-09-21,M001,202502
2025-09-21,M002,154048
2025-09-21,M003,230608
2025-09-21,M004,309208
2025-09-21,M005,439270
2025-09-21,M006,321250
2025-09-21,M007,338573
2025-09-21,M008,214278
2025-09-21,M009,362813
2025-09-21,M010,246780
2025-09-21,M011,324918
2025-09-21,M012,398443
2025-09-21,M013,411842
2025-09-21,M014,311111
2025-09-21,M015,278796
2025-09-21,M016,338427
2025-09-21,M017,457543
2025-09-21,M018,386300
2025-09-21,M019,339073
2025-09-21,M020,371415
2025-09-21,M021,563694
2025-09-21,M022,271274
2025-09-21,M023,413128
2025-09-21,M024,466155
2025-09-21,M025,464669
2025-09-21,M026,357470
2025-09-21,M027,473962
2025-09-21,M028,558034
2025-09-21,M029,475286
2025-09-21,M030,381551
2025-09-21,M031,374352
2025-09-21,M032,433172
2025-09-21,M033,608608
2025-09-21,M034,473047
2025-09-21,M035,630899
2025-09-21,M036,482844
2025-09-21,M037,493146
2025-09-21,M038,363555
2025-09-21,M039,528022
2025-09-21,M040,531354
2025-09-21,M041,843277
2025-09-21,M042,565475
2025-09-21,M043,398731
2025-09-21,M044,454798
2025-09-21,M045,727863
2025-09-21,M046,483655
2025-09-21,M047,629897
2025-09-21,M048,734548
2025-09-22,M001,113096
2025-09-22,M002,238063
2025-09-22,M003,234529
2025-09-22,M004,493939
2025-09-22,M005,257981
2025-09-22,M006,554830
2025-09-22,M007,326280
2025-09-22,M008,375238
2025-09-22,M009,222355
2025-09-22,M010,352351
2025-09-22,M011,324341
2025-09-22,M012,650932
2025-09-22,M013,274975
2025-09-22,M014,519104
2025-09-22,M015,262406
2025-09-22,M016,544849
2025-09-22,M017,292973
2025-09-22,M018,589279
2025-09-22,M019,339523
2025-09-22,M020,577072
2025-09-22,M021,342246
2025-09-22,M022,440089
2025-09-22,M023,357045
2025-09-22,M024,716048
2025-09-22,M025,288078
2025-09-22,M026,529895
2025-09-22,M027,469898
2025-09-22,M028,809482
2025-09-22,M029,311085
2025-09-22,M030,560057
2025-09-22,M031,360847
2025-09-22,M032,662024
2025-09-22,M033,407635
2025-09-22,M034,757796
2025-09-22,M035,625876
2025-09-22,M036,826604
2025-09-22,M037,264068
2025-09-22,M038,587804
2025-09-22,M039,428783
2025-09-22,M040,953114
2025-09-22,M041,512626
2025-09-22,M042,943938
2025-09-22,M043,398315
2025-09-22,M044,728896
2025-09-22,M045,449842
2025-09-22,M046,765730
2025-09-22,M047,623461
2025-09-22,M048,1189533
2025-09-23,M001,171932
2025-09-23,M002,230955
2025-09-23,M003,285459
2025-09-23,M004,290011
2025-09-23,M005,371497
2025-09-23,M006,513919
2025-09-23,M007,451020
2025-09-23,M008,208243
2025-09-23,M009,267249
2025-09-23,M010,326340
2025-09-23,M011,415376
2025-09-23,M012,370886
2025-09-23,M013,326623
2025-09-23,M014,437094
2025-09-23,M015,362022
2025-09-23,M016,306546
2025-09-23,M017,418662
2025-09-23,M018,545007
2025-09-23,M019,443856
2025-09-23,M020,355294
2025-09-23,M021,446669
2025-09-23,M022,392560
2025-09-23,M023,515925
2025-09-23,M024,434058
2025-09-23,M025,393005
2025-09-23,M026,516185
2025-09-23,M027,615939
2025-09-23,M028,532337
2025-09-23,M029,409669
2025-09-23,M030,503640
2025-09-23,M031,507370
2025-09-23,M032,407055
2025-09-23,M033,555479
2025-09-23,M034,650394
2025-09-23,M035,766990
2025-09-23,M036,486088
2025-09-23,M037,396459
2025-09-23,M038,544381
2025-09-23,M039,629938
2025-09-23,M040,543531
2025-09-23,M041,702682
2025-09-23,M042,850363
2025-09-23,M043,497131
2025-09-23,M044,437534
2025-09-23,M045,532726
2025-09-23,M046,638166
2025-09-23,M047,864361
2025-09-23,M048,717494
2025-09-24,M001,200024
2025-09-24,M002,195179
2025-09-24,M003,268170
2025-09-24,M004,268594
2025-09-24,M005,479516
2025-09-24,M006,403015
2025-09-24,M007,401358
2025-09-24,M008,186713
2025-09-24,M009,409327
2025-09-24,M010,296786
2025-09-24,M011,371673
2025-09-24,M012,335884
2025-09-24,M013,489183
2025-09-24,M014,409033
2025-09-24,M015,293241
2025-09-24,M016,291551
2025-09-24,M017,576991
2025-09-24,M018,482421
2025-09-24,M019,392138
2025-09-24,M020,360931
2025-09-24,M021,581191
2025-09-24,M022,334367
2025-09-24,M023,424365
2025-09-24,M024,402238
2025-09-24,M025,555056
2025-09-24,M026,461738
2025-09-24,M027,534600
2025-09-24,M028,457564
2025-09-24,M029,554239
2025-09-24,M030,454533
2025-09-24,M031,426815
2025-09-24,M032,365247
2025-09-24,M033,734040
2025-09-24,M034,654024
2025-09-24,M035,728910
2025-09-24,M036,415734
2025-09-24,M037,553442
2025-09-24,M038,490474
2025-09-24,M039,549076
2025-09-24,M040,505125
2025-09-24,M041,892560
2025-09-24,M042,739627
2025-09-24,M043,482993
2025-09-24,M044,437918
2025-09-24,M045,823766
2025-09-24,M046,584168
2025-09-24,M047,659433
2025-09-24,M048,576325
2025-09-25,M001,221198
2025-09-25,M002,180625
2025-09-25,M003,283941
2025-09-25,M004,349691
2025-09-25,M005,462723
2025-09-25,M006,380009
2025-09-25,M007,371996
2025-09-25,M008,264021
2025-09-25,M009,357131
2025-09-25,M010,283648
2025-09-25,M011,390227
2025-09-25,M012,420286
2025-09-25,M013,425650
2025-09-25,M014,380987
2025-09-25,M015,292112
2025-09-25,M016,350660
2025-09-25,M017,551470
2025-09-25,M018,381977
2025-09-25,M019,380994
2025-09-25,M020,426725
2025-09-25,M021,576151
2025-09-25,M022,316482
2025-09-25,M023,471875
2025-09-25,M024,525788
2025-09-25,M025,503728
2025-09-25,M026,404434
2025-09-25,M027,521973
2025-09-25,M028,562147
2025-09-25,M029,527443
2025-09-25,M030,410475
2025-09-25,M031,444477
2025-09-25,M032,493875
2025-09-25,M033,733433
2025-09-25,M034,502137
2025-09-25,M035,757748
2025-09-25,M036,572759
2025-09-25,M037,497022
2025-09-25,M038,395634
2025-09-25,M039,561097
2025-09-25,M040,609636
2025-09-25,M041,845112
2025-09-25,M042,649260
2025-09-25,M043,438569
2025-09-25,M044,507680
2025-09-25,M045,791992
2025-09-25,M046,465599
2025-09-25,M047,724877
2025-09-25,M048,835641
2025-09-26,M001,122901
2025-09-26,M002,251063
2025-09-26,M003,238841
2025-09-26,M004,447585
2025-09-26,M005,254673
2025-09-26,M006,535589
2025-09-26,M007,326268
2025-09-26,M008,329322
2025-09-26,M009,206294
2025-09-26,M010,358278
2025-09-26,M011,306407
2025-09-26,M012,686657
2025-09-26,M013,262781
2025-09-26,M014,504579
2025-09-26,M015,244626
2025-09-26,M016,516648
2025-09-26,M017,303040
2025-09-26,M018,588647
2025-09-26,M019,335924
2025-09-26,M020,607287
2025-09-26,M021,323540
2025-09-26,M022,436830
2025-09-26,M023,377358
2025-09-26,M024,719345
2025-09-26,M025,271708
2025-09-26,M026,558042
2025-09-26,M027,454462
2025-09-26,M028,756302
2025-09-26,M029,282816
2025-09-26,M030,573344
2025-09-26,M031,344378
2025-09-26,M032,646309
2025-09-26,M033,386656
2025-09-26,M034,695764
2025-09-26,M035,558975
2025-09-26,M036,810934
2025-09-26,M037,288704
2025-09-26,M038,538370
2025-09-26,M039,465592
2025-09-26,M040,844390
2025-09-26,M041,466178
2025-09-26,M042,859462
2025-09-26,M043,418656
2025-09-26,M044,799410
2025-09-26,M045,428087
2025-09-26,M046,685233
2025-09-26,M047,637280
2025-09-26,M048,1044121
2025-09-27,M001,149609
2025-09-27,M002,213251
2025-09-27,M003,275163
2025-09-27,M004,246309
2025-09-27,M005,311667
2025-09-27,M006,406139
2025-09-27,M007,421267
2025-09-27,M008,206316
2025-09-27,M009,243226
2025-09-27,M010,311615
2025-09-27,M011,384849
2025-09-27,M012,336355
2025-09-27,M013,334428
2025-09-27,M014,437794
2025-09-27,M015,297829
2025-09-27,M016,305229
2025-09-27,M017,348061
2025-09-27,M018,504940
2025-09-27,M019,419138
2025-09-27,M020,358889
2025-09-27,M021,393657
2025-09-27,M022,378378
2025-09-27,M023,422486
2025-09-27,M024,423495
2025-09-27,M025,375555
2025-09-27,M026,498484
2025-09-27,M027,565613
2025-09-27,M028,460263
2025-09-27,M029,363225
2025-09-27,M030,461795
2025-09-27,M031,400817
2025-09-27,M032,353149
2025-09-27,M033,436135
2025-09-27,M034,598750
2025-09-27,M035,687125
2025-09-27,M036,415427
2025-09-27,M037,349714
2025-09-27,M038,471966
2025-09-27,M039,583159
2025-09-27,M040,481404
2025-09-27,M041,580317
2025-09-27,M042,766794
2025-09-27,M043,469029
2025-09-27,M044,399023
2025-09-27,M045,520836
2025-09-27,M046,602311
2025-09-27,M047,717262
2025-09-27,M048,636270
2025-09-28,M001,177793
2025-09-28,M002,185493
2025-09-28,M003,230987
2025-09-28,M004,236349
2025-09-28,M005,449769
2025-09-28,M006,364419
2025-09-28,M007,331155
2025-09-28,M008,169060
2025-09-28,M009,368557
2025-09-28,M010,285872
2025-09-28,M011,351525
2025-09-28,M012,332212
2025-09-28,M013,418038
2025-09-28,M014,387393
2025-09-28,M015,299051
2025-09-28,M016,270428
2025-09-28,M017,484947
2025-09-28,M018,432308
2025-09-28,M019,359484
2025-09-28,M020,318166
2025-09-28,M021,594330
2025-09-28,M022,341791
2025-09-28,M023,415641
2025-09-28,M024,332232
2025-09-28,M025,505292
2025-09-28,M026,424359
2025-09-28,M027,495529
2025-09-28,M028,405481
2025-09-28,M029,496995
2025-09-28,M030,424246
2025-09-28,M031,380138
2025-09-28,M032,365326
2025-09-28,M033,669432
2025-09-28,M034,530134
2025-09-28,M035,659299
2025-09-28,M036,370772
2025-09-28,M037,483829
2025-09-28,M038,429366
2025-09-28,M039,463333
2025-09-28,M040,436607
2025-09-28,M041,789750
2025-09-28,M042,663053
2025-09-28,M043,396092
2025-09-28,M044,363115
2025-09-28,M045,671601
2025-09-28,M046,508253
2025-09-28,M047,632769
2025-09-28,M048,593549
2025-09-29,M001,199810
2025-09-29,M002,190261
2025-09-29,M003,258557
2025-09-29,M004,327032
2025-09-29,M005,446720
2025-09-29,M006,355411
2025-09-29,M007,361943
2025-09-29,M008,260897
2025-09-29,M009,373294
2025-09-29,M010,276255
2025-09-29,M011,358974
2025-09-29,M012,419098
2025-09-29,M013,455531
2025-09-29,M014,334277
2025-09-29,M015,286780
2025-09-29,M016,374773
2025-09-29,M017,538806
2025-09-29,M018,410283
2025-09-29,M019,373003
2025-09-29,M020,421111
2025-09-29,M021,649276
2025-09-29,M022,324790
2025-09-29,M023,412500
2025-09-29,M024,539569
2025-09-29,M025,539040
2025-09-29,M026,405262
2025-09-29,M027,556732
2025-09-29,M028,589775
2025-09-29,M029,504055
2025-09-29,M030,410769
2025-09-29,M031,419683
2025-09-29,M032,485588
2025-09-29,M033,654920
2025-09-29,M034,531546
2025-09-29,M035,702482
2025-09-29,M036,592447
2025-09-29,M037,519330
2025-09-29,M038,403438
2025-09-29,M039,511176
2025-09-29,M040,592326
2025-09-29,M041,922302
2025-09-29,M042,620578
2025-09-29,M043,474562
2025-09-29,M044,562527
2025-09-29,M045,749657
2025-09-29,M046,484169
2025-09-29,M047,734799
2025-09-29,M048,847956
2025-09-30,M001,110771
2025-09-30,M002,243689
2025-09-30,M003,237229
2025-09-30,M004,441434
2025-09-30,M005,254103
2025-09-30,M006,521577
2025-09-30,M007,336592
2025-09-30,M008,356141
2025-09-30,M009,209005
2025-09-30,M010,382820
2025-09-30,M011,310463
2025-09-30,M012,637107
2025-09-30,M013,260726
2025-09-30,M014,478483
2025-09-30,M015,281328
2025-09-30,M016,495171
2025-09-30,M017,309478
2025-09-30,M018,573174
2025-09-30,M019,298885
2025-09-30,M020,585848
2025-09-30,M021,357509
2025-09-30,M022,465315
2025-09-30,M023,386222
2025-09-30,M024,695502
2025-09-30,M025,286072
2025-09-30,M026,530835
2025-09-30,M027,457749
2025-09-30,M028,816384
2025-09-30,M029,311509
2025-09-30,M030,609831
2025-09-30,M031,374017
2025-09-30,M032,717410
2025-09-30,M033,392981
2025-09-30,M034,741114
2025-09-30,M035,616880
2025-09-30,M036,743827
2025-09-30,M037,261864
2025-09-30,M038,540419
2025-09-30,M039,453811
2025-09-30,M040,861366
2025-09-30,M041,486118
2025-09-30,M042,944638
2025-09-30,M043,371038
2025-09-30,M044,741995
2025-09-30,M045,444034
2025-09-30,M046,761717
2025-09-30,M047,597497
2025-09-30,M048,1116789
2025-10-01,M001,195349
2025-10-01,M002,160691
2025-10-01,M003,253863
2025-10-01,M004,320628
2025-10-01,M005,448650
2025-10-01,M006,378811
2025-10-01,M007,360626
2025-10-01,M008,247466
2025-10-01,M009,395032
2025-10-01,M010,274925
2025-10-01,M011,384686
2025-10-01,M012,439709
2025-10-01,M013,434750
2025-10-01,M014,332574
2025-10-01,M015,316213
2025-10-01,M016,392473
2025-10-01,M017,523683
2025-10-01,M018,435237
2025-10-01,M019,399305
2025-10-01,M020,460087
2025-10-01,M021,571408
2025-10-01,M022,304566
2025-10-01,M023,450853
2025-10-01,M024,524735
2025-10-01,M025,470050
2025-10-01,M026,406180
2025-10-01,M027,583665
2025-10-01,M028,595068
2025-10-01,M029,508788
2025-10-01,M030,434543
2025-10-01,M031,439198
2025-10-01,M032,459699
2025-10-01,M033,638663
2025-10-01,M034,524591
2025-10-01,M035,738955
2025-10-01,M036,600663
2025-10-01,M037,542667
2025-10-01,M038,412168
2025-10-01,M039,582692
2025-10-01,M040,608580
2025-10-01,M041,901444
2025-10-01,M042,659933
2025-10-01,M043,427386
2025-10-01,M044,552975
2025-10-01,M045,762022
2025-10-01,M046,498325
2025-10-01,M047,656357
2025-10-01,M048,746584
2025-10-02,M001,118045
2025-10-02,M002,237466
2025-10-02,M003,214372
2025-10-02,M004,449537
2025-10-02,M005,269646
2025-10-02,M006,504438
2025-10-02,M007,317811
2025-10-02,M008,371430
2025-10-02,M009,211997
2025-10-02,M010,402037
2025-10-02,M011,333413
2025-10-02,M012,623726
2025-10-02,M013,272017
2025-10-02,M014,475469
2025-10-02,M015,273533
2025-10-02,M016,510436
2025-10-02,M017,287680
2025-10-02,M018,566330
2025-10-02,M019,297544
2025-10-02,M020,570259
2025-10-02,M021,330081
2025-10-02,M022,416538
2025-10-02,M023,380628
2025-10-02,M024,679809
2025-10-02,M025,273025
2025-10-02,M026,544047
2025-10-02,M027,451864
2025-10-02,M028,765015
2025-10-02,M029,282752
2025-10-02,M030,562986
2025-10-02,M031,332569
2025-10-02,M032,632345
2025-10-02,M033,387650
2025-10-02,M034,723490
2025-10-02,M035,567014
2025-10-02,M036,810006
2025-10-02,M037,301434
2025-10-02,M038,565415
2025-10-02,M039,448028
2025-10-02,M040,830502
2025-10-02,M041,458640
2025-10-02,M042,989372
2025-10-02,M043,388472
2025-10-02,M044,698106
2025-10-02,M045,409768
2025-10-02,M046,717591
2025-10-02,M047,543607
2025-10-02,M048,1139831
2025-10-03,M001,161272
2025-10-03,M002,238921
2025-10-03,M003,321603
2025-10-03,M004,293430
2025-10-03,M005,333386
2025-10-03,M006,511297
2025-10-03,M007,428847
2025-10-03,M008,216701
2025-10-03,M009,275480
2025-10-03,M010,332940
2025-10-03,M011,449858
2025-10-03,M012,387066
2025-10-03,M013,363689
2025-10-03,M014,458350
2025-10-03,M015,360476
2025-10-03,M016,329048
2025-10-03,M017,419498
2025-10-03,M018,562069
2025-10-03,M019,434620
2025-10-03,M020,370007
2025-10-03,M021,495777
2025-10-03,M022,395214
2025-10-03,M023,457005
2025-10-03,M024,467660
2025-10-03,M025,389237
2025-10-03,M026,514763
2025-10-03,M027,641269
2025-10-03,M028,485289
2025-10-03,M029,392276
2025-10-03,M030,535744
2025-10-03,M031,482404
2025-10-03,M032,430390
2025-10-03,M033,483728
2025-10-03,M034,712151
2025-10-03,M035,784051
2025-10-03,M036,494718
2025-10-03,M037,384823
2025-10-03,M038,474122
2025-10-03,M039,646189
2025-10-03,M040,537172
2025-10-03,M041,710177
2025-10-03,M042,788235
2025-10-03,M043,504621
2025-10-03,M044,474779
2025-10-03,M045,604508
2025-10-03,M046,605744
2025-10-03,M047,794674
2025-10-03,M048,655495
2025-10-04,M001,176294
2025-10-04,M002,176140
2025-10-04,M003,224502
2025-10-04,M004,228777
2025-10-04,M005,424322
2025-10-04,M006,409605
2025-10-04,M007,317240
2025-10-04,M008,183878
2025-10-04,M009,319232
2025-10-04,M010,283604
2025-10-04,M011,354924
2025-10-04,M012,318997
2025-10-04,M013,437795
2025-10-04,M014,359243
2025-10-04,M015,295361
2025-10-04,M016,270776
2025-10-04,M017,489468
2025-10-04,M018,427175
2025-10-04,M019,355655
2025-10-04,M020,314704
2025-10-04,M021,602510
2025-10-04,M022,340910
2025-10-04,M023,426015
2025-10-04,M024,343373
2025-10-04,M025,446754
2025-10-04,M026,425210
2025-10-04,M027,492561
2025-10-04,M028,383050
2025-10-04,M029,513263
2025-10-04,M030,409657
2025-10-04,M031,375403
2025-10-04,M032,320905
2025-10-04,M033,640242
2025-10-04,M034,558160
2025-10-04,M035,612881
2025-10-04,M036,417475
2025-10-04,M037,485426
2025-10-04,M038,435413
2025-10-04,M039,482880
2025-10-04,M040,431604
2025-10-04,M041,778812
2025-10-04,M042,697974
2025-10-04,M043,399928
2025-10-04,M044,359442
2025-10-04,M045,728966
2025-10-04,M046,538462
2025-10-04,M047,656149
2025-10-04,M048,543182
2025-10-05,M001,194544
2025-10-05,M002,154298
2025-10-05,M003,246481
2025-10-05,M004,303475
2025-10-05,M005,394857
2025-10-05,M006,319872
2025-10-05,M007,355438
2025-10-05,M008,235709
2025-10-05,M009,329522
2025-10-05,M010,255339
2025-10-05,M011,346598
2025-10-05,M012,403512
2025-10-05,M013,429502
2025-10-05,M014,295374
2025-10-05,M015,267535
2025-10-05,M016,344411
2025-10-05,M017,462692
2025-10-05,M018,346537
2025-10-05,M019,312628
2025-10-05,M020,370295
2025-10-05,M021,515183
2025-10-05,M022,273106
2025-10-05,M023,370423
2025-10-05,M024,451689
2025-10-05,M025,445785
2025-10-05,M026,350200
2025-10-05,M027,523761
2025-10-05,M028,532140
2025-10-05,M029,456452
2025-10-05,M030,358496
2025-10-05,M031,380150
2025-10-05,M032,402260
2025-10-05,M033,616476
2025-10-05,M034,479104
2025-10-05,M035,612266
2025-10-05,M036,523983
2025-10-05,M037,464679
2025-10-05,M038,343593
2025-10-05,M039,507784
2025-10-05,M040,575346
2025-10-05,M041,764254
2025-10-05,M042,594160
2025-10-05,M043,397348
2025-10-05,M044,502166
2025-10-05,M045,684990
2025-10-05,M046,461825
2025-10-05,M047,599136
2025-10-05,M048,733772
2025-10-06,M001,122506
2025-10-06,M002,264329
2025-10-06,M003,217660
2025-10-06,M004,423814
2025-10-06,M005,259363
2025-10-06,M006,489951
2025-10-06,M007,331125
2025-10-06,M008,353277
2025-10-06,M009,205586
2025-10-06,M010,397052
2025-10-06,M011,303813
2025-10-06,M012,591749
2025-10-06,M013,261997
2025-10-06,M014,546566
2025-10-06,M015,241061
2025-10-06,M016,529401
2025-10-06,M017,276788
2025-10-06,M018,619944
2025-10-06,M019,315250
2025-10-06,M020,582971
2025-10-06,M021,337184
2025-10-06,M022,414928
2025-10-06,M023,366724
2025-10-06,M024,709059
2025-10-06,M025,305046
2025-10-06,M026,526782
2025-10-06,M027,476695
2025-10-06,M028,755563
2025-10-06,M029,277818
2025-10-06,M030,597387
2025-10-06,M031,336589
2025-10-06,M032,657631
2025-10-06,M033,399947
2025-10-06,M034,747107
2025-10-06,M035,619073
2025-10-06,M036,751361
2025-10-06,M037,302318
2025-10-06,M038,514814
2025-10-06,M039,444724
2025-10-06,M040,867774
2025-10-06,M041,486816
2025-10-06,M042,966396
2025-10-06,M043,404396
2025-10-06,M044,750407
2025-10-06,M045,398113
2025-10-06,M046,665461
2025-10-06,M047,625211
2025-10-06,M048,1138846
2025-10-07,M001,153411
2025-10-07,M002,236570
2025-10-07,M003,316175
2025-10-07,M004,262481
2025-10-07,M005,351676
2025-10-07,M006,501036
2025-10-07,M007,421750
2025-10-07,M008,224059
2025-10-07,M009,270470
2025-10-07,M010,329827
2025-10-07,M011,454598
2025-10-07,M012,388866
2025-10-07,M013,366368
2025-10-07,M014,472150
2025-10-07,M015,373328
2025-10-07,M016,323546
2025-10-07,M017,409716
2025-10-07,M018,550333
2025-10-07,M019,449761
2025-10-07,M020,355303
2025-10-07,M021,498104
2025-10-07,M022,406331
2025-10-07,M023,468099
2025-10-07,M024,436811
2025-10-07,M025,408030
2025-10-07,M026,521192
2025-10-07,M027,665704
2025-10-07,M028,471724
2025-10-07,M029,404729
2025-10-07,M030,580423
2025-10-07,M031,464770
2025-10-07,M032,399882
2025-10-07,M033,549098
2025-10-07,M034,697834
2025-10-07,M035,854096
2025-10-07,M036,466785
2025-10-07,M037,370112
2025-10-07,M038,544960
2025-10-07,M039,672178
2025-10-07,M040,503617
2025-10-07,M041,695150
2025-10-07,M042,835349
2025-10-07,M043,497814
2025-10-07,M044,464697
2025-10-07,M045,532766
2025-10-07,M046,634847
2025-10-07,M047,836268
2025-10-07,M048,679372
2025-10-08,M001,211998
2025-10-08,M002,219038
2025-10-08,M003,281963
2025-10-08,M004,238837
2025-10-08,M005,437444
2025-10-08,M006,441586
2025-10-08,M007,386786
2025-10-08,M008,183138
2025-10-08,M009,363674
2025-10-08,M010,329519
2025-10-08,M011,405443
2025-10-08,M012,325114
2025-10-08,M013,456589
2025-10-08,M014,391165
2025-10-08,M015,296944
2025-10-08,M016,274884
2025-10-08,M017,536018
2025-10-08,M018,475951
2025-10-08,M019,369929
2025-10-08,M020,337543
2025-10-08,M021,577569
2025-10-08,M022,378425
2025-10-08,M023,452270
2025-10-08,M024,413745
2025-10-08,M025,479671
2025-10-08,M026,488368
2025-10-08,M027,580767
2025-10-08,M028,468070
2025-10-08,M029,574496
2025-10-08,M030,465218
2025-10-08,M031,405443
2025-10-08,M032,401563
2025-10-08,M033,659923
2025-10-08,M034,615665
2025-10-08,M035,714195
2025-10-08,M036,440777
2025-10-08,M037,479881
2025-10-08,M038,466528
2025-10-08,M039,553231
2025-10-08,M040,515233
2025-10-08,M041,934897
2025-10-08,M042,703886
2025-10-08,M043,452929
2025-10-08,M044,433094
2025-10-08,M045,773261
2025-10-08,M046,541482
2025-10-08,M047,691586
2025-10-08,M048,653572
2025-10-09,M001,196917
2025-10-09,M002,186427
2025-10-09,M003,275822
2025-10-09,M004,327433
2025-10-09,M005,465399
2025-10-09,M006,338852
2025-10-09,M007,397627
2025-10-09,M008,257275
2025-10-09,M009,344335
2025-10-09,M010,249614
2025-10-09,M011,381898
2025-10-09,M012,479460
2025-10-09,M013,492065
2025-10-09,M014,370820
2025-10-09,M015,307215
2025-10-09,M016,388597
2025-10-09,M017,528829
2025-10-09,M018,386046
2025-10-09,M019,398097
2025-10-09,M020,442477
2025-10-09,M021,576550
2025-10-09,M022,304624
2025-10-09,M023,414783
2025-10-09,M024,522599
2025-10-09,M025,505207
2025-10-09,M026,392984
2025-10-09,M027,548614
2025-10-09,M028,580056
2025-10-09,M029,550380
2025-10-09,M030,388326
2025-10-09,M031,384283
2025-10-09,M032,468370
2025-10-09,M033,685760
2025-10-09,M034,541536
2025-10-09,M035,760191
2025-10-09,M036,551670
2025-10-09,M037,493815
2025-10-09,M038,360586
2025-10-09,M039,569909
2025-10-09,M040,657784
2025-10-09,M041,817774
2025-10-09,M042,685612
2025-10-09,M043,460991
2025-10-09,M044,513706
2025-10-09,M045,763643
2025-10-09,M046,535480
2025-10-09,M047,690816
2025-10-09,M048,836000
2025-10-10,M001,109778
2025-10-10,M002,229836
2025-10-10,M003,207828
2025-10-10,M004,473209
2025-10-10,M005,253500
2025-10-10,M006,490820
2025-10-10,M007,303273
2025-10-10,M008,373879
2025-10-10,M009,210635
2025-10-10,M010,396001
2025-10-10,M011,329834
2025-10-10,M012,592001
2025-10-10,M013,270906
2025-10-10,M014,488507
2025-10-10,M015,251653
2025-10-10,M016,499092
2025-10-10,M017,276223
2025-10-10,M018,556112
2025-10-10,M019,319069
2025-10-10,M020,575976
2025-10-10,M021,356493
2025-10-10,M022,435767
2025-10-10,M023,385927
2025-10-10,M024,748489
2025-10-10,M025,304712
2025-10-10,M026,593055
2025-10-10,M027,442281
2025-10-10,M028,771097
2025-10-10,M029,300973
2025-10-10,M030,540612
2025-10-10,M031,348928
2025-10-10,M032,702358
2025-10-10,M033,372235
2025-10-10,M034,727271
2025-10-10,M035,607957
2025-10-10,M036,845331
2025-10-10,M037,273015
2025-10-10,M038,583150
2025-10-10,M039,453165
2025-10-10,M040,927780
2025-10-10,M041,466023
2025-10-10,M042,846608
2025-10-10,M043,375603
2025-10-10,M044,747901
2025-10-10,M045,414226
2025-10-10,M046,747544
2025-10-10,M047,579107
2025-10-10,M048,1098412
2025-10-11,M001,143751
2025-10-11,M002,196778
2025-10-11,M003,289085
2025-10-11,M004,248306
2025-10-11,M005,330860
2025-10-11,M006,421787
2025-10-11,M007,393453
2025-10-11,M008,199690
2025-10-11,M009,237052
2025-10-11,M010,300055
2025-10-11,M011,383825
2025-10-11,M012,340346
2025-10-11,M013,301676
2025-10-11,M014,407010
2025-10-11,M015,328433
2025-10-11,M016,305712
2025-10-11,M017,354038
2025-10-11,M018,465007
2025-10-11,M019,395665
2025-10-11,M020,343403
2025-10-11,M021,428972
2025-10-11,M022,384928
2025-10-11,M023,422721
2025-10-11,M024,409191
2025-10-11,M025,339609
2025-10-11,M026,433049
2025-10-11,M027,602625
2025-10-11,M028,460420
2025-10-11,M029,363990
2025-10-11,M030,457360
2025-10-11,M031,406417
2025-10-11,M032,398848
2025-10-11,M033,449634
2025-10-11,M034,641143
2025-10-11,M035,789905
2025-10-11,M036,448309
2025-10-11,M037,371642
2025-10-11,M038,454533
2025-10-11,M039,602403
2025-10-11,M040,522864
2025-10-11,M041,596268
2025-10-11,M042,744172
2025-10-11,M043,478798
2025-10-11,M044,418695
2025-10-11,M045,531787
2025-10-11,M046,564112
2025-10-11,M047,695493
2025-10-11,M048,653677
2025-10-12,M001,189734
2025-10-12,M002,195736
2025-10-12,M003,237356
2025-10-12,M004,236165
2025-10-12,M005,416999
2025-10-12,M006,356324
2025-10-12,M007,342601
2025-10-12,M008,185357
2025-10-12,M009,361683
2025-10-12,M010,300877
2025-10-12,M011,333024
2025-10-12,M012,294542
2025-10-12,M013,444969
2025-10-12,M014,366834
2025-10-12,M015,300183
2025-10-12,M016,263030
2025-10-12,M017,449585
2025-10-12,M018,411343
2025-10-12,M019,342831
2025-10-12,M020,299900
2025-10-12,M021,556304
2025-10-12,M022,329382
2025-10-12,M023,391887
2025-10-12,M024,355742
2025-10-12,M025,432546
2025-10-12,M026,443370
2025-10-12,M027,493188
2025-10-12,M028,399400
2025-10-12,M029,465878
2025-10-12,M030,447143
2025-10-12,M031,405761
2025-10-12,M032,348160
2025-10-12,M033,645131
2025-10-12,M034,561575
2025-10-12,M035,638837
2025-10-12,M036,370416
2025-10-12,M037,479720
2025-10-12,M038,413302
2025-10-12,M039,471380
2025-10-12,M040,456586
2025-10-12,M041,847039
2025-10-12,M042,679934
2025-10-12,M043,413933
2025-10-12,M044,391768
2025-10-12,M045,705316
2025-10-12,M046,550445
2025-10-12,M047,641717
2025-10-12,M048,568914
2025-10-13,M001,202655
2025-10-13,M002,175052
2025-10-13,M003,246020
2025-10-13,M004,324586
2025-10-13,M005,460197
2025-10-13,M006,359396
2025-10-13,M007,390628
2025-10-13,M008,234799
2025-10-13,M009,391523
2025-10-13,M010,248821
2025-10-13,M011,406855
2025-10-13,M012,485199
2025-10-13,M013,466753
2025-10-13,M014,373619
2025-10-13,M015,324763
2025-10-13,M016,358596
2025-10-13,M017,536530
2025-10-13,M018,442508
2025-10-13,M019,398426
2025-10-13,M020,423510
2025-10-13,M021,613814
2025-10-13,M022,286564
2025-10-13,M023,418100
2025-10-13,M024,529216
2025-10-13,M025,504986
2025-10-13,M026,411339
2025-10-13,M027,533629
2025-10-13,M028,577027
2025-10-13,M029,547158
2025-10-13,M030,435982
2025-10-13,M031,398487
2025-10-13,M032,471303
2025-10-13,M033,682458
2025-10-13,M034,540553
2025-10-13,M035,761578
2025-10-13,M036,576432
2025-10-13,M037,537349
2025-10-13,M038,374200
2025-10-13,M039,562849
2025-10-13,M040,601492
2025-10-13,M041,924452
2025-10-13,M042,629540
2025-10-13,M043,447342
2025-10-13,M044,509564
2025-10-13,M045,684440
2025-10-13,M046,526326
2025-10-13,M047,740294
2025-10-13,M048,728851
2025-10-14,M001,112845
2025-10-14,M002,264326
2025-10-14,M003,211335
2025-10-14,M004,481597
2025-10-14,M005,261693
2025-10-14,M006,509229
2025-10-14,M007,292870
2025-10-14,M008,377179
2025-10-14,M009,215004
2025-10-14,M010,387314
2025-10-14,M011,332898
2025-10-14,M012,685534
2025-10-14,M013,241024
2025-10-14,M014,512872
2025-10-14,M015,255313
2025-10-14,M016,495834
2025-10-14,M017,301951
2025-10-14,M018,566108
2025-10-14,M019,338173
2025-10-14,M020,659266
2025-10-14,M021,356264
2025-10-14,M022,455817
2025-10-14,M023,352918
2025-10-14,M024,703045
2025-10-14,M025,286439
2025-10-14,M026,606007
2025-10-14,M027,442847
2025-10-14,M028,741250
2025-10-14,M029,299767
2025-10-14,M030,620796
2025-10-14,M031,330712
2025-10-14,M032,643348
2025-10-14,M033,404993
2025-10-14,M034,763900
2025-10-14,M035,629058
2025-10-14,M036,856187
2025-10-14,M037,264779
2025-10-14,M038,564869
2025-10-14,M039,436861
2025-10-14,M040,840094
2025-10-14,M041,499874
2025-10-14,M042,913214
2025-10-14,M043,380154
2025-10-14,M044,759729
2025-10-14,M045,423569
2025-10-14,M046,702427
2025-10-14,M047,600766
2025-10-14,M048,1128100
2025-10-15,M001,159090
2025-10-15,M002,244077
2025-10-15,M003,313875
2025-10-15,M004,272838
2025-10-15,M005,340538
2025-10-15,M006,496662
2025-10-15,M007,425530
2025-10-15,M008,228222
2025-10-15,M009,295038
2025-10-15,M010,328542
2025-10-15,M011,435665
2025-10-15,M012,379627
2025-10-15,M013,368781
2025-10-15,M014,432817
2025-10-15,M015,325332
2025-10-15,M016,296932
2025-10-15,M017,398389
2025-10-15,M018,544862
2025-10-15,M019,441184
2025-10-15,M020,396951
2025-10-15,M021,447700
2025-10-15,M022,422038
2025-10-15,M023,464638
2025-10-15,M024,456573
2025-10-15,M025,365935
2025-10-15,M026,481257
2025-10-15,M027,639561
2025-10-15,M028,521712
2025-10-15,M029,421350
2025-10-15,M030,545542
2025-10-15,M031,453256
2025-10-15,M032,419552
2025-10-15,M033,543225
2025-10-15,M034,710552
2025-10-15,M035,880938
2025-10-15,M036,476369
2025-10-15,M037,368162
2025-10-15,M038,512340
2025-10-15,M039,636938
2025-10-15,M040,562751
2025-10-15,M041,632819
2025-10-15,M042,799887
2025-10-15,M043,536839
2025-10-15,M044,435506
2025-10-15,M045,593732
2025-10-15,M046,608001
2025-10-15,M047,838629
2025-10-15,M048,723672
2025-10-16,M001,194476
2025-10-16,M002,210138
2025-10-16,M003,258365
2025-10-16,M004,239533
2025-10-16,M005,495229
2025-10-16,M006,406168
2025-10-16,M007,370984
2025-10-16,M008,178874
2025-10-16,M009,392930
2025-10-16,M010,312143
2025-10-16,M011,355865
2025-10-16,M012,360943
2025-10-16,M013,445271
2025-10-16,M014,444979
2025-10-16,M015,300115
2025-10-16,M016,309243
2025-10-16,M017,539868
2025-10-16,M018,492624
2025-10-16,M019,392979
2025-10-16,M020,328651
2025-10-16,M021,580563
2025-10-16,M022,373722
2025-10-16,M023,415725
2025-10-16,M024,380033
2025-10-16,M025,530928
2025-10-16,M026,445372
2025-10-16,M027,576563
2025-10-16,M028,453564
2025-10-16,M029,518313
2025-10-16,M030,479046
2025-10-16,M031,432903
2025-10-16,M032,386449
2025-10-16,M033,647943
2025-10-16,M034,609824
2025-10-16,M035,724098
2025-10-16,M036,468860
2025-10-16,M037,483564
2025-10-16,M038,421092
2025-10-16,M039,514370
2025-10-16,M040,495428
2025-10-16,M041,871226
2025-10-16,M042,804681
2025-10-16,M043,473390
2025-10-16,M044,411622
2025-10-16,M045,714763
2025-10-16,M046,555307
2025-10-16,M047,673349
2025-10-16,M048,610522
2025-10-17,M001,215457
2025-10-17,M002,173586
2025-10-17,M003,269506
2025-10-17,M004,318526
2025-10-17,M005,488886
2025-10-17,M006,342518
2025-10-17,M007,346717
2025-10-17,M008,232214
2025-10-17,M009,390330
2025-10-17,M010,266810
2025-10-17,M011,412928
2025-10-17,M012,482230
2025-10-17,M013,425833
2025-10-17,M014,346057
2025-10-17,M015,287817
2025-10-17,M016,385972
2025-10-17,M017,537648
2025-10-17,M018,421688
2025-10-17,M019,346987
2025-10-17,M020,455848
2025-10-17,M021,641079
2025-10-17,M022,295049
2025-10-17,M023,427003
2025-10-17,M024,470676
2025-10-17,M025,475264
2025-10-17,M026,399958
2025-10-17,M027,531607
2025-10-17,M028,604990
2025-10-17,M029,494094
2025-10-17,M030,386661
2025-10-17,M031,405127
2025-10-17,M032,468102
2025-10-17,M033,634453
2025-10-17,M034,529087
2025-10-17,M035,740464
2025-10-17,M036,560450
2025-10-17,M037,482544
2025-10-17,M038,418145
2025-10-17,M039,533202
2025-10-17,M040,649715
2025-10-17,M041,869965
2025-10-17,M042,656303
2025-10-17,M043,456507
2025-10-17,M044,516651
2025-10-17,M045,767608
2025-10-17,M046,512870
2025-10-17,M047,690647
2025-10-17,M048,841568
2025-10-18,M001,107255
2025-10-18,M002,234325
2025-10-18,M003,215997
2025-10-18,M004,396193
2025-10-18,M005,245119
2025-10-18,M006,451541
2025-10-18,M007,270979
2025-10-18,M008,296063
2025-10-18,M009,189474
2025-10-18,M010,357282
2025-10-18,M011,298204
2025-10-18,M012,570080
2025-10-18,M013,235633
2025-10-18,M014,449197
2025-10-18,M015,228314
2025-10-18,M016,448142
2025-10-18,M017,250869
2025-10-18,M018,500768
2025-10-18,M019,301332
2025-10-18,M020,560057
2025-10-18,M021,305286
2025-10-18,M022,361787
2025-10-18,M023,304779
2025-10-18,M024,614580
2025-10-18,M025,244857
2025-10-18,M026,491951
2025-10-18,M027,405573
2025-10-18,M028,699809
2025-10-18,M029,279129
2025-10-18,M030,535795
2025-10-18,M031,331575
2025-10-18,M032,570618
2025-10-18,M033,316002
2025-10-18,M034,698232
2025-10-18,M035,542973
2025-10-18,M036,720334
2025-10-18,M037,260180
2025-10-18,M038,488689
2025-10-18,M039,432596
2025-10-18,M040,755753
2025-10-18,M041,438691
2025-10-18,M042,862598
2025-10-18,M043,360840
2025-10-18,M044,634173
2025-10-18,M045,371299
2025-10-18,M046,689796
2025-10-18,M047,517770
2025-10-18,M048,950284
2025-10-19,M001,147210
2025-10-19,M002,216998
2025-10-19,M003,253908
2025-10-19,M004,247424
2025-10-19,M005,328424
2025-10-19,M006,441335
2025-10-19,M007,378085
2025-10-19,M008,199655
2025-10-19,M009,273182
2025-10-19,M010,298502
2025-10-19,M011,399758
2025-10-19,M012,356837
2025-10-19,M013,336891
2025-10-19,M014,410129
2025-10-19,M015,292573
2025-10-19,M016,286364
2025-10-19,M017,336517
2025-10-19,M018,453934
2025-10-19,M019,371875
2025-10-19,M020,346894
2025-10-19,M021,414084
2025-10-19,M022,340580
2025-10-19,M023,437486
2025-10-19,M024,402293
2025-10-19,M025,364660
2025-10-19,M026,475358
2025-10-19,M027,534305
2025-10-19,M028,448824
2025-10-19,M029,388738
2025-10-19,M030,473993
2025-10-19,M031,405266
2025-10-19,M032,403846
2025-10-19,M033,461843
2025-10-19,M034,620448
2025-10-19,M035,751566
2025-10-19,M036,463733
2025-10-19,M037,366447
2025-10-19,M038,477093
2025-10-19,M039,591117
2025-10-19,M040,456672
2025-10-19,M041,558029
2025-10-19,M042,715071
2025-10-19,M043,501960
2025-10-19,M044,416547
2025-10-19,M045,497176
2025-10-19,M046,593715
2025-10-19,M047,743909
2025-10-19,M048,627444
2025-10-20,M001,194411
2025-10-20,M002,196392
2025-10-20,M003,258095
2025-10-20,M004,246188
2025-10-20,M005,445450
2025-10-20,M006,436576
2025-10-20,M007,403681
2025-10-20,M008,191740
2025-10-20,M009,364768
2025-10-20,M010,316965
2025-10-20,M011,386663
2025-10-20,M012,327105
2025-10-20,M013,428725
2025-10-20,M014,433668
2025-10-20,M015,305606
2025-10-20,M016,271196
2025-10-20,M017,581028
2025-10-20,M018,504912
2025-10-20,M019,358992
2025-10-20,M020,337343
2025-10-20,M021,634381
2025-10-20,M022,348637
2025-10-20,M023,459521
2025-10-20,M024,421446
2025-10-20,M025,502889
2025-10-20,M026,496521
2025-10-20,M027,583417
2025-10-20,M028,424646
2025-10-20,M029,509390
2025-10-20,M030,448606
2025-10-20,M031,407495
2025-10-20,M032,369766
2025-10-20,M033,693435
2025-10-20,M034,589371
2025-10-20,M035,774148
2025-10-20,M036,453030
2025-10-20,M037,529944
2025-10-20,M038,451618
2025-10-20,M039,583847
2025-10-20,M040,486492
2025-10-20,M041,930198
2025-10-20,M042,754098
2025-10-20,M043,474775
2025-10-20,M044,415294
2025-10-20,M045,696945
2025-10-20,M046,631340
2025-10-20,M047,741794
2025-10-20,M048,563285
2025-10-21,M001,197761
2025-10-21,M002,165954
2025-10-21,M003,252843
2025-10-21,M004,329426
2025-10-21,M005,495985
2025-10-21,M006,341008
2025-10-21,M007,381461
2025-10-21,M008,248318
2025-10-21,M009,349755
2025-10-21,M010,254803
2025-10-21,M011,355509
2025-10-21,M012,460209
2025-10-21,M013,448982
2025-10-21,M014,369108
2025-10-21,M015,328184
2025-10-21,M016,377295
2025-10-21,M017,489089
2025-10-21,M018,398021
2025-10-21,M019,363459
2025-10-21,M020,439123
2025-10-21,M021,652705
2025-10-21,M022,285240
2025-10-21,M023,453568
2025-10-21,M024,511325
2025-10-21,M025,499430
2025-10-21,M026,376148
2025-10-21,M027,555112
2025-10-21,M028,581791
2025-10-21,M029,536995
2025-10-21,M030,440910
2025-10-21,M031,431967
2025-10-21,M032,445576
2025-10-21,M033,686201
2025-10-21,M034,519826
2025-10-21,M035,678058
2025-10-21,M036,601814
2025-10-21,M037,503248
2025-10-21,M038,394191
2025-10-21,M039,535732
2025-10-21,M040,650517
2025-10-21,M041,839601
2025-10-21,M042,643871
2025-10-21,M043,453353
2025-10-21,M044,522752
2025-10-21,M045,706271
2025-10-21,M046,528551
2025-10-21,M047,734458
2025-10-21,M048,751510
2025-10-22,M001,119668
2025-10-22,M002,257690
2025-10-22,M003,226714
2025-10-22,M004,470116
2025-10-22,M005,241351
2025-10-22,M006,545496
2025-10-22,M007,338147
2025-10-22,M008,323098
2025-10-22,M009,217155
2025-10-22,M010,386813
2025-10-22,M011,347857
2025-10-22,M012,670782
2025-10-22,M013,249856
2025-10-22,M014,523813
2025-10-22,M015,251739
2025-10-22,M016,501159
2025-10-22,M017,313336
2025-10-22,M018,620499
2025-10-22,M019,311378
2025-10-22,M020,576303
2025-10-22,M021,339617
2025-10-22,M022,447732
2025-10-22,M023,389907
2025-10-22,M024,734689
2025-10-22,M025,295196
2025-10-22,M026,564249
2025-10-22,M027,494729
2025-10-22,M028,862487
2025-10-22,M029,294200
2025-10-22,M030,569414
2025-10-22,M031,340345
2025-10-22,M032,721011
2025-10-22,M033,369982
2025-10-22,M034,788498
2025-10-22,M035,562131
2025-10-22,M036,800574
2025-10-22,M037,295931
2025-10-22,M038,514710
2025-10-22,M039,430137
2025-10-22,M040,894692
2025-10-22,M041,515700
2025-10-22,M042,876820
2025-10-22,M043,408174
2025-10-22,M044,713240
2025-10-22,M045,383028
2025-10-22,M046,749760
2025-10-22,M047,604864
2025-10-22,M048,1042307
2025-10-23,M001,149540
2025-10-23,M002,231988
2025-10-23,M003,307518
2025-10-23,M004,272572
2025-10-23,M005,356878
2025-10-23,M006,501657
2025-10-23,M007,437444
2025-10-23,M008,231453
2025-10-23,M009,304490
2025-10-23,M010,362688
2025-10-23,M011,410324
2025-10-23,M012,385882
2025-10-23,M013,331743
2025-10-23,M014,440142
2025-10-23,M015,330945
2025-10-23,M016,325726
2025-10-23,M017,429883
2025-10-23,M018,560873
2025-10-23,M019,435608
2025-10-23,M020,382986
2025-10-23,M021,478298
2025-10-23,M022,379501
2025-10-23,M023,527358
2025-10-23,M024,415063
2025-10-23,M025,421028
2025-10-23,M026,512802
2025-10-23,M027,608667
2025-10-23,M028,491282
2025-10-23,M029,392356
2025-10-23,M030,567571
2025-10-23,M031,499409
2025-10-23,M032,403790
2025-10-23,M033,516861
2025-10-23,M034,696315
2025-10-23,M035,841502
2025-10-23,M036,478765
2025-10-23,M037,397903
2025-10-23,M038,549394
2025-10-23,M039,593169
2025-10-23,M040,545826
2025-10-23,M041,649990
2025-10-23,M042,902911
2025-10-23,M043,487396
2025-10-23,M044,496677
2025-10-23,M045,552605
2025-10-23,M046,674344
2025-10-23,M047,731584
2025-10-23,M048,692540
2025-10-24,M001,226464
2025-10-24,M002,212576
2025-10-24,M003,272520
2025-10-24,M004,242927
2025-10-24,M005,442328
2025-10-24,M006,395728
2025-10-24,M007,359444
2025-10-24,M008,206421
2025-10-24,M009,364060
2025-10-24,M010,310781
2025-10-24,M011,383941
2025-10-24,M012,340321
2025-10-24,M013,438692
2025-10-24,M014,451547
2025-10-24,M015,301688
2025-10-24,M016,293404
2025-10-24,M017,533256
2025-10-24,M018,500532
2025-10-24,M019,389129
2025-10-24,M020,344621
2025-10-24,M021,578040
2025-10-24,M022,350519
2025-10-24,M023,426838
2025-10-24,M024,373320
2025-10-24,M025,493160
2025-10-24,M026,458545
2025-10-24,M027,518843
2025-10-24,M028,467546
2025-10-24,M029,517152
2025-10-24,M030,445841
2025-10-24,M031,443029
2025-10-24,M032,372885
2025-10-24,M033,677244
2025-10-24,M034,641651
2025-10-24,M035,772965
2025-10-24,M036,465666
2025-10-24,M037,512536
2025-10-24,M038,431043
2025-10-24,M039,543399
2025-10-24,M040,476150
2025-10-24,M041,908375
2025-10-24,M042,734776
2025-10-24,M043,447031
2025-10-24,M044,411179
2025-10-24,M045,790993
2025-10-24,M046,560950
2025-10-24,M047,685277
2025-10-24,M048,643734
2025-10-25,M001,186705
2025-10-25,M002,170032
2025-10-25,M003,223440
2025-10-25,M004,271455
2025-10-25,M005,390533
2025-10-25,M006,332266
2025-10-25,M007,338536
2025-10-25,M008,235670
2025-10-25,M009,359054
2025-10-25,M010,226991
2025-10-25,M011,352434
2025-10-25,M012,407228
2025-10-25,M013,388367
2025-10-25,M014,324756
2025-10-25,M015,287220
2025-10-25,M016,311574
2025-10-25,M017,479795
2025-10-25,M018,371266
2025-10-25,M019,312168
2025-10-25,M020,372621
2025-10-25,M021,548531
2025-10-25,M022,287257
2025-10-25,M023,417431
2025-10-25,M024,483688
2025-10-25,M025,447676
2025-10-25,M026,370242
2025-10-25,M027,495351
2025-10-25,M028,513970
2025-10-25,M029,498267
2025-10-25,M030,350535
2025-10-25,M031,345543
2025-10-25,M032,420236
2025-10-25,M033,609993
2025-10-25,M034,454533
2025-10-25,M035,620790
2025-10-25,M036,535751
2025-10-25,M037,454936
2025-10-25,M038,350683
2025-10-25,M039,484422
2025-10-25,M040,588309
2025-10-25,M041,814456
2025-10-25,M042,543149
2025-10-25,M043,424450
2025-10-25,M044,444752
2025-10-25,M045,658282
2025-10-25,M046,451231
2025-10-25,M047,672563
2025-10-25,M048,657747
2025-10-26,M001,101383
2025-10-26,M002,233569
2025-10-26,M003,211047
2025-10-26,M004,431291
2025-10-26,M005,250500
2025-10-26,M006,463707
2025-10-26,M007,292922
2025-10-26,M008,308841
2025-10-26,M009,191176
2025-10-26,M010,329705
2025-10-26,M011,281819
2025-10-26,M012,553862
2025-10-26,M013,241171
2025-10-26,M014,442957
2025-10-26,M015,249061
2025-10-26,M016,483695
2025-10-26,M017,254402
2025-10-26,M018,499084
2025-10-26,M019,276135
2025-10-26,M020,588931
2025-10-26,M021,309996
2025-10-26,M022,394803
2025-10-26,M023,327111
2025-10-26,M024,594707
2025-10-26,M025,275827
2025-10-26,M026,485843
2025-10-26,M027,454252
2025-10-26,M028,761308
2025-10-26,M029,280961
2025-10-26,M030,515701
2025-10-26,M031,297664
2025-10-26,M032,660233
2025-10-26,M033,348176
2025-10-26,M034,634216
2025-10-26,M035,548234
2025-10-26,M036,774231
2025-10-26,M037,255320
2025-10-26,M038,491478
2025-10-26,M039,382956
2025-10-26,M040,831863
2025-10-26,M041,435136
2025-10-26,M042,814286
2025-10-26,M043,347073
2025-10-26,M044,664083
2025-10-26,M045,389691
2025-10-26,M046,664178
2025-10-26,M047,512165
2025-10-26,M048,1074153
2025-10-27,M001,148896
2025-10-27,M002,219295
2025-10-27,M003,318308
2025-10-27,M004,269716
2025-10-27,M005,342897
2025-10-27,M006,499385
2025-10-27,M007,395164
2025-10-27,M008,207148
2025-10-27,M009,264640
2025-10-27,M010,368826
2025-10-27,M011,419942
2025-10-27,M012,404813
2025-10-27,M013,364923
2025-10-27,M014,494155
2025-10-27,M015,347257
2025-10-27,M016,315048
2025-10-27,M017,376659
2025-10-27,M018,547580
2025-10-27,M019,440057
2025-10-27,M020,382752
2025-10-27,M021,491824
2025-10-27,M022,426654
2025-10-27,M023,460312
2025-10-27,M024,467485
2025-10-27,M025,420745
2025-10-27,M026,549881
2025-10-27,M027,671951
2025-10-27,M028,458203
2025-10-27,M029,383133
2025-10-27,M030,522609
2025-10-27,M031,500375
2025-10-27,M032,431273
2025-10-27,M033,523946
2025-10-27,M034,640540
2025-10-27,M035,793143
2025-10-27,M036,516939
2025-10-27,M037,356256
2025-10-27,M038,495928
2025-10-27,M039,632450
2025-10-27,M040,520260
2025-10-27,M041,695128
2025-10-27,M042,890114
2025-10-27,M043,513014
2025-10-27,M044,465602
2025-10-27,M045,555068
2025-10-27,M046,691985
2025-10-27,M047,738207
2025-10-27,M048,648118
2025-10-28,M001,224843
2025-10-28,M002,211646
2025-10-28,M003,252778
2025-10-28,M004,237219
2025-10-28,M005,449861
2025-10-28,M006,461055
2025-10-28,M007,378077
2025-10-28,M008,197180
2025-10-28,M009,361713
2025-10-28,M010,306737
2025-10-28,M011,408423
2025-10-28,M012,344722
2025-10-28,M013,500049
2025-10-28,M014,440477
2025-10-28,M015,321141
2025-10-28,M016,275495
2025-10-28,M017,544093
2025-10-28,M018,511587
2025-10-28,M019,350058
2025-10-28,M020,335876
2025-10-28,M021,582683
2025-10-28,M022,333029
2025-10-28,M023,446743
2025-10-28,M024,395701
2025-10-28,M025,540870
2025-10-28,M026,440550
2025-10-28,M027,523026
2025-10-28,M028,450717
2025-10-28,M029,579183
2025-10-28,M030,487182
2025-10-28,M031,421235
2025-10-28,M032,388507
2025-10-28,M033,737039
2025-10-28,M034,631759
2025-10-28,M035,666719
2025-10-28,M036,410539
2025-10-28,M037,508369
2025-10-28,M038,450767
2025-10-28,M039,552013
2025-10-28,M040,478531
2025-10-28,M041,827148
2025-10-28,M042,769183
2025-10-28,M043,432602
2025-10-28,M044,386733
2025-10-28,M045,802117
2025-10-28,M046,601180
2025-10-28,M047,726420
2025-10-28,M048,645889
2025-10-29,M001,210093
2025-10-29,M002,170224
2025-10-29,M003,259089
2025-10-29,M004,336671
2025-10-29,M005,447054
2025-10-29,M006,349319
2025-10-29,M007,356943
2025-10-29,M008,260267
2025-10-29,M009,365467
2025-10-29,M010,275692
2025-10-29,M011,368828
2025-10-29,M012,483813
2025-10-29,M013,441132
2025-10-29,M014,377961
2025-10-29,M015,324485
2025-10-29,M016,344800
2025-10-29,M017,542972
2025-10-29,M018,431779
2025-10-29,M019,358278
2025-10-29,M020,404269
2025-10-29,M021,569791
2025-10-29,M022,301145
2025-10-29,M023,398530
2025-10-29,M024,496357
2025-10-29,M025,474093
2025-10-29,M026,387970
2025-10-29,M027,600402
2025-10-29,M028,597940
2025-10-29,M029,544678
2025-10-29,M030,394988
2025-10-29,M031,400872
2025-10-29,M032,448291
2025-10-29,M033,672016
2025-10-29,M034,500057
2025-10-29,M035,768905
2025-10-29,M036,572729
2025-10-29,M037,503407
2025-10-29,M038,359163
2025-10-29,M039,582589
2025-10-29,M040,656871
2025-10-29,M041,795025
2025-10-29,M042,648073
2025-10-29,M043,486295
2025-10-29,M044,520222
2025-10-29,M045,717888
2025-10-29,M046,526029
2025-10-29,M047,676684
2025-10-29,M048,822472
2025-10-30,M001,116029
2025-10-30,M002,239294
2025-10-30,M003,234931
2025-10-30,M004,459446
2025-10-30,M005,266818
2025-10-30,M006,495432
2025-10-30,M007,297519
2025-10-30,M008,369051
2025-10-30,M009,196040
2025-10-30,M010,394803
2025-10-30,M011,330339
2025-10-30,M012,645993
2025-10-30,M013,241550
2025-10-30,M014,514218
2025-10-30,M015,245106
2025-10-30,M016,528565
2025-10-30,M017,295436
2025-10-30,M018,568381
2025-10-30,M019,333954
2025-10-30,M020,627363
2025-10-30,M021,333326
2025-10-30,M022,396306
2025-10-30,M023,392479
2025-10-30,M024,767419
2025-10-30,M025,281546
2025-10-30,M026,571841
2025-10-30,M027,442627
2025-10-30,M028,791011
2025-10-30,M029,305616
2025-10-30,M030,593213
2025-10-30,M031,348924
2025-10-30,M032,671069
2025-10-30,M033,382301
2025-10-30,M034,695386
2025-10-30,M035,595442
2025-10-30,M036,794117
2025-10-30,M037,284837
2025-10-30,M038,584669
2025-10-30,M039,454235
2025-10-30,M040,862394
2025-10-30,M041,494652
2025-10-30,M042,917883
2025-10-30,M043,396732
2025-10-30,M044,738723
2025-10-30,M045,384852
2025-10-30,M046,752574
2025-10-30,M047,547115
2025-10-30,M048,1180432
2025-10-31,M001,151685
2025-10-31,M002,213569
2025-10-31,M003,299727
2025-10-31,M004,279426
2025-10-31,M005,364019
2025-10-31,M006,482552
2025-10-31,M007,446461
2025-10-31,M008,220338
2025-10-31,M009,290582
2025-10-31,M010,351627
2025-10-31,M011,414115
2025-10-31,M012,364955
2025-10-31,M013,338319
2025-10-31,M014,455440
2025-10-31,M015,358459
2025-10-31,M016,323912
2025-10-31,M017,382082
2025-10-31,M018,559785
2025-10-31,M019,426514
2025-10-31,M020,380214
2025-10-31,M021,451033
2025-10-31,M022,401526
2025-10-31,M023,535590
2025-10-31,M024,455767
2025-10-31,M025,416403
2025-10-31,M026,488398
2025-10-31,M027,622388
2025-10-31,M028,506015
2025-10-31,M029,418455
2025-10-31,M030,567599
2025-10-31,M031,478880
2025-10-31,M032,386096
2025-10-31,M033,521741
2025-10-31,M034,714012
2025-10-31,M035,846958
2025-10-31,M036,449935
2025-10-31,M037,373252
2025-10-31,M038,514956
2025-10-31,M039,663142
2025-10-31,M040,517365
2025-10-31,M041,622394
2025-10-31,M042,852238
2025-10-31,M043,543370
2025-10-31,M044,488839
2025-10-31,M045,608008
2025-10-31,M046,618604
2025-10-31,M047,779598
2025-10-31,M048,681534
2025-11-01,M001,198744
2025-11-01,M002,146410
2025-11-01,M003,223839
2025-11-01,M004,290078
2025-11-01,M005,400792
2025-11-01,M006,345033
2025-11-01,M007,355356
2025-11-01,M008,213117
2025-11-01,M009,356468
2025-11-01,M010,240544
2025-11-01,M011,376185
2025-11-01,M012,387356
2025-11-01,M013,418469
2025-11-01,M014,304640
2025-11-01,M015,285873
2025-11-01,M016,359925
2025-11-01,M017,496229
2025-11-01,M018,389909
2025-11-01,M019,363069
2025-11-01,M020,419467
2025-11-01,M021,536717
2025-11-01,M022,275926
2025-11-01,M023,398885
2025-11-01,M024,453364
2025-11-01,M025,432486
2025-11-01,M026,352352
2025-11-01,M027,509858
2025-11-01,M028,520334
2025-11-01,M029,496982
2025-11-01,M030,359601
2025-11-01,M031,378127
2025-11-01,M032,464575
2025-11-01,M033,576176
2025-11-01,M034,467580
2025-11-01,M035,636484
2025-11-01,M036,480893
2025-11-01,M037,477066
2025-11-01,M038,335474
2025-11-01,M039,471397
2025-11-01,M040,603951
2025-11-01,M041,758791
2025-11-01,M042,552036
2025-11-01,M043,440361
2025-11-01,M044,475233
2025-11-01,M045,643015
2025-11-01,M046,473089
2025-11-01,M047,613773
2025-11-01,M048,728066
2025-11-02,M001,99756
2025-11-02,M002,217723
2025-11-02,M003,215458
2025-11-02,M004,389544
2025-11-02,M005,228645
2025-11-02,M006,443290
2025-11-02,M007,288960
2025-11-02,M008,332345
2025-11-02,M009,190455
2025-11-02,M010,353743
2025-11-02,M011,281642
2025-11-02,M012,584545
2025-11-02,M013,251056
2025-11-02,M014,496326
2025-11-02,M015,247354
2025-11-02,M016,505867
2025-11-02,M017,279599
2025-11-02,M018,565142
2025-11-02,M019,268802
2025-11-02,M020,588111
2025-11-02,M021,286876
2025-11-02,M022,408234
2025-11-02,M023,322743
2025-11-02,M024,700848
2025-11-02,M025,278056
2025-11-02,M026,546266
2025-11-02,M027,404615
2025-11-02,M028,734539
2025-11-02,M029,252213
2025-11-02,M030,567711
2025-11-02,M031,335568
2025-11-02,M032,581011
2025-11-02,M033,333737
2025-11-02,M034,656331
2025-11-02,M035,576939
2025-11-02,M036,775183
2025-11-02,M037,258657
2025-11-02,M038,540465
2025-11-02,M039,396738
2025-11-02,M040,778283
2025-11-02,M041,405127
2025-11-02,M042,784461
2025-11-02,M043,348737
2025-11-02,M044,639493
2025-11-02,M045,392480
2025-11-02,M046,611608
2025-11-02,M047,568115
2025-11-02,M048,1020721
2025-11-03,M001,154717
2025-11-03,M002,226700
2025-11-03,M003,327160
2025-11-03,M004,266809
2025-11-03,M005,366584
2025-11-03,M006,460722
2025-11-03,M007,451509
2025-11-03,M008,226203
2025-11-03,M009,282168
2025-11-03,M010,356903
2025-11-03,M011,438290
2025-11-03,M012,414516
2025-11-03,M013,340928
2025-11-03,M014,505501
2025-11-03,M015,331272
2025-11-03,M016,346025
2025-11-03,M017,391312
2025-11-03,M018,587276
2025-11-03,M019,430542
2025-11-03,M020,373682
2025-11-03,M021,503232
2025-11-03,M022,422666
2025-11-03,M023,517272
2025-11-03,M024,426368
2025-11-03,M025,414926
2025-11-03,M026,502080
2025-11-03,M027,655881
2025-11-03,M028,462869
2025-11-03,M029,392913
2025-11-03,M030,501947
2025-11-03,M031,488541
2025-11-03,M032,426665
2025-11-03,M033,502419
2025-11-03,M034,699404
2025-11-03,M035,826113
2025-11-03,M036,511854
2025-11-03,M037,384406
2025-11-03,M038,507596
2025-11-03,M039,646493
2025-11-03,M040,507019
2025-11-03,M041,694686
2025-11-03,M042,805205
2025-11-03,M043,515398
2025-11-03,M044,497251
2025-11-03,M045,570390
2025-11-03,M046,707859
2025-11-03,M047,780230
2025-11-03,M048,681090
2025-11-04,M001,215282
2025-11-04,M002,213953
2025-11-04,M003,283559
2025-11-04,M004,241523
2025-11-04,M005,487068
2025-11-04,M006,454131
2025-11-04,M007,383079
2025-11-04,M008,181151
2025-11-04,M009,379144
2025-11-04,M010,336707
2025-11-04,M011,363290
2025-11-04,M012,360849
2025-11-04,M013,453843
2025-11-04,M014,443232
2025-11-04,M015,308146
2025-11-04,M016,305213
2025-11-04,M017,534653
2025-11-04,M018,458904
2025-11-04,M019,396645
2025-11-04,M020,361980
2025-11-04,M021,601191
2025-11-04,M022,356937
2025-11-04,M023,435551
2025-11-04,M024,405661
2025-11-04,M025,496693
2025-11-04,M026,433934
2025-11-04,M027,579015
2025-11-04,M028,478437
2025-11-04,M029,538561
2025-11-04,M030,498605
2025-11-04,M031,416324
2025-11-04,M032,393957
2025-11-04,M033,738296
2025-11-04,M034,579622
2025-11-04,M035,715685
2025-11-04,M036,444846
2025-11-04,M037,484420
2025-11-04,M038,470038
2025-11-04,M039,599282
2025-11-04,M040,468849
2025-11-04,M041,843545
2025-11-04,M042,820626
2025-11-04,M043,443129
2025-11-04,M044,448154
2025-11-04,M045,794440
2025-11-04,M046,553084
2025-11-04,M047,729430
2025-11-04,M048,649444
2025-11-05,M001,223096
2025-11-05,M002,171137
2025-11-05,M003,276568
2025-11-05,M004,350347
2025-11-05,M005,448091
2025-11-05,M006,353331
2025-11-05,M007,391080
2025-11-05,M008,235997
2025-11-05,M009,353993
2025-11-05,M010,271828
2025-11-05,M011,412554
2025-11-05,M012,488518
2025-11-05,M013,454931
2025-11-05,M014,341744
2025-11-05,M015,295587
2025-11-05,M016,385645
2025-11-05,M017,541985
2025-11-05,M018,437278
2025-11-05,M019,353035
2025-11-05,M020,420933
2025-11-05,M021,612755
2025-11-05,M022,325311
2025-11-05,M023,471017
2025-11-05,M024,525051
2025-11-05,M025,505497
2025-11-05,M026,424908
2025-11-05,M027,531719
2025-11-05,M028,583437
2025-11-05,M029,518969
2025-11-05,M030,406501
2025-11-05,M031,412518
2025-11-05,M032,451368
2025-11-05,M033,713143
2025-11-05,M034,500114
2025-11-05,M035,722121
2025-11-05,M036,578492
2025-11-05,M037,481505
2025-11-05,M038,392222
2025-11-05,M039,543301
2025-11-05,M040,609435
2025-11-05,M041,800165
2025-11-05,M042,618394
2025-11-05,M043,442154
2025-11-05,M044,574576
2025-11-05,M045,774648
2025-11-05,M046,541003
2025-11-05,M047,646082
2025-11-05,M048,758147
2025-11-06,M001,112104
2025-11-06,M002,265586
2025-11-06,M003,215840
2025-11-06,M004,484583
2025-11-06,M005,265788
2025-11-06,M006,543431
2025-11-06,M007,301025
2025-11-06,M008,352552
2025-11-06,M009,217085
2025-11-06,M010,405635
2025-11-06,M011,309872
2025-11-06,M012,634372
2025-11-06,M013,258200
2025-11-06,M014,501772
2025-11-06,M015,277662
2025-11-06,M016,491814
2025-11-06,M017,278594
2025-11-06,M018,608198
2025-11-06,M019,305180
2025-11-06,M020,654013
2025-11-06,M021,355947
2025-11-06,M022,452849
2025-11-06,M023,351637
2025-11-06,M024,749248
2025-11-06,M025,273321
2025-11-06,M026,524442
2025-11-06,M027,482403
2025-11-06,M028,853528
2025-11-06,M029,298873
2025-11-06,M030,582094
2025-11-06,M031,371222
2025-11-06,M032,660581
2025-11-06,M033,409703
2025-11-06,M034,756316
2025-11-06,M035,601435
2025-11-06,M036,858737
2025-11-06,M037,268337
2025-11-06,M038,590000
2025-11-06,M039,465759
2025-11-06,M040,925354
2025-11-06,M041,462719
2025-11-06,M042,982867
2025-11-06,M043,410357
2025-11-06,M044,816969
2025-11-06,M045,429449
2025-11-06,M046,756121
2025-11-06,M047,543089
2025-11-06,M048,1068895
2025-11-07,M001,152055
2025-11-07,M002,246618
2025-11-07,M003,317258
2025-11-07,M004,285570
2025-11-07,M005,376889
2025-11-07,M006,485228
2025-11-07,M007,426118
2025-11-07,M008,206744
2025-11-07,M009,280140
2025-11-07,M010,359278
2025-11-07,M011,428544
2025-11-07,M012,384621
2025-11-07,M013,380895
2025-11-07,M014,464207
2025-11-07,M015,366710
2025-11-07,M016,300704
2025-11-07,M017,418727
2025-11-07,M018,553289
2025-11-07,M019,401857
2025-11-07,M020,396690
2025-11-07,M021,484848
2025-11-07,M022,402610
2025-11-07,M023,538173
2025-11-07,M024,435763
2025-11-07,M025,416836
2025-11-07,M026,515396
2025-11-07,M027,668015
2025-11-07,M028,513797
2025-11-07,M029,417705
2025-11-07,M030,547497
2025-11-07,M031,471107
2025-11-07,M032,415167
2025-11-07,M033,506648
2025-11-07,M034,645938
2025-11-07,M035,846899
2025-11-07,M036,492511
2025-11-07,M037,413633
2025-11-07,M038,533718
2025-11-07,M039,584577
2025-11-07,M040,554492
2025-11-07,M041,660457
2025-11-07,M042,828259
2025-11-07,M043,510986
2025-11-07,M044,472197
2025-11-07,M045,563071
2025-11-07,M046,666766
2025-11-07,M047,840709
2025-11-07,M048,711936
2025-11-08,M001,177136
2025-11-08,M002,174556
2025-11-08,M003,224923
2025-11-08,M004,246248
2025-11-08,M005,402173
2025-11-08,M006,378596
2025-11-08,M007,357562
2025-11-08,M008,172024
2025-11-08,M009,344775
2025-11-08,M010,274689
2025-11-08,M011,336181
2025-11-08,M012,305992
2025-11-08,M013,449420
2025-11-08,M014,381306
2025-11-08,M015,301817
2025-11-08,M016,261659
2025-11-08,M017,508907
2025-11-08,M018,460261
2025-11-08,M019,367005
2025-11-08,M020,291735
2025-11-08,M021,588246
2025-11-08,M022,302384
2025-11-08,M023,417809
2025-11-08,M024,341782
2025-11-08,M025,485850
2025-11-08,M026,391154
2025-11-08,M027,524203
2025-11-08,M028,391860
2025-11-08,M029,467233
2025-11-08,M030,408383
2025-11-08,M031,390771
2025-11-08,M032,355099
2025-11-08,M033,601770
2025-11-08,M034,591325
2025-11-08,M035,705700
2025-11-08,M036,424780
2025-11-08,M037,434712
2025-11-08,M038,442053
2025-11-08,M039,529184
2025-11-08,M040,411473
2025-11-08,M041,741647
2025-11-08,M042,701896
2025-11-08,M043,426227
2025-11-08,M044,355012
2025-11-08,M045,729875
2025-11-08,M046,516024
2025-11-08,M047,641635
2025-11-08,M048,559197
2025-11-09,M001,193086
2025-11-09,M002,153276
2025-11-09,M003,230883
2025-11-09,M004,314318
2025-11-09,M005,425176
2025-11-09,M006,345472
2025-11-09,M007,364991
2025-11-09,M008,240162
2025-11-09,M009,314512
2025-11-09,M010,230751
2025-11-09,M011,353853
2025-11-09,M012,389695
2025-11-09,M013,419785
2025-11-09,M014,338125
2025-11-09,M015,274412
2025-11-09,M016,348323
2025-11-09,M017,503209
2025-11-09,M018,367530
2025-11-09,M019,340002
2025-11-09,M020,428202
2025-11-09,M021,557402
2025-11-09,M022,252714
2025-11-09,M023,393657
2025-11-09,M024,436901
2025-11-09,M025,435199
2025-11-09,M026,359384
2025-11-09,M027,488319
2025-11-09,M028,536875
2025-11-09,M029,474224
2025-11-09,M030,348626
2025-11-09,M031,367292
2025-11-09,M032,419807
2025-11-09,M033,655648
2025-11-09,M034,472769
2025-11-09,M035,692400
2025-11-09,M036,510648
2025-11-09,M037,475989
2025-11-09,M038,350691
2025-11-09,M039,460339
2025-11-09,M040,561270
2025-11-09,M041,728225
2025-11-09,M042,554533
2025-11-09,M043,393589
2025-11-09,M044,472322
2025-11-09,M045,710463
2025-11-09,M046,486000
2025-11-09,M047,649330
2025-11-09,M048,737910
2025-11-10,M001,118608
2025-11-10,M002,261442
2025-11-10,M003,239971
2025-11-10,M004,467114
2025-11-10,M005,258664
2025-11-10,M006,564299
2025-11-10,M007,320216
2025-11-10,M008,380190
2025-11-10,M009,204471
2025-11-10,M010,376176
2025-11-10,M011,349573
2025-11-10,M012,688525
2025-11-10,M013,256990
2025-11-10,M014,524667
2025-11-10,M015,272893
2025-11-10,M016,554001
2025-11-10,M017,306822
2025-11-10,M018,625271
2025-11-10,M019,336344
2025-11-10,M020,607914
2025-11-10,M021,341856
2025-11-10,M022,429133
2025-11-10,M023,352847
2025-11-10,M024,678497
2025-11-10,M025,268629
2025-11-10,M026,556106
2025-11-10,M027,506262
2025-11-10,M028,799329
2025-11-10,M029,322927
2025-11-10,M030,586949
2025-11-10,M031,370045
2025-11-10,M032,650794
2025-11-10,M033,393226
2025-11-10,M034,692431
2025-11-10,M035,605894
2025-11-10,M036,785842
2025-11-10,M037,296346
2025-11-10,M038,562444
2025-11-10,M039,487377
2025-11-10,M040,860197
2025-11-10,M041,502452
2025-11-10,M042,933227
2025-11-10,M043,390844
2025-11-10,M044,733416
2025-11-10,M045,449825
2025-11-10,M046,757182
2025-11-10,M047,591808
2025-11-10,M048,1148283
2025-11-11,M001,171892
2025-11-11,M002,233240
2025-11-11,M003,285557
2025-11-11,M004,296342
2025-11-11,M005,382482
2025-11-11,M006,448478
2025-11-11,M007,452870
2025-11-11,M008,211055
2025-11-11,M009,270306
2025-11-11,M010,352213
2025-11-11,M011,448618
2025-11-11,M012,366802
2025-11-11,M013,365649
2025-11-11,M014,442892
2025-11-11,M015,340810
2025-11-11,M016,299622
2025-11-11,M017,411478
2025-11-11,M018,565473
2025-11-11,M019,401699
2025-11-11,M020,395087
2025-11-11,M021,451550
2025-11-11,M022,431230
2025-11-11,M023,512614
2025-11-11,M024,431296
2025-11-11,M025,419836
2025-11-11,M026,541639
2025-11-11,M027,677001
2025-11-11,M028,525936
2025-11-11,M029,420952
2025-11-11,M030,501373
2025-11-11,M031,457217
2025-11-11,M032,408911
2025-11-11,M033,562030
2025-11-11,M034,646155
2025-11-11,M035,784180
2025-11-11,M036,478441
2025-11-11,M037,416313
2025-11-11,M038,478758
2025-11-11,M039,624772
2025-11-11,M040,524077
2025-11-11,M041,640314
2025-11-11,M042,833672
2025-11-11,M043,528951
2025-11-11,M044,464296
2025-11-11,M045,578848
2025-11-11,M046,659399
2025-11-11,M047,831172
2025-11-11,M048,738391
2025-11-12,M001,227652
2025-11-12,M002,197736
2025-11-12,M003,286988
2025-11-12,M004,243358
2025-11-12,M005,456783
2025-11-12,M006,404368
2025-11-12,M007,380013
2025-11-12,M008,190835
2025-11-12,M009,385913
2025-11-12,M010,328088
2025-11-12,M011,374449
2025-11-12,M012,374390
2025-11-12,M013,459608
2025-11-12,M014,448703
2025-11-12,M015,312425
2025-11-12,M016,301035
2025-11-12,M017,557895
2025-11-12,M018,503980
2025-11-12,M019,379231
2025-11-12,M020,350423
2025-11-12,M021,644498
2025-11-12,M022,348316
2025-11-12,M023,464294
2025-11-12,M024,368627
2025-11-12,M025,549164
2025-11-12,M026,436707
2025-11-12,M027,610724
2025-11-12,M028,465290
2025-11-12,M029,551372
2025-11-12,M030,452752
2025-11-12,M031,453387
2025-11-12,M032,406993
2025-11-12,M033,733519
2025-11-12,M034,652564
2025-11-12,M035,729097
2025-11-12,M036,465211
2025-11-12,M037,555289
2025-11-12,M038,460300
2025-11-12,M039,515110
2025-11-12,M040,509766
2025-11-12,M041,878713
2025-11-12,M042,782369
2025-11-12,M043,439950
2025-11-12,M044,448129
2025-11-12,M045,760355
2025-11-12,M046,599577
2025-11-12,M047,707247
2025-11-12,M048,571676
2025-11-13,M001,195804
2025-11-13,M002,171729
2025-11-13,M003,281971
2025-11-13,M004,319307
2025-11-13,M005,459410
2025-11-13,M006,356185
2025-11-13,M007,359840
2025-11-13,M008,231444
2025-11-13,M009,382545
2025-11-13,M010,281904
2025-11-13,M011,391259
2025-11-13,M012,463545
2025-11-13,M013,486743
2025-11-13,M014,385637
2025-11-13,M015,319008
2025-11-13,M016,344604
2025-11-13,M017,549501
2025-11-13,M018,381719
2025-11-13,M019,381758
2025-11-13,M020,460715
2025-11-13,M021,574147
2025-11-13,M022,324495
2025-11-13,M023,419991
2025-11-13,M024,505771
2025-11-13,M025,486969
2025-11-13,M026,421554
2025-11-13,M027,600086
2025-11-13,M028,574563
2025-11-13,M029,554803
2025-11-13,M030,401830
2025-11-13,M031,420042
2025-11-13,M032,450879
2025-11-13,M033,683477
2025-11-13,M034,549738
2025-11-13,M035,709595
2025-11-13,M036,569645
2025-11-13,M037,471897
2025-11-13,M038,414901
2025-11-13,M039,583293
2025-11-13,M040,680107
2025-11-13,M041,930098
2025-11-13,M042,616703
2025-11-13,M043,431664
2025-11-13,M044,548005
2025-11-13,M045,792238
2025-11-13,M046,502795
2025-11-13,M047,729029
2025-11-13,M048,839344
2025-11-14,M001,123896
2025-11-14,M002,257917
2025-11-14,M003,237393
2025-11-14,M004,484450
2025-11-14,M005,262558
2025-11-14,M006,530757
2025-11-14,M007,310382
2025-11-14,M008,341104
2025-11-14,M009,216137
2025-11-14,M010,379119
2025-11-14,M011,340921
2025-11-14,M012,682885
2025-11-14,M013,262625
2025-11-14,M014,545943
2025-11-14,M015,259148
2025-11-14,M016,524018
2025-11-14,M017,316137
2025-11-14,M018,631555
2025-11-14,M019,332578
2025-11-14,M020,631338
2025-11-14,M021,336017
2025-11-14,M022,428693
2025-11-14,M023,390949
2025-11-14,M024,667328
2025-11-14,M025,290486
2025-11-14,M026,539318
2025-11-14,M027,482379
2025-11-14,M028,832499
2025-11-14,M029,278014
2025-11-14,M030,633467
2025-11-14,M031,369783
2025-11-14,M032,654689
2025-11-14,M033,386758
2025-11-14,M034,687778
2025-11-14,M035,564819
2025-11-14,M036,844996
2025-11-14,M037,280962
2025-11-14,M038,530954
2025-11-14,M039,468199
2025-11-14,M040,923613
2025-11-14,M041,479739
2025-11-14,M042,868980
2025-11-14,M043,408353
2025-11-14,M044,721253
2025-11-14,M045,399949
2025-11-14,M046,742864
2025-11-14,M047,594614
2025-11-14,M048,1194336
2025-11-15,M001,153543
2025-11-15,M002,201229
2025-11-15,M003,260936
2025-11-15,M004,259400
2025-11-15,M005,336037
2025-11-15,M006,454277
2025-11-15,M007,364794
2025-11-15,M008,206051
2025-11-15,M009,240383
2025-11-15,M010,327549
2025-11-15,M011,378441
2025-11-15,M012,339930
2025-11-15,M013,331450
2025-11-15,M014,417434
2025-11-15,M015,345163
2025-11-15,M016,280370
2025-11-15,M017,378779
2025-11-15,M018,457706
2025-11-15,M019,395996
2025-11-15,M020,333246
2025-11-15,M021,432284
2025-11-15,M022,363856
2025-11-15,M023,472883
2025-11-15,M024,421646
2025-11-15,M025,365071
2025-11-15,M026,496545
2025-11-15,M027,608418
2025-11-15,M028,470648
2025-11-15,M029,367319
2025-11-15,M030,526285
2025-11-15,M031,433213
2025-11-15,M032,361149
2025-11-15,M033,481093
2025-11-15,M034,620560
2025-11-15,M035,750699
2025-11-15,M036,425712
2025-11-15,M037,378292
2025-11-15,M038,440315
2025-11-15,M039,548378
2025-11-15,M040,483194
2025-11-15,M041,606490
2025-11-15,M042,734052
2025-11-15,M043,458848
2025-11-15,M044,390602
2025-11-15,M045,515083
2025-11-15,M046,618312
2025-11-15,M047,694303
2025-11-15,M048,637320
2025-11-16,M001,200135
2025-11-16,M002,199553
2025-11-16,M003,246428
2025-11-16,M004,239605
2025-11-16,M005,456159
2025-11-16,M006,402936
2025-11-16,M007,355633
2025-11-16,M008,167585
2025-11-16,M009,345623
2025-11-16,M010,278495
2025-11-16,M011,369741
2025-11-16,M012,301455
2025-11-16,M013,439312
2025-11-16,M014,373018
2025-11-16,M015,277233
2025-11-16,M016,280059
2025-11-16,M017,509642
2025-11-16,M018,447124
2025-11-16,M019,342245
2025-11-16,M020,326670
2025-11-16,M021,559066
2025-11-16,M022,304842
2025-11-16,M023,403412
2025-11-16,M024,349308
2025-11-16,M025,491972
2025-11-16,M026,397882
2025-11-16,M027,525930
2025-11-16,M028,409886
2025-11-16,M029,479776
2025-11-16,M030,452180
2025-11-16,M031,409260
2025-11-16,M032,357822
2025-11-16,M033,671217
2025-11-16,M034,555496
2025-11-16,M035,689497
2025-11-16,M036,428716
2025-11-16,M037,447241
2025-11-16,M038,420249
2025-11-16,M039,471857
2025-11-16,M040,437087
2025-11-16,M041,830348
2025-11-16,M042,692400
2025-11-16,M043,407318
2025-11-16,M044,352575
2025-11-16,M045,718833
2025-11-16,M046,530758
2025-11-16,M047,631265
2025-11-16,M048,597384
2025-11-17,M001,210905
2025-11-17,M002,179583
2025-11-17,M003,274964
2025-11-17,M004,315563
2025-11-17,M005,476241
2025-11-17,M006,359576
2025-11-17,M007,358962
2025-11-17,M008,267580
2025-11-17,M009,390675
2025-11-17,M010,260304
2025-11-17,M011,389977
2025-11-17,M012,483822
2025-11-17,M013,459440
2025-11-17,M014,383452
2025-11-17,M015,293233
2025-11-17,M016,352830
2025-11-17,M017,490743
2025-11-17,M018,446901
2025-11-17,M019,377456
2025-11-17,M020,456691
2025-11-17,M021,649883
2025-11-17,M022,327001
2025-11-17,M023,465870
2025-11-17,M024,491399
2025-11-17,M025,520797
2025-11-17,M026,381890
2025-11-17,M027,571891
2025-11-17,M028,563921
2025-11-17,M029,504283
2025-11-17,M030,389534
2025-11-17,M031,416689
2025-11-17,M032,492382
2025-11-17,M033,678575
2025-11-17,M034,495929
2025-11-17,M035,758650
2025-11-17,M036,576419
2025-11-17,M037,531908
2025-11-17,M038,395293
2025-11-17,M039,592206
2025-11-17,M040,668362
2025-11-17,M041,875146
2025-11-17,M042,636215
2025-11-17,M043,463234
2025-11-17,M044,578847
2025-11-17,M045,767496
2025-11-17,M046,537841
2025-11-17,M047,698909
2025-11-17,M048,768982
2025-11-18,M001,118024
2025-11-18,M002,262936
2025-11-18,M003,228260
2025-11-18,M004,486550
2025-11-18,M005,270600
2025-11-18,M006,564542
2025-11-18,M007,327492
2025-11-18,M008,338715
2025-11-18,M009,201747
2025-11-18,M010,405818
2025-11-18,M011,334397
2025-11-18,M012,639817
2025-11-18,M013,252144
2025-11-18,M014,519904
2025-11-18,M015,247803
2025-11-18,M016,506791
2025-11-18,M017,290306
2025-11-18,M018,611613
2025-11-18,M019,333438
2025-11-18,M020,626502
2025-11-18,M021,339696
2025-11-18,M022,399110
2025-11-18,M023,383167
2025-11-18,M024,669786
2025-11-18,M025,271312
2025-11-18,M026,553292
2025-11-18,M027,498488
2025-11-18,M028,770594
2025-11-18,M029,314898
2025-11-18,M030,550661
2025-11-18,M031,330656
2025-11-18,M032,683217
2025-11-18,M033,381226
2025-11-18,M034,734682
2025-11-18,M035,577802
2025-11-18,M036,836476
2025-11-18,M037,272488
2025-11-18,M038,536590
2025-11-18,M039,493902
2025-11-18,M040,880822
2025-11-18,M041,508325
2025-11-18,M042,866712
2025-11-18,M043,406052
2025-11-18,M044,717209
2025-11-18,M045,437158
2025-11-18,M046,741978
2025-11-18,M047,563194
2025-11-18,M048,1040164
2025-11-19,M001,151652
2025-11-19,M002,215680
2025-11-19,M003,283804
2025-11-19,M004,275626
2025-11-19,M005,372994
2025-11-19,M006,514659
2025-11-19,M007,418808
2025-11-19,M008,226454
2025-11-19,M009,294345
2025-11-19,M010,376402
2025-11-19,M011,477366
2025-11-19,M012,392348
2025-11-19,M013,345419
2025-11-19,M014,494188
2025-11-19,M015,326620
2025-11-19,M016,327570
2025-11-19,M017,413344
2025-11-19,M018,528077
2025-11-19,M019,443489
2025-11-19,M020,362030
2025-11-19,M021,460154
2025-11-19,M022,425094
2025-11-19,M023,479418
2025-11-19,M024,419532
2025-11-19,M025,415287
2025-11-19,M026,491478
2025-11-19,M027,625798
2025-11-19,M028,536352
2025-11-19,M029,386200
2025-11-19,M030,550948
2025-11-19,M031,453592
2025-11-19,M032,418598
2025-11-19,M033,526530
2025-11-19,M034,695209
2025-11-19,M035,889963
2025-11-19,M036,519234
2025-11-19,M037,369366
2025-11-19,M038,479398
2025-11-19,M039,591596
2025-11-19,M040,564118
2025-11-19,M041,667884
2025-11-19,M042,891190
2025-11-19,M043,524191
2025-11-19,M044,496960
2025-11-19,M045,608468
2025-11-19,M046,615834
2025-11-19,M047,821557
2025-11-19,M048,633004
2025-11-20,M001,210931
2025-11-20,M002,195986
2025-11-20,M003,259865
2025-11-20,M004,258921
2025-11-20,M005,446705
2025-11-20,M006,414123
2025-11-20,M007,374118
2025-11-20,M008,184377
2025-11-20,M009,390857
2025-11-20,M010,323186
2025-11-20,M011,372770
2025-11-20,M012,359279
2025-11-20,M013,487354
2025-11-20,M014,395554
2025-11-20,M015,313791
2025-11-20,M016,271181
2025-11-20,M017,552196
2025-11-20,M018,477694
2025-11-20,M019,373876
2025-11-20,M020,366635
2025-11-20,M021,663961
2025-11-20,M022,384017
2025-11-20,M023,443130
2025-11-20,M024,383050
2025-11-20,M025,509131
2025-11-20,M026,493826
2025-11-20,M027,588178
2025-11-20,M028,428210
2025-11-20,M029,539640
2025-11-20,M030,466391
2025-11-20,M031,394225
2025-11-20,M032,388338
2025-11-20,M033,666515
2025-11-20,M034,643676
2025-11-20,M035,691384
2025-11-20,M036,410627
2025-11-20,M037,539921
2025-11-20,M038,486190
2025-11-20,M039,540189
2025-11-20,M040,528737
2025-11-20,M041,892333
2025-11-20,M042,811699
2025-11-20,M043,475122
2025-11-20,M044,398098
2025-11-20,M045,780816
2025-11-20,M046,583108
2025-11-20,M047,707812
2025-11-20,M048,578396
2025-11-21,M001,219005
2025-11-21,M002,165204
2025-11-21,M003,263048
2025-11-21,M004,340722
2025-11-21,M005,450638
2025-11-21,M006,355165
2025-11-21,M007,348103
2025-11-21,M008,236729
2025-11-21,M009,388839
2025-11-21,M010,258227
2025-11-21,M011,389285
2025-11-21,M012,488512
2025-11-21,M013,493330
2025-11-21,M014,383670
2025-11-21,M015,301848
2025-11-21,M016,352949
2025-11-21,M017,500814
2025-11-21,M018,420188
2025-11-21,M019,397243
2025-11-21,M020,425341
2025-11-21,M021,605242
2025-11-21,M022,318066
2025-11-21,M023,426801
2025-11-21,M024,537496
2025-11-21,M025,526785
2025-11-21,M026,420721
2025-11-21,M027,522685
2025-11-21,M028,604646
2025-11-21,M029,535557
2025-11-21,M030,413576
2025-11-21,M031,418817
2025-11-21,M032,495422
2025-11-21,M033,673101
2025-11-21,M034,523390
2025-11-21,M035,762558
2025-11-21,M036,552300
2025-11-21,M037,513728
2025-11-21,M038,410313
2025-11-21,M039,592696
2025-11-21,M040,614477
2025-11-21,M041,803687
2025-11-21,M042,662293
2025-11-21,M043,476824
2025-11-21,M044,540591
2025-11-21,M045,716773
2025-11-21,M046,489064
2025-11-21,M047,680275
2025-11-21,M048,851867
2025-11-22,M001,109487
2025-11-22,M002,219798
2025-11-22,M003,210510
2025-11-22,M004,441860
2025-11-22,M005,221475
2025-11-22,M006,460516
2025-11-22,M007,301860
2025-11-22,M008,322815
2025-11-22,M009,191693
2025-11-22,M010,333442
2025-11-22,M011,312843
2025-11-22,M012,610854
2025-11-22,M013,226216
2025-11-22,M014,462815
2025-11-22,M015,241216
2025-11-22,M016,495001
2025-11-22,M017,276484
2025-11-22,M018,545290
2025-11-22,M019,279454
2025-11-22,M020,558036
2025-11-22,M021,312934
2025-11-22,M022,382133
2025-11-22,M023,309053
2025-11-22,M024,633492
2025-11-22,M025,262341
2025-11-22,M026,506142
2025-11-22,M027,460980
2025-11-22,M028,739397
2025-11-22,M029,270783
2025-11-22,M030,553845
2025-11-22,M031,321009
2025-11-22,M032,670222
2025-11-22,M033,346490
2025-11-22,M034,674130
2025-11-22,M035,506253
2025-11-22,M036,729714
2025-11-22,M037,266232
2025-11-22,M038,528289
2025-11-22,M039,388163
2025-11-22,M040,771524
2025-11-22,M041,467016
2025-11-22,M042,850752
2025-11-22,M043,346874
2025-11-22,M044,666191
2025-11-22,M045,402029
2025-11-22,M046,632671
2025-11-22,M047,523149
2025-11-22,M048,967930
2025-11-23,M001,138697
2025-11-23,M002,220105
2025-11-23,M003,279257
2025-11-23,M004,233157
2025-11-23,M005,331455
2025-11-23,M006,428891
2025-11-23,M007,360695
2025-11-23,M008,197464
2025-11-23,M009,238844
2025-11-23,M010,295521
2025-11-23,M011,402927
2025-11-23,M012,357651
2025-11-23,M013,328303
2025-11-23,M014,427560
2025-11-23,M015,326381
2025-11-23,M016,305950
2025-11-23,M017,360262
2025-11-23,M018,526426
2025-11-23,M019,376794
2025-11-23,M020,341196
2025-11-23,M021,410226
2025-11-23,M022,332460
2025-11-23,M023,439045
2025-11-23,M024,411254
2025-11-23,M025,347457
2025-11-23,M026,438772
2025-11-23,M027,560934
2025-11-23,M028,427050
2025-11-23,M029,381685
2025-11-23,M030,514708
2025-11-23,M031,455483
2025-11-23,M032,353053
2025-11-23,M033,443677
2025-11-23,M034,631289
2025-11-23,M035,693722
2025-11-23,M036,418766
2025-11-23,M037,352273
2025-11-23,M038,430257
2025-11-23,M039,536535
2025-11-23,M040,479051
2025-11-23,M041,555339
2025-11-23,M042,823620
2025-11-23,M043,467000
2025-11-23,M044,404659
2025-11-23,M045,503881
2025-11-23,M046,580351
2025-11-23,M047,674459
2025-11-23,M048,571878
2025-11-24,M001,197751
2025-11-24,M002,219315
2025-11-24,M003,284622
2025-11-24,M004,267752
2025-11-24,M005,465832
2025-11-24,M006,437061
2025-11-24,M007,388611
2025-11-24,M008,186545
2025-11-24,M009,349813
2025-11-24,M010,292504
2025-11-24,M011,387160
2025-11-24,M012,333765
2025-11-24,M013,483846
2025-11-24,M014,401995
2025-11-24,M015,291330
2025-11-24,M016,292219
2025-11-24,M017,514888
2025-11-24,M018,464787
2025-11-24,M019,393308
2025-11-24,M020,354363
2025-11-24,M021,611247
2025-11-24,M022,346361
2025-11-24,M023,472600
2025-11-24,M024,370989
2025-11-24,M025,563451
2025-11-24,M026,493153
2025-11-24,M027,545827
2025-11-24,M028,432414
2025-11-24,M029,508357
2025-11-24,M030,472593
2025-11-24,M031,420870
2025-11-24,M032,400291
2025-11-24,M033,740254
2025-11-24,M034,612634
2025-11-24,M035,751447
2025-11-24,M036,472643
2025-11-24,M037,494823
2025-11-24,M038,429839
2025-11-24,M039,582838
2025-11-24,M040,506085
2025-11-24,M041,919727
2025-11-24,M042,790009
2025-11-24,M043,447500
2025-11-24,M044,404110
2025-11-24,M045,785885
2025-11-24,M046,596851
2025-11-24,M047,743370
2025-11-24,M048,642013
2025-11-25,M001,192219
2025-11-25,M002,166013
2025-11-25,M003,279325
2025-11-25,M004,308545
2025-11-25,M005,447824
2025-11-25,M006,343049
2025-11-25,M007,378025
2025-11-25,M008,254122
2025-11-25,M009,399409
2025-11-25,M010,278883
2025-11-25,M011,367910
2025-11-25,M012,436497
2025-11-25,M013,474230
2025-11-25,M014,375592
2025-11-25,M015,301685
2025-11-25,M016,361416
2025-11-25,M017,491538
2025-11-25,M018,385184
2025-11-25,M019,380048
2025-11-25,M020,448101
2025-11-25,M021,571621
2025-11-25,M022,289402
2025-11-25,M023,467034
2025-11-25,M024,474001
2025-11-25,M025,533092
2025-11-25,M026,391680
2025-11-25,M027,548060
2025-11-25,M028,554460
2025-11-25,M029,532392
2025-11-25,M030,381164
2025-11-25,M031,447410
2025-11-25,M032,495850
2025-11-25,M033,656849
2025-11-25,M034,493561
2025-11-25,M035,699901
2025-11-25,M036,594147
2025-11-25,M037,481741
2025-11-25,M038,414952
2025-11-25,M039,543811
2025-11-25,M040,601928
2025-11-25,M041,839090
2025-11-25,M042,687573
2025-11-25,M043,485168
2025-11-25,M044,498033
2025-11-25,M045,719278
2025-11-25,M046,544697
2025-11-25,M047,661203
2025-11-25,M048,780485
2025-11-26,M001,116762
2025-11-26,M002,265193
2025-11-26,M003,215564
2025-11-26,M004,472123
2025-11-26,M005,254959
2025-11-26,M006,504721
2025-11-26,M007,309020
2025-11-26,M008,349645
2025-11-26,M009,200948
2025-11-26,M010,405515
2025-11-26,M011,342651
2025-11-26,M012,621534
2025-11-26,M013,262661
2025-11-26,M014,484697
2025-11-26,M015,256212
2025-11-26,M016,566109
2025-11-26,M017,307285
2025-11-26,M018,574513
2025-11-26,M019,336358
2025-11-26,M020,608492
2025-11-26,M021,371080
2025-11-26,M022,423745
2025-11-26,M023,346657
2025-11-26,M024,740224
2025-11-26,M025,271662
2025-11-26,M026,526285
2025-11-26,M027,491702
2025-11-26,M028,776551
2025-11-26,M029,307779
2025-11-26,M030,605743
2025-11-26,M031,361061
2025-11-26,M032,703056
2025-11-26,M033,366456
2025-11-26,M034,759491
2025-11-26,M035,643921
2025-11-26,M036,862755
2025-11-26,M037,276055
2025-11-26,M038,564965
2025-11-26,M039,467903
2025-11-26,M040,857944
2025-11-26,M041,514792
2025-11-26,M042,983051
2025-11-26,M043,416489
2025-11-26,M044,703980
2025-11-26,M045,447560
2025-11-26,M046,740126
2025-11-26,M047,597311
2025-11-26,M048,1059699
2025-11-27,M001,170315
2025-11-27,M002,213588
2025-11-27,M003,313228
2025-11-27,M004,294533
2025-11-27,M005,373677
2025-11-27,M006,472002
2025-11-27,M007,456716
2025-11-27,M008,204642
2025-11-27,M009,271340
2025-11-27,M010,325246
2025-11-27,M011,430602
2025-11-27,M012,395733
2025-11-27,M013,326599
2025-11-27,M014,494840
2025-11-27,M015,346188
2025-11-27,M016,314536
2025-11-27,M017,410798
2025-11-27,M018,533489
2025-11-27,M019,429067
2025-11-27,M020,400429
2025-11-27,M021,449142
2025-11-27,M022,429774
2025-11-27,M023,461927
2025-11-27,M024,421223
2025-11-27,M025,365093
2025-11-27,M026,521576
2025-11-27,M027,659181
2025-11-27,M028,488419
2025-11-27,M029,399649
2025-11-27,M030,563616
2025-11-27,M031,475716
2025-11-27,M032,453114
2025-11-27,M033,563194
2025-11-27,M034,712217
2025-11-27,M035,828173
2025-11-27,M036,456451
2025-11-27,M037,392635
2025-11-27,M038,516628
2025-11-27,M039,608529
2025-11-27,M040,513033
2025-11-27,M041,648848
2025-11-27,M042,843745
2025-11-27,M043,492035
2025-11-27,M044,500382
2025-11-27,M045,563057
2025-11-27,M046,716680
2025-11-27,M047,830175
2025-11-27,M048,689936
2025-11-28,M001,195900
2025-11-28,M002,220513
2025-11-28,M003,253017
2025-11-28,M004,240787
2025-11-28,M005,508269
2025-11-28,M006,449927
2025-11-28,M007,391930
2025-11-28,M008,205197
2025-11-28,M009,389955
2025-11-28,M010,325550
2025-11-28,M011,410303
2025-11-28,M012,379238
2025-11-28,M013,447395
2025-11-28,M014,439793
2025-11-28,M015,315196
2025-11-28,M016,272881
2025-11-28,M017,551369
2025-11-28,M018,449537
2025-11-28,M019,405455
2025-11-28,M020,366729
2025-11-28,M021,647231
2025-11-28,M022,339349
2025-11-28,M023,419641
2025-11-28,M024,376035
2025-11-28,M025,554074
2025-11-28,M026,502976
2025-11-28,M027,602714
2025-11-28,M028,438045
2025-11-28,M029,549415
2025-11-28,M030,457302
2025-11-28,M031,409677
2025-11-28,M032,373986
2025-11-28,M033,702019
2025-11-28,M034,597703
2025-11-28,M035,704537
2025-11-28,M036,415506
2025-11-28,M037,485417
2025-11-28,M038,464557
2025-11-28,M039,550819
2025-11-28,M040,508092
2025-11-28,M041,942709
2025-11-28,M042,712918
2025-11-28,M043,492236
2025-11-28,M044,420084
2025-11-28,M045,794648
2025-11-28,M046,598562
2025-11-28,M047,699263
2025-11-28,M048,588354
2025-11-29,M001,175276
2025-11-29,M002,165165
2025-11-29,M003,232756
2025-11-29,M004,281306
2025-11-29,M005,429248
2025-11-29,M006,309655
2025-11-29,M007,333614
2025-11-29,M008,237173
2025-11-29,M009,325030
2025-11-29,M010,252064
2025-11-29,M011,354626
2025-11-29,M012,394137
2025-11-29,M013,424119
2025-11-29,M014,327191
2025-11-29,M015,263499
2025-11-29,M016,336365
2025-11-29,M017,515481
2025-11-29,M018,397846
2025-11-29,M019,314029
2025-11-29,M020,383371
2025-11-29,M021,565097
2025-11-29,M022,254155
2025-11-29,M023,387571
2025-11-29,M024,427111
2025-11-29,M025,461595
2025-11-29,M026,335889
2025-11-29,M027,523818
2025-11-29,M028,552792
2025-11-29,M029,451764
2025-11-29,M030,398984
2025-11-29,M031,386656
2025-11-29,M032,465825
2025-11-29,M033,621272
2025-11-29,M034,451942
2025-11-29,M035,611775
2025-11-29,M036,517928
2025-11-29,M037,437388
2025-11-29,M038,336755
2025-11-29,M039,525355
2025-11-29,M040,595358
2025-11-29,M041,762120
2025-11-29,M042,616277
2025-11-29,M043,420445
2025-11-29,M044,461272
2025-11-29,M045,720802
2025-11-29,M046,442101
2025-11-29,M047,626111
2025-11-29,M048,699087
2025-11-30,M001,101655
2025-11-30,M002,241934
2025-11-30,M003,206515
2025-11-30,M004,444152
2025-11-30,M005,243281
2025-11-30,M006,484788
2025-11-30,M007,274343
2025-11-30,M008,332389
2025-11-30,M009,174059
2025-11-30,M010,315875
2025-11-30,M011,295833
2025-11-30,M012,605240
2025-11-30,M013,223679
2025-11-30,M014,434149
2025-11-30,M015,226247
2025-11-30,M016,473659
2025-11-30,M017,249323
2025-11-30,M018,551454
2025-11-30,M019,293668
2025-11-30,M020,558610
2025-11-30,M021,291606
2025-11-30,M022,398917
2025-11-30,M023,317803
2025-11-30,M024,635641
2025-11-30,M025,279071
2025-11-30,M026,480996
2025-11-30,M027,396878
2025-11-30,M028,713244
2025-11-30,M029,276437
2025-11-30,M030,501556
2025-11-30,M031,311238
2025-11-30,M032,659297
2025-11-30,M033,339776
2025-11-30,M034,633852
2025-11-30,M035,550912
2025-11-30,M036,673439
2025-11-30,M037,265171
2025-11-30,M038,508855
2025-11-30,M039,422256
2025-11-30,M040,861252
2025-11-30,M041,441524
2025-11-30,M042,802532
2025-11-30,M043,331449
2025-11-30,M044,683775
2025-11-30,M045,394899
2025-11-30,M046,667373
2025-11-30,M047,549610
2025-11-30,M048,933722
2025-12-01,M001,197091
2025-12-01,M002,193077
2025-12-01,M003,263844
2025-12-01,M004,310718
2025-12-01,M005,516010
2025-12-01,M006,386562
2025-12-01,M007,364392
2025-12-01,M008,261653
2025-12-01,M009,357874
2025-12-01,M010,293624
2025-12-01,M011,409124
2025-12-01,M012,502890
2025-12-01,M013,452748
2025-12-01,M014,365067
2025-12-01,M015,328036
2025-12-01,M016,362279
2025-12-01,M017,519324
2025-12-01,M018,418152
2025-12-01,M019,392425
2025-12-01,M020,432911
2025-12-01,M021,649532
2025-12-01,M022,289141
2025-12-01,M023,444472
2025-12-01,M024,508286
2025-12-01,M025,515744
2025-12-01,M026,385104
2025-12-01,M027,562712
2025-12-01,M028,626313
2025-12-01,M029,565380
2025-12-01,M030,395751
2025-12-01,M031,457685
2025-12-01,M032,502362
2025-12-01,M033,755632
2025-12-01,M034,536264
2025-12-01,M035,793772
2025-12-01,M036,628837
2025-12-01,M037,534128
2025-12-01,M038,410020
2025-12-01,M039,525348
2025-12-01,M040,604499
2025-12-01,M041,850689
2025-12-01,M042,618944
2025-12-01,M043,501327
2025-12-01,M044,528184
2025-12-01,M045,745239
2025-12-01,M046,557751
2025-12-01,M047,702678
2025-12-01,M048,841673
2025-12-02,M001,115168
2025-12-02,M002,238352
2025-12-02,M003,239710
2025-12-02,M004,454633
2025-12-02,M005,274231
2025-12-02,M006,544155
2025-12-02,M007,327785
2025-12-02,M008,375148
2025-12-02,M009,197694
2025-12-02,M010,406785
2025-12-02,M011,321292
2025-12-02,M012,681280
2025-12-02,M013,264637
2025-12-02,M014,541770
2025-12-02,M015,269908
2025-12-02,M016,546677
2025-12-02,M017,286808
2025-12-02,M018,629048
2025-12-02,M019,338199
2025-12-02,M020,669604
2025-12-02,M021,357871
2025-12-02,M022,419486
2025-12-02,M023,379838
2025-12-02,M024,692204
2025-12-02,M025,296296
2025-12-02,M026,597620
2025-12-02,M027,478002
2025-12-02,M028,775668
2025-12-02,M029,307287
2025-12-02,M030,577304
2025-12-02,M031,377157
2025-12-02,M032,710916
2025-12-02,M033,378278
2025-12-02,M034,700332
2025-12-02,M035,583411
2025-12-02,M036,776502
2025-12-02,M037,280263
2025-12-02,M038,538089
2025-12-02,M039,474792
2025-12-02,M040,948974
2025-12-02,M041,504606
2025-12-02,M042,897214
2025-12-02,M043,370616
2025-12-02,M044,824768
2025-12-02,M045,426819
2025-12-02,M046,731399
2025-12-02,M047,585139
2025-12-02,M048,1097453
2025-12-03,M001,152871
2025-12-03,M002,227631
2025-12-03,M003,327053
2025-12-03,M004,309302
2025-12-03,M005,382324
2025-12-03,M006,496372
2025-12-03,M007,414175
2025-12-03,M008,224460
2025-12-03,M009,289152
2025-12-03,M010,348362
2025-12-03,M011,486040
2025-12-03,M012,415558
2025-12-03,M013,383594
2025-12-03,M014,493350
2025-12-03,M015,371809
2025-12-03,M016,345579
2025-12-03,M017,417448
2025-12-03,M018,521952
2025-12-03,M019,463142
2025-12-03,M020,400032
2025-12-03,M021,488929
2025-12-03,M022,379150
2025-12-03,M023,543043
2025-12-03,M024,468021
2025-12-03,M025,435298
2025-12-03,M026,579920
2025-12-03,M027,671216
2025-12-03,M028,475615
2025-12-03,M029,392294
2025-12-03,M030,583628
2025-12-03,M031,482476
2025-12-03,M032,449381
2025-12-03,M033,572337
2025-12-03,M034,740902
2025-12-03,M035,812562
2025-12-03,M036,484680
2025-12-03,M037,421204
2025-12-03,M038,507484
2025-12-03,M039,639229
2025-12-03,M040,557902
2025-12-03,M041,667236
2025-12-03,M042,839034
2025-12-03,M043,543772
2025-12-03,M044,450774
2025-12-03,M045,601409
2025-12-03,M046,647002
2025-12-03,M047,766826
2025-12-03,M048,721240
2025-12-04,M001,230100
2025-12-04,M002,225032
2025-12-04,M003,285155
2025-12-04,M004,247277
2025-12-04,M005,526651
2025-12-04,M006,457059
2025-12-04,M007,400939
2025-12-04,M008,208996
2025-12-04,M009,407266
2025-12-04,M010,315585
2025-12-04,M011,405545
2025-12-04,M012,363790
2025-12-04,M013,449709
2025-12-04,M014,459467
2025-12-04,M015,335887
2025-12-04,M016,291687
2025-12-04,M017,545375
2025-12-04,M018,510125
2025-12-04,M019,418619
2025-12-04,M020,348218
2025-12-04,M021,659407
2025-12-04,M022,374128
2025-12-04,M023,477524
2025-12-04,M024,416852
2025-12-04,M025,566030
2025-12-04,M026,452296
2025-12-04,M027,563958
2025-12-04,M028,485584
2025-12-04,M029,534698
2025-12-04,M030,532323
2025-12-04,M031,418629
2025-12-04,M032,407721
2025-12-04,M033,738865
2025-12-04,M034,607261
2025-12-04,M035,786346
2025-12-04,M036,434364
2025-12-04,M037,518082
2025-12-04,M038,454521
2025-12-04,M039,589376
2025-12-04,M040,535761
2025-12-04,M041,847127
2025-12-04,M042,752803
2025-12-04,M043,519896
2025-12-04,M044,401758
2025-12-04,M045,816153
2025-12-04,M046,645937
2025-12-04,M047,776904
2025-12-04,M048,611515
2025-12-05,M001,227219
2025-12-05,M002,182483
2025-12-05,M003,260575
2025-12-05,M004,351077
2025-12-05,M005,450306
2025-12-05,M006,380945
2025-12-05,M007,377562
2025-12-05,M008,268522
2025-12-05,M009,369077
2025-12-05,M010,269099
2025-12-05,M011,371579
2025-12-05,M012,463025
2025-12-05,M013,456504
2025-12-05,M014,383002
2025-12-05,M015,297165
2025-12-05,M016,363942
2025-12-05,M017,542927
2025-12-05,M018,438274
2025-12-05,M019,370727
2025-12-05,M020,433583
2025-12-05,M021,620351
2025-12-05,M022,290427
2025-12-05,M023,437647
2025-12-05,M024,541266
2025-12-05,M025,491030
2025-12-05,M026,406976
2025-12-05,M027,599111
2025-12-05,M028,577857
2025-12-05,M029,533328
2025-12-05,M030,422964
2025-12-05,M031,415451
2025-12-05,M032,476052
2025-12-05,M033,723893
2025-12-05,M034,526137
2025-12-05,M035,769491
2025-12-05,M036,543449
2025-12-05,M037,496972
2025-12-05,M038,399514
2025-12-05,M039,595772
2025-12-05,M040,668232
2025-12-05,M041,917121
2025-12-05,M042,706470
2025-12-05,M043,471715
2025-12-05,M044,558063
2025-12-05,M045,744712
2025-12-05,M046,540152
2025-12-05,M047,689264
2025-12-05,M048,806225
2025-12-06,M001,101486
2025-12-06,M002,248303
2025-12-06,M003,205507
2025-12-06,M004,399515
2025-12-06,M005,233553
2025-12-06,M006,447393
2025-12-06,M007,292236
2025-12-06,M008,349152
2025-12-06,M009,196015
2025-12-06,M010,337734
2025-12-06,M011,320457
2025-12-06,M012,616318
2025-12-06,M013,227073
2025-12-06,M014,502700
2025-12-06,M015,238647
2025-12-06,M016,486941
2025-12-06,M017,293220
2025-12-06,M018,533394
2025-12-06,M019,287207
2025-12-06,M020,532739
2025-12-06,M021,303897
2025-12-06,M022,408390
2025-12-06,M023,368374
2025-12-06,M024,703556
2025-12-06,M025,259226
2025-12-06,M026,498361
2025-12-06,M027,432434
2025-12-06,M028,763501
2025-12-06,M029,293418
2025-12-06,M030,560017
2025-12-06,M031,346644
2025-12-06,M032,638908
2025-12-06,M033,340156
2025-12-06,M034,679697
2025-12-06,M035,587718
2025-12-06,M036,741051
2025-12-06,M037,247122
2025-12-06,M038,557773
2025-12-06,M039,415438
2025-12-06,M040,773509
2025-12-06,M041,418670
2025-12-06,M042,891726
2025-12-06,M043,366805
2025-12-06,M044,679873
2025-12-06,M045,376507
2025-12-06,M046,632146
2025-12-06,M047,517083
2025-12-06,M048,1087305
2025-12-07,M001,157060
2025-12-07,M002,208816
2025-12-07,M003,272490
2025-12-07,M004,279722
2025-12-07,M005,307146
2025-12-07,M006,448805
2025-12-07,M007,427156
2025-12-07,M008,206673
2025-12-07,M009,264557
2025-12-07,M010,333342
2025-12-07,M011,385451
2025-12-07,M012,346658
2025-12-07,M013,327115
2025-12-07,M014,457133
2025-12-07,M015,328785
2025-12-07,M016,277648
2025-12-07,M017,353607
2025-12-07,M018,506367
2025-12-07,M019,367882
2025-12-07,M020,335045
2025-12-07,M021,434679
2025-12-07,M022,369531
2025-12-07,M023,500489
2025-12-07,M024,389339
2025-12-07,M025,361589
2025-12-07,M026,474964
2025-12-07,M027,587017
2025-12-07,M028,481171
2025-12-07,M029,394100
2025-12-07,M030,534080
2025-12-07,M031,452646
2025-12-07,M032,397146
2025-12-07,M033,448704
2025-12-07,M034,628449
2025-12-07,M035,820790
2025-12-07,M036,477010
2025-12-07,M037,369520
2025-12-07,M038,475670
2025-12-07,M039,543823
2025-12-07,M040,481003
2025-12-07,M041,655978
2025-12-07,M042,838506
2025-12-07,M043,488753
2025-12-07,M044,420458
2025-12-07,M045,526781
2025-12-07,M046,594410
2025-12-07,M047,774136
2025-12-07,M048,680713
2025-12-08,M001,223444
2025-12-08,M002,226086
2025-12-08,M003,287331
2025-12-08,M004,276286
2025-12-08,M005,463751
2025-12-08,M006,431717
2025-12-08,M007,399622
2025-12-08,M008,197782
2025-12-08,M009,416975
2025-12-08,M010,334472
2025-12-08,M011,422926
2025-12-08,M012,340321
2025-12-08,M013,493095
2025-12-08,M014,438191
2025-12-08,M015,309785
2025-12-08,M016,279230
2025-12-08,M017,515716
2025-12-08,M018,476969
2025-12-08,M019,388510
2025-12-08,M020,372882
2025-12-08,M021,686956
2025-12-08,M022,389748
2025-12-08,M023,440171
2025-12-08,M024,421770
2025-12-08,M025,503532
2025-12-08,M026,448171
2025-12-08,M027,593721
2025-12-08,M028,457409
2025-12-08,M029,534283
2025-12-08,M030,483676
2025-12-08,M031,454463
2025-12-08,M032,387796
2025-12-08,M033,768088
2025-12-08,M034,669442
2025-12-08,M035,805080
2025-12-08,M036,467427
2025-12-08,M037,531183
2025-12-08,M038,442823
2025-12-08,M039,606923
2025-12-08,M040,494799
2025-12-08,M041,875075
2025-12-08,M042,751236
2025-12-08,M043,470938
2025-12-08,M044,416543
2025-12-08,M045,801657
2025-12-08,M046,594709
2025-12-08,M047,691026
2025-12-08,M048,627493
2025-12-09,M001,216168
2025-12-09,M002,180710
2025-12-09,M003,256138
2025-12-09,M004,350557
2025-12-09,M005,483652
2025-12-09,M006,386522
2025-12-09,M007,381783
2025-12-09,M008,276415
2025-12-09,M009,395073
2025-12-09,M010,286698
2025-12-09,M011,373613
2025-12-09,M012,474870
2025-12-09,M013,479167
2025-12-09,M014,350754
2025-12-09,M015,332664
2025-12-09,M016,365176
2025-12-09,M017,563790
2025-12-09,M018,454340
2025-12-09,M019,363899
2025-12-09,M020,469859
2025-12-09,M021,657687
2025-12-09,M022,304591
2025-12-09,M023,454019
2025-12-09,M024,504769
2025-12-09,M025,564658
2025-12-09,M026,434282
2025-12-09,M027,596384
2025-12-09,M028,600438
2025-12-09,M029,538907
2025-12-09,M030,423988
2025-12-09,M031,409375
2025-12-09,M032,492513
2025-12-09,M033,661396
2025-12-09,M034,572402
2025-12-09,M035,765976
2025-12-09,M036,569732
2025-12-09,M037,500035
2025-12-09,M038,407942
2025-12-09,M039,573815
2025-12-09,M040,678466
2025-12-09,M041,879013
2025-12-09,M042,709978
2025-12-09,M043,481130
2025-12-09,M044,576354
2025-12-09,M045,754323
2025-12-09,M046,536338
2025-12-09,M047,717571
2025-12-09,M048,817294
2025-12-10,M001,124681
2025-12-10,M002,237310
2025-12-10,M003,245231
2025-12-10,M004,481108
2025-12-10,M005,278492
2025-12-10,M006,523099
2025-12-10,M007,330454
2025-12-10,M008,334383
2025-12-10,M009,227180
2025-12-10,M010,387950
2025-12-10,M011,351787
2025-12-10,M012,635965
2025-12-10,M013,246048
2025-12-10,M014,552526
2025-12-10,M015,257724
2025-12-10,M016,552968
2025-12-10,M017,315692
2025-12-10,M018,628874
2025-12-10,M019,326673
2025-12-10,M020,661113
2025-12-10,M021,341004
2025-12-10,M022,452629
2025-12-10,M023,369165
2025-12-10,M024,728843
2025-12-10,M025,300982
2025-12-10,M026,605191
2025-12-10,M027,470392
2025-12-10,M028,872198
2025-12-10,M029,316152
2025-12-10,M030,556147
2025-12-10,M031,344191
2025-12-10,M032,654994
2025-12-10,M033,377126
2025-12-10,M034,792581
2025-12-10,M035,667057
2025-12-10,M036,774686
2025-12-10,M037,280400
2025-12-10,M038,585950
2025-12-10,M039,485925
2025-12-10,M040,884533
2025-12-10,M041,466724
2025-12-10,M042,1023468
2025-12-10,M043,386931
2025-12-10,M044,767120
2025-12-10,M045,440749
2025-12-10,M046,741902
2025-12-10,M047,635128
2025-12-10,M048,1226450
2025-12-11,M001,162874
2025-12-11,M002,243919
2025-12-11,M003,314749
2025-12-11,M004,272100
2025-12-11,M005,358190
2025-12-11,M006,524755
2025-12-11,M007,447013
2025-12-11,M008,211531
2025-12-11,M009,313494
2025-12-11,M010,347558
2025-12-11,M011,458770
2025-12-11,M012,415763
2025-12-11,M013,346287
2025-12-11,M014,455893
2025-12-11,M015,343158
2025-12-11,M016,319847
2025-12-11,M017,413041
2025-12-11,M018,593469
2025-12-11,M019,454853
2025-12-11,M020,364481
2025-12-11,M021,474602
2025-12-11,M022,403453
2025-12-11,M023,548949
2025-12-11,M024,444802
2025-12-11,M025,375756
2025-12-11,M026,556480
2025-12-11,M027,663826
2025-12-11,M028,544889
2025-12-11,M029,396288
2025-12-11,M030,548741
2025-12-11,M031,508804
2025-12-11,M032,409847
2025-12-11,M033,545023
2025-12-11,M034,689086
2025-12-11,M035,904349
2025-12-11,M036,473429
2025-12-11,M037,423469
2025-12-11,M038,496288
2025-12-11,M039,602994
2025-12-11,M040,599536
2025-12-11,M041,726577
2025-12-11,M042,914240
2025-12-11,M043,530148
2025-12-11,M044,451376
2025-12-11,M045,546131
2025-12-11,M046,654578
2025-12-11,M047,877935
2025-12-11,M048,658081
2025-12-12,M001,202475
2025-12-12,M002,224300
2025-12-12,M003,297529
2025-12-12,M004,251922
2025-12-12,M005,474833
2025-12-12,M006,468880
2025-12-12,M007,418475
2025-12-12,M008,208803
2025-12-12,M009,367770
2025-12-12,M010,309811
2025-12-12,M011,372255
2025-12-12,M012,349537
2025-12-12,M013,502835
2025-12-12,M014,419960
2025-12-12,M015,327723
2025-12-12,M016,300621
2025-12-12,M017,554597
2025-12-12,M018,514089
2025-12-12,M019,391222
2025-12-12,M020,336198
2025-12-12,M021,596886
2025-12-12,M022,347083
2025-12-12,M023,436321
2025-12-12,M024,400350
2025-12-12,M025,499897
2025-12-12,M026,517027
2025-12-12,M027,550161
2025-12-12,M028,453460
2025-12-12,M029,563754
2025-12-12,M030,527221
2025-12-12,M031,430204
2025-12-12,M032,368849
2025-12-12,M033,690029
2025-12-12,M034,583517
2025-12-12,M035,746387
2025-12-12,M036,435496
2025-12-12,M037,494204
2025-12-12,M038,481483
2025-12-12,M039,602506
2025-12-12,M040,516721
2025-12-12,M041,956522
2025-12-12,M042,850048
2025-12-12,M043,513535
2025-12-12,M044,458076
2025-12-12,M045,755388
2025-12-12,M046,640001
2025-12-12,M047,732895
2025-12-12,M048,659680
2025-12-13,M001,205031
2025-12-13,M002,174652
2025-12-13,M003,259735
2025-12-13,M004,295561
2025-12-13,M005,444293
2025-12-13,M006,337919
2025-12-13,M007,364864
2025-12-13,M008,224530
2025-12-13,M009,320712
2025-12-13,M010,251064
2025-12-13,M011,331004
2025-12-13,M012,419861
2025-12-13,M013,428857
2025-12-13,M014,353297
2025-12-13,M015,267086
2025-12-13,M016,349358
2025-12-13,M017,528711
2025-12-13,M018,399489
2025-12-13,M019,342905
2025-12-13,M020,384332
2025-12-13,M021,534825
2025-12-13,M022,290792
2025-12-13,M023,412162
2025-12-13,M024,493629
2025-12-13,M025,456692
2025-12-13,M026,385328
2025-12-13,M027,543687
2025-12-13,M028,560258
2025-12-13,M029,460546
2025-12-13,M030,411716
2025-12-13,M031,405761
2025-12-13,M032,486788
2025-12-13,M033,635633
2025-12-13,M034,471140
2025-12-13,M035,699422
2025-12-13,M036,536215
2025-12-13,M037,472338
2025-12-13,M038,341629
2025-12-13,M039,551618
2025-12-13,M040,629629
2025-12-13,M041,763169
2025-12-13,M042,593759
2025-12-13,M043,418096
2025-12-13,M044,517903
2025-12-13,M045,665439
2025-12-13,M046,449074
2025-12-13,M047,601722
2025-12-13,M048,759567
2025-12-14,M001,111743
2025-12-14,M002,214985
2025-12-14,M003,202548
2025-12-14,M004,392850
2025-12-14,M005,252165
2025-12-14,M006,497511
2025-12-14,M007,284798
2025-12-14,M008,335650
2025-12-14,M009,208112
2025-12-14,M010,373885
2025-12-14,M011,282647
2025-12-14,M012,630975
2025-12-14,M013,228143
2025-12-14,M014,501640
2025-12-14,M015,257163
2025-12-14,M016,517162
2025-12-14,M017,289465
2025-12-14,M018,537723
2025-12-14,M019,275233
2025-12-14,M020,531913
2025-12-14,M021,317703
2025-12-14,M022,432366
2025-12-14,M023,317571
2025-12-14,M024,677942
2025-12-14,M025,284791
2025-12-14,M026,540827
2025-12-14,M027,404934
2025-12-14,M028,759260
2025-12-14,M029,278838
2025-12-14,M030,527921
2025-12-14,M031,302116
2025-12-14,M032,659559
2025-12-14,M033,332371
2025-12-14,M034,731342
2025-12-14,M035,526985
2025-12-14,M036,714904
2025-12-14,M037,265360
2025-12-14,M038,519342
2025-12-14,M039,432166
2025-12-14,M040,859160
2025-12-14,M041,452338
2025-12-14,M042,833691
2025-12-14,M043,346543
2025-12-14,M044,687611
2025-12-14,M045,367879
2025-12-14,M046,628508
2025-12-14,M047,574700
2025-12-14,M048,1027865
2025-12-15,M001,169075
2025-12-15,M002,255161
2025-12-15,M003,297728
2025-12-15,M004,275662
2025-12-15,M005,381699
2025-12-15,M006,513710
2025-12-15,M007,464937
2025-12-15,M008,235374
2025-12-15,M009,303232
2025-12-15,M010,334613
2025-12-15,M011,473888
2025-12-15,M012,392245
2025-12-15,M013,351458
2025-12-15,M014,467782
2025-12-15,M015,383012
2025-12-15,M016,327781
2025-12-15,M017,409908
2025-12-15,M018,570381
2025-12-15,M019,448180
2025-12-15,M020,400036
2025-12-15,M021,510535
2025-12-15,M022,415996
2025-12-15,M023,520142
2025-12-15,M024,470651
2025-12-15,M025,419186
2025-12-15,M026,541621
2025-12-15,M027,707941
2025-12-15,M028,528947
2025-12-15,M029,451902
2025-12-15,M030,518343
2025-12-15,M031,483754
2025-12-15,M032,436747
2025-12-15,M033,528930
2025-12-15,M034,669155
2025-12-15,M035,781376
2025-12-15,M036,480525
2025-12-15,M037,423018
2025-12-15,M038,551913
2025-12-15,M039,600321
2025-12-15,M040,545902
2025-12-15,M041,676475
2025-12-15,M042,876659
2025-12-15,M043,558784
2025-12-15,M044,452475
2025-12-15,M045,560803
2025-12-15,M046,669342
2025-12-15,M047,804696
2025-12-15,M048,690986
2025-12-16,M001,225544
2025-12-16,M002,218424
2025-12-16,M003,288799
2025-12-16,M004,263555
2025-12-16,M005,525868
2025-12-16,M006,442365
2025-12-16,M007,415567
2025-12-16,M008,189491
2025-12-16,M009,378786
2025-12-16,M010,321634
2025-12-16,M011,393113
2025-12-16,M012,390321
2025-12-16,M013,486594
2025-12-16,M014,429953
2025-12-16,M015,320681
2025-12-16,M016,276578
2025-12-16,M017,532687
2025-12-16,M018,475596
2025-12-16,M019,420606
2025-12-16,M020,356383
2025-12-16,M021,658818
2025-12-16,M022,377332
2025-12-16,M023,424153
2025-12-16,M024,404978
2025-12-16,M025,571791
2025-12-16,M026,463448
2025-12-16,M027,554122
2025-12-16,M028,464754
2025-12-16,M029,580730
2025-12-16,M030,527970
2025-12-16,M031,469625
2025-12-16,M032,367869
2025-12-16,M033,749010
2025-12-16,M034,582054
2025-12-16,M035,700089
2025-12-16,M036,475229
2025-12-16,M037,517040
2025-12-16,M038,508442
2025-12-16,M039,564423
2025-12-16,M040,504082
2025-12-16,M041,869901
2025-12-16,M042,830696
2025-12-16,M043,479708
2025-12-16,M044,450888
2025-12-16,M045,831931
2025-12-16,M046,569171
2025-12-16,M047,719929
2025-12-16,M048,598259
2025-12-17,M001,202790
2025-12-17,M002,181451
2025-12-17,M003,285529
2025-12-17,M004,350213
2025-12-17,M005,472728
2025-12-17,M006,403725
2025-12-17,M007,416906
2025-12-17,M008,255963
2025-12-17,M009,364717
2025-12-17,M010,254782
2025-12-17,M011,400127
2025-12-17,M012,475264
2025-12-17,M013,496179
2025-12-17,M014,360665
2025-12-17,M015,328870
2025-12-17,M016,403193
2025-12-17,M017,537399
2025-12-17,M018,429192
2025-12-17,M019,405384
2025-12-17,M020,472375
2025-12-17,M021,604868
2025-12-17,M022,334391
2025-12-17,M023,421992
2025-12-17,M024,524940
2025-12-17,M025,525586
2025-12-17,M026,426612
2025-12-17,M027,590201
2025-12-17,M028,635128
2025-12-17,M029,525009
2025-12-17,M030,432554
2025-12-17,M031,456074
2025-12-17,M032,512131
2025-12-17,M033,654612
2025-12-17,M034,507959
2025-12-17,M035,727439
2025-12-17,M036,628165
2025-12-17,M037,493665
2025-12-17,M038,408627
2025-12-17,M039,593202
2025-12-17,M040,646140
2025-12-17,M041,828272
2025-12-17,M042,671237
2025-12-17,M043,502738
2025-12-17,M044,525533
2025-12-17,M045,742327
2025-12-17,M046,556852
2025-12-17,M047,687688
2025-12-17,M048,826240
2025-12-18,M001,119811
2025-12-18,M002,272260
2025-12-18,M003,228839
2025-12-18,M004,480315
2025-12-18,M005,250050
2025-12-18,M006,536256
2025-12-18,M007,348547
2025-12-18,M008,365226
2025-12-18,M009,228547
2025-12-18,M010,382727
2025-12-18,M011,342381
2025-12-18,M012,696431
2025-12-18,M013,271705
2025-12-18,M014,558250
2025-12-18,M015,281442
2025-12-18,M016,561361
2025-12-18,M017,301968
2025-12-18,M018,599161
2025-12-18,M019,338104
2025-12-18,M020,654053
2025-12-18,M021,368268
2025-12-18,M022,414458
2025-12-18,M023,385717
2025-12-18,M024,726838
2025-12-18,M025,303873
2025-12-18,M026,598243
2025-12-18,M027,462148
2025-12-18,M028,801389
2025-12-18,M029,288383
2025-12-18,M030,618666
2025-12-18,M031,374899
2025-12-18,M032,752199
2025-12-18,M033,397099
2025-12-18,M034,740821
2025-12-18,M035,648721
2025-12-18,M036,819047
2025-12-18,M037,286628
2025-12-18,M038,612191
2025-12-18,M039,471918
2025-12-18,M040,978168
2025-12-18,M041,521533
2025-12-18,M042,904861
2025-12-18,M043,388978
2025-12-18,M044,730084
2025-12-18,M045,442032
2025-12-18,M046,711427
2025-12-18,M047,579290
2025-12-18,M048,1089213
2025-12-19,M001,151489
2025-12-19,M002,229249
2025-12-19,M003,306862
2025-12-19,M004,289927
2025-12-19,M005,359167
2025-12-19,M006,485714
2025-12-19,M007,451549
2025-12-19,M008,219651
2025-12-19,M009,290032
2025-12-19,M010,370774
2025-12-19,M011,480882
2025-12-19,M012,418519
2025-12-19,M013,364008
2025-12-19,M014,517211
2025-12-19,M015,351179
2025-12-19,M016,328250
2025-12-19,M017,447092
2025-12-19,M018,519253
2025-12-19,M019,455783
2025-12-19,M020,363177
2025-12-19,M021,458568
2025-12-19,M022,441514
2025-12-19,M023,552868
2025-12-19,M024,457966
2025-12-19,M025,400837
2025-12-19,M026,502221
2025-12-19,M027,707902
2025-12-19,M028,470487
2025-12-19,M029,438779
2025-12-19,M030,530627
2025-12-19,M031,514173
2025-12-19,M032,404838
2025-12-19,M033,539846
2025-12-19,M034,652653
2025-12-19,M035,802038
2025-12-19,M036,470444
2025-12-19,M037,427392
2025-12-19,M038,533067
2025-12-19,M039,658692
2025-12-19,M040,575283
2025-12-19,M041,718228
2025-12-19,M042,895391
2025-12-19,M043,515702
2025-12-19,M044,461311
2025-12-19,M045,598307
2025-12-19,M046,721296
2025-12-19,M047,860244
2025-12-19,M048,735651
2025-12-20,M001,201592
2025-12-20,M002,197109
2025-12-20,M003,269468
2025-12-20,M004,245079
2025-12-20,M005,410719
2025-12-20,M006,421182
2025-12-20,M007,340836
2025-12-20,M008,180105
2025-12-20,M009,361664
2025-12-20,M010,299218
2025-12-20,M011,341848
2025-12-20,M012,327999
2025-12-20,M013,450611
2025-12-20,M014,407717
2025-12-20,M015,284816
2025-12-20,M016,268406
2025-12-20,M017,515938
2025-12-20,M018,420694
2025-12-20,M019,354717
2025-12-20,M020,333753
2025-12-20,M021,576954
2025-12-20,M022,342330
2025-12-20,M023,386666
2025-12-20,M024,363839
2025-12-20,M025,453927
2025-12-20,M026,425487
2025-12-20,M027,559356
2025-12-20,M028,382956
2025-12-20,M029,533348
2025-12-20,M030,455401
2025-12-20,M031,416734
2025-12-20,M032,375850
2025-12-20,M033,665810
2025-12-20,M034,549515
2025-12-20,M035,619482
2025-12-20,M036,399431
2025-12-20,M037,457410
2025-12-20,M038,460957
2025-12-20,M039,545359
2025-12-20,M040,460416
2025-12-20,M041,866306
2025-12-20,M042,749297
2025-12-20,M043,461575
2025-12-20,M044,385331
2025-12-20,M045,667356
2025-12-20,M046,558917
2025-12-20,M047,702209
2025-12-20,M048,526230
2025-12-21,M001,185807
2025-12-21,M002,171401
2025-12-21,M003,245094
2025-12-21,M004,284288
2025-12-21,M005,465546
2025-12-21,M006,353660
2025-12-21,M007,359715
2025-12-21,M008,227845
2025-12-21,M009,327936
2025-12-21,M010,243583
2025-12-21,M011,385151
2025-12-21,M012,449242
2025-12-21,M013,460832
2025-12-21,M014,327731
2025-12-21,M015,297539
2025-12-21,M016,336763
2025-12-21,M017,457661
2025-12-21,M018,369866
2025-12-21,M019,335606
2025-12-21,M020,435710
2025-12-21,M021,602978
2025-12-21,M022,288968
2025-12-21,M023,385282
2025-12-21,M024,485315
2025-12-21,M025,466354
2025-12-21,M026,395768
2025-12-21,M027,551757
2025-12-21,M028,526959
2025-12-21,M029,459480
2025-12-21,M030,357580
2025-12-21,M031,418317
2025-12-21,M032,463260
2025-12-21,M033,671088
2025-12-21,M034,481968
2025-12-21,M035,662460
2025-12-21,M036,497163
2025-12-21,M037,501562
2025-12-21,M038,353268
2025-12-21,M039,551662
2025-12-21,M040,622793
2025-12-21,M041,749920
2025-12-21,M042,622565
2025-12-21,M043,405279
2025-12-21,M044,481694
2025-12-21,M045,739811
2025-12-21,M046,439776
2025-12-21,M047,654737
2025-12-21,M048,716450
2025-12-22,M001,119733
2025-12-22,M002,258914
2025-12-22,M003,212827
2025-12-22,M004,466799
2025-12-22,M005,285851
2025-12-22,M006,498988
2025-12-22,M007,314270
2025-12-22,M008,364269
2025-12-22,M009,200839
2025-12-22,M010,392242
2025-12-22,M011,317458
2025-12-22,M012,643965
2025-12-22,M013,278840
2025-12-22,M014,540363
2025-12-22,M015,249638
2025-12-22,M016,561005
2025-12-22,M017,297364
2025-12-22,M018,638769
2025-12-22,M019,319561
2025-12-22,M020,655100
2025-12-22,M021,332364
2025-12-22,M022,479124
2025-12-22,M023,388779
2025-12-22,M024,795928
2025-12-22,M025,313625
2025-12-22,M026,561485
2025-12-22,M027,480279
2025-12-22,M028,801200
2025-12-22,M029,304259
2025-12-22,M030,643778
2025-12-22,M031,383841
2025-12-22,M032,753298
2025-12-22,M033,403690
2025-12-22,M034,715232
2025-12-22,M035,606393
2025-12-22,M036,860948
2025-12-22,M037,270184
2025-12-22,M038,562055
2025-12-22,M039,505952
2025-12-22,M040,957824
2025-12-22,M041,466654
2025-12-22,M042,976977
2025-12-22,M043,405957
2025-12-22,M044,736103
2025-12-22,M045,402204
2025-12-22,M046,751600
2025-12-22,M047,646306
2025-12-22,M048,1054673
2025-12-23,M001,154788
2025-12-23,M002,223143
2025-12-23,M003,297891
2025-12-23,M004,275711
2025-12-23,M005,346137
2025-12-23,M006,534295
2025-12-23,M007,432154
2025-12-23,M008,212614
2025-12-23,M009,285289
2025-12-23,M010,364465
2025-12-23,M011,470815
2025-12-23,M012,433147
2025-12-23,M013,387557
2025-12-23,M014,511727
2025-12-23,M015,385661
2025-12-23,M016,341225
2025-12-23,M017,425986
2025-12-23,M018,575264
2025-12-23,M019,441612
2025-12-23,M020,381144
2025-12-23,M021,523591
2025-12-23,M022,403290
2025-12-23,M023,516033
2025-12-23,M024,459219
2025-12-23,M025,397406
2025-12-23,M026,576591
2025-12-23,M027,635014
2025-12-23,M028,506148
2025-12-23,M029,388790
2025-12-23,M030,539024
2025-12-23,M031,516454
2025-12-23,M032,461968
2025-12-23,M033,557621
2025-12-23,M034,653490
2025-12-23,M035,792644
2025-12-23,M036,485568
2025-12-23,M037,389247
2025-12-23,M038,547574
2025-12-23,M039,598893
2025-12-23,M040,582679
2025-12-23,M041,737810
2025-12-23,M042,942165
2025-12-23,M043,504383
2025-12-23,M044,497446
2025-12-23,M045,553561
2025-12-23,M046,671457
2025-12-23,M047,875717
2025-12-23,M048,703855
2025-12-24,M001,233387
2025-12-24,M002,216507
2025-12-24,M003,259837
2025-12-24,M004,267753
2025-12-24,M005,461871
2025-12-24,M006,423435
2025-12-24,M007,415877
2025-12-24,M008,197340
2025-12-24,M009,372600
2025-12-24,M010,313336
2025-12-24,M011,403381
2025-12-24,M012,343424
2025-12-24,M013,498271
2025-12-24,M014,441582
2025-12-24,M015,345931
2025-12-24,M016,285057
2025-12-24,M017,589795
2025-12-24,M018,498363
2025-12-24,M019,407399
2025-12-24,M020,371108
2025-12-24,M021,595960
2025-12-24,M022,339097
2025-12-24,M023,485395
2025-12-24,M024,384421
2025-12-24,M025,506440
2025-12-24,M026,513233
2025-12-24,M027,591901
2025-12-24,M028,458279
2025-12-24,M029,536883
2025-12-24,M030,514845
2025-12-24,M031,415176
2025-12-24,M032,379857
2025-12-24,M033,766577
2025-12-24,M034,633668
2025-12-24,M035,752054
2025-12-24,M036,445310
2025-12-24,M037,529642
2025-12-24,M038,473159
2025-12-24,M039,578763
2025-12-24,M040,516401
2025-12-24,M041,889933
2025-12-24,M042,782066
2025-12-24,M043,510808
2025-12-24,M044,437391
2025-12-24,M045,760695
2025-12-24,M046,573100
2025-12-24,M047,723702
2025-12-24,M048,629109
2025-12-25,M001,224835
2025-12-25,M002,172430
2025-12-25,M003,291873
2025-12-25,M004,337931
2025-12-25,M005,513146
2025-12-25,M006,365816
2025-12-25,M007,369082
2025-12-25,M008,241158
2025-12-25,M009,394591
2025-12-25,M010,261625
2025-12-25,M011,425877
2025-12-25,M012,498799
2025-12-25,M013,499976
2025-12-25,M014,372848
2025-12-25,M015,298575
2025-12-25,M016,408266
2025-12-25,M017,579304
2025-12-25,M018,406714
2025-12-25,M019,385428
2025-12-25,M020,437127
2025-12-25,M021,665499
2025-12-25,M022,298057
2025-12-25,M023,434281
2025-12-25,M024,527988
2025-12-25,M025,514554
2025-12-25,M026,377800
2025-12-25,M027,600285
2025-12-25,M028,575221
2025-12-25,M029,589004
2025-12-25,M030,444704
2025-12-25,M031,452270
2025-12-25,M032,526634
2025-12-25,M033,708182
2025-12-25,M034,571781
2025-12-25,M035,796121
2025-12-25,M036,540174
2025-12-25,M037,491811
2025-12-25,M038,373871
2025-12-25,M039,572845
2025-12-25,M040,651110
2025-12-25,M041,845875
2025-12-25,M042,639148
2025-12-25,M043,472790
2025-12-25,M044,518013
2025-12-25,M045,711277
2025-12-25,M046,518379
2025-12-25,M047,732114
2025-12-25,M048,847167
2025-12-26,M001,120968
2025-12-26,M002,261819
2025-12-26,M003,249221
2025-12-26,M004,485885
2025-12-26,M005,254351
2025-12-26,M006,552727
2025-12-26,M007,332124
2025-12-26,M008,335575
2025-12-26,M009,226834
2025-12-26,M010,364608
2025-12-26,M011,320523
2025-12-26,M012,648954
2025-12-26,M013,265198
2025-12-26,M014,534747
2025-12-26,M015,269665
2025-12-26,M016,550695
2025-12-26,M017,328619
2025-12-26,M018,577288
2025-12-26,M019,337233
2025-12-26,M020,602968
2025-12-26,M021,344566
2025-12-26,M022,454046
2025-12-26,M023,362557
2025-12-26,M024,747054
2025-12-26,M025,272892
2025-12-26,M026,600271
2025-12-26,M027,462856
2025-12-26,M028,787403
2025-12-26,M029,307668
2025-12-26,M030,589502
2025-12-26,M031,334972
2025-12-26,M032,698385
2025-12-26,M033,400008
2025-12-26,M034,707596
2025-12-26,M035,595789
2025-12-26,M036,856131
2025-12-26,M037,271732
2025-12-26,M038,586371
2025-12-26,M039,513904
2025-12-26,M040,854031
2025-12-26,M041,514552
2025-12-26,M042,994894
2025-12-26,M043,425611
2025-12-26,M044,736767
2025-12-26,M045,429282
2025-12-26,M046,703262
2025-12-26,M047,647682
2025-12-26,M048,1193895
2025-12-27,M001,157413
2025-12-27,M002,212534
2025-12-27,M003,301090
2025-12-27,M004,248298
2025-12-27,M005,352949
2025-12-27,M006,477760
2025-12-27,M007,374243
2025-12-27,M008,211725
2025-12-27,M009,278866
2025-12-27,M010,337604
2025-12-27,M011,385559
2025-12-27,M012,353311
2025-12-27,M013,339906
2025-12-27,M014,449234
2025-12-27,M015,344932
2025-12-27,M016,276453
2025-12-27,M017,376761
2025-12-27,M018,516976
2025-12-27,M019,392064
2025-12-27,M020,356569
2025-12-27,M021,472019
2025-12-27,M022,349838
2025-12-27,M023,465098
2025-12-27,M024,400433
2025-12-27,M025,361974
2025-12-27,M026,470521
2025-12-27,M027,614883
2025-12-27,M028,431773
2025-12-27,M029,372374
2025-12-27,M030,470005
2025-12-27,M031,410194
2025-12-27,M032,371782
2025-12-27,M033,505167
2025-12-27,M034,583053
2025-12-27,M035,799696
2025-12-27,M036,439962
2025-12-27,M037,371064
2025-12-27,M038,513837
2025-12-27,M039,620313
2025-12-27,M040,523125
2025-12-27,M041,621447
2025-12-27,M042,742437
2025-12-27,M043,489388
2025-12-27,M044,454494
2025-12-27,M045,512088
2025-12-27,M046,615590
2025-12-27,M047,715527
2025-12-27,M048,620016
2025-12-28,M001,202555
2025-12-28,M002,197088
2025-12-28,M003,239694
2025-12-28,M004,225380
2025-12-28,M005,419219
2025-12-28,M006,431421
2025-12-28,M007,348078
2025-12-28,M008,179550
2025-12-28,M009,355155
2025-12-28,M010,273377
2025-12-28,M011,350946
2025-12-28,M012,314491
2025-12-28,M013,441819
2025-12-28,M014,380891
2025-12-28,M015,268227
2025-12-28,M016,261099
2025-12-28,M017,470132
2025-12-28,M018,477448
2025-12-28,M019,362162
2025-12-28,M020,308089
2025-12-28,M021,576333
2025-12-28,M022,343377
2025-12-28,M023,433649
2025-12-28,M024,345279
2025-12-28,M025,497971
2025-12-28,M026,458977
2025-12-28,M027,558532
2025-12-28,M028,444399
2025-12-28,M029,505552
2025-12-28,M030,434395
2025-12-28,M031,404549
2025-12-28,M032,331806
2025-12-28,M033,595117
2025-12-28,M034,571916
2025-12-28,M035,636082
2025-12-28,M036,388629
2025-12-28,M037,501300
2025-12-28,M038,441323
2025-12-28,M039,524776
2025-12-28,M040,481199
2025-12-28,M041,791986
2025-12-28,M042,686771
2025-12-28,M043,415370
2025-12-28,M044,365212
2025-12-28,M045,753581
2025-12-28,M046,512774
2025-12-28,M047,654522
2025-12-28,M048,563308
2025-12-29,M001,222017
2025-12-29,M002,192633
2025-12-29,M003,258811
2025-12-29,M004,319131
2025-12-29,M005,515288
2025-12-29,M006,402960
2025-12-29,M007,382631
2025-12-29,M008,262996
2025-12-29,M009,413282
2025-12-29,M010,293114
2025-12-29,M011,418680
2025-12-29,M012,453498
2025-12-29,M013,506055
2025-12-29,M014,380227
2025-12-29,M015,338839
2025-12-29,M016,373484
2025-12-29,M017,519994
2025-12-29,M018,450342
2025-12-29,M019,403622
2025-12-29,M020,424334
2025-12-29,M021,605777
2025-12-29,M022,288724
2025-12-29,M023,464863
2025-12-29,M024,517231
2025-12-29,M025,516478
2025-12-29,M026,435931
2025-12-29,M027,599017
2025-12-29,M028,620532
2025-12-29,M029,535251
2025-12-29,M030,435518
2025-12-29,M031,457450
2025-12-29,M032,529710
2025-12-29,M033,749577
2025-12-29,M034,511397
2025-12-29,M035,681623
2025-12-29,M036,576183
2025-12-29,M037,518966
2025-12-29,M038,399417
2025-12-29,M039,543878
2025-12-29,M040,679843
2025-12-29,M041,829071
2025-12-29,M042,645073
2025-12-29,M043,481600
2025-12-29,M044,511765
2025-12-29,M045,731044
2025-12-29,M046,534901
2025-12-29,M047,769645
2025-12-29,M048,818473
2025-12-30,M001,120369
2025-12-30,M002,256778
2025-12-30,M003,220681
2025-12-30,M004,489604
2025-12-30,M005,255323
2025-12-30,M006,521365
2025-12-30,M007,301581
2025-12-30,M008,346441
2025-12-30,M009,215074
2025-12-30,M010,393369
2025-12-30,M011,319882
2025-12-30,M012,617808
2025-12-30,M013,247877
2025-12-30,M014,492908
2025-12-30,M015,264715
2025-12-30,M016,499310
2025-12-30,M017,299666
2025-12-30,M018,603253
2025-12-30,M019,311980
2025-12-30,M020,623679
2025-12-30,M021,339696
2025-12-30,M022,445847
2025-12-30,M023,405722
2025-12-30,M024,720031
2025-12-30,M025,273719
2025-12-30,M026,588346
2025-12-30,M027,499107
2025-12-30,M028,889502
2025-12-30,M029,319294
2025-12-30,M030,623409
2025-12-30,M031,339450
2025-12-30,M032,652378
2025-12-30,M033,408248
2025-12-30,M034,709231
2025-12-30,M035,672522
2025-12-30,M036,889348
2025-12-30,M037,303032
2025-12-30,M038,546344
2025-12-30,M039,489577
2025-12-30,M040,865632
2025-12-30,M041,485742
2025-12-30,M042,937658
2025-12-30,M043,378837
2025-12-30,M044,828387
2025-12-30,M045,456808
2025-12-30,M046,721813
2025-12-30,M047,574244
2025-12-30,M048,1084710
2025-12-31,M001,168352
2025-12-31,M002,220780
2025-12-31,M003,338269
2025-12-31,M004,295628
2025-12-31,M005,393590
2025-12-31,M006,476940
2025-12-31,M007,474480
2025-12-31,M008,206265
2025-12-31,M009,288323
2025-12-31,M010,376360
2025-12-31,M011,430998
2025-12-31,M012,426541
2025-12-31,M013,388157
2025-12-31,M014,513785
2025-12-31,M015,367335
2025-12-31,M016,322516
2025-12-31,M017,401576
2025-12-31,M018,594751
2025-12-31,M019,463705
2025-12-31,M020,376744
2025-12-31,M021,520752
2025-12-31,M022,408791
2025-12-31,M023,534307
2025-12-31,M024,435605
2025-12-31,M025,378003
2025-12-31,M026,532067
2025-12-31,M027,701843
2025-12-31,M028,530087
2025-12-31,M029,447158
2025-12-31,M030,588220
2025-12-31,M031,506431
2025-12-31,M032,406942
2025-12-31,M033,515974
2025-12-31,M034,695180
2025-12-31,M035,795631
2025-12-31,M036,515546
2025-12-31,M037,421252
2025-12-31,M038,569707
2025-12-31,M039,692199
2025-12-31,M040,567335
2025-12-31,M041,727756
2025-12-31,M042,838752
2025-12-31,M043,548407
2025-12-31,M044,475217
2025-12-31,M045,606912
2025-12-31,M046,729497
2025-12-31,M047,817303
2025-12-31,M048,686445
2026-01-01,M001,258670
2026-01-01,M002,189472
2026-01-01,M003,296292
2026-01-01,M004,389602
2026-01-01,M005,557629
2026-01-01,M006,447260
2026-01-01,M007,435031
2026-01-01,M008,295152
2026-01-01,M009,410399
2026-01-01,M010,321765
2026-01-01,M011,470309
2026-01-01,M012,561258
2026-01-01,M013,567025
2026-01-01,M014,387613
2026-01-01,M015,355081
2026-01-01,M016,403675
2026-01-01,M017,611570
2026-01-01,M018,492378
2026-01-01,M019,403190
2026-01-01,M020,494778
2026-01-01,M021,662529
2026-01-01,M022,373668
2026-01-01,M023,542754
2026-01-01,M024,598771
2026-01-01,M025,554890
2026-01-01,M026,457437
2026-01-01,M027,606042
2026-01-01,M028,671444
2026-01-01,M029,595428
2026-01-01,M030,481989
2026-01-01,M031,461981
2026-01-01,M032,561323
2026-01-01,M033,793646
2026-01-01,M034,578868
2026-01-01,M035,802158
2026-01-01,M036,636148
2026-01-01,M037,617088
2026-01-01,M038,475792
2026-01-01,M039,658138
2026-01-01,M040,782771
2026-01-01,M041,1059802
2026-01-01,M042,718754
2026-01-01,M043,501930
2026-01-01,M044,634795
2026-01-01,M045,884989
2026-01-01,M046,563527
2026-01-01,M047,821810
2026-01-01,M048,849837
2026-01-02,M001,133235
2026-01-02,M002,290236
2026-01-02,M003,253841
2026-01-02,M004,548065
2026-01-02,M005,289632
2026-01-02,M006,557433
2026-01-02,M007,389829
2026-01-02,M008,435513
2026-01-02,M009,252213
2026-01-02,M010,439459
2026-01-02,M011,401032
2026-01-02,M012,755504
2026-01-02,M013,307060
2026-01-02,M014,636995
2026-01-02,M015,320583
2026-01-02,M016,569026
2026-01-02,M017,328988
2026-01-02,M018,650774
2026-01-02,M019,353109
2026-01-02,M020,713538
2026-01-02,M021,408041
2026-01-02,M022,489837
2026-01-02,M023,396974
2026-01-02,M024,847080
2026-01-02,M025,321633
2026-01-02,M026,668176
2026-01-02,M027,573605
2026-01-02,M028,957322
2026-01-02,M029,333740
2026-01-02,M030,683323
2026-01-02,M031,383346
2026-01-02,M032,740013
2026-01-02,M033,408689
2026-01-02,M034,877998
2026-01-02,M035,717050
2026-01-02,M036,868835
2026-01-02,M037,345752
2026-01-02,M038,602919
2026-01-02,M039,569236
2026-01-02,M040,1036108
2026-01-02,M041,541870
2026-01-02,M042,1120852
2026-01-02,M043,433656
2026-01-02,M044,817441
2026-01-02,M045,515575
2026-01-02,M046,825142
2026-01-02,M047,642598
2026-01-02,M048,1283094
2026-01-03,M001,169311
2026-01-03,M002,259465
2026-01-03,M003,331394
2026-01-03,M004,314931
2026-01-03,M005,392304
2026-01-03,M006,505330
2026-01-03,M007,417407
2026-01-03,M008,235767
2026-01-03,M009,298442
2026-01-03,M010,378948
2026-01-03,M011,461925
2026-01-03,M012,406125
2026-01-03,M013,374043
2026-01-03,M014,495961
2026-01-03,M015,370068
2026-01-03,M016,310143
2026-01-03,M017,457646
2026-01-03,M018,549624
2026-01-03,M019,483841
2026-01-03,M020,402311
2026-01-03,M021,519821
2026-01-03,M022,400227
2026-01-03,M023,531314
2026-01-03,M024,460316
2026-01-03,M025,389976
2026-01-03,M026,536208
2026-01-03,M027,680812
2026-01-03,M028,506395
2026-01-03,M029,455770
2026-01-03,M030,546099
2026-01-03,M031,532973
2026-01-03,M032,446563
2026-01-03,M033,551657
2026-01-03,M034,655710
2026-01-03,M035,813299
2026-01-03,M036,528901
2026-01-03,M037,417196
2026-01-03,M038,506076
2026-01-03,M039,666481
2026-01-03,M040,586068
2026-01-03,M041,678721
2026-01-03,M042,833086
2026-01-03,M043,561610
2026-01-03,M044,447870
2026-01-03,M045,623053
2026-01-03,M046,684241
2026-01-03,M047,889824
2026-01-03,M048,683640
2026-01-04,M001,237212
2026-01-04,M002,214820
2026-01-04,M003,297913
2026-01-04,M004,265466
2026-01-04,M005,477131
2026-01-04,M006,447908
2026-01-04,M007,404786
2026-01-04,M008,208210
2026-01-04,M009,425065
2026-01-04,M010,304129
2026-01-04,M011,436723
2026-01-04,M012,387675
2026-01-04,M013,473027
2026-01-04,M014,440884
2026-01-04,M015,333575
2026-01-04,M016,314402
2026-01-04,M017,583334
2026-01-04,M018,502133
2026-01-04,M019,380743
2026-01-04,M020,363557
2026-01-04,M021,655804
2026-01-04,M022,393806
2026-01-04,M023,497012
2026-01-04,M024,444683
2026-01-04,M025,557095
2026-01-04,M026,461797
2026-01-04,M027,635856
2026-01-04,M028,495604
2026-01-04,M029,564009
2026-01-04,M030,490068
2026-01-04,M031,471698
2026-01-04,M032,427537
2026-01-04,M033,718955
2026-01-04,M034,608218
2026-01-04,M035,765762
2026-01-04,M036,468678
2026-01-04,M037,514490
2026-01-04,M038,519671
2026-01-04,M039,605383
2026-01-04,M040,544042
2026-01-04,M041,949968
2026-01-04,M042,756753
2026-01-04,M043,475261
2026-01-04,M044,460264
2026-01-04,M045,844925
2026-01-04,M046,648819
2026-01-04,M047,709093
2026-01-04,M048,608983
2026-01-05,M001,242924
2026-01-05,M002,188809
2026-01-05,M003,328116
2026-01-05,M004,347416
2026-01-05,M005,540745
2026-01-05,M006,400624
2026-01-05,M007,418688
2026-01-05,M008,303459
2026-01-05,M009,415276
2026-01-05,M010,316293
2026-01-05,M011,457470
2026-01-05,M012,556588
2026-01-05,M013,520867
2026-01-05,M014,411334
2026-01-05,M015,354858
2026-01-05,M016,452668
2026-01-05,M017,662758
2026-01-05,M018,478030
2026-01-05,M019,436279
2026-01-05,M020,531887
2026-01-05,M021,766114
2026-01-05,M022,370067
2026-01-05,M023,527085
2026-01-05,M024,556024
2026-01-05,M025,578325
2026-01-05,M026,482130
2026-01-05,M027,698171
2026-01-05,M028,620841
2026-01-05,M029,598594
2026-01-05,M030,488564
2026-01-05,M031,459400
2026-01-05,M032,548432
2026-01-05,M033,759284
2026-01-05,M034,605135
2026-01-05,M035,791573
2026-01-05,M036,657399
2026-01-05,M037,584743
2026-01-05,M038,467824
2026-01-05,M039,609424
2026-01-05,M040,703978
2026-01-05,M041,933333
2026-01-05,M042,727286
2026-01-05,M043,515871
2026-01-05,M044,618007
2026-01-05,M045,808979
2026-01-05,M046,569754
2026-01-05,M047,827506
2026-01-05,M048,844526
2026-01-06,M001,124242
2026-01-06,M002,304004
2026-01-06,M003,244976
2026-01-06,M004,486710
2026-01-06,M005,321593
2026-01-06,M006,559641
2026-01-06,M007,391852
2026-01-06,M008,415455
2026-01-06,M009,232096
2026-01-06,M010,446607
2026-01-06,M011,363940
2026-01-06,M012,796501
2026-01-06,M013,275072
2026-01-06,M014,561430
2026-01-06,M015,279235
2026-01-06,M016,624518
2026-01-06,M017,328039
2026-01-06,M018,679768
2026-01-06,M019,375365
2026-01-06,M020,709669
2026-01-06,M021,414640
2026-01-06,M022,488908
2026-01-06,M023,407376
2026-01-06,M024,872262
2026-01-06,M025,321619
2026-01-06,M026,687467
2026-01-06,M027,579484
2026-01-06,M028,893659
2026-01-06,M029,368417
2026-01-06,M030,726237
2026-01-06,M031,393105
2026-01-06,M032,847833
2026-01-06,M033,465606
2026-01-06,M034,860825
2026-01-06,M035,732034
2026-01-06,M036,974576
2026-01-06,M037,317834
2026-01-06,M038,652765
2026-01-06,M039,518847
2026-01-06,M040,994749
2026-01-06,M041,529375
2026-01-06,M042,1078355
2026-01-06,M043,438400
2026-01-06,M044,833211
2026-01-06,M045,495699
2026-01-06,M046,804595
2026-01-06,M047,665070
2026-01-06,M048,1273390
2026-01-07,M001,179451
2026-01-07,M002,260534
2026-01-07,M003,339441
2026-01-07,M004,343532
2026-01-07,M005,396857
2026-01-07,M006,532502
2026-01-07,M007,492662
2026-01-07,M008,249564
2026-01-07,M009,318954
2026-01-07,M010,374088
2026-01-07,M011,496327
2026-01-07,M012,490265
2026-01-07,M013,434162
2026-01-07,M014,555809
2026-01-07,M015,380980
2026-01-07,M016,365527
2026-01-07,M017,458382
2026-01-07,M018,612947
2026-01-07,M019,476385
2026-01-07,M020,412878
2026-01-07,M021,525150
2026-01-07,M022,440614
2026-01-07,M023,536029
2026-01-07,M024,528879
2026-01-07,M025,424830
2026-01-07,M026,651840
2026-01-07,M027,794496
2026-01-07,M028,607520
2026-01-07,M029,445099
2026-01-07,M030,651749
2026-01-07,M031,560053
2026-01-07,M032,480597
2026-01-07,M033,648104
2026-01-07,M034,785534
2026-01-07,M035,1005522
2026-01-07,M036,573008
2026-01-07,M037,443889
2026-01-07,M038,593872
2026-01-07,M039,695825
2026-01-07,M040,592672
2026-01-07,M041,825830
2026-01-07,M042,950515
2026-01-07,M043,570177
2026-01-07,M044,503088
2026-01-07,M045,653743
2026-01-07,M046,810483
2026-01-07,M047,877537
2026-01-07,M048,750829
2026-01-08,M001,244002
2026-01-08,M002,257436
2026-01-08,M003,318399
2026-01-08,M004,277386
2026-01-08,M005,580932
2026-01-08,M006,486330
2026-01-08,M007,441663
2026-01-08,M008,214071
2026-01-08,M009,414743
2026-01-08,M010,381540
2026-01-08,M011,469577
2026-01-08,M012,407088
2026-01-08,M013,506760
2026-01-08,M014,510691
2026-01-08,M015,359258
2026-01-08,M016,337098
2026-01-08,M017,619083
2026-01-08,M018,596527
2026-01-08,M019,466443
2026-01-08,M020,389066
2026-01-08,M021,776160
2026-01-08,M022,421560
2026-01-08,M023,538337
2026-01-08,M024,482803
2026-01-08,M025,580761
2026-01-08,M026,579546
2026-01-08,M027,695401
2026-01-08,M028,545562
2026-01-08,M029,628143
2026-01-08,M030,553412
2026-01-08,M031,510941
2026-01-08,M032,409887
2026-01-08,M033,830847
2026-01-08,M034,722321
2026-01-08,M035,856497
2026-01-08,M036,546890
2026-01-08,M037,581299
2026-01-08,M038,512325
2026-01-08,M039,611509
2026-01-08,M040,558261
2026-01-08,M041,966785
2026-01-08,M042,909748
2026-01-08,M043,547335
2026-01-08,M044,520872
2026-01-08,M045,846791
2026-01-08,M046,671990
2026-01-08,M047,760126
2026-01-08,M048,747607
2026-01-09,M001,252688
2026-01-09,M002,199581
2026-01-09,M003,315250
2026-01-09,M004,381044
2026-01-09,M005,530931
2026-01-09,M006,444705
2026-01-09,M007,465002
2026-01-09,M008,284234
2026-01-09,M009,403892
2026-01-09,M010,306081
2026-01-09,M011,456881
2026-01-09,M012,547299
2026-01-09,M013,530652
2026-01-09,M014,382154
2026-01-09,M015,356095
2026-01-09,M016,441035
2026-01-09,M017,645299
2026-01-09,M018,466150
2026-01-09,M019,457466
2026-01-09,M020,538278
2026-01-09,M021,756356
2026-01-09,M022,360240
2026-01-09,M023,523591
2026-01-09,M024,585868
2026-01-09,M025,572056
2026-01-09,M026,437441
2026-01-09,M027,645023
2026-01-09,M028,653143
2026-01-09,M029,657198
2026-01-09,M030,447106
2026-01-09,M031,486713
2026-01-09,M032,540752
2026-01-09,M033,809427
2026-01-09,M034,560487
2026-01-09,M035,890965
2026-01-09,M036,621290
2026-01-09,M037,547923
2026-01-09,M038,465774
2026-01-09,M039,674509
2026-01-09,M040,755171
2026-01-09,M041,1066186
2026-01-09,M042,717005
2026-01-09,M043,503192
2026-01-09,M044,589880
2026-01-09,M045,925551
2026-01-09,M046,545566
2026-01-09,M047,807306
2026-01-09,M048,974784
2026-01-10,M001,130847
2026-01-10,M002,269664
2026-01-10,M003,225306
2026-01-10,M004,447097
2026-01-10,M005,279216
2026-01-10,M006,557279
2026-01-10,M007,352343
2026-01-10,M008,381825
2026-01-10,M009,227818
2026-01-10,M010,398649
2026-01-10,M011,359313
2026-01-10,M012,639990
2026-01-10,M013,288932
2026-01-10,M014,571039
2026-01-10,M015,284554
2026-01-10,M016,548366
2026-01-10,M017,291127
2026-01-10,M018,642360
2026-01-10,M019,349995
2026-01-10,M020,639816
2026-01-10,M021,365667
2026-01-10,M022,421480
2026-01-10,M023,414766
2026-01-10,M024,748900
2026-01-10,M025,305717
2026-01-10,M026,603076
2026-01-10,M027,499467
2026-01-10,M028,807145
2026-01-10,M029,290449
2026-01-10,M030,658002
2026-01-10,M031,387387
2026-01-10,M032,680781
2026-01-10,M033,380420
2026-01-10,M034,798694
2026-01-10,M035,635890
2026-01-10,M036,876351
2026-01-10,M037,275829
2026-01-10,M038,605908
2026-01-10,M039,502496
2026-01-10,M040,995858
2026-01-10,M041,488891
2026-01-10,M042,987661
2026-01-10,M043,386413
2026-01-10,M044,740908
2026-01-10,M045,470302
2026-01-10,M046,705584
2026-01-10,M047,575524
2026-01-10,M048,1112034
2026-01-11,M001,175801
2026-01-11,M002,224256
2026-01-11,M003,311191
2026-01-11,M004,276446
2026-01-11,M005,387179
2026-01-11,M006,517725
2026-01-11,M007,430639
2026-01-11,M008,212171
2026-01-11,M009,284136
2026-01-11,M010,388342
2026-01-11,M011,485152
2026-01-11,M012,433364
2026-01-11,M013,375829
2026-01-11,M014,523999
2026-01-11,M015,376355
2026-01-11,M016,357288
2026-01-11,M017,426978
2026-01-11,M018,528817
2026-01-11,M019,425801
2026-01-11,M020,380169
2026-01-11,M021,486871
2026-01-11,M022,444058
2026-01-11,M023,539227
2026-01-11,M024,449384
2026-01-11,M025,441982
2026-01-11,M026,524310
2026-01-11,M027,668828
2026-01-11,M028,533059
2026-01-11,M029,459988
2026-01-11,M030,607492
2026-01-11,M031,509331
2026-01-11,M032,432373
2026-01-11,M033,545287
2026-01-11,M034,672207
2026-01-11,M035,843480
2026-01-11,M036,482849
2026-01-11,M037,382976
2026-01-11,M038,500767
2026-01-11,M039,691182
2026-01-11,M040,594267
2026-01-11,M041,727425
2026-01-11,M042,866173
2026-01-11,M043,584737
2026-01-11,M044,482721
2026-01-11,M045,616382
2026-01-11,M046,687247
2026-01-11,M047,862080
2026-01-11,M048,756242
2026-01-12,M001,232366
2026-01-12,M002,221972
2026-01-12,M003,325448
2026-01-12,M004,291868
2026-01-12,M005,565063
2026-01-12,M006,515808
2026-01-12,M007,454400
2026-01-12,M008,209861
2026-01-12,M009,407955
2026-01-12,M010,370633
2026-01-12,M011,447109
2026-01-12,M012,403667
2026-01-12,M013,573307
2026-01-12,M014,489537
2026-01-12,M015,338263
2026-01-12,M016,316406
2026-01-12,M017,672696
2026-01-12,M018,579453
2026-01-12,M019,423966
2026-01-12,M020,387853
2026-01-12,M021,718346
2026-01-12,M022,441462
2026-01-12,M023,519206
2026-01-12,M024,490427
2026-01-12,M025,565017
2026-01-12,M026,552698
2026-01-12,M027,637811
2026-01-12,M028,521483
2026-01-12,M029,669220
2026-01-12,M030,558258
2026-01-12,M031,510513
2026-01-12,M032,452764
2026-01-12,M033,790539
2026-01-12,M034,663436
2026-01-12,M035,797956
2026-01-12,M036,515919
2026-01-12,M037,617448
2026-01-12,M038,535729
2026-01-12,M039,668167
2026-01-12,M040,608923
2026-01-12,M041,1061080
2026-01-12,M042,897948
2026-01-12,M043,530752
2026-01-12,M044,476017
2026-01-12,M045,938469
2026-01-12,M046,660641
2026-01-12,M047,781973
2026-01-12,M048,765916
2026-01-13,M001,251552
2026-01-13,M002,189056
2026-01-13,M003,328767
2026-01-13,M004,404877
2026-01-13,M005,539713
2026-01-13,M006,414086
2026-01-13,M007,418736
2026-01-13,M008,266925
2026-01-13,M009,435803
2026-01-13,M010,296031
2026-01-13,M011,466740
2026-01-13,M012,504785
2026-01-13,M013,517884
2026-01-13,M014,419862
2026-01-13,M015,345455
2026-01-13,M016,401360
2026-01-13,M017,606820
2026-01-13,M018,469457
2026-01-13,M019,431955
2026-01-13,M020,477558
2026-01-13,M021,694643
2026-01-13,M022,331577
2026-01-13,M023,473375
2026-01-13,M024,589445
2026-01-13,M025,617149
2026-01-13,M026,454577
2026-01-13,M027,600538
2026-01-13,M028,682143
2026-01-13,M029,652020
2026-01-13,M030,476021
2026-01-13,M031,516153
2026-01-13,M032,563721
2026-01-13,M033,818186
2026-01-13,M034,635734
2026-01-13,M035,815400
2026-01-13,M036,654991
2026-01-13,M037,617275
2026-01-13,M038,425064
2026-01-13,M039,602514
2026-01-13,M040,699290
2026-01-13,M041,976087
2026-01-13,M042,765586
2026-01-13,M043,531346
2026-01-13,M044,640440
2026-01-13,M045,810534
2026-01-13,M046,558346
2026-01-13,M047,836064
2026-01-13,M048,926191
2026-01-14,M001,133748
2026-01-14,M002,294268
2026-01-14,M003,249273
2026-01-14,M004,513078
2026-01-14,M005,290405
2026-01-14,M006,633518
2026-01-14,M007,374886
2026-01-14,M008,437169
2026-01-14,M009,244053
2026-01-14,M010,414625
2026-01-14,M011,371322
2026-01-14,M012,747558
2026-01-14,M013,276584
2026-01-14,M014,572357
2026-01-14,M015,301558
2026-01-14,M016,612294
2026-01-14,M017,352300
2026-01-14,M018,663008
2026-01-14,M019,338809
2026-01-14,M020,735967
2026-01-14,M021,389962
2026-01-14,M022,501589
2026-01-14,M023,429794
2026-01-14,M024,830657
2026-01-14,M025,355580
2026-01-14,M026,616904
2026-01-14,M027,571232
2026-01-14,M028,978300
2026-01-14,M029,333417
2026-01-14,M030,667958
2026-01-14,M031,416440
2026-01-14,M032,780088
2026-01-14,M033,411829
2026-01-14,M034,846309
2026-01-14,M035,729187
2026-01-14,M036,939802
2026-01-14,M037,348326
2026-01-14,M038,620182
2026-01-14,M039,523734
2026-01-14,M040,1006127
2026-01-14,M041,529881
2026-01-14,M042,1037973
2026-01-14,M043,471797
2026-01-14,M044,882075
2026-01-14,M045,452608
2026-01-14,M046,815713
2026-01-14,M047,658039
2026-01-14,M048,1292588
2026-01-15,M001,191292
2026-01-15,M002,273066
2026-01-15,M003,331758
2026-01-15,M004,344273
2026-01-15,M005,386214
2026-01-15,M006,589978
2026-01-15,M007,531460
2026-01-15,M008,270506
2026-01-15,M009,317460
2026-01-15,M010,405258
2026-01-15,M011,546376
2026-01-15,M012,452015
2026-01-15,M013,396364
2026-01-15,M014,510460
2026-01-15,M015,432674
2026-01-15,M016,371353
2026-01-15,M017,458081
2026-01-15,M018,679610
2026-01-15,M019,536490
2026-01-15,M020,434648
2026-01-15,M021,554764
2026-01-15,M022,468176
2026-01-15,M023,619728
2026-01-15,M024,525101
2026-01-15,M025,450792
2026-01-15,M026,589753
2026-01-15,M027,706105
2026-01-15,M028,537835
2026-01-15,M029,438168
2026-01-15,M030,652548
2026-01-15,M031,581257
2026-01-15,M032,457402
2026-01-15,M033,602840
2026-01-15,M034,797254
2026-01-15,M035,917100
2026-01-15,M036,568155
2026-01-15,M037,443299
2026-01-15,M038,574463
2026-01-15,M039,741508
2026-01-15,M040,664830
2026-01-15,M041,800451
2026-01-15,M042,1011192
2026-01-15,M043,583435
2026-01-15,M044,518453
2026-01-15,M045,707283
2026-01-15,M046,777986
2026-01-15,M047,894674
2026-01-15,M048,736725
2026-01-16,M001,227768
2026-01-16,M002,238080
2026-01-16,M003,293844
2026-01-16,M004,299992
2026-01-16,M005,535481
2026-01-16,M006,487479
2026-01-16,M007,411549
2026-01-16,M008,228890
2026-01-16,M009,471333
2026-01-16,M010,373148
2026-01-16,M011,458608
2026-01-16,M012,435515
2026-01-16,M013,539040
2026-01-16,M014,480002
2026-01-16,M015,370763
2026-01-16,M016,337118
2026-01-16,M017,595329
2026-01-16,M018,552271
2026-01-16,M019,423847
2026-01-16,M020,413732
2026-01-16,M021,683970
2026-01-16,M022,385720
2026-01-16,M023,519694
2026-01-16,M024,468396
2026-01-16,M025,612184
2026-01-16,M026,550673
2026-01-16,M027,629399
2026-01-16,M028,500348
2026-01-16,M029,636562
2026-01-16,M030,565742
2026-01-16,M031,493566
2026-01-16,M032,408376
2026-01-16,M033,861853
2026-01-16,M034,757785
2026-01-16,M035,801671
2026-01-16,M036,485190
2026-01-16,M037,572265
2026-01-16,M038,502885
2026-01-16,M039,651119
2026-01-16,M040,584249
2026-01-16,M041,946605
2026-01-16,M042,857633
2026-01-16,M043,565441
2026-01-16,M044,484987
2026-01-16,M045,922164
2026-01-16,M046,665834
2026-01-16,M047,802863
2026-01-16,M048,724907
2026-01-17,M001,210760
2026-01-17,M002,195284
2026-01-17,M003,275677
2026-01-17,M004,347756
2026-01-17,M005,484558
2026-01-17,M006,370933
2026-01-17,M007,411197
2026-01-17,M008,272987
2026-01-17,M009,375201
2026-01-17,M010,296022
2026-01-17,M011,432354
2026-01-17,M012,479735
2026-01-17,M013,442569
2026-01-17,M014,400162
2026-01-17,M015,344791
2026-01-17,M016,374008
2026-01-17,M017,583308
2026-01-17,M018,443109
2026-01-17,M019,408939
2026-01-17,M020,446129
2026-01-17,M021,645419
2026-01-17,M022,301592
2026-01-17,M023,427975
2026-01-17,M024,525114
2026-01-17,M025,528250
2026-01-17,M026,398457
2026-01-17,M027,560564
2026-01-17,M028,556643
2026-01-17,M029,546328
2026-01-17,M030,447142
2026-01-17,M031,415331
2026-01-17,M032,478866
2026-01-17,M033,711641
2026-01-17,M034,558732
2026-01-17,M035,809101
2026-01-17,M036,629471
2026-01-17,M037,495973
2026-01-17,M038,429718
2026-01-17,M039,592760
2026-01-17,M040,618601
2026-01-17,M041,889033
2026-01-17,M042,703032
2026-01-17,M043,449780
2026-01-17,M044,529702
2026-01-17,M045,717759
2026-01-17,M046,548427
2026-01-17,M047,699227
2026-01-17,M048,809149
2026-01-18,M001,114667
2026-01-18,M002,274585
2026-01-18,M003,251969
2026-01-18,M004,512616
2026-01-18,M005,261790
2026-01-18,M006,569850
2026-01-18,M007,341013
2026-01-18,M008,391597
2026-01-18,M009,230739
2026-01-18,M010,363039
2026-01-18,M011,327747
2026-01-18,M012,654357
2026-01-18,M013,278110
2026-01-18,M014,505284
2026-01-18,M015,274005
2026-01-18,M016,531120
2026-01-18,M017,307346
2026-01-18,M018,597077
2026-01-18,M019,339054
2026-01-18,M020,620354
2026-01-18,M021,346983
2026-01-18,M022,457503
2026-01-18,M023,397064
2026-01-18,M024,783732
2026-01-18,M025,285426
2026-01-18,M026,612688
2026-01-18,M027,492464
2026-01-18,M028,897128
2026-01-18,M029,335616
2026-01-18,M030,572486
2026-01-18,M031,360275
2026-01-18,M032,722859
2026-01-18,M033,415389
2026-01-18,M034,721008
2026-01-18,M035,603825
2026-01-18,M036,838359
2026-01-18,M037,310936
2026-01-18,M038,562227
2026-01-18,M039,466796
2026-01-18,M040,913843
2026-01-18,M041,531489
2026-01-18,M042,916114
2026-01-18,M043,378098
2026-01-18,M044,797820
2026-01-18,M045,415040
2026-01-18,M046,751369
2026-01-18,M047,627072
2026-01-18,M048,1254020
2026-01-19,M001,177929
2026-01-19,M002,278606
2026-01-19,M003,361349
2026-01-19,M004,321281
2026-01-19,M005,407570
2026-01-19,M006,595267
2026-01-19,M007,505434
2026-01-19,M008,265739
2026-01-19,M009,327173
2026-01-19,M010,399677
2026-01-19,M011,493002
2026-01-19,M012,445436
2026-01-19,M013,391231
2026-01-19,M014,550008
2026-01-19,M015,393310
2026-01-19,M016,400742
2026-01-19,M017,482269
2026-01-19,M018,619741
2026-01-19,M019,471737
2026-01-19,M020,427697
2026-01-19,M021,520516
2026-01-19,M022,489262
2026-01-19,M023,569744
2026-01-19,M024,536160
2026-01-19,M025,421142
2026-01-19,M026,641240
2026-01-19,M027,796410
2026-01-19,M028,580394
2026-01-19,M029,454460
2026-01-19,M030,662484
2026-01-19,M031,570026
2026-01-19,M032,497534
2026-01-19,M033,645075
2026-01-19,M034,757468
2026-01-19,M035,999002
2026-01-19,M036,567804
2026-01-19,M037,453080
2026-01-19,M038,564258
2026-01-19,M039,706501
2026-01-19,M040,630116
2026-01-19,M041,769398
2026-01-19,M042,1041790
2026-01-19,M043,647260
2026-01-19,M044,519488
2026-01-19,M045,634262
2026-01-19,M046,766089
2026-01-19,M047,889294
2026-01-19,M048,822128
2026-01-20,M001,254550
2026-01-20,M002,243955
2026-01-20,M003,319781
2026-01-20,M004,293642
2026-01-20,M005,597112
2026-01-20,M006,483542
2026-01-20,M007,460872
2026-01-20,M008,222812
2026-01-20,M009,406269
2026-01-20,M010,337249
2026-01-20,M011,454540
2026-01-20,M012,428374
2026-01-20,M013,555930
2026-01-20,M014,486914
2026-01-20,M015,386847
2026-01-20,M016,315952
2026-01-20,M017,664047
2026-01-20,M018,602194
2026-01-20,M019,408579
2026-01-20,M020,391101
2026-01-20,M021,681746
2026-01-20,M022,424108
2026-01-20,M023,527037
2026-01-20,M024,448455
2026-01-20,M025,585574
2026-01-20,M026,552986
2026-01-20,M027,663902
2026-01-20,M028,507931
2026-01-20,M029,641354
2026-01-20,M030,598077
2026-01-20,M031,513972
2026-01-20,M032,451096
2026-01-20,M033,826819
2026-01-20,M034,719520
2026-01-20,M035,886546
2026-01-20,M036,486229
2026-01-20,M037,578801
2026-01-20,M038,514674
2026-01-20,M039,690244
2026-01-20,M040,526305
2026-01-20,M041,1020034
2026-01-20,M042,952476
2026-01-20,M043,507224
2026-01-20,M044,502787
2026-01-20,M045,947747
2026-01-20,M046,692340
2026-01-20,M047,760757
2026-01-20,M048,666960
2026-01-21,M001,222222
2026-01-21,M002,203357
2026-01-21,M003,296709
2026-01-21,M004,345623
2026-01-21,M005,513629
2026-01-21,M006,425488
2026-01-21,M007,430648
2026-01-21,M008,270334
2026-01-21,M009,444451
2026-01-21,M010,314273
2026-01-21,M011,464819
2026-01-21,M012,484023
2026-01-21,M013,563044
2026-01-21,M014,436207
2026-01-21,M015,368831
2026-01-21,M016,458473
2026-01-21,M017,651536
2026-01-21,M018,455116
2026-01-21,M019,450198
2026-01-21,M020,508067
2026-01-21,M021,684029
2026-01-21,M022,366480
2026-01-21,M023,528997
2026-01-21,M024,564042
2026-01-21,M025,574749
2026-01-21,M026,447693
2026-01-21,M027,687206
2026-01-21,M028,697919
2026-01-21,M029,656982
2026-01-21,M030,492425
2026-01-21,M031,448813
2026-01-21,M032,527607
2026-01-21,M033,829909
2026-01-21,M034,579046
2026-01-21,M035,860915
2026-01-21,M036,699684
2026-01-21,M037,631960
2026-01-21,M038,437879
2026-01-21,M039,672634
2026-01-21,M040,774999
2026-01-21,M041,1069997
2026-01-21,M042,709205
2026-01-21,M043,565019
2026-01-21,M044,591323
2026-01-21,M045,799735
2026-01-21,M046,551605
2026-01-21,M047,832557
2026-01-21,M048,977435
2026-01-22,M001,134190
2026-01-22,M002,295959
2026-01-22,M003,278826
2026-01-22,M004,493094
2026-01-22,M005,279367
2026-01-22,M006,605754
2026-01-22,M007,388672
2026-01-22,M008,395790
2026-01-22,M009,237721
2026-01-22,M010,441685
2026-01-22,M011,384915
2026-01-22,M012,712038
2026-01-22,M013,312659
2026-01-22,M014,601063
2026-01-22,M015,309686
2026-01-22,M016,625428
2026-01-22,M017,324576
2026-01-22,M018,648659
2026-01-22,M019,346370
2026-01-22,M020,770305
2026-01-22,M021,376895
2026-01-22,M022,534588
2026-01-22,M023,425708
2026-01-22,M024,827843
2026-01-22,M025,318721
2026-01-22,M026,653184
2026-01-22,M027,567712
2026-01-22,M028,945065
2026-01-22,M029,323209
2026-01-22,M030,725397
2026-01-22,M031,434299
2026-01-22,M032,776575
2026-01-22,M033,417484
2026-01-22,M034,902791
2026-01-22,M035,667092
2026-01-22,M036,957610
2026-01-22,M037,351906
2026-01-22,M038,640821
2026-01-22,M039,566791
2026-01-22,M040,959914
2026-01-22,M041,576853
2026-01-22,M042,1037217
2026-01-22,M043,460176
2026-01-22,M044,820537
2026-01-22,M045,450207
2026-01-22,M046,876823
2026-01-22,M047,685311
2026-01-22,M048,1219218
2026-01-23,M001,182173
2026-01-23,M002,252877
2026-01-23,M003,350507
2026-01-23,M004,301954
2026-01-23,M005,423254
2026-01-23,M006,556080
2026-01-23,M007,533045
2026-01-23,M008,239114
2026-01-23,M009,316070
2026-01-23,M010,420183
2026-01-23,M011,477955
2026-01-23,M012,486568
2026-01-23,M013,410238
2026-01-23,M014,552813
2026-01-23,M015,436067
2026-01-23,M016,343518
2026-01-23,M017,470643
2026-01-23,M018,616248
2026-01-23,M019,515266
2026-01-23,M020,449592
2026-01-23,M021,530187
2026-01-23,M022,475680
2026-01-23,M023,540647
2026-01-23,M024,504789
2026-01-23,M025,484397
2026-01-23,M026,568376
2026-01-23,M027,722174
2026-01-23,M028,582459
2026-01-23,M029,453306
2026-01-23,M030,659943
2026-01-23,M031,574252
2026-01-23,M032,509070
2026-01-23,M033,638046
2026-01-23,M034,726126
2026-01-23,M035,1009737
2026-01-23,M036,610327
2026-01-23,M037,451228
2026-01-23,M038,555012
2026-01-23,M039,675138
2026-01-23,M040,643090
2026-01-23,M041,805957
2026-01-23,M042,942623
2026-01-23,M043,582935
2026-01-23,M044,577623
2026-01-23,M045,681046
2026-01-23,M046,734864
2026-01-23,M047,949951
2026-01-23,M048,766999
2026-01-24,M001,233241
2026-01-24,M002,211575
2026-01-24,M003,274125
2026-01-24,M004,252052
2026-01-24,M005,516510
2026-01-24,M006,432935
2026-01-24,M007,429140
2026-01-24,M008,214337
2026-01-24,M009,402013
2026-01-24,M010,349897
2026-01-24,M011,403877
2026-01-24,M012,367277
2026-01-24,M013,473826
2026-01-24,M014,436612
2026-01-24,M015,322493
2026-01-24,M016,285318
2026-01-24,M017,569171
2026-01-24,M018,475886
2026-01-24,M019,420860
2026-01-24,M020,377187
2026-01-24,M021,626395
2026-01-24,M022,364016
2026-01-24,M023,471341
2026-01-24,M024,436593
2026-01-24,M025,550417
2026-01-24,M026,457072
2026-01-24,M027,594460
2026-01-24,M028,501756
2026-01-24,M029,578517
2026-01-24,M030,544979
2026-01-24,M031,461995
2026-01-24,M032,419285
2026-01-24,M033,717875
2026-01-24,M034,598952
2026-01-24,M035,729367
2026-01-24,M036,488078
2026-01-24,M037,555558
2026-01-24,M038,464300
2026-01-24,M039,550374
2026-01-24,M040,510759
2026-01-24,M041,913739
2026-01-24,M042,741229
2026-01-24,M043,503810
2026-01-24,M044,470267
2026-01-24,M045,843986
2026-01-24,M046,639694
2026-01-24,M047,756997
2026-01-24,M048,620587
2026-01-25,M001,206758
2026-01-25,M002,185483
2026-01-25,M003,276824
2026-01-25,M004,364667
2026-01-25,M005,470999
2026-01-25,M006,397524
2026-01-25,M007,389894
2026-01-25,M008,269084
2026-01-25,M009,358471
2026-01-25,M010,262854
2026-01-25,M011,428933
2026-01-25,M012,441965
2026-01-25,M013,467929
2026-01-25,M014,348826
2026-01-25,M015,303942
2026-01-25,M016,406982
2026-01-25,M017,586641
2026-01-25,M018,415888
2026-01-25,M019,406175
2026-01-25,M020,460335
2026-01-25,M021,652150
2026-01-25,M022,322972
2026-01-25,M023,444046
2026-01-25,M024,563808
2026-01-25,M025,532210
2026-01-25,M026,429563
2026-01-25,M027,559534
2026-01-25,M028,614253
2026-01-25,M029,568112
2026-01-25,M030,429545
2026-01-25,M031,462449
2026-01-25,M032,502913
2026-01-25,M033,714421
2026-01-25,M034,538073
2026-01-25,M035,765721
2026-01-25,M036,577926
2026-01-25,M037,499066
2026-01-25,M038,416352
2026-01-25,M039,607973
2026-01-25,M040,693887
2026-01-25,M041,890499
2026-01-25,M042,708097
2026-01-25,M043,519484
2026-01-25,M044,524548
2026-01-25,M045,830819
2026-01-25,M046,512069
2026-01-25,M047,678477
2026-01-25,M048,799822
2026-01-26,M001,142077
2026-01-26,M002,278439
2026-01-26,M003,264196
2026-01-26,M004,498008
2026-01-26,M005,281512
2026-01-26,M006,612944
2026-01-26,M007,372598
2026-01-26,M008,407288
2026-01-26,M009,225245
2026-01-26,M010,457880
2026-01-26,M011,358524
2026-01-26,M012,780380
2026-01-26,M013,307355
2026-01-26,M014,585506
2026-01-26,M015,301293
2026-01-26,M016,638965
2026-01-26,M017,342324
2026-01-26,M018,732535
2026-01-26,M019,347997
2026-01-26,M020,718506
2026-01-26,M021,426211
2026-01-26,M022,485362
2026-01-26,M023,420113
2026-01-26,M024,817845
2026-01-26,M025,316697
2026-01-26,M026,675337
2026-01-26,M027,542563
2026-01-26,M028,929858
2026-01-26,M029,331397
2026-01-26,M030,723102
2026-01-26,M031,432712
2026-01-26,M032,766064
2026-01-26,M033,454195
2026-01-26,M034,840790
2026-01-26,M035,689794
2026-01-26,M036,997184
2026-01-26,M037,329485
2026-01-26,M038,628978
2026-01-26,M039,575195
2026-01-26,M040,1103162
2026-01-26,M041,552264
2026-01-26,M042,1098227
2026-01-26,M043,441352
2026-01-26,M044,850003
2026-01-26,M045,513799
2026-01-26,M046,799921
2026-01-26,M047,661711
2026-01-26,M048,1201454
2026-01-27,M001,172165
2026-01-27,M002,283963
2026-01-27,M003,328570
2026-01-27,M004,314621
2026-01-27,M005,388986
2026-01-27,M006,522364
2026-01-27,M007,491277
2026-01-27,M008,263526
2026-01-27,M009,312078
2026-01-27,M010,375712
2026-01-27,M011,471753
2026-01-27,M012,421726
2026-01-27,M013,427772
2026-01-27,M014,531329
2026-01-27,M015,416635
2026-01-27,M016,388381
2026-01-27,M017,509002
2026-01-27,M018,587545
2026-01-27,M019,509462
2026-01-27,M020,431027
2026-01-27,M021,546841
2026-01-27,M022,448444
2026-01-27,M023,547400
2026-01-27,M024,516509
2026-01-27,M025,451533
2026-01-27,M026,619800
2026-01-27,M027,789217
2026-01-27,M028,562613
2026-01-27,M029,454369
2026-01-27,M030,622358
2026-01-27,M031,514597
2026-01-27,M032,461123
2026-01-27,M033,650351
2026-01-27,M034,730114
2026-01-27,M035,1007990
2026-01-27,M036,580278
2026-01-27,M037,429740
2026-01-27,M038,599755
2026-01-27,M039,751638
2026-01-27,M040,586676
2026-01-27,M041,740973
2026-01-27,M042,1045855
2026-01-27,M043,606839
2026-01-27,M044,569710
2026-01-27,M045,689756
2026-01-27,M046,776108
2026-01-27,M047,875563
2026-01-27,M048,793227
2026-01-28,M001,259288
2026-01-28,M002,224904
2026-01-28,M003,292846
2026-01-28,M004,292264
2026-01-28,M005,518329
2026-01-28,M006,504846
2026-01-28,M007,470538
2026-01-28,M008,233756
2026-01-28,M009,429445
2026-01-28,M010,339662
2026-01-28,M011,478091
2026-01-28,M012,380624
2026-01-28,M013,562219
2026-01-28,M014,500701
2026-01-28,M015,353233
2026-01-28,M016,342766
2026-01-28,M017,630375
2026-01-28,M018,565082
2026-01-28,M019,423419
2026-01-28,M020,419635
2026-01-28,M021,766196
2026-01-28,M022,392947
2026-01-28,M023,542453
2026-01-28,M024,474915
2026-01-28,M025,571371
2026-01-28,M026,543312
2026-01-28,M027,656652
2026-01-28,M028,538762
2026-01-28,M029,676396
2026-01-28,M030,579464
2026-01-28,M031,499773
2026-01-28,M032,465211
2026-01-28,M033,797865
2026-01-28,M034,651804
2026-01-28,M035,853329
2026-01-28,M036,517585
2026-01-28,M037,561476
2026-01-28,M038,528023
2026-01-28,M039,618317
2026-01-28,M040,597508
2026-01-28,M041,957563
2026-01-28,M042,877885
2026-01-28,M043,569988
2026-01-28,M044,450489
2026-01-28,M045,943952
2026-01-28,M046,662740
2026-01-28,M047,865452
2026-01-28,M048,708548
2026-01-29,M001,256187
2026-01-29,M002,207918
2026-01-29,M003,294063
2026-01-29,M004,355549
2026-01-29,M005,579967
2026-01-29,M006,418485
2026-01-29,M007,426637
2026-01-29,M008,276128
2026-01-29,M009,400412
2026-01-29,M010,296265
2026-01-29,M011,441248
2026-01-29,M012,548917
2026-01-29,M013,551847
2026-01-29,M014,413967
2026-01-29,M015,353870
2026-01-29,M016,402108
2026-01-29,M017,579256
2026-01-29,M018,467700
2026-01-29,M019,400488
2026-01-29,M020,480190
2026-01-29,M021,700082
2026-01-29,M022,372998
2026-01-29,M023,536196
2026-01-29,M024,555519
2026-01-29,M025,618141
2026-01-29,M026,440210
2026-01-29,M027,668977
2026-01-29,M028,629946
2026-01-29,M029,634198
2026-01-29,M030,497796
2026-01-29,M031,496514
2026-01-29,M032,556250
2026-01-29,M033,740093
2026-01-29,M034,636912
2026-01-29,M035,818218
2026-01-29,M036,612779
2026-01-29,M037,597538
2026-01-29,M038,445509
2026-01-29,M039,610560
2026-01-29,M040,726708
2026-01-29,M041,924239
2026-01-29,M042,738113
2026-01-29,M043,568694
2026-01-29,M044,589496
2026-01-29,M045,909200
2026-01-29,M046,555225
2026-01-29,M047,761246
2026-01-29,M048,847106
2026-01-30,M001,131319
2026-01-30,M002,267525
2026-01-30,M003,276131
2026-01-30,M004,518860
2026-01-30,M005,299436
2026-01-30,M006,609460
2026-01-30,M007,380994
2026-01-30,M008,420292
2026-01-30,M009,238032
2026-01-30,M010,455363
2026-01-30,M011,389552
2026-01-30,M012,770577
2026-01-30,M013,276188
2026-01-30,M014,600928
2026-01-30,M015,324472
2026-01-30,M016,653526
2026-01-30,M017,358542
2026-01-30,M018,700139
2026-01-30,M019,385309
2026-01-30,M020,661301
2026-01-30,M021,406510
2026-01-30,M022,477957
2026-01-30,M023,440153
2026-01-30,M024,830070
2026-01-30,M025,306915
2026-01-30,M026,632906
2026-01-30,M027,541605
2026-01-30,M028,921733
2026-01-30,M029,364706
2026-01-30,M030,667392
2026-01-30,M031,402894
2026-01-30,M032,849743
2026-01-30,M033,464993
2026-01-30,M034,873429
2026-01-30,M035,715431
2026-01-30,M036,943895
2026-01-30,M037,354048
2026-01-30,M038,674842
2026-01-30,M039,565326
2026-01-30,M040,1084663
2026-01-30,M041,546250
2026-01-30,M042,1029799
2026-01-30,M043,416713
2026-01-30,M044,821607
2026-01-30,M045,520985
2026-01-30,M046,823984
2026-01-30,M047,654671
2026-01-30,M048,1255017
2026-01-31,M001,170847
2026-01-31,M002,226826
2026-01-31,M003,322986
2026-01-31,M004,271621
2026-01-31,M005,369663
2026-01-31,M006,528776
2026-01-31,M007,483219
2026-01-31,M008,240856
2026-01-31,M009,283998
2026-01-31,M010,375971
2026-01-31,M011,478781
2026-01-31,M012,430806
2026-01-31,M013,385973
2026-01-31,M014,476043
2026-01-31,M015,363231
2026-01-31,M016,338273
2026-01-31,M017,392887
2026-01-31,M018,602933
2026-01-31,M019,457874
2026-01-31,M020,395783
2026-01-31,M021,457662
2026-01-31,M022,425491
2026-01-31,M023,552652
2026-01-31,M024,484314
2026-01-31,M025,412742
2026-01-31,M026,586926
2026-01-31,M027,675741
2026-01-31,M028,536246
2026-01-31,M029,406622
2026-01-31,M030,577675
2026-01-31,M031,512853
2026-01-31,M032,442888
2026-01-31,M033,537299
2026-01-31,M034,758454
2026-01-31,M035,856994
2026-01-31,M036,490040
2026-01-31,M037,401475
2026-01-31,M038,565338
2026-01-31,M039,696415
2026-01-31,M040,567068
2026-01-31,M041,653754
2026-01-31,M042,834830
2026-01-31,M043,531089
2026-01-31,M044,476984
2026-01-31,M045,604036
2026-01-31,M046,682572
2026-01-31,M047,841399
2026-01-31,M048,680643
2026-02-01,M001,216239
2026-02-01,M002,204201
2026-02-01,M003,306317
2026-02-01,M004,358373
2026-02-01,M005,521013
2026-02-01,M006,419171
2026-02-01,M007,410813
2026-02-01,M008,258401
2026-02-01,M009,421446
2026-02-01,M010,305052
2026-02-01,M011,390479
2026-02-01,M012,520019
2026-02-01,M013,536464
2026-02-01,M014,399456
2026-02-01,M015,332495
2026-02-01,M016,433259
2026-02-01,M017,618373
2026-02-01,M018,457057
2026-02-01,M019,418440
2026-02-01,M020,448161
2026-02-01,M021,702317
2026-02-01,M022,341101
2026-02-01,M023,457441
2026-02-01,M024,587586
2026-02-01,M025,594951
2026-02-01,M026,454906
2026-02-01,M027,638336
2026-02-01,M028,639054
2026-02-01,M029,589830
2026-02-01,M030,421002
2026-02-01,M031,424442
2026-02-01,M032,537155
2026-02-01,M033,764817
2026-02-01,M034,575624
2026-02-01,M035,822524
2026-02-01,M036,621562
2026-02-01,M037,583080
2026-02-01,M038,431720
2026-02-01,M039,639664
2026-02-01,M040,667472
2026-02-01,M041,996736
2026-02-01,M042,666516
2026-02-01,M043,469329
2026-02-01,M044,542370
2026-02-01,M045,763176
2026-02-01,M046,576046
2026-02-01,M047,748796
2026-02-01,M048,893434
2026-02-02,M001,142476
2026-02-02,M002,294460
2026-02-02,M003,288962
2026-02-02,M004,580676
2026-02-02,M005,324613
2026-02-02,M006,626308
2026-02-02,M007,375012
2026-02-02,M008,444867
2026-02-02,M009,261239
2026-02-02,M010,456591
2026-02-02,M011,394245
2026-02-02,M012,739837
2026-02-02,M013,291603
2026-02-02,M014,651352
2026-02-02,M015,320232
2026-02-02,M016,631428
2026-02-02,M017,378217
2026-02-02,M018,679375
2026-02-02,M019,380656
2026-02-02,M020,696334
2026-02-02,M021,383821
2026-02-02,M022,542724
2026-02-02,M023,424834
2026-02-02,M024,834055
2026-02-02,M025,317498
2026-02-02,M026,638360
2026-02-02,M027,533431
2026-02-02,M028,957393
2026-02-02,M029,365109
2026-02-02,M030,739271
2026-02-02,M031,434686
2026-02-02,M032,853545
2026-02-02,M033,449891
2026-02-02,M034,911216
2026-02-02,M035,733899
2026-02-02,M036,922227
2026-02-02,M037,314767
2026-02-02,M038,648077
2026-02-02,M039,555889
2026-02-02,M040,1016253
2026-02-02,M041,582886
2026-02-02,M042,1142469
2026-02-02,M043,444370
2026-02-02,M044,842809
2026-02-02,M045,510672
2026-02-02,M046,850497
2026-02-02,M047,737452
2026-02-02,M048,1389181
2026-02-03,M001,195884
2026-02-03,M002,279005
2026-02-03,M003,351777
2026-02-03,M004,328384
2026-02-03,M005,463317
2026-02-03,M006,608428
2026-02-03,M007,486996
2026-02-03,M008,245301
2026-02-03,M009,317032
2026-02-03,M010,420665
2026-02-03,M011,545151
2026-02-03,M012,439052
2026-02-03,M013,425294
2026-02-03,M014,545849
2026-02-03,M015,401887
2026-02-03,M016,411528
2026-02-03,M017,474703
2026-02-03,M018,622067
2026-02-03,M019,551752
2026-02-03,M020,452873
2026-02-03,M021,544410
2026-02-03,M022,443892
2026-02-03,M023,580717
2026-02-03,M024,515276
2026-02-03,M025,460022
2026-02-03,M026,595363
2026-02-03,M027,820167
2026-02-03,M028,579634
2026-02-03,M029,525408
2026-02-03,M030,607878
2026-02-03,M031,531911
2026-02-03,M032,533618
2026-02-03,M033,662802
2026-02-03,M034,860292
2026-02-03,M035,950098
2026-02-03,M036,587675
2026-02-03,M037,451329
2026-02-03,M038,651694
2026-02-03,M039,771669
2026-02-03,M040,612632
2026-02-03,M041,809626
2026-02-03,M042,1101902
2026-02-03,M043,592814
2026-02-03,M044,568232
2026-02-03,M045,704614
2026-02-03,M046,830374
2026-02-03,M047,968498
2026-02-03,M048,828727
2026-02-04,M001,259948
2026-02-04,M002,238607
2026-02-04,M003,316782
2026-02-04,M004,296972
2026-02-04,M005,564200
2026-02-04,M006,520452
2026-02-04,M007,428924
2026-02-04,M008,248946
2026-02-04,M009,418119
2026-02-04,M010,360603
2026-02-04,M011,431613
2026-02-04,M012,449624
2026-02-04,M013,561773
2026-02-04,M014,474461
2026-02-04,M015,347870
2026-02-04,M016,374708
2026-02-04,M017,680421
2026-02-04,M018,566967
2026-02-04,M019,486966
2026-02-04,M020,423050
2026-02-04,M021,698819
2026-02-04,M022,445191
2026-02-04,M023,492226
2026-02-04,M024,486218
2026-02-04,M025,610644
2026-02-04,M026,563321
2026-02-04,M027,684207
2026-02-04,M028,568842
2026-02-04,M029,668721
2026-02-04,M030,553448
2026-02-04,M031,524219
2026-02-04,M032,470957
2026-02-04,M033,835563
2026-02-04,M034,687658
2026-02-04,M035,841294
2026-02-04,M036,543782
2026-02-04,M037,647540
2026-02-04,M038,563790
2026-02-04,M039,658244
2026-02-04,M040,566509
2026-02-04,M041,1092658
2026-02-04,M042,987505
2026-02-04,M043,518719
2026-02-04,M044,491033
2026-02-04,M045,855510
2026-02-04,M046,693992
2026-02-04,M047,823573
2026-02-04,M048,754751
2026-02-05,M001,243238
2026-02-05,M002,206488
2026-02-05,M003,342821
2026-02-05,M004,401878
2026-02-05,M005,560717
2026-02-05,M006,415049
2026-02-05,M007,482715
2026-02-05,M008,302617
2026-02-05,M009,411426
2026-02-05,M010,337360
2026-02-05,M011,458453
2026-02-05,M012,516169
2026-02-05,M013,530798
2026-02-05,M014,429686
2026-02-05,M015,383635
2026-02-05,M016,418917
2026-02-05,M017,602423
2026-02-05,M018,491194
2026-02-05,M019,456665
2026-02-05,M020,552523
2026-02-05,M021,731448
2026-02-05,M022,367115
2026-02-05,M023,511980
2026-02-05,M024,636246
2026-02-05,M025,661764
2026-02-05,M026,480070
2026-02-05,M027,693513
2026-02-05,M028,643200
2026-02-05,M029,637626
2026-02-05,M030,458556
2026-02-05,M031,500130
2026-02-05,M032,558432
2026-02-05,M033,838427
2026-02-05,M034,570528
2026-02-05,M035,849639
2026-02-05,M036,647323
2026-02-05,M037,560989
2026-02-05,M038,493042
2026-02-05,M039,708040
2026-02-05,M040,800281
2026-02-05,M041,955881
2026-02-05,M042,756939
2026-02-05,M043,572174
2026-02-05,M044,648466
2026-02-05,M045,950619
2026-02-05,M046,585272
2026-02-05,M047,901107
2026-02-05,M048,988662
2026-02-06,M001,148288
2026-02-06,M002,281044
2026-02-06,M003,260471
2026-02-06,M004,560989
2026-02-06,M005,289135
2026-02-06,M006,669724
2026-02-06,M007,370327
2026-02-06,M008,421686
2026-02-06,M009,241553
2026-02-06,M010,460019
2026-02-06,M011,417041
2026-02-06,M012,749761
2026-02-06,M013,310954
2026-02-06,M014,576415
2026-02-06,M015,323073
2026-02-06,M016,587642
2026-02-06,M017,334571
2026-02-06,M018,722333
2026-02-06,M019,391252
2026-02-06,M020,793600
2026-02-06,M021,419591
2026-02-06,M022,511561
2026-02-06,M023,414849
2026-02-06,M024,919546
2026-02-06,M025,357181
2026-02-06,M026,642613
2026-02-06,M027,525822
2026-02-06,M028,1032088
2026-02-06,M029,336860
2026-02-06,M030,694687
2026-02-06,M031,401743
2026-02-06,M032,880028
2026-02-06,M033,440484
2026-02-06,M034,906288
2026-02-06,M035,720328
2026-02-06,M036,957015
2026-02-06,M037,336795
2026-02-06,M038,624770
2026-02-06,M039,581296
2026-02-06,M040,1092470
2026-02-06,M041,623593
2026-02-06,M042,1030428
2026-02-06,M043,440411
2026-02-06,M044,946384
2026-02-06,M045,501638
2026-02-06,M046,825390
2026-02-06,M047,742727
2026-02-06,M048,1401899
2026-02-07,M001,180359
2026-02-07,M002,257795
2026-02-07,M003,328327
2026-02-07,M004,292912
2026-02-07,M005,409406
2026-02-07,M006,508074
2026-02-07,M007,498320
2026-02-07,M008,221661
2026-02-07,M009,300240
2026-02-07,M010,389781
2026-02-07,M011,492431
2026-02-07,M012,448186
2026-02-07,M013,388265
2026-02-07,M014,505836
2026-02-07,M015,371225
2026-02-07,M016,334992
2026-02-07,M017,430876
2026-02-07,M018,567689
2026-02-07,M019,489164
2026-02-07,M020,395179
2026-02-07,M021,547477
2026-02-07,M022,447384
2026-02-07,M023,521418
2026-02-07,M024,490062
2026-02-07,M025,427820
2026-02-07,M026,564849
2026-02-07,M027,653329
2026-02-07,M028,513761
2026-02-07,M029,471894
2026-02-07,M030,548599
2026-02-07,M031,537066
2026-02-07,M032,436215
2026-02-07,M033,520293
2026-02-07,M034,732971
2026-02-07,M035,837917
2026-02-07,M036,571616
2026-02-07,M037,394533
2026-02-07,M038,548438
2026-02-07,M039,655411
2026-02-07,M040,625907
2026-02-07,M041,754705
2026-02-07,M042,895604
2026-02-07,M043,608263
2026-02-07,M044,529180
2026-02-07,M045,614369
2026-02-07,M046,731167
2026-02-07,M047,838406
2026-02-07,M048,710559
2026-02-08,M001,239342
2026-02-08,M002,220209
2026-02-08,M003,283195
2026-02-08,M004,264850
2026-02-08,M005,496051
2026-02-08,M006,480714
2026-02-08,M007,419189
2026-02-08,M008,227656
2026-02-08,M009,396394
2026-02-08,M010,341715
2026-02-08,M011,434721
2026-02-08,M012,368021
2026-02-08,M013,507238
2026-02-08,M014,458869
2026-02-08,M015,329775
2026-02-08,M016,302276
2026-02-08,M017,561475
2026-02-08,M018,495847
2026-02-08,M019,434858
2026-02-08,M020,385280
2026-02-08,M021,667482
2026-02-08,M022,392251
2026-02-08,M023,465558
2026-02-08,M024,430918
2026-02-08,M025,555137
2026-02-08,M026,546439
2026-02-08,M027,655273
2026-02-08,M028,452996
2026-02-08,M029,631822
2026-02-08,M030,545280
2026-02-08,M031,421106
2026-02-08,M032,391050
2026-02-08,M033,801146
2026-02-08,M034,632446
2026-02-08,M035,742026
2026-02-08,M036,454461
2026-02-08,M037,557987
2026-02-08,M038,495124
2026-02-08,M039,636130
2026-02-08,M040,504559
2026-02-08,M041,882554
2026-02-08,M042,793404
2026-02-08,M043,487041
2026-02-08,M044,467119
2026-02-08,M045,849691
2026-02-08,M046,668386
2026-02-08,M047,776487
2026-02-08,M048,671081
2026-02-09,M001,258987
2026-02-09,M002,209418
2026-02-09,M003,300261
2026-02-09,M004,360245
2026-02-09,M005,528463
2026-02-09,M006,446248
2026-02-09,M007,434690
2026-02-09,M008,314295
2026-02-09,M009,466252
2026-02-09,M010,311883
2026-02-09,M011,441528
2026-02-09,M012,519656
2026-02-09,M013,570128
2026-02-09,M014,446079
2026-02-09,M015,355515
2026-02-09,M016,461478
2026-02-09,M017,633152
2026-02-09,M018,476042
2026-02-09,M019,482694
2026-02-09,M020,507250
2026-02-09,M021,780929
2026-02-09,M022,390126
2026-02-09,M023,520188
2026-02-09,M024,591446
2026-02-09,M025,615099
2026-02-09,M026,497693
2026-02-09,M027,709172
2026-02-09,M028,720353
2026-02-09,M029,594618
2026-02-09,M030,480801
2026-02-09,M031,490987
2026-02-09,M032,604949
2026-02-09,M033,752798
2026-02-09,M034,600614
2026-02-09,M035,865815
2026-02-09,M036,734448
2026-02-09,M037,641773
2026-02-09,M038,443674
2026-02-09,M039,632230
2026-02-09,M040,708159
2026-02-09,M041,989007
2026-02-09,M042,816504
2026-02-09,M043,583715
2026-02-09,M044,656479
2026-02-09,M045,900557
2026-02-09,M046,574642
2026-02-09,M047,846336
2026-02-09,M048,876078
2026-02-10,M001,135122
2026-02-10,M002,279051
2026-02-10,M003,264361
2026-02-10,M004,566764
2026-02-10,M005,330609
2026-02-10,M006,637873
2026-02-10,M007,369953
2026-02-10,M008,398534
2026-02-10,M009,251236
2026-02-10,M010,475757
2026-02-10,M011,394614
2026-02-10,M012,806011
2026-02-10,M013,286409
2026-02-10,M014,610359
2026-02-10,M015,307918
2026-02-10,M016,671683
2026-02-10,M017,332867
2026-02-10,M018,756114
2026-02-10,M019,359915
2026-02-10,M020,737635
2026-02-10,M021,385631
2026-02-10,M022,554725
2026-02-10,M023,441115
2026-02-10,M024,841086
2026-02-10,M025,350498
2026-02-10,M026,715594
2026-02-10,M027,597221
2026-02-10,M028,1041203
2026-02-10,M029,375550
2026-02-10,M030,725824
2026-02-10,M031,434784
2026-02-10,M032,841036
2026-02-10,M033,443058
2026-02-10,M034,888242
2026-02-10,M035,687834
2026-02-10,M036,886294
2026-02-10,M037,354200
2026-02-10,M038,660879
2026-02-10,M039,514190
2026-02-10,M040,1045457
2026-02-10,M041,611378
2026-02-10,M042,1018966
2026-02-10,M043,467547
2026-02-10,M044,867011
2026-02-10,M045,529828
2026-02-10,M046,900391
2026-02-10,M047,678498
2026-02-10,M048,1399365
2026-02-11,M001,187484
2026-02-11,M002,268283
2026-02-11,M003,375537
2026-02-11,M004,320464
2026-02-11,M005,397409
2026-02-11,M006,548808
2026-02-11,M007,484037
2026-02-11,M008,268528
2026-02-11,M009,326841
2026-02-11,M010,419105
2026-02-11,M011,511940
2026-02-11,M012,469887
2026-02-11,M013,449332
2026-02-11,M014,558198
2026-02-11,M015,412488
2026-02-11,M016,403129
2026-02-11,M017,482160
2026-02-11,M018,632822
2026-02-11,M019,531957
2026-02-11,M020,463470
2026-02-11,M021,529550
2026-02-11,M022,451937
2026-02-11,M023,599555
2026-02-11,M024,502591
2026-02-11,M025,451070
2026-02-11,M026,582210
2026-02-11,M027,751565
2026-02-11,M028,570278
2026-02-11,M029,459142
2026-02-11,M030,661346
2026-02-11,M031,586598
2026-02-11,M032,487239
2026-02-11,M033,661718
2026-02-11,M034,773591
2026-02-11,M035,933952
2026-02-11,M036,588610
2026-02-11,M037,443714
2026-02-11,M038,659653
2026-02-11,M039,726586
2026-02-11,M040,684608
2026-02-11,M041,846786
2026-02-11,M042,976286
2026-02-11,M043,611096
2026-02-11,M044,599106
2026-02-11,M045,665743
2026-02-11,M046,817800
2026-02-11,M047,993085
2026-02-11,M048,752962
2026-02-12,M001,268187
2026-02-12,M002,233169
2026-02-12,M003,333851
2026-02-12,M004,308074
2026-02-12,M005,550646
2026-02-12,M006,550401
2026-02-12,M007,428717
2026-02-12,M008,217424
2026-02-12,M009,430894
2026-02-12,M010,390053
2026-02-12,M011,468020
2026-02-12,M012,430340
2026-02-12,M013,606539
2026-02-12,M014,537003
2026-02-12,M015,365854
2026-02-12,M016,331935
2026-02-12,M017,677003
2026-02-12,M018,553254
2026-02-12,M019,473648
2026-02-12,M020,438267
2026-02-12,M021,809687
2026-02-12,M022,417441
2026-02-12,M023,526423
2026-02-12,M024,450481
2026-02-12,M025,674129
2026-02-12,M026,577557
2026-02-12,M027,655116
2026-02-12,M028,530610
2026-02-12,M029,699525
2026-02-12,M030,589285
2026-02-12,M031,514045
2026-02-12,M032,447508
2026-02-12,M033,848451
2026-02-12,M034,692113
2026-02-12,M035,878763
2026-02-12,M036,570479
2026-02-12,M037,656119
2026-02-12,M038,517494
2026-02-12,M039,616537
2026-02-12,M040,617677
2026-02-12,M041,1070562
2026-02-12,M042,935174
2026-02-12,M043,575884
2026-02-12,M044,496047
2026-02-12,M045,880813
2026-02-12,M046,716822
2026-02-12,M047,813663
2026-02-12,M048,770093
2026-02-13,M001,258588
2026-02-13,M002,197860
2026-02-13,M003,294055
2026-02-13,M004,382130
2026-02-13,M005,544140
2026-02-13,M006,407991
2026-02-13,M007,449115
2026-02-13,M008,305692
2026-02-13,M009,417592
2026-02-13,M010,339067
2026-02-13,M011,464686
2026-02-13,M012,536707
2026-02-13,M013,526753
2026-02-13,M014,400938
2026-02-13,M015,389096
2026-02-13,M016,412030
2026-02-13,M017,631911
2026-02-13,M018,466297
2026-02-13,M019,469126
2026-02-13,M020,506405
2026-02-13,M021,791462
2026-02-13,M022,340526
2026-02-13,M023,557567
2026-02-13,M024,597888
2026-02-13,M025,659639
2026-02-13,M026,459263
2026-02-13,M027,661479
2026-02-13,M028,678597
2026-02-13,M029,626169
2026-02-13,M030,456059
2026-02-13,M031,476600
2026-02-13,M032,599635
2026-02-13,M033,776371
2026-02-13,M034,661578
2026-02-13,M035,875443
2026-02-13,M036,671955
2026-02-13,M037,568926
2026-02-13,M038,470798
2026-02-13,M039,706390
2026-02-13,M040,763006
2026-02-13,M041,1066219
2026-02-13,M042,834446
2026-02-13,M043,535122
2026-02-13,M044,609856
2026-02-13,M045,872540
2026-02-13,M046,604980
2026-02-13,M047,796275
2026-02-13,M048,949655
2026-02-14,M001,135543
2026-02-14,M002,272212
2026-02-14,M003,243607
2026-02-14,M004,473015
2026-02-14,M005,262732
2026-02-14,M006,596861
2026-02-14,M007,358547
2026-02-14,M008,409939
2026-02-14,M009,233250
2026-02-14,M010,423187
2026-02-14,M011,348807
2026-02-14,M012,744295
2026-02-14,M013,263336
2026-02-14,M014,527821
2026-02-14,M015,282060
2026-02-14,M016,568860
2026-02-14,M017,338439
2026-02-14,M018,680334
2026-02-14,M019,353034
2026-02-14,M020,721383
2026-02-14,M021,351438
2026-02-14,M022,454590
2026-02-14,M023,427592
2026-02-14,M024,739254
2026-02-14,M025,305398
2026-02-14,M026,594986
2026-02-14,M027,532005
2026-02-14,M028,844355
2026-02-14,M029,323486
2026-02-14,M030,619086
2026-02-14,M031,391294
2026-02-14,M032,764307
2026-02-14,M033,420548
2026-02-14,M034,780202
2026-02-14,M035,701720
2026-02-14,M036,805278
2026-02-14,M037,318633
2026-02-14,M038,621614
2026-02-14,M039,490347
2026-02-14,M040,884415
2026-02-14,M041,536011
2026-02-14,M042,959746
2026-02-14,M043,434999
2026-02-14,M044,780103
2026-02-14,M045,481918
2026-02-14,M046,829076
2026-02-14,M047,591156
2026-02-14,M048,1272407
2026-02-15,M001,162586
2026-02-15,M002,266403
2026-02-15,M003,336657
2026-02-15,M004,320038
2026-02-15,M005,367610
2026-02-15,M006,488279
2026-02-15,M007,461379
2026-02-15,M008,247027
2026-02-15,M009,315055
2026-02-15,M010,356644
2026-02-15,M011,506821
2026-02-15,M012,433770
2026-02-15,M013,367722
2026-02-15,M014,536767
2026-02-15,M015,368542
2026-02-15,M016,352058
2026-02-15,M017,437329
2026-02-15,M018,617359
2026-02-15,M019,444665
2026-02-15,M020,400319
2026-02-15,M021,528951
2026-02-15,M022,403741
2026-02-15,M023,504112
2026-02-15,M024,500387
2026-02-15,M025,430314
2026-02-15,M026,538584
2026-02-15,M027,703200
2026-02-15,M028,557186
2026-02-15,M029,475173
2026-02-15,M030,626825
2026-02-15,M031,548141
2026-02-15,M032,426829
2026-02-15,M033,603480
2026-02-15,M034,772219
2026-02-15,M035,874743
2026-02-15,M036,489928
2026-02-15,M037,419707
2026-02-15,M038,554690
2026-02-15,M039,718175
2026-02-15,M040,621994
2026-02-15,M041,716085
2026-02-15,M042,991017
2026-02-15,M043,607070
2026-02-15,M044,536399
2026-02-15,M045,587220
2026-02-15,M046,672105
2026-02-15,M047,817905
2026-02-15,M048,716361
2026-02-16,M001,271823
2026-02-16,M002,233944
2026-02-16,M003,338819
2026-02-16,M004,324961
2026-02-16,M005,540053
2026-02-16,M006,522607
2026-02-16,M007,482791
2026-02-16,M008,251617
2026-02-16,M009,464920
2026-02-16,M010,373573
2026-02-16,M011,457992
2026-02-16,M012,431168
2026-02-16,M013,559123
2026-02-16,M014,539321
2026-02-16,M015,372788
2026-02-16,M016,370633
2026-02-16,M017,677432
2026-02-16,M018,619897
2026-02-16,M019,439931
2026-02-16,M020,404397
2026-02-16,M021,742465
2026-02-16,M022,405986
2026-02-16,M023,544265
2026-02-16,M024,505027
2026-02-16,M025,631085
2026-02-16,M026,526578
2026-02-16,M027,655396
2026-02-16,M028,517254
2026-02-16,M029,680384
2026-02-16,M030,621618
2026-02-16,M031,486317
2026-02-16,M032,440492
2026-02-16,M033,827624
2026-02-16,M034,763435
2026-02-16,M035,848714
2026-02-16,M036,509907
2026-02-16,M037,592316
2026-02-16,M038,592767
2026-02-16,M039,622539
2026-02-16,M040,588715
2026-02-16,M041,991793
2026-02-16,M042,867990
2026-02-16,M043,579702
2026-02-16,M044,482481
2026-02-16,M045,910256
2026-02-16,M046,660437
2026-02-16,M047,874104
2026-02-16,M048,763168
2026-02-17,M001,237700
2026-02-17,M002,218500
2026-02-17,M003,333166
2026-02-17,M004,417960
2026-02-17,M005,600195
2026-02-17,M006,426502
2026-02-17,M007,420619
2026-02-17,M008,301311
2026-02-17,M009,418590
2026-02-17,M010,331341
2026-02-17,M011,460951
2026-02-17,M012,572111
2026-02-17,M013,519180
2026-02-17,M014,445696
2026-02-17,M015,385017
2026-02-17,M016,422653
2026-02-17,M017,646648
2026-02-17,M018,476199
2026-02-17,M019,459919
2026-02-17,M020,564012
2026-02-17,M021,782680
2026-02-17,M022,382408
2026-02-17,M023,549259
2026-02-17,M024,602588
2026-02-17,M025,638665
2026-02-17,M026,481959
2026-02-17,M027,648012
2026-02-17,M028,649743
2026-02-17,M029,599243
2026-02-17,M030,470311
2026-02-17,M031,518688
2026-02-17,M032,618380
2026-02-17,M033,862786
2026-02-17,M034,614502
2026-02-17,M035,832106
2026-02-17,M036,726072
2026-02-17,M037,561466
2026-02-17,M038,482242
2026-02-17,M039,670784
2026-02-17,M040,699533
2026-02-17,M041,1101831
2026-02-17,M042,811818
2026-02-17,M043,572435
2026-02-17,M044,604097
2026-02-17,M045,841514
2026-02-17,M046,619575
2026-02-17,M047,860869
2026-02-17,M048,997128
2026-02-18,M001,147873
2026-02-18,M002,285013
2026-02-18,M003,275225
2026-02-18,M004,516339
2026-02-18,M005,319181
2026-02-18,M006,655958
2026-02-18,M007,362931
2026-02-18,M008,435783
2026-02-18,M009,248220
2026-02-18,M010,459027
2026-02-18,M011,417017
2026-02-18,M012,771829
2026-02-18,M013,326505
2026-02-18,M014,615118
2026-02-18,M015,288040
2026-02-18,M016,631756
2026-02-18,M017,340764
2026-02-18,M018,740053
2026-02-18,M019,362502
2026-02-18,M020,739233
2026-02-18,M021,395813
2026-02-18,M022,553442
2026-02-18,M023,464298
2026-02-18,M024,877974
2026-02-18,M025,345071
2026-02-18,M026,732195
2026-02-18,M027,545765
2026-02-18,M028,1026700
2026-02-18,M029,361245
2026-02-18,M030,710181
2026-02-18,M031,397187
2026-02-18,M032,877028
2026-02-18,M033,422696
2026-02-18,M034,848991
2026-02-18,M035,757396
2026-02-18,M036,989164
2026-02-18,M037,353224
2026-02-18,M038,625202
2026-02-18,M039,549092
2026-02-18,M040,1020955
2026-02-18,M041,608250
2026-02-18,M042,1025245
2026-02-18,M043,489531
2026-02-18,M044,932766
2026-02-18,M045,488386
2026-02-18,M046,878414
2026-02-18,M047,730998
2026-02-18,M048,1334934
2026-02-19,M001,199954
2026-02-19,M002,277865
2026-02-19,M003,342467
2026-02-19,M004,321515
2026-02-19,M005,410773
2026-02-19,M006,593044
2026-02-19,M007,534521
2026-02-19,M008,252046
2026-02-19,M009,331519
2026-02-19,M010,396285
2026-02-19,M011,490448
2026-02-19,M012,457306
2026-02-19,M013,426989
2026-02-19,M014,588192
2026-02-19,M015,438611
2026-02-19,M016,370947
2026-02-19,M017,497439
2026-02-19,M018,685839
2026-02-19,M019,512362
2026-02-19,M020,427284
2026-02-19,M021,579458
2026-02-19,M022,440515
2026-02-19,M023,582692
2026-02-19,M024,556779
2026-02-19,M025,437652
2026-02-19,M026,644282
2026-02-19,M027,784501
2026-02-19,M028,553537
2026-02-19,M029,473966
2026-02-19,M030,615823
2026-02-19,M031,596882
2026-02-19,M032,491420
2026-02-19,M033,598864
2026-02-19,M034,765143
2026-02-19,M035,962616
2026-02-19,M036,569586
2026-02-19,M037,430831
2026-02-19,M038,575414
2026-02-19,M039,712242
2026-02-19,M040,675124
2026-02-19,M041,784704
2026-02-19,M042,1096441
2026-02-19,M043,674784
2026-02-19,M044,578682
2026-02-19,M045,685026
2026-02-19,M046,732895
2026-02-19,M047,995396
2026-02-19,M048,800709
2026-02-20,M001,252664
2026-02-20,M002,258093
2026-02-20,M003,307154
2026-02-20,M004,299827
2026-02-20,M005,536952
2026-02-20,M006,543738
2026-02-20,M007,449072
2026-02-20,M008,218394
2026-02-20,M009,430967
2026-02-20,M010,385586
2026-02-20,M011,478723
2026-02-20,M012,421715
2026-02-20,M013,577660
2026-02-20,M014,534060
2026-02-20,M015,394543
2026-02-20,M016,368289
2026-02-20,M017,673964
2026-02-20,M018,569242
2026-02-20,M019,478059
2026-02-20,M020,412349
2026-02-20,M021,788625
2026-02-20,M022,435303
2026-02-20,M023,564171
2026-02-20,M024,472978
2026-02-20,M025,620619
2026-02-20,M026,567916
2026-02-20,M027,648369
2026-02-20,M028,545414
2026-02-20,M029,606148
2026-02-20,M030,615284
2026-02-20,M031,531184
2026-02-20,M032,476122
2026-02-20,M033,855557
2026-02-20,M034,752589
2026-02-20,M035,921881
2026-02-20,M036,532974
2026-02-20,M037,655143
2026-02-20,M038,580076
2026-02-20,M039,703607
2026-02-20,M040,559664
2026-02-20,M041,1044498
2026-02-20,M042,911459
2026-02-20,M043,519791
2026-02-20,M044,542532
2026-02-20,M045,872814
2026-02-20,M046,752426
2026-02-20,M047,908155
2026-02-20,M048,784070
2026-02-21,M001,209439
2026-02-21,M002,181716
2026-02-21,M003,308508
2026-02-21,M004,340494
2026-02-21,M005,488813
2026-02-21,M006,427685
2026-02-21,M007,436255
2026-02-21,M008,265656
2026-02-21,M009,415242
2026-02-21,M010,306400
2026-02-21,M011,423003
2026-02-21,M012,484517
2026-02-21,M013,462065
2026-02-21,M014,409324
2026-02-21,M015,307360
2026-02-21,M016,370913
2026-02-21,M017,535771
2026-02-21,M018,477949
2026-02-21,M019,392467
2026-02-21,M020,496286
2026-02-21,M021,657837
2026-02-21,M022,306169
2026-02-21,M023,505059
2026-02-21,M024,559158
2026-02-21,M025,554487
2026-02-21,M026,425294
2026-02-21,M027,574233
2026-02-21,M028,667733
2026-02-21,M029,589274
2026-02-21,M030,431490
2026-02-21,M031,463660
2026-02-21,M032,537155
2026-02-21,M033,736061
2026-02-21,M034,578863
2026-02-21,M035,788325
2026-02-21,M036,623965
2026-02-21,M037,526995
2026-02-21,M038,452020
2026-02-21,M039,573125
2026-02-21,M040,689682
2026-02-21,M041,964349
2026-02-21,M042,711429
2026-02-21,M043,516009
2026-02-21,M044,569984
2026-02-21,M045,766416
2026-02-21,M046,547766
2026-02-21,M047,745929
2026-02-21,M048,918951
2026-02-22,M001,134436
2026-02-22,M002,264534
2026-02-22,M003,257022
2026-02-22,M004,503593
2026-02-22,M005,274967
2026-02-22,M006,545930
2026-02-22,M007,326859
2026-02-22,M008,378429
2026-02-22,M009,225268
2026-02-22,M010,422878
2026-02-22,M011,337208
2026-02-22,M012,637664
2026-02-22,M013,262732
2026-02-22,M014,578398
2026-02-22,M015,262396
2026-02-22,M016,552660
2026-02-22,M017,346769
2026-02-22,M018,637711
2026-02-22,M019,365456
2026-02-22,M020,714664
2026-02-22,M021,377145
2026-02-22,M022,495955
2026-02-22,M023,378290
2026-02-22,M024,793090
2026-02-22,M025,303213
2026-02-22,M026,624707
2026-02-22,M027,490557
2026-02-22,M028,882111
2026-02-22,M029,304561
2026-02-22,M030,650778
2026-02-22,M031,381829
2026-02-22,M032,688128
2026-02-22,M033,398400
2026-02-22,M034,735969
2026-02-22,M035,699805
2026-02-22,M036,855344
2026-02-22,M037,317821
2026-02-22,M038,628466
2026-02-22,M039,486372
2026-02-22,M040,952063
2026-02-22,M041,505994
2026-02-22,M042,1018543
2026-02-22,M043,436444
2026-02-22,M044,854163
2026-02-22,M045,459827
2026-02-22,M046,753878
2026-02-22,M047,657603
2026-02-22,M048,1252864
2026-02-23,M001,180807
2026-02-23,M002,266297
2026-02-23,M003,362617
2026-02-23,M004,318956
2026-02-23,M005,444593
2026-02-23,M006,602886
2026-02-23,M007,554466
2026-02-23,M008,269817
2026-02-23,M009,355114
2026-02-23,M010,411121
2026-02-23,M011,489480
2026-02-23,M012,503061
2026-02-23,M013,400893
2026-02-23,M014,584932
2026-02-23,M015,452958
2026-02-23,M016,375278
2026-02-23,M017,518507
2026-02-23,M018,644323
2026-02-23,M019,506375
2026-02-23,M020,468986
2026-02-23,M021,531378
2026-02-23,M022,508902
2026-02-23,M023,585599
2026-02-23,M024,558518
2026-02-23,M025,464226
2026-02-23,M026,596866
2026-02-23,M027,779595
2026-02-23,M028,585861
2026-02-23,M029,486874
2026-02-23,M030,645942
2026-02-23,M031,618781
2026-02-23,M032,508305
2026-02-23,M033,629209
2026-02-23,M034,811362
2026-02-23,M035,1055603
2026-02-23,M036,579106
2026-02-23,M037,459310
2026-02-23,M038,647252
2026-02-23,M039,741939
2026-02-23,M040,690314
2026-02-23,M041,852053
2026-02-23,M042,1014309
2026-02-23,M043,587511
2026-02-23,M044,541372
2026-02-23,M045,728916
2026-02-23,M046,827483
2026-02-23,M047,885580
2026-02-23,M048,842089
2026-02-24,M001,242481
2026-02-24,M002,266672
2026-02-24,M003,332200
2026-02-24,M004,322947
2026-02-24,M005,584593
2026-02-24,M006,480454
2026-02-24,M007,454229
2026-02-24,M008,250122
2026-02-24,M009,439843
2026-02-24,M010,388199
2026-02-24,M011,457318
2026-02-24,M012,449958
2026-02-24,M013,521591
2026-02-24,M014,491152
2026-02-24,M015,373634
2026-02-24,M016,359838
2026-02-24,M017,669901
2026-02-24,M018,541403
2026-02-24,M019,431321
2026-02-24,M020,426993
2026-02-24,M021,789314
2026-02-24,M022,442475
2026-02-24,M023,491698
2026-02-24,M024,439717
2026-02-24,M025,636460
2026-02-24,M026,521100
2026-02-24,M027,704515
2026-02-24,M028,510294
2026-02-24,M029,608058
2026-02-24,M030,625381
2026-02-24,M031,520815
2026-02-24,M032,464457
2026-02-24,M033,814988
2026-02-24,M034,712878
2026-02-24,M035,859890
2026-02-24,M036,542952
2026-02-24,M037,603100
2026-02-24,M038,574436
2026-02-24,M039,693683
2026-02-24,M040,571305
2026-02-24,M041,1108675
2026-02-24,M042,867017
2026-02-24,M043,584995
2026-02-24,M044,521665
2026-02-24,M045,974961
2026-02-24,M046,700122
2026-02-24,M047,858668
2026-02-24,M048,686401
2026-02-25,M001,241083
2026-02-25,M002,213942
2026-02-25,M003,325097
2026-02-25,M004,380849
2026-02-25,M005,558803
2026-02-25,M006,425439
2026-02-25,M007,470814
2026-02-25,M008,298469
2026-02-25,M009,478208
2026-02-25,M010,320804
2026-02-25,M011,455438
2026-02-25,M012,567717
2026-02-25,M013,529448
2026-02-25,M014,463410
2026-02-25,M015,351444
2026-02-25,M016,449517
2026-02-25,M017,646371
2026-02-25,M018,471466
2026-02-25,M019,453886
2026-02-25,M020,563644
2026-02-25,M021,681124
2026-02-25,M022,385603
2026-02-25,M023,534190
2026-02-25,M024,618148
2026-02-25,M025,622541
2026-02-25,M026,477556
2026-02-25,M027,681290
2026-02-25,M028,710031
2026-02-25,M029,616433
2026-02-25,M030,469370
2026-02-25,M031,539238
2026-02-25,M032,574467
2026-02-25,M033,874762
2026-02-25,M034,636542
2026-02-25,M035,832543
2026-02-25,M036,682092
2026-02-25,M037,565013
2026-02-25,M038,463302
2026-02-25,M039,640296
2026-02-25,M040,769374
2026-02-25,M041,972653
2026-02-25,M042,817020
2026-02-25,M043,545857
2026-02-25,M044,660459
2026-02-25,M045,910200
2026-02-25,M046,574846
2026-02-25,M047,847396
2026-02-25,M048,895255
2026-02-26,M001,141484
2026-02-26,M002,318592
2026-02-26,M003,281413
2026-02-26,M004,525824
2026-02-26,M005,316425
2026-02-26,M006,614520
2026-02-26,M007,382448
2026-02-26,M008,394731
2026-02-26,M009,242023
2026-02-26,M010,473134
2026-02-26,M011,394102
2026-02-26,M012,785558
2026-02-26,M013,293220
2026-02-26,M014,647768
2026-02-26,M015,289870
2026-02-26,M016,594646
2026-02-26,M017,345021
2026-02-26,M018,750354
2026-02-26,M019,385408
2026-02-26,M020,749741
2026-02-26,M021,393155
2026-02-26,M022,532553
2026-02-26,M023,473640
2026-02-26,M024,852734
2026-02-26,M025,367858
2026-02-26,M026,642059
2026-02-26,M027,531644
2026-02-26,M028,1012022
2026-02-26,M029,339335
2026-02-26,M030,736259
2026-02-26,M031,400276
2026-02-26,M032,860802
2026-02-26,M033,459983
2026-02-26,M034,815444
2026-02-26,M035,775695
2026-02-26,M036,951748
2026-02-26,M037,317899
2026-02-26,M038,640344
2026-02-26,M039,566354
2026-02-26,M040,1086170
2026-02-26,M041,561053
2026-02-26,M042,1077504
2026-02-26,M043,455608
2026-02-26,M044,963112
2026-02-26,M045,516976
2026-02-26,M046,791055
2026-02-26,M047,748646
2026-02-26,M048,1290074
2026-02-27,M001,180524
2026-02-27,M002,256881
2026-02-27,M003,343887
2026-02-27,M004,328675
2026-02-27,M005,436202
2026-02-27,M006,576238
2026-02-27,M007,496743
2026-02-27,M008,251336
2026-02-27,M009,339643
2026-02-27,M010,394959
2026-02-27,M011,544421
2026-02-27,M012,478053
2026-02-27,M013,443591
2026-02-27,M014,592211
2026-02-27,M015,423832
2026-02-27,M016,375856
2026-02-27,M017,470002
2026-02-27,M018,629707
2026-02-27,M019,511891
2026-02-27,M020,457059
2026-02-27,M021,598827
2026-02-27,M022,465039
2026-02-27,M023,605490
2026-02-27,M024,551711
2026-02-27,M025,458815
2026-02-27,M026,656840
2026-02-27,M027,727521
2026-02-27,M028,614467
2026-02-27,M029,456315
2026-02-27,M030,693315
2026-02-27,M031,548488
2026-02-27,M032,504730
2026-02-27,M033,585318
2026-02-27,M034,795771
2026-02-27,M035,978311
2026-02-27,M036,617187
2026-02-27,M037,454758
2026-02-27,M038,593951
2026-02-27,M039,696050
2026-02-27,M040,645957
2026-02-27,M041,802315
2026-02-27,M042,980363
2026-02-27,M043,657889
2026-02-27,M044,578548
2026-02-27,M045,718911
2026-02-27,M046,851544
2026-02-27,M047,933111
2026-02-27,M048,785906
2026-02-28,M001,219783
2026-02-28,M002,216297
2026-02-28,M003,267697
2026-02-28,M004,290750
2026-02-28,M005,503010
2026-02-28,M006,448276
2026-02-28,M007,420086
2026-02-28,M008,205402
2026-02-28,M009,409420
2026-02-28,M010,326444
2026-02-28,M011,423086
2026-02-28,M012,411909
2026-02-28,M013,494330
2026-02-28,M014,476350
2026-02-28,M015,353569
2026-02-28,M016,327632
2026-02-28,M017,577377
2026-02-28,M018,488275
2026-02-28,M019,408661
2026-02-28,M020,341964
2026-02-28,M021,641951
2026-02-28,M022,381950
2026-02-28,M023,496926
2026-02-28,M024,402053
2026-02-28,M025,543970
2026-02-28,M026,473852
2026-02-28,M027,633038
2026-02-28,M028,512847
2026-02-28,M029,595198
2026-02-28,M030,564862
2026-02-28,M031,450367
2026-02-28,M032,420965
2026-02-28,M033,784580
2026-02-28,M034,693720
2026-02-28,M035,782016
2026-02-28,M036,515921
2026-02-28,M037,521467
2026-02-28,M038,484309
2026-02-28,M039,553282
2026-02-28,M040,535479
2026-02-28,M041,967086
2026-02-28,M042,808351
2026-02-28,M043,522647
2026-02-28,M044,470559
2026-02-28,M045,861850
2026-02-28,M046,606204
2026-02-28,M047,768841
2026-02-28,M048,671927
2026-03-01,M001,243041
2026-03-01,M002,180644
2026-03-01,M003,303511
2026-03-01,M004,347233
2026-03-01,M005,543616
2026-03-01,M006,399421
2026-03-01,M007,431044
2026-03-01,M008,292967
2026-03-01,M009,425370
2026-03-01,M010,290213
2026-03-01,M011,458450
2026-03-01,M012,470944
2026-03-01,M013,471612
2026-03-01,M014,391425
2026-03-01,M015,343205
2026-03-01,M016,397646
2026-03-01,M017,619275
2026-03-01,M018,471069
2026-03-01,M019,430956
2026-03-01,M020,506282
2026-03-01,M021,696667
2026-03-01,M022,333816
2026-03-01,M023,459123
2026-03-01,M024,588181
2026-03-01,M025,535648
2026-03-01,M026,436373
2026-03-01,M027,670275
2026-03-01,M028,627288
2026-03-01,M029,602843
2026-03-01,M030,492605
2026-03-01,M031,468964
2026-03-01,M032,537845
2026-03-01,M033,707805
2026-03-01,M034,551373
2026-03-01,M035,814961
2026-03-01,M036,664635
2026-03-01,M037,585923
2026-03-01,M038,402416
2026-03-01,M039,607941
2026-03-01,M040,696223
2026-03-01,M041,990839
2026-03-01,M042,776099
2026-03-01,M043,545636
2026-03-01,M044,640790
2026-03-01,M045,891701
2026-03-01,M046,541511
2026-03-01,M047,779072
2026-03-01,M048,807876
2026-03-02,M001,145775
2026-03-02,M002,293032
2026-03-02,M003,259795
2026-03-02,M004,526866
2026-03-02,M005,321903
2026-03-02,M006,635182
2026-03-02,M007,415012
2026-03-02,M008,466481
2026-03-02,M009,242152
2026-03-02,M010,429503
2026-03-02,M011,389769
2026-03-02,M012,740259
2026-03-02,M013,315022
2026-03-02,M014,606592
2026-03-02,M015,333131
2026-03-02,M016,660250
2026-03-02,M017,377018
2026-03-02,M018,773490
2026-03-02,M019,382885
2026-03-02,M020,713872
2026-03-02,M021,456450
2026-03-02,M022,510565
2026-03-02,M023,444605
2026-03-02,M024,924227
2026-03-02,M025,369936
2026-03-02,M026,707069
2026-03-02,M027,594659
2026-03-02,M028,963739
2026-03-02,M029,369531
2026-03-02,M030,776599
2026-03-02,M031,438166
2026-03-02,M032,909485
2026-03-02,M033,487109
2026-03-02,M034,919197
2026-03-02,M035,693372
2026-03-02,M036,970116
2026-03-02,M037,345643
2026-03-02,M038,633484
2026-03-02,M039,567237
2026-03-02,M040,1101919
2026-03-02,M041,633964
2026-03-02,M042,1127777
2026-03-02,M043,453981
2026-03-02,M044,972753
2026-03-02,M045,482206
2026-03-02,M046,838402
2026-03-02,M047,666208
2026-03-02,M048,1444499
2026-03-03,M001,205171
2026-03-03,M002,301651
2026-03-03,M003,360010
2026-03-03,M004,325008
2026-03-03,M005,421657
2026-03-03,M006,636658
2026-03-03,M007,554995
2026-03-03,M008,266435
2026-03-03,M009,355643
2026-03-03,M010,437864
2026-03-03,M011,552486
2026-03-03,M012,480085
2026-03-03,M013,400677
2026-03-03,M014,607860
2026-03-03,M015,437887
2026-03-03,M016,381329
2026-03-03,M017,488813
2026-03-03,M018,682275
2026-03-03,M019,488878
2026-03-03,M020,490137
2026-03-03,M021,594256
2026-03-03,M022,525138
2026-03-03,M023,660201
2026-03-03,M024,574571
2026-03-03,M025,453663
2026-03-03,M026,679154
2026-03-03,M027,850443
2026-03-03,M028,629517
2026-03-03,M029,474751
2026-03-03,M030,623957
2026-03-03,M031,602835
2026-03-03,M032,546907
2026-03-03,M033,677531
2026-03-03,M034,843742
2026-03-03,M035,1080599
2026-03-03,M036,600141
2026-03-03,M037,501177
2026-03-03,M038,599253
2026-03-03,M039,779745
2026-03-03,M040,709557
2026-03-03,M041,777680
2026-03-03,M042,1104977
2026-03-03,M043,617005
2026-03-03,M044,569789
2026-03-03,M045,690005
2026-03-03,M046,799812
2026-03-03,M047,990862
2026-03-03,M048,827655
2026-03-04,M001,280024
2026-03-04,M002,264012
2026-03-04,M003,344454
2026-03-04,M004,288705
2026-03-04,M005,625360
2026-03-04,M006,554104
2026-03-04,M007,482423
2026-03-04,M008,227902
2026-03-04,M009,459606
2026-03-04,M010,360160
2026-03-04,M011,508962
2026-03-04,M012,422442
2026-03-04,M013,616814
2026-03-04,M014,496412
2026-03-04,M015,377324
2026-03-04,M016,336558
2026-03-04,M017,700140
2026-03-04,M018,557483
2026-03-04,M019,492058
2026-03-04,M020,439512
2026-03-04,M021,760182
2026-03-04,M022,465340
2026-03-04,M023,575651
2026-03-04,M024,480532
2026-03-04,M025,638729
2026-03-04,M026,559393
2026-03-04,M027,741679
2026-03-04,M028,561679
2026-03-04,M029,636408
2026-03-04,M030,636263
2026-03-04,M031,516347
2026-03-04,M032,491244
2026-03-04,M033,881818
2026-03-04,M034,687712
2026-03-04,M035,951785
2026-03-04,M036,539064
2026-03-04,M037,596065
2026-03-04,M038,580388
2026-03-04,M039,642956
2026-03-04,M040,577863
2026-03-04,M041,1156850
2026-03-04,M042,863980
2026-03-04,M043,540078
2026-03-04,M044,491926
2026-03-04,M045,984718
2026-03-04,M046,723508
2026-03-04,M047,870978
2026-03-04,M048,805714
2026-03-05,M001,263625
2026-03-05,M002,206253
2026-03-05,M003,327832
2026-03-05,M004,426330
2026-03-05,M005,575467
2026-03-05,M006,418956
2026-03-05,M007,492421
2026-03-05,M008,328461
2026-03-05,M009,485992
2026-03-05,M010,328178
2026-03-05,M011,442330
2026-03-05,M012,586467
2026-03-05,M013,522207
2026-03-05,M014,473983
2026-03-05,M015,377481
2026-03-05,M016,463711
2026-03-05,M017,670186
2026-03-05,M018,491433
2026-03-05,M019,480840
2026-03-05,M020,569084
2026-03-05,M021,802546
2026-03-05,M022,382241
2026-03-05,M023,546851
2026-03-05,M024,619420
2026-03-05,M025,675356
2026-03-05,M026,464601
2026-03-05,M027,713620
2026-03-05,M028,711319
2026-03-05,M029,656788
2026-03-05,M030,493281
2026-03-05,M031,474478
2026-03-05,M032,627743
2026-03-05,M033,886697
2026-03-05,M034,677186
2026-03-05,M035,868041
2026-03-05,M036,719607
2026-03-05,M037,617877
2026-03-05,M038,478760
2026-03-05,M039,644618
2026-03-05,M040,764661
2026-03-05,M041,1022104
2026-03-05,M042,811844
2026-03-05,M043,556543
2026-03-05,M044,672582
2026-03-05,M045,932619
2026-03-05,M046,592037
2026-03-05,M047,830290
2026-03-05,M048,913160
2026-03-06,M001,148021
2026-03-06,M002,304577
2026-03-06,M003,275133
2026-03-06,M004,578339
2026-03-06,M005,325146
2026-03-06,M006,689590
2026-03-06,M007,381492
2026-03-06,M008,421509
2026-03-06,M009,241228
2026-03-06,M010,436710
2026-03-06,M011,395287
2026-03-06,M012,787594
2026-03-06,M013,294184
2026-03-06,M014,649460
2026-03-06,M015,309365
2026-03-06,M016,601554
2026-03-06,M017,359594
2026-03-06,M018,689829
2026-03-06,M019,386630
2026-03-06,M020,770114
2026-03-06,M021,455351
2026-03-06,M022,490650
2026-03-06,M023,438367
2026-03-06,M024,903301
2026-03-06,M025,364790
2026-03-06,M026,709642
2026-03-06,M027,604128
2026-03-06,M028,969050
2026-03-06,M029,381999
2026-03-06,M030,724720
2026-03-06,M031,451168
2026-03-06,M032,868376
2026-03-06,M033,439427
2026-03-06,M034,892148
2026-03-06,M035,773936
2026-03-06,M036,960307
2026-03-06,M037,341001
2026-03-06,M038,678062
2026-03-06,M039,528387
2026-03-06,M040,1117599
2026-03-06,M041,608079
2026-03-06,M042,1069730
2026-03-06,M043,518392
2026-03-06,M044,896202
2026-03-06,M045,506325
2026-03-06,M046,913946
2026-03-06,M047,727930
2026-03-06,M048,1427087
2026-03-07,M001,187351
2026-03-07,M002,238513
2026-03-07,M003,337698
2026-03-07,M004,319003
2026-03-07,M005,384752
2026-03-07,M006,563582
2026-03-07,M007,453636
2026-03-07,M008,222491
2026-03-07,M009,327296
2026-03-07,M010,415344
2026-03-07,M011,487160
2026-03-07,M012,420699
2026-03-07,M013,419623
2026-03-07,M014,485556
2026-03-07,M015,407424
2026-03-07,M016,368976
2026-03-07,M017,428391
2026-03-07,M018,576450
2026-03-07,M019,512838
2026-03-07,M020,432312
2026-03-07,M021,535140
2026-03-07,M022,434687
2026-03-07,M023,573002
2026-03-07,M024,515254
2026-03-07,M025,458315
2026-03-07,M026,605805
2026-03-07,M027,660092
2026-03-07,M028,522136
2026-03-07,M029,469907
2026-03-07,M030,611042
2026-03-07,M031,559592
2026-03-07,M032,431104
2026-03-07,M033,542911
2026-03-07,M034,736129
2026-03-07,M035,917167
2026-03-07,M036,529230
2026-03-07,M037,464684
2026-03-07,M038,588839
2026-03-07,M039,663051
2026-03-07,M040,641851
2026-03-07,M041,755910
2026-03-07,M042,978974
2026-03-07,M043,562173
2026-03-07,M044,521069
2026-03-07,M045,613353
2026-03-07,M046,728174
2026-03-07,M047,825320
2026-03-07,M048,809330
2026-03-08,M001,247267
2026-03-08,M002,243268
2026-03-08,M003,306739
2026-03-08,M004,285808
2026-03-08,M005,502772
2026-03-08,M006,509873
2026-03-08,M007,418058
2026-03-08,M008,202187
2026-03-08,M009,402061
2026-03-08,M010,347806
2026-03-08,M011,425727
2026-03-08,M012,415430
2026-03-08,M013,548369
2026-03-08,M014,432803
2026-03-08,M015,349472
2026-03-08,M016,296414
2026-03-08,M017,590332
2026-03-08,M018,578919
2026-03-08,M019,413876
2026-03-08,M020,379889
2026-03-08,M021,654291
2026-03-08,M022,397989
2026-03-08,M023,501834
2026-03-08,M024,431463
2026-03-08,M025,553429
2026-03-08,M026,489787
2026-03-08,M027,663422
2026-03-08,M028,528181
2026-03-08,M029,618198
2026-03-08,M030,532472
2026-03-08,M031,493516
2026-03-08,M032,393430
2026-03-08,M033,746105
2026-03-08,M034,706533
2026-03-08,M035,850332
2026-03-08,M036,522244
2026-03-08,M037,587175
2026-03-08,M038,477459
2026-03-08,M039,579647
2026-03-08,M040,538168
2026-03-08,M041,999217
2026-03-08,M042,830001
2026-03-08,M043,499379
2026-03-08,M044,473092
2026-03-08,M045,893738
2026-03-08,M046,605854
2026-03-08,M047,745327
2026-03-08,M048,702782
2026-03-09,M001,237103
2026-03-09,M002,228276
2026-03-09,M003,321587
2026-03-09,M004,410739
2026-03-09,M005,564762
2026-03-09,M006,456161
2026-03-09,M007,433658
2026-03-09,M008,286450
2026-03-09,M009,466219
2026-03-09,M010,336844
2026-03-09,M011,482548
2026-03-09,M012,578854
2026-03-09,M013,533374
2026-03-09,M014,444727
2026-03-09,M015,409681
2026-03-09,M016,456370
2026-03-09,M017,644616
2026-03-09,M018,483091
2026-03-09,M019,495837
2026-03-09,M020,559886
2026-03-09,M021,758542
2026-03-09,M022,402161
2026-03-09,M023,505932
2026-03-09,M024,638905
2026-03-09,M025,667058
2026-03-09,M026,481539
2026-03-09,M027,672341
2026-03-09,M028,670532
2026-03-09,M029,695113
2026-03-09,M030,493768
2026-03-09,M031,523615
2026-03-09,M032,644922
2026-03-09,M033,832965
2026-03-09,M034,587012
2026-03-09,M035,852042
2026-03-09,M036,719562
2026-03-09,M037,589928
2026-03-09,M038,451148
2026-03-09,M039,698979
2026-03-09,M040,750597
2026-03-09,M041,1010243
2026-03-09,M042,847646
2026-03-09,M043,596174
2026-03-09,M044,664468
2026-03-09,M045,845665
2026-03-09,M046,651532
2026-03-09,M047,797797
2026-03-09,M048,908305
2026-03-10,M001,134899
2026-03-10,M002,315348
2026-03-10,M003,262020
2026-03-10,M004,560700
2026-03-10,M005,304068
2026-03-10,M006,677521
2026-03-10,M007,372076
2026-03-10,M008,456485
2026-03-10,M009,251709
2026-03-10,M010,437946
2026-03-10,M011,414477
2026-03-10,M012,791779
2026-03-10,M013,340493
2026-03-10,M014,633141
2026-03-10,M015,330561
2026-03-10,M016,598104
2026-03-10,M017,353683
2026-03-10,M018,778933
2026-03-10,M019,381005
2026-03-10,M020,791493
2026-03-10,M021,441598
2026-03-10,M022,542773
2026-03-10,M023,436485
2026-03-10,M024,858649
2026-03-10,M025,373072
2026-03-10,M026,747935
2026-03-10,M027,619357
2026-03-10,M028,1071862
2026-03-10,M029,362185
2026-03-10,M030,774163
2026-03-10,M031,430666
2026-03-10,M032,806012
2026-03-10,M033,495118
2026-03-10,M034,866928
2026-03-10,M035,744892
2026-03-10,M036,988563
2026-03-10,M037,362362
2026-03-10,M038,730077
2026-03-10,M039,586403
2026-03-10,M040,1170706
2026-03-10,M041,572013
2026-03-10,M042,1153548
2026-03-10,M043,448706
2026-03-10,M044,864274
2026-03-10,M045,491846
2026-03-10,M046,812956
2026-03-10,M047,755633
2026-03-10,M048,1274789
2026-03-11,M001,196734
2026-03-11,M002,264731
2026-03-11,M003,397411
2026-03-11,M004,346973
2026-03-11,M005,416680
2026-03-11,M006,623874
2026-03-11,M007,502318
2026-03-11,M008,273744
2026-03-11,M009,342497
2026-03-11,M010,418393
2026-03-11,M011,520744
2026-03-11,M012,450416
2026-03-11,M013,443528
2026-03-11,M014,587238
2026-03-11,M015,418092
2026-03-11,M016,410259
2026-03-11,M017,519237
2026-03-11,M018,696626
2026-03-11,M019,499155
2026-03-11,M020,496451
2026-03-11,M021,567292
2026-03-11,M022,513589
2026-03-11,M023,580938
2026-03-11,M024,566151
2026-03-11,M025,448611
2026-03-11,M026,633702
2026-03-11,M027,833039
2026-03-11,M028,616022
2026-03-11,M029,467078
2026-03-11,M030,669661
2026-03-11,M031,594873
2026-03-11,M032,481284
2026-03-11,M033,657399
2026-03-11,M034,896758
2026-03-11,M035,1068582
2026-03-11,M036,608255
2026-03-11,M037,480670
2026-03-11,M038,628736
2026-03-11,M039,756235
2026-03-11,M040,649874
2026-03-11,M041,803131
2026-03-11,M042,1004328
2026-03-11,M043,600224
2026-03-11,M044,564616
2026-03-11,M045,652017
2026-03-11,M046,781765
2026-03-11,M047,1050786
2026-03-11,M048,896122
2026-03-12,M001,265727
2026-03-12,M002,263495
2026-03-12,M003,306775
2026-03-12,M004,325352
2026-03-12,M005,609049
2026-03-12,M006,488760
2026-03-12,M007,447951
2026-03-12,M008,245172
2026-03-12,M009,488158
2026-03-12,M010,413867
2026-03-12,M011,451404
2026-03-12,M012,461164
2026-03-12,M013,532009
2026-03-12,M014,509118
2026-03-12,M015,382811
2026-03-12,M016,352143
2026-03-12,M017,692772
2026-03-12,M018,606135
2026-03-12,M019,499309
2026-03-12,M020,423789
2026-03-12,M021,729344
2026-03-12,M022,438248
2026-03-12,M023,505711
2026-03-12,M024,468189
2026-03-12,M025,631193
2026-03-12,M026,597895
2026-03-12,M027,644069
2026-03-12,M028,506134
2026-03-12,M029,703874
2026-03-12,M030,551094
2026-03-12,M031,537363
2026-03-12,M032,494812
2026-03-12,M033,804009
2026-03-12,M034,688523
2026-03-12,M035,924826
2026-03-12,M036,580214
2026-03-12,M037,613135
2026-03-12,M038,534320
2026-03-12,M039,702961
2026-03-12,M040,652153
2026-03-12,M041,1100911
2026-03-12,M042,978204
2026-03-12,M043,610861
2026-03-12,M044,501301
2026-03-12,M045,926450
2026-03-12,M046,697058
2026-03-12,M047,869129
2026-03-12,M048,767488
2026-03-13,M001,259822
2026-03-13,M002,207354
2026-03-13,M003,305481
2026-03-13,M004,415437
2026-03-13,M005,538535
2026-03-13,M006,451930
2026-03-13,M007,496687
2026-03-13,M008,319681
2026-03-13,M009,446396
2026-03-13,M010,348598
2026-03-13,M011,459550
2026-03-13,M012,549655
2026-03-13,M013,588061
2026-03-13,M014,431069
2026-03-13,M015,358310
2026-03-13,M016,424668
2026-03-13,M017,687045
2026-03-13,M018,484374
2026-03-13,M019,457931
2026-03-13,M020,540202
2026-03-13,M021,705262
2026-03-13,M022,392519
2026-03-13,M023,550941
2026-03-13,M024,659376
2026-03-13,M025,627808
2026-03-13,M026,511359
2026-03-13,M027,663558
2026-03-13,M028,752073
2026-03-13,M029,674872
2026-03-13,M030,485052
2026-03-13,M031,535977
2026-03-13,M032,624543
2026-03-13,M033,862806
2026-03-13,M034,672482
2026-03-13,M035,943013
2026-03-13,M036,683088
2026-03-13,M037,580784
2026-03-13,M038,459426
2026-03-13,M039,647638
2026-03-13,M040,754698
2026-03-13,M041,1011339
2026-03-13,M042,753351
2026-03-13,M043,612812
2026-03-13,M044,628211
2026-03-13,M045,872888
2026-03-13,M046,595330
2026-03-13,M047,886642
2026-03-13,M048,932862
2026-03-14,M001,136239
2026-03-14,M002,297723
2026-03-14,M003,248788
2026-03-14,M004,503459
2026-03-14,M005,294151
2026-03-14,M006,534240
2026-03-14,M007,357380
2026-03-14,M008,395029
2026-03-14,M009,248486
2026-03-14,M010,418600
2026-03-14,M011,386746
2026-03-14,M012,722385
2026-03-14,M013,284725
2026-03-14,M014,556953
2026-03-14,M015,302598
2026-03-14,M016,536008
2026-03-14,M017,324279
2026-03-14,M018,623432
2026-03-14,M019,353951
2026-03-14,M020,693255
2026-03-14,M021,409655
2026-03-14,M022,459232
2026-03-14,M023,435102
2026-03-14,M024,828019
2026-03-14,M025,334275
2026-03-14,M026,592223
2026-03-14,M027,513940
2026-03-14,M028,961109
2026-03-14,M029,344904
2026-03-14,M030,641852
2026-03-14,M031,376603
2026-03-14,M032,787772
2026-03-14,M033,416536
2026-03-14,M034,879169
2026-03-14,M035,696554
2026-03-14,M036,847980
2026-03-14,M037,326530
2026-03-14,M038,579776
2026-03-14,M039,548734
2026-03-14,M040,1019822
2026-03-14,M041,571955
2026-03-14,M042,1021111
2026-03-14,M043,413727
2026-03-14,M044,848996
2026-03-14,M045,461602
2026-03-14,M046,786579
2026-03-14,M047,618707
2026-03-14,M048,1264688
2026-03-15,M001,180380
2026-03-15,M002,254183
2026-03-15,M003,345194
2026-03-15,M004,300090
2026-03-15,M005,378850
2026-03-15,M006,521156
2026-03-15,M007,462317
2026-03-15,M008,235652
2026-03-15,M009,339447
2026-03-15,M010,397154
2026-03-15,M011,483453
2026-03-15,M012,413029
2026-03-15,M013,387514
2026-03-15,M014,538421
2026-03-15,M015,402650
2026-03-15,M016,329255
2026-03-15,M017,438210
2026-03-15,M018,632146
2026-03-15,M019,502401
2026-03-15,M020,446398
2026-03-15,M021,561666
2026-03-15,M022,468363
2026-03-15,M023,592828
2026-03-15,M024,506977
2026-03-15,M025,416517
2026-03-15,M026,554696
2026-03-15,M027,668740
2026-03-15,M028,542236
2026-03-15,M029,461395
2026-03-15,M030,590248
2026-03-15,M031,500341
2026-03-15,M032,501983
2026-03-15,M033,568166
2026-03-15,M034,777426
2026-03-15,M035,891449
2026-03-15,M036,505911
2026-03-15,M037,442328
2026-03-15,M038,583660
2026-03-15,M039,725169
2026-03-15,M040,640235
2026-03-15,M041,768150
2026-03-15,M042,908339
2026-03-15,M043,551031
2026-03-15,M044,496215
2026-03-15,M045,645009
2026-03-15,M046,709665
2026-03-15,M047,862316
2026-03-15,M048,752933
2026-03-16,M001,268185
2026-03-16,M002,269900
2026-03-16,M003,349034
2026-03-16,M004,315106
2026-03-16,M005,579074
2026-03-16,M006,526422
2026-03-16,M007,484043
2026-03-16,M008,235092
2026-03-16,M009,462035
2026-03-16,M010,396516
2026-03-16,M011,475324
2026-03-16,M012,460761
2026-03-16,M013,595838
2026-03-16,M014,548978
2026-03-16,M015,379782
2026-03-16,M016,365623
2026-03-16,M017,674055
2026-03-16,M018,638694
2026-03-16,M019,499273
2026-03-16,M020,413980
2026-03-16,M021,715810
2026-03-16,M022,454738
2026-03-16,M023,536830
2026-03-16,M024,510861
2026-03-16,M025,606982
2026-03-16,M026,604859
2026-03-16,M027,674733
2026-03-16,M028,509720
2026-03-16,M029,630492
2026-03-16,M030,642372
2026-03-16,M031,499866
2026-03-16,M032,455533
2026-03-16,M033,852988
2026-03-16,M034,784058
2026-03-16,M035,859733
2026-03-16,M036,514055
2026-03-16,M037,680521
2026-03-16,M038,565259
2026-03-16,M039,672167
2026-03-16,M040,615093
2026-03-16,M041,1039811
2026-03-16,M042,928470
2026-03-16,M043,573461
2026-03-16,M044,515140
2026-03-16,M045,901561
2026-03-16,M046,738898
2026-03-16,M047,807223
2026-03-16,M048,703153
2026-03-17,M001,248481
2026-03-17,M002,218800
2026-03-17,M003,331937
2026-03-17,M004,375762
2026-03-17,M005,534881
2026-03-17,M006,435956
2026-03-17,M007,468084
2026-03-17,M008,322895
2026-03-17,M009,454104
2026-03-17,M010,338206
2026-03-17,M011,456022
2026-03-17,M012,585884
2026-03-17,M013,530047
2026-03-17,M014,430470
2026-03-17,M015,377352
2026-03-17,M016,436213
2026-03-17,M017,650415
2026-03-17,M018,474632
2026-03-17,M019,454785
2026-03-17,M020,544775
2026-03-17,M021,782020
2026-03-17,M022,370442
2026-03-17,M023,558608
2026-03-17,M024,645950
2026-03-17,M025,672447
2026-03-17,M026,481445
2026-03-17,M027,642849
2026-03-17,M028,751611
2026-03-17,M029,647943
2026-03-17,M030,533946
2026-03-17,M031,549420
2026-03-17,M032,609852
2026-03-17,M033,876473
2026-03-17,M034,677039
2026-03-17,M035,810682
2026-03-17,M036,668264
2026-03-17,M037,660613
2026-03-17,M038,494458
2026-03-17,M039,720031
2026-03-17,M040,811515
2026-03-17,M041,1019423
2026-03-17,M042,846586
2026-03-17,M043,571630
2026-03-17,M044,613482
2026-03-17,M045,952535
2026-03-17,M046,637915
2026-03-17,M047,881118
2026-03-17,M048,925957
2026-03-18,M001,137808
2026-03-18,M002,321814
2026-03-18,M003,281264
2026-03-18,M004,557554
2026-03-18,M005,309159
2026-03-18,M006,676219
2026-03-18,M007,380673
2026-03-18,M008,454845
2026-03-18,M009,248420
2026-03-18,M010,461510
2026-03-18,M011,405599
2026-03-18,M012,764870
2026-03-18,M013,311358
2026-03-18,M014,603272
2026-03-18,M015,326760
2026-03-18,M016,664918
2026-03-18,M017,362663
2026-03-18,M018,754188
2026-03-18,M019,364612
2026-03-18,M020,798696
2026-03-18,M021,435354
2026-03-18,M022,567431
2026-03-18,M023,452153
2026-03-18,M024,818959
2026-03-18,M025,328682
2026-03-18,M026,709622
2026-03-18,M027,599246
2026-03-18,M028,927549
2026-03-18,M029,347048
2026-03-18,M030,773129
2026-03-18,M031,413389
2026-03-18,M032,822432
2026-03-18,M033,495988
2026-03-18,M034,963470
2026-03-18,M035,769260
2026-03-18,M036,943455
2026-03-18,M037,370129
2026-03-18,M038,639627
2026-03-18,M039,531702
2026-03-18,M040,1175970
2026-03-18,M041,576097
2026-03-18,M042,1065309
2026-03-18,M043,474368
2026-03-18,M044,925539
2026-03-18,M045,480432
2026-03-18,M046,863272
2026-03-18,M047,708958
2026-03-18,M048,1357460
2026-03-19,M001,207314
2026-03-19,M002,278854
2026-03-19,M003,367660
2026-03-19,M004,323087
2026-03-19,M005,421743
2026-03-19,M006,562655
2026-03-19,M007,536212
2026-03-19,M008,256267
2026-03-19,M009,337999
2026-03-19,M010,427040
2026-03-19,M011,527129
2026-03-19,M012,481534
2026-03-19,M013,426947
2026-03-19,M014,552109
2026-03-19,M015,446218
2026-03-19,M016,395968
2026-03-19,M017,524416
2026-03-19,M018,646178
2026-03-19,M019,561940
2026-03-19,M020,456658
2026-03-19,M021,597038
2026-03-19,M022,528756
2026-03-19,M023,625688
2026-03-19,M024,572721
2026-03-19,M025,489074
2026-03-19,M026,646913
2026-03-19,M027,800966
2026-03-19,M028,573479
2026-03-19,M029,478029
2026-03-19,M030,662323
2026-03-19,M031,605884
2026-03-19,M032,548130
2026-03-19,M033,618903
2026-03-19,M034,774500
2026-03-19,M035,1011353
2026-03-19,M036,618787
2026-03-19,M037,450583
2026-03-19,M038,635882
2026-03-19,M039,775960
2026-03-19,M040,674676
2026-03-19,M041,810827
2026-03-19,M042,1126265
2026-03-19,M043,626240
2026-03-19,M044,558787
2026-03-19,M045,713918
2026-03-19,M046,761196
2026-03-19,M047,935383
2026-03-19,M048,857433
2026-03-20,M001,260204
2026-03-20,M002,264288
2026-03-20,M003,320420
2026-03-20,M004,312733
2026-03-20,M005,625853
2026-03-20,M006,518708
2026-03-20,M007,498472
2026-03-20,M008,258381
2026-03-20,M009,497990
2026-03-20,M010,413346
2026-03-20,M011,495198
2026-03-20,M012,429273
2026-03-20,M013,596874
2026-03-20,M014,531139
2026-03-20,M015,408012
2026-03-20,M016,362887
2026-03-20,M017,638492
2026-03-20,M018,595520
2026-03-20,M019,453472
2026-03-20,M020,399604
2026-03-20,M021,760207
2026-03-20,M022,458403
2026-03-20,M023,550170
2026-03-20,M024,458184
2026-03-20,M025,670528
2026-03-20,M026,540811
2026-03-20,M027,734008
2026-03-20,M028,553507
2026-03-20,M029,615881
2026-03-20,M030,612814
2026-03-20,M031,557535
2026-03-20,M032,486975
2026-03-20,M033,858276
2026-03-20,M034,787053
2026-03-20,M035,836271
2026-03-20,M036,550537
2026-03-20,M037,639200
2026-03-20,M038,572579
2026-03-20,M039,636313
2026-03-20,M040,647856
2026-03-20,M041,1032513
2026-03-20,M042,957765
2026-03-20,M043,610828
2026-03-20,M044,536822
2026-03-20,M045,937269
2026-03-20,M046,705574
2026-03-20,M047,879149
2026-03-20,M048,703462
2026-03-21,M001,240610
2026-03-21,M002,192849
2026-03-21,M003,318275
2026-03-21,M004,368513
2026-03-21,M005,480745
2026-03-21,M006,405036
2026-03-21,M007,436713
2026-03-21,M008,280565
2026-03-21,M009,421630
2026-03-21,M010,271241
2026-03-21,M011,413091
2026-03-21,M012,519547
2026-03-21,M013,515158
2026-03-21,M014,397655
2026-03-21,M015,348743
2026-03-21,M016,443730
2026-03-21,M017,630158
2026-03-21,M018,458257
2026-03-21,M019,413613
2026-03-21,M020,480764
2026-03-21,M021,663281
2026-03-21,M022,312872
2026-03-21,M023,466088
2026-03-21,M024,591635
2026-03-21,M025,585519
2026-03-21,M026,416922
2026-03-21,M027,658477
2026-03-21,M028,589085
2026-03-21,M029,630551
2026-03-21,M030,479793
2026-03-21,M031,429300
2026-03-21,M032,498699
2026-03-21,M033,760289
2026-03-21,M034,553265
2026-03-21,M035,787979
2026-03-21,M036,615114
2026-03-21,M037,593151
2026-03-21,M038,408254
2026-03-21,M039,564672
2026-03-21,M040,743496
2026-03-21,M041,918066
2026-03-21,M042,767106
2026-03-21,M043,488921
2026-03-21,M044,560169
2026-03-21,M045,856834
2026-03-21,M046,573392
2026-03-21,M047,788980
2026-03-21,M048,810099
2026-03-22,M001,137439
2026-03-22,M002,257948
2026-03-22,M003,241633
2026-03-22,M004,506456
2026-03-22,M005,290663
2026-03-22,M006,559563
2026-03-22,M007,363509
2026-03-22,M008,414130
2026-03-22,M009,213069
2026-03-22,M010,388630
2026-03-22,M011,372210
2026-03-22,M012,657567
2026-03-22,M013,265462
2026-03-22,M014,535372
2026-03-22,M015,294782
2026-03-22,M016,604275
2026-03-22,M017,350128
2026-03-22,M018,658685
2026-03-22,M019,365743
2026-03-22,M020,679173
2026-03-22,M021,376319
2026-03-22,M022,508993
2026-03-22,M023,404919
2026-03-22,M024,751244
2026-03-22,M025,339769
2026-03-22,M026,648480
2026-03-22,M027,564213
2026-03-22,M028,931598
2026-03-22,M029,354525
2026-03-22,M030,630670
2026-03-22,M031,379046
2026-03-22,M032,703311
2026-03-22,M033,448681
2026-03-22,M034,855162
2026-03-22,M035,667605
2026-03-22,M036,931722
2026-03-22,M037,301291
2026-03-22,M038,663477
2026-03-22,M039,499474
2026-03-22,M040,1005930
2026-03-22,M041,541095
2026-03-22,M042,1081714
2026-03-22,M043,445428
2026-03-22,M044,784271
2026-03-22,M045,485102
2026-03-22,M046,741435
2026-03-22,M047,632854
2026-03-22,M048,1203594
2026-03-23,M001,203753
2026-03-23,M002,280713
2026-03-23,M003,378597
2026-03-23,M004,339259
2026-03-23,M005,411071
2026-03-23,M006,615295
2026-03-23,M007,526291
2026-03-23,M008,269082
2026-03-23,M009,373946
2026-03-23,M010,435769
2026-03-23,M011,517464
2026-03-23,M012,494888
2026-03-23,M013,451936
2026-03-23,M014,623732
2026-03-23,M015,451083
2026-03-23,M016,411111
2026-03-23,M017,461130
2026-03-23,M018,629874
2026-03-23,M019,498767
2026-03-23,M020,463319
2026-03-23,M021,580372
2026-03-23,M022,451470
2026-03-23,M023,622880
2026-03-23,M024,582515
2026-03-23,M025,484199
2026-03-23,M026,649743
2026-03-23,M027,728789
2026-03-23,M028,566814
2026-03-23,M029,500430
2026-03-23,M030,640570
2026-03-23,M031,575222
2026-03-23,M032,522749
2026-03-23,M033,651870
2026-03-23,M034,838663
2026-03-23,M035,998517
2026-03-23,M036,593311
2026-03-23,M037,463177
2026-03-23,M038,603385
2026-03-23,M039,793116
2026-03-23,M040,619783
2026-03-23,M041,794323
2026-03-23,M042,1086357
2026-03-23,M043,698908
2026-03-23,M044,613857
2026-03-23,M045,705222
2026-03-23,M046,842911
2026-03-23,M047,1027864
2026-03-23,M048,848929
2026-03-24,M001,249451
2026-03-24,M002,249080
2026-03-24,M003,344474
2026-03-24,M004,304643
2026-03-24,M005,543041
2026-03-24,M006,545842
2026-03-24,M007,440436
2026-03-24,M008,248661
2026-03-24,M009,435258
2026-03-24,M010,392364
2026-03-24,M011,499320
2026-03-24,M012,450477
2026-03-24,M013,608284
2026-03-24,M014,537815
2026-03-24,M015,402366
2026-03-24,M016,347800
2026-03-24,M017,626064
2026-03-24,M018,601709
2026-03-24,M019,473450
2026-03-24,M020,452740
2026-03-24,M021,731340
2026-03-24,M022,436787
2026-03-24,M023,534640
2026-03-24,M024,471609
2026-03-24,M025,609206
2026-03-24,M026,595024
2026-03-24,M027,733399
2026-03-24,M028,571765
2026-03-24,M029,708112
2026-03-24,M030,579018
2026-03-24,M031,495653
2026-03-24,M032,502344
2026-03-24,M033,801963
2026-03-24,M034,700349
2026-03-24,M035,838126
2026-03-24,M036,511001
2026-03-24,M037,656663
2026-03-24,M038,521618
2026-03-24,M039,733973
2026-03-24,M040,559295
2026-03-24,M041,1088612
2026-03-24,M042,871362
2026-03-24,M043,533154
2026-03-24,M044,482770
2026-03-24,M045,962239
2026-03-24,M046,783381
2026-03-24,M047,863904
2026-03-24,M048,796096
2026-03-25,M001,254456
2026-03-25,M002,226986
2026-03-25,M003,310298
2026-03-25,M004,373659
2026-03-25,M005,544500
2026-03-25,M006,423944
2026-03-25,M007,430747
2026-03-25,M008,300340
2026-03-25,M009,467704
2026-03-25,M010,337571
2026-03-25,M011,504883
2026-03-25,M012,582757
2026-03-25,M013,576780
2026-03-25,M014,467331
2026-03-25,M015,372579
2026-03-25,M016,444223
2026-03-25,M017,689491
2026-03-25,M018,492617
2026-03-25,M019,485032
2026-03-25,M020,529409
2026-03-25,M021,730976
2026-03-25,M022,389546
2026-03-25,M023,568664
2026-03-25,M024,584330
2026-03-25,M025,616161
2026-03-25,M026,493823
2026-03-25,M027,731797
2026-03-25,M028,758524
2026-03-25,M029,612429
2026-03-25,M030,503692
2026-03-25,M031,546441
2026-03-25,M032,565570
2026-03-25,M033,881809
2026-03-25,M034,604731
2026-03-25,M035,889895
2026-03-25,M036,669789
2026-03-25,M037,651866
2026-03-25,M038,466931
2026-03-25,M039,633541
2026-03-25,M040,752588
2026-03-25,M041,1069044
2026-03-25,M042,843446
2026-03-25,M043,559411
2026-03-25,M044,689240
2026-03-25,M045,970901
2026-03-25,M046,644407
2026-03-25,M047,789929
2026-03-25,M048,949892
2026-03-26,M001,153899
2026-03-26,M002,302730
2026-03-26,M003,280647
2026-03-26,M004,519499
2026-03-26,M005,317558
2026-03-26,M006,618780
2026-03-26,M007,413473
2026-03-26,M008,438635
2026-03-26,M009,255414
2026-03-26,M010,463956
2026-03-26,M011,427006
2026-03-26,M012,791971
2026-03-26,M013,336454
2026-03-26,M014,581183
2026-03-26,M015,336659
2026-03-26,M016,628036
2026-03-26,M017,365813
2026-03-26,M018,677124
2026-03-26,M019,369851
2026-03-26,M020,779243
2026-03-26,M021,431937
2026-03-26,M022,549008
2026-03-26,M023,448792
2026-03-26,M024,832601
2026-03-26,M025,348732
2026-03-26,M026,645212
2026-03-26,M027,573881
2026-03-26,M028,944884
2026-03-26,M029,379682
2026-03-26,M030,674767
2026-03-26,M031,467648
2026-03-26,M032,902407
2026-03-26,M033,487852
2026-03-26,M034,914796
2026-03-26,M035,785079
2026-03-26,M036,945763
2026-03-26,M037,348309
2026-03-26,M038,671857
2026-03-26,M039,528809
2026-03-26,M040,1129865
2026-03-26,M041,615553
2026-03-26,M042,1115064
2026-03-26,M043,492105
2026-03-26,M044,862614
2026-03-26,M045,513434
2026-03-26,M046,937976
2026-03-26,M047,723578
2026-03-26,M048,1412039
2026-03-27,M001,182660
2026-03-27,M002,277197
2026-03-27,M003,344728
2026-03-27,M004,350949
2026-03-27,M005,409310
2026-03-27,M006,549664
2026-03-27,M007,544804
2026-03-27,M008,251817
2026-03-27,M009,330763
2026-03-27,M010,446374
2026-03-27,M011,577155
2026-03-27,M012,501726
2026-03-27,M013,430848
2026-03-27,M014,578026
2026-03-27,M015,416980
2026-03-27,M016,415351
2026-03-27,M017,524023
2026-03-27,M018,620406
2026-03-27,M019,537006
2026-03-27,M020,481474
2026-03-27,M021,583748
2026-03-27,M022,472711
2026-03-27,M023,654062
2026-03-27,M024,540264
2026-03-27,M025,470265
2026-03-27,M026,630983
2026-03-27,M027,760944
2026-03-27,M028,614673
2026-03-27,M029,536754
2026-03-27,M030,644384
2026-03-27,M031,573109
2026-03-27,M032,497139
2026-03-27,M033,638353
2026-03-27,M034,876531
2026-03-27,M035,995635
2026-03-27,M036,598707
2026-03-27,M037,501494
2026-03-27,M038,616953
2026-03-27,M039,722956
2026-03-27,M040,670221
2026-03-27,M041,771906
2026-03-27,M042,1121287
2026-03-27,M043,691202
2026-03-27,M044,603250
2026-03-27,M045,660079
2026-03-27,M046,876454
2026-03-27,M047,991307
2026-03-27,M048,898656
2026-03-28,M001,252609
2026-03-28,M002,232139
2026-03-28,M003,319818
2026-03-28,M004,257916
2026-03-28,M005,515288
2026-03-28,M006,469354
2026-03-28,M007,446669
2026-03-28,M008,208995
2026-03-28,M009,450726
2026-03-28,M010,335263
2026-03-28,M011,436385
2026-03-28,M012,374620
2026-03-28,M013,508446
2026-03-28,M014,431935
2026-03-28,M015,318799
2026-03-28,M016,318907
2026-03-28,M017,648322
2026-03-28,M018,558093
2026-03-28,M019,431406
2026-03-28,M020,368873
2026-03-28,M021,701759
2026-03-28,M022,419274
2026-03-28,M023,516980
2026-03-28,M024,435724
2026-03-28,M025,597679
2026-03-28,M026,519645
2026-03-28,M027,583990
2026-03-28,M028,487797
2026-03-28,M029,594254
2026-03-28,M030,497351
2026-03-28,M031,478252
2026-03-28,M032,439016
2026-03-28,M033,801237
2026-03-28,M034,725027
2026-03-28,M035,839933
2026-03-28,M036,469811
2026-03-28,M037,542893
2026-03-28,M038,511077
2026-03-28,M039,624383
2026-03-28,M040,567696
2026-03-28,M041,902535
2026-03-28,M042,821723
2026-03-28,M043,515722
2026-03-28,M044,457191
2026-03-28,M045,851161
2026-03-28,M046,708807
2026-03-28,M047,794462
2026-03-28,M048,664745
2026-03-29,M001,217934
2026-03-29,M002,180957
2026-03-29,M003,310138
2026-03-29,M004,364341
2026-03-29,M005,504294
2026-03-29,M006,405554
2026-03-29,M007,386602
2026-03-29,M008,290380
2026-03-29,M009,401960
2026-03-29,M010,282520
2026-03-29,M011,423264
2026-03-29,M012,508274
2026-03-29,M013,488751
2026-03-29,M014,410932
2026-03-29,M015,340310
2026-03-29,M016,388192
2026-03-29,M017,600492
2026-03-29,M018,482803
2026-03-29,M019,410552
2026-03-29,M020,493008
2026-03-29,M021,695234
2026-03-29,M022,318956
2026-03-29,M023,450177
2026-03-29,M024,523124
2026-03-29,M025,572019
2026-03-29,M026,414305
2026-03-29,M027,635590
2026-03-29,M028,654162
2026-03-29,M029,623756
2026-03-29,M030,438913
2026-03-29,M031,435798
2026-03-29,M032,514938
2026-03-29,M033,757415
2026-03-29,M034,546914
2026-03-29,M035,830884
2026-03-29,M036,662699
2026-03-29,M037,582264
2026-03-29,M038,424396
2026-03-29,M039,601807
2026-03-29,M040,692251
2026-03-29,M041,1010803
2026-03-29,M042,720900
2026-03-29,M043,480319
2026-03-29,M044,563932
2026-03-29,M045,784150
2026-03-29,M046,529215
2026-03-29,M047,833197
2026-03-29,M048,813183
2026-03-30,M001,143526
2026-03-30,M002,287755
2026-03-30,M003,274643
2026-03-30,M004,578255
2026-03-30,M005,320398
2026-03-30,M006,604379
2026-03-30,M007,387106
2026-03-30,M008,438147
2026-03-30,M009,265925
2026-03-30,M010,495195
2026-03-30,M011,424636
2026-03-30,M012,729843
2026-03-30,M013,328485
2026-03-30,M014,585186
2026-03-30,M015,309871
2026-03-30,M016,660765
2026-03-30,M017,356650
2026-03-30,M018,685908
2026-03-30,M019,407059
2026-03-30,M020,760957
2026-03-30,M021,440139
2026-03-30,M022,514711
2026-03-30,M023,417492
2026-03-30,M024,922023
2026-03-30,M025,337662
2026-03-30,M026,694595
2026-03-30,M027,618429
2026-03-30,M028,1069061
2026-03-30,M029,359089
2026-03-30,M030,663585
2026-03-30,M031,403231
2026-03-30,M032,831187
2026-03-30,M033,493319
2026-03-30,M034,845020
2026-03-30,M035,687838
2026-03-30,M036,978632
2026-03-30,M037,340524
2026-03-30,M038,633241
2026-03-30,M039,586357
2026-03-30,M040,1105381
2026-03-30,M041,614511
2026-03-30,M042,1176511
2026-03-30,M043,491170
2026-03-30,M044,946118
2026-03-30,M045,546412
2026-03-30,M046,945595
2026-03-30,M047,742867
2026-03-30,M048,1359251
2026-03-31,M001,197070
2026-03-31,M002,297449
2026-03-31,M003,384191
2026-03-31,M004,370897
2026-03-31,M005,462227
2026-03-31,M006,577812
2026-03-31,M007,550785
2026-03-31,M008,270960
2026-03-31,M009,352592
2026-03-31,M010,403600
2026-03-31,M011,528737
2026-03-31,M012,458873
2026-03-31,M013,440652
2026-03-31,M014,601100
2026-03-31,M015,463861
2026-03-31,M016,402793
2026-03-31,M017,530666
2026-03-31,M018,675999
2026-03-31,M019,567267
2026-03-31,M020,468423
2026-03-31,M021,568144
2026-03-31,M022,513754
2026-03-31,M023,638875
2026-03-31,M024,569745
2026-03-31,M025,466728
2026-03-31,M026,626726
2026-03-31,M027,779492
2026-03-31,M028,613655
2026-03-31,M029,517812
2026-03-31,M030,657368
2026-03-31,M031,587448
2026-03-31,M032,506677
2026-03-31,M033,601359
2026-03-31,M034,850797
2026-03-31,M035,1088582
2026-03-31,M036,620505
2026-03-31,M037,497400
2026-03-31,M038,627245
2026-03-31,M039,718203
2026-03-31,M040,649482
2026-03-31,M041,865585
2026-03-31,M042,1045903
2026-03-31,M043,610615
2026-03-31,M044,610849
2026-03-31,M045,670559
2026-03-31,M046,754241
2026-03-31,M047,1056199
2026-03-31,M048,856459
2026-04-01,M001,270026
2026-04-01,M002,210147
2026-04-01,M003,345274
2026-04-01,M004,371879
2026-04-01,M005,599083
2026-04-01,M006,433771
2026-04-01,M007,452878
2026-04-01,M008,319750
2026-04-01,M009,429750
2026-04-01,M010,337005
2026-04-01,M011,470061
2026-04-01,M012,548645
2026-04-01,M013,566633
2026-04-01,M014,462162
2026-04-01,M015,383408
2026-04-01,M016,492510
2026-04-01,M017,635807
2026-04-01,M018,518416
2026-04-01,M019,500473
2026-04-01,M020,584047
2026-04-01,M021,719850
2026-04-01,M022,374291
2026-04-01,M023,518441
2026-04-01,M024,582381
2026-04-01,M025,627944
2026-04-01,M026,520487
2026-04-01,M027,699216
2026-04-01,M028,747573
2026-04-01,M029,705353
2026-04-01,M030,521984
2026-04-01,M031,495016
2026-04-01,M032,608089
2026-04-01,M033,779425
2026-04-01,M034,665103
2026-04-01,M035,923232
2026-04-01,M036,732316
2026-04-01,M037,630543
2026-04-01,M038,454286
2026-04-01,M039,630048
2026-04-01,M040,807448
2026-04-01,M041,1001083
2026-04-01,M042,795627
2026-04-01,M043,549200
2026-04-01,M044,670176
2026-04-01,M045,906993
2026-04-01,M046,589149
2026-04-01,M047,804167
2026-04-01,M048,994031
2026-04-02,M001,152745
2026-04-02,M002,318160
2026-04-02,M003,282645
2026-04-02,M004,605474
2026-04-02,M005,313164
2026-04-02,M006,670753
2026-04-02,M007,374434
2026-04-02,M008,405004
2026-04-02,M009,241294
2026-04-02,M010,466008
2026-04-02,M011,381785
2026-04-02,M012,828035
2026-04-02,M013,299953
2026-04-02,M014,636410
2026-04-02,M015,328707
2026-04-02,M016,629897
2026-04-02,M017,375591
2026-04-02,M018,684394
2026-04-02,M019,367265
2026-04-02,M020,818882
2026-04-02,M021,433070
2026-04-02,M022,541646
2026-04-02,M023,438626
2026-04-02,M024,875014
2026-04-02,M025,335593
2026-04-02,M026,701619
2026-04-02,M027,565842
2026-04-02,M028,1000839
2026-04-02,M029,382891
2026-04-02,M030,680586
2026-04-02,M031,438580
2026-04-02,M032,802188
2026-04-02,M033,464913
2026-04-02,M034,907621
2026-04-02,M035,756278
2026-04-02,M036,941793
2026-04-02,M037,327090
2026-04-02,M038,663873
2026-04-02,M039,565880
2026-04-02,M040,1118607
2026-04-02,M041,635038
2026-04-02,M042,1231953
2026-04-02,M043,516477
2026-04-02,M044,960363
2026-04-02,M045,537893
2026-04-02,M046,843739
2026-04-02,M047,722974
2026-04-02,M048,1307018
2026-04-03,M001,193097
2026-04-03,M002,290457
2026-04-03,M003,372720
2026-04-03,M004,373525
2026-04-03,M005,464207
2026-04-03,M006,613602
2026-04-03,M007,550512
2026-04-03,M008,265188
2026-04-03,M009,357664
2026-04-03,M010,415689
2026-04-03,M011,536461
2026-04-03,M012,507370
2026-04-03,M013,465214
2026-04-03,M014,578641
2026-04-03,M015,412401
2026-04-03,M016,424262
2026-04-03,M017,487647
2026-04-03,M018,725049
2026-04-03,M019,518896
2026-04-03,M020,457190
2026-04-03,M021,564836
2026-04-03,M022,503597
2026-04-03,M023,599881
2026-04-03,M024,576086
2026-04-03,M025,523000
2026-04-03,M026,632430
2026-04-03,M027,778076
2026-04-03,M028,595919
2026-04-03,M029,538169
2026-04-03,M030,624908
2026-04-03,M031,593260
2026-04-03,M032,543225
2026-04-03,M033,597529
2026-04-03,M034,833049
2026-04-03,M035,1085186
2026-04-03,M036,627980
2026-04-03,M037,497033
2026-04-03,M038,609201
2026-04-03,M039,789185
2026-04-03,M040,623410
2026-04-03,M041,831935
2026-04-03,M042,1137640
2026-04-03,M043,668225
2026-04-03,M044,557075
2026-04-03,M045,657516
2026-04-03,M046,775747
2026-04-03,M047,1002351
2026-04-03,M048,889763
2026-04-04,M001,243955
2026-04-04,M002,241443
2026-04-04,M003,287707
2026-04-04,M004,270052
2026-04-04,M005,510156
2026-04-04,M006,482092
2026-04-04,M007,411670
2026-04-04,M008,209501
2026-04-04,M009,457207
2026-04-04,M010,367337
2026-04-04,M011,454466
2026-04-04,M012,387180
2026-04-04,M013,534902
2026-04-04,M014,435296
2026-04-04,M015,344836
2026-04-04,M016,298519
2026-04-04,M017,570938
2026-04-04,M018,525832
2026-04-04,M019,454667
2026-04-04,M020,371095
2026-04-04,M021,700401
2026-04-04,M022,405526
2026-04-04,M023,466855
2026-04-04,M024,422102
2026-04-04,M025,571371
2026-04-04,M026,509063
2026-04-04,M027,629973
2026-04-04,M028,506450
2026-04-04,M029,593282
2026-04-04,M030,538261
2026-04-04,M031,485614
2026-04-04,M032,429635
2026-04-04,M033,731148
2026-04-04,M034,689551
2026-04-04,M035,789681
2026-04-04,M036,534649
2026-04-04,M037,567116
2026-04-04,M038,483331
2026-04-04,M039,613686
2026-04-04,M040,537399
2026-04-04,M041,984285
2026-04-04,M042,917107
2026-04-04,M043,534212
2026-04-04,M044,473686
2026-04-04,M045,842720
2026-04-04,M046,662268
2026-04-04,M047,812131
2026-04-04,M048,634543
2026-04-05,M001,214702
2026-04-05,M002,196151
2026-04-05,M003,319787
2026-04-05,M004,376015
2026-04-05,M005,560685
2026-04-05,M006,402102
2026-04-05,M007,439852
2026-04-05,M008,289555
2026-04-05,M009,443931
2026-04-05,M010,276616
2026-04-05,M011,438906
2026-04-05,M012,476729
2026-04-05,M013,484267
2026-04-05,M014,396672
2026-04-05,M015,358360
2026-04-05,M016,417173
2026-04-05,M017,581158
2026-04-05,M018,450551
2026-04-05,M019,444449
2026-04-05,M020,511662
2026-04-05,M021,742118
2026-04-05,M022,319137
2026-04-05,M023,523338
2026-04-05,M024,542331
2026-04-05,M025,588018
2026-04-05,M026,461852
2026-04-05,M027,592186
2026-04-05,M028,622397
2026-04-05,M029,625505
2026-04-05,M030,460147
2026-04-05,M031,475567
2026-04-05,M032,537754
2026-04-05,M033,773652
2026-04-05,M034,581345
2026-04-05,M035,800473
2026-04-05,M036,667969
2026-04-05,M037,577764
2026-04-05,M038,430214
2026-04-05,M039,654032
2026-04-05,M040,680336
2026-04-05,M041,984855
2026-04-05,M042,784014
2026-04-05,M043,502544
2026-04-05,M044,593868
2026-04-05,M045,862228
2026-04-05,M046,560814
2026-04-05,M047,801129
2026-04-05,M048,896624
2026-04-06,M001,132822
2026-04-06,M002,330042
2026-04-06,M003,276802
2026-04-06,M004,526286
2026-04-06,M005,329554
2026-04-06,M006,630015
2026-04-06,M007,378525
2026-04-06,M008,444043
2026-04-06,M009,252809
2026-04-06,M010,461431
2026-04-06,M011,393435
2026-04-06,M012,748423
2026-04-06,M013,311937
2026-04-06,M014,582638
2026-04-06,M015,305653
2026-04-06,M016,660380
2026-04-06,M017,379510
2026-04-06,M018,747586
2026-04-06,M019,368977
2026-04-06,M020,711445
2026-04-06,M021,408069
2026-04-06,M022,545360
2026-04-06,M023,464566
2026-04-06,M024,884595
2026-04-06,M025,346280
2026-04-06,M026,695404
2026-04-06,M027,578473
2026-04-06,M028,1077265
2026-04-06,M029,343428
2026-04-06,M030,758121
2026-04-06,M031,441003
2026-04-06,M032,907420
2026-04-06,M033,487143
2026-04-06,M034,864078
2026-04-06,M035,750704
2026-04-06,M036,1057310
2026-04-06,M037,351037
2026-04-06,M038,643164
2026-04-06,M039,599530
2026-04-06,M040,1154360
2026-04-06,M041,560709
2026-04-06,M042,1123438
2026-04-06,M043,489667
2026-04-06,M044,970290
2026-04-06,M045,554697
2026-04-06,M046,952139
2026-04-06,M047,742447
2026-04-06,M048,1358198
2026-04-07,M001,191887
2026-04-07,M002,264273
2026-04-07,M003,358498
2026-04-07,M004,322962
2026-04-07,M005,439557
2026-04-07,M006,601243
2026-04-07,M007,498795
2026-04-07,M008,287308
2026-04-07,M009,370358
2026-04-07,M010,410905
2026-04-07,M011,521125
2026-04-07,M012,486894
2026-04-07,M013,467339
2026-04-07,M014,613685
2026-04-07,M015,434128
2026-04-07,M016,419935
2026-04-07,M017,468757
2026-04-07,M018,672798
2026-04-07,M019,534831
2026-04-07,M020,470471
2026-04-07,M021,556567
2026-04-07,M022,474406
2026-04-07,M023,616130
2026-04-07,M024,542361
2026-04-07,M025,524412
2026-04-07,M026,648768
2026-04-07,M027,748630
2026-04-07,M028,656856
2026-04-07,M029,523935
2026-04-07,M030,691027
2026-04-07,M031,595230
2026-04-07,M032,537549
2026-04-07,M033,655013
2026-04-07,M034,903891
2026-04-07,M035,974423
2026-04-07,M036,637102
2026-04-07,M037,461216
2026-04-07,M038,632174
2026-04-07,M039,822280
2026-04-07,M040,728959
2026-04-07,M041,782577
2026-04-07,M042,1057648
2026-04-07,M043,645848
2026-04-07,M044,588110
2026-04-07,M045,682094
2026-04-07,M046,828829
2026-04-07,M047,963294
2026-04-07,M048,892673
2026-04-08,M001,255790
2026-04-08,M002,260748
2026-04-08,M003,333253
2026-04-08,M004,334677
2026-04-08,M005,615369
2026-04-08,M006,561688
2026-04-08,M007,441428
2026-04-08,M008,235788
2026-04-08,M009,433727
2026-04-08,M010,374316
2026-04-08,M011,468106
2026-04-08,M012,460412
2026-04-08,M013,559942
2026-04-08,M014,482262
2026-04-08,M015,403663
2026-04-08,M016,340601
2026-04-08,M017,716981
2026-04-08,M018,622974
2026-04-08,M019,494344
2026-04-08,M020,408677
2026-04-08,M021,772176
2026-04-08,M022,417569
2026-04-08,M023,549821
2026-04-08,M024,519701
2026-04-08,M025,617793
2026-04-08,M026,537643
2026-04-08,M027,716298
2026-04-08,M028,541686
2026-04-08,M029,709318
2026-04-08,M030,566753
2026-04-08,M031,557756
2026-04-08,M032,451300
2026-04-08,M033,850412
2026-04-08,M034,759411
2026-04-08,M035,860737
2026-04-08,M036,509274
2026-04-08,M037,651100
2026-04-08,M038,531927
2026-04-08,M039,715528
2026-04-08,M040,646509
2026-04-08,M041,1059799
2026-04-08,M042,896038
2026-04-08,M043,557613
2026-04-08,M044,487964
2026-04-08,M045,931796
2026-04-08,M046,768221
2026-04-08,M047,847329
2026-04-08,M048,738081
2026-04-09,M001,259606
2026-04-09,M002,219501
2026-04-09,M003,338629
2026-04-09,M004,430173
2026-04-09,M005,598558
2026-04-09,M006,439390
2026-04-09,M007,444050
2026-04-09,M008,316813
2026-04-09,M009,445372
2026-04-09,M010,341761
2026-04-09,M011,444858
2026-04-09,M012,556196
2026-04-09,M013,596820
2026-04-09,M014,420638
2026-04-09,M015,406377
2026-04-09,M016,489985
2026-04-09,M017,642725
2026-04-09,M018,534278
2026-04-09,M019,463948
2026-04-09,M020,577702
2026-04-09,M021,745337
2026-04-09,M022,383579
2026-04-09,M023,573683
2026-04-09,M024,608963
2026-04-09,M025,659379
2026-04-09,M026,526920
2026-04-09,M027,665746
2026-04-09,M028,757207
2026-04-09,M029,677368
2026-04-09,M030,521488
2026-04-09,M031,507713
2026-04-09,M032,595872
2026-04-09,M033,849151
2026-04-09,M034,655851
2026-04-09,M035,886383
2026-04-09,M036,683016
2026-04-09,M037,634288
2026-04-09,M038,521518
2026-04-09,M039,734541
2026-04-09,M040,810750
2026-04-09,M041,1082308
2026-04-09,M042,855374
2026-04-09,M043,564233
2026-04-09,M044,655982
2026-04-09,M045,971567
2026-04-09,M046,654380
2026-04-09,M047,903043
2026-04-09,M048,960893
2026-04-10,M001,133211
2026-04-10,M002,291747
2026-04-10,M003,294067
2026-04-10,M004,551224
2026-04-10,M005,328893
2026-04-10,M006,664583
2026-04-10,M007,364623
2026-04-10,M008,469978
2026-04-10,M009,246796
2026-04-10,M010,486024
2026-04-10,M011,408649
2026-04-10,M012,776932
2026-04-10,M013,334409
2026-04-10,M014,581659
2026-04-10,M015,310684
2026-04-10,M016,604628
2026-04-10,M017,352578
2026-04-10,M018,763708
2026-04-10,M019,399940
2026-04-10,M020,741837
2026-04-10,M021,421086
2026-04-10,M022,512319
2026-04-10,M023,488143
2026-04-10,M024,912224
2026-04-10,M025,358505
2026-04-10,M026,696930
2026-04-10,M027,558234
2026-04-10,M028,958254
2026-04-10,M029,396713
2026-04-10,M030,759524
2026-04-10,M031,447617
2026-04-10,M032,893152
2026-04-10,M033,480284
2026-04-10,M034,926344
2026-04-10,M035,747087
2026-04-10,M036,942731
2026-04-10,M037,353804
2026-04-10,M038,690136
2026-04-10,M039,610167
2026-04-10,M040,1118858
2026-04-10,M041,556313
2026-04-10,M042,1191469
2026-04-10,M043,507191
2026-04-10,M044,954340
2026-04-10,M045,495431
2026-04-10,M046,827369
2026-04-10,M047,756820
2026-04-10,M048,1401107
2026-04-11,M001,184015
2026-04-11,M002,278124
2026-04-11,M003,360842
2026-04-11,M004,327320
2026-04-11,M005,410445
2026-04-11,M006,511254
2026-04-11,M007,516189
2026-04-11,M008,233630
2026-04-11,M009,320242
2026-04-11,M010,402974
2026-04-11,M011,501252
2026-04-11,M012,417713
2026-04-11,M013,363841
2026-04-11,M014,528701
2026-04-11,M015,417647
2026-04-11,M016,374664
2026-04-11,M017,420262
2026-04-11,M018,603034
2026-04-11,M019,507722
2026-04-11,M020,441339
2026-04-11,M021,559651
2026-04-11,M022,449788
2026-04-11,M023,560237
2026-04-11,M024,509103
2026-04-11,M025,471960
2026-04-11,M026,616883
2026-04-11,M027,699366
2026-04-11,M028,560465
2026-04-11,M029,467123
2026-04-11,M030,582689
2026-04-11,M031,540546
2026-04-11,M032,462759
2026-04-11,M033,610094
2026-04-11,M034,793851
2026-04-11,M035,946994
2026-04-11,M036,590413
2026-04-11,M037,410029
2026-04-11,M038,558410
2026-04-11,M039,666364
2026-04-11,M040,571219
2026-04-11,M041,687099
2026-04-11,M042,971003
2026-04-11,M043,624933
2026-04-11,M044,484448
2026-04-11,M045,676684
2026-04-11,M046,781273
2026-04-11,M047,864813
2026-04-11,M048,819712
2026-04-12,M001,225072
2026-04-12,M002,242290
2026-04-12,M003,293997
2026-04-12,M004,285630
2026-04-12,M005,539699
2026-04-12,M006,494813
2026-04-12,M007,445464
2026-04-12,M008,211552
2026-04-12,M009,424192
2026-04-12,M010,358472
2026-04-12,M011,466965
2026-04-12,M012,388351
2026-04-12,M013,512966
2026-04-12,M014,446153
2026-04-12,M015,332869
2026-04-12,M016,336100
2026-04-12,M017,611887
2026-04-12,M018,542275
2026-04-12,M019,413322
2026-04-12,M020,385111
2026-04-12,M021,678472
2026-04-12,M022,423068
2026-04-12,M023,512304
2026-04-12,M024,467933
2026-04-12,M025,543849
2026-04-12,M026,514472
2026-04-12,M027,652349
2026-04-12,M028,505954
2026-04-12,M029,625770
2026-04-12,M030,543479
2026-04-12,M031,445254
2026-04-12,M032,413061
2026-04-12,M033,732661
2026-04-12,M034,693611
2026-04-12,M035,850447
2026-04-12,M036,500098
2026-04-12,M037,596373
2026-04-12,M038,487949
2026-04-12,M039,659595
2026-04-12,M040,526187
2026-04-12,M041,1033206
2026-04-12,M042,888721
2026-04-12,M043,549338
2026-04-12,M044,479853
2026-04-12,M045,868170
2026-04-12,M046,621446
2026-04-12,M047,780974
2026-04-12,M048,704827
2026-04-13,M001,237989
2026-04-13,M002,215196
2026-04-13,M003,307903
2026-04-13,M004,391136
2026-04-13,M005,598897
2026-04-13,M006,462565
2026-04-13,M007,450220
2026-04-13,M008,310046
2026-04-13,M009,444647
2026-04-13,M010,316078
2026-04-13,M011,471009
2026-04-13,M012,606396
2026-04-13,M013,546862
2026-04-13,M014,449168
2026-04-13,M015,370698
2026-04-13,M016,441011
2026-04-13,M017,621688
2026-04-13,M018,512852
2026-04-13,M019,432452
2026-04-13,M020,523707
2026-04-13,M021,800416
2026-04-13,M022,398657
2026-04-13,M023,581148
2026-04-13,M024,640392
2026-04-13,M025,636059
2026-04-13,M026,519431
2026-04-13,M027,737349
2026-04-13,M028,765632
2026-04-13,M029,691917
2026-04-13,M030,487972
2026-04-13,M031,480997
2026-04-13,M032,599258
2026-04-13,M033,854234
2026-04-13,M034,689089
2026-04-13,M035,941592
2026-04-13,M036,729389
2026-04-13,M037,624724
2026-04-13,M038,503279
2026-04-13,M039,646839
2026-04-13,M040,776045
2026-04-13,M041,1140722
2026-04-13,M042,850038
2026-04-13,M043,558568
2026-04-13,M044,678574
2026-04-13,M045,976243
2026-04-13,M046,579119
2026-04-13,M047,823327
2026-04-13,M048,992775
2026-04-14,M001,141641
2026-04-14,M002,302568
2026-04-14,M003,279068
2026-04-14,M004,531865
2026-04-14,M005,307147
2026-04-14,M006,615359
2026-04-14,M007,391447
2026-04-14,M008,436578
2026-04-14,M009,275781
2026-04-14,M010,474226
2026-04-14,M011,421698
2026-04-14,M012,777051
2026-04-14,M013,339026
2026-04-14,M014,583383
2026-04-14,M015,299189
2026-04-14,M016,600045
2026-04-14,M017,356770
2026-04-14,M018,738305
2026-04-14,M019,401990
2026-04-14,M020,750751
2026-04-14,M021,455250
2026-04-14,M022,520634
2026-04-14,M023,455938
2026-04-14,M024,946161
2026-04-14,M025,328416
2026-04-14,M026,748838
2026-04-14,M027,598905
2026-04-14,M028,1031662
2026-04-14,M029,344887
2026-04-14,M030,761925
2026-04-14,M031,411629
2026-04-14,M032,853632
2026-04-14,M033,447637
2026-04-14,M034,870807
2026-04-14,M035,792955
2026-04-14,M036,1033159
2026-04-14,M037,334383
2026-04-14,M038,690110
2026-04-14,M039,617092
2026-04-14,M040,1062526
2026-04-14,M041,614490
2026-04-14,M042,1219914
2026-04-14,M043,501011
2026-04-14,M044,917003
2026-04-14,M045,545264
2026-04-14,M046,861051
2026-04-14,M047,731143
2026-04-14,M048,1294924
2026-04-15,M001,197439
2026-04-15,M002,270095
2026-04-15,M003,350281
2026-04-15,M004,345766
2026-04-15,M005,467746
2026-04-15,M006,626275
2026-04-15,M007,548838
2026-04-15,M008,251875
2026-04-15,M009,361037
2026-04-15,M010,401846
2026-04-15,M011,526356
2026-04-15,M012,447432
2026-04-15,M013,445712
2026-04-15,M014,610862
2026-04-15,M015,414553
2026-04-15,M016,395995
2026-04-15,M017,511824
2026-04-15,M018,695311
2026-04-15,M019,501275
2026-04-15,M020,440766
2026-04-15,M021,586195
2026-04-15,M022,464565
2026-04-15,M023,595851
2026-04-15,M024,530066
2026-04-15,M025,460396
2026-04-15,M026,631386
2026-04-15,M027,834550
2026-04-15,M028,643284
2026-04-15,M029,510658
2026-04-15,M030,652957
2026-04-15,M031,559242
2026-04-15,M032,561562
2026-04-15,M033,611947
2026-04-15,M034,850813
2026-04-15,M035,1063012
2026-04-15,M036,630733
2026-04-15,M037,511360
2026-04-15,M038,688799
2026-04-15,M039,789822
2026-04-15,M040,677810
2026-04-15,M041,854715
2026-04-15,M042,1100924
2026-04-15,M043,645612
2026-04-15,M044,585007
2026-04-15,M045,732993
2026-04-15,M046,768818
2026-04-15,M047,944854
2026-04-15,M048,911109
2026-04-16,M001,266910
2026-04-16,M002,261790
2026-04-16,M003,347137
2026-04-16,M004,294016
2026-04-16,M005,570527
2026-04-16,M006,524269
2026-04-16,M007,444956
2026-04-16,M008,246777
2026-04-16,M009,466419
2026-04-16,M010,371065
2026-04-16,M011,508869
2026-04-16,M012,406426
2026-04-16,M013,575226
2026-04-16,M014,519066
2026-04-16,M015,361401
2026-04-16,M016,339099
2026-04-16,M017,676244
2026-04-16,M018,603456
2026-04-16,M019,475758
2026-04-16,M020,454488
2026-04-16,M021,780873
2026-04-16,M022,457425
2026-04-16,M023,540000
2026-04-16,M024,524793
2026-04-16,M025,669452
2026-04-16,M026,549784
2026-04-16,M027,740947
2026-04-16,M028,575558
2026-04-16,M029,721491
2026-04-16,M030,629623
2026-04-16,M031,561589
2026-04-16,M032,484570
2026-04-16,M033,841127
2026-04-16,M034,699043
2026-04-16,M035,893884
2026-04-16,M036,541318
2026-04-16,M037,654593
2026-04-16,M038,583474
2026-04-16,M039,655858
2026-04-16,M040,592947
2026-04-16,M041,1175438
2026-04-16,M042,925506
2026-04-16,M043,611305
2026-04-16,M044,499273
2026-04-16,M045,902579
2026-04-16,M046,780339
2026-04-16,M047,923762
2026-04-16,M048,709447
2026-04-17,M001,266050
2026-04-17,M002,234072
2026-04-17,M003,333842
2026-04-17,M004,401410
2026-04-17,M005,547260
2026-04-17,M006,487138
2026-04-17,M007,439962
2026-04-17,M008,301197
2026-04-17,M009,452433
2026-04-17,M010,343824
2026-04-17,M011,449238
2026-04-17,M012,533171
2026-04-17,M013,578957
2026-04-17,M014,461167
2026-04-17,M015,354996
2026-04-17,M016,475691
2026-04-17,M017,643162
2026-04-17,M018,524253
2026-04-17,M019,430710
2026-04-17,M020,540502
2026-04-17,M021,712305
2026-04-17,M022,397011
2026-04-17,M023,525403
2026-04-17,M024,587417
2026-04-17,M025,659655
2026-04-17,M026,489662
2026-04-17,M027,644771
2026-04-17,M028,741676
2026-04-17,M029,652182
2026-04-17,M030,470862
2026-04-17,M031,514400
2026-04-17,M032,589200
2026-04-17,M033,823267
2026-04-17,M034,610650
2026-04-17,M035,867660
2026-04-17,M036,701144
2026-04-17,M037,615377
2026-04-17,M038,460471
2026-04-17,M039,711086
2026-04-17,M040,831244
2026-04-17,M041,1054862
2026-04-17,M042,865164
2026-04-17,M043,530108
2026-04-17,M044,633881
2026-04-17,M045,871834
2026-04-17,M046,617128
2026-04-17,M047,859093
2026-04-17,M048,1011324
2026-04-18,M001,138761
2026-04-18,M002,276854
2026-04-18,M003,249674
2026-04-18,M004,498385
2026-04-18,M005,311098
2026-04-18,M006,594885
2026-04-18,M007,330797
2026-04-18,M008,417604
2026-04-18,M009,247367
2026-04-18,M010,426182
2026-04-18,M011,390434
2026-04-18,M012,735966
2026-04-18,M013,276313
2026-04-18,M014,566079
2026-04-18,M015,299555
2026-04-18,M016,590003
2026-04-18,M017,332610
2026-04-18,M018,609235
2026-04-18,M019,361226
2026-04-18,M020,721706
2026-04-18,M021,386978
2026-04-18,M022,451451
2026-04-18,M023,415528
2026-04-18,M024,826397
2026-04-18,M025,341742
2026-04-18,M026,611343
2026-04-18,M027,566955
2026-04-18,M028,899179
2026-04-18,M029,355117
2026-04-18,M030,658442
2026-04-18,M031,382050
2026-04-18,M032,744379
2026-04-18,M033,432248
2026-04-18,M034,867285
2026-04-18,M035,647309
2026-04-18,M036,854408
2026-04-18,M037,301010
2026-04-18,M038,610193
2026-04-18,M039,530865
2026-04-18,M040,925784
2026-04-18,M041,511769
2026-04-18,M042,1067673
2026-04-18,M043,471615
2026-04-18,M044,842056
2026-04-18,M045,433714
2026-04-18,M046,764135
2026-04-18,M047,699635
2026-04-18,M048,1308313
2026-04-19,M001,179358
2026-04-19,M002,245820
2026-04-19,M003,353557
2026-04-19,M004,318816
2026-04-19,M005,429596
2026-04-19,M006,567482
2026-04-19,M007,458419
2026-04-19,M008,229374
2026-04-19,M009,344027
2026-04-19,M010,379683
2026-04-19,M011,467500
2026-04-19,M012,446082
2026-04-19,M013,400575
2026-04-19,M014,521143
2026-04-19,M015,390228
2026-04-19,M016,354484
2026-04-19,M017,450427
2026-04-19,M018,564581
2026-04-19,M019,470676
2026-04-19,M020,427729
2026-04-19,M021,534013
2026-04-19,M022,470617
2026-04-19,M023,525330
2026-04-19,M024,464501
2026-04-19,M025,415622
2026-04-19,M026,617376
2026-04-19,M027,702248
2026-04-19,M028,563598
2026-04-19,M029,438534
2026-04-19,M030,573639
2026-04-19,M031,506845
2026-04-19,M032,444504
2026-04-19,M033,601548
2026-04-19,M034,777474
2026-04-19,M035,850430
2026-04-19,M036,543476
2026-04-19,M037,460098
2026-04-19,M038,579137
2026-04-19,M039,745168
2026-04-19,M040,641533
2026-04-19,M041,690689
2026-04-19,M042,885518
2026-04-19,M043,632896
2026-04-19,M044,530880
2026-04-19,M045,655214
2026-04-19,M046,716071
2026-04-19,M047,846339
2026-04-19,M048,710439
2026-04-20,M001,274217
2026-04-20,M002,248092
2026-04-20,M003,316086
2026-04-20,M004,314838
2026-04-20,M005,567467
2026-04-20,M006,536473
2026-04-20,M007,501620
2026-04-20,M008,235079
2026-04-20,M009,492996
2026-04-20,M010,384807
2026-04-20,M011,461024
2026-04-20,M012,440688
2026-04-20,M013,553446
2026-04-20,M014,527898
2026-04-20,M015,401409
2026-04-20,M016,387406
2026-04-20,M017,621638
2026-04-20,M018,563027
2026-04-20,M019,470691
2026-04-20,M020,438915
2026-04-20,M021,734295
2026-04-20,M022,457059
2026-04-20,M023,519149
2026-04-20,M024,478980
2026-04-20,M025,682078
2026-04-20,M026,536345
2026-04-20,M027,693425
2026-04-20,M028,587041
2026-04-20,M029,636805
2026-04-20,M030,626705
2026-04-20,M031,511700
2026-04-20,M032,441437
2026-04-20,M033,903588
2026-04-20,M034,777851
2026-04-20,M035,839340
2026-04-20,M036,551776
2026-04-20,M037,658066
2026-04-20,M038,585556
2026-04-20,M039,675549
2026-04-20,M040,635626
2026-04-20,M041,1086133
2026-04-20,M042,892979
2026-04-20,M043,586795
2026-04-20,M044,536387
2026-04-20,M045,907731
2026-04-20,M046,694798
2026-04-20,M047,931820
2026-04-20,M048,758498
2026-04-21,M001,257863
2026-04-21,M002,229891
2026-04-21,M003,335252
2026-04-21,M004,390408
2026-04-21,M005,554086
2026-04-21,M006,486928
2026-04-21,M007,472514
2026-04-21,M008,289608
2026-04-21,M009,443169
2026-04-21,M010,348640
2026-04-21,M011,446301
2026-04-21,M012,599163
2026-04-21,M013,556681
2026-04-21,M014,414869
2026-04-21,M015,386996
2026-04-21,M016,438252
2026-04-21,M017,617948
2026-04-21,M018,511377
2026-04-21,M019,475776
2026-04-21,M020,580725
2026-04-21,M021,798150
2026-04-21,M022,400465
2026-04-21,M023,566306
2026-04-21,M024,602768
2026-04-21,M025,599106
2026-04-21,M026,458880
2026-04-21,M027,726085
2026-04-21,M028,751623
2026-04-21,M029,628613
2026-04-21,M030,474551
2026-04-21,M031,478433
2026-04-21,M032,608650
2026-04-21,M033,841829
2026-04-21,M034,646232
2026-04-21,M035,876908
2026-04-21,M036,747328
2026-04-21,M037,588099
2026-04-21,M038,469947
2026-04-21,M039,639548
2026-04-21,M040,748274
2026-04-21,M041,1103689
2026-04-21,M042,807374
2026-04-21,M043,619821
2026-04-21,M044,673871
2026-04-21,M045,968014
2026-04-21,M046,638409
2026-04-21,M047,817656
2026-04-21,M048,993763
2026-04-22,M001,147152
2026-04-22,M002,291335
2026-04-22,M003,297144
2026-04-22,M004,596958
2026-04-22,M005,339159
2026-04-22,M006,611191
2026-04-22,M007,400959
2026-04-22,M008,416529
2026-04-22,M009,261349
2026-04-22,M010,493720
2026-04-22,M011,415521
2026-04-22,M012,769535
2026-04-22,M013,341086
2026-04-22,M014,634146
2026-04-22,M015,341949
2026-04-22,M016,670850
2026-04-22,M017,351074
2026-04-22,M018,734351
2026-04-22,M019,372652
2026-04-22,M020,751012
2026-04-22,M021,406008
2026-04-22,M022,493649
2026-04-22,M023,470251
2026-04-22,M024,861507
2026-04-22,M025,330356
2026-04-22,M026,736660
2026-04-22,M027,615838
2026-04-22,M028,1019194
2026-04-22,M029,350322
2026-04-22,M030,708679
2026-04-22,M031,413127
2026-04-22,M032,805561
2026-04-22,M033,483541
2026-04-22,M034,874918
2026-04-22,M035,704082
2026-04-22,M036,1058022
2026-04-22,M037,367781
2026-04-22,M038,671508
2026-04-22,M039,597109
2026-04-22,M040,1120486
2026-04-22,M041,612493
2026-04-22,M042,1175244
2026-04-22,M043,473579
2026-04-22,M044,980222
2026-04-22,M045,492485
2026-04-22,M046,862917
2026-04-22,M047,753413
2026-04-22,M048,1301315
2026-04-23,M001,200433
2026-04-23,M002,283573
2026-04-23,M003,368846
2026-04-23,M004,340119
2026-04-23,M005,425722
2026-04-23,M006,587768
2026-04-23,M007,553706
2026-04-23,M008,284810
2026-04-23,M009,330870
2026-04-23,M010,423166
2026-04-23,M011,568566
2026-04-23,M012,510563
2026-04-23,M013,459806
2026-04-23,M014,592198
2026-04-23,M015,436268
2026-04-23,M016,391770
2026-04-23,M017,491600
2026-04-23,M018,697251
2026-04-23,M019,545724
2026-04-23,M020,507757
2026-04-23,M021,539618
2026-04-23,M022,493185
2026-04-23,M023,648536
2026-04-23,M024,578102
2026-04-23,M025,480718
2026-04-23,M026,657935
2026-04-23,M027,830584
2026-04-23,M028,583789
2026-04-23,M029,546412
2026-04-23,M030,641028
2026-04-23,M031,620019
2026-04-23,M032,561702
2026-04-23,M033,623837
2026-04-23,M034,843947
2026-04-23,M035,974203
2026-04-23,M036,601667
2026-04-23,M037,504756
2026-04-23,M038,681374
2026-04-23,M039,838906
2026-04-23,M040,706139
2026-04-23,M041,767031
2026-04-23,M042,980737
2026-04-23,M043,690413
2026-04-23,M044,574180
2026-04-23,M045,744242
2026-04-23,M046,837555
2026-04-23,M047,928157
2026-04-23,M048,897434
2026-04-24,M001,247994
2026-04-24,M002,252844
2026-04-24,M003,345443
2026-04-24,M004,304895
2026-04-24,M005,567016
2026-04-24,M006,548858
2026-04-24,M007,493663
2026-04-24,M008,247664
2026-04-24,M009,464157
2026-04-24,M010,393918
2026-04-24,M011,456325
2026-04-24,M012,408420
2026-04-24,M013,542183
2026-04-24,M014,490120
2026-04-24,M015,404608
2026-04-24,M016,348174
2026-04-24,M017,682898
2026-04-24,M018,631902
2026-04-24,M019,432499
2026-04-24,M020,415572
2026-04-24,M021,778538
2026-04-24,M022,416830
2026-04-24,M023,527509
2026-04-24,M024,490776
2026-04-24,M025,623763
2026-04-24,M026,576739
2026-04-24,M027,735105
2026-04-24,M028,527702
2026-04-24,M029,629457
2026-04-24,M030,615453
2026-04-24,M031,560181
2026-04-24,M032,460325
2026-04-24,M033,855253
2026-04-24,M034,777009
2026-04-24,M035,937997
2026-04-24,M036,543609
2026-04-24,M037,683805
2026-04-24,M038,570242
2026-04-24,M039,661406
2026-04-24,M040,636749
2026-04-24,M041,1081125
2026-04-24,M042,922969
2026-04-24,M043,577757
2026-04-24,M044,538153
2026-04-24,M045,962406
2026-04-24,M046,777275
2026-04-24,M047,840565
2026-04-24,M048,819379
2026-04-25,M001,238769
2026-04-25,M002,188370
2026-04-25,M003,293980
2026-04-25,M004,371550
2026-04-25,M005,524905
2026-04-25,M006,411984
2026-04-25,M007,441440
2026-04-25,M008,288660
2026-04-25,M009,385552
2026-04-25,M010,282368
2026-04-25,M011,422689
2026-04-25,M012,534505
2026-04-25,M013,507668
2026-04-25,M014,410038
2026-04-25,M015,365037
2026-04-25,M016,436035
2026-04-25,M017,546792
2026-04-25,M018,435358
2026-04-25,M019,408954
2026-04-25,M020,454881
2026-04-25,M021,676853
2026-04-25,M022,362226
2026-04-25,M023,486421
2026-04-25,M024,601307
2026-04-25,M025,611807
2026-04-25,M026,467251
2026-04-25,M027,645439
2026-04-25,M028,640362
2026-04-25,M029,620712
2026-04-25,M030,467750
2026-04-25,M031,473825
2026-04-25,M032,538187
2026-04-25,M033,810163
2026-04-25,M034,618554
2026-04-25,M035,838901
2026-04-25,M036,667580
2026-04-25,M037,529738
2026-04-25,M038,436345
2026-04-25,M039,612089
2026-04-25,M040,740705
2026-04-25,M041,1003529
2026-04-25,M042,774861
2026-04-25,M043,512001
2026-04-25,M044,592480
2026-04-25,M045,790735
2026-04-25,M046,595277
2026-04-25,M047,779235
2026-04-25,M048,850477
2026-04-26,M001,120651
2026-04-26,M002,262268
2026-04-26,M003,257460
2026-04-26,M004,513616
2026-04-26,M005,298960
2026-04-26,M006,619369
2026-04-26,M007,343769
2026-04-26,M008,396787
2026-04-26,M009,237012
2026-04-26,M010,454992
2026-04-26,M011,336598
2026-04-26,M012,731058
2026-04-26,M013,266702
2026-04-26,M014,564119
2026-04-26,M015,302417
2026-04-26,M016,575974
2026-04-26,M017,326000
2026-04-26,M018,632496
2026-04-26,M019,339544
2026-04-26,M020,694155
2026-04-26,M021,377093
2026-04-26,M022,459338
2026-04-26,M023,425978
2026-04-26,M024,745314
2026-04-26,M025,339610
2026-04-26,M026,601574
2026-04-26,M027,510012
2026-04-26,M028,911355
2026-04-26,M029,354256
2026-04-26,M030,652589
2026-04-26,M031,372830
2026-04-26,M032,741754
2026-04-26,M033,418080
2026-04-26,M034,844166
2026-04-26,M035,692697
2026-04-26,M036,910251
2026-04-26,M037,309512
2026-04-26,M038,663159
2026-04-26,M039,532897
2026-04-26,M040,986253
2026-04-26,M041,552964
2026-04-26,M042,1075091
2026-04-26,M043,454897
2026-04-26,M044,864251
2026-04-26,M045,445827
2026-04-26,M046,784758
2026-04-26,M047,641326
2026-04-26,M048,1324315
2026-04-27,M001,184470
2026-04-27,M002,270822
2026-04-27,M003,374680
2026-04-27,M004,321020
2026-04-27,M005,444908
2026-04-27,M006,610297
2026-04-27,M007,573841
2026-04-27,M008,273329
2026-04-27,M009,371327
2026-04-27,M010,421549
2026-04-27,M011,541936
2026-04-27,M012,480905
2026-04-27,M013,417652
2026-04-27,M014,623965
2026-04-27,M015,408858
2026-04-27,M016,407903
2026-04-27,M017,475163
2026-04-27,M018,695848
2026-04-27,M019,505087
2026-04-27,M020,474576
2026-04-27,M021,613039
2026-04-27,M022,508480
2026-04-27,M023,610464
2026-04-27,M024,545292
2026-04-27,M025,463212
2026-04-27,M026,623454
2026-04-27,M027,843413
2026-04-27,M028,572787
2026-04-27,M029,530501
2026-04-27,M030,638277
2026-04-27,M031,560641
2026-04-27,M032,489403
2026-04-27,M033,672740
2026-04-27,M034,835723
2026-04-27,M035,1038622
2026-04-27,M036,602677
2026-04-27,M037,518995
2026-04-27,M038,616784
2026-04-27,M039,808821
2026-04-27,M040,647960
2026-04-27,M041,832437
2026-04-27,M042,1114360
2026-04-27,M043,621602
2026-04-27,M044,539870
2026-04-27,M045,715600
2026-04-27,M046,773431
2026-04-27,M047,1046293
2026-04-27,M048,827652
2026-04-28,M001,248466
2026-04-28,M002,240721
2026-04-28,M003,324263
2026-04-28,M004,314549
2026-04-28,M005,559843
2026-04-28,M006,569093
2026-04-28,M007,505885
2026-04-28,M008,260863
2026-04-28,M009,444523
2026-04-28,M010,385836
2026-04-28,M011,463884
2026-04-28,M012,449515
2026-04-28,M013,579064
2026-04-28,M014,513725
2026-04-28,M015,383923
2026-04-28,M016,344078
2026-04-28,M017,656151
2026-04-28,M018,555641
2026-04-28,M019,478823
2026-04-28,M020,395465
2026-04-28,M021,777599
2026-04-28,M022,469184
2026-04-28,M023,547862
2026-04-28,M024,454540
2026-04-28,M025,668628
2026-04-28,M026,571393
2026-04-28,M027,700551
2026-04-28,M028,581234
2026-04-28,M029,644496
2026-04-28,M030,603867
2026-04-28,M031,530372
2026-04-28,M032,478944
2026-04-28,M033,917309
2026-04-28,M034,745587
2026-04-28,M035,930956
2026-04-28,M036,516287
2026-04-28,M037,672020
2026-04-28,M038,574045
2026-04-28,M039,670170
2026-04-28,M040,603789
2026-04-28,M041,1010993
2026-04-28,M042,884694
2026-04-28,M043,613464
2026-04-28,M044,515460
2026-04-28,M045,885584
2026-04-28,M046,696051
2026-04-28,M047,839410
2026-04-28,M048,787282
2026-04-29,M001,255963
2026-04-29,M002,225458
2026-04-29,M003,335140
2026-04-29,M004,402026
2026-04-29,M005,550773
2026-04-29,M006,476658
2026-04-29,M007,444981
2026-04-29,M008,313500
2026-04-29,M009,426953
2026-04-29,M010,314515
2026-04-29,M011,478672
2026-04-29,M012,592682
2026-04-29,M013,553045
2026-04-29,M014,410693
2026-04-29,M015,392204
2026-04-29,M016,433983
2026-04-29,M017,626361
2026-04-29,M018,536465
2026-04-29,M019,436441
2026-04-29,M020,562723
2026-04-29,M021,818754
2026-04-29,M022,366432
2026-04-29,M023,569905
2026-04-29,M024,655821
2026-04-29,M025,631431
2026-04-29,M026,512005
2026-04-29,M027,726367
2026-04-29,M028,659951
2026-04-29,M029,617812
2026-04-29,M030,529635
2026-04-29,M031,506071
2026-04-29,M032,592992
2026-04-29,M033,800935
2026-04-29,M034,686257
2026-04-29,M035,922109
2026-04-29,M036,725130
2026-04-29,M037,616124
2026-04-29,M038,491100
2026-04-29,M039,719586
2026-04-29,M040,790943
2026-04-29,M041,1043669
2026-04-29,M042,782818
2026-04-29,M043,587686
2026-04-29,M044,646433
2026-04-29,M045,972812
2026-04-29,M046,615217
2026-04-29,M047,833926
2026-04-29,M048,1004188
2026-04-30,M001,137159
2026-04-30,M002,308566
2026-04-30,M003,295322
2026-04-30,M004,538870
2026-04-30,M005,339597
2026-04-30,M006,678915
2026-04-30,M007,368469
2026-04-30,M008,439287
2026-04-30,M009,257868
2026-04-30,M010,501104
2026-04-30,M011,383508
2026-04-30,M012,842035
2026-04-30,M013,326659
2026-04-30,M014,646756
2026-04-30,M015,325127
2026-04-30,M016,634594
2026-04-30,M017,360392
2026-04-30,M018,748494
2026-04-30,M019,371819
2026-04-30,M020,792140
2026-04-30,M021,418929
2026-04-30,M022,566716
2026-04-30,M023,492474
2026-04-30,M024,881105
2026-04-30,M025,381081
2026-04-30,M026,654333
2026-04-30,M027,610984
2026-04-30,M028,928439
2026-04-30,M029,346758
2026-04-30,M030,705508
2026-04-30,M031,403681
2026-04-30,M032,853408
2026-04-30,M033,448773
2026-04-30,M034,916296
2026-04-30,M035,717458
2026-04-30,M036,1037041
2026-04-30,M037,331728
2026-04-30,M038,694559
2026-04-30,M039,586478
2026-04-30,M040,1045028
2026-04-30,M041,567618
2026-04-30,M042,1072975
2026-04-30,M043,489642
2026-04-30,M044,892389
2026-04-30,M045,516490
2026-04-30,M046,952423
2026-04-30,M047,781041
2026-04-30,M048,1450351
2026-05-01,M001,246448
2026-05-01,M002,217742
2026-05-01,M003,304414
2026-05-01,M004,401161
2026-05-01,M005,607814
2026-05-01,M006,446304
2026-05-01,M007,437383
2026-05-01,M008,311082
2026-05-01,M009,424770
2026-05-01,M010,314934
2026-05-01,M011,436684
2026-05-01,M012,562195
2026-05-01,M013,564943
2026-05-01,M014,423054
2026-05-01,M015,354777
2026-05-01,M016,444886
2026-05-01,M017,650888
2026-05-01,M018,517103
2026-05-01,M019,456113
2026-05-01,M020,537987
2026-05-01,M021,708868
2026-05-01,M022,387827
2026-05-01,M023,541865
2026-05-01,M024,596379
2026-05-01,M025,598747
2026-05-01,M026,451634
2026-05-01,M027,729783
2026-05-01,M028,663512
2026-05-01,M029,636571
2026-05-01,M030,538972
2026-05-01,M031,536498
2026-05-01,M032,623934
2026-05-01,M033,782646
2026-05-01,M034,661174
2026-05-01,M035,873896
2026-05-01,M036,754200
2026-05-01,M037,590043
2026-05-01,M038,460312
2026-05-01,M039,679251
2026-05-01,M040,808907
2026-05-01,M041,1004295
2026-05-01,M042,755509
2026-05-01,M043,545856
2026-05-01,M044,611187
2026-05-01,M045,894183
2026-05-01,M046,569498
2026-05-01,M047,872087
2026-05-01,M048,904083
2026-05-02,M001,130416
2026-05-02,M002,291846
2026-05-02,M003,254413
2026-05-02,M004,522765
2026-05-02,M005,287092
2026-05-02,M006,612149
2026-05-02,M007,344690
2026-05-02,M008,421249
2026-05-02,M009,216813
2026-05-02,M010,396224
2026-05-02,M011,336452
2026-05-02,M012,727145
2026-05-02,M013,284413
2026-05-02,M014,558683
2026-05-02,M015,294596
2026-05-02,M016,554403
2026-05-02,M017,340659
2026-05-02,M018,603065
2026-05-02,M019,337300
2026-05-02,M020,684649
2026-05-02,M021,357175
2026-05-02,M022,498085
2026-05-02,M023,379544
2026-05-02,M024,831013
2026-05-02,M025,334758
2026-05-02,M026,642965
2026-05-02,M027,501379
2026-05-02,M028,929354
2026-05-02,M029,317305
2026-05-02,M030,664019
2026-05-02,M031,399047
2026-05-02,M032,780426
2026-05-02,M033,421600
2026-05-02,M034,792163
2026-05-02,M035,687598
2026-05-02,M036,923720
2026-05-02,M037,318178
2026-05-02,M038,583035
2026-05-02,M039,538634
2026-05-02,M040,1027367
2026-05-02,M041,566845
2026-05-02,M042,953301
2026-05-02,M043,430886
2026-05-02,M044,811013
2026-05-02,M045,451605
2026-05-02,M046,736923
2026-05-02,M047,661526
2026-05-02,M048,1293400
2026-05-03,M001,190170
2026-05-03,M002,254289
2026-05-03,M003,344112
2026-05-03,M004,320953
2026-05-03,M005,371368
2026-05-03,M006,574209
2026-05-03,M007,492513
2026-05-03,M008,231423
2026-05-03,M009,335675
2026-05-03,M010,363126
2026-05-03,M011,467033
2026-05-03,M012,466913
2026-05-03,M013,399650
2026-05-03,M014,524401
2026-05-03,M015,363612
2026-05-03,M016,364094
2026-05-03,M017,466719
2026-05-03,M018,609631
2026-05-03,M019,507449
2026-05-03,M020,393337
2026-05-03,M021,487734
2026-05-03,M022,441827
2026-05-03,M023,552375
2026-05-03,M024,524871
2026-05-03,M025,444064
2026-05-03,M026,547994
2026-05-03,M027,661592
2026-05-03,M028,534389
2026-05-03,M029,429010
2026-05-03,M030,621226
2026-05-03,M031,495111
2026-05-03,M032,464338
2026-05-03,M033,533114
2026-05-03,M034,728743
2026-05-03,M035,909299
2026-05-03,M036,508880
2026-05-03,M037,406476
2026-05-03,M038,596603
2026-05-03,M039,703545
2026-05-03,M040,593186
2026-05-03,M041,692028
2026-05-03,M042,889448
2026-05-03,M043,597145
2026-05-03,M044,536043
2026-05-03,M045,599140
2026-05-03,M046,777257
2026-05-03,M047,833865
2026-05-03,M048,707158
2026-05-04,M001,266854
2026-05-04,M002,243784
2026-05-04,M003,349868
2026-05-04,M004,291123
2026-05-04,M005,586351
2026-05-04,M006,508744
2026-05-04,M007,484384
2026-05-04,M008,225868
2026-05-04,M009,455024
2026-05-04,M010,405799
2026-05-04,M011,512699
2026-05-04,M012,410768
2026-05-04,M013,552990
2026-05-04,M014,478006
2026-05-04,M015,372366
2026-05-04,M016,334909
2026-05-04,M017,661348
2026-05-04,M018,612752
2026-05-04,M019,461867
2026-05-04,M020,413069
2026-05-04,M021,826187
2026-05-04,M022,418716
2026-05-04,M023,547228
2026-05-04,M024,478810
2026-05-04,M025,619090
2026-05-04,M026,556809
2026-05-04,M027,692044
2026-05-04,M028,557455
2026-05-04,M029,614967
2026-05-04,M030,575022
2026-05-04,M031,514812
2026-05-04,M032,458129
2026-05-04,M033,892937
2026-05-04,M034,768992
2026-05-04,M035,902690
2026-05-04,M036,511574
2026-05-04,M037,629120
2026-05-04,M038,553946
2026-05-04,M039,675745
2026-05-04,M040,635958
2026-05-04,M041,1092194
2026-05-04,M042,875948
2026-05-04,M043,559474
2026-05-04,M044,478144
2026-05-04,M045,893240
2026-05-04,M046,682271
2026-05-04,M047,835467
2026-05-04,M048,772928
2026-05-05,M001,245656
2026-05-05,M002,218247
2026-05-05,M003,322836
2026-05-05,M004,405227
2026-05-05,M005,560599
2026-05-05,M006,418464
2026-05-05,M007,447464
2026-05-05,M008,307352
2026-05-05,M009,464038
2026-05-05,M010,301295
2026-05-05,M011,453384
2026-05-05,M012,566744
2026-05-05,M013,558636
2026-05-05,M014,455012
2026-05-05,M015,386686
2026-05-05,M016,426531
2026-05-05,M017,625627
2026-05-05,M018,468989
2026-05-05,M019,437793
2026-05-05,M020,512916
2026-05-05,M021,730544
2026-05-05,M022,371632
2026-05-05,M023,540859
2026-05-05,M024,616949
2026-05-05,M025,603589
2026-05-05,M026,475004
2026-05-05,M027,686056
2026-05-05,M028,684105
2026-05-05,M029,655045
2026-05-05,M030,483221
2026-05-05,M031,493202
2026-05-05,M032,593489
2026-05-05,M033,879746
2026-05-05,M034,639574
2026-05-05,M035,932620
2026-05-05,M036,741252
2026-05-05,M037,600171
2026-05-05,M038,502809
2026-05-05,M039,687082
2026-05-05,M040,808699
2026-05-05,M041,981263
2026-05-05,M042,833363
2026-05-05,M043,585525
2026-05-05,M044,639488
2026-05-05,M045,967896
2026-05-05,M046,593234
2026-05-05,M047,807486
2026-05-05,M048,919896
2026-05-06,M001,147946
2026-05-06,M002,288731
2026-05-06,M003,267741
2026-05-06,M004,533937
2026-05-06,M005,308877
2026-05-06,M006,604516
2026-05-06,M007,390578
2026-05-06,M008,426052
2026-05-06,M009,272473
2026-05-06,M010,466032
2026-05-06,M011,408759
2026-05-06,M012,789769
2026-05-06,M013,326343
2026-05-06,M014,659385
2026-05-06,M015,345372
2026-05-06,M016,686687
2026-05-06,M017,351303
2026-05-06,M018,678764
2026-05-06,M019,396801
2026-05-06,M020,788295
2026-05-06,M021,392939
2026-05-06,M022,492313
2026-05-06,M023,445733
2026-05-06,M024,816543
2026-05-06,M025,345347
2026-05-06,M026,659524
2026-05-06,M027,538806
2026-05-06,M028,958461
2026-05-06,M029,344210
2026-05-06,M030,761919
2026-05-06,M031,449030
2026-05-06,M032,876045
2026-05-06,M033,462140
2026-05-06,M034,967240
2026-05-06,M035,736149
2026-05-06,M036,1036712
2026-05-06,M037,325819
2026-05-06,M038,717180
2026-05-06,M039,525542
2026-05-06,M040,1027781
2026-05-06,M041,566731
2026-05-06,M042,1083778
2026-05-06,M043,459594
2026-05-06,M044,971085
2026-05-06,M045,532894
2026-05-06,M046,928339
2026-05-06,M047,694552
2026-05-06,M048,1375966
2026-05-07,M001,199072
2026-05-07,M002,276365
2026-05-07,M003,399909
2026-05-07,M004,341549
2026-05-07,M005,427419
2026-05-07,M006,570245
2026-05-07,M007,545090
2026-05-07,M008,252338
2026-05-07,M009,344605
2026-05-07,M010,406892
2026-05-07,M011,517111
2026-05-07,M012,488474
2026-05-07,M013,431717
2026-05-07,M014,605626
2026-05-07,M015,408862
2026-05-07,M016,371954
2026-05-07,M017,500057
2026-05-07,M018,635641
2026-05-07,M019,494622
2026-05-07,M020,497698
2026-05-07,M021,607614
2026-05-07,M022,510421
2026-05-07,M023,579013
2026-05-07,M024,533396
2026-05-07,M025,509036
2026-05-07,M026,614998
2026-05-07,M027,828600
2026-05-07,M028,576684
2026-05-07,M029,466961
2026-05-07,M030,657389
2026-05-07,M031,629624
2026-05-07,M032,522103
2026-05-07,M033,657888
2026-05-07,M034,782897
2026-05-07,M035,989884
2026-05-07,M036,595923
2026-05-07,M037,491677
2026-05-07,M038,591241
2026-05-07,M039,748564
2026-05-07,M040,640307
2026-05-07,M041,817183
2026-05-07,M042,1063463
2026-05-07,M043,647884
2026-05-07,M044,567102
2026-05-07,M045,675014
2026-05-07,M046,817106
2026-05-07,M047,1053206
2026-05-07,M048,854308
2026-05-08,M001,248012
2026-05-08,M002,244666
2026-05-08,M003,337090
2026-05-08,M004,308803
2026-05-08,M005,567096
2026-05-08,M006,532321
2026-05-08,M007,485049
2026-05-08,M008,245805
2026-05-08,M009,480070
2026-05-08,M010,365930
2026-05-08,M011,445032
2026-05-08,M012,444863
2026-05-08,M013,560105
2026-05-08,M014,546169
2026-05-08,M015,405496
2026-05-08,M016,331151
2026-05-08,M017,668376
2026-05-08,M018,637716
2026-05-08,M019,489085
2026-05-08,M020,429250
2026-05-08,M021,738610
2026-05-08,M022,415294
2026-05-08,M023,527747
2026-05-08,M024,457661
2026-05-08,M025,665817
2026-05-08,M026,529847
2026-05-08,M027,722426
2026-05-08,M028,574571
2026-05-08,M029,715090
2026-05-08,M030,611568
2026-05-08,M031,515055
2026-05-08,M032,460575
2026-05-08,M033,788361
2026-05-08,M034,744188
2026-05-08,M035,918752
2026-05-08,M036,510102
2026-05-08,M037,680530
2026-05-08,M038,577699
2026-05-08,M039,722136
2026-05-08,M040,624998
2026-05-08,M041,1131169
2026-05-08,M042,927392
2026-05-08,M043,543508
2026-05-08,M044,515882
2026-05-08,M045,888339
2026-05-08,M046,732447
2026-05-08,M047,810718
2026-05-08,M048,738669
2026-05-09,M001,239518
2026-05-09,M002,179831
2026-05-09,M003,274411
2026-05-09,M004,356614
2026-05-09,M005,494543
2026-05-09,M006,434313
2026-05-09,M007,401959
2026-05-09,M008,281457
2026-05-09,M009,440175
2026-05-09,M010,276428
2026-05-09,M011,438785
2026-05-09,M012,478374
2026-05-09,M013,492658
2026-05-09,M014,374744
2026-05-09,M015,350078
2026-05-09,M016,399617
2026-05-09,M017,552803
2026-05-09,M018,430363
2026-05-09,M019,393250
2026-05-09,M020,509296
2026-05-09,M021,707363
2026-05-09,M022,322210
2026-05-09,M023,506605
2026-05-09,M024,607629
2026-05-09,M025,594479
2026-05-09,M026,449076
2026-05-09,M027,625761
2026-05-09,M028,647927
2026-05-09,M029,570942
2026-05-09,M030,468033
2026-05-09,M031,497854
2026-05-09,M032,564606
2026-05-09,M033,709886
2026-05-09,M034,585382
2026-05-09,M035,810347
2026-05-09,M036,617081
2026-05-09,M037,547596
2026-05-09,M038,434008
2026-05-09,M039,616907
2026-05-09,M040,707736
2026-05-09,M041,920250
2026-05-09,M042,757772
2026-05-09,M043,496020
2026-05-09,M044,609982
2026-05-09,M045,878128
2026-05-09,M046,523269
2026-05-09,M047,827889
2026-05-09,M048,941037
2026-05-10,M001,133058
2026-05-10,M002,286358
2026-05-10,M003,247900
2026-05-10,M004,471674
2026-05-10,M005,289137
2026-05-10,M006,587939
2026-05-10,M007,375093
2026-05-10,M008,377547
2026-05-10,M009,229150
2026-05-10,M010,386723
2026-05-10,M011,386717
2026-05-10,M012,676735
2026-05-10,M013,303169
2026-05-10,M014,544748
2026-05-10,M015,303745
2026-05-10,M016,577829
2026-05-10,M017,317823
2026-05-10,M018,648960
2026-05-10,M019,325832
2026-05-10,M020,671781
2026-05-10,M021,386997
2026-05-10,M022,444124
2026-05-10,M023,422695
2026-05-10,M024,807281
2026-05-10,M025,315267
2026-05-10,M026,654259
2026-05-10,M027,489896
2026-05-10,M028,939360
2026-05-10,M029,356676
2026-05-10,M030,669629
2026-05-10,M031,395588
2026-05-10,M032,708215
2026-05-10,M033,421971
2026-05-10,M034,869375
2026-05-10,M035,626766
2026-05-10,M036,876380
2026-05-10,M037,311224
2026-05-10,M038,601917
2026-05-10,M039,494633
2026-05-10,M040,947268
2026-05-10,M041,575085
2026-05-10,M042,945105
2026-05-10,M043,415528
2026-05-10,M044,883627
2026-05-10,M045,433122
2026-05-10,M046,781744
2026-05-10,M047,628899
2026-05-10,M048,1197967
2026-05-11,M001,202571
2026-05-11,M002,262089
2026-05-11,M003,366240
2026-05-11,M004,363764
2026-05-11,M005,439852
2026-05-11,M006,570260
2026-05-11,M007,518270
2026-05-11,M008,274565
2026-05-11,M009,328440
2026-05-11,M010,420848
2026-05-11,M011,515694
2026-05-11,M012,469624
2026-05-11,M013,442116
2026-05-11,M014,548237
2026-05-11,M015,444912
2026-05-11,M016,414240
2026-05-11,M017,461093
2026-05-11,M018,644506
2026-05-11,M019,558388
2026-05-11,M020,457689
2026-05-11,M021,536583
2026-05-11,M022,488566
2026-05-11,M023,650245
2026-05-11,M024,515368
2026-05-11,M025,480291
2026-05-11,M026,608279
2026-05-11,M027,773043
2026-05-11,M028,597987
2026-05-11,M029,510863
2026-05-11,M030,702882
2026-05-11,M031,553058
2026-05-11,M032,551408
2026-05-11,M033,597135
2026-05-11,M034,865281
2026-05-11,M035,988132
2026-05-11,M036,596653
2026-05-11,M037,504070
2026-05-11,M038,603299
2026-05-11,M039,795917
2026-05-11,M040,699770
2026-05-11,M041,854870
2026-05-11,M042,970971
2026-05-11,M043,642716
2026-05-11,M044,593036
2026-05-11,M045,663080
2026-05-11,M046,804719
2026-05-11,M047,930899
2026-05-11,M048,872852
2026-05-12,M001,273279
2026-05-12,M002,244953
2026-05-12,M003,314872
2026-05-12,M004,325748
2026-05-12,M005,633681
2026-05-12,M006,528887
2026-05-12,M007,438907
2026-05-12,M008,247376
2026-05-12,M009,497604
2026-05-12,M010,396036
2026-05-12,M011,470737
2026-05-12,M012,467696
2026-05-12,M013,605731
2026-05-12,M014,497727
2026-05-12,M015,391079
2026-05-12,M016,346077
2026-05-12,M017,691267
2026-05-12,M018,586577
2026-05-12,M019,458398
2026-05-12,M020,444561
2026-05-12,M021,798752
2026-05-12,M022,462839
2026-05-12,M023,516254
2026-05-12,M024,456432
2026-05-12,M025,674232
2026-05-12,M026,617525
2026-05-12,M027,748044
2026-05-12,M028,514537
2026-05-12,M029,638403
2026-05-12,M030,556045
2026-05-12,M031,547312
2026-05-12,M032,479493
2026-05-12,M033,802632
2026-05-12,M034,732068
2026-05-12,M035,820680
2026-05-12,M036,519459
2026-05-12,M037,662674
2026-05-12,M038,571316
2026-05-12,M039,708349
2026-05-12,M040,645033
2026-05-12,M041,1016072
2026-05-12,M042,925531
2026-05-12,M043,530887
2026-05-12,M044,490618
2026-05-12,M045,929268
2026-05-12,M046,743044
2026-05-12,M047,898263
2026-05-12,M048,816470
2026-05-13,M001,247436
2026-05-13,M002,231614
2026-05-13,M003,303766
2026-05-13,M004,397661
2026-05-13,M005,535536
2026-05-13,M006,433315
2026-05-13,M007,468351
2026-05-13,M008,310276
2026-05-13,M009,439560
2026-05-13,M010,302937
2026-05-13,M011,491423
2026-05-13,M012,586888
2026-05-13,M013,551186
2026-05-13,M014,458315
2026-05-13,M015,406089
2026-05-13,M016,465530
2026-05-13,M017,694431
2026-05-13,M018,544518
2026-05-13,M019,426203
2026-05-13,M020,499755
2026-05-13,M021,752281
2026-05-13,M022,359816
2026-05-13,M023,510490
2026-05-13,M024,610339
2026-05-13,M025,673409
2026-05-13,M026,513379
2026-05-13,M027,678676
2026-05-13,M028,682560
2026-05-13,M029,623239
2026-05-13,M030,545178
2026-05-13,M031,490414
2026-05-13,M032,632043
2026-05-13,M033,774559
2026-05-13,M034,637879
2026-05-13,M035,909134
2026-05-13,M036,692234
2026-05-13,M037,672080
2026-05-13,M038,470926
2026-05-13,M039,629002
2026-05-13,M040,725592
2026-05-13,M041,1004051
2026-05-13,M042,775250
2026-05-13,M043,561210
2026-05-13,M044,616501
2026-05-13,M045,967027
2026-05-13,M046,645744
2026-05-13,M047,813516
2026-05-13,M048,917217
2026-05-14,M001,150817
2026-05-14,M002,285226
2026-05-14,M003,270971
2026-05-14,M004,551759
2026-05-14,M005,327595
2026-05-14,M006,632062
2026-05-14,M007,407212
2026-05-14,M008,417689
2026-05-14,M009,266379
2026-05-14,M010,458998
2026-05-14,M011,391319
2026-05-14,M012,778910
2026-05-14,M013,320667
2026-05-14,M014,595066
2026-05-14,M015,308205
2026-05-14,M016,684292
2026-05-14,M017,391896
2026-05-14,M018,754478
2026-05-14,M019,397086
2026-05-14,M020,754724
2026-05-14,M021,424719
2026-05-14,M022,539401
2026-05-14,M023,429083
2026-05-14,M024,857261
2026-05-14,M025,365407
2026-05-14,M026,734002
2026-05-14,M027,620055
2026-05-14,M028,977167
2026-05-14,M029,351184
2026-05-14,M030,770195
2026-05-14,M031,407890
2026-05-14,M032,817931
2026-05-14,M033,484310
2026-05-14,M034,892469
2026-05-14,M035,712102
2026-05-14,M036,972607
2026-05-14,M037,323797
2026-05-14,M038,733314
2026-05-14,M039,560332
2026-05-14,M040,1054799
2026-05-14,M041,551837
2026-05-14,M042,1144406
2026-05-14,M043,510831
2026-05-14,M044,887492
2026-05-14,M045,504538
2026-05-14,M046,920203
2026-05-14,M047,732600
2026-05-14,M048,1349310
2026-05-15,M001,188106
2026-05-15,M002,281573
2026-05-15,M003,350775
2026-05-15,M004,345254
2026-05-15,M005,412813
2026-05-15,M006,556525
2026-05-15,M007,517697
2026-05-15,M008,284451
2026-05-15,M009,331235
2026-05-15,M010,432714
2026-05-15,M011,515467
2026-05-15,M012,469354
2026-05-15,M013,405703
2026-05-15,M014,572105
2026-05-15,M015,467384
2026-05-15,M016,425430
2026-05-15,M017,469889
2026-05-15,M018,638657
2026-05-15,M019,538417
2026-05-15,M020,441616
2026-05-15,M021,604828
2026-05-15,M022,472331
2026-05-15,M023,607802
2026-05-15,M024,529481
2026-05-15,M025,512718
2026-05-15,M026,689540
2026-05-15,M027,815833
2026-05-15,M028,579396
2026-05-15,M029,536579
2026-05-15,M030,618053
2026-05-15,M031,566149
2026-05-15,M032,496631
2026-05-15,M033,637218
2026-05-15,M034,778326
2026-05-15,M035,942784
2026-05-15,M036,627915
2026-05-15,M037,513791
2026-05-15,M038,663385
2026-05-15,M039,714046
2026-05-15,M040,665517
2026-05-15,M041,780527
2026-05-15,M042,1037108
2026-05-15,M043,614856
2026-05-15,M044,616563
2026-05-15,M045,695884
2026-05-15,M046,774137
2026-05-15,M047,999648
2026-05-15,M048,881553
2026-05-16,M001,241670
2026-05-16,M002,223957
2026-05-16,M003,311322
2026-05-16,M004,270362
2026-05-16,M005,557001
2026-05-16,M006,498428
2026-05-16,M007,426038
2026-05-16,M008,221555
2026-05-16,M009,436567
2026-05-16,M010,333136
2026-05-16,M011,404420
2026-05-16,M012,411217
2026-05-16,M013,535042
2026-05-16,M014,497903
2026-05-16,M015,342755
2026-05-16,M016,332311
2026-05-16,M017,573943
2026-05-16,M018,537826
2026-05-16,M019,419485
2026-05-16,M020,366206
2026-05-16,M021,748335
2026-05-16,M022,404429
2026-05-16,M023,455297
2026-05-16,M024,457868
2026-05-16,M025,586289
2026-05-16,M026,521804
2026-05-16,M027,592262
2026-05-16,M028,497501
2026-05-16,M029,594374
2026-05-16,M030,543295
2026-05-16,M031,450352
2026-05-16,M032,454472
2026-05-16,M033,755256
2026-05-16,M034,666313
2026-05-16,M035,765080
2026-05-16,M036,526952
2026-05-16,M037,558737
2026-05-16,M038,505623
2026-05-16,M039,592122
2026-05-16,M040,578729
2026-05-16,M041,936003
2026-05-16,M042,884807
2026-05-16,M043,485609
2026-05-16,M044,475956
2026-05-16,M045,794377
2026-05-16,M046,633308
2026-05-16,M047,721153
2026-05-16,M048,666787
2026-05-17,M001,230703
2026-05-17,M002,203325
2026-05-17,M003,275771
2026-05-17,M004,375330
2026-05-17,M005,523619
2026-05-17,M006,430387
2026-05-17,M007,420519
2026-05-17,M008,286155
2026-05-17,M009,386000
2026-05-17,M010,283617
2026-05-17,M011,455461
2026-05-17,M012,540099
2026-05-17,M013,476696
2026-05-17,M014,383399
2026-05-17,M015,337798
2026-05-17,M016,436358
2026-05-17,M017,561293
2026-05-17,M018,429086
2026-05-17,M019,402136
2026-05-17,M020,503548
2026-05-17,M021,708566
2026-05-17,M022,361102
2026-05-17,M023,455330
2026-05-17,M024,600620
2026-05-17,M025,540428
2026-05-17,M026,458883
2026-05-17,M027,590938
2026-05-17,M028,651977
2026-05-17,M029,600504
2026-05-17,M030,480333
2026-05-17,M031,455275
2026-05-17,M032,565991
2026-05-17,M033,704575
2026-05-17,M034,591875
2026-05-17,M035,791644
2026-05-17,M036,613579
2026-05-17,M037,577557
2026-05-17,M038,427002
2026-05-17,M039,652666
2026-05-17,M040,658821
2026-05-17,M041,902979
2026-05-17,M042,736969
2026-05-17,M043,507685
2026-05-17,M044,602508
2026-05-17,M045,828575
2026-05-17,M046,542898
2026-05-17,M047,728313
2026-05-17,M048,811596
2026-05-18,M001,146913
2026-05-18,M002,299820
2026-05-18,M003,294825
2026-05-18,M004,555530
2026-05-18,M005,333958
2026-05-18,M006,618961
2026-05-18,M007,408267
2026-05-18,M008,436854
2026-05-18,M009,249397
2026-05-18,M010,431770
2026-05-18,M011,421020
2026-05-18,M012,821536
2026-05-18,M013,340638
2026-05-18,M014,624821
2026-05-18,M015,315414
2026-05-18,M016,620984
2026-05-18,M017,379519
2026-05-18,M018,702652
2026-05-18,M019,367276
2026-05-18,M020,710119
2026-05-18,M021,428793
2026-05-18,M022,553191
2026-05-18,M023,458306
2026-05-18,M024,837204
2026-05-18,M025,371634
2026-05-18,M026,734835
2026-05-18,M027,544338
2026-05-18,M028,916743
2026-05-18,M029,346180
2026-05-18,M030,664749
2026-05-18,M031,466067
2026-05-18,M032,837654
2026-05-18,M033,500000
2026-05-18,M034,943533
2026-05-18,M035,767364
2026-05-18,M036,940362
2026-05-18,M037,335318
2026-05-18,M038,665613
2026-05-18,M039,547452
2026-05-18,M040,1045640
2026-05-18,M041,556204
2026-05-18,M042,1068904
2026-05-18,M043,456512
2026-05-18,M044,900381
2026-05-18,M045,493738
2026-05-18,M046,890976
2026-05-18,M047,684398
2026-05-18,M048,1335187
2026-05-19,M001,204874
2026-05-19,M002,275466
2026-05-19,M003,402818
2026-05-19,M004,336147
2026-05-19,M005,455660
2026-05-19,M006,623104
2026-05-19,M007,501549
2026-05-19,M008,245058
2026-05-19,M009,358180
2026-05-19,M010,444552
2026-05-19,M011,543400
2026-05-19,M012,466896
2026-05-19,M013,425134
2026-05-19,M014,611374
2026-05-19,M015,405873
2026-05-19,M016,371744
2026-05-19,M017,521640
2026-05-19,M018,705049
2026-05-19,M019,550946
2026-05-19,M020,485885
2026-05-19,M021,559249
2026-05-19,M022,529166
2026-05-19,M023,610071
2026-05-19,M024,517682
2026-05-19,M025,516272
2026-05-19,M026,688326
2026-05-19,M027,793423
2026-05-19,M028,604316
2026-05-19,M029,506652
2026-05-19,M030,675465
2026-05-19,M031,543567
2026-05-19,M032,477598
2026-05-19,M033,605076
2026-05-19,M034,817912
2026-05-19,M035,952467
2026-05-19,M036,595095
2026-05-19,M037,487163
2026-05-19,M038,656249
2026-05-19,M039,830027
2026-05-19,M040,685061
2026-05-19,M041,822222
2026-05-19,M042,1102034
2026-05-19,M043,641798
2026-05-19,M044,572036
2026-05-19,M045,749317
2026-05-19,M046,749657
2026-05-19,M047,1043748
2026-05-19,M048,875144
2026-05-20,M001,277960
2026-05-20,M002,254648
2026-05-20,M003,319442
2026-05-20,M004,327942
2026-05-20,M005,577109
2026-05-20,M006,543566
2026-05-20,M007,460280
2026-05-20,M008,235042
2026-05-20,M009,431980
2026-05-20,M010,409093
2026-05-20,M011,490784
2026-05-20,M012,439107
2026-05-20,M013,621964
2026-05-20,M014,543277
2026-05-20,M015,376238
2026-05-20,M016,342482
2026-05-20,M017,628302
2026-05-20,M018,566404
2026-05-20,M019,460312
2026-05-20,M020,408960
2026-05-20,M021,769112
2026-05-20,M022,412264
2026-05-20,M023,538427
2026-05-20,M024,453873
2026-05-20,M025,677914
2026-05-20,M026,556963
2026-05-20,M027,663663
2026-05-20,M028,565565
2026-05-20,M029,710424
2026-05-20,M030,630115
2026-05-20,M031,517543
2026-05-20,M032,473884
2026-05-20,M033,803571
2026-05-20,M034,697849
2026-05-20,M035,874599
2026-05-20,M036,552305
2026-05-20,M037,624674
2026-05-20,M038,547918
2026-05-20,M039,634996
2026-05-20,M040,634453
2026-05-20,M041,1111612
2026-05-20,M042,892299
2026-05-20,M043,587881
2026-05-20,M044,541454
2026-05-20,M045,977122
2026-05-20,M046,780020
2026-05-20,M047,862083
2026-05-20,M048,701270
2026-05-21,M001,264115
2026-05-21,M002,223061
2026-05-21,M003,349372
2026-05-21,M004,402687
2026-05-21,M005,601559
2026-05-21,M006,415362
2026-05-21,M007,442502
2026-05-21,M008,320888
2026-05-21,M009,463554
2026-05-21,M010,329507
2026-05-21,M011,440085
2026-05-21,M012,539149
2026-05-21,M013,549616
2026-05-21,M014,440202
2026-05-21,M015,351380
2026-05-21,M016,434940
2026-05-21,M017,655159
2026-05-21,M018,520651
2026-05-21,M019,434472
2026-05-21,M020,497393
2026-05-21,M021,765210
2026-05-21,M022,349290
2026-05-21,M023,533637
2026-05-21,M024,608694
2026-05-21,M025,656532
2026-05-21,M026,457295
2026-05-21,M027,731027
2026-05-21,M028,739550
2026-05-21,M029,683561
2026-05-21,M030,501043
2026-05-21,M031,489386
2026-05-21,M032,644134
2026-05-21,M033,890295
2026-05-21,M034,598479
2026-05-21,M035,920511
2026-05-21,M036,667198
2026-05-21,M037,653133
2026-05-21,M038,479292
2026-05-21,M039,674121
2026-05-21,M040,760164
2026-05-21,M041,1029416
2026-05-21,M042,779985
2026-05-21,M043,545990
2026-05-21,M044,618445
2026-05-21,M045,865481
2026-05-21,M046,622234
2026-05-21,M047,914508
2026-05-21,M048,961795
2026-05-22,M001,141841
2026-05-22,M002,313639
2026-05-22,M003,262008
2026-05-22,M004,542152
2026-05-22,M005,328931
2026-05-22,M006,614180
2026-05-22,M007,405888
2026-05-22,M008,445588
2026-05-22,M009,273153
2026-05-22,M010,468315
2026-05-22,M011,400094
2026-05-22,M012,746260
2026-05-22,M013,325210
2026-05-22,M014,626667
2026-05-22,M015,331092
2026-05-22,M016,595795
2026-05-22,M017,369395
2026-05-22,M018,739883
2026-05-22,M019,360016
2026-05-22,M020,768420
2026-05-22,M021,396509
2026-05-22,M022,542734
2026-05-22,M023,435705
2026-05-22,M024,855590
2026-05-22,M025,368658
2026-05-22,M026,682818
2026-05-22,M027,538826
2026-05-22,M028,958351
2026-05-22,M029,356578
2026-05-22,M030,663381
2026-05-22,M031,461546
2026-05-22,M032,799805
2026-05-22,M033,476925
2026-05-22,M034,940301
2026-05-22,M035,740339
2026-05-22,M036,960533
2026-05-22,M037,350153
2026-05-22,M038,655251
2026-05-22,M039,526556
2026-05-22,M040,1016381
2026-05-22,M041,573623
2026-05-22,M042,1082657
2026-05-22,M043,510016
2026-05-22,M044,918609
2026-05-22,M045,547147
2026-05-22,M046,824372
2026-05-22,M047,758332
2026-05-22,M048,1276923
2026-05-23,M001,176203
2026-05-23,M002,254529
2026-05-23,M003,352593
2026-05-23,M004,328748
2026-05-23,M005,370384
2026-05-23,M006,496914
2026-05-23,M007,501254
2026-05-23,M008,220743
2026-05-23,M009,321560
2026-05-23,M010,385485
2026-05-23,M011,521515
2026-05-23,M012,430396
2026-05-23,M013,417269
2026-05-23,M014,519469
2026-05-23,M015,396784
2026-05-23,M016,340521
2026-05-23,M017,419510
2026-05-23,M018,610420
2026-05-23,M019,493383
2026-05-23,M020,411288
2026-05-23,M021,540385
2026-05-23,M022,456665
2026-05-23,M023,555983
2026-05-23,M024,463641
2026-05-23,M025,445535
2026-05-23,M026,551717
2026-05-23,M027,656068
2026-05-23,M028,557707
2026-05-23,M029,468141
2026-05-23,M030,643277
2026-05-23,M031,512718
2026-05-23,M032,461416
2026-05-23,M033,557424
2026-05-23,M034,715394
2026-05-23,M035,915849
2026-05-23,M036,550745
2026-05-23,M037,405222
2026-05-23,M038,561635
2026-05-23,M039,695262
2026-05-23,M040,649135
2026-05-23,M041,719161
2026-05-23,M042,1005485
2026-05-23,M043,569567
2026-05-23,M044,522247
2026-05-23,M045,668736
2026-05-23,M046,688194
2026-05-23,M047,836854
2026-05-23,M048,738820
2026-05-24,M001,249032
2026-05-24,M002,236440
2026-05-24,M003,311648
2026-05-24,M004,286408
2026-05-24,M005,549180
2026-05-24,M006,446246
2026-05-24,M007,401786
2026-05-24,M008,200845
2026-05-24,M009,417365
2026-05-24,M010,365338
2026-05-24,M011,420891
2026-05-24,M012,390336
2026-05-24,M013,535686
2026-05-24,M014,478295
2026-05-24,M015,363242
2026-05-24,M016,334669
2026-05-24,M017,607812
2026-05-24,M018,572545
2026-05-24,M019,412595
2026-05-24,M020,391044
2026-05-24,M021,650535
2026-05-24,M022,365055
2026-05-24,M023,466453
2026-05-24,M024,418365
2026-05-24,M025,572031
2026-05-24,M026,533829
2026-05-24,M027,596542
2026-05-24,M028,462659
2026-05-24,M029,616242
2026-05-24,M030,506202
2026-05-24,M031,455709
2026-05-24,M032,389537
2026-05-24,M033,736601
2026-05-24,M034,631336
2026-05-24,M035,779596
2026-05-24,M036,503217
2026-05-24,M037,540252
2026-05-24,M038,532187
2026-05-24,M039,623731
2026-05-24,M040,523142
2026-05-24,M041,928422
2026-05-24,M042,796360
2026-05-24,M043,499373
2026-05-24,M044,461652
2026-05-24,M045,792124
2026-05-24,M046,683891
2026-05-24,M047,794807
2026-05-24,M048,705249
2026-05-25,M001,263380
2026-05-25,M002,221630
2026-05-25,M003,302800
2026-05-25,M004,418114
2026-05-25,M005,550213
2026-05-25,M006,427717
2026-05-25,M007,434011
2026-05-25,M008,330293
2026-05-25,M009,430620
2026-05-25,M010,321696
2026-05-25,M011,482592
2026-05-25,M012,559814
2026-05-25,M013,609570
2026-05-25,M014,420245
2026-05-25,M015,396959
2026-05-25,M016,449671
2026-05-25,M017,702791
2026-05-25,M018,515247
2026-05-25,M019,493298
2026-05-25,M020,525429
2026-05-25,M021,734585
2026-05-25,M022,394742
2026-05-25,M023,562561
2026-05-25,M024,632279
2026-05-25,M025,592184
2026-05-25,M026,515346
2026-05-25,M027,668321
2026-05-25,M028,737086
2026-05-25,M029,646999
2026-05-25,M030,480774
2026-05-25,M031,542885
2026-05-25,M032,593016
2026-05-25,M033,866410
2026-05-25,M034,665865
2026-05-25,M035,937791
2026-05-25,M036,708303
2026-05-25,M037,646473
2026-05-25,M038,449639
2026-05-25,M039,702614
2026-05-25,M040,733182
2026-05-25,M041,1137673
2026-05-25,M042,810096
2026-05-25,M043,610283
2026-05-25,M044,614190
2026-05-25,M045,977171
2026-05-25,M046,586997
2026-05-25,M047,817295
2026-05-25,M048,1016596
2026-05-26,M001,146231
2026-05-26,M002,289327
2026-05-26,M003,293454
2026-05-26,M004,573079
2026-05-26,M005,312350
2026-05-26,M006,691005
2026-05-26,M007,399915
2026-05-26,M008,437814
2026-05-26,M009,250286
2026-05-26,M010,472355
2026-05-26,M011,386954
2026-05-26,M012,790252
2026-05-26,M013,314464
2026-05-26,M014,616326
2026-05-26,M015,304500
2026-05-26,M016,652708
2026-05-26,M017,367586
2026-05-26,M018,761529
2026-05-26,M019,371780
2026-05-26,M020,771965
2026-05-26,M021,442578
2026-05-26,M022,512490
2026-05-26,M023,418635
2026-05-26,M024,935145
2026-05-26,M025,342961
2026-05-26,M026,675081
2026-05-26,M027,573416
2026-05-26,M028,1056885
2026-05-26,M029,367311
2026-05-26,M030,713091
2026-05-26,M031,440991
2026-05-26,M032,834774
2026-05-26,M033,483862
2026-05-26,M034,855049
2026-05-26,M035,791220
2026-05-26,M036,926448
2026-05-26,M037,327877
2026-05-26,M038,719287
2026-05-26,M039,579900
2026-05-26,M040,1063720
2026-05-26,M041,606802
2026-05-26,M042,1068976
2026-05-26,M043,481836
2026-05-26,M044,998101
2026-05-26,M045,497006
2026-05-26,M046,812660
2026-05-26,M047,705933
2026-05-26,M048,1431291
2026-05-27,M001,187733
2026-05-27,M002,305650
2026-05-27,M003,363466
2026-05-27,M004,354397
2026-05-27,M005,444550
2026-05-27,M006,608975
2026-05-27,M007,524259
2026-05-27,M008,257835
2026-05-27,M009,345063
2026-05-27,M010,399020
2026-05-27,M011,511534
2026-05-27,M012,514876
2026-05-27,M013,457458
2026-05-27,M014,607756
2026-05-27,M015,456432
2026-05-27,M016,423917
2026-05-27,M017,500509
2026-05-27,M018,659367
2026-05-27,M019,497620
2026-05-27,M020,444718
2026-05-27,M021,596618
2026-05-27,M022,502571
2026-05-27,M023,648796
2026-05-27,M024,519617
2026-05-27,M025,498962
2026-05-27,M026,606415
2026-05-27,M027,746333
2026-05-27,M028,580230
2026-05-27,M029,468746
2026-05-27,M030,636512
2026-05-27,M031,561077
2026-05-27,M032,502012
2026-05-27,M033,592377
2026-05-27,M034,788634
2026-05-27,M035,952061
2026-05-27,M036,598970
2026-05-27,M037,472606
2026-05-27,M038,598502
2026-05-27,M039,819257
2026-05-27,M040,677347
2026-05-27,M041,847899
2026-05-27,M042,993595
2026-05-27,M043,649626
2026-05-27,M044,533701
2026-05-27,M045,724954
2026-05-27,M046,818844
2026-05-27,M047,1028454
2026-05-27,M048,776019
2026-05-28,M001,262054
2026-05-28,M002,257002
2026-05-28,M003,347052
2026-05-28,M004,295859
2026-05-28,M005,608480
2026-05-28,M006,541608
2026-05-28,M007,472243
2026-05-28,M008,245298
2026-05-28,M009,444430
2026-05-28,M010,364833
2026-05-28,M011,453522
2026-05-28,M012,414939
2026-05-28,M013,613885
2026-05-28,M014,533703
2026-05-28,M015,402415
2026-05-28,M016,368589
2026-05-28,M017,653424
2026-05-28,M018,560654
2026-05-28,M019,450408
2026-05-28,M020,444723
2026-05-28,M021,808689
2026-05-28,M022,438085
2026-05-28,M023,519297
2026-05-28,M024,460772
2026-05-28,M025,644951
2026-05-28,M026,554795
2026-05-28,M027,735148
2026-05-28,M028,539643
2026-05-28,M029,702444
2026-05-28,M030,641029
2026-05-28,M031,478766
2026-05-28,M032,459196
2026-05-28,M033,887326
2026-05-28,M034,790426
2026-05-28,M035,914608
2026-05-28,M036,553259
2026-05-28,M037,640106
2026-05-28,M038,523988
2026-05-28,M039,629143
2026-05-28,M040,619417
2026-05-28,M041,1102855
2026-05-28,M042,941470
2026-05-28,M043,530218
2026-05-28,M044,512095
2026-05-28,M045,895140
2026-05-28,M046,718824
2026-05-28,M047,916125
2026-05-28,M048,729283
2026-05-29,M001,254841
2026-05-29,M002,231565
2026-05-29,M003,325453
2026-05-29,M004,389635
2026-05-29,M005,579120
2026-05-29,M006,423011
2026-05-29,M007,477820
2026-05-29,M008,319530
2026-05-29,M009,474435
2026-05-29,M010,324583
2026-05-29,M011,453491
2026-05-29,M012,547999
2026-05-29,M013,559250
2026-05-29,M014,475218
2026-05-29,M015,353790
2026-05-29,M016,441467
2026-05-29,M017,675316
2026-05-29,M018,523261
2026-05-29,M019,431081
2026-05-29,M020,539388
2026-05-29,M021,700983
2026-05-29,M022,358878
2026-05-29,M023,505089
2026-05-29,M024,631738
2026-05-29,M025,622802
2026-05-29,M026,511966
2026-05-29,M027,644026
2026-05-29,M028,684672
2026-05-29,M029,603612
2026-05-29,M030,544777
2026-05-29,M031,493039
2026-05-29,M032,641155
2026-05-29,M033,793635
2026-05-29,M034,682898
2026-05-29,M035,877465
2026-05-29,M036,751524
2026-05-29,M037,586293
2026-05-29,M038,445777
2026-05-29,M039,639711
2026-05-29,M040,763970
2026-05-29,M041,1024687
2026-05-29,M042,736676
2026-05-29,M043,584754
2026-05-29,M044,631743
2026-05-29,M045,928235
2026-05-29,M046,652287
2026-05-29,M047,921992
2026-05-29,M048,925504
2026-05-30,M001,129164
2026-05-30,M002,280346
2026-05-30,M003,266899
2026-05-30,M004,480493
2026-05-30,M005,276334
2026-05-30,M006,600940
2026-05-30,M007,348978
2026-05-30,M008,412597
2026-05-30,M009,217754
2026-05-30,M010,406349
2026-05-30,M011,336801
2026-05-30,M012,746030
2026-05-30,M013,291907
2026-05-30,M014,539177
2026-05-30,M015,277500
2026-05-30,M016,617574
2026-05-30,M017,344626
2026-05-30,M018,691904
2026-05-30,M019,377822
2026-05-30,M020,670382
2026-05-30,M021,374849
2026-05-30,M022,490931
2026-05-30,M023,397657
2026-05-30,M024,853335
2026-05-30,M025,295196
2026-05-30,M026,659192
2026-05-30,M027,485799
2026-05-30,M028,911742
2026-05-30,M029,337609
2026-05-30,M030,634813
2026-05-30,M031,410590
2026-05-30,M032,741133
2026-05-30,M033,405674
2026-05-30,M034,863084
2026-05-30,M035,712311
2026-05-30,M036,882399
2026-05-30,M037,332566
2026-05-30,M038,579655
2026-05-30,M039,501229
2026-05-30,M040,1056770
2026-05-30,M041,527107
2026-05-30,M042,1068751
2026-05-30,M043,456165
2026-05-30,M044,866569
2026-05-30,M045,443635
2026-05-30,M046,736432
2026-05-30,M047,696778
2026-05-30,M048,1287222
2026-05-31,M001,173373
2026-05-31,M002,267671
2026-05-31,M003,360372
2026-05-31,M004,305921
2026-05-31,M005,424491
2026-05-31,M006,500104
2026-05-31,M007,461575
2026-05-31,M008,237066
2026-05-31,M009,333957
2026-05-31,M010,416044
2026-05-31,M011,487430
2026-05-31,M012,448732
2026-05-31,M013,374150
2026-05-31,M014,535197
2026-05-31,M015,416362
2026-05-31,M016,367685
2026-05-31,M017,445481
2026-05-31,M018,597634
2026-05-31,M019,439732
2026-05-31,M020,423057
2026-05-31,M021,495099
2026-05-31,M022,414482
2026-05-31,M023,584128
2026-05-31,M024,507408
2026-05-31,M025,458512
2026-05-31,M026,571254
2026-05-31,M027,729147
2026-05-31,M028,538792
2026-05-31,M029,446346
2026-05-31,M030,584887
2026-05-31,M031,531631
2026-05-31,M032,468613
2026-05-31,M033,561694
2026-05-31,M034,696553
2026-05-31,M035,940022
2026-05-31,M036,517220
2026-05-31,M037,442061
2026-05-31,M038,532318
2026-05-31,M039,752435
2026-05-31,M040,589344
2026-05-31,M041,757547
2026-05-31,M042,894526
2026-05-31,M043,574297
2026-05-31,M044,489013
2026-05-31,M045,671288
2026-05-31,M046,700877
2026-05-31,M047,903520
2026-05-31,M048,780098
2026-06-01,M001,317951
2026-06-01,M002,240168
2026-06-01,M003,385199
2026-06-01,M004,444898
2026-06-01,M005,691389
2026-06-01,M006,509211
2026-06-01,M007,534348
2026-06-01,M008,366779
2026-06-01,M009,536076
2026-06-01,M010,373288
2026-06-01,M011,597873
2026-06-01,M012,636818
2026-06-01,M013,656798
2026-06-01,M014,513652
2026-06-01,M015,416281
2026-06-01,M016,541685
2026-06-01,M017,735296
2026-06-01,M018,614982
2026-06-01,M019,538828
2026-06-01,M020,600693
2026-06-01,M021,947868
2026-06-01,M022,445805
2026-06-01,M023,677150
2026-06-01,M024,687749
2026-06-01,M025,740153
2026-06-01,M026,543219
2026-06-01,M027,845729
2026-06-01,M028,841998
2026-06-01,M029,788362
2026-06-01,M030,560080
2026-06-01,M031,659818
2026-06-01,M032,735704
2026-06-01,M033,1051857
2026-06-01,M034,736235
2026-06-01,M035,1074356
2026-06-01,M036,846687
2026-06-01,M037,768730
2026-06-01,M038,579717
2026-06-01,M039,827934
2026-06-01,M040,869931
2026-06-01,M041,1217829
2026-06-01,M042,1004263
2026-06-01,M043,658703
2026-06-01,M044,822695
2026-06-01,M045,1046788
2026-06-01,M046,744472
2026-06-01,M047,992525
2026-06-01,M048,1091779
2026-06-02,M001,180858
2026-06-02,M002,350487
2026-06-02,M003,353740
2026-06-02,M004,633152
2026-06-02,M005,386125
2026-06-02,M006,727599
2026-06-02,M007,466922
2026-06-02,M008,512575
2026-06-02,M009,290302
2026-06-02,M010,538426
2026-06-02,M011,510723
2026-06-02,M012,921722
2026-06-02,M013,379841
2026-06-02,M014,725493
2026-06-02,M015,392267
2026-06-02,M016,750634
2026-06-02,M017,419624
2026-06-02,M018,805601
2026-06-02,M019,491326
2026-06-02,M020,930106
2026-06-02,M021,468368
2026-06-02,M022,593539
2026-06-02,M023,506907
2026-06-02,M024,981944
2026-06-02,M025,447209
2026-06-02,M026,880400
2026-06-02,M027,718502
2026-06-02,M028,1123771
2026-06-02,M029,426457
2026-06-02,M030,856820
2026-06-02,M031,533724
2026-06-02,M032,1034283
2026-06-02,M033,545867
2026-06-02,M034,1043042
2026-06-02,M035,817879
2026-06-02,M036,1137564
2026-06-02,M037,425099
2026-06-02,M038,852039
2026-06-02,M039,626990
2026-06-02,M040,1218880
2026-06-02,M041,679420
2026-06-02,M042,1370147
2026-06-02,M043,592646
2026-06-02,M044,1081904
2026-06-02,M045,631218
2026-06-02,M046,1112111
2026-06-02,M047,897258
2026-06-02,M048,1506751
2026-06-03,M001,230854
2026-06-03,M002,348722
2026-06-03,M003,458064
2026-06-03,M004,390434
2026-06-03,M005,528241
2026-06-03,M006,687681
2026-06-03,M007,607712
2026-06-03,M008,296242
2026-06-03,M009,405685
2026-06-03,M010,489898
2026-06-03,M011,627201
2026-06-03,M012,554504
2026-06-03,M013,490296
2026-06-03,M014,652591
2026-06-03,M015,541914
2026-06-03,M016,441277
2026-06-03,M017,592803
2026-06-03,M018,814358
2026-06-03,M019,676498
2026-06-03,M020,526858
2026-06-03,M021,721868
2026-06-03,M022,591945
2026-06-03,M023,769989
2026-06-03,M024,621628
2026-06-03,M025,580233
2026-06-03,M026,774930
2026-06-03,M027,938326
2026-06-03,M028,680408
2026-06-03,M029,593372
2026-06-03,M030,839221
2026-06-03,M031,692796
2026-06-03,M032,606242
2026-06-03,M033,791274
2026-06-03,M034,941616
2026-06-03,M035,1281716
2026-06-03,M036,742166
2026-06-03,M037,602969
2026-06-03,M038,774652
2026-06-03,M039,925429
2026-06-03,M040,794494
2026-06-03,M041,951734
2026-06-03,M042,1336963
2026-06-03,M043,781360
2026-06-03,M044,656860
2026-06-03,M045,836575
2026-06-03,M046,1034332
2026-06-03,M047,1184384
2026-06-03,M048,1001300
2026-06-04,M001,301811
2026-06-04,M002,324810
2026-06-04,M003,403645
2026-06-04,M004,389120
2026-06-04,M005,649470
2026-06-04,M006,643040
2026-06-04,M007,518230
2026-06-04,M008,266421
2026-06-04,M009,577326
2026-06-04,M010,433381
2026-06-04,M011,560710
2026-06-04,M012,485533
2026-06-04,M013,687124
2026-06-04,M014,612003
2026-06-04,M015,487369
2026-06-04,M016,445503
2026-06-04,M017,738506
2026-06-04,M018,739475
2026-06-04,M019,532262
2026-06-04,M020,486918
2026-06-04,M021,943269
2026-06-04,M022,520040
2026-06-04,M023,656548
2026-06-04,M024,574384
2026-06-04,M025,809833
2026-06-04,M026,631432
2026-06-04,M027,848212
2026-06-04,M028,628935
2026-06-04,M029,778155
2026-06-04,M030,667153
2026-06-04,M031,612715
2026-06-04,M032,593790
2026-06-04,M033,1054536
2026-06-04,M034,887504
2026-06-04,M035,997281
2026-06-04,M036,670636
2026-06-04,M037,785556
2026-06-04,M038,651878
2026-06-04,M039,848643
2026-06-04,M040,675321
2026-06-04,M041,1305942
2026-06-04,M042,1184998
2026-06-04,M043,644608
2026-06-04,M044,630337
2026-06-04,M045,1200932
2026-06-04,M046,835771
2026-06-04,M047,1043568
2026-06-04,M048,886125
2026-06-05,M001,306877
2026-06-05,M002,267667
2026-06-05,M003,366621
2026-06-05,M004,508784
2026-06-05,M005,673865
2026-06-05,M006,496646
2026-06-05,M007,508651
2026-06-05,M008,343673
2026-06-05,M009,502300
2026-06-05,M010,414985
2026-06-05,M011,599152
2026-06-05,M012,640727
2026-06-05,M013,623284
2026-06-05,M014,552352
2026-06-05,M015,451705
2026-06-05,M016,567805
2026-06-05,M017,813695
2026-06-05,M018,564343
2026-06-05,M019,541986
2026-06-05,M020,627293
2026-06-05,M021,834259
2026-06-05,M022,453132
2026-06-05,M023,598455
2026-06-05,M024,782046
2026-06-05,M025,744900
2026-06-05,M026,567184
2026-06-05,M027,812293
2026-06-05,M028,904746
2026-06-05,M029,809604
2026-06-05,M030,648535
2026-06-05,M031,633647
2026-06-05,M032,738763
2026-06-05,M033,984131
2026-06-05,M034,707389
2026-06-05,M035,1063118
2026-06-05,M036,823202
2026-06-05,M037,757999
2026-06-05,M038,562006
2026-06-05,M039,751772
2026-06-05,M040,875572
2026-06-05,M041,1334476
2026-06-05,M042,876586
2026-06-05,M043,676723
2026-06-05,M044,744378
2026-06-05,M045,1173597
2026-06-05,M046,715882
2026-06-05,M047,949613
2026-06-05,M048,1068097
2026-06-06,M001,150110
2026-06-06,M002,328411
2026-06-06,M003,286403
2026-06-06,M004,637121
2026-06-06,M005,358492
2026-06-06,M006,644979
2026-06-06,M007,449767
2026-06-06,M008,440899
2026-06-06,M009,275489
2026-06-06,M010,484463
2026-06-06,M011,433456
2026-06-06,M012,904820
2026-06-06,M013,343775
2026-06-06,M014,725581
2026-06-06,M015,341763
2026-06-06,M016,716540
2026-06-06,M017,365729
2026-06-06,M018,771814
2026-06-06,M019,390501
2026-06-06,M020,770929
2026-06-06,M021,464942
2026-06-06,M022,612302
2026-06-06,M023,480683
2026-06-06,M024,886567
2026-06-06,M025,349043
2026-06-06,M026,772485
2026-06-06,M027,603785
2026-06-06,M028,1018426
2026-06-06,M029,405208
2026-06-06,M030,780909
2026-06-06,M031,475716
2026-06-06,M032,970194
2026-06-06,M033,484628
2026-06-06,M034,997717
2026-06-06,M035,805504
2026-06-06,M036,987649
2026-06-06,M037,391131
2026-06-06,M038,700240
2026-06-06,M039,599362
2026-06-06,M040,1183534
2026-06-06,M041,650867
2026-06-06,M042,1199400
2026-06-06,M043,475681
2026-06-06,M044,1065459
2026-06-06,M045,583274
2026-06-06,M046,895857
2026-06-06,M047,770350
2026-06-06,M048,1554896
2026-06-07,M001,221573
2026-06-07,M002,309177
2026-06-07,M003,431460
2026-06-07,M004,396890
2026-06-07,M005,505022
2026-06-07,M006,641082
2026-06-07,M007,543675
2026-06-07,M008,295401
2026-06-07,M009,380744
2026-06-07,M010,448954
2026-06-07,M011,625199
2026-06-07,M012,552881
2026-06-07,M013,447517
2026-06-07,M014,630391
2026-06-07,M015,431334
2026-06-07,M016,456603
2026-06-07,M017,508511
2026-06-07,M018,724080
2026-06-07,M019,531611
2026-06-07,M020,492156
2026-06-07,M021,670994
2026-06-07,M022,532469
2026-06-07,M023,673020
2026-06-07,M024,546009
2026-06-07,M025,518896
2026-06-07,M026,714568
2026-06-07,M027,795378
2026-06-07,M028,669830
2026-06-07,M029,506584
2026-06-07,M030,678605
2026-06-07,M031,638293
2026-06-07,M032,524211
2026-06-07,M033,740159
2026-06-07,M034,911473
2026-06-07,M035,1034517
2026-06-07,M036,610156
2026-06-07,M037,539851
2026-06-07,M038,707047
2026-06-07,M039,883018
2026-06-07,M040,681864
2026-06-07,M041,850238
2026-06-07,M042,1108716
2026-06-07,M043,647756
2026-06-07,M044,591486
2026-06-07,M045,760186
2026-06-07,M046,939254
2026-06-07,M047,991988
2026-06-07,M048,948359
2026-06-08,M001,325815
2026-06-08,M002,305348
2026-06-08,M003,392087
2026-06-08,M004,361552
2026-06-08,M005,711837
2026-06-08,M006,583552
2026-06-08,M007,546039
2026-06-08,M008,296021
2026-06-08,M009,572827
2026-06-08,M010,454987
2026-06-08,M011,603505
2026-06-08,M012,483438
2026-06-08,M013,695275
2026-06-08,M014,571149
2026-06-08,M015,463315
2026-06-08,M016,449583
2026-06-08,M017,848363
2026-06-08,M018,657300
2026-06-08,M019,556596
2026-06-08,M020,475526
2026-06-08,M021,869315
2026-06-08,M022,492703
2026-06-08,M023,677260
2026-06-08,M024,557105
2026-06-08,M025,737400
2026-06-08,M026,687332
2026-06-08,M027,791670
2026-06-08,M028,608884
2026-06-08,M029,841588
2026-06-08,M030,761559
2026-06-08,M031,612636
2026-06-08,M032,578546
2026-06-08,M033,987420
2026-06-08,M034,951596
2026-06-08,M035,1113175
2026-06-08,M036,644534
2026-06-08,M037,752309
2026-06-08,M038,626870
2026-06-08,M039,768065
2026-06-08,M040,720749
2026-06-08,M041,1384017
2026-06-08,M042,1049333
2026-06-08,M043,636704
2026-06-08,M044,661501
2026-06-08,M045,1175549
2026-06-08,M046,862081
2026-06-08,M047,1014102
2026-06-08,M048,872683
2026-06-09,M001,312983
2026-06-09,M002,237785
2026-06-09,M003,370067
2026-06-09,M004,478819
2026-06-09,M005,718525
2026-06-09,M006,544543
2026-06-09,M007,545020
2026-06-09,M008,368420
2026-06-09,M009,568949
2026-06-09,M010,418845
2026-06-09,M011,606595
2026-06-09,M012,654272
2026-06-09,M013,683327
2026-06-09,M014,560828
2026-06-09,M015,418806
2026-06-09,M016,505287
2026-06-09,M017,728721
2026-06-09,M018,647737
2026-06-09,M019,574766
2026-06-09,M020,678957
2026-06-09,M021,970322
2026-06-09,M022,458338
2026-06-09,M023,669832
2026-06-09,M024,781026
2026-06-09,M025,779930
2026-06-09,M026,566978
2026-06-09,M027,788022
2026-06-09,M028,773887
2026-06-09,M029,762287
2026-06-09,M030,621002
2026-06-09,M031,613538
2026-06-09,M032,702884
2026-06-09,M033,921644
2026-06-09,M034,721249
2026-06-09,M035,1006288
2026-06-09,M036,889321
2026-06-09,M037,740610
2026-06-09,M038,563922
2026-06-09,M039,784570
2026-06-09,M040,901336
2026-06-09,M041,1220195
2026-06-09,M042,1022874
2026-06-09,M043,661959
2026-06-09,M044,739112
2026-06-09,M045,1119395
2026-06-09,M046,793891
2026-06-09,M047,984906
2026-06-09,M048,1153751
2026-06-10,M001,173848
2026-06-10,M002,387102
2026-06-10,M003,335387
2026-06-10,M004,636821
2026-06-10,M005,373240
2026-06-10,M006,793785
2026-06-10,M007,463286
2026-06-10,M008,545294
2026-06-10,M009,296634
2026-06-10,M010,584303
2026-06-10,M011,450453
2026-06-10,M012,936578
2026-06-10,M013,374706
2026-06-10,M014,728625
2026-06-10,M015,374221
2026-06-10,M016,789194
2026-06-10,M017,450096
2026-06-10,M018,855228
2026-06-10,M019,496513
2026-06-10,M020,901412
2026-06-10,M021,470211
2026-06-10,M022,622848
2026-06-10,M023,542079
2026-06-10,M024,1063669
2026-06-10,M025,436204
2026-06-10,M026,835048
2026-06-10,M027,678900
2026-06-10,M028,1141070
2026-06-10,M029,446038
2026-06-10,M030,824813
2026-06-10,M031,532614
2026-06-10,M032,1058568
2026-06-10,M033,545292
2026-06-10,M034,990984
2026-06-10,M035,858421
2026-06-10,M036,1235949
2026-06-10,M037,391712
2026-06-10,M038,844003
2026-06-10,M039,724035
2026-06-10,M040,1349711
2026-06-10,M041,739018
2026-06-10,M042,1393022
2026-06-10,M043,531903
2026-06-10,M044,1071134
2026-06-10,M045,613246
2026-06-10,M046,1047428
2026-06-10,M047,899020
2026-06-10,M048,1543592
2026-06-11,M001,228887
2026-06-11,M002,316118
2026-06-11,M003,458295
2026-06-11,M004,439913
2026-06-11,M005,565905
2026-06-11,M006,747969
2026-06-11,M007,586746
2026-06-11,M008,302869
2026-06-11,M009,390586
2026-06-11,M010,473991
2026-06-11,M011,693614
2026-06-11,M012,540025
2026-06-11,M013,496052
2026-06-11,M014,699471
2026-06-11,M015,532176
2026-06-11,M016,484019
2026-06-11,M017,598037
2026-06-11,M018,745453
2026-06-11,M019,590120
2026-06-11,M020,518227
2026-06-11,M021,646436
2026-06-11,M022,598249
2026-06-11,M023,786070
2026-06-11,M024,619035
2026-06-11,M025,559775
2026-06-11,M026,806968
2026-06-11,M027,987188
2026-06-11,M028,701084
2026-06-11,M029,561694
2026-06-11,M030,741888
2026-06-11,M031,698560
2026-06-11,M032,647827
2026-06-11,M033,790485
2026-06-11,M034,916344
2026-06-11,M035,1261925
2026-06-11,M036,773422
2026-06-11,M037,572737
2026-06-11,M038,776438
2026-06-11,M039,956073
2026-06-11,M040,734715
2026-06-11,M041,911090
2026-06-11,M042,1160608
2026-06-11,M043,736524
2026-06-11,M044,632290
2026-06-11,M045,802025
2026-06-11,M046,906831
2026-06-11,M047,1094700
2026-06-11,M048,1047613
2026-06-12,M001,302577
2026-06-12,M002,279518
2026-06-12,M003,368284
2026-06-12,M004,361606
2026-06-12,M005,678498
2026-06-12,M006,613355
2026-06-12,M007,596125
2026-06-12,M008,293521
2026-06-12,M009,590138
2026-06-12,M010,454884
2026-06-12,M011,575738
2026-06-12,M012,518303
2026-06-12,M013,723889
2026-06-12,M014,632936
2026-06-12,M015,480117
2026-06-12,M016,457082
2026-06-12,M017,754910
2026-06-12,M018,687754
2026-06-12,M019,520515
2026-06-12,M020,524511
2026-06-12,M021,847702
2026-06-12,M022,482220
2026-06-12,M023,694029
2026-06-12,M024,542104
2026-06-12,M025,818938
2026-06-12,M026,680796
2026-06-12,M027,766299
2026-06-12,M028,683529
2026-06-12,M029,764337
2026-06-12,M030,690710
2026-06-12,M031,636728
2026-06-12,M032,594934
2026-06-12,M033,1021580
2026-06-12,M034,825957
2026-06-12,M035,1029927
2026-06-12,M036,630097
2026-06-12,M037,764305
2026-06-12,M038,638864
2026-06-12,M039,793682
2026-06-12,M040,727007
2026-06-12,M041,1315410
2026-06-12,M042,1151515
2026-06-12,M043,705508
2026-06-12,M044,656477
2026-06-12,M045,1195627
2026-06-12,M046,814862
2026-06-12,M047,1001292
2026-06-12,M048,960693
2026-06-13,M001,287887
2026-06-13,M002,242791
2026-06-13,M003,349592
2026-06-13,M004,430363
2026-06-13,M005,665171
2026-06-13,M006,500066
2026-06-13,M007,524358
2026-06-13,M008,305501
2026-06-13,M009,521699
2026-06-13,M010,362292
2026-06-13,M011,527737
2026-06-13,M012,609825
2026-06-13,M013,625543
2026-06-13,M014,445184
2026-06-13,M015,406640
2026-06-13,M016,505491
2026-06-13,M017,680352
2026-06-13,M018,525815
2026-06-13,M019,522867
2026-06-13,M020,542009
2026-06-13,M021,769761
2026-06-13,M022,398536
2026-06-13,M023,559220
2026-06-13,M024,628716
2026-06-13,M025,711160
2026-06-13,M026,495753
2026-06-13,M027,773484
2026-06-13,M028,806014
2026-06-13,M029,758306
2026-06-13,M030,500709
2026-06-13,M031,578105
2026-06-13,M032,686074
2026-06-13,M033,888466
2026-06-13,M034,692482
2026-06-13,M035,946707
2026-06-13,M036,708379
2026-06-13,M037,714617
2026-06-13,M038,475607
2026-06-13,M039,668720
2026-06-13,M040,890005
2026-06-13,M041,1217649
2026-06-13,M042,854516
2026-06-13,M043,581191
2026-06-13,M044,689448
2026-06-13,M045,1018897
2026-06-13,M046,707612
2026-06-13,M047,966910
2026-06-13,M048,968036
2026-06-14,M001,141347
2026-06-14,M002,322186
2026-06-14,M003,291970
2026-06-14,M004,616237
2026-06-14,M005,350537
2026-06-14,M006,709723
2026-06-14,M007,410533
2026-06-14,M008,488492
2026-06-14,M009,281360
2026-06-14,M010,480071
2026-06-14,M011,401615
2026-06-14,M012,785942
2026-06-14,M013,359188
2026-06-14,M014,685033
2026-06-14,M015,359133
2026-06-14,M016,675351
2026-06-14,M017,414224
2026-06-14,M018,798991
2026-06-14,M019,425645
2026-06-14,M020,812696
2026-06-14,M021,469917
2026-06-14,M022,570696
2026-06-14,M023,511443
2026-06-14,M024,948888
2026-06-14,M025,408175
2026-06-14,M026,788215
2026-06-14,M027,666238
2026-06-14,M028,1144243
2026-06-14,M029,397558
2026-06-14,M030,828407
2026-06-14,M031,429182
2026-06-14,M032,896397
2026-06-14,M033,474586
2026-06-14,M034,892566
2026-06-14,M035,825759
2026-06-14,M036,1140048
2026-06-14,M037,359866
2026-06-14,M038,703653
2026-06-14,M039,638370
2026-06-14,M040,1201200
2026-06-14,M041,637208
2026-06-14,M042,1203170
2026-06-14,M043,507110
2026-06-14,M044,1007811
2026-06-14,M045,549877
2026-06-14,M046,976821
2026-06-14,M047,745590
2026-06-14,M048,1530617
2026-06-15,M001,250109
2026-06-15,M002,326515
2026-06-15,M003,451242
2026-06-15,M004,385141
2026-06-15,M005,555862
2026-06-15,M006,704085
2026-06-15,M007,655263
2026-06-15,M008,294788
2026-06-15,M009,410326
2026-06-15,M010,543218
2026-06-15,M011,610769
2026-06-15,M012,599868
2026-06-15,M013,518942
2026-06-15,M014,730398
2026-06-15,M015,512625
2026-06-15,M016,473748
2026-06-15,M017,565340
2026-06-15,M018,856028
2026-06-15,M019,599434
2026-06-15,M020,581394
2026-06-15,M021,676469
2026-06-15,M022,553370
2026-06-15,M023,752235
2026-06-15,M024,619189
2026-06-15,M025,610575
2026-06-15,M026,824613
2026-06-15,M027,950216
2026-06-15,M028,756274
2026-06-15,M029,613093
2026-06-15,M030,791926
2026-06-15,M031,672031
2026-06-15,M032,573907
2026-06-15,M033,742963
2026-06-15,M034,947447
2026-06-15,M035,1191429
2026-06-15,M036,734334
2026-06-15,M037,603161
2026-06-15,M038,765659
2026-06-15,M039,880154
2026-06-15,M040,802031
2026-06-15,M041,965161
2026-06-15,M042,1202722
2026-06-15,M043,795359
2026-06-15,M044,659020
2026-06-15,M045,782980
2026-06-15,M046,1019363
2026-06-15,M047,1117056
2026-06-15,M048,974514
2026-06-16,M001,285656
2026-06-16,M002,282904
2026-06-16,M003,418967
2026-06-16,M004,343164
2026-06-16,M005,648450
2026-06-16,M006,586981
2026-06-16,M007,516441
2026-06-16,M008,291984
2026-06-16,M009,551497
2026-06-16,M010,479660
2026-06-16,M011,529010
2026-06-16,M012,543154
2026-06-16,M013,728215
2026-06-16,M014,614820
2026-06-16,M015,450162
2026-06-16,M016,440847
2026-06-16,M017,757747
2026-06-16,M018,738921
2026-06-16,M019,559640
2026-06-16,M020,517116
2026-06-16,M021,852459
2026-06-16,M022,535891
2026-06-16,M023,596035
2026-06-16,M024,593199
2026-06-16,M025,816344
2026-06-16,M026,658244
2026-06-16,M027,869789
2026-06-16,M028,654593
2026-06-16,M029,796370
2026-06-16,M030,695640
2026-06-16,M031,631197
2026-06-16,M032,594207
2026-06-16,M033,979407
2026-06-16,M034,877948
2026-06-16,M035,1058427
2026-06-16,M036,600339
2026-06-16,M037,764758
2026-06-16,M038,720219
2026-06-16,M039,847692
2026-06-16,M040,684379
2026-06-16,M041,1318467
2026-06-16,M042,1131206
2026-06-16,M043,735366
2026-06-16,M044,606904
2026-06-16,M045,1062529
2026-06-16,M046,818383
2026-06-16,M047,991982
2026-06-16,M048,911685
2026-06-17,M001,323910
2026-06-17,M002,267268
2026-06-17,M003,360955
2026-06-17,M004,499723
2026-06-17,M005,642179
2026-06-17,M006,567976
2026-06-17,M007,551261
2026-06-17,M008,391977
2026-06-17,M009,585786
2026-06-17,M010,371387
2026-06-17,M011,548564
2026-06-17,M012,618974
2026-06-17,M013,720911
2026-06-17,M014,561036
2026-06-17,M015,424927
2026-06-17,M016,586400
2026-06-17,M017,771884
2026-06-17,M018,637106
2026-06-17,M019,582892
2026-06-17,M020,675875
2026-06-17,M021,946912
2026-06-17,M022,426171
2026-06-17,M023,638333
2026-06-17,M024,724579
2026-06-17,M025,797351
2026-06-17,M026,558420
2026-06-17,M027,878028
2026-06-17,M028,792899
2026-06-17,M029,836892
2026-06-17,M030,650621
2026-06-17,M031,565672
2026-06-17,M032,658911
2026-06-17,M033,1035193
2026-06-17,M034,726141
2026-06-17,M035,982274
2026-06-17,M036,781989
2026-06-17,M037,790102
2026-06-17,M038,585878
2026-06-17,M039,852227
2026-06-17,M040,882383
2026-06-17,M041,1318629
2026-06-17,M042,973396
2026-06-17,M043,630994
2026-06-17,M044,805088
2026-06-17,M045,1023694
2026-06-17,M046,752803
2026-06-17,M047,968669
2026-06-17,M048,1144133
2026-06-18,M001,167154
2026-06-18,M002,365486
2026-06-18,M003,344184
2026-06-18,M004,717059
2026-06-18,M005,395507
2026-06-18,M006,814924
2026-06-18,M007,478908
2026-06-18,M008,530871
2026-06-18,M009,294219
2026-06-18,M010,561080
2026-06-18,M011,488101
2026-06-18,M012,971135
2026-06-18,M013,375985
2026-06-18,M014,772698
2026-06-18,M015,400107
2026-06-18,M016,735378
2026-06-18,M017,424513
2026-06-18,M018,869621
2026-06-18,M019,440351
2026-06-18,M020,971138
2026-06-18,M021,508024
2026-06-18,M022,672674
2026-06-18,M023,541152
2026-06-18,M024,1085141
2026-06-18,M025,411345
2026-06-18,M026,805236
2026-06-18,M027,658090
2026-06-18,M028,1229990
2026-06-18,M029,412166
2026-06-18,M030,874881
2026-06-18,M031,492579
2026-06-18,M032,930941
2026-06-18,M033,526152
2026-06-18,M034,1052033
2026-06-18,M035,828581
2026-06-18,M036,1177050
2026-06-18,M037,403259
2026-06-18,M038,758002
2026-06-18,M039,640735
2026-06-18,M040,1358669
2026-06-18,M041,653009
2026-06-18,M042,1280322
2026-06-18,M043,548428
2026-06-18,M044,1102983
2026-06-18,M045,643634
2026-06-18,M046,1021029
2026-06-18,M047,898042
2026-06-18,M048,1576081
2026-06-19,M001,218508
2026-06-19,M002,333873
2026-06-19,M003,470844
2026-06-19,M004,396285
2026-06-19,M005,486267
2026-06-19,M006,700782
2026-06-19,M007,633655
2026-06-19,M008,311933
2026-06-19,M009,429718
2026-06-19,M010,543400
2026-06-19,M011,662196
2026-06-19,M012,562417
2026-06-19,M013,551870
2026-06-19,M014,678196
2026-06-19,M015,486540
2026-06-19,M016,461582
2026-06-19,M017,642807
2026-06-19,M018,825295
2026-06-19,M019,645856
2026-06-19,M020,524663
2026-06-19,M021,680584
2026-06-19,M022,630428
2026-06-19,M023,677154
2026-06-19,M024,636729
2026-06-19,M025,576958
2026-06-19,M026,769271
2026-06-19,M027,1010792
2026-06-19,M028,672222
2026-06-19,M029,620409
2026-06-19,M030,843293
2026-06-19,M031,737684
2026-06-19,M032,655762
2026-06-19,M033,730878
2026-06-19,M034,1013379
2026-06-19,M035,1291753
2026-06-19,M036,749454
2026-06-19,M037,561720
2026-06-19,M038,760442
2026-06-19,M039,859563
2026-06-19,M040,818407
2026-06-19,M041,925573
2026-06-19,M042,1171657
2026-06-19,M043,749294
2026-06-19,M044,635070
2026-06-19,M045,824981
2026-06-19,M046,978215
2026-06-19,M047,1206661
2026-06-19,M048,956841
2026-06-20,M001,263107
2026-06-20,M002,273454
2026-06-20,M003,353303
2026-06-20,M004,326607
2026-06-20,M005,596594
2026-06-20,M006,595875
2026-06-20,M007,499839
2026-06-20,M008,240699
2026-06-20,M009,483360
2026-06-20,M010,432555
2026-06-20,M011,528503
2026-06-20,M012,489454
2026-06-20,M013,668100
2026-06-20,M014,552744
2026-06-20,M015,392856
2026-06-20,M016,411982
2026-06-20,M017,758869
2026-06-20,M018,644164
2026-06-20,M019,468808
2026-06-20,M020,483202
2026-06-20,M021,867237
2026-06-20,M022,460600
2026-06-20,M023,622871
2026-06-20,M024,504260
2026-06-20,M025,706746
2026-06-20,M026,648222
2026-06-20,M027,778291
2026-06-20,M028,585717
2026-06-20,M029,738947
2026-06-20,M030,625716
2026-06-20,M031,580094
2026-06-20,M032,462743
2026-06-20,M033,952076
2026-06-20,M034,764203
2026-06-20,M035,906976
2026-06-20,M036,616995
2026-06-20,M037,707924
2026-06-20,M038,590183
2026-06-20,M039,754937
2026-06-20,M040,638341
2026-06-20,M041,1215065
2026-06-20,M042,930808
2026-06-20,M043,643784
2026-06-20,M044,510105
2026-06-20,M045,960437
2026-06-20,M046,805005
2026-06-20,M047,928135
2026-06-20,M048,789811
2026-06-21,M001,239630
2026-06-21,M002,190656
2026-06-21,M003,282771
2026-06-21,M004,335711
2026-06-21,M005,478204
2026-06-21,M006,392859
2026-06-21,M007,381916
2026-06-21,M008,270381
2026-06-21,M009,433740
2026-06-21,M010,296057
2026-06-21,M011,407976
2026-06-21,M012,482826
2026-06-21,M013,511665
2026-06-21,M014,362560
2026-06-21,M015,350381
2026-06-21,M016,423854
2026-06-21,M017,537593
2026-06-21,M018,426243
2026-06-21,M019,417452
2026-06-21,M020,486758
2026-06-21,M021,623669
2026-06-21,M022,308681
2026-06-21,M023,472184
2026-06-21,M024,535621
2026-06-21,M025,539285
2026-06-21,M026,453848
2026-06-21,M027,628993
2026-06-21,M028,632557
2026-06-21,M029,617819
2026-06-21,M030,415367
2026-06-21,M031,418197
2026-06-21,M032,553509
2026-06-21,M033,784422
2026-06-21,M034,557760
2026-06-21,M035,832879
2026-06-21,M036,591709
2026-06-21,M037,553018
2026-06-21,M038,437363
2026-06-21,M039,558265
2026-06-21,M040,663151
2026-06-21,M041,871014
2026-06-21,M042,729526
2026-06-21,M043,535165
2026-06-21,M044,610572
2026-06-21,M045,769121
2026-06-21,M046,557647
2026-06-21,M047,809959
2026-06-21,M048,800096
2026-06-22,M001,138280
2026-06-22,M002,294244
2026-06-22,M003,270875
2026-06-22,M004,551937
2026-06-22,M005,307091
2026-06-22,M006,577080
2026-06-22,M007,385153
2026-06-22,M008,426795
2026-06-22,M009,252445
2026-06-22,M010,422510
2026-06-22,M011,380039
2026-06-22,M012,812508
2026-06-22,M013,285288
2026-06-22,M014,568395
2026-06-22,M015,295968
2026-06-22,M016,638054
2026-06-22,M017,355235
2026-06-22,M018,672184
2026-06-22,M019,390897
2026-06-22,M020,790640
2026-06-22,M021,429461
2026-06-22,M022,525622
2026-06-22,M023,425974
2026-06-22,M024,839512
2026-06-22,M025,317970
2026-06-22,M026,655071
2026-06-22,M027,596419
2026-06-22,M028,991804
2026-06-22,M029,381568
2026-06-22,M030,668111
2026-06-22,M031,438407
2026-06-22,M032,872696
2026-06-22,M033,476486
2026-06-22,M034,852995
2026-06-22,M035,733247
2026-06-22,M036,966029
2026-06-22,M037,325209
2026-06-22,M038,634356
2026-06-22,M039,538236
2026-06-22,M040,1131413
2026-06-22,M041,572025
2026-06-22,M042,1178488
2026-06-22,M043,453333
2026-06-22,M044,860671
2026-06-22,M045,498085
2026-06-22,M046,884429
2026-06-22,M047,704241
2026-06-22,M048,1402876
2026-06-23,M001,205642
2026-06-23,M002,294203
2026-06-23,M003,375760
2026-06-23,M004,313116
2026-06-23,M005,442768
2026-06-23,M006,612650
2026-06-23,M007,534081
2026-06-23,M008,261544
2026-06-23,M009,322809
2026-06-23,M010,432659
2026-06-23,M011,543311
2026-06-23,M012,453847
2026-06-23,M013,447139
2026-06-23,M014,604215
2026-06-23,M015,407342
2026-06-23,M016,385626
2026-06-23,M017,450981
2026-06-23,M018,654942
2026-06-23,M019,554986
2026-06-23,M020,479780
2026-06-23,M021,554354
2026-06-23,M022,505656
2026-06-23,M023,573306
2026-06-23,M024,535599
2026-06-23,M025,505368
2026-06-23,M026,609057
2026-06-23,M027,725198
2026-06-23,M028,552039
2026-06-23,M029,456350
2026-06-23,M030,604744
2026-06-23,M031,537811
2026-06-23,M032,483534
2026-06-23,M033,583631
2026-06-23,M034,816826
2026-06-23,M035,919827
2026-06-23,M036,567184
2026-06-23,M037,464746
2026-06-23,M038,626009
2026-06-23,M039,808596
2026-06-23,M040,621297
2026-06-23,M041,742020
2026-06-23,M042,1049704
2026-06-23,M043,606782
2026-06-23,M044,555771
2026-06-23,M045,683885
2026-06-23,M046,809093
2026-06-23,M047,1020552
2026-06-23,M048,862826
2026-06-24,M001,253290
2026-06-24,M002,257227
2026-06-24,M003,318114
2026-06-24,M004,322471
2026-06-24,M005,594136
2026-06-24,M006,554649
2026-06-24,M007,465965
2026-06-24,M008,230421
2026-06-24,M009,428466
2026-06-24,M010,356962
2026-06-24,M011,471196
2026-06-24,M012,398014
2026-06-24,M013,548307
2026-06-24,M014,514147
2026-06-24,M015,351454
2026-06-24,M016,337408
2026-06-24,M017,602189
2026-06-24,M018,597581
2026-06-24,M019,455878
2026-06-24,M020,410970
2026-06-24,M021,733967
2026-06-24,M022,413872
2026-06-24,M023,504222
2026-06-24,M024,489401
2026-06-24,M025,578309
2026-06-24,M026,576571
2026-06-24,M027,680005
2026-06-24,M028,549091
2026-06-24,M029,651819
2026-06-24,M030,565723
2026-06-24,M031,477671
2026-06-24,M032,420025
2026-06-24,M033,886779
2026-06-24,M034,721811
2026-06-24,M035,934153
2026-06-24,M036,547072
2026-06-24,M037,652329
2026-06-24,M038,563476
2026-06-24,M039,696850
2026-06-24,M040,574518
2026-06-24,M041,988963
2026-06-24,M042,937941
2026-06-24,M043,599262
2026-06-24,M044,489305
2026-06-24,M045,918631
2026-06-24,M046,765583
2026-06-24,M047,785253
2026-06-24,M048,766445
2026-06-25,M001,263548
2026-06-25,M002,217033
2026-06-25,M003,320744
2026-06-25,M004,367199
2026-06-25,M005,562340
2026-06-25,M006,410473
2026-06-25,M007,466410
2026-06-25,M008,277215
2026-06-25,M009,427795
2026-06-25,M010,330673
2026-06-25,M011,498136
2026-06-25,M012,568079
2026-06-25,M013,538758
2026-06-25,M014,459125
2026-06-25,M015,390948
2026-06-25,M016,421439
2026-06-25,M017,609949
2026-06-25,M018,467915
2026-06-25,M019,441555
2026-06-25,M020,561274
2026-06-25,M021,715389
2026-06-25,M022,358254
2026-06-25,M023,485141
2026-06-25,M024,616796
2026-06-25,M025,631665
2026-06-25,M026,500707
2026-06-25,M027,649637
2026-06-25,M028,698499
2026-06-25,M029,609029
2026-06-25,M030,474314
2026-06-25,M031,496237
2026-06-25,M032,604776
2026-06-25,M033,775692
2026-06-25,M034,578022
2026-06-25,M035,855007
2026-06-25,M036,692137
2026-06-25,M037,643807
2026-06-25,M038,441300
2026-06-25,M039,636789
2026-06-25,M040,804054
2026-06-25,M041,978369
2026-06-25,M042,785889
2026-06-25,M043,515299
2026-06-25,M044,691095
2026-06-25,M045,852375
2026-06-25,M046,578919
2026-06-25,M047,843420
2026-06-25,M048,937455
2026-06-26,M001,135431
2026-06-26,M002,282269
2026-06-26,M003,252702
2026-06-26,M004,533314
2026-06-26,M005,311281
2026-06-26,M006,609101
2026-06-26,M007,366863
2026-06-26,M008,416255
2026-06-26,M009,269127
2026-06-26,M010,486384
2026-06-26,M011,403281
2026-06-26,M012,789162
2026-06-26,M013,289650
2026-06-26,M014,589144
2026-06-26,M015,327986
2026-06-26,M016,599184
2026-06-26,M017,337952
2026-06-26,M018,752420
2026-06-26,M019,402591
2026-06-26,M020,688338
2026-06-26,M021,397000
2026-06-26,M022,515090
2026-06-26,M023,437037
2026-06-26,M024,829969
2026-06-26,M025,348206
2026-06-26,M026,671518
2026-06-26,M027,597128
2026-06-26,M028,975366
2026-06-26,M029,349172
2026-06-26,M030,742658
2026-06-26,M031,396194
2026-06-26,M032,847690
2026-06-26,M033,484305
2026-06-26,M034,940197
2026-06-26,M035,742119
2026-06-26,M036,967175
2026-06-26,M037,347486
2026-06-26,M038,670499
2026-06-26,M039,583439
2026-06-26,M040,1055580
2026-06-26,M041,560379
2026-06-26,M042,1098952
2026-06-26,M043,435495
2026-06-26,M044,854039
2026-06-26,M045,537841
2026-06-26,M046,908852
2026-06-26,M047,724989
2026-06-26,M048,1421810
2026-06-27,M001,185620
2026-06-27,M002,258879
2026-06-27,M003,328214
2026-06-27,M004,304754
2026-06-27,M005,376138
2026-06-27,M006,490628
2026-06-27,M007,500223
2026-06-27,M008,248857
2026-06-27,M009,287600
2026-06-27,M010,353667
2026-06-27,M011,504448
2026-06-27,M012,408795
2026-06-27,M013,369401
2026-06-27,M014,484798
2026-06-27,M015,359804
2026-06-27,M016,330964
2026-06-27,M017,417013
2026-06-27,M018,555105
2026-06-27,M019,428247
2026-06-27,M020,410733
2026-06-27,M021,529440
2026-06-27,M022,440047
2026-06-27,M023,510379
2026-06-27,M024,492968
2026-06-27,M025,443121
2026-06-27,M026,557418
2026-06-27,M027,671713
2026-06-27,M028,519192
2026-06-27,M029,425959
2026-06-27,M030,587423
2026-06-27,M031,495905
2026-06-27,M032,482365
2026-06-27,M033,543959
2026-06-27,M034,699083
2026-06-27,M035,842498
2026-06-27,M036,536447
2026-06-27,M037,427572
2026-06-27,M038,539040
2026-06-27,M039,674743
2026-06-27,M040,631587
2026-06-27,M041,760068
2026-06-27,M042,992218
2026-06-27,M043,533573
2026-06-27,M044,496245
2026-06-27,M045,572435
2026-06-27,M046,701577
2026-06-27,M047,857068
2026-06-27,M048,754971
2026-06-28,M001,222791
2026-06-28,M002,228065
2026-06-28,M003,269904
2026-06-28,M004,257790
2026-06-28,M005,550243
2026-06-28,M006,475410
2026-06-28,M007,439302
2026-06-28,M008,216852
2026-06-28,M009,439481
2026-06-28,M010,312801
2026-06-28,M011,394075
2026-06-28,M012,405940
2026-06-28,M013,510610
2026-06-28,M014,458976
2026-06-28,M015,320179
2026-06-28,M016,290095
2026-06-28,M017,632659
2026-06-28,M018,555562
2026-06-28,M019,430654
2026-06-28,M020,377822
2026-06-28,M021,697800
2026-06-28,M022,362064
2026-06-28,M023,488201
2026-06-28,M024,424457
2026-06-28,M025,605838
2026-06-28,M026,541181
2026-06-28,M027,625644
2026-06-28,M028,499200
2026-06-28,M029,567822
2026-06-28,M030,494415
2026-06-28,M031,477819
2026-06-28,M032,389037
2026-06-28,M033,730091
2026-06-28,M034,647994
2026-06-28,M035,737813
2026-06-28,M036,508968
2026-06-28,M037,526312
2026-06-28,M038,473881
2026-06-28,M039,611439
2026-06-28,M040,490785
2026-06-28,M041,989414
2026-06-28,M042,888470
2026-06-28,M043,505529
2026-06-28,M044,465918
2026-06-28,M045,784462
2026-06-28,M046,600138
2026-06-28,M047,783784
2026-06-28,M048,627698
2026-06-29,M001,264612
2026-06-29,M002,210843
2026-06-29,M003,310895
2026-06-29,M004,393675
2026-06-29,M005,564156
2026-06-29,M006,427036
2026-06-29,M007,441953
2026-06-29,M008,299944
2026-06-29,M009,447143
2026-06-29,M010,328078
2026-06-29,M011,441373
2026-06-29,M012,526741
2026-06-29,M013,556488
2026-06-29,M014,419424
2026-06-29,M015,374139
2026-06-29,M016,437210
2026-06-29,M017,620021
2026-06-29,M018,506166
2026-06-29,M019,415701
2026-06-29,M020,535510
2026-06-29,M021,723540
2026-06-29,M022,368616
2026-06-29,M023,540652
2026-06-29,M024,606163
2026-06-29,M025,607734
2026-06-29,M026,507501
2026-06-29,M027,693044
2026-06-29,M028,706758
2026-06-29,M029,601743
2026-06-29,M030,484944
2026-06-29,M031,505679
2026-06-29,M032,551921
2026-06-29,M033,808529
2026-06-29,M034,614973
2026-06-29,M035,801473
2026-06-29,M036,647315
2026-06-29,M037,647884
2026-06-29,M038,435190
2026-06-29,M039,658348
2026-06-29,M040,749055
2026-06-29,M041,1082087
2026-06-29,M042,758296
2026-06-29,M043,529163
2026-06-29,M044,679622
2026-06-29,M045,868222
2026-06-29,M046,558352
2026-06-29,M047,776900
2026-06-29,M048,963223
2026-06-30,M001,146771
2026-06-30,M002,291007
2026-06-30,M003,264421
2026-06-30,M004,568732
2026-06-30,M005,306159
2026-06-30,M006,658255
2026-06-30,M007,357372
2026-06-30,M008,392268
2026-06-30,M009,241467
2026-06-30,M010,445006
2026-06-30,M011,377167
2026-06-30,M012,734414
2026-06-30,M013,312777
2026-06-30,M014,610680
2026-06-30,M015,302594
2026-06-30,M016,640624
2026-06-30,M017,330927
2026-06-30,M018,727284
2026-06-30,M019,362302
2026-06-30,M020,702894
2026-06-30,M021,406248
2026-06-30,M022,502112
2026-06-30,M023,455125
2026-06-30,M024,821071
2026-06-30,M025,323747
2026-06-30,M026,666659
2026-06-30,M027,547293
2026-06-30,M028,895531
2026-06-30,M029,375523
2026-06-30,M030,681863
2026-06-30,M031,417143
2026-06-30,M032,810915
2026-06-30,M033,443624
2026-06-30,M034,906319
2026-06-30,M035,759440
2026-06-30,M036,923358
2026-06-30,M037,339176
2026-06-30,M038,710394
2026-06-30,M039,529319
2026-06-30,M040,1085404
2026-06-30,M041,591871
2026-06-30,M042,1155714
2026-06-30,M043,473800
2026-06-30,M044,857138
2026-06-30,M045,540210
2026-06-30,M046,853617
2026-06-30,M047,650744
2026-06-30,M048,1383087
2026-07-01,M001,295271
2026-07-01,M002,182857
2026-07-01,M003,311193
2026-07-01,M004,366060
2026-07-01,M005,569115
2026-07-01,M006,401367
2026-07-01,M007,483665
2026-07-01,M008,259379
2026-07-01,M009,426410
2026-07-01,M010,329511
2026-07-01,M011,413547
2026-07-01,M012,551159
2026-07-01,M013,650300
2026-07-01,M014,349711
2026-07-01,M015,331701
2026-07-01,M016,458325
2026-07-01,M017,631459
2026-07-01,M018,461378
2026-07-01,M019,528140
2026-07-01,M020,461947
2026-07-01,M021,701437
2026-07-01,M022,372991
2026-07-01,M023,537657
2026-07-01,M024,592310
2026-07-01,M025,680090
2026-07-01,M026,384139
2026-07-01,M027,651439
2026-07-01,M028,708877
2026-07-01,M029,655017
2026-07-01,M030,506595
2026-07-01,M031,600497
2026-07-01,M032,454713
2026-07-01,M033,757898
2026-07-01,M034,624421
2026-07-01,M035,795179
2026-07-01,M036,678592
2026-07-01,M037,727203
2026-07-01,M038,424233
2026-07-01,M039,648140
2026-07-01,M040,708097
2026-07-01,M041,1022822
2026-07-01,M042,716114
2026-07-01,M043,634701
2026-07-01,M044,547709
2026-07-01,M045,809517
2026-07-01,M046,589925
2026-07-01,M047,822220
2026-07-01,M048,888102
2026-07-02,M001,162680
2026-07-02,M002,258036
2026-07-02,M003,242241
2026-07-02,M004,515446
2026-07-02,M005,303488
2026-07-02,M006,581818
2026-07-02,M007,439813
2026-07-02,M008,363271
2026-07-02,M009,248934
2026-07-02,M010,403886
2026-07-02,M011,352569
2026-07-02,M012,707198
2026-07-02,M013,350988
2026-07-02,M014,548984
2026-07-02,M015,293680
2026-07-02,M016,605704
2026-07-02,M017,342628
2026-07-02,M018,650083
2026-07-02,M019,405457
2026-07-02,M020,653826
2026-07-02,M021,373083
2026-07-02,M022,470040
2026-07-02,M023,403603
2026-07-02,M024,852261
2026-07-02,M025,421504
2026-07-02,M026,608289
2026-07-02,M027,519110
2026-07-02,M028,871599
2026-07-02,M029,344856
2026-07-02,M030,652254
2026-07-02,M031,468952
2026-07-02,M032,651814
2026-07-02,M033,406828
2026-07-02,M034,857710
2026-07-02,M035,739206
2026-07-02,M036,956177
2026-07-02,M037,385129
2026-07-02,M038,550075
2026-07-02,M039,550563
2026-07-02,M040,1101925
2026-07-02,M041,542075
2026-07-02,M042,1041839
2026-07-02,M043,550514
2026-07-02,M044,737146
2026-07-02,M045,498032
2026-07-02,M046,766595
2026-07-02,M047,701050
2026-07-02,M048,1346452
2026-07-03,M001,219402
2026-07-03,M002,242240
2026-07-03,M003,329596
2026-07-03,M004,332773
2026-07-03,M005,440665
2026-07-03,M006,592823
2026-07-03,M007,605857
2026-07-03,M008,201299
2026-07-03,M009,348069
2026-07-03,M010,377922
2026-07-03,M011,502405
2026-07-03,M012,418717
2026-07-03,M013,518956
2026-07-03,M014,461393
2026-07-03,M015,381167
2026-07-03,M016,347360
2026-07-03,M017,464382
2026-07-03,M018,612580
2026-07-03,M019,594633
2026-07-03,M020,363707
2026-07-03,M021,584924
2026-07-03,M022,473560
2026-07-03,M023,615803
2026-07-03,M024,548329
2026-07-03,M025,572373
2026-07-03,M026,515305
2026-07-03,M027,745827
2026-07-03,M028,614171
2026-07-03,M029,501610
2026-07-03,M030,633462
2026-07-03,M031,635077
2026-07-03,M032,451631
2026-07-03,M033,592222
2026-07-03,M034,816660
2026-07-03,M035,935701
2026-07-03,M036,579943
2026-07-03,M037,573504
2026-07-03,M038,558246
2026-07-03,M039,769439
2026-07-03,M040,591067
2026-07-03,M041,733611
2026-07-03,M042,992772
2026-07-03,M043,701908
2026-07-03,M044,459446
2026-07-03,M045,678685
2026-07-03,M046,820183
2026-07-03,M047,885735
2026-07-03,M048,827752
2026-07-04,M001,264320
2026-07-04,M002,191576
2026-07-04,M003,300393
2026-07-04,M004,272783
2026-07-04,M005,531917
2026-07-04,M006,435389
2026-07-04,M007,506448
2026-07-04,M008,183860
2026-07-04,M009,390902
2026-07-04,M010,325623
2026-07-04,M011,401186
2026-07-04,M012,341613
2026-07-04,M013,599866
2026-07-04,M014,389886
2026-07-04,M015,336253
2026-07-04,M016,313895
2026-07-04,M017,609945
2026-07-04,M018,468586
2026-07-04,M019,484730
2026-07-04,M020,288286
2026-07-04,M021,627887
2026-07-04,M022,350892
2026-07-04,M023,447255
2026-07-04,M024,400238
2026-07-04,M025,674216
2026-07-04,M026,419947
2026-07-04,M027,606821
2026-07-04,M028,493606
2026-07-04,M029,549114
2026-07-04,M030,502459
2026-07-04,M031,489857
2026-07-04,M032,363914
2026-07-04,M033,666943
2026-07-04,M034,645914
2026-07-04,M035,797646
2026-07-04,M036,475467
2026-07-04,M037,643533
2026-07-04,M038,428594
2026-07-04,M039,571235
2026-07-04,M040,507549
2026-07-04,M041,908600
2026-07-04,M042,773309
2026-07-04,M043,610687
2026-07-04,M044,374778
2026-07-04,M045,759988
2026-07-04,M046,657490
2026-07-04,M047,755509
2026-07-04,M048,603013
2026-07-05,M001,250532
2026-07-05,M002,150657
2026-07-05,M003,271233
2026-07-05,M004,359752
2026-07-05,M005,485585
2026-07-05,M006,407240
2026-07-05,M007,475763
2026-07-05,M008,223414
2026-07-05,M009,408231
2026-07-05,M010,257868
2026-07-05,M011,429644
2026-07-05,M012,489949
2026-07-05,M013,547194
2026-07-05,M014,336442
2026-07-05,M015,347193
2026-07-05,M016,413929
2026-07-05,M017,545952
2026-07-05,M018,439052
2026-07-05,M019,482278
2026-07-05,M020,421948
2026-07-05,M021,662782
2026-07-05,M022,310091
2026-07-05,M023,479980
2026-07-05,M024,539963
2026-07-05,M025,665954
2026-07-05,M026,386526
2026-07-05,M027,568421
2026-07-05,M028,552306
2026-07-05,M029,554139
2026-07-05,M030,442341
2026-07-05,M031,479690
2026-07-05,M032,441496
2026-07-05,M033,682209
2026-07-05,M034,544851
2026-07-05,M035,754234
2026-07-05,M036,629681
2026-07-05,M037,635108
2026-07-05,M038,327764
2026-07-05,M039,532880
2026-07-05,M040,710778
2026-07-05,M041,931311
2026-07-05,M042,643228
2026-07-05,M043,594407
2026-07-05,M044,515917
2026-07-05,M045,719079
2026-07-05,M046,505810
2026-07-05,M047,684131
2026-07-05,M048,817194
2026-07-06,M001,150435
2026-07-06,M002,267032
2026-07-06,M003,272052
2026-07-06,M004,556850
2026-07-06,M005,320138
2026-07-06,M006,631654
2026-07-06,M007,407574
2026-07-06,M008,338750
2026-07-06,M009,247435
2026-07-06,M010,417285
2026-07-06,M011,358344
2026-07-06,M012,735069
2026-07-06,M013,344497
2026-07-06,M014,499347
2026-07-06,M015,292493
2026-07-06,M016,576119
2026-07-06,M017,328220
2026-07-06,M018,630286
2026-07-06,M019,461583
2026-07-06,M020,632225
2026-07-06,M021,394000
2026-07-06,M022,463193
2026-07-06,M023,418022
2026-07-06,M024,846147
2026-07-06,M025,366064
2026-07-06,M026,612044
2026-07-06,M027,560682
2026-07-06,M028,981530
2026-07-06,M029,343016
2026-07-06,M030,707977
2026-07-06,M031,511722
2026-07-06,M032,736040
2026-07-06,M033,414227
2026-07-06,M034,801717
2026-07-06,M035,747177
2026-07-06,M036,868328
2026-07-06,M037,402602
2026-07-06,M038,592866
2026-07-06,M039,554579
2026-07-06,M040,982561
2026-07-06,M041,589994
2026-07-06,M042,1093440
2026-07-06,M043,498740
2026-07-06,M044,748937
2026-07-06,M045,487504
2026-07-06,M046,774377
2026-07-06,M047,728998
2026-07-06,M048,1283876
2026-07-07,M001,203025
2026-07-07,M002,248380
2026-07-07,M003,354987
2026-07-07,M004,345735
2026-07-07,M005,407420
2026-07-07,M006,574708
2026-07-07,M007,586678
2026-07-07,M008,222278
2026-07-07,M009,329654
2026-07-07,M010,392991
2026-07-07,M011,503361
2026-07-07,M012,457014
2026-07-07,M013,459286
2026-07-07,M014,485344
2026-07-07,M015,442737
2026-07-07,M016,365719
2026-07-07,M017,500799
2026-07-07,M018,656090
2026-07-07,M019,601373
2026-07-07,M020,391267
2026-07-07,M021,569369
2026-07-07,M022,481109
2026-07-07,M023,550366
2026-07-07,M024,492131
2026-07-07,M025,507784
2026-07-07,M026,561453
2026-07-07,M027,795865
2026-07-07,M028,529206
2026-07-07,M029,503509
2026-07-07,M030,582117
2026-07-07,M031,702986
2026-07-07,M032,434188
2026-07-07,M033,604228
2026-07-07,M034,808174
2026-07-07,M035,894979
2026-07-07,M036,529704
2026-07-07,M037,520582
2026-07-07,M038,486883
2026-07-07,M039,724839
2026-07-07,M040,592666
2026-07-07,M041,793530
2026-07-07,M042,1028675
2026-07-07,M043,678639
2026-07-07,M044,489838
2026-07-07,M045,617839
2026-07-07,M046,781564
2026-07-07,M047,914979
2026-07-07,M048,739251
2026-07-08,M001,279773
2026-07-08,M002,204499
2026-07-08,M003,297453
2026-07-08,M004,272239
2026-07-08,M005,575999
2026-07-08,M006,511669
2026-07-08,M007,486508
2026-07-08,M008,206709
2026-07-08,M009,446560
2026-07-08,M010,355638
2026-07-08,M011,443076
2026-07-08,M012,441856
2026-07-08,M013,689485
2026-07-08,M014,434652
2026-07-08,M015,349383
2026-07-08,M016,310661
2026-07-08,M017,664472
2026-07-08,M018,521833
2026-07-08,M019,506004
2026-07-08,M020,336154
2026-07-08,M021,674870
2026-07-08,M022,414454
2026-07-08,M023,497959
2026-07-08,M024,428104
2026-07-08,M025,722004
2026-07-08,M026,486311
2026-07-08,M027,699900
2026-07-08,M028,480534
2026-07-08,M029,628390
2026-07-08,M030,523281
2026-07-08,M031,542513
2026-07-08,M032,362573
2026-07-08,M033,801827
2026-07-08,M034,730361
2026-07-08,M035,777134
2026-07-08,M036,547454
2026-07-08,M037,757971
2026-07-08,M038,433895
2026-07-08,M039,660417
2026-07-08,M040,581677
2026-07-08,M041,1025481
2026-07-08,M042,920118
2026-07-08,M043,634509
2026-07-08,M044,391697
2026-07-08,M045,815697
2026-07-08,M046,707319
2026-07-08,M047,850316
2026-07-08,M048,686166
2026-07-09,M001,271680
2026-07-09,M002,182698
2026-07-09,M003,319642
2026-07-09,M004,369690
2026-07-09,M005,506162
2026-07-09,M006,419701
2026-07-09,M007,514774
2026-07-09,M008,247826
2026-07-09,M009,457818
2026-07-09,M010,298090
2026-07-09,M011,479879
2026-07-09,M012,502306
2026-07-09,M013,607618
2026-07-09,M014,356055
2026-07-09,M015,366383
2026-07-09,M016,439122
2026-07-09,M017,661870
2026-07-09,M018,448162
2026-07-09,M019,505716
2026-07-09,M020,443505
2026-07-09,M021,722749
2026-07-09,M022,349639
2026-07-09,M023,473104
2026-07-09,M024,570496
2026-07-09,M025,674059
2026-07-09,M026,407848
2026-07-09,M027,651199
2026-07-09,M028,674556
2026-07-09,M029,614661
2026-07-09,M030,449552
2026-07-09,M031,558870
2026-07-09,M032,530257
2026-07-09,M033,789436
2026-07-09,M034,557522
2026-07-09,M035,770876
2026-07-09,M036,619219
2026-07-09,M037,730647
2026-07-09,M038,383198
2026-07-09,M039,661389
2026-07-09,M040,784374
2026-07-09,M041,1043562
2026-07-09,M042,699672
2026-07-09,M043,679465
2026-07-09,M044,552413
2026-07-09,M045,862539
2026-07-09,M046,575023
2026-07-09,M047,833991
2026-07-09,M048,917841
2026-07-10,M001,174857
2026-07-10,M002,255984
2026-07-10,M003,276686
2026-07-10,M004,563308
2026-07-10,M005,329149
2026-07-10,M006,630395
2026-07-10,M007,438183
2026-07-10,M008,379401
2026-07-10,M009,250642
2026-07-10,M010,470029
2026-07-10,M011,408489
2026-07-10,M012,814972
2026-07-10,M013,379970
2026-07-10,M014,535114
2026-07-10,M015,300789
2026-07-10,M016,634558
2026-07-10,M017,349843
2026-07-10,M018,680782
2026-07-10,M019,498540
2026-07-10,M020,621518
2026-07-10,M021,430053
2026-07-10,M022,516684
2026-07-10,M023,433742
2026-07-10,M024,836542
2026-07-10,M025,409693
2026-07-10,M026,578385
2026-07-10,M027,548684
2026-07-10,M028,943865
2026-07-10,M029,381281
2026-07-10,M030,771770
2026-07-10,M031,487162
2026-07-10,M032,775704
2026-07-10,M033,454489
2026-07-10,M034,949049
2026-07-10,M035,749764
2026-07-10,M036,970105
2026-07-10,M037,392476
2026-07-10,M038,620946
2026-07-10,M039,600104
2026-07-10,M040,1053793
2026-07-10,M041,612059
2026-07-10,M042,1155772
2026-07-10,M043,590889
2026-07-10,M044,764795
2026-07-10,M045,520719
2026-07-10,M046,848567
2026-07-10,M047,783889
2026-07-10,M048,1418179
2026-07-11,M001,225452
2026-07-11,M002,218622
2026-07-11,M003,335671
2026-07-11,M004,339897
2026-07-11,M005,376308
2026-07-11,M006,522909
2026-07-11,M007,587541
2026-07-11,M008,203727
2026-07-11,M009,347198
2026-07-11,M010,390594
2026-07-11,M011,480395
2026-07-11,M012,466603
2026-07-11,M013,490838
2026-07-11,M014,441997
2026-07-11,M015,375422
2026-07-11,M016,354248
2026-07-11,M017,457031
2026-07-11,M018,566199
2026-07-11,M019,598294
2026-07-11,M020,400461
2026-07-11,M021,557278
2026-07-11,M022,480478
2026-07-11,M023,586206
2026-07-11,M024,489934
2026-07-11,M025,537682
2026-07-11,M026,495955
2026-07-11,M027,776348
2026-07-11,M028,561341
2026-07-11,M029,490021
2026-07-11,M030,592369
2026-07-11,M031,634321
2026-07-11,M032,426152
2026-07-11,M033,631519
2026-07-11,M034,810981
2026-07-11,M035,943291
2026-07-11,M036,527429
2026-07-11,M037,509697
2026-07-11,M038,538686
2026-07-11,M039,700187
2026-07-11,M040,656738
2026-07-11,M041,789132
2026-07-11,M042,963604
2026-07-11,M043,737718
2026-07-11,M044,467626
2026-07-11,M045,666546
2026-07-11,M046,801916
2026-07-11,M047,921844
2026-07-11,M048,765077
2026-07-12,M001,290874
2026-07-12,M002,216678
2026-07-12,M003,292679
2026-07-12,M004,299155
2026-07-12,M005,536165
2026-07-12,M006,492993
2026-07-12,M007,492100
2026-07-12,M008,197592
2026-07-12,M009,460714
2026-07-12,M010,361562
2026-07-12,M011,474228
2026-07-12,M012,388610
2026-07-12,M013,648447
2026-07-12,M014,413474
2026-07-12,M015,376126
2026-07-12,M016,304195
2026-07-12,M017,565974
2026-07-12,M018,590011
2026-07-12,M019,501162
2026-07-12,M020,313195
2026-07-12,M021,673781
2026-07-12,M022,416442
2026-07-12,M023,505655
2026-07-12,M024,416544
2026-07-12,M025,739749
2026-07-12,M026,446255
2026-07-12,M027,609165
2026-07-12,M028,492955
2026-07-12,M029,572182
2026-07-12,M030,527664
2026-07-12,M031,578517
2026-07-12,M032,398587
2026-07-12,M033,751997
2026-07-12,M034,729948
2026-07-12,M035,855500
2026-07-12,M036,462159
2026-07-12,M037,667944
2026-07-12,M038,425630
2026-07-12,M039,598912
2026-07-12,M040,513771
2026-07-12,M041,939953
2026-07-12,M042,841694
2026-07-12,M043,577579
2026-07-12,M044,388235
2026-07-12,M045,908216
2026-07-12,M046,677383
2026-07-12,M047,846445
2026-07-12,M048,740034
2026-07-13,M001,267572
2026-07-13,M002,200983
2026-07-13,M003,307591
2026-07-13,M004,374200
2026-07-13,M005,528397
2026-07-13,M006,462510
2026-07-13,M007,472023
2026-07-13,M008,255763
2026-07-13,M009,398403
2026-07-13,M010,350717
2026-07-13,M011,449384
2026-07-13,M012,587765
2026-07-13,M013,608081
2026-07-13,M014,365419
2026-07-13,M015,372829
2026-07-13,M016,499380
2026-07-13,M017,553785
2026-07-13,M018,553861
2026-07-13,M019,494095
2026-07-13,M020,448652
2026-07-13,M021,673007
2026-07-13,M022,359036
2026-07-13,M023,475300
2026-07-13,M024,658358
2026-07-13,M025,653286
2026-07-13,M026,464088
2026-07-13,M027,603188
2026-07-13,M028,718747
2026-07-13,M029,578636
2026-07-13,M030,492449
2026-07-13,M031,594387
2026-07-13,M032,543945
2026-07-13,M033,766243
2026-07-13,M034,605802
2026-07-13,M035,803638
2026-07-13,M036,677241
2026-07-13,M037,621601
2026-07-13,M038,454448
2026-07-13,M039,647725
2026-07-13,M040,766599
2026-07-13,M041,898065
2026-07-13,M042,821290
2026-07-13,M043,592881
2026-07-13,M044,544038
2026-07-13,M045,894974
2026-07-13,M046,589381
2026-07-13,M047,734404
2026-07-13,M048,913439
2026-07-14,M001,173967
2026-07-14,M002,277762
2026-07-14,M003,289182
2026-07-14,M004,601588
2026-07-14,M005,338467
2026-07-14,M006,690529
2026-07-14,M007,451450
2026-07-14,M008,403287
2026-07-14,M009,264249
2026-07-14,M010,456485
2026-07-14,M011,383653
2026-07-14,M012,754262
2026-07-14,M013,409120
2026-07-14,M014,565238
2026-07-14,M015,330191
2026-07-14,M016,632391
2026-07-14,M017,345234
2026-07-14,M018,689961
2026-07-14,M019,495471
2026-07-14,M020,674606
2026-07-14,M021,461043
2026-07-14,M022,546022
2026-07-14,M023,427445
2026-07-14,M024,919615
2026-07-14,M025,447369
2026-07-14,M026,610920
2026-07-14,M027,617750
2026-07-14,M028,1076772
2026-07-14,M029,358588
2026-07-14,M030,741057
2026-07-14,M031,501443
2026-07-14,M032,747284
2026-07-14,M033,488305
2026-07-14,M034,858621
2026-07-14,M035,743559
2026-07-14,M036,1051561
2026-07-14,M037,431400
2026-07-14,M038,642711
2026-07-14,M039,545615
2026-07-14,M040,1107866
2026-07-14,M041,575446
2026-07-14,M042,1120294
2026-07-14,M043,612934
2026-07-14,M044,878212
2026-07-14,M045,518954
2026-07-14,M046,835578
2026-07-14,M047,748105
2026-07-14,M048,1291821
2026-07-15,M001,228739
2026-07-15,M002,224377
2026-07-15,M003,397409
2026-07-15,M004,297032
2026-07-15,M005,426882
2026-07-15,M006,529395
2026-07-15,M007,631740
2026-07-15,M008,210549
2026-07-15,M009,329968
2026-07-15,M010,376519
2026-07-15,M011,524959
2026-07-15,M012,407906
2026-07-15,M013,481553
2026-07-15,M014,491775
2026-07-15,M015,418782
2026-07-15,M016,336476
2026-07-15,M017,543797
2026-07-15,M018,629673
2026-07-15,M019,628698
2026-07-15,M020,376342
2026-07-15,M021,572773
2026-07-15,M022,417197
2026-07-15,M023,588878
2026-07-15,M024,475143
2026-07-15,M025,601027
2026-07-15,M026,514883
2026-07-15,M027,783363
2026-07-15,M028,571546
2026-07-15,M029,491276
2026-07-15,M030,641799
2026-07-15,M031,719258
2026-07-15,M032,422571
2026-07-15,M033,658549
2026-07-15,M034,814530
2026-07-15,M035,996119
2026-07-15,M036,542474
2026-07-15,M037,598074
2026-07-15,M038,477292
2026-07-15,M039,753179
2026-07-15,M040,624152
2026-07-15,M041,896236
2026-07-15,M042,980362
2026-07-15,M043,730042
2026-07-15,M044,485175
2026-07-15,M045,719953
2026-07-15,M046,729545
2026-07-15,M047,1038982
2026-07-15,M048,788797
2026-07-16,M001,336212
2026-07-16,M002,213945
2026-07-16,M003,318207
2026-07-16,M004,318485
2026-07-16,M005,604326
2026-07-16,M006,566360
2026-07-16,M007,592377
2026-07-16,M008,195670
2026-07-16,M009,470179
2026-07-16,M010,384171
2026-07-16,M011,473419
2026-07-16,M012,428303
2026-07-16,M013,658056
2026-07-16,M014,432778
2026-07-16,M015,401266
2026-07-16,M016,348491
2026-07-16,M017,672908
2026-07-16,M018,585448
2026-07-16,M019,592465
2026-07-16,M020,400951
2026-07-16,M021,831914
2026-07-16,M022,462890
2026-07-16,M023,547692
2026-07-16,M024,458809
2026-07-16,M025,759570
2026-07-16,M026,547219
2026-07-16,M027,720422
2026-07-16,M028,566508
2026-07-16,M029,682252
2026-07-16,M030,562730
2026-07-16,M031,614708
2026-07-16,M032,417566
2026-07-16,M033,896973
2026-07-16,M034,820079
2026-07-16,M035,918924
2026-07-16,M036,552130
2026-07-16,M037,769678
2026-07-16,M038,468267
2026-07-16,M039,669233
2026-07-16,M040,590903
2026-07-16,M041,1156005
2026-07-16,M042,979512
2026-07-16,M043,638421
2026-07-16,M044,421573
2026-07-16,M045,960612
2026-07-16,M046,759378
2026-07-16,M047,858837
2026-07-16,M048,775337
2026-07-17,M001,293785
2026-07-17,M002,189070
2026-07-17,M003,278406
2026-07-17,M004,427588
2026-07-17,M005,546420
2026-07-17,M006,475362
2026-07-17,M007,490686
2026-07-17,M008,277730
2026-07-17,M009,402399
2026-07-17,M010,344059
2026-07-17,M011,422980
2026-07-17,M012,592606
2026-07-17,M013,594472
2026-07-17,M014,383887
2026-07-17,M015,349277
2026-07-17,M016,495436
2026-07-17,M017,630268
2026-07-17,M018,556216
2026-07-17,M019,534774
2026-07-17,M020,507717
2026-07-17,M021,661845
2026-07-17,M022,378849
2026-07-17,M023,499844
2026-07-17,M024,588455
2026-07-17,M025,684858
2026-07-17,M026,424822
2026-07-17,M027,616952
2026-07-17,M028,748034
2026-07-17,M029,644894
2026-07-17,M030,520291
2026-07-17,M031,548092
2026-07-17,M032,508873
2026-07-17,M033,742191
2026-07-17,M034,687077
2026-07-17,M035,783383
2026-07-17,M036,691113
2026-07-17,M037,726803
2026-07-17,M038,436841
2026-07-17,M039,648380
2026-07-17,M040,804849
2026-07-17,M041,1006104
2026-07-17,M042,800603
2026-07-17,M043,572309
2026-07-17,M044,625617
2026-07-17,M045,896956
2026-07-17,M046,630266
2026-07-17,M047,778657
2026-07-17,M048,1019430
2026-07-18,M001,143018
2026-07-18,M002,241573
2026-07-18,M003,262694
2026-07-18,M004,540257
2026-07-18,M005,295942
2026-07-18,M006,610747
2026-07-18,M007,420665
2026-07-18,M008,349319
2026-07-18,M009,236973
2026-07-18,M010,423072
2026-07-18,M011,348262
2026-07-18,M012,679132
2026-07-18,M013,331847
2026-07-18,M014,465386
2026-07-18,M015,316181
2026-07-18,M016,572318
2026-07-18,M017,347934
2026-07-18,M018,699878
2026-07-18,M019,416088
2026-07-18,M020,605796
2026-07-18,M021,358656
2026-07-18,M022,509195
2026-07-18,M023,439502
2026-07-18,M024,849266
2026-07-18,M025,392284
2026-07-18,M026,597019
2026-07-18,M027,558427
2026-07-18,M028,904806
2026-07-18,M029,310947
2026-07-18,M030,623090
2026-07-18,M031,446083
2026-07-18,M032,723384
2026-07-18,M033,423176
2026-07-18,M034,890576
2026-07-18,M035,692631
2026-07-18,M036,905865
2026-07-18,M037,402317
2026-07-18,M038,573443
2026-07-18,M039,503649
2026-07-18,M040,945340
2026-07-18,M041,588937
2026-07-18,M042,1055440
2026-07-18,M043,556896
2026-07-18,M044,776276
2026-07-18,M045,463844
2026-07-18,M046,871166
2026-07-18,M047,655313
2026-07-18,M048,1300475
2026-07-19,M001,203922
2026-07-19,M002,220649
2026-07-19,M003,316496
2026-07-19,M004,276874
2026-07-19,M005,429570
2026-07-19,M006,523599
2026-07-19,M007,597875
2026-07-19,M008,185289
2026-07-19,M009,296939
2026-07-19,M010,333232
2026-07-19,M011,498825
2026-07-19,M012,428780
2026-07-19,M013,448235
2026-07-19,M014,434462
2026-07-19,M015,401457
2026-07-19,M016,318272
2026-07-19,M017,427002
2026-07-19,M018,527817
2026-07-19,M019,529951
2026-07-19,M020,334205
2026-07-19,M021,554803
2026-07-19,M022,395024
2026-07-19,M023,548189
2026-07-19,M024,440987
2026-07-19,M025,486844
2026-07-19,M026,491872
2026-07-19,M027,693987
2026-07-19,M028,497064
2026-07-19,M029,461450
2026-07-19,M030,534827
2026-07-19,M031,616699
2026-07-19,M032,362336
2026-07-19,M033,554991
2026-07-19,M034,690665
2026-07-19,M035,874599
2026-07-19,M036,462851
2026-07-19,M037,524674
2026-07-19,M038,427803
2026-07-19,M039,712815
2026-07-19,M040,527925
2026-07-19,M041,785256
2026-07-19,M042,849586
2026-07-19,M043,710675
2026-07-19,M044,438874
2026-07-19,M045,669446
2026-07-19,M046,717563
2026-07-19,M047,881320
2026-07-19,M048,666049
2026-07-20,M001,314616
2026-07-20,M002,227423
2026-07-20,M003,353515
2026-07-20,M004,292510
2026-07-20,M005,645141
2026-07-20,M006,598487
2026-07-20,M007,542789
2026-07-20,M008,221063
2026-07-20,M009,502427
2026-07-20,M010,383711
2026-07-20,M011,567834
2026-07-20,M012,459136
2026-07-20,M013,736267
2026-07-20,M014,429825
2026-07-20,M015,392620
2026-07-20,M016,348867
2026-07-20,M017,724511
2026-07-20,M018,727851
2026-07-20,M019,546688
2026-07-20,M020,387835
2026-07-20,M021,791782
2026-07-20,M022,413126
2026-07-20,M023,650928
2026-07-20,M024,552906
2026-07-20,M025,751751
2026-07-20,M026,540734
2026-07-20,M027,739594
2026-07-20,M028,517329
2026-07-20,M029,815459
2026-07-20,M030,628523
2026-07-20,M031,576281
2026-07-20,M032,396836
2026-07-20,M033,886820
2026-07-20,M034,778119
2026-07-20,M035,955778
2026-07-20,M036,613698
2026-07-20,M037,705576
2026-07-20,M038,495721
2026-07-20,M039,743011
2026-07-20,M040,642475
2026-07-20,M041,1286897
2026-07-20,M042,1063338
2026-07-20,M043,693658
2026-07-20,M044,424102
2026-07-20,M045,918244
2026-07-20,M046,737586
2026-07-20,M047,1011327
2026-07-20,M048,894216
2026-07-21,M001,259700
2026-07-21,M002,188688
2026-07-21,M003,284415
2026-07-21,M004,394609
2026-07-21,M005,615020
2026-07-21,M006,529510
2026-07-21,M007,468097
2026-07-21,M008,277857
2026-07-21,M009,448418
2026-07-21,M010,345761
2026-07-21,M011,508249
2026-07-21,M012,615443
2026-07-21,M013,592088
2026-07-21,M014,420451
2026-07-21,M015,334915
2026-07-21,M016,459468
2026-07-21,M017,710783
2026-07-21,M018,538058
2026-07-21,M019,514046
2026-07-21,M020,480294
2026-07-21,M021,682435
2026-07-21,M022,366713
2026-07-21,M023,558280
2026-07-21,M024,762639
2026-07-21,M025,736182
2026-07-21,M026,402772
2026-07-21,M027,592699
2026-07-21,M028,713363
2026-07-21,M029,623542
2026-07-21,M030,588290
2026-07-21,M031,525302
2026-07-21,M032,550155
2026-07-21,M033,742078
2026-07-21,M034,653029
2026-07-21,M035,894078
2026-07-21,M036,757251
2026-07-21,M037,666032
2026-07-21,M038,427344
2026-07-21,M039,635124
2026-07-21,M040,849747
2026-07-21,M041,1031191
2026-07-21,M042,961365
2026-07-21,M043,581865
2026-07-21,M044,614284
2026-07-21,M045,862782
2026-07-21,M046,631327
2026-07-21,M047,817462
2026-07-21,M048,1114984
2026-07-22,M001,175411
2026-07-22,M002,268779
2026-07-22,M003,289474
2026-07-22,M004,582940
2026-07-22,M005,352344
2026-07-22,M006,768533
2026-07-22,M007,479621
2026-07-22,M008,364971
2026-07-22,M009,245853
2026-07-22,M010,455444
2026-07-22,M011,482643
2026-07-22,M012,845678
2026-07-22,M013,364688
2026-07-22,M014,541135
2026-07-22,M015,340735
2026-07-22,M016,642209
2026-07-22,M017,420912
2026-07-22,M018,759313
2026-07-22,M019,447225
2026-07-22,M020,661043
2026-07-22,M021,452535
2026-07-22,M022,572742
2026-07-22,M023,547846
2026-07-22,M024,942354
2026-07-22,M025,428742
2026-07-22,M026,661462
2026-07-22,M027,579189
2026-07-22,M028,976919
2026-07-22,M029,446524
2026-07-22,M030,822353
2026-07-22,M031,547072
2026-07-22,M032,752877
2026-07-22,M033,439567
2026-07-22,M034,989421
2026-07-22,M035,875085
2026-07-22,M036,1059534
2026-07-22,M037,389142
2026-07-22,M038,600132
2026-07-22,M039,587905
2026-07-22,M040,1058111
2026-07-22,M041,644776
2026-07-22,M042,1288820
2026-07-22,M043,595673
2026-07-22,M044,792460
2026-07-22,M045,517100
2026-07-22,M046,878584
2026-07-22,M047,768860
2026-07-22,M048,1478300
2026-07-23,M001,220463
2026-07-23,M002,228333
2026-07-23,M003,357911
2026-07-23,M004,321667
2026-07-23,M005,527971
2026-07-23,M006,600780
2026-07-23,M007,605161
2026-07-23,M008,226664
2026-07-23,M009,356957
2026-07-23,M010,373901
2026-07-23,M011,638783
2026-07-23,M012,519460
2026-07-23,M013,480640
2026-07-23,M014,430211
2026-07-23,M015,447652
2026-07-23,M016,373023
2026-07-23,M017,533997
2026-07-23,M018,701745
2026-07-23,M019,609869
2026-07-23,M020,351962
2026-07-23,M021,608692
2026-07-23,M022,449851
2026-07-23,M023,668634
2026-07-23,M024,585628
2026-07-23,M025,593337
2026-07-23,M026,474204
2026-07-23,M027,774137
2026-07-23,M028,594842
2026-07-23,M029,577608
2026-07-23,M030,713735
2026-07-23,M031,686076
2026-07-23,M032,429435
2026-07-23,M033,688476
2026-07-23,M034,762489
2026-07-23,M035,1159936
2026-07-23,M036,567508
2026-07-23,M037,580042
2026-07-23,M038,477809
2026-07-23,M039,793765
2026-07-23,M040,648223
2026-07-23,M041,959421
2026-07-23,M042,984722
2026-07-23,M043,822158
2026-07-23,M044,489515
2026-07-23,M045,670752
2026-07-23,M046,760193
2026-07-23,M047,1070043
2026-07-23,M048,886787
2026-07-24,M001,300845
2026-07-24,M002,216795
2026-07-24,M003,344108
2026-07-24,M004,298130
2026-07-24,M005,625241
2026-07-24,M006,589069
2026-07-24,M007,584904
2026-07-24,M008,218393
2026-07-24,M009,466263
2026-07-24,M010,411277
2026-07-24,M011,541010
2026-07-24,M012,454743
2026-07-24,M013,709831
2026-07-24,M014,481807
2026-07-24,M015,375162
2026-07-24,M016,378204
2026-07-24,M017,758305
2026-07-24,M018,720526
2026-07-24,M019,526837
2026-07-24,M020,383757
2026-07-24,M021,723039
2026-07-24,M022,463031
2026-07-24,M023,599343
2026-07-24,M024,588183
2026-07-24,M025,721074
2026-07-24,M026,491087
2026-07-24,M027,707219
2026-07-24,M028,577579
2026-07-24,M029,771268
2026-07-24,M030,674661
2026-07-24,M031,603800
2026-07-24,M032,395261
2026-07-24,M033,911554
2026-07-24,M034,724499
2026-07-24,M035,1076321
2026-07-24,M036,568446
2026-07-24,M037,749427
2026-07-24,M038,491206
2026-07-24,M039,671153
2026-07-24,M040,603094
2026-07-24,M041,1284389
2026-07-24,M042,1091856
2026-07-24,M043,722375
2026-07-24,M044,485589
2026-07-24,M045,890748
2026-07-24,M046,711398
2026-07-24,M047,903690
2026-07-24,M048,792198
2026-07-25,M001,256431
2026-07-25,M002,169898
2026-07-25,M003,288946
2026-07-25,M004,369815
2026-07-25,M005,498764
2026-07-25,M006,475950
2026-07-25,M007,432843
2026-07-25,M008,245690
2026-07-25,M009,403130
2026-07-25,M010,308147
2026-07-25,M011,466871
2026-07-25,M012,573240
2026-07-25,M013,551686
2026-07-25,M014,358916
2026-07-25,M015,335904
2026-07-25,M016,405016
2026-07-25,M017,582343
2026-07-25,M018,500469
2026-07-25,M019,445912
2026-07-25,M020,443353
2026-07-25,M021,652141
2026-07-25,M022,365335
2026-07-25,M023,510804
2026-07-25,M024,619014
2026-07-25,M025,571674
2026-07-25,M026,370551
2026-07-25,M027,559333
2026-07-25,M028,627139
2026-07-25,M029,610870
2026-07-25,M030,524261
2026-07-25,M031,482381
2026-07-25,M032,502679
2026-07-25,M033,699952
2026-07-25,M034,616034
2026-07-25,M035,857232
2026-07-25,M036,733788
2026-07-25,M037,592838
2026-07-25,M038,404831
2026-07-25,M039,584359
2026-07-25,M040,686230
2026-07-25,M041,976175
2026-07-25,M042,799180
2026-07-25,M043,566021
2026-07-25,M044,544312
2026-07-25,M045,731667
2026-07-25,M046,525392
2026-07-25,M047,752648
2026-07-25,M048,1016402
