date,merchant_id,conversions
2025-01-01,M001,14187
2025-01-01,M002,12276
2025-01-01,M003,19793
2025-01-01,M004,27885
2025-01-01,M005,42746
2025-01-01,M006,25543
2025-01-01,M007,25891
2025-01-01,M008,18375
2025-01-01,M009,30777
2025-01-01,M010,22646
2025-01-01,M011,25727
2025-01-01,M012,33287
2025-01-01,M013,34710
2025-01-01,M014,28497
2025-01-01,M015,29451
2025-01-01,M016,24951
2025-01-01,M017,39571
2025-01-01,M018,34309
2025-01-01,M019,32692
2025-01-01,M020,39908
2025-01-01,M021,43116
2025-01-01,M022,23588
2025-01-01,M023,35728
2025-01-01,M024,46312
2025-01-01,M025,46570
2025-01-01,M026,24748
2025-01-01,M027,37476
2025-01-01,M028,46534
2025-01-01,M029,46553
2025-01-01,M030,40489
2025-01-01,M031,27683
2025-01-01,M032,33300
2025-01-01,M033,57658
2025-01-01,M034,44299
2025-01-01,M035,65264
2025-01-01,M036,35529
2025-01-01,M037,38542
2025-01-01,M038,29890
2025-01-01,M039,47853
2025-01-01,M040,58073
2025-01-01,M041,53071
2025-01-01,M042,48597
2025-01-01,M043,37909
2025-01-01,M044,46068
2025-01-01,M045,65554
2025-01-01,M046,34007
2025-01-01,M047,50854
2025-01-01,M048,61723
2025-01-02,M001,7712
2025-01-02,M002,19046
2025-01-02,M003,18689
2025-01-02,M004,37628
2025-01-02,M005,23232
2025-01-02,M006,34151
2025-01-02,M007,24606
2025-01-02,M008,27066
2025-01-02,M009,18214
2025-01-02,M010,36199
2025-01-02,M011,20018
2025-01-02,M012,49139
2025-01-02,M013,19712
2025-01-02,M014,43987
2025-01-02,M015,25220
2025-01-02,M016,35521
2025-01-02,M017,21494
2025-01-02,M018,46181
2025-01-02,M019,25105
2025-01-02,M020,53164
2025-01-02,M021,22664
2025-01-02,M022,30991
2025-01-02,M023,31294
2025-01-02,M024,66116
2025-01-02,M025,26610
2025-01-02,M026,39497
2025-01-02,M027,34207
2025-01-02,M028,66570
2025-01-02,M029,23839
2025-01-02,M030,54175
2025-01-02,M031,21877
2025-01-02,M032,46828
2025-01-02,M033,30202
2025-01-02,M034,64529
2025-01-02,M035,55067
2025-01-02,M036,50662
2025-01-02,M037,21041
2025-01-02,M038,44717
2025-01-02,M039,38448
2025-01-02,M040,82963
2025-01-02,M041,34099
2025-01-02,M042,61927
2025-01-02,M043,29518
2025-01-02,M044,68937
2025-01-02,M045,37885
2025-01-02,M046,45821
2025-01-02,M047,42620
2025-01-02,M048,94011
2025-01-03,M001,9913
2025-01-03,M002,16750
2025-01-03,M003,25991
2025-01-03,M004,22385
2025-01-03,M005,32969
2025-01-03,M006,33512
2025-01-03,M007,31484
2025-01-03,M008,16462
2025-01-03,M009,25717
2025-01-03,M010,32298
2025-01-03,M011,27500
2025-01-03,M012,29445
2025-01-03,M013,27121
2025-01-03,M014,42255
2025-01-03,M015,33823
2025-01-03,M016,20531
2025-01-03,M017,29051
2025-01-03,M018,43696
2025-01-03,M019,37839
2025-01-03,M020,35345
2025-01-03,M021,32676
2025-01-03,M022,29570
2025-01-03,M023,42063
2025-01-03,M024,37803
2025-01-03,M025,35015
2025-01-03,M026,32711
2025-01-03,M027,43720
2025-01-03,M028,41800
2025-01-03,M029,36944
2025-01-03,M030,51786
2025-01-03,M031,34232
2025-01-03,M032,30508
2025-01-03,M033,41251
2025-01-03,M034,53941
2025-01-03,M035,69705
2025-01-03,M036,34981
2025-01-03,M037,29369
2025-01-03,M038,41659
2025-01-03,M039,50936
2025-01-03,M040,52225
2025-01-03,M041,46653
2025-01-03,M042,61152
2025-01-03,M043,45011
2025-01-03,M044,41521
2025-01-03,M045,50423
2025-01-03,M046,43419
2025-01-03,M047,58485
2025-01-03,M048,55063
2025-01-04,M001,12059
2025-01-04,M002,13053
2025-01-04,M003,18091
2025-01-04,M004,20913
2025-01-04,M005,39066
2025-01-04,M006,26324
2025-01-04,M007,26231
2025-01-04,M008,14090
2025-01-04,M009,30821
2025-01-04,M010,27727
2025-01-04,M011,24363
2025-01-04,M012,24944
2025-01-04,M013,34706
2025-01-04,M014,32510
2025-01-04,M015,27688
2025-01-04,M016,16304
2025-01-04,M017,36943
2025-01-04,M018,32526
2025-01-04,M019,30055
2025-01-04,M020,26561
2025-01-04,M021,36939
2025-01-04,M022,24522
2025-01-04,M023,29071
2025-01-04,M024,32728
2025-01-04,M025,42568
2025-01-04,M026,25795
2025-01-04,M027,34719
2025-01-04,M028,32054
2025-01-04,M029,39917
2025-01-04,M030,38551
2025-01-04,M031,26434
2025-01-04,M032,23665
2025-01-04,M033,51320
2025-01-04,M034,44811
2025-01-04,M035,58925
2025-01-04,M036,26686
2025-01-04,M037,35257
2025-01-04,M038,32641
2025-01-04,M039,46006
2025-01-04,M040,42634
2025-01-04,M041,52057
2025-01-04,M042,46099
2025-01-04,M043,35701
2025-01-04,M044,33495
2025-01-04,M045,63480
2025-01-04,M046,35012
2025-01-04,M047,43431
2025-01-04,M048,45657
2025-01-05,M001,12167
2025-01-05,M002,11047
2025-01-05,M003,19591
2025-01-05,M004,26855
2025-01-05,M005,37961
2025-01-05,M006,21215
2025-01-05,M007,22755
2025-01-05,M008,17541
2025-01-05,M009,30266
2025-01-05,M010,23670
2025-01-05,M011,23461
2025-01-05,M012,30585
2025-01-05,M013,30701
2025-01-05,M014,27987
2025-01-05,M015,25811
2025-01-05,M016,23247
2025-01-05,M017,33727
2025-01-05,M018,29719
2025-01-05,M019,28096
2025-01-05,M020,38009
2025-01-05,M021,37812
2025-01-05,M022,19871
2025-01-05,M023,29836
2025-01-05,M024,38127
2025-01-05,M025,39856
2025-01-05,M026,24899
2025-01-05,M027,36962
2025-01-05,M028,39343
2025-01-05,M029,38525
2025-01-05,M030,35111
2025-01-05,M031,24058
2025-01-05,M032,31635
2025-01-05,M033,45705
2025-01-05,M034,39509
2025-01-05,M035,58677
2025-01-05,M036,31621
2025-01-05,M037,34534
2025-01-05,M038,27267
2025-01-05,M039,42472
2025-01-05,M040,55991
2025-01-05,M041,51011
2025-01-05,M042,39529
2025-01-05,M043,34354
2025-01-05,M044,42063
2025-01-05,M045,63767
2025-01-05,M046,28567
2025-01-05,M047,49099
2025-01-05,M048,51761
2025-01-06,M001,7413
2025-01-06,M002,17907
2025-01-06,M003,17650
2025-01-06,M004,38438
2025-01-06,M005,22912
2025-01-06,M006,36378
2025-01-06,M007,23211
2025-01-06,M008,27841
2025-01-06,M009,17666
2025-01-06,M010,33639
2025-01-06,M011,22218
2025-01-06,M012,43072
2025-01-06,M013,21577
2025-01-06,M014,42266
2025-01-06,M015,24167
2025-01-06,M016,37368
2025-01-06,M017,21529
2025-01-06,M018,49787
2025-01-06,M019,24948
2025-01-06,M020,57881
2025-01-06,M021,23791
2025-01-06,M022,30511
2025-01-06,M023,30411
2025-01-06,M024,60132
2025-01-06,M025,24516
2025-01-06,M026,38808
2025-01-06,M027,34561
2025-01-06,M028,64592
2025-01-06,M029,26455
2025-01-06,M030,52104
2025-01-06,M031,24001
2025-01-06,M032,49082
2025-01-06,M033,29684
2025-01-06,M034,62654
2025-01-06,M035,54432
2025-01-06,M036,52777
2025-01-06,M037,21733
2025-01-06,M038,44309
2025-01-06,M039,41293
2025-01-06,M040,86884
2025-01-06,M041,29896
2025-01-06,M042,69533
2025-01-06,M043,28783
2025-01-06,M044,68416
2025-01-06,M045,36423
2025-01-06,M046,49116
2025-01-06,M047,40612
2025-01-06,M048,86402
2025-01-07,M001,11345
2025-01-07,M002,15690
2025-01-07,M003,23378
2025-01-07,M004,23681
2025-01-07,M005,31176
2025-01-07,M006,30712
2025-01-07,M007,29682
2025-01-07,M008,17133
2025-01-07,M009,25061
2025-01-07,M010,31849
2025-01-07,M011,26884
2025-01-07,M012,28264
2025-01-07,M013,26227
2025-01-07,M014,40708
2025-01-07,M015,31752
2025-01-07,M016,22042
2025-01-07,M017,28287
2025-01-07,M018,40694
2025-01-07,M019,38274
2025-01-07,M020,32435
2025-01-07,M021,30765
2025-01-07,M022,26987
2025-01-07,M023,36740
2025-01-07,M024,34785
2025-01-07,M025,38884
2025-01-07,M026,35951
2025-01-07,M027,48740
2025-01-07,M028,41945
2025-01-07,M029,37144
2025-01-07,M030,47393
2025-01-07,M031,32690
2025-01-07,M032,32442
2025-01-07,M033,41051
2025-01-07,M034,60414
2025-01-07,M035,71243
2025-01-07,M036,33767
2025-01-07,M037,29379
2025-01-07,M038,39241
2025-01-07,M039,53808
2025-01-07,M040,47171
2025-01-07,M041,46421
2025-01-07,M042,63061
2025-01-07,M043,39435
2025-01-07,M044,38883
2025-01-07,M045,49531
2025-01-07,M046,41353
2025-01-07,M047,54253
2025-01-07,M048,54886
2025-01-08,M001,15073
2025-01-08,M002,14624
2025-01-08,M003,22404
2025-01-08,M004,21822
2025-01-08,M005,43402
2025-01-08,M006,26940
2025-01-08,M007,26848
2025-01-08,M008,15613
2025-01-08,M009,31229
2025-01-08,M010,30687
2025-01-08,M011,25553
2025-01-08,M012,25600
2025-01-08,M013,36394
2025-01-08,M014,35052
2025-01-08,M015,28044
2025-01-08,M016,18486
2025-01-08,M017,37876
2025-01-08,M018,35473
2025-01-08,M019,33867
2025-01-08,M020,32873
2025-01-08,M021,38615
2025-01-08,M022,25762
2025-01-08,M023,35168
2025-01-08,M024,32660
2025-01-08,M025,44711
2025-01-08,M026,30855
2025-01-08,M027,41559
2025-01-08,M028,35426
2025-01-08,M029,43562
2025-01-08,M030,46175
2025-01-08,M031,29492
2025-01-08,M032,27015
2025-01-08,M033,50777
2025-01-08,M034,49288
2025-01-08,M035,69574
2025-01-08,M036,31083
2025-01-08,M037,38862
2025-01-08,M038,39136
2025-01-08,M039,48422
2025-01-08,M040,46117
2025-01-08,M041,54380
2025-01-08,M042,52580
2025-01-08,M043,38532
2025-01-08,M044,34306
2025-01-08,M045,71791
2025-01-08,M046,37765
2025-01-08,M047,51104
2025-01-08,M048,47846
2025-01-09,M001,12723
2025-01-09,M002,13064
2025-01-09,M003,22675
2025-01-09,M004,26566
2025-01-09,M005,39694
2025-01-09,M006,24773
2025-01-09,M007,26849
2025-01-09,M008,20748
2025-01-09,M009,32984
2025-01-09,M010,25786
2025-01-09,M011,25047
2025-01-09,M012,34913
2025-01-09,M013,34751
2025-01-09,M014,30187
2025-01-09,M015,26355
2025-01-09,M016,25271
2025-01-09,M017,39944
2025-01-09,M018,33354
2025-01-09,M019,34417
2025-01-09,M020,39324
2025-01-09,M021,40819
2025-01-09,M022,21170
2025-01-09,M023,33764
2025-01-09,M024,40509
2025-01-09,M025,46246
2025-01-09,M026,27066
2025-01-09,M027,39157
2025-01-09,M028,48497
2025-01-09,M029,45910
2025-01-09,M030,37240
2025-01-09,M031,28508
2025-01-09,M032,36060
2025-01-09,M033,57436
2025-01-09,M034,43164
2025-01-09,M035,65051
2025-01-09,M036,37349
2025-01-09,M037,38155
2025-01-09,M038,29389
2025-01-09,M039,44205
2025-01-09,M040,58507
2025-01-09,M041,53341
2025-01-09,M042,49878
2025-01-09,M043,34766
2025-01-09,M044,49525
2025-01-09,M045,66743
2025-01-09,M046,32906
2025-01-09,M047,48565
2025-01-09,M048,61725
2025-01-10,M001,8289
2025-01-10,M002,17022
2025-01-10,M003,17093
2025-01-10,M004,40290
2025-01-10,M005,23838
2025-01-10,M006,36078
2025-01-10,M007,24150
2025-01-10,M008,29132
2025-01-10,M009,18654
2025-01-10,M010,32627
2025-01-10,M011,23129
2025-01-10,M012,43992
2025-01-10,M013,19431
2025-01-10,M014,41339
2025-01-10,M015,24205
2025-01-10,M016,36452
2025-01-10,M017,21823
2025-01-10,M018,48597
2025-01-10,M019,27995
2025-01-10,M020,54456
2025-01-10,M021,21711
2025-01-10,M022,29553
2025-01-10,M023,31106
2025-01-10,M024,59270
2025-01-10,M025,25603
2025-01-10,M026,36385
2025-01-10,M027,35228
2025-01-10,M028,64261
2025-01-10,M029,27512
2025-01-10,M030,51684
2025-01-10,M031,23367
2025-01-10,M032,48449
2025-01-10,M033,28782
2025-01-10,M034,65712
2025-01-10,M035,55739
2025-01-10,M036,53232
2025-01-10,M037,20283
2025-01-10,M038,46764
2025-01-10,M039,42172
2025-01-10,M040,83351
2025-01-10,M041,33484
2025-01-10,M042,71450
2025-01-10,M043,32023
2025-01-10,M044,68583
2025-01-10,M045,36440
2025-01-10,M046,43911
2025-01-10,M047,40604
2025-01-10,M048,89971
2025-01-11,M001,8811
2025-01-11,M002,15539
2025-01-11,M003,22505
2025-01-11,M004,20423
2025-01-11,M005,28256
2025-01-11,M006,27197
2025-01-11,M007,30236
2025-01-11,M008,15361
2025-01-11,M009,21646
2025-01-11,M010,28120
2025-01-11,M011,27757
2025-01-11,M012,24446
2025-01-11,M013,25993
2025-01-11,M014,33481
2025-01-11,M015,27386
2025-01-11,M016,18180
2025-01-11,M017,25590
2025-01-11,M018,36577
2025-01-11,M019,34759
2025-01-11,M020,30473
2025-01-11,M021,27146
2025-01-11,M022,27769
2025-01-11,M023,36561
2025-01-11,M024,36218
2025-01-11,M025,30756
2025-01-11,M026,29467
2025-01-11,M027,40294
2025-01-11,M028,33442
2025-01-11,M029,33800
2025-01-11,M030,47055
2025-01-11,M031,30875
2025-01-11,M032,28022
2025-01-11,M033,40000
2025-01-11,M034,53803
2025-01-11,M035,71496
2025-01-11,M036,27727
2025-01-11,M037,26945
2025-01-11,M038,33932
2025-01-11,M039,48535
2025-01-11,M040,43186
2025-01-11,M041,41622
2025-01-11,M042,59525
2025-01-11,M043,38727
2025-01-11,M044,34028
2025-01-11,M045,48639
2025-01-11,M046,41842
2025-01-11,M047,51581
2025-01-11,M048,48034
2025-01-12,M001,11650
2025-01-12,M002,14340
2025-01-12,M003,18148
2025-01-12,M004,19552
2025-01-12,M005,38176
2025-01-12,M006,25575
2025-01-12,M007,23740
2025-01-12,M008,13307
2025-01-12,M009,31287
2025-01-12,M010,27608
2025-01-12,M011,22352
2025-01-12,M012,22349
2025-01-12,M013,35094
2025-01-12,M014,34524
2025-01-12,M015,27733
2025-01-12,M016,16254
2025-01-12,M017,36968
2025-01-12,M018,31967
2025-01-12,M019,27229
2025-01-12,M020,26383
2025-01-12,M021,38807
2025-01-12,M022,22154
2025-01-12,M023,28901
2025-01-12,M024,28878
2025-01-12,M025,44113
2025-01-12,M026,28294
2025-01-12,M027,37351
2025-01-12,M028,30451
2025-01-12,M029,44901
2025-01-12,M030,43266
2025-01-12,M031,24931
2025-01-12,M032,25724
2025-01-12,M033,51003
2025-01-12,M034,45887
2025-01-12,M035,63304
2025-01-12,M036,26304
2025-01-12,M037,35465
2025-01-12,M038,31828
2025-01-12,M039,39503
2025-01-12,M040,41112
2025-01-12,M041,48936
2025-01-12,M042,52246
2025-01-12,M043,33317
2025-01-12,M044,32345
2025-01-12,M045,67478
2025-01-12,M046,34812
2025-01-12,M047,48561
2025-01-12,M048,45935
2025-01-13,M001,14566
2025-01-13,M002,13163
2025-01-13,M003,20235
2025-01-13,M004,29310
2025-01-13,M005,44304
2025-01-13,M006,22471
2025-01-13,M007,27805
2025-01-13,M008,19078
2025-01-13,M009,33195
2025-01-13,M010,25251
2025-01-13,M011,27233
2025-01-13,M012,31805
2025-01-13,M013,36415
2025-01-13,M014,30598
2025-01-13,M015,30227
2025-01-13,M016,24101
2025-01-13,M017,37657
2025-01-13,M018,30544
2025-01-13,M019,30036
2025-01-13,M020,38571
2025-01-13,M021,40743
2025-01-13,M022,22637
2025-01-13,M023,33035
2025-01-13,M024,43958
2025-01-13,M025,46209
2025-01-13,M026,27008
2025-01-13,M027,40214
2025-01-13,M028,43738
2025-01-13,M029,42791
2025-01-13,M030,35492
2025-01-13,M031,26008
2025-01-13,M032,35453
2025-01-13,M033,53604
2025-01-13,M034,41451
2025-01-13,M035,69765
2025-01-13,M036,40080
2025-01-13,M037,36371
2025-01-13,M038,31730
2025-01-13,M039,47159
2025-01-13,M040,58615
2025-01-13,M041,57121
2025-01-13,M042,43562
2025-01-13,M043,38246
2025-01-13,M044,47222
2025-01-13,M045,67612
2025-01-13,M046,33712
2025-01-13,M047,50282
2025-01-13,M048,64747
2025-01-14,M001,8310
2025-01-14,M002,18264
2025-01-14,M003,18746
2025-01-14,M004,38402
2025-01-14,M005,23588
2025-01-14,M006,33147
2025-01-14,M007,22910
2025-01-14,M008,26584
2025-01-14,M009,18225
2025-01-14,M010,32399
2025-01-14,M011,22770
2025-01-14,M012,49882
2025-01-14,M013,19240
2025-01-14,M014,46319
2025-01-14,M015,22733
2025-01-14,M016,34891
2025-01-14,M017,20939
2025-01-14,M018,49415
2025-01-14,M019,28588
2025-01-14,M020,59712
2025-01-14,M021,21456
2025-01-14,M022,29054
2025-01-14,M023,28914
2025-01-14,M024,63771
2025-01-14,M025,24978
2025-01-14,M026,34686
2025-01-14,M027,35241
2025-01-14,M028,59067
2025-01-14,M029,26779
2025-01-14,M030,51403
2025-01-14,M031,23035
2025-01-14,M032,52014
2025-01-14,M033,27975
2025-01-14,M034,64522
2025-01-14,M035,58604
2025-01-14,M036,52596
2025-01-14,M037,20463
2025-01-14,M038,46847
2025-01-14,M039,40977
2025-01-14,M040,75721
2025-01-14,M041,32684
2025-01-14,M042,62955
2025-01-14,M043,30545
2025-01-14,M044,69767
2025-01-14,M045,39483
2025-01-14,M046,45443
2025-01-14,M047,45114
2025-01-14,M048,83423
2025-01-15,M001,10616
2025-01-15,M002,16234
2025-01-15,M003,24544
2025-01-15,M004,23990
2025-01-15,M005,35612
2025-01-15,M006,33453
2025-01-15,M007,33327
2025-01-15,M008,16770
2025-01-15,M009,24621
2025-01-15,M010,34165
2025-01-15,M011,30988
2025-01-15,M012,26205
2025-01-15,M013,26365
2025-01-15,M014,40488
2025-01-15,M015,32515
2025-01-15,M016,22749
2025-01-15,M017,29289
2025-01-15,M018,41914
2025-01-15,M019,33857
2025-01-15,M020,35437
2025-01-15,M021,30138
2025-01-15,M022,27426
2025-01-15,M023,38928
2025-01-15,M024,37042
2025-01-15,M025,37735
2025-01-15,M026,35437
2025-01-15,M027,45004
2025-01-15,M028,41426
2025-01-15,M029,34206
2025-01-15,M030,53358
2025-01-15,M031,30688
2025-01-15,M032,29355
2025-01-15,M033,43054
2025-01-15,M034,56748
2025-01-15,M035,71332
2025-01-15,M036,32910
2025-01-15,M037,26595
2025-01-15,M038,42231
2025-01-15,M039,52675
2025-01-15,M040,52578
2025-01-15,M041,45763
2025-01-15,M042,60570
2025-01-15,M043,38715
2025-01-15,M044,38770
2025-01-15,M045,50112
2025-01-15,M046,43851
2025-01-15,M047,60129
2025-01-15,M048,50885
2025-01-16,M001,13997
2025-01-16,M002,14619
2025-01-16,M003,22249
2025-01-16,M004,21272
2025-01-16,M005,42086
2025-01-16,M006,30094
2025-01-16,M007,25484
2025-01-16,M008,15728
2025-01-16,M009,30490
2025-01-16,M010,30212
2025-01-16,M011,26753
2025-01-16,M012,24955
2025-01-16,M013,37586
2025-01-16,M014,37618
2025-01-16,M015,30800
2025-01-16,M016,17758
2025-01-16,M017,42420
2025-01-16,M018,39579
2025-01-16,M019,29982
2025-01-16,M020,29686
2025-01-16,M021,40835
2025-01-16,M022,26568
2025-01-16,M023,35889
2025-01-16,M024,35492
2025-01-16,M025,51576
2025-01-16,M026,31359
2025-01-16,M027,38332
2025-01-16,M028,35986
2025-01-16,M029,44562
2025-01-16,M030,42347
2025-01-16,M031,28148
2025-01-16,M032,27416
2025-01-16,M033,52895
2025-01-16,M034,54390
2025-01-16,M035,61320
2025-01-16,M036,30999
2025-01-16,M037,36396
2025-01-16,M038,33937
2025-01-16,M039,48194
2025-01-16,M040,42544
2025-01-16,M041,62778
2025-01-16,M042,57595
2025-01-16,M043,36554
2025-01-16,M044,35061
2025-01-16,M045,73463
2025-01-16,M046,40991
2025-01-16,M047,48892
2025-01-16,M048,51296
2025-01-17,M001,13955
2025-01-17,M002,12791
2025-01-17,M003,21464
2025-01-17,M004,27981
2025-01-17,M005,44440
2025-01-17,M006,24556
2025-01-17,M007,28189
2025-01-17,M008,20225
2025-01-17,M009,31110
2025-01-17,M010,24591
2025-01-17,M011,25732
2025-01-17,M012,31180
2025-01-17,M013,37990
2025-01-17,M014,31379
2025-01-17,M015,26740
2025-01-17,M016,23365
2025-01-17,M017,39270
2025-01-17,M018,32648
2025-01-17,M019,33863
2025-01-17,M020,41508
2025-01-17,M021,41741
2025-01-17,M022,20974
2025-01-17,M023,37141
2025-01-17,M024,44354
2025-01-17,M025,44754
2025-01-17,M026,24944
2025-01-17,M027,38928
2025-01-17,M028,44606
2025-01-17,M029,42024
2025-01-17,M030,36405
2025-01-17,M031,29026
2025-01-17,M032,34304
2025-01-17,M033,49615
2025-01-17,M034,45584
2025-01-17,M035,70889
2025-01-17,M036,38460
2025-01-17,M037,36615
2025-01-17,M038,29309
2025-01-17,M039,44509
2025-01-17,M040,61413
2025-01-17,M041,58724
2025-01-17,M042,45246
2025-01-17,M043,35237
2025-01-17,M044,47190
2025-01-17,M045,70052
2025-01-17,M046,35117
2025-01-17,M047,53475
2025-01-17,M048,63794
2025-01-18,M001,6453
2025-01-18,M002,16769
2025-01-18,M003,15207
2025-01-18,M004,33684
2025-01-18,M005,20787
2025-01-18,M006,32404
2025-01-18,M007,21411
2025-01-18,M008,25699
2025-01-18,M009,15177
2025-01-18,M010,28749
2025-01-18,M011,19403
2025-01-18,M012,43835
2025-01-18,M013,18835
2025-01-18,M014,37289
2025-01-18,M015,22003
2025-01-18,M016,30090
2025-01-18,M017,20071
2025-01-18,M018,43099
2025-01-18,M019,26042
2025-01-18,M020,51310
2025-01-18,M021,22058
2025-01-18,M022,30092
2025-01-18,M023,25598
2025-01-18,M024,51561
2025-01-18,M025,24172
2025-01-18,M026,34444
2025-01-18,M027,29993
2025-01-18,M028,54801
2025-01-18,M029,22509
2025-01-18,M030,51533
2025-01-18,M031,19710
2025-01-18,M032,47043
2025-01-18,M033,26591
2025-01-18,M034,57299
2025-01-18,M035,49652
2025-01-18,M036,46054
2025-01-18,M037,17323
2025-01-18,M038,42599
2025-01-18,M039,37242
2025-01-18,M040,76460
2025-01-18,M041,30426
2025-01-18,M042,64096
2025-01-18,M043,26450
2025-01-18,M044,54346
2025-01-18,M045,33386
2025-01-18,M046,39626
2025-01-18,M047,37578
2025-01-18,M048,81670
2025-01-19,M001,9152
2025-01-19,M002,14250
2025-01-19,M003,23004
2025-01-19,M004,22332
2025-01-19,M005,27613
2025-01-19,M006,30139
2025-01-19,M007,29678
2025-01-19,M008,15496
2025-01-19,M009,21458
2025-01-19,M010,29059
2025-01-19,M011,26400
2025-01-19,M012,25268
2025-01-19,M013,23905
2025-01-19,M014,35018
2025-01-19,M015,29126
2025-01-19,M016,19064
2025-01-19,M017,25643
2025-01-19,M018,36150
2025-01-19,M019,34342
2025-01-19,M020,32020
2025-01-19,M021,29106
2025-01-19,M022,27386
2025-01-19,M023,33401
2025-01-19,M024,31663
2025-01-19,M025,32511
2025-01-19,M026,33123
2025-01-19,M027,44602
2025-01-19,M028,34643
2025-01-19,M029,29233
2025-01-19,M030,46791
2025-01-19,M031,28759
2025-01-19,M032,27277
2025-01-19,M033,37311
2025-01-19,M034,48476
2025-01-19,M035,64108
2025-01-19,M036,28923
2025-01-19,M037,25277
2025-01-19,M038,39613
2025-01-19,M039,48750
2025-01-19,M040,46390
2025-01-19,M041,39509
2025-01-19,M042,53562
2025-01-19,M043,35342
2025-01-19,M044,36966
2025-01-19,M045,44774
2025-01-19,M046,42314
2025-01-19,M047,50997
2025-01-19,M048,47900
2025-01-20,M001,14798
2025-01-20,M002,15611
2025-01-20,M003,22485
2025-01-20,M004,21204
2025-01-20,M005,41397
2025-01-20,M006,26437
2025-01-20,M007,26283
2025-01-20,M008,16491
2025-01-20,M009,29862
2025-01-20,M010,27510
2025-01-20,M011,23921
2025-01-20,M012,27306
2025-01-20,M013,37687
2025-01-20,M014,36881
2025-01-20,M015,29195
2025-01-20,M016,19071
2025-01-20,M017,39237
2025-01-20,M018,35587
2025-01-20,M019,33482
2025-01-20,M020,29534
2025-01-20,M021,43040
2025-01-20,M022,26490
2025-01-20,M023,33410
2025-01-20,M024,35101
2025-01-20,M025,48790
2025-01-20,M026,30938
2025-01-20,M027,42118
2025-01-20,M028,34535
2025-01-20,M029,44023
2025-01-20,M030,44309
2025-01-20,M031,29662
2025-01-20,M032,28284
2025-01-20,M033,56861
2025-01-20,M034,49545
2025-01-20,M035,69044
2025-01-20,M036,27927
2025-01-20,M037,37211
2025-01-20,M038,36119
2025-01-20,M039,50366
2025-01-20,M040,41737
2025-01-20,M041,56468
2025-01-20,M042,57870
2025-01-20,M043,38161
2025-01-20,M044,35060
2025-01-20,M045,73042
2025-01-20,M046,36479
2025-01-20,M047,54751
2025-01-20,M048,51042
2025-01-21,M001,14544
2025-01-21,M002,13663
2025-01-21,M003,21807
2025-01-21,M004,27323
2025-01-21,M005,42004
2025-01-21,M006,25165
2025-01-21,M007,27873
2025-01-21,M008,19432
2025-01-21,M009,30293
2025-01-21,M010,24867
2025-01-21,M011,27123
2025-01-21,M012,31389
2025-01-21,M013,35536
2025-01-21,M014,29275
2025-01-21,M015,28115
2025-01-21,M016,25485
2025-01-21,M017,39785
2025-01-21,M018,31293
2025-01-21,M019,33258
2025-01-21,M020,43528
2025-01-21,M021,42943
2025-01-21,M022,21410
2025-01-21,M023,36788
2025-01-21,M024,43234
2025-01-21,M025,44817
2025-01-21,M026,26268
2025-01-21,M027,39323
2025-01-21,M028,45109
2025-01-21,M029,48516
2025-01-21,M030,37243
2025-01-21,M031,27178
2025-01-21,M032,36860
2025-01-21,M033,54715
2025-01-21,M034,44181
2025-01-21,M035,62836
2025-01-21,M036,35013
2025-01-21,M037,36511
2025-01-21,M038,30913
2025-01-21,M039,49907
2025-01-21,M040,61934
2025-01-21,M041,57850
2025-01-21,M042,50515
2025-01-21,M043,38791
2025-01-21,M044,48925
2025-01-21,M045,66205
2025-01-21,M046,30956
2025-01-21,M047,51454
2025-01-21,M048,60283
2025-01-22,M001,7366
2025-01-22,M002,16926
2025-01-22,M003,17710
2025-01-22,M004,40425
2025-01-22,M005,24799
2025-01-22,M006,35685
2025-01-22,M007,24897
2025-01-22,M008,28782
2025-01-22,M009,17383
2025-01-22,M010,34638
2025-01-22,M011,20600
2025-01-22,M012,48515
2025-01-22,M013,20306
2025-01-22,M014,45576
2025-01-22,M015,22500
2025-01-22,M016,34403
2025-01-22,M017,21910
2025-01-22,M018,47394
2025-01-22,M019,27635
2025-01-22,M020,60610
2025-01-22,M021,22535
2025-01-22,M022,31939
2025-01-22,M023,29775
2025-01-22,M024,62150
2025-01-22,M025,28003
2025-01-22,M026,39162
2025-01-22,M027,34682
2025-01-22,M028,63795
2025-01-22,M029,27058
2025-01-22,M030,51775
2025-01-22,M031,22026
2025-01-22,M032,47544
2025-01-22,M033,30153
2025-01-22,M034,58308
2025-01-22,M035,52608
2025-01-22,M036,50159
2025-01-22,M037,20143
2025-01-22,M038,41750
2025-01-22,M039,40231
2025-01-22,M040,79544
2025-01-22,M041,33003
2025-01-22,M042,61715
2025-01-22,M043,31333
2025-01-22,M044,64816
2025-01-22,M045,38748
2025-01-22,M046,47497
2025-01-22,M047,44049
2025-01-22,M048,89511
2025-01-23,M001,10720
2025-01-23,M002,18136
2025-01-23,M003,24865
2025-01-23,M004,24312
2025-01-23,M005,31860
2025-01-23,M006,30856
2025-01-23,M007,29782
2025-01-23,M008,16567
2025-01-23,M009,25056
2025-01-23,M010,34415
2025-01-23,M011,28973
2025-01-23,M012,27538
2025-01-23,M013,27393
2025-01-23,M014,39136
2025-01-23,M015,32601
2025-01-23,M016,20861
2025-01-23,M017,27308
2025-01-23,M018,40402
2025-01-23,M019,37845
2025-01-23,M020,33198
2025-01-23,M021,31946
2025-01-23,M022,30039
2025-01-23,M023,40056
2025-01-23,M024,38441
2025-01-23,M025,35163
2025-01-23,M026,35655
2025-01-23,M027,47255
2025-01-23,M028,36904
2025-01-23,M029,35289
2025-01-23,M030,48335
2025-01-23,M031,29257
2025-01-23,M032,30123
2025-01-23,M033,43441
2025-01-23,M034,58230
2025-01-23,M035,74731
2025-01-23,M036,31612
2025-01-23,M037,27679
2025-01-23,M038,41671
2025-01-23,M039,52393
2025-01-23,M040,50686
2025-01-23,M041,46326
2025-01-23,M042,62753
2025-01-23,M043,43271
2025-01-23,M044,37522
2025-01-23,M045,54282
2025-01-23,M046,45919
2025-01-23,M047,54086
2025-01-23,M048,50289
2025-01-24,M001,13273
2025-01-24,M002,14652
2025-01-24,M003,19854
2025-01-24,M004,22568
2025-01-24,M005,44358
2025-01-24,M006,28185
2025-01-24,M007,26918
2025-01-24,M008,14649
2025-01-24,M009,31842
2025-01-24,M010,28427
2025-01-24,M011,24975
2025-01-24,M012,25764
2025-01-24,M013,38361
2025-01-24,M014,38670
2025-01-24,M015,28519
2025-01-24,M016,19441
2025-01-24,M017,38866
2025-01-24,M018,38694
2025-01-24,M019,29847
2025-01-24,M020,32244
2025-01-24,M021,40095
2025-01-24,M022,25839
2025-01-24,M023,34166
2025-01-24,M024,36061
2025-01-24,M025,47296
2025-01-24,M026,29496
2025-01-24,M027,40186
2025-01-24,M028,35189
2025-01-24,M029,45397
2025-01-24,M030,47057
2025-01-24,M031,27768
2025-01-24,M032,27205
2025-01-24,M033,51048
2025-01-24,M034,49124
2025-01-24,M035,65843
2025-01-24,M036,27856
2025-01-24,M037,37927
2025-01-24,M038,35337
2025-01-24,M039,45790
2025-01-24,M040,46265
2025-01-24,M041,62717
2025-01-24,M042,56481
2025-01-24,M043,36355
2025-01-24,M044,37402
2025-01-24,M045,70403
2025-01-24,M046,37377
2025-01-24,M047,53245
2025-01-24,M048,49324
2025-01-25,M001,12319
2025-01-25,M002,12154
2025-01-25,M003,17606
2025-01-25,M004,26612
2025-01-25,M005,39790
2025-01-25,M006,20631
2025-01-25,M007,23932
2025-01-25,M008,18329
2025-01-25,M009,28059
2025-01-25,M010,21683
2025-01-25,M011,23551
2025-01-25,M012,31955
2025-01-25,M013,33032
2025-01-25,M014,29661
2025-01-25,M015,26218
2025-01-25,M016,22182
2025-01-25,M017,34040
2025-01-25,M018,27956
2025-01-25,M019,30730
2025-01-25,M020,33495
2025-01-25,M021,35397
2025-01-25,M022,21391
2025-01-25,M023,30971
2025-01-25,M024,38026
2025-01-25,M025,44579
2025-01-25,M026,25245
2025-01-25,M027,35252
2025-01-25,M028,41907
2025-01-25,M029,37892
2025-01-25,M030,34261
2025-01-25,M031,23067
2025-01-25,M032,30496
2025-01-25,M033,51214
2025-01-25,M034,40356
2025-01-25,M035,59747
2025-01-25,M036,34533
2025-01-25,M037,34030
2025-01-25,M038,30054
2025-01-25,M039,39057
2025-01-25,M040,51804
2025-01-25,M041,55386
2025-01-25,M042,43757
2025-01-25,M043,33945
2025-01-25,M044,40312
2025-01-25,M045,59422
2025-01-25,M046,30090
2025-01-25,M047,43088
2025-01-25,M048,59011
2025-01-26,M001,7121
2025-01-26,M002,16753
2025-01-26,M003,16385
2025-01-26,M004,36894
2025-01-26,M005,20423
2025-01-26,M006,32895
2025-01-26,M007,22454
2025-01-26,M008,23879
2025-01-26,M009,16010
2025-01-26,M010,30260
2025-01-26,M011,18409
2025-01-26,M012,39550
2025-01-26,M013,19542
2025-01-26,M014,42272
2025-01-26,M015,19887
2025-01-26,M016,32907
2025-01-26,M017,18733
2025-01-26,M018,44657
2025-01-26,M019,25081
2025-01-26,M020,52880
2025-01-26,M021,19722
2025-01-26,M022,30231
2025-01-26,M023,24463
2025-01-26,M024,54752
2025-01-26,M025,23258
2025-01-26,M026,32841
2025-01-26,M027,31756
2025-01-26,M028,54645
2025-01-26,M029,21932
2025-01-26,M030,45976
2025-01-26,M031,21173
2025-01-26,M032,43430
2025-01-26,M033,25976
2025-01-26,M034,52366
2025-01-26,M035,53853
2025-01-26,M036,46634
2025-01-26,M037,19760
2025-01-26,M038,39927
2025-01-26,M039,36923
2025-01-26,M040,69277
2025-01-26,M041,27573
2025-01-26,M042,60302
2025-01-26,M043,29318
2025-01-26,M044,61706
2025-01-26,M045,34357
2025-01-26,M046,39428
2025-01-26,M047,40417
2025-01-26,M048,79695
2025-01-27,M001,11366
2025-01-27,M002,17831
2025-01-27,M003,25450
2025-01-27,M004,24232
2025-01-27,M005,30657
2025-01-27,M006,31436
2025-01-27,M007,33053
2025-01-27,M008,18120
2025-01-27,M009,24312
2025-01-27,M010,33669
2025-01-27,M011,28371
2025-01-27,M012,28564
2025-01-27,M013,28319
2025-01-27,M014,41810
2025-01-27,M015,30845
2025-01-27,M016,19946
2025-01-27,M017,28331
2025-01-27,M018,41563
2025-01-27,M019,38962
2025-01-27,M020,33394
2025-01-27,M021,30242
2025-01-27,M022,29232
2025-01-27,M023,36805
2025-01-27,M024,37660
2025-01-27,M025,36291
2025-01-27,M026,35826
2025-01-27,M027,48157
2025-01-27,M028,40426
2025-01-27,M029,32681
2025-01-27,M030,51079
2025-01-27,M031,32963
2025-01-27,M032,30280
2025-01-27,M033,43049
2025-01-27,M034,61840
2025-01-27,M035,75322
2025-01-27,M036,33658
2025-01-27,M037,29459
2025-01-27,M038,39775
2025-01-27,M039,51636
2025-01-27,M040,52830
2025-01-27,M041,46966
2025-01-27,M042,62323
2025-01-27,M043,43757
2025-01-27,M044,37600
2025-01-27,M045,53305
2025-01-27,M046,41075
2025-01-27,M047,61482
2025-01-27,M048,51463
2025-01-28,M001,14867
2025-01-28,M002,15970
2025-01-28,M003,22157
2025-01-28,M004,22296
2025-01-28,M005,46991
2025-01-28,M006,26948
2025-01-28,M007,27996
2025-01-28,M008,15705
2025-01-28,M009,33388
2025-01-28,M010,28806
2025-01-28,M011,27800
2025-01-28,M012,24439
2025-01-28,M013,39654
2025-01-28,M014,34334
2025-01-28,M015,29112
2025-01-28,M016,19839
2025-01-28,M017,36708
2025-01-28,M018,38870
2025-01-28,M019,34732
2025-01-28,M020,30880
2025-01-28,M021,38381
2025-01-28,M022,25985
2025-01-28,M023,37381
2025-01-28,M024,32529
2025-01-28,M025,45427
2025-01-28,M026,33115
2025-01-28,M027,38493
2025-01-28,M028,37216
2025-01-28,M029,42805
2025-01-28,M030,43717
2025-01-28,M031,28385
2025-01-28,M032,28810
2025-01-28,M033,57698
2025-01-28,M034,49234
2025-01-28,M035,64926
2025-01-28,M036,27487
2025-01-28,M037,37906
2025-01-28,M038,34669
2025-01-28,M039,44927
2025-01-28,M040,45057
2025-01-28,M041,58365
2025-01-28,M042,56655
2025-01-28,M043,35609
2025-01-28,M044,37263
2025-01-28,M045,70977
2025-01-28,M046,40033
2025-01-28,M047,48074
2025-01-28,M048,47463
2025-01-29,M001,13921
2025-01-29,M002,11857
2025-01-29,M003,19808
2025-01-29,M004,26748
2025-01-29,M005,41732
2025-01-29,M006,23656
2025-01-29,M007,28042
2025-01-29,M008,21128
2025-01-29,M009,31876
2025-01-29,M010,25335
2025-01-29,M011,26605
2025-01-29,M012,31288
2025-01-29,M013,38544
2025-01-29,M014,30831
2025-01-29,M015,27551
2025-01-29,M016,23976
2025-01-29,M017,40700
2025-01-29,M018,31613
2025-01-29,M019,31212
2025-01-29,M020,42564
2025-01-29,M021,43817
2025-01-29,M022,23275
2025-01-29,M023,34201
2025-01-29,M024,40258
2025-01-29,M025,45361
2025-01-29,M026,26355
2025-01-29,M027,41958
2025-01-29,M028,47589
2025-01-29,M029,42587
2025-01-29,M030,39903
2025-01-29,M031,27506
2025-01-29,M032,36818
2025-01-29,M033,53741
2025-01-29,M034,45594
2025-01-29,M035,69407
2025-01-29,M036,38258
2025-01-29,M037,34247
2025-01-29,M038,29763
2025-01-29,M039,49274
2025-01-29,M040,54701
2025-01-29,M041,55323
2025-01-29,M042,47121
2025-01-29,M043,36538
2025-01-29,M044,43166
2025-01-29,M045,70319
2025-01-29,M046,34955
2025-01-29,M047,52428
2025-01-29,M048,58034
2025-01-30,M001,7577
2025-01-30,M002,17561
2025-01-30,M003,18763
2025-01-30,M004,37005
2025-01-30,M005,22936
2025-01-30,M006,33778
2025-01-30,M007,24436
2025-01-30,M008,29643
2025-01-30,M009,16473
2025-01-30,M010,36357
2025-01-30,M011,20851
2025-01-30,M012,44805
2025-01-30,M013,20655
2025-01-30,M014,45562
2025-01-30,M015,23434
2025-01-30,M016,33017
2025-01-30,M017,21534
2025-01-30,M018,43498
2025-01-30,M019,25294
2025-01-30,M020,55437
2025-01-30,M021,23751
2025-01-30,M022,31163
2025-01-30,M023,26989
2025-01-30,M024,58761
2025-01-30,M025,25847
2025-01-30,M026,38806
2025-01-30,M027,36285
2025-01-30,M028,67776
2025-01-30,M029,26776
2025-01-30,M030,51245
2025-01-30,M031,24403
2025-01-30,M032,48507
2025-01-30,M033,31633
2025-01-30,M034,60229
2025-01-30,M035,57851
2025-01-30,M036,54640
2025-01-30,M037,19067
2025-01-30,M038,41763
2025-01-30,M039,37625
2025-01-30,M040,75591
2025-01-30,M041,29487
2025-01-30,M042,64210
2025-01-30,M043,33339
2025-01-30,M044,65441
2025-01-30,M045,40771
2025-01-30,M046,47881
2025-01-30,M047,42257
2025-01-30,M048,83422
2025-01-31,M001,11205
2025-01-31,M002,17352
2025-01-31,M003,23813
2025-01-31,M004,23063
2025-01-31,M005,34698
2025-01-31,M006,32556
2025-01-31,M007,30120
2025-01-31,M008,16847
2025-01-31,M009,24538
2025-01-31,M010,29760
2025-01-31,M011,30832
2025-01-31,M012,27947
2025-01-31,M013,27201
2025-01-31,M014,41922
2025-01-31,M015,31939
2025-01-31,M016,21689
2025-01-31,M017,28459
2025-01-31,M018,45264
2025-01-31,M019,36209
2025-01-31,M020,32697
2025-01-31,M021,30452
2025-01-31,M022,27507
2025-01-31,M023,39764
2025-01-31,M024,38671
2025-01-31,M025,37381
2025-01-31,M026,34332
2025-01-31,M027,43051
2025-01-31,M028,38617
2025-01-31,M029,33870
2025-01-31,M030,49095
2025-01-31,M031,32891
2025-01-31,M032,29611
2025-01-31,M033,38344
2025-01-31,M034,55969
2025-01-31,M035,78007
2025-01-31,M036,32639
2025-01-31,M037,27673
2025-01-31,M038,43714
2025-01-31,M039,50388
2025-01-31,M040,46813
2025-01-31,M041,47138
2025-01-31,M042,59515
2025-01-31,M043,44341
2025-01-31,M044,38259
2025-01-31,M045,48573
2025-01-31,M046,44113
2025-01-31,M047,61233
2025-01-31,M048,56011
2025-02-01,M001,13117
2025-02-01,M002,11795
2025-02-01,M003,19362
2025-02-01,M004,27252
2025-02-01,M005,39621
2025-02-01,M006,23013
2025-02-01,M007,27159
2025-02-01,M008,17464
2025-02-01,M009,31551
2025-02-01,M010,22974
2025-02-01,M011,23779
2025-02-01,M012,33071
2025-02-01,M013,34378
2025-02-01,M014,27131
2025-02-01,M015,24788
2025-02-01,M016,21938
2025-02-01,M017,36465
2025-02-01,M018,31387
2025-02-01,M019,29279
2025-02-01,M020,35624
2025-02-01,M021,35254
2025-02-01,M022,20540
2025-02-01,M023,33743
2025-02-01,M024,40676
2025-02-01,M025,42609
2025-02-01,M026,23811
2025-02-01,M027,35947
2025-02-01,M028,40930
2025-02-01,M029,41149
2025-02-01,M030,37222
2025-02-01,M031,24445
2025-02-01,M032,30469
2025-02-01,M033,52765
2025-02-01,M034,39810
2025-02-01,M035,60892
2025-02-01,M036,35949
2025-02-01,M037,34677
2025-02-01,M038,26794
2025-02-01,M039,46972
2025-02-01,M040,57236
2025-02-01,M041,55185
2025-02-01,M042,41430
2025-02-01,M043,32962
2025-02-01,M044,42933
2025-02-01,M045,67084
2025-02-01,M046,30990
2025-02-01,M047,47633
2025-02-01,M048,59647
2025-02-02,M001,6892
2025-02-02,M002,15987
2025-02-02,M003,17243
2025-02-02,M004,35359
2025-02-02,M005,22111
2025-02-02,M006,31658
2025-02-02,M007,20857
2025-02-02,M008,24737
2025-02-02,M009,17139
2025-02-02,M010,31416
2025-02-02,M011,20626
2025-02-02,M012,40061
2025-02-02,M013,19327
2025-02-02,M014,39735
2025-02-02,M015,21502
2025-02-02,M016,33854
2025-02-02,M017,21431
2025-02-02,M018,40215
2025-02-02,M019,26012
2025-02-02,M020,48960
2025-02-02,M021,22539
2025-02-02,M022,26912
2025-02-02,M023,28730
2025-02-02,M024,52770
2025-02-02,M025,23141
2025-02-02,M026,36989
2025-02-02,M027,31511
2025-02-02,M028,55511
2025-02-02,M029,22801
2025-02-02,M030,50936
2025-02-02,M031,21939
2025-02-02,M032,49370
2025-02-02,M033,29441
2025-02-02,M034,54029
2025-02-02,M035,53804
2025-02-02,M036,51446
2025-02-02,M037,20619
2025-02-02,M038,39882
2025-02-02,M039,35163
2025-02-02,M040,74562
2025-02-02,M041,29551
2025-02-02,M042,59805
2025-02-02,M043,27708
2025-02-02,M044,65088
2025-02-02,M045,35965
2025-02-02,M046,45080
2025-02-02,M047,37466
2025-02-02,M048,78225
2025-02-03,M001,11608
2025-02-03,M002,17528
2025-02-03,M003,26108
2025-02-03,M004,26185
2025-02-03,M005,34119
2025-02-03,M006,31072
2025-02-03,M007,33420
2025-02-03,M008,18034
2025-02-03,M009,27151
2025-02-03,M010,32658
2025-02-03,M011,30658
2025-02-03,M012,27422
2025-02-03,M013,26844
2025-02-03,M014,44066
2025-02-03,M015,34477
2025-02-03,M016,21215
2025-02-03,M017,29748
2025-02-03,M018,46455
2025-02-03,M019,39469
2025-02-03,M020,36075
2025-02-03,M021,34694
2025-02-03,M022,30041
2025-02-03,M023,38522
2025-02-03,M024,39516
2025-02-03,M025,35310
2025-02-03,M026,35960
2025-02-03,M027,49491
2025-02-03,M028,40233
2025-02-03,M029,38034
2025-02-03,M030,48327
2025-02-03,M031,34296
2025-02-03,M032,29154
2025-02-03,M033,41227
2025-02-03,M034,60844
2025-02-03,M035,75117
2025-02-03,M036,35140
2025-02-03,M037,30840
2025-02-03,M038,40796
2025-02-03,M039,59159
2025-02-03,M040,53006
2025-02-03,M041,42814
2025-02-03,M042,59484
2025-02-03,M043,42663
2025-02-03,M044,40305
2025-02-03,M045,57647
2025-02-03,M046,44951
2025-02-03,M047,60001
2025-02-03,M048,57251
2025-02-04,M001,15594
2025-02-04,M002,16172
2025-02-04,M003,21787
2025-02-04,M004,24022
2025-02-04,M005,44137
2025-02-04,M006,29774
2025-02-04,M007,26357
2025-02-04,M008,15732
2025-02-04,M009,35988
2025-02-04,M010,31861
2025-02-04,M011,27859
2025-02-04,M012,25872
2025-02-04,M013,36654
2025-02-04,M014,36716
2025-02-04,M015,29339
2025-02-04,M016,18425
2025-02-04,M017,40044
2025-02-04,M018,37711
2025-02-04,M019,35307
2025-02-04,M020,33399
2025-02-04,M021,40544
2025-02-04,M022,28630
2025-02-04,M023,33694
2025-02-04,M024,35670
2025-02-04,M025,50294
2025-02-04,M026,33682
2025-02-04,M027,39258
2025-02-04,M028,37200
2025-02-04,M029,47962
2025-02-04,M030,44376
2025-02-04,M031,29855
2025-02-04,M032,26571
2025-02-04,M033,58546
2025-02-04,M034,54361
2025-02-04,M035,70972
2025-02-04,M036,28369
2025-02-04,M037,40395
2025-02-04,M038,39683
2025-02-04,M039,45760
2025-02-04,M040,43776
2025-02-04,M041,61704
2025-02-04,M042,61680
2025-02-04,M043,38578
2025-02-04,M044,36841
2025-02-04,M045,74973
2025-02-04,M046,40406
2025-02-04,M047,50442
2025-02-04,M048,49585
2025-02-05,M001,15208
2025-02-05,M002,13630
2025-02-05,M003,22425
2025-02-05,M004,27702
2025-02-05,M005,46364
2025-02-05,M006,26518
2025-02-05,M007,26580
2025-02-05,M008,19718
2025-02-05,M009,35054
2025-02-05,M010,26937
2025-02-05,M011,26131
2025-02-05,M012,32690
2025-02-05,M013,37252
2025-02-05,M014,29834
2025-02-05,M015,31484
2025-02-05,M016,27211
2025-02-05,M017,37635
2025-02-05,M018,31853
2025-02-05,M019,34329
2025-02-05,M020,41538
2025-02-05,M021,40632
2025-02-05,M022,21989
2025-02-05,M023,37599
2025-02-05,M024,48564
2025-02-05,M025,48201
2025-02-05,M026,28271
2025-02-05,M027,41694
2025-02-05,M028,46769
2025-02-05,M029,48087
2025-02-05,M030,40227
2025-02-05,M031,29186
2025-02-05,M032,37046
2025-02-05,M033,58120
2025-02-05,M034,45968
2025-02-05,M035,66075
2025-02-05,M036,37207
2025-02-05,M037,39443
2025-02-05,M038,30667
2025-02-05,M039,51336
2025-02-05,M040,64159
2025-02-05,M041,58599
2025-02-05,M042,49335
2025-02-05,M043,34873
2025-02-05,M044,45342
2025-02-05,M045,75326
2025-02-05,M046,35099
2025-02-05,M047,51840
2025-02-05,M048,63494
2025-02-06,M001,7828
2025-02-06,M002,19540
2025-02-06,M003,19116
2025-02-06,M004,40338
2025-02-06,M005,26264
2025-02-06,M006,34799
2025-02-06,M007,23814
2025-02-06,M008,28315
2025-02-06,M009,18118
2025-02-06,M010,34339
2025-02-06,M011,22974
2025-02-06,M012,47285
2025-02-06,M013,19637
2025-02-06,M014,47171
2025-02-06,M015,24810
2025-02-06,M016,33902
2025-02-06,M017,23389
2025-02-06,M018,47647
2025-02-06,M019,26099
2025-02-06,M020,55655
2025-02-06,M021,23201
2025-02-06,M022,34677
2025-02-06,M023,31170
2025-02-06,M024,65016
2025-02-06,M025,29428
2025-02-06,M026,37581
2025-02-06,M027,34202
2025-02-06,M028,61066
2025-02-06,M029,27122
2025-02-06,M030,55671
2025-02-06,M031,22281
2025-02-06,M032,53402
2025-02-06,M033,28643
2025-02-06,M034,62347
2025-02-06,M035,56955
2025-02-06,M036,52443
2025-02-06,M037,21255
2025-02-06,M038,42713
2025-02-06,M039,42561
2025-02-06,M040,84564
2025-02-06,M041,32796
2025-02-06,M042,72108
2025-02-06,M043,32973
2025-02-06,M044,64992
2025-02-06,M045,39288
2025-02-06,M046,45666
2025-02-06,M047,46274
2025-02-06,M048,90761
2025-02-07,M001,11685
2025-02-07,M002,17459
2025-02-07,M003,24768
2025-02-07,M004,26490
2025-02-07,M005,36297
2025-02-07,M006,35615
2025-02-07,M007,31285
2025-02-07,M008,16764
2025-02-07,M009,23233
2025-02-07,M010,31751
2025-02-07,M011,28369
2025-02-07,M012,31499
2025-02-07,M013,30242
2025-02-07,M014,42513
2025-02-07,M015,31848
2025-02-07,M016,20911
2025-02-07,M017,32126
2025-02-07,M018,43325
2025-02-07,M019,36775
2025-02-07,M020,34497
2025-02-07,M021,30740
2025-02-07,M022,29083
2025-02-07,M023,42597
2025-02-07,M024,38374
2025-02-07,M025,34877
2025-02-07,M026,33217
2025-02-07,M027,49895
2025-02-07,M028,39136
2025-02-07,M029,38798
2025-02-07,M030,53541
2025-02-07,M031,34257
2025-02-07,M032,31214
2025-02-07,M033,43183
2025-02-07,M034,62223
2025-02-07,M035,80982
2025-02-07,M036,35893
2025-02-07,M037,29719
2025-02-07,M038,44293
2025-02-07,M039,51577
2025-02-07,M040,55729
2025-02-07,M041,44511
2025-02-07,M042,61089
2025-02-07,M043,41789
2025-02-07,M044,38543
2025-02-07,M045,54703
2025-02-07,M046,44248
2025-02-07,M047,62502
2025-02-07,M048,54448
2025-02-08,M001,12272
2025-02-08,M002,14137
2025-02-08,M003,19920
2025-02-08,M004,19386
2025-02-08,M005,41197
2025-02-08,M006,27127
2025-02-08,M007,26462
2025-02-08,M008,13831
2025-02-08,M009,32169
2025-02-08,M010,28430
2025-02-08,M011,22293
2025-02-08,M012,22804
2025-02-08,M013,35783
2025-02-08,M014,35445
2025-02-08,M015,27713
2025-02-08,M016,16588
2025-02-08,M017,35053
2025-02-08,M018,35635
2025-02-08,M019,32533
2025-02-08,M020,29504
2025-02-08,M021,40851
2025-02-08,M022,25667
2025-02-08,M023,33498
2025-02-08,M024,31842
2025-02-08,M025,45348
2025-02-08,M026,29730
2025-02-08,M027,37662
2025-02-08,M028,32754
2025-02-08,M029,45340
2025-02-08,M030,43141
2025-02-08,M031,26803
2025-02-08,M032,26291
2025-02-08,M033,54765
2025-02-08,M034,48909
2025-02-08,M035,65646
2025-02-08,M036,29393
2025-02-08,M037,35845
2025-02-08,M038,34623
2025-02-08,M039,44092
2025-02-08,M040,39579
2025-02-08,M041,50618
2025-02-08,M042,49956
2025-02-08,M043,32529
2025-02-08,M044,34908
2025-02-08,M045,63726
2025-02-08,M046,37462
2025-02-08,M047,45352
2025-02-08,M048,42604
2025-02-09,M001,12485
2025-02-09,M002,11087
2025-02-09,M003,20116
2025-02-09,M004,25180
2025-02-09,M005,43322
2025-02-09,M006,24104
2025-02-09,M007,25630
2025-02-09,M008,17632
2025-02-09,M009,30063
2025-02-09,M010,21504
2025-02-09,M011,23869
2025-02-09,M012,32922
2025-02-09,M013,34660
2025-02-09,M014,27144
2025-02-09,M015,26083
2025-02-09,M016,22313
2025-02-09,M017,34348
2025-02-09,M018,32181
2025-02-09,M019,31405
2025-02-09,M020,34964
2025-02-09,M021,37775
2025-02-09,M022,20749
2025-02-09,M023,34699
2025-02-09,M024,43756
2025-02-09,M025,40687
2025-02-09,M026,22744
2025-02-09,M027,37882
2025-02-09,M028,41870
2025-02-09,M029,42373
2025-02-09,M030,33589
2025-02-09,M031,23826
2025-02-09,M032,34370
2025-02-09,M033,47804
2025-02-09,M034,40708
2025-02-09,M035,57565
2025-02-09,M036,36730
2025-02-09,M037,36996
2025-02-09,M038,27747
2025-02-09,M039,43886
2025-02-09,M040,53526
2025-02-09,M041,56816
2025-02-09,M042,42412
2025-02-09,M043,36283
2025-02-09,M044,40971
2025-02-09,M045,65688
2025-02-09,M046,29225
2025-02-09,M047,45031
2025-02-09,M048,58091
2025-02-10,M001,7824
2025-02-10,M002,20013
2025-02-10,M003,18714
2025-02-10,M004,38204
2025-02-10,M005,25351
2025-02-10,M006,33891
2025-02-10,M007,25597
2025-02-10,M008,29695
2025-02-10,M009,18202
2025-02-10,M010,34257
2025-02-10,M011,22200
2025-02-10,M012,47484
2025-02-10,M013,19744
2025-02-10,M014,45430
2025-02-10,M015,23187
2025-02-10,M016,35506
2025-02-10,M017,23971
2025-02-10,M018,46283
2025-02-10,M019,29287
2025-02-10,M020,56668
2025-02-10,M021,22579
2025-02-10,M022,34713
2025-02-10,M023,29790
2025-02-10,M024,59417
2025-02-10,M025,27551
2025-02-10,M026,36062
2025-02-10,M027,35603
2025-02-10,M028,62259
2025-02-10,M029,24764
2025-02-10,M030,58023
2025-02-10,M031,23059
2025-02-10,M032,52950
2025-02-10,M033,31547
2025-02-10,M034,68802
2025-02-10,M035,59078
2025-02-10,M036,54743
2025-02-10,M037,20440
2025-02-10,M038,42806
2025-02-10,M039,44266
2025-02-10,M040,80635
2025-02-10,M041,31259
2025-02-10,M042,68108
2025-02-10,M043,30581
2025-02-10,M044,71899
2025-02-10,M045,38579
2025-02-10,M046,52955
2025-02-10,M047,42147
2025-02-10,M048,91318
2025-02-11,M001,10066
2025-02-11,M002,16419
2025-02-11,M003,25365
2025-02-11,M004,23033
2025-02-11,M005,36323
2025-02-11,M006,34504
2025-02-11,M007,34721
2025-02-11,M008,17826
2025-02-11,M009,25039
2025-02-11,M010,31647
2025-02-11,M011,30838
2025-02-11,M012,29746
2025-02-11,M013,28198
2025-02-11,M014,44411
2025-02-11,M015,31763
2025-02-11,M016,22399
2025-02-11,M017,32866
2025-02-11,M018,45626
2025-02-11,M019,36666
2025-02-11,M020,38876
2025-02-11,M021,33114
2025-02-11,M022,30135
2025-02-11,M023,39121
2025-02-11,M024,36859
2025-02-11,M025,36092
2025-02-11,M026,36628
2025-02-11,M027,45246
2025-02-11,M028,40683
2025-02-11,M029,37396
2025-02-11,M030,49979
2025-02-11,M031,31354
2025-02-11,M032,33805
2025-02-11,M033,41905
2025-02-11,M034,64363
2025-02-11,M035,74281
2025-02-11,M036,31829
2025-02-11,M037,27625
2025-02-11,M038,40048
2025-02-11,M039,58374
2025-02-11,M040,55076
2025-02-11,M041,44979
2025-02-11,M042,66349
2025-02-11,M043,44819
2025-02-11,M044,39689
2025-02-11,M045,53112
2025-02-11,M046,41908
2025-02-11,M047,57394
2025-02-11,M048,60085
2025-02-12,M001,15294
2025-02-12,M002,15903
2025-02-12,M003,20860
2025-02-12,M004,22510
2025-02-12,M005,48005
2025-02-12,M006,27858
2025-02-12,M007,28447
2025-02-12,M008,16546
2025-02-12,M009,34706
2025-02-12,M010,31710
2025-02-12,M011,25735
2025-02-12,M012,26416
2025-02-12,M013,40016
2025-02-12,M014,35269
2025-02-12,M015,29210
2025-02-12,M016,18347
2025-02-12,M017,43090
2025-02-12,M018,42512
2025-02-12,M019,33279
2025-02-12,M020,32131
2025-02-12,M021,40496
2025-02-12,M022,25090
2025-02-12,M023,38657
2025-02-12,M024,33752
2025-02-12,M025,50750
2025-02-12,M026,29579
2025-02-12,M027,43860
2025-02-12,M028,35434
2025-02-12,M029,51441
2025-02-12,M030,43823
2025-02-12,M031,27192
2025-02-12,M032,28362
2025-02-12,M033,57307
2025-02-12,M034,52161
2025-02-12,M035,73008
2025-02-12,M036,32413
2025-02-12,M037,36314
2025-02-12,M038,36582
2025-02-12,M039,48105
2025-02-12,M040,43452
2025-02-12,M041,58515
2025-02-12,M042,56476
2025-02-12,M043,41007
2025-02-12,M044,38774
2025-02-12,M045,71644
2025-02-12,M046,39449
2025-02-12,M047,48826
2025-02-12,M048,51987
2025-02-13,M001,13393
2025-02-13,M002,13177
2025-02-13,M003,21023
2025-02-13,M004,27307
2025-02-13,M005,44258
2025-02-13,M006,27119
2025-02-13,M007,30235
2025-02-13,M008,20880
2025-02-13,M009,31947
2025-02-13,M010,25361
2025-02-13,M011,27353
2025-02-13,M012,33622
2025-02-13,M013,37066
2025-02-13,M014,30577
2025-02-13,M015,27524
2025-02-13,M016,25731
2025-02-13,M017,39012
2025-02-13,M018,31273
2025-02-13,M019,30724
2025-02-13,M020,44012
2025-02-13,M021,40785
2025-02-13,M022,22203
2025-02-13,M023,37145
2025-02-13,M024,42398
2025-02-13,M025,47316
2025-02-13,M026,27950
2025-02-13,M027,42446
2025-02-13,M028,45783
2025-02-13,M029,50789
2025-02-13,M030,37018
2025-02-13,M031,29637
2025-02-13,M032,39519
2025-02-13,M033,54227
2025-02-13,M034,44870
2025-02-13,M035,66185
2025-02-13,M036,37324
2025-02-13,M037,36332
2025-02-13,M038,32360
2025-02-13,M039,49555
2025-02-13,M040,57791
2025-02-13,M041,55483
2025-02-13,M042,45644
2025-02-13,M043,40656
2025-02-13,M044,48003
2025-02-13,M045,71612
2025-02-13,M046,33816
2025-02-13,M047,56270
2025-02-13,M048,62035
2025-02-14,M001,7825
2025-02-14,M002,20159
2025-02-14,M003,19324
2025-02-14,M004,38947
2025-02-14,M005,23563
2025-02-14,M006,33610
2025-02-14,M007,22987
2025-02-14,M008,28263
2025-02-14,M009,17477
2025-02-14,M010,35036
2025-02-14,M011,23119
2025-02-14,M012,51716
2025-02-14,M013,21148
2025-02-14,M014,45946
2025-02-14,M015,24410
2025-02-14,M016,35013
2025-02-14,M017,20928
2025-02-14,M018,50305
2025-02-14,M019,26509
2025-02-14,M020,60150
2025-02-14,M021,24504
2025-02-14,M022,31478
2025-02-14,M023,29225
2025-02-14,M024,62292
2025-02-14,M025,27782
2025-02-14,M026,38614
2025-02-14,M027,34803
2025-02-14,M028,65381
2025-02-14,M029,25854
2025-02-14,M030,59785
2025-02-14,M031,25151
2025-02-14,M032,55101
2025-02-14,M033,30705
2025-02-14,M034,60705
2025-02-14,M035,60794
2025-02-14,M036,57339
2025-02-14,M037,22941
2025-02-14,M038,44309
2025-02-14,M039,41513
2025-02-14,M040,86190
2025-02-14,M041,35766
2025-02-14,M042,64514
2025-02-14,M043,32208
2025-02-14,M044,64519
2025-02-14,M045,41103
2025-02-14,M046,45433
2025-02-14,M047,45689
2025-02-14,M048,87288
2025-02-15,M001,9533
2025-02-15,M002,15474
2025-02-15,M003,23668
2025-02-15,M004,23277
2025-02-15,M005,28883
2025-02-15,M006,28707
2025-02-15,M007,28778
2025-02-15,M008,15084
2025-02-15,M009,23034
2025-02-15,M010,28685
2025-02-15,M011,28259
2025-02-15,M012,25457
2025-02-15,M013,27942
2025-02-15,M014,34642
2025-02-15,M015,30650
2025-02-15,M016,20265
2025-02-15,M017,27402
2025-02-15,M018,36925
2025-02-15,M019,32519
2025-02-15,M020,32946
2025-02-15,M021,28084
2025-02-15,M022,28587
2025-02-15,M023,37122
2025-02-15,M024,35863
2025-02-15,M025,31421
2025-02-15,M026,34301
2025-02-15,M027,42070
2025-02-15,M028,38891
2025-02-15,M029,32887
2025-02-15,M030,45773
2025-02-15,M031,30251
2025-02-15,M032,27302
2025-02-15,M033,37982
2025-02-15,M034,52775
2025-02-15,M035,66095
2025-02-15,M036,30473
2025-02-15,M037,24760
2025-02-15,M038,39037
2025-02-15,M039,52054
2025-02-15,M040,48816
2025-02-15,M041,43148
2025-02-15,M042,57888
2025-02-15,M043,39113
2025-02-15,M044,37646
2025-02-15,M045,52105
2025-02-15,M046,41693
2025-02-15,M047,52766
2025-02-15,M048,51589
2025-02-16,M001,12662
2025-02-16,M002,14576
2025-02-16,M003,18630
2025-02-16,M004,20869
2025-02-16,M005,40576
2025-02-16,M006,25272
2025-02-16,M007,25939
2025-02-16,M008,13510
2025-02-16,M009,29296
2025-02-16,M010,24911
2025-02-16,M011,23943
2025-02-16,M012,22472
2025-02-16,M013,33167
2025-02-16,M014,32186
2025-02-16,M015,24841
2025-02-16,M016,16954
2025-02-16,M017,35174
2025-02-16,M018,34181
2025-02-16,M019,28860
2025-02-16,M020,31374
2025-02-16,M021,35711
2025-02-16,M022,23944
2025-02-16,M023,34803
2025-02-16,M024,33185
2025-02-16,M025,43644
2025-02-16,M026,28344
2025-02-16,M027,40373
2025-02-16,M028,35034
2025-02-16,M029,46822
2025-02-16,M030,40311
2025-02-16,M031,25455
2025-02-16,M032,26248
2025-02-16,M033,52532
2025-02-16,M034,46652
2025-02-16,M035,65860
2025-02-16,M036,26002
2025-02-16,M037,33554
2025-02-16,M038,32578
2025-02-16,M039,46058
2025-02-16,M040,38880
2025-02-16,M041,54826
2025-02-16,M042,54801
2025-02-16,M043,36526
2025-02-16,M044,34318
2025-02-16,M045,62028
2025-02-16,M046,37607
2025-02-16,M047,45062
2025-02-16,M048,43434
2025-02-17,M001,13740
2025-02-17,M002,13292
2025-02-17,M003,21997
2025-02-17,M004,26841
2025-02-17,M005,43971
2025-02-17,M006,26834
2025-02-17,M007,28916
2025-02-17,M008,22081
2025-02-17,M009,33589
2025-02-17,M010,23232
2025-02-17,M011,28069
2025-02-17,M012,33829
2025-02-17,M013,40289
2025-02-17,M014,29465
2025-02-17,M015,28155
2025-02-17,M016,26541
2025-02-17,M017,40651
2025-02-17,M018,34772
2025-02-17,M019,31082
2025-02-17,M020,40707
2025-02-17,M021,43774
2025-02-17,M022,21163
2025-02-17,M023,33486
2025-02-17,M024,48522
2025-02-17,M025,46524
2025-02-17,M026,26529
2025-02-17,M027,43735
2025-02-17,M028,50353
2025-02-17,M029,45211
2025-02-17,M030,40410
2025-02-17,M031,26364
2025-02-17,M032,37714
2025-02-17,M033,52681
2025-02-17,M034,44441
2025-02-17,M035,71170
2025-02-17,M036,38176
2025-02-17,M037,40810
2025-02-17,M038,29446
2025-02-17,M039,45681
2025-02-17,M040,57610
2025-02-17,M041,58330
2025-02-17,M042,48690
2025-02-17,M043,40498
2025-02-17,M044,50180
2025-02-17,M045,71236
2025-02-17,M046,33337
2025-02-17,M047,50480
2025-02-17,M048,66363
2025-02-18,M001,8545
2025-02-18,M002,20097
2025-02-18,M003,19718
2025-02-18,M004,39773
2025-02-18,M005,26533
2025-02-18,M006,33470
2025-02-18,M007,23676
2025-02-18,M008,30376
2025-02-18,M009,17786
2025-02-18,M010,38073
2025-02-18,M011,23463
2025-02-18,M012,44672
2025-02-18,M013,20073
2025-02-18,M014,43118
2025-02-18,M015,22939
2025-02-18,M016,34213
2025-02-18,M017,20973
2025-02-18,M018,47792
2025-02-18,M019,28510
2025-02-18,M020,60597
2025-02-18,M021,23052
2025-02-18,M022,31323
2025-02-18,M023,28681
2025-02-18,M024,64486
2025-02-18,M025,25512
2025-02-18,M026,39964
2025-02-18,M027,36331
2025-02-18,M028,70847
2025-02-18,M029,25018
2025-02-18,M030,54637
2025-02-18,M031,22795
2025-02-18,M032,55627
2025-02-18,M033,29670
2025-02-18,M034,66876
2025-02-18,M035,53311
2025-02-18,M036,56611
2025-02-18,M037,22445
2025-02-18,M038,43662
2025-02-18,M039,43260
2025-02-18,M040,80671
2025-02-18,M041,32638
2025-02-18,M042,69235
2025-02-18,M043,32170
2025-02-18,M044,62720
2025-02-18,M045,40041
2025-02-18,M046,51713
2025-02-18,M047,43928
2025-02-18,M048,88462
2025-02-19,M001,11257
2025-02-19,M002,17048
2025-02-19,M003,23787
2025-02-19,M004,24910
2025-02-19,M005,35654
2025-02-19,M006,34236
2025-02-19,M007,34551
2025-02-19,M008,16929
2025-02-19,M009,24208
2025-02-19,M010,30741
2025-02-19,M011,28016
2025-02-19,M012,29013
2025-02-19,M013,27153
2025-02-19,M014,45019
2025-02-19,M015,32746
2025-02-19,M016,22227
2025-02-19,M017,32264
2025-02-19,M018,42806
2025-02-19,M019,36241
2025-02-19,M020,38136
2025-02-19,M021,34789
2025-02-19,M022,27875
2025-02-19,M023,43165
2025-02-19,M024,41346
2025-02-19,M025,36687
2025-02-19,M026,35709
2025-02-19,M027,45181
2025-02-19,M028,37579
2025-02-19,M029,34610
2025-02-19,M030,52437
2025-02-19,M031,30943
2025-02-19,M032,31018
2025-02-19,M033,39469
2025-02-19,M034,57336
2025-02-19,M035,73775
2025-02-19,M036,35339
2025-02-19,M037,29494
2025-02-19,M038,40293
2025-02-19,M039,51338
2025-02-19,M040,52303
2025-02-19,M041,47205
2025-02-19,M042,66965
2025-02-19,M043,46709
2025-02-19,M044,39610
2025-02-19,M045,50533
2025-02-19,M046,44849
2025-02-19,M047,64652
2025-02-19,M048,55534
2025-02-20,M001,13596
2025-02-20,M002,14651
2025-02-20,M003,21014
2025-02-20,M004,24104
2025-02-20,M005,45293
2025-02-20,M006,30333
2025-02-20,M007,28802
2025-02-20,M008,15341
2025-02-20,M009,33409
2025-02-20,M010,27483
2025-02-20,M011,27637
2025-02-20,M012,28538
2025-02-20,M013,36691
2025-02-20,M014,40057
2025-02-20,M015,29716
2025-02-20,M016,20489
2025-02-20,M017,41461
2025-02-20,M018,37468
2025-02-20,M019,32979
2025-02-20,M020,34189
2025-02-20,M021,44490
2025-02-20,M022,26821
2025-02-20,M023,33648
2025-02-20,M024,33440
2025-02-20,M025,49354
2025-02-20,M026,31396
2025-02-20,M027,45664
2025-02-20,M028,38531
2025-02-20,M029,48790
2025-02-20,M030,43864
2025-02-20,M031,27845
2025-02-20,M032,27978
2025-02-20,M033,53596
2025-02-20,M034,52285
2025-02-20,M035,67550
2025-02-20,M036,28136
2025-02-20,M037,39391
2025-02-20,M038,36095
2025-02-20,M039,49615
2025-02-20,M040,49032
2025-02-20,M041,65216
2025-02-20,M042,59828
2025-02-20,M043,37749
2025-02-20,M044,39240
2025-02-20,M045,70547
2025-02-20,M046,38249
2025-02-20,M047,53352
2025-02-20,M048,49177
2025-02-21,M001,15360
2025-02-21,M002,13616
2025-02-21,M003,22013
2025-02-21,M004,30818
2025-02-21,M005,46080
2025-02-21,M006,23642
2025-02-21,M007,28319
2025-02-21,M008,21131
2025-02-21,M009,32758
2025-02-21,M010,25358
2025-02-21,M011,27038
2025-02-21,M012,32845
2025-02-21,M013,39328
2025-02-21,M014,33423
2025-02-21,M015,29747
2025-02-21,M016,26042
2025-02-21,M017,40917
2025-02-21,M018,35093
2025-02-21,M019,33815
2025-02-21,M020,43495
2025-02-21,M021,41405
2025-02-21,M022,23653
2025-02-21,M023,32898
2025-02-21,M024,47719
2025-02-21,M025,44963
2025-02-21,M026,26664
2025-02-21,M027,41392
2025-02-21,M028,43456
2025-02-21,M029,48465
2025-02-21,M030,41410
2025-02-21,M031,26710
2025-02-21,M032,36077
2025-02-21,M033,53351
2025-02-21,M034,43083
2025-02-21,M035,64226
2025-02-21,M036,36891
2025-02-21,M037,37086
2025-02-21,M038,32197
2025-02-21,M039,52291
2025-02-21,M040,60011
2025-02-21,M041,62965
2025-02-21,M042,47423
2025-02-21,M043,39551
2025-02-21,M044,46494
2025-02-21,M045,74992
2025-02-21,M046,34442
2025-02-21,M047,50156
2025-02-21,M048,63504
2025-02-22,M001,7028
2025-02-22,M002,16199
2025-02-22,M003,17730
2025-02-22,M004,37900
2025-02-22,M005,21022
2025-02-22,M006,33759
2025-02-22,M007,21330
2025-02-22,M008,27508
2025-02-22,M009,17637
2025-02-22,M010,31185
2025-02-22,M011,21076
2025-02-22,M012,46408
2025-02-22,M013,17895
2025-02-22,M014,42384
2025-02-22,M015,21626
2025-02-22,M016,31144
2025-02-22,M017,19956
2025-02-22,M018,41366
2025-02-22,M019,26945
2025-02-22,M020,53185
2025-02-22,M021,20613
2025-02-22,M022,31218
2025-02-22,M023,25978
2025-02-22,M024,58711
2025-02-22,M025,23545
2025-02-22,M026,35212
2025-02-22,M027,33004
2025-02-22,M028,57385
2025-02-22,M029,23619
2025-02-22,M030,47014
2025-02-22,M031,21026
2025-02-22,M032,43442
2025-02-22,M033,30018
2025-02-22,M034,60206
2025-02-22,M035,51913
2025-02-22,M036,52668
2025-02-22,M037,19701
2025-02-22,M038,40156
2025-02-22,M039,36279
2025-02-22,M040,80013
2025-02-22,M041,30035
2025-02-22,M042,60854
2025-02-22,M043,30450
2025-02-22,M044,56327
2025-02-22,M045,37145
2025-02-22,M046,47605
2025-02-22,M047,37608
2025-02-22,M048,76316
2025-02-23,M001,10462
2025-02-23,M002,16480
2025-02-23,M003,23109
2025-02-23,M004,21049
2025-02-23,M005,30536
2025-02-23,M006,27553
2025-02-23,M007,27429
2025-02-23,M008,15919
2025-02-23,M009,21689
2025-02-23,M010,31424
2025-02-23,M011,26096
2025-02-23,M012,26093
2025-02-23,M013,24023
2025-02-23,M014,39848
2025-02-23,M015,31492
2025-02-23,M016,19157
2025-02-23,M017,28458
2025-02-23,M018,41133
2025-02-23,M019,31816
2025-02-23,M020,32790
2025-02-23,M021,28785
2025-02-23,M022,28664
2025-02-23,M023,39617
2025-02-23,M024,32738
2025-02-23,M025,32554
2025-02-23,M026,33088
2025-02-23,M027,44081
2025-02-23,M028,38531
2025-02-23,M029,30967
2025-02-23,M030,48443
2025-02-23,M031,30125
2025-02-23,M032,29304
2025-02-23,M033,35658
2025-02-23,M034,52394
2025-02-23,M035,75745
2025-02-23,M036,31163
2025-02-23,M037,27086
2025-02-23,M038,40317
2025-02-23,M039,48939
2025-02-23,M040,49410
2025-02-23,M041,43670
2025-02-23,M042,53452
2025-02-23,M043,39975
2025-02-23,M044,39606
2025-02-23,M045,47876
2025-02-23,M046,41822
2025-02-23,M047,53796
2025-02-23,M048,48365
2025-02-24,M001,13767
2025-02-24,M002,15126
2025-02-24,M003,22975
2025-02-24,M004,21190
2025-02-24,M005,42836
2025-02-24,M006,29935
2025-02-24,M007,29715
2025-02-24,M008,15920
2025-02-24,M009,31599
2025-02-24,M010,28537
2025-02-24,M011,27722
2025-02-24,M012,25416
2025-02-24,M013,35969
2025-02-24,M014,35815
2025-02-24,M015,28143
2025-02-24,M016,21443
2025-02-24,M017,40705
2025-02-24,M018,36977
2025-02-24,M019,35421
2025-02-24,M020,34630
2025-02-24,M021,40356
2025-02-24,M022,27686
2025-02-24,M023,34092
2025-02-24,M024,37493
2025-02-24,M025,51887
2025-02-24,M026,30705
2025-02-24,M027,40277
2025-02-24,M028,38314
2025-02-24,M029,48611
2025-02-24,M030,45380
2025-02-24,M031,27096
2025-02-24,M032,30845
2025-02-24,M033,60915
2025-02-24,M034,56116
2025-02-24,M035,72149
2025-02-24,M036,30673
2025-02-24,M037,40903
2025-02-24,M038,38073
2025-02-24,M039,47728
2025-02-24,M040,46462
2025-02-24,M041,64227
2025-02-24,M042,61310
2025-02-24,M043,40559
2025-02-24,M044,38629
2025-02-24,M045,67766
2025-02-24,M046,42597
2025-02-24,M047,54375
2025-02-24,M048,52502
2025-02-25,M001,15115
2025-02-25,M002,13660
2025-02-25,M003,21470
2025-02-25,M004,26976
2025-02-25,M005,42883
2025-02-25,M006,24010
2025-02-25,M007,28712
2025-02-25,M008,20311
2025-02-25,M009,30928
2025-02-25,M010,26041
2025-02-25,M011,26317
2025-02-25,M012,31940
2025-02-25,M013,35032
2025-02-25,M014,31111
2025-02-25,M015,30694
2025-02-25,M016,25118
2025-02-25,M017,38317
2025-02-25,M018,35011
2025-02-25,M019,35385
2025-02-25,M020,44900
2025-02-25,M021,41417
2025-02-25,M022,24275
2025-02-25,M023,34701
2025-02-25,M024,46543
2025-02-25,M025,52561
2025-02-25,M026,25103
2025-02-25,M027,43397
2025-02-25,M028,50283
2025-02-25,M029,44585
2025-02-25,M030,41637
2025-02-25,M031,30513
2025-02-25,M032,36141
2025-02-25,M033,58646
2025-02-25,M034,45107
2025-02-25,M035,64667
2025-02-25,M036,35932
2025-02-25,M037,38673
2025-02-25,M038,31461
2025-02-25,M039,46567
2025-02-25,M040,62883
2025-02-25,M041,63793
2025-02-25,M042,48344
2025-02-25,M043,35916
2025-02-25,M044,45561
2025-02-25,M045,70145
2025-02-25,M046,36764
2025-02-25,M047,49692
2025-02-25,M048,60402
2025-02-26,M001,7880
2025-02-26,M002,18270
2025-02-26,M003,18820
2025-02-26,M004,40607
2025-02-26,M005,24011
2025-02-26,M006,37449
2025-02-26,M007,25016
2025-02-26,M008,30454
2025-02-26,M009,17545
2025-02-26,M010,38554
2025-02-26,M011,20793
2025-02-26,M012,46410
2025-02-26,M013,21753
2025-02-26,M014,44720
2025-02-26,M015,25929
2025-02-26,M016,35142
2025-02-26,M017,21893
2025-02-26,M018,46927
2025-02-26,M019,26316
2025-02-26,M020,61290
2025-02-26,M021,24056
2025-02-26,M022,30173
2025-02-26,M023,32256
2025-02-26,M024,65919
2025-02-26,M025,27739
2025-02-26,M026,41847
2025-02-26,M027,33417
2025-02-26,M028,68048
2025-02-26,M029,25217
2025-02-26,M030,59685
2025-02-26,M031,25652
2025-02-26,M032,52168
2025-02-26,M033,32624
2025-02-26,M034,63719
2025-02-26,M035,56574
2025-02-26,M036,53542
2025-02-26,M037,19811
2025-02-26,M038,47989
2025-02-26,M039,39465
2025-02-26,M040,78939
2025-02-26,M041,30688
2025-02-26,M042,68468
2025-02-26,M043,33172
2025-02-26,M044,61640
2025-02-26,M045,36730
2025-02-26,M046,46196
2025-02-26,M047,46702
2025-02-26,M048,84692
2025-02-27,M001,10593
2025-02-27,M002,16336
2025-02-27,M003,25705
2025-02-27,M004,22895
2025-02-27,M005,36802
2025-02-27,M006,32067
2025-02-27,M007,34394
2025-02-27,M008,18884
2025-02-27,M009,26565
2025-02-27,M010,34989
2025-02-27,M011,28212
2025-02-27,M012,27234
2025-02-27,M013,29599
2025-02-27,M014,44844
2025-02-27,M015,35624
2025-02-27,M016,20433
2025-02-27,M017,30870
2025-02-27,M018,43928
2025-02-27,M019,37305
2025-02-27,M020,34273
2025-02-27,M021,33685
2025-02-27,M022,28424
2025-02-27,M023,43196
2025-02-27,M024,40687
2025-02-27,M025,39988
2025-02-27,M026,34358
2025-02-27,M027,50842
2025-02-27,M028,37774
2025-02-27,M029,34934
2025-02-27,M030,53394
2025-02-27,M031,35365
2025-02-27,M032,32955
2025-02-27,M033,44771
2025-02-27,M034,58080
2025-02-27,M035,78596
2025-02-27,M036,33448
2025-02-27,M037,30991
2025-02-27,M038,44745
2025-02-27,M039,59325
2025-02-27,M040,51150
2025-02-27,M041,44959
2025-02-27,M042,68075
2025-02-27,M043,40042
2025-02-27,M044,43109
2025-02-27,M045,57084
2025-02-27,M046,46208
2025-02-27,M047,59347
2025-02-27,M048,58343
2025-02-28,M001,14722
2025-02-28,M002,14450
2025-02-28,M003,23167
2025-02-28,M004,20590
2025-02-28,M005,42712
2025-02-28,M006,28640
2025-02-28,M007,27900
2025-02-28,M008,14735
2025-02-28,M009,35263
2025-02-28,M010,27860
2025-02-28,M011,27958
2025-02-28,M012,26558
2025-02-28,M013,38516
2025-02-28,M014,37958
2025-02-28,M015,31125
2025-02-28,M016,19838
2025-02-28,M017,38533
2025-02-28,M018,38882
2025-02-28,M019,32364
2025-02-28,M020,30967
2025-02-28,M021,45885
2025-02-28,M022,25115
2025-02-28,M023,35228
2025-02-28,M024,36550
2025-02-28,M025,50277
2025-02-28,M026,31382
2025-02-28,M027,44070
2025-02-28,M028,33699
2025-02-28,M029,49072
2025-02-28,M030,44293
2025-02-28,M031,27112
2025-02-28,M032,29811
2025-02-28,M033,55784
2025-02-28,M034,53260
2025-02-28,M035,64860
2025-02-28,M036,32853
2025-02-28,M037,40505
2025-02-28,M038,39010
2025-02-28,M039,50172
2025-02-28,M040,44355
2025-02-28,M041,57663
2025-02-28,M042,54967
2025-02-28,M043,38598
2025-02-28,M044,38639
2025-02-28,M045,71981
2025-02-28,M046,39854
2025-02-28,M047,56566
2025-02-28,M048,49154
2025-03-01,M001,13285
2025-03-01,M002,11236
2025-03-01,M003,20967
2025-03-01,M004,27429
2025-03-01,M005,42890
2025-03-01,M006,24419
2025-03-01,M007,26540
2025-03-01,M008,18523
2025-03-01,M009,28491
2025-03-01,M010,24174
2025-03-01,M011,24339
2025-03-01,M012,33212
2025-03-01,M013,34050
2025-03-01,M014,29655
2025-03-01,M015,24975
2025-03-01,M016,22046
2025-03-01,M017,38333
2025-03-01,M018,29648
2025-03-01,M019,31666
2025-03-01,M020,39186
2025-03-01,M021,41432
2025-03-01,M022,22442
2025-03-01,M023,34085
2025-03-01,M024,44934
2025-03-01,M025,47403
2025-03-01,M026,24589
2025-03-01,M027,39138
2025-03-01,M028,40562
2025-03-01,M029,43653
2025-03-01,M030,37324
2025-03-01,M031,27049
2025-03-01,M032,31759
2025-03-01,M033,51745
2025-03-01,M034,45068
2025-03-01,M035,59920
2025-03-01,M036,35514
2025-03-01,M037,34543
2025-03-01,M038,30300
2025-03-01,M039,43204
2025-03-01,M040,57765
2025-03-01,M041,52418
2025-03-01,M042,47683
2025-03-01,M043,34611
2025-03-01,M044,41257
2025-03-01,M045,62907
2025-03-01,M046,33829
2025-03-01,M047,51455
2025-03-01,M048,59822
2025-03-02,M001,7480
2025-03-02,M002,18261
2025-03-02,M003,17786
2025-03-02,M004,38060
2025-03-02,M005,24370
2025-03-02,M006,33540
2025-03-02,M007,22131
2025-03-02,M008,27205
2025-03-02,M009,17475
2025-03-02,M010,33559
2025-03-02,M011,21297
2025-03-02,M012,44129
2025-03-02,M013,19179
2025-03-02,M014,38888
2025-03-02,M015,21131
2025-03-02,M016,31631
2025-03-02,M017,20493
2025-03-02,M018,45471
2025-03-02,M019,27581
2025-03-02,M020,54311
2025-03-02,M021,22537
2025-03-02,M022,30483
2025-03-02,M023,26461
2025-03-02,M024,59465
2025-03-02,M025,25936
2025-03-02,M026,36595
2025-03-02,M027,31504
2025-03-02,M028,61153
2025-03-02,M029,23668
2025-03-02,M030,53790
2025-03-02,M031,20607
2025-03-02,M032,50938
2025-03-02,M033,27136
2025-03-02,M034,63534
2025-03-02,M035,54519
2025-03-02,M036,54401
2025-03-02,M037,19608
2025-03-02,M038,42484
2025-03-02,M039,39968
2025-03-02,M040,73966
2025-03-02,M041,28897
2025-03-02,M042,62255
2025-03-02,M043,31885
2025-03-02,M044,63678
2025-03-02,M045,37417
2025-03-02,M046,45450
2025-03-02,M047,43753
2025-03-02,M048,79089
2025-03-03,M001,10387
2025-03-03,M002,17890
2025-03-03,M003,24613
2025-03-03,M004,25379
2025-03-03,M005,34298
2025-03-03,M006,35805
2025-03-03,M007,32219
2025-03-03,M008,17194
2025-03-03,M009,26375
2025-03-03,M010,34205
2025-03-03,M011,32807
2025-03-03,M012,30924
2025-03-03,M013,27956
2025-03-03,M014,44835
2025-03-03,M015,35669
2025-03-03,M016,24002
2025-03-03,M017,33178
2025-03-03,M018,43544
2025-03-03,M019,41701
2025-03-03,M020,37116
2025-03-03,M021,30772
2025-03-03,M022,30365
2025-03-03,M023,39529
2025-03-03,M024,40905
2025-03-03,M025,40691
2025-03-03,M026,36827
2025-03-03,M027,52647
2025-03-03,M028,44299
2025-03-03,M029,38514
2025-03-03,M030,50083
2025-03-03,M031,35153
2025-03-03,M032,32050
2025-03-03,M033,41200
2025-03-03,M034,59946
2025-03-03,M035,79393
2025-03-03,M036,35900
2025-03-03,M037,32334
2025-03-03,M038,44794
2025-03-03,M039,56256
2025-03-03,M040,51496
2025-03-03,M041,48931
2025-03-03,M042,68276
2025-03-03,M043,45314
2025-03-03,M044,38821
2025-03-03,M045,51709
2025-03-03,M046,45970
2025-03-03,M047,56925
2025-03-03,M048,53354
2025-03-04,M001,15900
2025-03-04,M002,16243
2025-03-04,M003,22469
2025-03-04,M004,23568
2025-03-04,M005,43768
2025-03-04,M006,32589
2025-03-04,M007,31234
2025-03-04,M008,16641
2025-03-04,M009,32610
2025-03-04,M010,29420
2025-03-04,M011,26228
2025-03-04,M012,26381
2025-03-04,M013,42059
2025-03-04,M014,39385
2025-03-04,M015,31140
2025-03-04,M016,21688
2025-03-04,M017,42614
2025-03-04,M018,41175
2025-03-04,M019,35439
2025-03-04,M020,33538
2025-03-04,M021,41466
2025-03-04,M022,29070
2025-03-04,M023,34813
2025-03-04,M024,35555
2025-03-04,M025,48895
2025-03-04,M026,34702
2025-03-04,M027,44201
2025-03-04,M028,38502
2025-03-04,M029,49798
2025-03-04,M030,48571
2025-03-04,M031,29761
2025-03-04,M032,30848
2025-03-04,M033,57408
2025-03-04,M034,59011
2025-03-04,M035,67229
2025-03-04,M036,30679
2025-03-04,M037,38915
2025-03-04,M038,40779
2025-03-04,M039,48646
2025-03-04,M040,49614
2025-03-04,M041,62299
2025-03-04,M042,62137
2025-03-04,M043,40079
2025-03-04,M044,38782
2025-03-04,M045,72330
2025-03-04,M046,41543
2025-03-04,M047,53674
2025-03-04,M048,52878
2025-03-05,M001,14256
2025-03-05,M002,14186
2025-03-05,M003,23422
2025-03-05,M004,30729
2025-03-05,M005,47428
2025-03-05,M006,27712
2025-03-05,M007,28566
2025-03-05,M008,19611
2025-03-05,M009,32584
2025-03-05,M010,27022
2025-03-05,M011,25505
2025-03-05,M012,34394
2025-03-05,M013,37756
2025-03-05,M014,30276
2025-03-05,M015,30132
2025-03-05,M016,26353
2025-03-05,M017,40708
2025-03-05,M018,35259
2025-03-05,M019,32890
2025-03-05,M020,42719
2025-03-05,M021,42376
2025-03-05,M022,22457
2025-03-05,M023,33924
2025-03-05,M024,48085
2025-03-05,M025,46896
2025-03-05,M026,27088
2025-03-05,M027,45448
2025-03-05,M028,46417
2025-03-05,M029,47480
2025-03-05,M030,41184
2025-03-05,M031,28757
2025-03-05,M032,40334
2025-03-05,M033,54677
2025-03-05,M034,48050
2025-03-05,M035,74969
2025-03-05,M036,40779
2025-03-05,M037,37521
2025-03-05,M038,32461
2025-03-05,M039,46864
2025-03-05,M040,60127
2025-03-05,M041,57078
2025-03-05,M042,46882
2025-03-05,M043,36718
2025-03-05,M044,50240
2025-03-05,M045,70906
2025-03-05,M046,33114
2025-03-05,M047,50232
2025-03-05,M048,61982
2025-03-06,M001,8784
2025-03-06,M002,18278
2025-03-06,M003,18254
2025-03-06,M004,41444
2025-03-06,M005,25998
2025-03-06,M006,37966
2025-03-06,M007,23228
2025-03-06,M008,29927
2025-03-06,M009,19149
2025-03-06,M010,38376
2025-03-06,M011,21839
2025-03-06,M012,45930
2025-03-06,M013,22175
2025-03-06,M014,49468
2025-03-06,M015,26927
2025-03-06,M016,36161
2025-03-06,M017,22227
2025-03-06,M018,51551
2025-03-06,M019,28538
2025-03-06,M020,55855
2025-03-06,M021,22725
2025-03-06,M022,35782
2025-03-06,M023,32269
2025-03-06,M024,64516
2025-03-06,M025,27142
2025-03-06,M026,41317
2025-03-06,M027,35732
2025-03-06,M028,63059
2025-03-06,M029,28445
2025-03-06,M030,56155
2025-03-06,M031,26551
2025-03-06,M032,49691
2025-03-06,M033,30660
2025-03-06,M034,68030
2025-03-06,M035,59495
2025-03-06,M036,53146
2025-03-06,M037,20821
2025-03-06,M038,48172
2025-03-06,M039,40971
2025-03-06,M040,87470
2025-03-06,M041,34132
2025-03-06,M042,74390
2025-03-06,M043,34030
2025-03-06,M044,70788
2025-03-06,M045,38593
2025-03-06,M046,51568
2025-03-06,M047,41855
2025-03-06,M048,95649
2025-03-07,M001,10866
2025-03-07,M002,17100
2025-03-07,M003,25181
2025-03-07,M004,27368
2025-03-07,M005,32354
2025-03-07,M006,32644
2025-03-07,M007,35625
2025-03-07,M008,18101
2025-03-07,M009,25509
2025-03-07,M010,32219
2025-03-07,M011,29411
2025-03-07,M012,32045
2025-03-07,M013,29621
2025-03-07,M014,42565
2025-03-07,M015,34019
2025-03-07,M016,21924
2025-03-07,M017,30061
2025-03-07,M018,45577
2025-03-07,M019,40163
2025-03-07,M020,36686
2025-03-07,M021,34587
2025-03-07,M022,30124
2025-03-07,M023,41140
2025-03-07,M024,37480
2025-03-07,M025,39978
2025-03-07,M026,38963
2025-03-07,M027,51352
2025-03-07,M028,38482
2025-03-07,M029,38988
2025-03-07,M030,54442
2025-03-07,M031,34344
2025-03-07,M032,30917
2025-03-07,M033,46769
2025-03-07,M034,63706
2025-03-07,M035,74105
2025-03-07,M036,34829
2025-03-07,M037,31581
2025-03-07,M038,44122
2025-03-07,M039,60918
2025-03-07,M040,56517
2025-03-07,M041,45346
2025-03-07,M042,63119
2025-03-07,M043,47372
2025-03-07,M044,42828
2025-03-07,M045,58268
2025-03-07,M046,44413
2025-03-07,M047,61242
2025-03-07,M048,60268
2025-03-08,M001,12578
2025-03-08,M002,14328
2025-03-08,M003,21119
2025-03-08,M004,20497
2025-03-08,M005,39047
2025-03-08,M006,27930
2025-03-08,M007,24412
2025-03-08,M008,15016
2025-03-08,M009,31540
2025-03-08,M010,27537
2025-03-08,M011,23569
2025-03-08,M012,23936
2025-03-08,M013,35104
2025-03-08,M014,36426
2025-03-08,M015,25257
2025-03-08,M016,17996
2025-03-08,M017,38882
2025-03-08,M018,36876
2025-03-08,M019,30340
2025-03-08,M020,31345
2025-03-08,M021,39589
2025-03-08,M022,25644
2025-03-08,M023,32861
2025-03-08,M024,30326
2025-03-08,M025,45207
2025-03-08,M026,29260
2025-03-08,M027,40227
2025-03-08,M028,32579
2025-03-08,M029,42420
2025-03-08,M030,43551
2025-03-08,M031,28497
2025-03-08,M032,27727
2025-03-08,M033,53865
2025-03-08,M034,52121
2025-03-08,M035,68157
2025-03-08,M036,29123
2025-03-08,M037,36360
2025-03-08,M038,33203
2025-03-08,M039,47498
2025-03-08,M040,42405
2025-03-08,M041,56500
2025-03-08,M042,52450
2025-03-08,M043,33549
2025-03-08,M044,32917
2025-03-08,M045,63499
2025-03-08,M046,35969
2025-03-08,M047,51702
2025-03-08,M048,48874
2025-03-09,M001,12331
2025-03-09,M002,12155
2025-03-09,M003,20161
2025-03-09,M004,28568
2025-03-09,M005,40996
2025-03-09,M006,23974
2025-03-09,M007,25072
2025-03-09,M008,18102
2025-03-09,M009,31866
2025-03-09,M010,23324
2025-03-09,M011,25560
2025-03-09,M012,30047
2025-03-09,M013,33207
2025-03-09,M014,31444
2025-03-09,M015,27855
2025-03-09,M016,24146
2025-03-09,M017,38239
2025-03-09,M018,32439
2025-03-09,M019,30667
2025-03-09,M020,41168
2025-03-09,M021,41157
2025-03-09,M022,22545
2025-03-09,M023,31336
2025-03-09,M024,40124
2025-03-09,M025,46493
2025-03-09,M026,26611
2025-03-09,M027,39142
2025-03-09,M028,43124
2025-03-09,M029,44703
2025-03-09,M030,38688
2025-03-09,M031,27049
2025-03-09,M032,34080
2025-03-09,M033,50426
2025-03-09,M034,40536
2025-03-09,M035,61656
2025-03-09,M036,37121
2025-03-09,M037,33848
2025-03-09,M038,30042
2025-03-09,M039,42545
2025-03-09,M040,56282
2025-03-09,M041,51914
2025-03-09,M042,47706
2025-03-09,M043,33480
2025-03-09,M044,43763
2025-03-09,M045,61743
2025-03-09,M046,32348
2025-03-09,M047,50684
2025-03-09,M048,61060
2025-03-10,M001,8668
2025-03-10,M002,19241
2025-03-10,M003,19259
2025-03-10,M004,40253
2025-03-10,M005,26244
2025-03-10,M006,35182
2025-03-10,M007,22774
2025-03-10,M008,29357
2025-03-10,M009,19124
2025-03-10,M010,36173
2025-03-10,M011,24275
2025-03-10,M012,48612
2025-03-10,M013,21004
2025-03-10,M014,46512
2025-03-10,M015,25511
2025-03-10,M016,34227
2025-03-10,M017,22023
2025-03-10,M018,48352
2025-03-10,M019,29463
2025-03-10,M020,57054
2025-03-10,M021,25695
2025-03-10,M022,35689
2025-03-10,M023,30626
2025-03-10,M024,64882
2025-03-10,M025,28659
2025-03-10,M026,40288
2025-03-10,M027,33643
2025-03-10,M028,67442
2025-03-10,M029,28707
2025-03-10,M030,53055
2025-03-10,M031,24981
2025-03-10,M032,51791
2025-03-10,M033,33978
2025-03-10,M034,71355
2025-03-10,M035,56992
2025-03-10,M036,57341
2025-03-10,M037,22027
2025-03-10,M038,47683
2025-03-10,M039,43117
2025-03-10,M040,82437
2025-03-10,M041,32600
2025-03-10,M042,70284
2025-03-10,M043,32191
2025-03-10,M044,68316
2025-03-10,M045,41876
2025-03-10,M046,52251
2025-03-10,M047,45382
2025-03-10,M048,86875
2025-03-11,M001,10306
2025-03-11,M002,17214
2025-03-11,M003,25575
2025-03-11,M004,25351
2025-03-11,M005,34347
2025-03-11,M006,35349
2025-03-11,M007,32575
2025-03-11,M008,18821
2025-03-11,M009,25680
2025-03-11,M010,35330
2025-03-11,M011,31174
2025-03-11,M012,28875
2025-03-11,M013,28520
2025-03-11,M014,40353
2025-03-11,M015,31998
2025-03-11,M016,22176
2025-03-11,M017,31926
2025-03-11,M018,45513
2025-03-11,M019,41985
2025-03-11,M020,38361
2025-03-11,M021,31594
2025-03-11,M022,32332
2025-03-11,M023,41261
2025-03-11,M024,41381
2025-03-11,M025,38291
2025-03-11,M026,38231
2025-03-11,M027,51487
2025-03-11,M028,40738
2025-03-11,M029,38549
2025-03-11,M030,51675
2025-03-11,M031,35110
2025-03-11,M032,30406
2025-03-11,M033,44695
2025-03-11,M034,64114
2025-03-11,M035,77329
2025-03-11,M036,34751
2025-03-11,M037,28378
2025-03-11,M038,45936
2025-03-11,M039,52577
2025-03-11,M040,54955
2025-03-11,M041,48781
2025-03-11,M042,66632
2025-03-11,M043,44596
2025-03-11,M044,39397
2025-03-11,M045,52244
2025-03-11,M046,49089
2025-03-11,M047,58588
2025-03-11,M048,59931
2025-03-12,M001,14680
2025-03-12,M002,15442
2025-03-12,M003,23273
2025-03-12,M004,24739
2025-03-12,M005,47368
2025-03-12,M006,28459
2025-03-12,M007,29027
2025-03-12,M008,16103
2025-03-12,M009,32337
2025-03-12,M010,30548
2025-03-12,M011,26111
2025-03-12,M012,27320
2025-03-12,M013,36817
2025-03-12,M014,38917
2025-03-12,M015,29497
2025-03-12,M016,21803
2025-03-12,M017,42328
2025-03-12,M018,42022
2025-03-12,M019,36917
2025-03-12,M020,33356
2025-03-12,M021,41839
2025-03-12,M022,27947
2025-03-12,M023,36439
2025-03-12,M024,35237
2025-03-12,M025,53516
2025-03-12,M026,35309
2025-03-12,M027,42935
2025-03-12,M028,36332
2025-03-12,M029,48434
2025-03-12,M030,46590
2025-03-12,M031,31420
2025-03-12,M032,29288
2025-03-12,M033,62360
2025-03-12,M034,54301
2025-03-12,M035,65574
2025-03-12,M036,32104
2025-03-12,M037,42209
2025-03-12,M038,40521
2025-03-12,M039,50313
2025-03-12,M040,48887
2025-03-12,M041,66671
2025-03-12,M042,58971
2025-03-12,M043,38115
2025-03-12,M044,37339
2025-03-12,M045,68998
2025-03-12,M046,39052
2025-03-12,M047,58546
2025-03-12,M048,48144
2025-03-13,M001,13782
2025-03-13,M002,14284
2025-03-13,M003,21805
2025-03-13,M004,29092
2025-03-13,M005,42314
2025-03-13,M006,27045
2025-03-13,M007,28857
2025-03-13,M008,21092
2025-03-13,M009,35360
2025-03-13,M010,26655
2025-03-13,M011,25753
2025-03-13,M012,35735
2025-03-13,M013,37489
2025-03-13,M014,30700
2025-03-13,M015,32013
2025-03-13,M016,25061
2025-03-13,M017,41731
2025-03-13,M018,36864
2025-03-13,M019,31977
2025-03-13,M020,41189
2025-03-13,M021,43815
2025-03-13,M022,21940
2025-03-13,M023,37876
2025-03-13,M024,43802
2025-03-13,M025,50176
2025-03-13,M026,29961
2025-03-13,M027,42242
2025-03-13,M028,46663
2025-03-13,M029,45757
2025-03-13,M030,40005
2025-03-13,M031,27888
2025-03-13,M032,37988
2025-03-13,M033,56853
2025-03-13,M034,50554
2025-03-13,M035,72267
2025-03-13,M036,42494
2025-03-13,M037,38295
2025-03-13,M038,30961
2025-03-13,M039,53510
2025-03-13,M040,63785
2025-03-13,M041,65254
2025-03-13,M042,46528
2025-03-13,M043,40246
2025-03-13,M044,45961
2025-03-13,M045,76028
2025-03-13,M046,36475
2025-03-13,M047,53050
2025-03-13,M048,64658
2025-03-14,M001,8534
2025-03-14,M002,19288
2025-03-14,M003,20180
2025-03-14,M004,43255
2025-03-14,M005,24496
2025-03-14,M006,37036
2025-03-14,M007,24954
2025-03-14,M008,27576
2025-03-14,M009,17883
2025-03-14,M010,39441
2025-03-14,M011,21492
2025-03-14,M012,49976
2025-03-14,M013,21324
2025-03-14,M014,46522
2025-03-14,M015,23413
2025-03-14,M016,35030
2025-03-14,M017,24324
2025-03-14,M018,49447
2025-03-14,M019,26484
2025-03-14,M020,57363
2025-03-14,M021,23666
2025-03-14,M022,33944
2025-03-14,M023,29381
2025-03-14,M024,68057
2025-03-14,M025,30163
2025-03-14,M026,36668
2025-03-14,M027,37205
2025-03-14,M028,67655
2025-03-14,M029,28969
2025-03-14,M030,54459
2025-03-14,M031,24410
2025-03-14,M032,53754
2025-03-14,M033,31928
2025-03-14,M034,63859
2025-03-14,M035,59085
2025-03-14,M036,57026
2025-03-14,M037,20279
2025-03-14,M038,47410
2025-03-14,M039,42851
2025-03-14,M040,92988
2025-03-14,M041,33710
2025-03-14,M042,65967
2025-03-14,M043,33809
2025-03-14,M044,66490
2025-03-14,M045,41092
2025-03-14,M046,48467
2025-03-14,M047,42618
2025-03-14,M048,95486
2025-03-15,M001,10877
2025-03-15,M002,16808
2025-03-15,M003,23941
2025-03-15,M004,24407
2025-03-15,M005,32761
2025-03-15,M006,28655
2025-03-15,M007,31354
2025-03-15,M008,17648
2025-03-15,M009,23889
2025-03-15,M010,29809
2025-03-15,M011,29106
2025-03-15,M012,26767
2025-03-15,M013,25420
2025-03-15,M014,41107
2025-03-15,M015,31893
2025-03-15,M016,20817
2025-03-15,M017,29321
2025-03-15,M018,39335
2025-03-15,M019,32315
2025-03-15,M020,30851
2025-03-15,M021,30937
2025-03-15,M022,29256
2025-03-15,M023,38678
2025-03-15,M024,34726
2025-03-15,M025,34614
2025-03-15,M026,31803
2025-03-15,M027,47724
2025-03-15,M028,39699
2025-03-15,M029,34887
2025-03-15,M030,48658
2025-03-15,M031,29549
2025-03-15,M032,31370
2025-03-15,M033,40532
2025-03-15,M034,58601
2025-03-15,M035,75058
2025-03-15,M036,29858
2025-03-15,M037,27843
2025-03-15,M038,36490
2025-03-15,M039,54131
2025-03-15,M040,44181
2025-03-15,M041,38963
2025-03-15,M042,62700
2025-03-15,M043,37613
2025-03-15,M044,38803
2025-03-15,M045,48460
2025-03-15,M046,43709
2025-03-15,M047,55035
2025-03-15,M048,48526
2025-03-16,M001,13427
2025-03-16,M002,13947
2025-03-16,M003,21550
2025-03-16,M004,20197
2025-03-16,M005,41163
2025-03-16,M006,27108
2025-03-16,M007,28399
2025-03-16,M008,13676
2025-03-16,M009,32906
2025-03-16,M010,28921
2025-03-16,M011,24563
2025-03-16,M012,23986
2025-03-16,M013,32979
2025-03-16,M014,31761
2025-03-16,M015,27552
2025-03-16,M016,18395
2025-03-16,M017,37607
2025-03-16,M018,38519
2025-03-16,M019,30323
2025-03-16,M020,32319
2025-03-16,M021,42250
2025-03-16,M022,24057
2025-03-16,M023,32237
2025-03-16,M024,30641
2025-03-16,M025,43078
2025-03-16,M026,30054
2025-03-16,M027,38695
2025-03-16,M028,36365
2025-03-16,M029,41783
2025-03-16,M030,43609
2025-03-16,M031,26370
2025-03-16,M032,27911
2025-03-16,M033,53259
2025-03-16,M034,48383
2025-03-16,M035,64362
2025-03-16,M036,27727
2025-03-16,M037,36716
2025-03-16,M038,32114
2025-03-16,M039,46439
2025-03-16,M040,40818
2025-03-16,M041,58476
2025-03-16,M042,52380
2025-03-16,M043,37466
2025-03-16,M044,32186
2025-03-16,M045,63556
2025-03-16,M046,38110
2025-03-16,M047,47680
2025-03-16,M048,47883
2025-03-17,M001,13642
2025-03-17,M002,12851
2025-03-17,M003,20592
2025-03-17,M004,29407
2025-03-17,M005,42492
2025-03-17,M006,23956
2025-03-17,M007,26743
2025-03-17,M008,19310
2025-03-17,M009,31725
2025-03-17,M010,25344
2025-03-17,M011,28187
2025-03-17,M012,33815
2025-03-17,M013,40780
2025-03-17,M014,31540
2025-03-17,M015,29333
2025-03-17,M016,26727
2025-03-17,M017,40205
2025-03-17,M018,34450
2025-03-17,M019,36298
2025-03-17,M020,41913
2025-03-17,M021,40491
2025-03-17,M022,24944
2025-03-17,M023,33981
2025-03-17,M024,44689
2025-03-17,M025,50778
2025-03-17,M026,29866
2025-03-17,M027,43633
2025-03-17,M028,47648
2025-03-17,M029,48110
2025-03-17,M030,39037
2025-03-17,M031,31654
2025-03-17,M032,34531
2025-03-17,M033,58626
2025-03-17,M034,44024
2025-03-17,M035,74082
2025-03-17,M036,37647
2025-03-17,M037,38830
2025-03-17,M038,34531
2025-03-17,M039,47103
2025-03-17,M040,57023
2025-03-17,M041,58175
2025-03-17,M042,50696
2025-03-17,M043,40419
2025-03-17,M044,49897
2025-03-17,M045,68749
2025-03-17,M046,35288
2025-03-17,M047,55181
2025-03-17,M048,67100
2025-03-18,M001,7906
2025-03-18,M002,18551
2025-03-18,M003,19399
2025-03-18,M004,40939
2025-03-18,M005,25579
2025-03-18,M006,36935
2025-03-18,M007,22810
2025-03-18,M008,30127
2025-03-18,M009,19171
2025-03-18,M010,34908
2025-03-18,M011,24415
2025-03-18,M012,52817
2025-03-18,M013,20543
2025-03-18,M014,45941
2025-03-18,M015,23599
2025-03-18,M016,37399
2025-03-18,M017,22119
2025-03-18,M018,48025
2025-03-18,M019,27362
2025-03-18,M020,56933
2025-03-18,M021,24460
2025-03-18,M022,33386
2025-03-18,M023,33219
2025-03-18,M024,64004
2025-03-18,M025,28651
2025-03-18,M026,40183
2025-03-18,M027,34772
2025-03-18,M028,63377
2025-03-18,M029,25599
2025-03-18,M030,58091
2025-03-18,M031,23145
2025-03-18,M032,51156
2025-03-18,M033,32341
2025-03-18,M034,62530
2025-03-18,M035,61811
2025-03-18,M036,53222
2025-03-18,M037,22255
2025-03-18,M038,48609
2025-03-18,M039,43060
2025-03-18,M040,80138
2025-03-18,M041,35293
2025-03-18,M042,66834
2025-03-18,M043,32762
2025-03-18,M044,65746
2025-03-18,M045,40573
2025-03-18,M046,48751
2025-03-18,M047,43453
2025-03-18,M048,86947
2025-03-19,M001,11833
2025-03-19,M002,17755
2025-03-19,M003,24262
2025-03-19,M004,24067
2025-03-19,M005,34664
2025-03-19,M006,34986
2025-03-19,M007,35166
2025-03-19,M008,16947
2025-03-19,M009,27793
2025-03-19,M010,35743
2025-03-19,M011,32606
2025-03-19,M012,28295
2025-03-19,M013,31647
2025-03-19,M014,39797
2025-03-19,M015,36809
2025-03-19,M016,23455
2025-03-19,M017,33536
2025-03-19,M018,48133
2025-03-19,M019,36561
2025-03-19,M020,36339
2025-03-19,M021,34570
2025-03-19,M022,30327
2025-03-19,M023,45177
2025-03-19,M024,37252
2025-03-19,M025,37752
2025-03-19,M026,38270
2025-03-19,M027,51843
2025-03-19,M028,38407
2025-03-19,M029,34267
2025-03-19,M030,51502
2025-03-19,M031,31053
2025-03-19,M032,34054
2025-03-19,M033,45348
2025-03-19,M034,66480
2025-03-19,M035,85682
2025-03-19,M036,31815
2025-03-19,M037,31305
2025-03-19,M038,45424
2025-03-19,M039,57110
2025-03-19,M040,49109
2025-03-19,M041,46400
2025-03-19,M042,66342
2025-03-19,M043,42349
2025-03-19,M044,45196
2025-03-19,M045,59592
2025-03-19,M046,44964
2025-03-19,M047,63482
2025-03-19,M048,61414
2025-03-20,M001,14249
2025-03-20,M002,16749
2025-03-20,M003,23654
2025-03-20,M004,22402
2025-03-20,M005,45998
2025-03-20,M006,31201
2025-03-20,M007,31057
2025-03-20,M008,16346
2025-03-20,M009,34086
2025-03-20,M010,32416
2025-03-20,M011,26226
2025-03-20,M012,28179
2025-03-20,M013,41766
2025-03-20,M014,37955
2025-03-20,M015,30147
2025-03-20,M016,19193
2025-03-20,M017,39963
2025-03-20,M018,42420
2025-03-20,M019,33422
2025-03-20,M020,33256
2025-03-20,M021,41959
2025-03-20,M022,29280
2025-03-20,M023,38784
2025-03-20,M024,37212
2025-03-20,M025,51087
2025-03-20,M026,33411
2025-03-20,M027,46184
2025-03-20,M028,38618
2025-03-20,M029,48414
2025-03-20,M030,47890
2025-03-20,M031,28067
2025-03-20,M032,27733
2025-03-20,M033,55572
2025-03-20,M034,52762
2025-03-20,M035,69766
2025-03-20,M036,29853
2025-03-20,M037,37531
2025-03-20,M038,36100
2025-03-20,M039,49385
2025-03-20,M040,50638
2025-03-20,M041,58434
2025-03-20,M042,55001
2025-03-20,M043,36144
2025-03-20,M044,41017
2025-03-20,M045,68550
2025-03-20,M046,38757
2025-03-20,M047,53539
2025-03-20,M048,55662
2025-03-21,M001,14815
2025-03-21,M002,14395
2025-03-21,M003,20531
2025-03-21,M004,27747
2025-03-21,M005,46695
2025-03-21,M006,23879
2025-03-21,M007,27902
2025-03-21,M008,22513
2025-03-21,M009,32938
2025-03-21,M010,24862
2025-03-21,M011,29059
2025-03-21,M012,35659
2025-03-21,M013,41517
2025-03-21,M014,33466
2025-03-21,M015,28736
2025-03-21,M016,25434
2025-03-21,M017,40827
2025-03-21,M018,35306
2025-03-21,M019,32407
2025-03-21,M020,41850
2025-03-21,M021,46612
2025-03-21,M022,24047
2025-03-21,M023,33736
2025-03-21,M024,49505
2025-03-21,M025,48736
2025-03-21,M026,30050
2025-03-21,M027,43270
2025-03-21,M028,45439
2025-03-21,M029,50292
2025-03-21,M030,39314
2025-03-21,M031,31572
2025-03-21,M032,36166
2025-03-21,M033,58652
2025-03-21,M034,48692
2025-03-21,M035,64439
2025-03-21,M036,42821
2025-03-21,M037,41725
2025-03-21,M038,34139
2025-03-21,M039,50023
2025-03-21,M040,63652
2025-03-21,M041,62450
2025-03-21,M042,47216
2025-03-21,M043,41267
2025-03-21,M044,49360
2025-03-21,M045,68324
2025-03-21,M046,34832
2025-03-21,M047,57217
2025-03-21,M048,66566
2025-03-22,M001,7738
2025-03-22,M002,17403
2025-03-22,M003,16062
2025-03-22,M004,39517
2025-03-22,M005,21395
2025-03-22,M006,34393
2025-03-22,M007,22544
2025-03-22,M008,25350
2025-03-22,M009,17651
2025-03-22,M010,34165
2025-03-22,M011,19980
2025-03-22,M012,41354
2025-03-22,M013,20528
2025-03-22,M014,40010
2025-03-22,M015,23312
2025-03-22,M016,35242
2025-03-22,M017,20882
2025-03-22,M018,42177
2025-03-22,M019,26310
2025-03-22,M020,52615
2025-03-22,M021,21691
2025-03-22,M022,28758
2025-03-22,M023,29814
2025-03-22,M024,61186
2025-03-22,M025,23477
2025-03-22,M026,35798
2025-03-22,M027,32011
2025-03-22,M028,59023
2025-03-22,M029,24182
2025-03-22,M030,47487
2025-03-22,M031,21459
2025-03-22,M032,47687
2025-03-22,M033,28098
2025-03-22,M034,64463
2025-03-22,M035,51417
2025-03-22,M036,50205
2025-03-22,M037,18367
2025-03-22,M038,39225
2025-03-22,M039,35854
2025-03-22,M040,75429
2025-03-22,M041,29097
2025-03-22,M042,67194
2025-03-22,M043,31165
2025-03-22,M044,63359
2025-03-22,M045,36190
2025-03-22,M046,46911
2025-03-22,M047,42299
2025-03-22,M048,78472
2025-03-23,M001,10461
2025-03-23,M002,15041
2025-03-23,M003,23209
2025-03-23,M004,21760
2025-03-23,M005,32347
2025-03-23,M006,28219
2025-03-23,M007,30350
2025-03-23,M008,17422
2025-03-23,M009,22130
2025-03-23,M010,28865
2025-03-23,M011,27272
2025-03-23,M012,28899
2025-03-23,M013,28495
2025-03-23,M014,37387
2025-03-23,M015,31818
2025-03-23,M016,20804
2025-03-23,M017,26758
2025-03-23,M018,40036
2025-03-23,M019,33641
2025-03-23,M020,33003
2025-03-23,M021,30098
2025-03-23,M022,29189
2025-03-23,M023,40629
2025-03-23,M024,37351
2025-03-23,M025,35017
2025-03-23,M026,34139
2025-03-23,M027,43256
2025-03-23,M028,38889
2025-03-23,M029,35986
2025-03-23,M030,46877
2025-03-23,M031,30532
2025-03-23,M032,27490
2025-03-23,M033,38616
2025-03-23,M034,59919
2025-03-23,M035,68836
2025-03-23,M036,29408
2025-03-23,M037,25757
2025-03-23,M038,36835
2025-03-23,M039,48215
2025-03-23,M040,46583
2025-03-23,M041,40399
2025-03-23,M042,60010
2025-03-23,M043,38963
2025-03-23,M044,40249
2025-03-23,M045,47332
2025-03-23,M046,43267
2025-03-23,M047,55280
2025-03-23,M048,50363
2025-03-24,M001,13898
2025-03-24,M002,16797
2025-03-24,M003,21471
2025-03-24,M004,21824
2025-03-24,M005,48146
2025-03-24,M006,27910
2025-03-24,M007,29168
2025-03-24,M008,15630
2025-03-24,M009,34870
2025-03-24,M010,30096
2025-03-24,M011,26020
2025-03-24,M012,28488
2025-03-24,M013,41032
2025-03-24,M014,37321
2025-03-24,M015,30026
2025-03-24,M016,20661
2025-03-24,M017,42926
2025-03-24,M018,43080
2025-03-24,M019,36960
2025-03-24,M020,33999
2025-03-24,M021,46408
2025-03-24,M022,28254
2025-03-24,M023,37150
2025-03-24,M024,35884
2025-03-24,M025,52425
2025-03-24,M026,30449
2025-03-24,M027,40784
2025-03-24,M028,39849
2025-03-24,M029,46836
2025-03-24,M030,47397
2025-03-24,M031,30745
2025-03-24,M032,30824
2025-03-24,M033,57232
2025-03-24,M034,59496
2025-03-24,M035,73244
2025-03-24,M036,32925
2025-03-24,M037,41477
2025-03-24,M038,35842
2025-03-24,M039,53188
2025-03-24,M040,45889
2025-03-24,M041,60578
2025-03-24,M042,54644
2025-03-24,M043,41837
2025-03-24,M044,34995
2025-03-24,M045,72153
2025-03-24,M046,42731
2025-03-24,M047,52550
2025-03-24,M048,55649
2025-03-25,M001,13918
2025-03-25,M002,14168
2025-03-25,M003,22766
2025-03-25,M004,28139
2025-03-25,M005,47362
2025-03-25,M006,24143
2025-03-25,M007,30688
2025-03-25,M008,21714
2025-03-25,M009,34540
2025-03-25,M010,24742
2025-03-25,M011,26829
2025-03-25,M012,34193
2025-03-25,M013,37006
2025-03-25,M014,32894
2025-03-25,M015,27676
2025-03-25,M016,26220
2025-03-25,M017,42347
2025-03-25,M018,35469
2025-03-25,M019,35534
2025-03-25,M020,44988
2025-03-25,M021,44032
2025-03-25,M022,22020
2025-03-25,M023,36227
2025-03-25,M024,44228
2025-03-25,M025,48059
2025-03-25,M026,26221
2025-03-25,M027,44476
2025-03-25,M028,51649
2025-03-25,M029,49414
2025-03-25,M030,41922
2025-03-25,M031,31462
2025-03-25,M032,40438
2025-03-25,M033,58759
2025-03-25,M034,43704
2025-03-25,M035,74979
2025-03-25,M036,38197
2025-03-25,M037,37227
2025-03-25,M038,32377
2025-03-25,M039,52288
2025-03-25,M040,60074
2025-03-25,M041,56325
2025-03-25,M042,47071
2025-03-25,M043,39198
2025-03-25,M044,45001
2025-03-25,M045,76381
2025-03-25,M046,36016
2025-03-25,M047,54402
2025-03-25,M048,65128
2025-03-26,M001,7794
2025-03-26,M002,19866
2025-03-26,M003,17792
2025-03-26,M004,39249
2025-03-26,M005,26199
2025-03-26,M006,37166
2025-03-26,M007,26297
2025-03-26,M008,27573
2025-03-26,M009,18136
2025-03-26,M010,39650
2025-03-26,M011,24104
2025-03-26,M012,49146
2025-03-26,M013,20887
2025-03-26,M014,44064
2025-03-26,M015,24365
2025-03-26,M016,35316
2025-03-26,M017,21984
2025-03-26,M018,48043
2025-03-26,M019,30341
2025-03-26,M020,64909
2025-03-26,M021,24628
2025-03-26,M022,35321
2025-03-26,M023,30598
2025-03-26,M024,61192
2025-03-26,M025,27798
2025-03-26,M026,42264
2025-03-26,M027,34117
2025-03-26,M028,71337
2025-03-26,M029,28301
2025-03-26,M030,52763
2025-03-26,M031,23289
2025-03-26,M032,50962
2025-03-26,M033,31653
2025-03-26,M034,61641
2025-03-26,M035,62172
2025-03-26,M036,60549
2025-03-26,M037,22001
2025-03-26,M038,43737
2025-03-26,M039,45131
2025-03-26,M040,88341
2025-03-26,M041,31993
2025-03-26,M042,75854
2025-03-26,M043,33178
2025-03-26,M044,66392
2025-03-26,M045,38014
2025-03-26,M046,51746
2025-03-26,M047,46864
2025-03-26,M048,100270
2025-03-27,M001,11958
2025-03-27,M002,16995
2025-03-27,M003,25334
2025-03-27,M004,26785
2025-03-27,M005,37494
2025-03-27,M006,32181
2025-03-27,M007,33529
2025-03-27,M008,16846
2025-03-27,M009,26199
2025-03-27,M010,34391
2025-03-27,M011,30460
2025-03-27,M012,30487
2025-03-27,M013,28020
2025-03-27,M014,44493
2025-03-27,M015,36901
2025-03-27,M016,23633
2025-03-27,M017,33333
2025-03-27,M018,45270
2025-03-27,M019,38270
2025-03-27,M020,34072
2025-03-27,M021,35717
2025-03-27,M022,30986
2025-03-27,M023,44182
2025-03-27,M024,40957
2025-03-27,M025,36861
2025-03-27,M026,38175
2025-03-27,M027,48272
2025-03-27,M028,44321
2025-03-27,M029,38932
2025-03-27,M030,53570
2025-03-27,M031,34763
2025-03-27,M032,31237
2025-03-27,M033,44538
2025-03-27,M034,63940
2025-03-27,M035,78552
2025-03-27,M036,35222
2025-03-27,M037,32264
2025-03-27,M038,46542
2025-03-27,M039,59017
2025-03-27,M040,49580
2025-03-27,M041,49359
2025-03-27,M042,70862
2025-03-27,M043,46082
2025-03-27,M044,45263
2025-03-27,M045,59971
2025-03-27,M046,48606
2025-03-27,M047,64513
2025-03-27,M048,61287
2025-03-28,M001,15671
2025-03-28,M002,14765
2025-03-28,M003,22716
2025-03-28,M004,22951
2025-03-28,M005,44411
2025-03-28,M006,29723
2025-03-28,M007,29356
2025-03-28,M008,16973
2025-03-28,M009,33816
2025-03-28,M010,28564
2025-03-28,M011,27983
2025-03-28,M012,26244
2025-03-28,M013,40552
2025-03-28,M014,37678
2025-03-28,M015,30987
2025-03-28,M016,21088
2025-03-28,M017,42685
2025-03-28,M018,39859
2025-03-28,M019,33931
2025-03-28,M020,34089
2025-03-28,M021,45141
2025-03-28,M022,26011
2025-03-28,M023,37961
2025-03-28,M024,36930
2025-03-28,M025,49825
2025-03-28,M026,33348
2025-03-28,M027,46388
2025-03-28,M028,40161
2025-03-28,M029,50916
2025-03-28,M030,45019
2025-03-28,M031,31850
2025-03-28,M032,27825
2025-03-28,M033,54877
2025-03-28,M034,54156
2025-03-28,M035,73407
2025-03-28,M036,32724
2025-03-28,M037,38070
2025-03-28,M038,35743
2025-03-28,M039,51767
2025-03-28,M040,44415
2025-03-28,M041,66496
2025-03-28,M042,54440
2025-03-28,M043,41065
2025-03-28,M044,37989
2025-03-28,M045,76125
2025-03-28,M046,39540
2025-03-28,M047,54653
2025-03-28,M048,50996
2025-03-29,M001,12135
2025-03-29,M002,11716
2025-03-29,M003,21271
2025-03-29,M004,27364
2025-03-29,M005,40259
2025-03-29,M006,21576
2025-03-29,M007,27921
2025-03-29,M008,19466
2025-03-29,M009,28962
2025-03-29,M010,22850
2025-03-29,M011,24940
2025-03-29,M012,32471
2025-03-29,M013,36242
2025-03-29,M014,27340
2025-03-29,M015,26069
2025-03-29,M016,22791
2025-03-29,M017,34337
2025-03-29,M018,30741
2025-03-29,M019,28564
2025-03-29,M020,41316
2025-03-29,M021,38489
2025-03-29,M022,20570
2025-03-29,M023,34777
2025-03-29,M024,39441
2025-03-29,M025,46032
2025-03-29,M026,26955
2025-03-29,M027,39309
2025-03-29,M028,45500
2025-03-29,M029,43582
2025-03-29,M030,38063
2025-03-29,M031,26471
2025-03-29,M032,31357
2025-03-29,M033,54115
2025-03-29,M034,42576
2025-03-29,M035,61964
2025-03-29,M036,36086
2025-03-29,M037,33585
2025-03-29,M038,29523
2025-03-29,M039,41617
2025-03-29,M040,58312
2025-03-29,M041,55321
2025-03-29,M042,48034
2025-03-29,M043,34305
2025-03-29,M044,47328
2025-03-29,M045,62056
2025-03-29,M046,32660
2025-03-29,M047,48919
2025-03-29,M048,59665
2025-03-30,M001,7752
2025-03-30,M002,16086
2025-03-30,M003,15790
2025-03-30,M004,35783
2025-03-30,M005,23757
2025-03-30,M006,34034
2025-03-30,M007,21412
2025-03-30,M008,24849
2025-03-30,M009,18322
2025-03-30,M010,33416
2025-03-30,M011,20323
2025-03-30,M012,45308
2025-03-30,M013,20310
2025-03-30,M014,44648
2025-03-30,M015,22243
2025-03-30,M016,32464
2025-03-30,M017,20452
2025-03-30,M018,42104
2025-03-30,M019,25705
2025-03-30,M020,54627
2025-03-30,M021,21854
2025-03-30,M022,30268
2025-03-30,M023,27870
2025-03-30,M024,55252
2025-03-30,M025,24490
2025-03-30,M026,38609
2025-03-30,M027,30623
2025-03-30,M028,59361
2025-03-30,M029,23345
2025-03-30,M030,54892
2025-03-30,M031,20953
2025-03-30,M032,44216
2025-03-30,M033,28447
2025-03-30,M034,60601
2025-03-30,M035,54118
2025-03-30,M036,48751
2025-03-30,M037,20781
2025-03-30,M038,39177
2025-03-30,M039,38655
2025-03-30,M040,79534
2025-03-30,M041,32061
2025-03-30,M042,66289
2025-03-30,M043,28698
2025-03-30,M044,61010
2025-03-30,M045,35368
2025-03-30,M046,48353
2025-03-30,M047,39321
2025-03-30,M048,84360
2025-03-31,M001,10989
2025-03-31,M002,18938
2025-03-31,M003,24556
2025-03-31,M004,23706
2025-03-31,M005,34764
2025-03-31,M006,33239
2025-03-31,M007,31677
2025-03-31,M008,19479
2025-03-31,M009,24060
2025-03-31,M010,32087
2025-03-31,M011,29021
2025-03-31,M012,29182
2025-03-31,M013,27837
2025-03-31,M014,45634
2025-03-31,M015,33575
2025-03-31,M016,22825
2025-03-31,M017,29359
2025-03-31,M018,43499
2025-03-31,M019,41106
2025-03-31,M020,37165
2025-03-31,M021,30556
2025-03-31,M022,32618
2025-03-31,M023,43134
2025-03-31,M024,40756
2025-03-31,M025,36449
2025-03-31,M026,35129
2025-03-31,M027,50176
2025-03-31,M028,40038
2025-03-31,M029,37342
2025-03-31,M030,51230
2025-03-31,M031,34745
2025-03-31,M032,34414
2025-03-31,M033,43722
2025-03-31,M034,64207
2025-03-31,M035,74928
2025-03-31,M036,37238
2025-03-31,M037,30976
2025-03-31,M038,40617
2025-03-31,M039,61206
2025-03-31,M040,53971
2025-03-31,M041,47877
2025-03-31,M042,65918
2025-03-31,M043,43212
2025-03-31,M044,40933
2025-03-31,M045,54680
2025-03-31,M046,48640
2025-03-31,M047,63874
2025-03-31,M048,57144
2025-04-01,M001,14010
2025-04-01,M002,13390
2025-04-01,M003,23312
2025-04-01,M004,29097
2025-04-01,M005,48975
2025-04-01,M006,25580
2025-04-01,M007,27648
2025-04-01,M008,20563
2025-04-01,M009,32656
2025-04-01,M010,28092
2025-04-01,M011,25477
2025-04-01,M012,36382
2025-04-01,M013,40326
2025-04-01,M014,32942
2025-04-01,M015,30581
2025-04-01,M016,25303
2025-04-01,M017,41158
2025-04-01,M018,32319
2025-04-01,M019,36321
2025-04-01,M020,42477
2025-04-01,M021,41536
2025-04-01,M022,25428
2025-04-01,M023,35438
2025-04-01,M024,50093
2025-04-01,M025,52818
2025-04-01,M026,28100
2025-04-01,M027,43765
2025-04-01,M028,49989
2025-04-01,M029,45615
2025-04-01,M030,41666
2025-04-01,M031,30343
2025-04-01,M032,37618
2025-04-01,M033,57527
2025-04-01,M034,48727
2025-04-01,M035,69002
2025-04-01,M036,41002
2025-04-01,M037,42388
2025-04-01,M038,34758
2025-04-01,M039,47877
2025-04-01,M040,59656
2025-04-01,M041,59106
2025-04-01,M042,47849
2025-04-01,M043,40329
2025-04-01,M044,50713
2025-04-01,M045,69260
2025-04-01,M046,37070
2025-04-01,M047,50314
2025-04-01,M048,71107
2025-04-02,M001,8488
2025-04-02,M002,20025
2025-04-02,M003,20016
2025-04-02,M004,43089
2025-04-02,M005,27681
2025-04-02,M006,36793
2025-04-02,M007,25652
2025-04-02,M008,30998
2025-04-02,M009,19058
2025-04-02,M010,39978
2025-04-02,M011,23182
2025-04-02,M012,47212
2025-04-02,M013,23046
2025-04-02,M014,44635
2025-04-02,M015,25785
2025-04-02,M016,35810
2025-04-02,M017,24125
2025-04-02,M018,48321
2025-04-02,M019,26701
2025-04-02,M020,58814
2025-04-02,M021,23180
2025-04-02,M022,33974
2025-04-02,M023,31761
2025-04-02,M024,70818
2025-04-02,M025,27202
2025-04-02,M026,38801
2025-04-02,M027,38538
2025-04-02,M028,67232
2025-04-02,M029,27555
2025-04-02,M030,60717
2025-04-02,M031,26172
2025-04-02,M032,50498
2025-04-02,M033,32869
2025-04-02,M034,68305
2025-04-02,M035,59285
2025-04-02,M036,53654
2025-04-02,M037,22323
2025-04-02,M038,49252
2025-04-02,M039,41574
2025-04-02,M040,91378
2025-04-02,M041,33320
2025-04-02,M042,72303
2025-04-02,M043,34000
2025-04-02,M044,67131
2025-04-02,M045,41668
2025-04-02,M046,50802
2025-04-02,M047,47921
2025-04-02,M048,98760
2025-04-03,M001,10610
2025-04-03,M002,19269
2025-04-03,M003,25094
2025-04-03,M004,26412
2025-04-03,M005,37485
2025-04-03,M006,36111
2025-04-03,M007,33697
2025-04-03,M008,17332
2025-04-03,M009,27641
2025-04-03,M010,36661
2025-04-03,M011,30590
2025-04-03,M012,29954
2025-04-03,M013,29468
2025-04-03,M014,41188
2025-04-03,M015,32488
2025-04-03,M016,22374
2025-04-03,M017,33635
2025-04-03,M018,43140
2025-04-03,M019,36608
2025-04-03,M020,37767
2025-04-03,M021,35509
2025-04-03,M022,28787
2025-04-03,M023,40057
2025-04-03,M024,42880
2025-04-03,M025,37018
2025-04-03,M026,38118
2025-04-03,M027,51606
2025-04-03,M028,41052
2025-04-03,M029,34675
2025-04-03,M030,51554
2025-04-03,M031,32284
2025-04-03,M032,34442
2025-04-03,M033,41786
2025-04-03,M034,63737
2025-04-03,M035,80290
2025-04-03,M036,33579
2025-04-03,M037,28345
2025-04-03,M038,41091
2025-04-03,M039,55808
2025-04-03,M040,54811
2025-04-03,M041,44117
2025-04-03,M042,63361
2025-04-03,M043,48387
2025-04-03,M044,45474
2025-04-03,M045,55688
2025-04-03,M046,49861
2025-04-03,M047,65744
2025-04-03,M048,60286
2025-04-04,M001,13898
2025-04-04,M002,15351
2025-04-04,M003,22650
2025-04-04,M004,23000
2025-04-04,M005,47914
2025-04-04,M006,32932
2025-04-04,M007,28893
2025-04-04,M008,16669
2025-04-04,M009,34739
2025-04-04,M010,30001
2025-04-04,M011,28118
2025-04-04,M012,28006
2025-04-04,M013,36541
2025-04-04,M014,37342
2025-04-04,M015,32398
2025-04-04,M016,19439
2025-04-04,M017,43510
2025-04-04,M018,41990
2025-04-04,M019,32177
2025-04-04,M020,34134
2025-04-04,M021,45775
2025-04-04,M022,28038
2025-04-04,M023,37990
2025-04-04,M024,33977
2025-04-04,M025,49732
2025-04-04,M026,33845
2025-04-04,M027,46537
2025-04-04,M028,40586
2025-04-04,M029,46289
2025-04-04,M030,45525
2025-04-04,M031,28884
2025-04-04,M032,30436
2025-04-04,M033,61953
2025-04-04,M034,52432
2025-04-04,M035,74469
2025-04-04,M036,30598
2025-04-04,M037,41228
2025-04-04,M038,36963
2025-04-04,M039,54569
2025-04-04,M040,47656
2025-04-04,M041,59082
2025-04-04,M042,58298
2025-04-04,M043,41782
2025-04-04,M044,41399
2025-04-04,M045,74526
2025-04-04,M046,42918
2025-04-04,M047,55870
2025-04-04,M048,52010
2025-04-05,M001,14211
2025-04-05,M002,12813
2025-04-05,M003,18664
2025-04-05,M004,24930
2025-04-05,M005,44403
2025-04-05,M006,25319
2025-04-05,M007,26368
2025-04-05,M008,18054
2025-04-05,M009,29182
2025-04-05,M010,22588
2025-04-05,M011,23422
2025-04-05,M012,29534
2025-04-05,M013,34793
2025-04-05,M014,31155
2025-04-05,M015,29264
2025-04-05,M016,24397
2025-04-05,M017,36772
2025-04-05,M018,32677
2025-04-05,M019,32319
2025-04-05,M020,38362
2025-04-05,M021,41613
2025-04-05,M022,21255
2025-04-05,M023,35871
2025-04-05,M024,39432
2025-04-05,M025,45352
2025-04-05,M026,23494
2025-04-05,M027,39323
2025-04-05,M028,41879
2025-04-05,M029,40886
2025-04-05,M030,38279
2025-04-05,M031,25131
2025-04-05,M032,31554
2025-04-05,M033,53932
2025-04-05,M034,45067
2025-04-05,M035,64869
2025-04-05,M036,36232
2025-04-05,M037,36785
2025-04-05,M038,27610
2025-04-05,M039,41832
2025-04-05,M040,55682
2025-04-05,M041,54713
2025-04-05,M042,46028
2025-04-05,M043,35439
2025-04-05,M044,43759
2025-04-05,M045,68200
2025-04-05,M046,30624
2025-04-05,M047,50755
2025-04-05,M048,60842
2025-04-06,M001,7866
2025-04-06,M002,16144
2025-04-06,M003,16304
2025-04-06,M004,40598
2025-04-06,M005,21375
2025-04-06,M006,30958
2025-04-06,M007,21576
2025-04-06,M008,26243
2025-04-06,M009,18305
2025-04-06,M010,36007
2025-04-06,M011,21614
2025-04-06,M012,48073
2025-04-06,M013,19448
2025-04-06,M014,40349
2025-04-06,M015,22845
2025-04-06,M016,35456
2025-04-06,M017,20194
2025-04-06,M018,45343
2025-04-06,M019,25547
2025-04-06,M020,54091
2025-04-06,M021,22112
2025-04-06,M022,30923
2025-04-06,M023,29551
2025-04-06,M024,54574
2025-04-06,M025,26464
2025-04-06,M026,33482
2025-04-06,M027,33320
2025-04-06,M028,66307
2025-04-06,M029,24641
2025-04-06,M030,54679
2025-04-06,M031,21358
2025-04-06,M032,51131
2025-04-06,M033,30856
2025-04-06,M034,57587
2025-04-06,M035,56046
2025-04-06,M036,53356
2025-04-06,M037,19712
2025-04-06,M038,43113
2025-04-06,M039,37688
2025-04-06,M040,75828
2025-04-06,M041,32158
2025-04-06,M042,67947
2025-04-06,M043,29340
2025-04-06,M044,60002
2025-04-06,M045,36041
2025-04-06,M046,43415
2025-04-06,M047,44501
2025-04-06,M048,79367
2025-04-07,M001,11826
2025-04-07,M002,16722
2025-04-07,M003,24392
2025-04-07,M004,24108
2025-04-07,M005,36575
2025-04-07,M006,33462
2025-04-07,M007,33374
2025-04-07,M008,18267
2025-04-07,M009,26137
2025-04-07,M010,34388
2025-04-07,M011,32279
2025-04-07,M012,31479
2025-04-07,M013,29318
2025-04-07,M014,41228
2025-04-07,M015,35678
2025-04-07,M016,24302
2025-04-07,M017,32637
2025-04-07,M018,42688
2025-04-07,M019,41698
2025-04-07,M020,37854
2025-04-07,M021,33282
2025-04-07,M022,28557
2025-04-07,M023,45328
2025-04-07,M024,38135
2025-04-07,M025,41747
2025-04-07,M026,38906
2025-04-07,M027,53437
2025-04-07,M028,39952
2025-04-07,M029,37993
2025-04-07,M030,49116
2025-04-07,M031,34981
2025-04-07,M032,30167
2025-04-07,M033,43990
2025-04-07,M034,63593
2025-04-07,M035,85018
2025-04-07,M036,32657
2025-04-07,M037,30470
2025-04-07,M038,40112
2025-04-07,M039,55223
2025-04-07,M040,55017
2025-04-07,M041,44202
2025-04-07,M042,68569
2025-04-07,M043,44162
2025-04-07,M044,41942
2025-04-07,M045,55911
2025-04-07,M046,46579
2025-04-07,M047,58427
2025-04-07,M048,56333
2025-04-08,M001,14005
2025-04-08,M002,15596
2025-04-08,M003,23247
2025-04-08,M004,22513
2025-04-08,M005,44985
2025-04-08,M006,32902
2025-04-08,M007,28610
2025-04-08,M008,17520
2025-04-08,M009,34454
2025-04-08,M010,30258
2025-04-08,M011,28938
2025-04-08,M012,26224
2025-04-08,M013,39819
2025-04-08,M014,38443
2025-04-08,M015,28323
2025-04-08,M016,22041
2025-04-08,M017,45000
2025-04-08,M018,43867
2025-04-08,M019,34997
2025-04-08,M020,31481
2025-04-08,M021,47182
2025-04-08,M022,26929
2025-04-08,M023,39085
2025-04-08,M024,36721
2025-04-08,M025,48421
2025-04-08,M026,33843
2025-04-08,M027,45697
2025-04-08,M028,37650
2025-04-08,M029,51266
2025-04-08,M030,47277
2025-04-08,M031,28339
2025-04-08,M032,29483
2025-04-08,M033,59092
2025-04-08,M034,52554
2025-04-08,M035,66982
2025-04-08,M036,32975
2025-04-08,M037,36990
2025-04-08,M038,38849
2025-04-08,M039,53242
2025-04-08,M040,52047
2025-04-08,M041,65060
2025-04-08,M042,58494
2025-04-08,M043,40251
2025-04-08,M044,38306
2025-04-08,M045,68838
2025-04-08,M046,40738
2025-04-08,M047,51262
2025-04-08,M048,54050
2025-04-09,M001,13538
2025-04-09,M002,14270
2025-04-09,M003,21057
2025-04-09,M004,30199
2025-04-09,M005,49437
2025-04-09,M006,24449
2025-04-09,M007,28523
2025-04-09,M008,21631
2025-04-09,M009,32342
2025-04-09,M010,24395
2025-04-09,M011,29208
2025-04-09,M012,33060
2025-04-09,M013,36094
2025-04-09,M014,30988
2025-04-09,M015,30575
2025-04-09,M016,26035
2025-04-09,M017,40249
2025-04-09,M018,36072
2025-04-09,M019,34059
2025-04-09,M020,41641
2025-04-09,M021,40947
2025-04-09,M022,24578
2025-04-09,M023,35346
2025-04-09,M024,43656
2025-04-09,M025,53689
2025-04-09,M026,26664
2025-04-09,M027,44547
2025-04-09,M028,47692
2025-04-09,M029,47134
2025-04-09,M030,38908
2025-04-09,M031,29237
2025-04-09,M032,35419
2025-04-09,M033,53735
2025-04-09,M034,43782
2025-04-09,M035,65022
2025-04-09,M036,41503
2025-04-09,M037,37041
2025-04-09,M038,33279
2025-04-09,M039,52490
2025-04-09,M040,62098
2025-04-09,M041,64834
2025-04-09,M042,53647
2025-04-09,M043,36985
2025-04-09,M044,48251
2025-04-09,M045,74892
2025-04-09,M046,33583
2025-04-09,M047,56228
2025-04-09,M048,67834
2025-04-10,M001,8379
2025-04-10,M002,19644
2025-04-10,M003,18361
2025-04-10,M004,42864
2025-04-10,M005,26435
2025-04-10,M006,36548
2025-04-10,M007,24664
2025-04-10,M008,29746
2025-04-10,M009,18003
2025-04-10,M010,39453
2025-04-10,M011,24030
2025-04-10,M012,47823
2025-04-10,M013,21493
2025-04-10,M014,47217
2025-04-10,M015,26128
2025-04-10,M016,35288
2025-04-10,M017,24397
2025-04-10,M018,48956
2025-04-10,M019,28301
2025-04-10,M020,58434
2025-04-10,M021,25501
2025-04-10,M022,33374
2025-04-10,M023,32194
2025-04-10,M024,63821
2025-04-10,M025,27134
2025-04-10,M026,40326
2025-04-10,M027,37281
2025-04-10,M028,68121
2025-04-10,M029,28334
2025-04-10,M030,54134
2025-04-10,M031,25867
2025-04-10,M032,57387
2025-04-10,M033,30414
2025-04-10,M034,65444
2025-04-10,M035,58931
2025-04-10,M036,58787
2025-04-10,M037,22935
2025-04-10,M038,45786
2025-04-10,M039,41052
2025-04-10,M040,90018
2025-04-10,M041,36362
2025-04-10,M042,71140
2025-04-10,M043,32888
2025-04-10,M044,64321
2025-04-10,M045,38001
2025-04-10,M046,51931
2025-04-10,M047,43219
2025-04-10,M048,91844
2025-04-11,M001,10654
2025-04-11,M002,16567
2025-04-11,M003,25959
2025-04-11,M004,27381
2025-04-11,M005,33449
2025-04-11,M006,33692
2025-04-11,M007,31090
2025-04-11,M008,17604
2025-04-11,M009,27390
2025-04-11,M010,32697
2025-04-11,M011,31369
2025-04-11,M012,30463
2025-04-11,M013,31272
2025-04-11,M014,42377
2025-04-11,M015,36252
2025-04-11,M016,23197
2025-04-11,M017,32624
2025-04-11,M018,46733
2025-04-11,M019,37460
2025-04-11,M020,35827
2025-04-11,M021,32185
2025-04-11,M022,29653
2025-04-11,M023,45216
2025-04-11,M024,39900
2025-04-11,M025,36520
2025-04-11,M026,38201
2025-04-11,M027,47204
2025-04-11,M028,39965
2025-04-11,M029,35291
2025-04-11,M030,57301
2025-04-11,M031,32955
2025-04-11,M032,31806
2025-04-11,M033,43716
2025-04-11,M034,64838
2025-04-11,M035,78882
2025-04-11,M036,32560
2025-04-11,M037,29554
2025-04-11,M038,43582
2025-04-11,M039,53862
2025-04-11,M040,52159
2025-04-11,M041,46376
2025-04-11,M042,61684
2025-04-11,M043,46072
2025-04-11,M044,45252
2025-04-11,M045,52740
2025-04-11,M046,44519
2025-04-11,M047,64745
2025-04-11,M048,54986
2025-04-12,M001,14253
2025-04-12,M002,13550
2025-04-12,M003,19711
2025-04-12,M004,21444
2025-04-12,M005,45363
2025-04-12,M006,25721
2025-04-12,M007,26928
2025-04-12,M008,15091
2025-04-12,M009,31583
2025-04-12,M010,26200
2025-04-12,M011,23046
2025-04-12,M012,26790
2025-04-12,M013,35642
2025-04-12,M014,37080
2025-04-12,M015,29374
2025-04-12,M016,17095
2025-04-12,M017,36225
2025-04-12,M018,36211
2025-04-12,M019,30392
2025-04-12,M020,32126
2025-04-12,M021,36924
2025-04-12,M022,24134
2025-04-12,M023,31798
2025-04-12,M024,35166
2025-04-12,M025,45609
2025-04-12,M026,29150
2025-04-12,M027,42746
2025-04-12,M028,36256
2025-04-12,M029,44080
2025-04-12,M030,42662
2025-04-12,M031,28974
2025-04-12,M032,27753
2025-04-12,M033,53063
2025-04-12,M034,48458
2025-04-12,M035,66064
2025-04-12,M036,27528
2025-04-12,M037,37384
2025-04-12,M038,34775
2025-04-12,M039,46298
2025-04-12,M040,45120
2025-04-12,M041,57588
2025-04-12,M042,57214
2025-04-12,M043,37346
2025-04-12,M044,32813
2025-04-12,M045,63291
2025-04-12,M046,39883
2025-04-12,M047,48709
2025-04-12,M048,43328
2025-04-13,M001,14287
2025-04-13,M002,13200
2025-04-13,M003,21613
2025-04-13,M004,27866
2025-04-13,M005,39509
2025-04-13,M006,23875
2025-04-13,M007,27916
2025-04-13,M008,20456
2025-04-13,M009,30044
2025-04-13,M010,24063
2025-04-13,M011,25891
2025-04-13,M012,31427
2025-04-13,M013,32820
2025-04-13,M014,27637
2025-04-13,M015,25298
2025-04-13,M016,22547
2025-04-13,M017,37008
2025-04-13,M018,30088
2025-04-13,M019,28530
2025-04-13,M020,39708
2025-04-13,M021,39214
2025-04-13,M022,20472
2025-04-13,M023,34430
2025-04-13,M024,44700
2025-04-13,M025,43524
2025-04-13,M026,24574
2025-04-13,M027,36355
2025-04-13,M028,46300
2025-04-13,M029,42840
2025-04-13,M030,34362
2025-04-13,M031,27069
2025-04-13,M032,36795
2025-04-13,M033,55641
2025-04-13,M034,39396
2025-04-13,M035,62641
2025-04-13,M036,37599
2025-04-13,M037,33358
2025-04-13,M038,27946
2025-04-13,M039,45719
2025-04-13,M040,56075
2025-04-13,M041,53594
2025-04-13,M042,44152
2025-04-13,M043,36053
2025-04-13,M044,44288
2025-04-13,M045,68714
2025-04-13,M046,31220
2025-04-13,M047,51089
2025-04-13,M048,63843
2025-04-14,M001,8367
2025-04-14,M002,18682
2025-04-14,M003,19283
2025-04-14,M004,39044
2025-04-14,M005,24127
2025-04-14,M006,36392
2025-04-14,M007,22767
2025-04-14,M008,28831
2025-04-14,M009,20484
2025-04-14,M010,34700
2025-04-14,M011,24349
2025-04-14,M012,47153
2025-04-14,M013,22609
2025-04-14,M014,45138
2025-04-14,M015,26428
2025-04-14,M016,34387
2025-04-14,M017,22520
2025-04-14,M018,53205
2025-04-14,M019,29760
2025-04-14,M020,59668
2025-04-14,M021,22947
2025-04-14,M022,31775
2025-04-14,M023,33358
2025-04-14,M024,65247
2025-04-14,M025,28898
2025-04-14,M026,37326
2025-04-14,M027,34728
2025-04-14,M028,63179
2025-04-14,M029,27542
2025-04-14,M030,56536
2025-04-14,M031,26396
2025-04-14,M032,51403
2025-04-14,M033,30718
2025-04-14,M034,62139
2025-04-14,M035,59518
2025-04-14,M036,60806
2025-04-14,M037,22973
2025-04-14,M038,44038
2025-04-14,M039,40842
2025-04-14,M040,84871
2025-04-14,M041,32740
2025-04-14,M042,67701
2025-04-14,M043,35641
2025-04-14,M044,72489
2025-04-14,M045,40949
2025-04-14,M046,53939
2025-04-14,M047,45373
2025-04-14,M048,87527
2025-04-15,M001,10801
2025-04-15,M002,17811
2025-04-15,M003,27729
2025-04-15,M004,27449
2025-04-15,M005,33829
2025-04-15,M006,31646
2025-04-15,M007,31418
2025-04-15,M008,17365
2025-04-15,M009,26759
2025-04-15,M010,35021
2025-04-15,M011,31624
2025-04-15,M012,28051
2025-04-15,M013,28527
2025-04-15,M014,44019
2025-04-15,M015,35927
2025-04-15,M016,24490
2025-04-15,M017,33308
2025-04-15,M018,45112
2025-04-15,M019,39663
2025-04-15,M020,37697
2025-04-15,M021,35391
2025-04-15,M022,32921
2025-04-15,M023,43570
2025-04-15,M024,38268
2025-04-15,M025,41213
2025-04-15,M026,34999
2025-04-15,M027,51356
2025-04-15,M028,41861
2025-04-15,M029,36772
2025-04-15,M030,55492
2025-04-15,M031,31296
2025-04-15,M032,31463
2025-04-15,M033,43532
2025-04-15,M034,66642
2025-04-15,M035,83543
2025-04-15,M036,33474
2025-04-15,M037,31259
2025-04-15,M038,43404
2025-04-15,M039,56699
2025-04-15,M040,51490
2025-04-15,M041,43635
2025-04-15,M042,68726
2025-04-15,M043,42193
2025-04-15,M044,40881
2025-04-15,M045,58115
2025-04-15,M046,50330
2025-04-15,M047,63040
2025-04-15,M048,53521
2025-04-16,M001,15851
2025-04-16,M002,16996
2025-04-16,M003,23436
2025-04-16,M004,23592
2025-04-16,M005,50095
2025-04-16,M006,29837
2025-04-16,M007,31495
2025-04-16,M008,15418
2025-04-16,M009,34610
2025-04-16,M010,30296
2025-04-16,M011,25395
2025-04-16,M012,28726
2025-04-16,M013,38515
2025-04-16,M014,36094
2025-04-16,M015,28933
2025-04-16,M016,20902
2025-04-16,M017,39607
2025-04-16,M018,40977
2025-04-16,M019,34690
2025-04-16,M020,34683
2025-04-16,M021,44104
2025-04-16,M022,26810
2025-04-16,M023,36112
2025-04-16,M024,37148
2025-04-16,M025,49766
2025-04-16,M026,35406
2025-04-16,M027,43341
2025-04-16,M028,36306
2025-04-16,M029,49314
2025-04-16,M030,48230
2025-04-16,M031,29582
2025-04-16,M032,28860
2025-04-16,M033,55221
2025-04-16,M034,54164
2025-04-16,M035,71581
2025-04-16,M036,29979
2025-04-16,M037,38031
2025-04-16,M038,40064
2025-04-16,M039,50359
2025-04-16,M040,50287
2025-04-16,M041,58076
2025-04-16,M042,61252
2025-04-16,M043,41395
2025-04-16,M044,40358
2025-04-16,M045,69836
2025-04-16,M046,40989
2025-04-16,M047,53905
2025-04-16,M048,49930
2025-04-17,M001,13869
2025-04-17,M002,14085
2025-04-17,M003,23232
2025-04-17,M004,30846
2025-04-17,M005,43377
2025-04-17,M006,24988
2025-04-17,M007,31067
2025-04-17,M008,21082
2025-04-17,M009,31505
2025-04-17,M010,27427
2025-04-17,M011,27143
2025-04-17,M012,33642
2025-04-17,M013,37066
2025-04-17,M014,34369
2025-04-17,M015,30602
2025-04-17,M016,28286
2025-04-17,M017,38970
2025-04-17,M018,33517
2025-04-17,M019,34802
2025-04-17,M020,40249
2025-04-17,M021,40434
2025-04-17,M022,24185
2025-04-17,M023,36941
2025-04-17,M024,44622
2025-04-17,M025,54196
2025-04-17,M026,26607
2025-04-17,M027,46302
2025-04-17,M028,48496
2025-04-17,M029,48862
2025-04-17,M030,42467
2025-04-17,M031,30551
2025-04-17,M032,35577
2025-04-17,M033,61863
2025-04-17,M034,45555
2025-04-17,M035,74823
2025-04-17,M036,41025
2025-04-17,M037,42231
2025-04-17,M038,33938
2025-04-17,M039,49494
2025-04-17,M040,63559
2025-04-17,M041,56523
2025-04-17,M042,51487
2025-04-17,M043,40276
2025-04-17,M044,52792
2025-04-17,M045,69336
2025-04-17,M046,32987
2025-04-17,M047,54809
2025-04-17,M048,62222
2025-04-18,M001,8099
2025-04-18,M002,18030
2025-04-18,M003,19794
2025-04-18,M004,39678
2025-04-18,M005,25496
2025-04-18,M006,37623
2025-04-18,M007,24337
2025-04-18,M008,32010
2025-04-18,M009,19914
2025-04-18,M010,35410
2025-04-18,M011,24272
2025-04-18,M012,48321
2025-04-18,M013,21011
2025-04-18,M014,47947
2025-04-18,M015,26981
2025-04-18,M016,39567
2025-04-18,M017,24697
2025-04-18,M018,49279
2025-04-18,M019,29156
2025-04-18,M020,57622
2025-04-18,M021,23618
2025-04-18,M022,31935
2025-04-18,M023,31274
2025-04-18,M024,67179
2025-04-18,M025,30285
2025-04-18,M026,39266
2025-04-18,M027,39632
2025-04-18,M028,64735
2025-04-18,M029,28771
2025-04-18,M030,59449
2025-04-18,M031,25481
2025-04-18,M032,52016
2025-04-18,M033,30805
2025-04-18,M034,71233
2025-04-18,M035,63785
2025-04-18,M036,57112
2025-04-18,M037,21422
2025-04-18,M038,44773
2025-04-18,M039,43846
2025-04-18,M040,81021
2025-04-18,M041,32796
2025-04-18,M042,71972
2025-04-18,M043,32813
2025-04-18,M044,68674
2025-04-18,M045,41048
2025-04-18,M046,52781
2025-04-18,M047,42085
2025-04-18,M048,100023
2025-04-19,M001,9649
2025-04-19,M002,15375
2025-04-19,M003,22187
2025-04-19,M004,24837
2025-04-19,M005,34070
2025-04-19,M006,30192
2025-04-19,M007,28257
2025-04-19,M008,15567
2025-04-19,M009,23023
2025-04-19,M010,29012
2025-04-19,M011,26187
2025-04-19,M012,25543
2025-04-19,M013,25430
2025-04-19,M014,37323
2025-04-19,M015,33030
2025-04-19,M016,20385
2025-04-19,M017,28100
2025-04-19,M018,44716
2025-04-19,M019,34367
2025-04-19,M020,34931
2025-04-19,M021,31433
2025-04-19,M022,27509
2025-04-19,M023,40164
2025-04-19,M024,34763
2025-04-19,M025,33786
2025-04-19,M026,35446
2025-04-19,M027,41923
2025-04-19,M028,35767
2025-04-19,M029,32028
2025-04-19,M030,44605
2025-04-19,M031,31589
2025-04-19,M032,28617
2025-04-19,M033,38335
2025-04-19,M034,59350
2025-04-19,M035,70810
2025-04-19,M036,30220
2025-04-19,M037,25416
2025-04-19,M038,40959
2025-04-19,M039,49228
2025-04-19,M040,50114
2025-04-19,M041,42886
2025-04-19,M042,61301
2025-04-19,M043,41158
2025-04-19,M044,39376
2025-04-19,M045,49797
2025-04-19,M046,44200
2025-04-19,M047,54311
2025-04-19,M048,53868
2025-04-20,M001,14201
2025-04-20,M002,15594
2025-04-20,M003,19826
2025-04-20,M004,19943
2025-04-20,M005,39738
2025-04-20,M006,26265
2025-04-20,M007,25685
2025-04-20,M008,15775
2025-04-20,M009,32281
2025-04-20,M010,28601
2025-04-20,M011,24779
2025-04-20,M012,25388
2025-04-20,M013,37374
2025-04-20,M014,32383
2025-04-20,M015,29048
2025-04-20,M016,17700
2025-04-20,M017,36135
2025-04-20,M018,36371
2025-04-20,M019,33129
2025-04-20,M020,32453
2025-04-20,M021,42773
2025-04-20,M022,24481
2025-04-20,M023,31391
2025-04-20,M024,34454
2025-04-20,M025,49464
2025-04-20,M026,29865
2025-04-20,M027,39523
2025-04-20,M028,33237
2025-04-20,M029,48270
2025-04-20,M030,45572
2025-04-20,M031,26751
2025-04-20,M032,26812
2025-04-20,M033,54371
2025-04-20,M034,50826
2025-04-20,M035,68604
2025-04-20,M036,28866
2025-04-20,M037,37526
2025-04-20,M038,33952
2025-04-20,M039,42937
2025-04-20,M040,45966
2025-04-20,M041,55785
2025-04-20,M042,56100
2025-04-20,M043,36484
2025-04-20,M044,33689
2025-04-20,M045,67169
2025-04-20,M046,40572
2025-04-20,M047,50360
2025-04-20,M048,43294
2025-04-21,M001,14299
2025-04-21,M002,14712
2025-04-21,M003,23028
2025-04-21,M004,30422
2025-04-21,M005,42620
2025-04-21,M006,27875
2025-04-21,M007,31252
2025-04-21,M008,20224
2025-04-21,M009,34525
2025-04-21,M010,25476
2025-04-21,M011,25523
2025-04-21,M012,35376
2025-04-21,M013,36804
2025-04-21,M014,33108
2025-04-21,M015,32106
2025-04-21,M016,24722
2025-04-21,M017,40935
2025-04-21,M018,34915
2025-04-21,M019,36150
2025-04-21,M020,40999
2025-04-21,M021,43664
2025-04-21,M022,21850
2025-04-21,M023,39272
2025-04-21,M024,48124
2025-04-21,M025,53947
2025-04-21,M026,28250
2025-04-21,M027,46456
2025-04-21,M028,50567
2025-04-21,M029,47302
2025-04-21,M030,42114
2025-04-21,M031,29408
2025-04-21,M032,36067
2025-04-21,M033,61386
2025-04-21,M034,50117
2025-04-21,M035,69518
2025-04-21,M036,41986
2025-04-21,M037,42352
2025-04-21,M038,33598
2025-04-21,M039,46352
2025-04-21,M040,60971
2025-04-21,M041,58176
2025-04-21,M042,50739
2025-04-21,M043,39271
2025-04-21,M044,50629
2025-04-21,M045,71759
2025-04-21,M046,35751
2025-04-21,M047,51159
2025-04-21,M048,70705
2025-04-22,M001,8591
2025-04-22,M002,18982
2025-04-22,M003,19402
2025-04-22,M004,41394
2025-04-22,M005,24352
2025-04-22,M006,39271
2025-04-22,M007,26518
2025-04-22,M008,29139
2025-04-22,M009,19259
2025-04-22,M010,37366
2025-04-22,M011,23034
2025-04-22,M012,52998
2025-04-22,M013,21414
2025-04-22,M014,49159
2025-04-22,M015,25341
2025-04-22,M016,35658
2025-04-22,M017,22299
2025-04-22,M018,46928
2025-04-22,M019,28608
2025-04-22,M020,63173
2025-04-22,M021,22881
2025-04-22,M022,31780
2025-04-22,M023,32258
2025-04-22,M024,68904
2025-04-22,M025,28328
2025-04-22,M026,39341
2025-04-22,M027,37764
2025-04-22,M028,63961
2025-04-22,M029,27461
2025-04-22,M030,58586
2025-04-22,M031,25040
2025-04-22,M032,50250
2025-04-22,M033,31142
2025-04-22,M034,63199
2025-04-22,M035,60617
2025-04-22,M036,53878
2025-04-22,M037,20348
2025-04-22,M038,50030
2025-04-22,M039,39921
2025-04-22,M040,91484
2025-04-22,M041,31612
2025-04-22,M042,73427
2025-04-22,M043,33815
2025-04-22,M044,71227
2025-04-22,M045,40550
2025-04-22,M046,47990
2025-04-22,M047,49198
2025-04-22,M048,88648
2025-04-23,M001,12168
2025-04-23,M002,18598
2025-04-23,M003,26263
2025-04-23,M004,23933
2025-04-23,M005,34621
2025-04-23,M006,32570
2025-04-23,M007,36092
2025-04-23,M008,18695
2025-04-23,M009,25630
2025-04-23,M010,33374
2025-04-23,M011,33396
2025-04-23,M012,32683
2025-04-23,M013,31232
2025-04-23,M014,46535
2025-04-23,M015,34171
2025-04-23,M016,23017
2025-04-23,M017,29292
2025-04-23,M018,44168
2025-04-23,M019,41796
2025-04-23,M020,40274
2025-04-23,M021,34632
2025-04-23,M022,28739
2025-04-23,M023,41157
2025-04-23,M024,38300
2025-04-23,M025,35639
2025-04-23,M026,34703
2025-04-23,M027,51864
2025-04-23,M028,42344
2025-04-23,M029,39244
2025-04-23,M030,51316
2025-04-23,M031,35161
2025-04-23,M032,30246
2025-04-23,M033,44551
2025-04-23,M034,59511
2025-04-23,M035,83480
2025-04-23,M036,32694
2025-04-23,M037,28213
2025-04-23,M038,41369
2025-04-23,M039,53504
2025-04-23,M040,51369
2025-04-23,M041,44657
2025-04-23,M042,70899
2025-04-23,M043,42974
2025-04-23,M044,39591
2025-04-23,M045,57520
2025-04-23,M046,49295
2025-04-23,M047,62059
2025-04-23,M048,61441
2025-04-24,M001,15711
2025-04-24,M002,15797
2025-04-24,M003,21089
2025-04-24,M004,24638
2025-04-24,M005,50279
2025-04-24,M006,32030
2025-04-24,M007,28695
2025-04-24,M008,17078
2025-04-24,M009,32566
2025-04-24,M010,28314
2025-04-24,M011,26602
2025-04-24,M012,25885
2025-04-24,M013,39385
2025-04-24,M014,37637
2025-04-24,M015,32641
2025-04-24,M016,19106
2025-04-24,M017,39119
2025-04-24,M018,38690
2025-04-24,M019,33255
2025-04-24,M020,35888
2025-04-24,M021,44081
2025-04-24,M022,25580
2025-04-24,M023,34965
2025-04-24,M024,34769
2025-04-24,M025,52015
2025-04-24,M026,35238
2025-04-24,M027,47105
2025-04-24,M028,40668
2025-04-24,M029,51121
2025-04-24,M030,50756
2025-04-24,M031,28629
2025-04-24,M032,27821
2025-04-24,M033,55376
2025-04-24,M034,52912
2025-04-24,M035,73984
2025-04-24,M036,31596
2025-04-24,M037,40845
2025-04-24,M038,39934
2025-04-24,M039,49287
2025-04-24,M040,50470
2025-04-24,M041,59286
2025-04-24,M042,57783
2025-04-24,M043,42633
2025-04-24,M044,36037
2025-04-24,M045,75279
2025-04-24,M046,38758
2025-04-24,M047,58218
2025-04-24,M048,50729
2025-04-25,M001,14549
2025-04-25,M002,12645
2025-04-25,M003,22691
2025-04-25,M004,28905
2025-04-25,M005,43652
2025-04-25,M006,25525
2025-04-25,M007,29505
2025-04-25,M008,21481
2025-04-25,M009,36642
2025-04-25,M010,27732
2025-04-25,M011,28108
2025-04-25,M012,35507
2025-04-25,M013,38589
2025-04-25,M014,31282
2025-04-25,M015,31617
2025-04-25,M016,26212
2025-04-25,M017,40932
2025-04-25,M018,32946
2025-04-25,M019,36485
2025-04-25,M020,42527
2025-04-25,M021,45146
2025-04-25,M022,25050
2025-04-25,M023,36740
2025-04-25,M024,49140
2025-04-25,M025,47146
2025-04-25,M026,26331
2025-04-25,M027,44725
2025-04-25,M028,48698
2025-04-25,M029,50151
2025-04-25,M030,37598
2025-04-25,M031,30973
2025-04-25,M032,40580
2025-04-25,M033,54584
2025-04-25,M034,43868
2025-04-25,M035,66445
2025-04-25,M036,37992
2025-04-25,M037,40659
2025-04-25,M038,32673
2025-04-25,M039,48733
2025-04-25,M040,60164
2025-04-25,M041,60498
2025-04-25,M042,53223
2025-04-25,M043,41527
2025-04-25,M044,45899
2025-04-25,M045,70609
2025-04-25,M046,35923
2025-04-25,M047,52517
2025-04-25,M048,63818
2025-04-26,M001,7452
2025-04-26,M002,16708
2025-04-26,M003,16037
2025-04-26,M004,40197
2025-04-26,M005,24446
2025-04-26,M006,35857
2025-04-26,M007,22066
2025-04-26,M008,24730
2025-04-26,M009,16546
2025-04-26,M010,34813
2025-04-26,M011,20746
2025-04-26,M012,43299
2025-04-26,M013,18364
2025-04-26,M014,44644
2025-04-26,M015,22609
2025-04-26,M016,35225
2025-04-26,M017,20173
2025-04-26,M018,45509
2025-04-26,M019,26882
2025-04-26,M020,50490
2025-04-26,M021,20651
2025-04-26,M022,31791
2025-04-26,M023,29984
2025-04-26,M024,54860
2025-04-26,M025,24582
2025-04-26,M026,38034
2025-04-26,M027,33491
2025-04-26,M028,59960
2025-04-26,M029,23445
2025-04-26,M030,52161
2025-04-26,M031,21149
2025-04-26,M032,45585
2025-04-26,M033,27645
2025-04-26,M034,56406
2025-04-26,M035,52209
2025-04-26,M036,47509
2025-04-26,M037,20592
2025-04-26,M038,42206
2025-04-26,M039,38858
2025-04-26,M040,76772
2025-04-26,M041,31449
2025-04-26,M042,69445
2025-04-26,M043,30705
2025-04-26,M044,61867
2025-04-26,M045,36955
2025-04-26,M046,47356
2025-04-26,M047,38027
2025-04-26,M048,83932
2025-04-27,M001,10100
2025-04-27,M002,15377
2025-04-27,M003,21869
2025-04-27,M004,23243
2025-04-27,M005,34353
2025-04-27,M006,31023
2025-04-27,M007,30762
2025-04-27,M008,15827
2025-04-27,M009,24458
2025-04-27,M010,29718
2025-04-27,M011,29193
2025-04-27,M012,26758
2025-04-27,M013,27628
2025-04-27,M014,37197
2025-04-27,M015,33441
2025-04-27,M016,20790
2025-04-27,M017,29813
2025-04-27,M018,41551
2025-04-27,M019,34107
2025-04-27,M020,33133
2025-04-27,M021,28440
2025-04-27,M022,29089
2025-04-27,M023,38723
2025-04-27,M024,37010
2025-04-27,M025,36282
2025-04-27,M026,34587
2025-04-27,M027,48019
2025-04-27,M028,38901
2025-04-27,M029,33360
2025-04-27,M030,45910
2025-04-27,M031,29348
2025-04-27,M032,28031
2025-04-27,M033,39509
2025-04-27,M034,59310
2025-04-27,M035,68906
2025-04-27,M036,33653
2025-04-27,M037,25315
2025-04-27,M038,38123
2025-04-27,M039,48952
2025-04-27,M040,48510
2025-04-27,M041,40259
2025-04-27,M042,55734
2025-04-27,M043,42071
2025-04-27,M044,40585
2025-04-27,M045,47004
2025-04-27,M046,39838
2025-04-27,M047,59814
2025-04-27,M048,53884
2025-04-28,M001,14520
2025-04-28,M002,15862
2025-04-28,M003,22258
2025-04-28,M004,24048
2025-04-28,M005,44603
2025-04-28,M006,28451
2025-04-28,M007,30611
2025-04-28,M008,16527
2025-04-28,M009,31889
2025-04-28,M010,31350
2025-04-28,M011,27061
2025-04-28,M012,27103
2025-04-28,M013,37606
2025-04-28,M014,36708
2025-04-28,M015,30617
2025-04-28,M016,19933
2025-04-28,M017,44768
2025-04-28,M018,41467
2025-04-28,M019,37089
2025-04-28,M020,32631
2025-04-28,M021,42407
2025-04-28,M022,25885
2025-04-28,M023,38084
2025-04-28,M024,35998
2025-04-28,M025,53437
2025-04-28,M026,33026
2025-04-28,M027,40619
2025-04-28,M028,37671
2025-04-28,M029,48246
2025-04-28,M030,45528
2025-04-28,M031,31004
2025-04-28,M032,30080
2025-04-28,M033,62373
2025-04-28,M034,57730
2025-04-28,M035,71558
2025-04-28,M036,33795
2025-04-28,M037,39860
2025-04-28,M038,38453
2025-04-28,M039,48835
2025-04-28,M040,45032
2025-04-28,M041,58882
2025-04-28,M042,58084
2025-04-28,M043,39217
2025-04-28,M044,37768
2025-04-28,M045,75070
2025-04-28,M046,42085
2025-04-28,M047,57527
2025-04-28,M048,48295
2025-04-29,M001,14215
2025-04-29,M002,13920
2025-04-29,M003,22324
2025-04-29,M004,28113
2025-04-29,M005,46329
2025-04-29,M006,24106
2025-04-29,M007,31289
2025-04-29,M008,22348
2025-04-29,M009,36138
2025-04-29,M010,27881
2025-04-29,M011,25417
2025-04-29,M012,36898
2025-04-29,M013,38062
2025-04-29,M014,30436
2025-04-29,M015,29527
2025-04-29,M016,24424
2025-04-29,M017,42022
2025-04-29,M018,36193
2025-04-29,M019,34168
2025-04-29,M020,40913
2025-04-29,M021,41515
2025-04-29,M022,24049
2025-04-29,M023,34380
2025-04-29,M024,49177
2025-04-29,M025,53427
2025-04-29,M026,27884
2025-04-29,M027,40369
2025-04-29,M028,46711
2025-04-29,M029,51658
2025-04-29,M030,40165
2025-04-29,M031,28021
2025-04-29,M032,39234
2025-04-29,M033,60588
2025-04-29,M034,49783
2025-04-29,M035,68749
2025-04-29,M036,38106
2025-04-29,M037,36383
2025-04-29,M038,32471
2025-04-29,M039,47149
2025-04-29,M040,64832
2025-04-29,M041,61982
2025-04-29,M042,53343
2025-04-29,M043,39785
2025-04-29,M044,48845
2025-04-29,M045,76986
2025-04-29,M046,33283
2025-04-29,M047,53698
2025-04-29,M048,67873
2025-04-30,M001,8150
2025-04-30,M002,19767
2025-04-30,M003,17868
2025-04-30,M004,44667
2025-04-30,M005,23941
2025-04-30,M006,35642
2025-04-30,M007,25371
2025-04-30,M008,28802
2025-04-30,M009,19655
2025-04-30,M010,37126
2025-04-30,M011,21812
2025-04-30,M012,47966
2025-04-30,M013,22228
2025-04-30,M014,45383
2025-04-30,M015,24597
2025-04-30,M016,39266
2025-04-30,M017,22608
2025-04-30,M018,46314
2025-04-30,M019,27213
2025-04-30,M020,61844
2025-04-30,M021,23811
2025-04-30,M022,33721
2025-04-30,M023,33061
2025-04-30,M024,64719
2025-04-30,M025,26887
2025-04-30,M026,39161
2025-04-30,M027,36206
2025-04-30,M028,73196
2025-04-30,M029,26759
2025-04-30,M030,61601
2025-04-30,M031,25721
2025-04-30,M032,57535
2025-04-30,M033,31856
2025-04-30,M034,70211
2025-04-30,M035,64063
2025-04-30,M036,54784
2025-04-30,M037,23794
2025-04-30,M038,50081
2025-04-30,M039,45615
2025-04-30,M040,92970
2025-04-30,M041,34583
2025-04-30,M042,77266
2025-04-30,M043,34455
2025-04-30,M044,73685
2025-04-30,M045,38949
2025-04-30,M046,48149
2025-04-30,M047,47726
2025-04-30,M048,86554
2025-05-01,M001,13808
2025-05-01,M002,13960
2025-05-01,M003,20716
2025-05-01,M004,29517
2025-05-01,M005,44218
2025-05-01,M006,25651
2025-05-01,M007,29361
2025-05-01,M008,21104
2025-05-01,M009,35469
2025-05-01,M010,24818
2025-05-01,M011,29085
2025-05-01,M012,36567
2025-05-01,M013,38855
2025-05-01,M014,32460
2025-05-01,M015,30427
2025-05-01,M016,24486
2025-05-01,M017,40995
2025-05-01,M018,32228
2025-05-01,M019,32725
2025-05-01,M020,42873
2025-05-01,M021,45328
2025-05-01,M022,24992
2025-05-01,M023,34912
2025-05-01,M024,46375
2025-05-01,M025,50866
2025-05-01,M026,25839
2025-05-01,M027,40897
2025-05-01,M028,51576
2025-05-01,M029,51658
2025-05-01,M030,39750
2025-05-01,M031,31143
2025-05-01,M032,37582
2025-05-01,M033,60214
2025-05-01,M034,46222
2025-05-01,M035,67133
2025-05-01,M036,36769
2025-05-01,M037,39651
2025-05-01,M038,33277
2025-05-01,M039,52103
2025-05-01,M040,56669
2025-05-01,M041,57508
2025-05-01,M042,46646
2025-05-01,M043,38835
2025-05-01,M044,50486
2025-05-01,M045,69414
2025-05-01,M046,32992
2025-05-01,M047,50007
2025-05-01,M048,63380
2025-05-02,M001,8659
2025-05-02,M002,19416
2025-05-02,M003,18280
2025-05-02,M004,42264
2025-05-02,M005,24875
2025-05-02,M006,35866
2025-05-02,M007,23096
2025-05-02,M008,27649
2025-05-02,M009,17646
2025-05-02,M010,39324
2025-05-02,M011,22904
2025-05-02,M012,46287
2025-05-02,M013,21181
2025-05-02,M014,48972
2025-05-02,M015,24661
2025-05-02,M016,38994
2025-05-02,M017,23323
2025-05-02,M018,50560
2025-05-02,M019,27882
2025-05-02,M020,56572
2025-05-02,M021,24901
2025-05-02,M022,35261
2025-05-02,M023,32852
2025-05-02,M024,61379
2025-05-02,M025,26534
2025-05-02,M026,40144
2025-05-02,M027,38732
2025-05-02,M028,71095
2025-05-02,M029,26599
2025-05-02,M030,58053
2025-05-02,M031,23451
2025-05-02,M032,57058
2025-05-02,M033,32758
2025-05-02,M034,69429
2025-05-02,M035,57368
2025-05-02,M036,54722
2025-05-02,M037,22518
2025-05-02,M038,48023
2025-05-02,M039,44120
2025-05-02,M040,90928
2025-05-02,M041,33418
2025-05-02,M042,67797
2025-05-02,M043,35020
2025-05-02,M044,72843
2025-05-02,M045,38253
2025-05-02,M046,51511
2025-05-02,M047,45656
2025-05-02,M048,93766
2025-05-03,M001,10130
2025-05-03,M002,16618
2025-05-03,M003,22719
2025-05-03,M004,24085
2025-05-03,M005,30225
2025-05-03,M006,32517
2025-05-03,M007,28958
2025-05-03,M008,15672
2025-05-03,M009,24063
2025-05-03,M010,28222
2025-05-03,M011,26932
2025-05-03,M012,28452
2025-05-03,M013,25080
2025-05-03,M014,38381
2025-05-03,M015,33411
2025-05-03,M016,21929
2025-05-03,M017,29072
2025-05-03,M018,37889
2025-05-03,M019,34082
2025-05-03,M020,34142
2025-05-03,M021,29703
2025-05-03,M022,28969
2025-05-03,M023,38055
2025-05-03,M024,35642
2025-05-03,M025,33478
2025-05-03,M026,33719
2025-05-03,M027,47205
2025-05-03,M028,39837
2025-05-03,M029,32115
2025-05-03,M030,51264
2025-05-03,M031,31892
2025-05-03,M032,28303
2025-05-03,M033,39668
2025-05-03,M034,53965
2025-05-03,M035,73541
2025-05-03,M036,30427
2025-05-03,M037,27293
2025-05-03,M038,41630
2025-05-03,M039,47889
2025-05-03,M040,47389
2025-05-03,M041,42372
2025-05-03,M042,61874
2025-05-03,M043,40906
2025-05-03,M044,35430
2025-05-03,M045,46988
2025-05-03,M046,38752
2025-05-03,M047,55078
2025-05-03,M048,54219
2025-05-04,M001,13109
2025-05-04,M002,14433
2025-05-04,M003,20058
2025-05-04,M004,19079
2025-05-04,M005,44268
2025-05-04,M006,28064
2025-05-04,M007,25197
2025-05-04,M008,13832
2025-05-04,M009,30924
2025-05-04,M010,28727
2025-05-04,M011,24226
2025-05-04,M012,25697
2025-05-04,M013,33947
2025-05-04,M014,32862
2025-05-04,M015,26787
2025-05-04,M016,18115
2025-05-04,M017,35201
2025-05-04,M018,34923
2025-05-04,M019,30204
2025-05-04,M020,29297
2025-05-04,M021,38710
2025-05-04,M022,23719
2025-05-04,M023,32104
2025-05-04,M024,33433
2025-05-04,M025,43182
2025-05-04,M026,27812
2025-05-04,M027,39974
2025-05-04,M028,32711
2025-05-04,M029,41552
2025-05-04,M030,42922
2025-05-04,M031,26445
2025-05-04,M032,27055
2025-05-04,M033,49774
2025-05-04,M034,47641
2025-05-04,M035,65267
2025-05-04,M036,28872
2025-05-04,M037,33639
2025-05-04,M038,36177
2025-05-04,M039,42707
2025-05-04,M040,46090
2025-05-04,M041,55336
2025-05-04,M042,57174
2025-05-04,M043,34585
2025-05-04,M044,33652
2025-05-04,M045,62045
2025-05-04,M046,39926
2025-05-04,M047,47634
2025-05-04,M048,46768
2025-05-05,M001,14729
2025-05-05,M002,13263
2025-05-05,M003,21795
2025-05-05,M004,30021
2025-05-05,M005,46399
2025-05-05,M006,24712
2025-05-05,M007,27519
2025-05-05,M008,20946
2025-05-05,M009,35857
2025-05-05,M010,25169
2025-05-05,M011,27149
2025-05-05,M012,35841
2025-05-05,M013,35677
2025-05-05,M014,31086
2025-05-05,M015,32064
2025-05-05,M016,26621
2025-05-05,M017,43954
2025-05-05,M018,37308
2025-05-05,M019,36526
2025-05-05,M020,44048
2025-05-05,M021,40131
2025-05-05,M022,22483
2025-05-05,M023,38762
2025-05-05,M024,43410
2025-05-05,M025,50732
2025-05-05,M026,28633
2025-05-05,M027,42784
2025-05-05,M028,51454
2025-05-05,M029,46249
2025-05-05,M030,39037
2025-05-05,M031,27074
2025-05-05,M032,36121
2025-05-05,M033,60175
2025-05-05,M034,48716
2025-05-05,M035,72868
2025-05-05,M036,41865
2025-05-05,M037,36524
2025-05-05,M038,33053
2025-05-05,M039,51034
2025-05-05,M040,59067
2025-05-05,M041,62865
2025-05-05,M042,52382
2025-05-05,M043,39478
2025-05-05,M044,48140
2025-05-05,M045,71719
2025-05-05,M046,36199
2025-05-05,M047,50949
2025-05-05,M048,63100
2025-05-06,M001,8264
2025-05-06,M002,17942
2025-05-06,M003,17996
2025-05-06,M004,40961
2025-05-06,M005,23863
2025-05-06,M006,34476
2025-05-06,M007,22628
2025-05-06,M008,31398
2025-05-06,M009,18878
2025-05-06,M010,35469
2025-05-06,M011,24404
2025-05-06,M012,50567
2025-05-06,M013,22303
2025-05-06,M014,48083
2025-05-06,M015,27340
2025-05-06,M016,34705
2025-05-06,M017,22501
2025-05-06,M018,46833
2025-05-06,M019,30521
2025-05-06,M020,56736
2025-05-06,M021,23762
2025-05-06,M022,32992
2025-05-06,M023,33076
2025-05-06,M024,61361
2025-05-06,M025,27442
2025-05-06,M026,38362
2025-05-06,M027,35831
2025-05-06,M028,69276
2025-05-06,M029,25938
2025-05-06,M030,55956
2025-05-06,M031,26486
2025-05-06,M032,50494
2025-05-06,M033,32165
2025-05-06,M034,68042
2025-05-06,M035,59459
2025-05-06,M036,56275
2025-05-06,M037,22313
2025-05-06,M038,44080
2025-05-06,M039,45352
2025-05-06,M040,80855
2025-05-06,M041,34098
2025-05-06,M042,75725
2025-05-06,M043,32171
2025-05-06,M044,71132
2025-05-06,M045,41642
2025-05-06,M046,53146
2025-05-06,M047,44998
2025-05-06,M048,86165
2025-05-07,M001,10308
2025-05-07,M002,17924
2025-05-07,M003,23978
2025-05-07,M004,24912
2025-05-07,M005,34086
2025-05-07,M006,36256
2025-05-07,M007,35126
2025-05-07,M008,19325
2025-05-07,M009,25617
2025-05-07,M010,34069
2025-05-07,M011,32953
2025-05-07,M012,29140
2025-05-07,M013,28320
2025-05-07,M014,45293
2025-05-07,M015,35954
2025-05-07,M016,21469
2025-05-07,M017,29622
2025-05-07,M018,42213
2025-05-07,M019,39445
2025-05-07,M020,38957
2025-05-07,M021,34948
2025-05-07,M022,30457
2025-05-07,M023,40535
2025-05-07,M024,42244
2025-05-07,M025,38657
2025-05-07,M026,35953
2025-05-07,M027,49223
2025-05-07,M028,38420
2025-05-07,M029,39580
2025-05-07,M030,55847
2025-05-07,M031,35033
2025-05-07,M032,32572
2025-05-07,M033,45532
2025-05-07,M034,57189
2025-05-07,M035,83540
2025-05-07,M036,33419
2025-05-07,M037,28108
2025-05-07,M038,42430
2025-05-07,M039,59973
2025-05-07,M040,50644
2025-05-07,M041,46344
2025-05-07,M042,61529
2025-05-07,M043,47205
2025-05-07,M044,40285
2025-05-07,M045,57949
2025-05-07,M046,43707
2025-05-07,M047,66269
2025-05-07,M048,52961
2025-05-08,M001,15876
2025-05-08,M002,16551
2025-05-08,M003,20900
2025-05-08,M004,23935
2025-05-08,M005,47430
2025-05-08,M006,32216
2025-05-08,M007,30721
2025-05-08,M008,17611
2025-05-08,M009,32475
2025-05-08,M010,29962
2025-05-08,M011,26707
2025-05-08,M012,26313
2025-05-08,M013,38742
2025-05-08,M014,40724
2025-05-08,M015,32323
2025-05-08,M016,19533
2025-05-08,M017,43621
2025-05-08,M018,39922
2025-05-08,M019,36755
2025-05-08,M020,32527
2025-05-08,M021,47441
2025-05-08,M022,25665
2025-05-08,M023,36410
2025-05-08,M024,37232
2025-05-08,M025,53476
2025-05-08,M026,31690
2025-05-08,M027,40851
2025-05-08,M028,40182
2025-05-08,M029,50319
2025-05-08,M030,47056
2025-05-08,M031,31051
2025-05-08,M032,29469
2025-05-08,M033,54600
2025-05-08,M034,53837
2025-05-08,M035,67611
2025-05-08,M036,29553
2025-05-08,M037,40644
2025-05-08,M038,39369
2025-05-08,M039,51406
2025-05-08,M040,49284
2025-05-08,M041,64171
2025-05-08,M042,54347
2025-05-08,M043,38916
2025-05-08,M044,38572
2025-05-08,M045,78931
2025-05-08,M046,41150
2025-05-08,M047,54134
2025-05-08,M048,50252
2025-05-09,M001,13452
2025-05-09,M002,14212
2025-05-09,M003,21781
2025-05-09,M004,30252
2025-05-09,M005,46782
2025-05-09,M006,24136
2025-05-09,M007,29348
2025-05-09,M008,20463
2025-05-09,M009,32131
2025-05-09,M010,27841
2025-05-09,M011,26662
2025-05-09,M012,35606
2025-05-09,M013,39777
2025-05-09,M014,33893
2025-05-09,M015,27924
2025-05-09,M016,25876
2025-05-09,M017,42702
2025-05-09,M018,35157
2025-05-09,M019,36619
2025-05-09,M020,43781
2025-05-09,M021,43677
2025-05-09,M022,23221
2025-05-09,M023,34366
2025-05-09,M024,46479
2025-05-09,M025,47576
2025-05-09,M026,29905
2025-05-09,M027,40180
2025-05-09,M028,51702
2025-05-09,M029,44595
2025-05-09,M030,40031
2025-05-09,M031,28733
2025-05-09,M032,40518
2025-05-09,M033,60655
2025-05-09,M034,49966
2025-05-09,M035,68933
2025-05-09,M036,37865
2025-05-09,M037,37703
2025-05-09,M038,32575
2025-05-09,M039,48045
2025-05-09,M040,63502
2025-05-09,M041,56973
2025-05-09,M042,48009
2025-05-09,M043,39082
2025-05-09,M044,51461
2025-05-09,M045,76448
2025-05-09,M046,33480
2025-05-09,M047,53944
2025-05-09,M048,62212
2025-05-10,M001,6840
2025-05-10,M002,17856
2025-05-10,M003,16557
2025-05-10,M004,36412
2025-05-10,M005,22539
2025-05-10,M006,32839
2025-05-10,M007,20961
2025-05-10,M008,24778
2025-05-10,M009,16674
2025-05-10,M010,34922
2025-05-10,M011,20050
2025-05-10,M012,46851
2025-05-10,M013,18531
2025-05-10,M014,38537
2025-05-10,M015,21491
2025-05-10,M016,31843
2025-05-10,M017,20777
2025-05-10,M018,44782
2025-05-10,M019,24798
2025-05-10,M020,52441
2025-05-10,M021,22833
2025-05-10,M022,30790
2025-05-10,M023,29903
2025-05-10,M024,62682
2025-05-10,M025,26478
2025-05-10,M026,33693
2025-05-10,M027,32791
2025-05-10,M028,65890
2025-05-10,M029,25016
2025-05-10,M030,47876
2025-05-10,M031,23410
2025-05-10,M032,47509
2025-05-10,M033,29467
2025-05-10,M034,61342
2025-05-10,M035,55782
2025-05-10,M036,51687
2025-05-10,M037,19575
2025-05-10,M038,40953
2025-05-10,M039,38554
2025-05-10,M040,75567
2025-05-10,M041,28650
2025-05-10,M042,66780
2025-05-10,M043,28603
2025-05-10,M044,57492
2025-05-10,M045,34590
2025-05-10,M046,48321
2025-05-10,M047,39354
2025-05-10,M048,82670
2025-05-11,M001,10162
2025-05-11,M002,16019
2025-05-11,M003,24743
2025-05-11,M004,23830
2025-05-11,M005,33946
2025-05-11,M006,30176
2025-05-11,M007,29692
2025-05-11,M008,15464
2025-05-11,M009,21585
2025-05-11,M010,31555
2025-05-11,M011,26907
2025-05-11,M012,25660
2025-05-11,M013,28700
2025-05-11,M014,37640
2025-05-11,M015,29400
2025-05-11,M016,20256
2025-05-11,M017,29553
2025-05-11,M018,39298
2025-05-11,M019,37174
2025-05-11,M020,35555
2025-05-11,M021,27907
2025-05-11,M022,28316
2025-05-11,M023,39101
2025-05-11,M024,36235
2025-05-11,M025,37300
2025-05-11,M026,33200
2025-05-11,M027,44278
2025-05-11,M028,37104
2025-05-11,M029,31186
2025-05-11,M030,46356
2025-05-11,M031,28771
2025-05-11,M032,29981
2025-05-11,M033,38505
2025-05-11,M034,59335
2025-05-11,M035,69901
2025-05-11,M036,30324
2025-05-11,M037,27015
2025-05-11,M038,41277
2025-05-11,M039,49169
2025-05-11,M040,44214
2025-05-11,M041,39185
2025-05-11,M042,60644
2025-05-11,M043,41369
2025-05-11,M044,37233
2025-05-11,M045,47060
2025-05-11,M046,41861
2025-05-11,M047,53016
2025-05-11,M048,48038
2025-05-12,M001,14201
2025-05-12,M002,15939
2025-05-12,M003,21928
2025-05-12,M004,24388
2025-05-12,M005,44438
2025-05-12,M006,31506
2025-05-12,M007,30996
2025-05-12,M008,15403
2025-05-12,M009,35648
2025-05-12,M010,29493
2025-05-12,M011,27708
2025-05-12,M012,25139
2025-05-12,M013,40608
2025-05-12,M014,35466
2025-05-12,M015,32214
2025-05-12,M016,19684
2025-05-12,M017,42016
2025-05-12,M018,40992
2025-05-12,M019,34424
2025-05-12,M020,33075
2025-05-12,M021,40951
2025-05-12,M022,28086
2025-05-12,M023,37147
2025-05-12,M024,37927
2025-05-12,M025,50820
2025-05-12,M026,32447
2025-05-12,M027,47002
2025-05-12,M028,36616
2025-05-12,M029,52223
2025-05-12,M030,50985
2025-05-12,M031,30037
2025-05-12,M032,28760
2025-05-12,M033,60993
2025-05-12,M034,50727
2025-05-12,M035,71890
2025-05-12,M036,32552
2025-05-12,M037,38413
2025-05-12,M038,36570
2025-05-12,M039,53523
2025-05-12,M040,48312
2025-05-12,M041,60155
2025-05-12,M042,54243
2025-05-12,M043,42118
2025-05-12,M044,35535
2025-05-12,M045,70424
2025-05-12,M046,39515
2025-05-12,M047,54814
2025-05-12,M048,49538
2025-05-13,M001,13778
2025-05-13,M002,14463
2025-05-13,M003,21464
2025-05-13,M004,30484
2025-05-13,M005,47316
2025-05-13,M006,26948
2025-05-13,M007,29032
2025-05-13,M008,21704
2025-05-13,M009,33995
2025-05-13,M010,26623
2025-05-13,M011,28337
2025-05-13,M012,32915
2025-05-13,M013,39193
2025-05-13,M014,32778
2025-05-13,M015,31321
2025-05-13,M016,26964
2025-05-13,M017,44170
2025-05-13,M018,32498
2025-05-13,M019,34521
2025-05-13,M020,41556
2025-05-13,M021,46117
2025-05-13,M022,21895
2025-05-13,M023,35265
2025-05-13,M024,48769
2025-05-13,M025,46769
2025-05-13,M026,25737
2025-05-13,M027,45397
2025-05-13,M028,48267
2025-05-13,M029,49762
2025-05-13,M030,37424
2025-05-13,M031,31488
2025-05-13,M032,37986
2025-05-13,M033,57309
2025-05-13,M034,48591
2025-05-13,M035,71585
2025-05-13,M036,42386
2025-05-13,M037,40001
2025-05-13,M038,31765
2025-05-13,M039,48556
2025-05-13,M040,59701
2025-05-13,M041,62362
2025-05-13,M042,50700
2025-05-13,M043,40635
2025-05-13,M044,51908
2025-05-13,M045,72244
2025-05-13,M046,37487
2025-05-13,M047,52575
2025-05-13,M048,69920
2025-05-14,M001,8786
2025-05-14,M002,20635
2025-05-14,M003,19310
2025-05-14,M004,42794
2025-05-14,M005,25567
2025-05-14,M006,36830
2025-05-14,M007,25363
2025-05-14,M008,30546
2025-05-14,M009,19305
2025-05-14,M010,35893
2025-05-14,M011,22698
2025-05-14,M012,49834
2025-05-14,M013,22652
2025-05-14,M014,44717
2025-05-14,M015,24030
2025-05-14,M016,34143
2025-05-14,M017,22667
2025-05-14,M018,47765
2025-05-14,M019,29053
2025-05-14,M020,60796
2025-05-14,M021,25069
2025-05-14,M022,34625
2025-05-14,M023,33181
2025-05-14,M024,62450
2025-05-14,M025,27060
2025-05-14,M026,41172
2025-05-14,M027,37991
2025-05-14,M028,67977
2025-05-14,M029,29096
2025-05-14,M030,60134
2025-05-14,M031,24813
2025-05-14,M032,52842
2025-05-14,M033,30950
2025-05-14,M034,63307
2025-05-14,M035,59693
2025-05-14,M036,58350
2025-05-14,M037,23585
2025-05-14,M038,47351
2025-05-14,M039,41544
2025-05-14,M040,86630
2025-05-14,M041,31600
2025-05-14,M042,69594
2025-05-14,M043,30879
2025-05-14,M044,63510
2025-05-14,M045,42046
2025-05-14,M046,52452
2025-05-14,M047,44861
2025-05-14,M048,89878
2025-05-15,M001,10463
2025-05-15,M002,18753
2025-05-15,M003,26994
2025-05-15,M004,24521
2025-05-15,M005,35676
2025-05-15,M006,33064
2025-05-15,M007,31060
2025-05-15,M008,17420
2025-05-15,M009,24419
2025-05-15,M010,36215
2025-05-15,M011,32605
2025-05-15,M012,31352
2025-05-15,M013,29037
2025-05-15,M014,42208
2025-05-15,M015,36470
2025-05-15,M016,23335
2025-05-15,M017,28888
2025-05-15,M018,45291
2025-05-15,M019,37084
2025-05-15,M020,34272
2025-05-15,M021,32887
2025-05-15,M022,32893
2025-05-15,M023,43947
2025-05-15,M024,40018
2025-05-15,M025,39952
2025-05-15,M026,37908
2025-05-15,M027,53385
2025-05-15,M028,40130
2025-05-15,M029,39525
2025-05-15,M030,56931
2025-05-15,M031,32139
2025-05-15,M032,32555
2025-05-15,M033,42007
2025-05-15,M034,64837
2025-05-15,M035,80302
2025-05-15,M036,33680
2025-05-15,M037,30141
2025-05-15,M038,44320
2025-05-15,M039,54484
2025-05-15,M040,50855
2025-05-15,M041,48310
2025-05-15,M042,67496
2025-05-15,M043,43046
2025-05-15,M044,44339
2025-05-15,M045,53946
2025-05-15,M046,47293
2025-05-15,M047,65200
2025-05-15,M048,52583
2025-05-16,M001,14992
2025-05-16,M002,14663
2025-05-16,M003,24025
2025-05-16,M004,24416
2025-05-16,M005,43992
2025-05-16,M006,31607
2025-05-16,M007,29466
2025-05-16,M008,15436
2025-05-16,M009,34842
2025-05-16,M010,31550
2025-05-16,M011,27360
2025-05-16,M012,28040
2025-05-16,M013,39772
2025-05-16,M014,37691
2025-05-16,M015,29283
2025-05-16,M016,21976
2025-05-16,M017,39482
2025-05-16,M018,39923
2025-05-16,M019,31761
2025-05-16,M020,32868
2025-05-16,M021,46067
2025-05-16,M022,26616
2025-05-16,M023,35879
2025-05-16,M024,36562
2025-05-16,M025,52883
2025-05-16,M026,32289
2025-05-16,M027,42685
2025-05-16,M028,39912
2025-05-16,M029,50342
2025-05-16,M030,44839
2025-05-16,M031,28852
2025-05-16,M032,29469
2025-05-16,M033,61489
2025-05-16,M034,55785
2025-05-16,M035,71618
2025-05-16,M036,33111
2025-05-16,M037,37708
2025-05-16,M038,39295
2025-05-16,M039,52458
2025-05-16,M040,50266
2025-05-16,M041,58335
2025-05-16,M042,60065
2025-05-16,M043,40839
2025-05-16,M044,36614
2025-05-16,M045,76989
2025-05-16,M046,44229
2025-05-16,M047,58383
2025-05-16,M048,51302
2025-05-17,M001,12599
2025-05-17,M002,11463
2025-05-17,M003,19066
2025-05-17,M004,26605
2025-05-17,M005,42561
2025-05-17,M006,21867
2025-05-17,M007,24413
2025-05-17,M008,18293
2025-05-17,M009,29287
2025-05-17,M010,24057
2025-05-17,M011,24697
2025-05-17,M012,32787
2025-05-17,M013,34088
2025-05-17,M014,27201
2025-05-17,M015,26693
2025-05-17,M016,23638
2025-05-17,M017,37404
2025-05-17,M018,33084
2025-05-17,M019,32197
2025-05-17,M020,39112
2025-05-17,M021,41760
2025-05-17,M022,21240
2025-05-17,M023,33014
2025-05-17,M024,44930
2025-05-17,M025,41852
2025-05-17,M026,26609
2025-05-17,M027,37161
2025-05-17,M028,45361
2025-05-17,M029,45815
2025-05-17,M030,34362
2025-05-17,M031,25577
2025-05-17,M032,32198
2025-05-17,M033,51689
2025-05-17,M034,39571
2025-05-17,M035,59349
2025-05-17,M036,37014
2025-05-17,M037,33876
2025-05-17,M038,28463
2025-05-17,M039,43924
2025-05-17,M040,58175
2025-05-17,M041,55080
2025-05-17,M042,45552
2025-05-17,M043,36051
2025-05-17,M044,40727
2025-05-17,M045,70619
2025-05-17,M046,32304
2025-05-17,M047,48576
2025-05-17,M048,63081
2025-05-18,M001,7648
2025-05-18,M002,17605
2025-05-18,M003,15960
2025-05-18,M004,36536
2025-05-18,M005,24206
2025-05-18,M006,32717
2025-05-18,M007,21287
2025-05-18,M008,25652
2025-05-18,M009,16731
2025-05-18,M010,31633
2025-05-18,M011,19855
2025-05-18,M012,42445
2025-05-18,M013,19182
2025-05-18,M014,39514
2025-05-18,M015,22066
2025-05-18,M016,33411
2025-05-18,M017,20138
2025-05-18,M018,42259
2025-05-18,M019,25218
2025-05-18,M020,54682
2025-05-18,M021,23289
2025-05-18,M022,30239
2025-05-18,M023,27469
2025-05-18,M024,58603
2025-05-18,M025,25346
2025-05-18,M026,34679
2025-05-18,M027,34204
2025-05-18,M028,63097
2025-05-18,M029,22676
2025-05-18,M030,52810
2025-05-18,M031,21268
2025-05-18,M032,48144
2025-05-18,M033,28885
2025-05-18,M034,56138
2025-05-18,M035,55987
2025-05-18,M036,49259
2025-05-18,M037,20442
2025-05-18,M038,45270
2025-05-18,M039,38793
2025-05-18,M040,83770
2025-05-18,M041,28842
2025-05-18,M042,62488
2025-05-18,M043,29987
2025-05-18,M044,64255
2025-05-18,M045,38808
2025-05-18,M046,46834
2025-05-18,M047,41843
2025-05-18,M048,79267
2025-05-19,M001,11048
2025-05-19,M002,17693
2025-05-19,M003,25468
2025-05-19,M004,23715
2025-05-19,M005,33972
2025-05-19,M006,33958
2025-05-19,M007,31776
2025-05-19,M008,18470
2025-05-19,M009,24931
2025-05-19,M010,31833
2025-05-19,M011,30040
2025-05-19,M012,29772
2025-05-19,M013,28177
2025-05-19,M014,43592
2025-05-19,M015,36962
2025-05-19,M016,22849
2025-05-19,M017,33404
2025-05-19,M018,45518
2025-05-19,M019,39257
2025-05-19,M020,38700
2025-05-19,M021,32270
2025-05-19,M022,31700
2025-05-19,M023,43993
2025-05-19,M024,39000
2025-05-19,M025,39367
2025-05-19,M026,35354
2025-05-19,M027,47835
2025-05-19,M028,43063
2025-05-19,M029,38607
2025-05-19,M030,55556
2025-05-19,M031,32703
2025-05-19,M032,31811
2025-05-19,M033,40638
2025-05-19,M034,60068
2025-05-19,M035,80529
2025-05-19,M036,36910
2025-05-19,M037,31858
2025-05-19,M038,45837
2025-05-19,M039,52807
2025-05-19,M040,50913
2025-05-19,M041,44599
2025-05-19,M042,67188
2025-05-19,M043,44288
2025-05-19,M044,39424
2025-05-19,M045,57553
2025-05-19,M046,47871
2025-05-19,M047,57570
2025-05-19,M048,55924
2025-05-20,M001,14975
2025-05-20,M002,16369
2025-05-20,M003,23632
2025-05-20,M004,21466
2025-05-20,M005,49485
2025-05-20,M006,28651
2025-05-20,M007,31482
2025-05-20,M008,15628
2025-05-20,M009,34787
2025-05-20,M010,31192
2025-05-20,M011,25483
2025-05-20,M012,27186
2025-05-20,M013,41834
2025-05-20,M014,40780
2025-05-20,M015,28778
2025-05-20,M016,18759
2025-05-20,M017,39316
2025-05-20,M018,38927
2025-05-20,M019,35529
2025-05-20,M020,31391
2025-05-20,M021,42086
2025-05-20,M022,27362
2025-05-20,M023,37364
2025-05-20,M024,34026
2025-05-20,M025,53946
2025-05-20,M026,34958
2025-05-20,M027,46729
2025-05-20,M028,35567
2025-05-20,M029,46401
2025-05-20,M030,50051
2025-05-20,M031,31180
2025-05-20,M032,27379
2025-05-20,M033,54220
2025-05-20,M034,53487
2025-05-20,M035,74696
2025-05-20,M036,31010
2025-05-20,M037,38321
2025-05-20,M038,38628
2025-05-20,M039,50003
2025-05-20,M040,51635
2025-05-20,M041,66082
2025-05-20,M042,63063
2025-05-20,M043,36602
2025-05-20,M044,37532
2025-05-20,M045,79506
2025-05-20,M046,39118
2025-05-20,M047,52686
2025-05-20,M048,49756
2025-05-21,M001,13825
2025-05-21,M002,14413
2025-05-21,M003,21947
2025-05-21,M004,28389
2025-05-21,M005,45637
2025-05-21,M006,26702
2025-05-21,M007,29807
2025-05-21,M008,21777
2025-05-21,M009,32335
2025-05-21,M010,26747
2025-05-21,M011,25618
2025-05-21,M012,35510
2025-05-21,M013,38498
2025-05-21,M014,30775
2025-05-21,M015,30407
2025-05-21,M016,25863
2025-05-21,M017,42910
2025-05-21,M018,34269
2025-05-21,M019,35194
2025-05-21,M020,44925
2025-05-21,M021,42665
2025-05-21,M022,24304
2025-05-21,M023,38030
2025-05-21,M024,45103
2025-05-21,M025,48552
2025-05-21,M026,26491
2025-05-21,M027,41929
2025-05-21,M028,44438
2025-05-21,M029,44751
2025-05-21,M030,37035
2025-05-21,M031,29126
2025-05-21,M032,35399
2025-05-21,M033,55831
2025-05-21,M034,44608
2025-05-21,M035,66043
2025-05-21,M036,37284
2025-05-21,M037,39737
2025-05-21,M038,33125
2025-05-21,M039,50077
2025-05-21,M040,62071
2025-05-21,M041,61915
2025-05-21,M042,48276
2025-05-21,M043,38225
2025-05-21,M044,48152
2025-05-21,M045,69944
2025-05-21,M046,35456
2025-05-21,M047,55471
2025-05-21,M048,67037
2025-05-22,M001,8478
2025-05-22,M002,19673
2025-05-22,M003,18980
2025-05-22,M004,40994
2025-05-22,M005,27484
2025-05-22,M006,35145
2025-05-22,M007,24182
2025-05-22,M008,30108
2025-05-22,M009,19447
2025-05-22,M010,35395
2025-05-22,M011,21243
2025-05-22,M012,50286
2025-05-22,M013,23245
2025-05-22,M014,44084
2025-05-22,M015,25433
2025-05-22,M016,35632
2025-05-22,M017,22510
2025-05-22,M018,50764
2025-05-22,M019,30493
2025-05-22,M020,57391
2025-05-22,M021,26105
2025-05-22,M022,34670
2025-05-22,M023,30229
2025-05-22,M024,69759
2025-05-22,M025,27845
2025-05-22,M026,41487
2025-05-22,M027,38410
2025-05-22,M028,66572
2025-05-22,M029,26825
2025-05-22,M030,60922
2025-05-22,M031,24690
2025-05-22,M032,54139
2025-05-22,M033,32957
2025-05-22,M034,63102
2025-05-22,M035,61769
2025-05-22,M036,56782
2025-05-22,M037,20871
2025-05-22,M038,44691
2025-05-22,M039,39456
2025-05-22,M040,85079
2025-05-22,M041,34604
2025-05-22,M042,67864
2025-05-22,M043,30392
2025-05-22,M044,65588
2025-05-22,M045,40618
2025-05-22,M046,48998
2025-05-22,M047,46151
2025-05-22,M048,95535
2025-05-23,M001,10986
2025-05-23,M002,18198
2025-05-23,M003,26143
2025-05-23,M004,25518
2025-05-23,M005,34189
2025-05-23,M006,34904
2025-05-23,M007,31595
2025-05-23,M008,18143
2025-05-23,M009,25188
2025-05-23,M010,34717
2025-05-23,M011,28592
2025-05-23,M012,32182
2025-05-23,M013,28417
2025-05-23,M014,42287
2025-05-23,M015,36169
2025-05-23,M016,21942
2025-05-23,M017,31454
2025-05-23,M018,46945
2025-05-23,M019,37508
2025-05-23,M020,34528
2025-05-23,M021,33121
2025-05-23,M022,29741
2025-05-23,M023,40219
2025-05-23,M024,38069
2025-05-23,M025,37421
2025-05-23,M026,39108
2025-05-23,M027,46651
2025-05-23,M028,40778
2025-05-23,M029,35930
2025-05-23,M030,50831
2025-05-23,M031,35394
2025-05-23,M032,30062
2025-05-23,M033,41261
2025-05-23,M034,63486
2025-05-23,M035,84959
2025-05-23,M036,32691
2025-05-23,M037,31433
2025-05-23,M038,46568
2025-05-23,M039,59966
2025-05-23,M040,53705
2025-05-23,M041,49601
2025-05-23,M042,65434
2025-05-23,M043,43556
2025-05-23,M044,44970
2025-05-23,M045,58112
2025-05-23,M046,50208
2025-05-23,M047,61973
2025-05-23,M048,56036
2025-05-24,M001,12496
2025-05-24,M002,13503
2025-05-24,M003,20948
2025-05-24,M004,21026
2025-05-24,M005,43074
2025-05-24,M006,27504
2025-05-24,M007,27677
2025-05-24,M008,14979
2025-05-24,M009,29051
2025-05-24,M010,26242
2025-05-24,M011,25055
2025-05-24,M012,23064
2025-05-24,M013,38246
2025-05-24,M014,36285
2025-05-24,M015,26985
2025-05-24,M016,18987
2025-05-24,M017,36187
2025-05-24,M018,39525
2025-05-24,M019,29501
2025-05-24,M020,29600
2025-05-24,M021,37183
2025-05-24,M022,26318
2025-05-24,M023,33848
2025-05-24,M024,30287
2025-05-24,M025,47365
2025-05-24,M026,31314
2025-05-24,M027,40798
2025-05-24,M028,31241
2025-05-24,M029,41139
2025-05-24,M030,44625
2025-05-24,M031,25891
2025-05-24,M032,24618
2025-05-24,M033,54791
2025-05-24,M034,50014
2025-05-24,M035,66063
2025-05-24,M036,26053
2025-05-24,M037,35403
2025-05-24,M038,34979
2025-05-24,M039,47539
2025-05-24,M040,43425
2025-05-24,M041,57010
2025-05-24,M042,55928
2025-05-24,M043,32591
2025-05-24,M044,33928
2025-05-24,M045,63235
2025-05-24,M046,37183
2025-05-24,M047,50817
2025-05-24,M048,43283
2025-05-25,M001,13727
2025-05-25,M002,11683
2025-05-25,M003,20152
2025-05-25,M004,24846
2025-05-25,M005,43340
2025-05-25,M006,21486
2025-05-25,M007,24374
2025-05-25,M008,20148
2025-05-25,M009,28841
2025-05-25,M010,23933
2025-05-25,M011,23344
2025-05-25,M012,30397
2025-05-25,M013,35442
2025-05-25,M014,30039
2025-05-25,M015,26218
2025-05-25,M016,24748
2025-05-25,M017,33987
2025-05-25,M018,33347
2025-05-25,M019,32206
2025-05-25,M020,36321
2025-05-25,M021,37328
2025-05-25,M022,22054
2025-05-25,M023,34662
2025-05-25,M024,38350
2025-05-25,M025,44164
2025-05-25,M026,26978
2025-05-25,M027,37071
2025-05-25,M028,45253
2025-05-25,M029,42656
2025-05-25,M030,35547
2025-05-25,M031,26616
2025-05-25,M032,35654
2025-05-25,M033,51632
2025-05-25,M034,45131
2025-05-25,M035,65129
2025-05-25,M036,33207
2025-05-25,M037,33860
2025-05-25,M038,28993
2025-05-25,M039,47961
2025-05-25,M040,54369
2025-05-25,M041,58472
2025-05-25,M042,42653
2025-05-25,M043,34291
2025-05-25,M044,40797
2025-05-25,M045,63536
2025-05-25,M046,33626
2025-05-25,M047,45240
2025-05-25,M048,61503
2025-05-26,M001,8101
2025-05-26,M002,19446
2025-05-26,M003,17457
2025-05-26,M004,39120
2025-05-26,M005,25135
2025-05-26,M006,37518
2025-05-26,M007,26106
2025-05-26,M008,30887
2025-05-26,M009,20254
2025-05-26,M010,38951
2025-05-26,M011,23538
2025-05-26,M012,45527
2025-05-26,M013,22974
2025-05-26,M014,44406
2025-05-26,M015,23356
2025-05-26,M016,36510
2025-05-26,M017,24474
2025-05-26,M018,51291
2025-05-26,M019,26829
2025-05-26,M020,55481
2025-05-26,M021,22924
2025-05-26,M022,34542
2025-05-26,M023,32388
2025-05-26,M024,67289
2025-05-26,M025,28582
2025-05-26,M026,41880
2025-05-26,M027,37579
2025-05-26,M028,64683
2025-05-26,M029,26513
2025-05-26,M030,54083
2025-05-26,M031,24240
2025-05-26,M032,52227
2025-05-26,M033,33153
2025-05-26,M034,67387
2025-05-26,M035,60966
2025-05-26,M036,55361
2025-05-26,M037,21969
2025-05-26,M038,46540
2025-05-26,M039,42301
2025-05-26,M040,90936
2025-05-26,M041,32406
2025-05-26,M042,67112
2025-05-26,M043,30840
2025-05-26,M044,70180
2025-05-26,M045,43220
2025-05-26,M046,51439
2025-05-26,M047,47932
2025-05-26,M048,87929
2025-05-27,M001,10640
2025-05-27,M002,17642
2025-05-27,M003,24794
2025-05-27,M004,24443
2025-05-27,M005,35880
2025-05-27,M006,36356
2025-05-27,M007,33893
2025-05-27,M008,18381
2025-05-27,M009,24891
2025-05-27,M010,31392
2025-05-27,M011,30870
2025-05-27,M012,28765
2025-05-27,M013,28391
2025-05-27,M014,40460
2025-05-27,M015,35556
2025-05-27,M016,23275
2025-05-27,M017,32597
2025-05-27,M018,44272
2025-05-27,M019,36356
2025-05-27,M020,38753
2025-05-27,M021,32506
2025-05-27,M022,32355
2025-05-27,M023,40463
2025-05-27,M024,38642
2025-05-27,M025,37731
2025-05-27,M026,38734
2025-05-27,M027,49580
2025-05-27,M028,43128
2025-05-27,M029,38157
2025-05-27,M030,52444
2025-05-27,M031,32127
2025-05-27,M032,30683
2025-05-27,M033,46852
2025-05-27,M034,66065
2025-05-27,M035,86229
2025-05-27,M036,34076
2025-05-27,M037,31186
2025-05-27,M038,40567
2025-05-27,M039,58497
2025-05-27,M040,56056
2025-05-27,M041,47604
2025-05-27,M042,64450
2025-05-27,M043,42999
2025-05-27,M044,44264
2025-05-27,M045,55136
2025-05-27,M046,47519
2025-05-27,M047,64373
2025-05-27,M048,60839
2025-05-28,M001,13793
2025-05-28,M002,16850
2025-05-28,M003,21774
2025-05-28,M004,24343
2025-05-28,M005,49779
2025-05-28,M006,28985
2025-05-28,M007,30893
2025-05-28,M008,16780
2025-05-28,M009,33595
2025-05-28,M010,31480
2025-05-28,M011,26656
2025-05-28,M012,28757
2025-05-28,M013,39859
2025-05-28,M014,39710
2025-05-28,M015,31248
2025-05-28,M016,18832
2025-05-28,M017,44003
2025-05-28,M018,43232
2025-05-28,M019,32136
2025-05-28,M020,31766
2025-05-28,M021,45169
2025-05-28,M022,27033
2025-05-28,M023,38526
2025-05-28,M024,37153
2025-05-28,M025,51386
2025-05-28,M026,30842
2025-05-28,M027,43334
2025-05-28,M028,35982
2025-05-28,M029,51045
2025-05-28,M030,48736
2025-05-28,M031,28637
2025-05-28,M032,30314
2025-05-28,M033,58441
2025-05-28,M034,54945
2025-05-28,M035,66589
2025-05-28,M036,33480
2025-05-28,M037,41556
2025-05-28,M038,40523
2025-05-28,M039,51365
2025-05-28,M040,49198
2025-05-28,M041,61878
2025-05-28,M042,60226
2025-05-28,M043,37955
2025-05-28,M044,38923
2025-05-28,M045,72123
2025-05-28,M046,43414
2025-05-28,M047,51429
2025-05-28,M048,51762
2025-05-29,M001,15041
2025-05-29,M002,14188
2025-05-29,M003,22718
2025-05-29,M004,31172
2025-05-29,M005,42981
2025-05-29,M006,25467
2025-05-29,M007,28356
2025-05-29,M008,21378
2025-05-29,M009,35407
2025-05-29,M010,24850
2025-05-29,M011,26239
2025-05-29,M012,35721
2025-05-29,M013,41245
2025-05-29,M014,34417
2025-05-29,M015,28553
2025-05-29,M016,24013
2025-05-29,M017,43328
2025-05-29,M018,35532
2025-05-29,M019,36191
2025-05-29,M020,44331
2025-05-29,M021,45538
2025-05-29,M022,24728
2025-05-29,M023,38935
2025-05-29,M024,48467
2025-05-29,M025,53445
2025-05-29,M026,28882
2025-05-29,M027,45447
2025-05-29,M028,46709
2025-05-29,M029,49444
2025-05-29,M030,39440
2025-05-29,M031,27444
2025-05-29,M032,35271
2025-05-29,M033,55101
2025-05-29,M034,45562
2025-05-29,M035,71086
2025-05-29,M036,41086
2025-05-29,M037,41825
2025-05-29,M038,33519
2025-05-29,M039,53546
2025-05-29,M040,65187
2025-05-29,M041,60898
2025-05-29,M042,48918
2025-05-29,M043,40934
2025-05-29,M044,50526
2025-05-29,M045,76899
2025-05-29,M046,32676
2025-05-29,M047,56605
2025-05-29,M048,64542
2025-05-30,M001,7723
2025-05-30,M002,18584
2025-05-30,M003,17387
2025-05-30,M004,44314
2025-05-30,M005,27307
2025-05-30,M006,33767
2025-05-30,M007,25398
2025-05-30,M008,31482
2025-05-30,M009,18514
2025-05-30,M010,37980
2025-05-30,M011,22459
2025-05-30,M012,51807
2025-05-30,M013,20195
2025-05-30,M014,48177
2025-05-30,M015,24707
2025-05-30,M016,34611
2025-05-30,M017,21246
2025-05-30,M018,49867
2025-05-30,M019,29964
2025-05-30,M020,65007
2025-05-30,M021,24149
2025-05-30,M022,32801
2025-05-30,M023,32686
2025-05-30,M024,66828
2025-05-30,M025,27187
2025-05-30,M026,40393
2025-05-30,M027,37222
2025-05-30,M028,71562
2025-05-30,M029,26548
2025-05-30,M030,60834
2025-05-30,M031,26587
2025-05-30,M032,52499
2025-05-30,M033,32895
2025-05-30,M034,67288
2025-05-30,M035,59602
2025-05-30,M036,59289
2025-05-30,M037,22349
2025-05-30,M038,49120
2025-05-30,M039,39074
2025-05-30,M040,89293
2025-05-30,M041,34731
2025-05-30,M042,72538
2025-05-30,M043,32092
2025-05-30,M044,64868
2025-05-30,M045,39128
2025-05-30,M046,47196
2025-05-30,M047,47303
2025-05-30,M048,89300
2025-05-31,M001,9996
2025-05-31,M002,16316
2025-05-31,M003,23885
2025-05-31,M004,22176
2025-05-31,M005,32216
2025-05-31,M006,30744
2025-05-31,M007,31589
2025-05-31,M008,15905
2025-05-31,M009,23183
2025-05-31,M010,30712
2025-05-31,M011,29451
2025-05-31,M012,28991
2025-05-31,M013,25856
2025-05-31,M014,39529
2025-05-31,M015,28691
2025-05-31,M016,19311
2025-05-31,M017,26085
2025-05-31,M018,42680
2025-05-31,M019,34983
2025-05-31,M020,32373
2025-05-31,M021,32148
2025-05-31,M022,29228
2025-05-31,M023,35190
2025-05-31,M024,34086
2025-05-31,M025,35462
2025-05-31,M026,34759
2025-05-31,M027,46368
2025-05-31,M028,35378
2025-05-31,M029,33113
2025-05-31,M030,47088
2025-05-31,M031,31358
2025-05-31,M032,28092
2025-05-31,M033,36758
2025-05-31,M034,58450
2025-05-31,M035,70103
2025-05-31,M036,28719
2025-05-31,M037,25407
2025-05-31,M038,36823
2025-05-31,M039,49515
2025-05-31,M040,45229
2025-05-31,M041,40385
2025-05-31,M042,58735
2025-05-31,M043,42240
2025-05-31,M044,39631
2025-05-31,M045,48852
2025-05-31,M046,39981
2025-05-31,M047,52033
2025-05-31,M048,51037
2025-06-01,M001,15721
2025-06-01,M002,14674
2025-06-01,M003,22952
2025-06-01,M004,33388
2025-06-01,M005,49749
2025-06-01,M006,28800
2025-06-01,M007,29140
2025-06-01,M008,21276
2025-06-01,M009,36831
2025-06-01,M010,29957
2025-06-01,M011,30222
2025-06-01,M012,36808
2025-06-01,M013,38158
2025-06-01,M014,36721
2025-06-01,M015,30113
2025-06-01,M016,28998
2025-06-01,M017,44544
2025-06-01,M018,39002
2025-06-01,M019,37136
2025-06-01,M020,46703
2025-06-01,M021,47389
2025-06-01,M022,25035
2025-06-01,M023,42249
2025-06-01,M024,46279
2025-06-01,M025,49834
2025-06-01,M026,28819
2025-06-01,M027,47749
2025-06-01,M028,48292
2025-06-01,M029,52501
2025-06-01,M030,40974
2025-06-01,M031,33946
2025-06-01,M032,41566
2025-06-01,M033,60599
2025-06-01,M034,53721
2025-06-01,M035,79096
2025-06-01,M036,40554
2025-06-01,M037,42061
2025-06-01,M038,32820
2025-06-01,M039,49941
2025-06-01,M040,67896
2025-06-01,M041,63643
2025-06-01,M042,51115
2025-06-01,M043,40069
2025-06-01,M044,51043
2025-06-01,M045,74903
2025-06-01,M046,36417
2025-06-01,M047,54150
2025-06-01,M048,73413
2025-06-02,M001,9657
2025-06-02,M002,23488
2025-06-02,M003,24006
2025-06-02,M004,50023
2025-06-02,M005,30068
2025-06-02,M006,45681
2025-06-02,M007,29902
2025-06-02,M008,35078
2025-06-02,M009,21321
2025-06-02,M010,40616
2025-06-02,M011,28524
2025-06-02,M012,56045
2025-06-02,M013,27378
2025-06-02,M014,54290
2025-06-02,M015,27916
2025-06-02,M016,43474
2025-06-02,M017,26386
2025-06-02,M018,55777
2025-06-02,M019,34529
2025-06-02,M020,69185
2025-06-02,M021,30485
2025-06-02,M022,38993
2025-06-02,M023,37267
2025-06-02,M024,80499
2025-06-02,M025,30667
2025-06-02,M026,47643
2025-06-02,M027,43833
2025-06-02,M028,81489
2025-06-02,M029,32058
2025-06-02,M030,66564
2025-06-02,M031,27170
2025-06-02,M032,62591
2025-06-02,M033,38426
2025-06-02,M034,84113
2025-06-02,M035,66658
2025-06-02,M036,71290
2025-06-02,M037,24877
2025-06-02,M038,54185
2025-06-02,M039,47366
2025-06-02,M040,98399
2025-06-02,M041,42161
2025-06-02,M042,81980
2025-06-02,M043,39706
2025-06-02,M044,83865
2025-06-02,M045,46040
2025-06-02,M046,57712
2025-06-02,M047,53262
2025-06-02,M048,118852
2025-06-03,M001,13318
2025-06-03,M002,21144
2025-06-03,M003,28680
2025-06-03,M004,29451
2025-06-03,M005,44276
2025-06-03,M006,38392
2025-06-03,M007,42503
2025-06-03,M008,23088
2025-06-03,M009,33148
2025-06-03,M010,39908
2025-06-03,M011,38233
2025-06-03,M012,34820
2025-06-03,M013,37144
2025-06-03,M014,49773
2025-06-03,M015,42923
2025-06-03,M016,27320
2025-06-03,M017,38211
2025-06-03,M018,50995
2025-06-03,M019,46068
2025-06-03,M020,43957
2025-06-03,M021,39939
2025-06-03,M022,34601
2025-06-03,M023,48972
2025-06-03,M024,50715
2025-06-03,M025,48858
2025-06-03,M026,43382
2025-06-03,M027,58132
2025-06-03,M028,53004
2025-06-03,M029,45423
2025-06-03,M030,65211
2025-06-03,M031,37157
2025-06-03,M032,35845
2025-06-03,M033,53030
2025-06-03,M034,74173
2025-06-03,M035,99545
2025-06-03,M036,39154
2025-06-03,M037,38049
2025-06-03,M038,48770
2025-06-03,M039,67704
2025-06-03,M040,58140
2025-06-03,M041,53591
2025-06-03,M042,74204
2025-06-03,M043,52364
2025-06-03,M044,46591
2025-06-03,M045,61627
2025-06-03,M046,59488
2025-06-03,M047,72226
2025-06-03,M048,71606
2025-06-04,M001,17520
2025-06-04,M002,19666
2025-06-04,M003,24947
2025-06-04,M004,26025
2025-06-04,M005,55038
2025-06-04,M006,36580
2025-06-04,M007,37537
2025-06-04,M008,19980
2025-06-04,M009,38421
2025-06-04,M010,34201
2025-06-04,M011,30077
2025-06-04,M012,30023
2025-06-04,M013,43618
2025-06-04,M014,43626
2025-06-04,M015,34881
2025-06-04,M016,23031
2025-06-04,M017,46069
2025-06-04,M018,47168
2025-06-04,M019,40294
2025-06-04,M020,37172
2025-06-04,M021,54362
2025-06-04,M022,33387
2025-06-04,M023,44457
2025-06-04,M024,40482
2025-06-04,M025,57645
2025-06-04,M026,38368
2025-06-04,M027,54485
2025-06-04,M028,44229
2025-06-04,M029,59353
2025-06-04,M030,53211
2025-06-04,M031,37637
2025-06-04,M032,36573
2025-06-04,M033,70835
2025-06-04,M034,68332
2025-06-04,M035,85744
2025-06-04,M036,35149
2025-06-04,M037,46362
2025-06-04,M038,46994
2025-06-04,M039,57509
2025-06-04,M040,55785
2025-06-04,M041,75364
2025-06-04,M042,66515
2025-06-04,M043,45127
2025-06-04,M044,47494
2025-06-04,M045,93277
2025-06-04,M046,50460
2025-06-04,M047,68701
2025-06-04,M048,62321
2025-06-05,M001,17311
2025-06-05,M002,15027
2025-06-05,M003,27228
2025-06-05,M004,35026
2025-06-05,M005,54440
2025-06-05,M006,30812
2025-06-05,M007,33460
2025-06-05,M008,25855
2025-06-05,M009,41821
2025-06-05,M010,28357
2025-06-05,M011,33305
2025-06-05,M012,38521
2025-06-05,M013,42485
2025-06-05,M014,41300
2025-06-05,M015,35305
2025-06-05,M016,28753
2025-06-05,M017,50701
2025-06-05,M018,38349
2025-06-05,M019,39260
2025-06-05,M020,51299
2025-06-05,M021,47562
2025-06-05,M022,27159
2025-06-05,M023,44343
2025-06-05,M024,56964
2025-06-05,M025,58027
2025-06-05,M026,31612
2025-06-05,M027,53972
2025-06-05,M028,54835
2025-06-05,M029,56422
2025-06-05,M030,49587
2025-06-05,M031,36768
2025-06-05,M032,41884
2025-06-05,M033,69759
2025-06-05,M034,53983
2025-06-05,M035,87644
2025-06-05,M036,46400
2025-06-05,M037,44498
2025-06-05,M038,36660
2025-06-05,M039,62280
2025-06-05,M040,76714
2025-06-05,M041,68684
2025-06-05,M042,55614
2025-06-05,M043,47273
2025-06-05,M044,59716
2025-06-05,M045,85095
2025-06-05,M046,41817
2025-06-05,M047,67186
2025-06-05,M048,80612
2025-06-06,M001,9299
2025-06-06,M002,24343
2025-06-06,M003,21246
2025-06-06,M004,47923
2025-06-06,M005,29416
2025-06-06,M006,43447
2025-06-06,M007,27250
2025-06-06,M008,34064
2025-06-06,M009,22950
2025-06-06,M010,45546
2025-06-06,M011,28033
2025-06-06,M012,60977
2025-06-06,M013,26343
2025-06-06,M014,56790
2025-06-06,M015,31539
2025-06-06,M016,45623
2025-06-06,M017,26954
2025-06-06,M018,56311
2025-06-06,M019,33150
2025-06-06,M020,73863
2025-06-06,M021,30075
2025-06-06,M022,41879
2025-06-06,M023,37613
2025-06-06,M024,75509
2025-06-06,M025,33119
2025-06-06,M026,50095
2025-06-06,M027,45748
2025-06-06,M028,81729
2025-06-06,M029,30840
2025-06-06,M030,64821
2025-06-06,M031,30540
2025-06-06,M032,63498
2025-06-06,M033,37473
2025-06-06,M034,78917
2025-06-06,M035,71356
2025-06-06,M036,68596
2025-06-06,M037,26333
2025-06-06,M038,54953
2025-06-06,M039,52651
2025-06-06,M040,110231
2025-06-06,M041,42476
2025-06-06,M042,80165
2025-06-06,M043,41157
2025-06-06,M044,87469
2025-06-06,M045,50855
2025-06-06,M046,60995
2025-06-06,M047,52996
2025-06-06,M048,107444
2025-06-07,M001,12721
2025-06-07,M002,17964
2025-06-07,M003,28004
2025-06-07,M004,28841
2025-06-07,M005,37232
2025-06-07,M006,33947
2025-06-07,M007,34668
2025-06-07,M008,19143
2025-06-07,M009,26513
2025-06-07,M010,35151
2025-06-07,M011,35863
2025-06-07,M012,33861
2025-06-07,M013,31737
2025-06-07,M014,46750
2025-06-07,M015,37673
2025-06-07,M016,23291
2025-06-07,M017,32405
2025-06-07,M018,48057
2025-06-07,M019,38468
2025-06-07,M020,39796
2025-06-07,M021,34715
2025-06-07,M022,30670
2025-06-07,M023,45040
2025-06-07,M024,40513
2025-06-07,M025,41392
2025-06-07,M026,38779
2025-06-07,M027,55530
2025-06-07,M028,46330
2025-06-07,M029,38808
2025-06-07,M030,59501
2025-06-07,M031,34130
2025-06-07,M032,33208
2025-06-07,M033,49351
2025-06-07,M034,67549
2025-06-07,M035,91086
2025-06-07,M036,38434
2025-06-07,M037,31292
2025-06-07,M038,45036
2025-06-07,M039,65161
2025-06-07,M040,56766
2025-06-07,M041,48095
2025-06-07,M042,66656
2025-06-07,M043,51289
2025-06-07,M044,43218
2025-06-07,M045,59784
2025-06-07,M046,46691
2025-06-07,M047,65681
2025-06-07,M048,62189
2025-06-08,M001,14955
2025-06-08,M002,16811
2025-06-08,M003,24022
2025-06-08,M004,25597
2025-06-08,M005,46940
2025-06-08,M006,34327
2025-06-08,M007,32765
2025-06-08,M008,16866
2025-06-08,M009,35929
2025-06-08,M010,35167
2025-06-08,M011,30705
2025-06-08,M012,27246
2025-06-08,M013,41096
2025-06-08,M014,38845
2025-06-08,M015,30528
2025-06-08,M016,21031
2025-06-08,M017,45064
2025-06-08,M018,41379
2025-06-08,M019,37311
2025-06-08,M020,36879
2025-06-08,M021,49705
2025-06-08,M022,30388
2025-06-08,M023,37436
2025-06-08,M024,41628
2025-06-08,M025,52347
2025-06-08,M026,36209
2025-06-08,M027,47333
2025-06-08,M028,40893
2025-06-08,M029,54309
2025-06-08,M030,50096
2025-06-08,M031,31292
2025-06-08,M032,33489
2025-06-08,M033,59063
2025-06-08,M034,59915
2025-06-08,M035,79498
2025-06-08,M036,35737
2025-06-08,M037,40986
2025-06-08,M038,42625
2025-06-08,M039,57258
2025-06-08,M040,50923
2025-06-08,M041,61621
2025-06-08,M042,63812
2025-06-08,M043,41042
2025-06-08,M044,39877
2025-06-08,M045,79160
2025-06-08,M046,45315
2025-06-08,M047,56838
2025-06-08,M048,52061
2025-06-09,M001,17034
2025-06-09,M002,16835
2025-06-09,M003,27203
2025-06-09,M004,34765
2025-06-09,M005,58025
2025-06-09,M006,30917
2025-06-09,M007,35640
2025-06-09,M008,25595
2025-06-09,M009,39845
2025-06-09,M010,28939
2025-06-09,M011,31730
2025-06-09,M012,42527
2025-06-09,M013,44220
2025-06-09,M014,38434
2025-06-09,M015,35157
2025-06-09,M016,33440
2025-06-09,M017,47037
2025-06-09,M018,43470
2025-06-09,M019,41141
2025-06-09,M020,54435
2025-06-09,M021,50361
2025-06-09,M022,29729
2025-06-09,M023,43492
2025-06-09,M024,56751
2025-06-09,M025,59228
2025-06-09,M026,32758
2025-06-09,M027,48501
2025-06-09,M028,60115
2025-06-09,M029,57087
2025-06-09,M030,48022
2025-06-09,M031,35018
2025-06-09,M032,42969
2025-06-09,M033,66194
2025-06-09,M034,55777
2025-06-09,M035,80300
2025-06-09,M036,48470
2025-06-09,M037,49990
2025-06-09,M038,38812
2025-06-09,M039,62515
2025-06-09,M040,68895
2025-06-09,M041,73342
2025-06-09,M042,59087
2025-06-09,M043,43130
2025-06-09,M044,55388
2025-06-09,M045,83755
2025-06-09,M046,44594
2025-06-09,M047,61553
2025-06-09,M048,73875
2025-06-10,M001,9717
2025-06-10,M002,22408
2025-06-10,M003,23242
2025-06-10,M004,46523
2025-06-10,M005,29770
2025-06-10,M006,44544
2025-06-10,M007,28248
2025-06-10,M008,35260
2025-06-10,M009,20963
2025-06-10,M010,42463
2025-06-10,M011,28677
2025-06-10,M012,62394
2025-06-10,M013,26824
2025-06-10,M014,56039
2025-06-10,M015,31837
2025-06-10,M016,42115
2025-06-10,M017,28064
2025-06-10,M018,54582
2025-06-10,M019,32067
2025-06-10,M020,75388
2025-06-10,M021,29411
2025-06-10,M022,37731
2025-06-10,M023,37048
2025-06-10,M024,75586
2025-06-10,M025,32072
2025-06-10,M026,50407
2025-06-10,M027,41893
2025-06-10,M028,86705
2025-06-10,M029,33332
2025-06-10,M030,62618
2025-06-10,M031,28664
2025-06-10,M032,58301
2025-06-10,M033,35354
2025-06-10,M034,81287
2025-06-10,M035,66083
2025-06-10,M036,65148
2025-06-10,M037,24293
2025-06-10,M038,54179
2025-06-10,M039,46313
2025-06-10,M040,104860
2025-06-10,M041,40834
2025-06-10,M042,80245
2025-06-10,M043,41655
2025-06-10,M044,86523
2025-06-10,M045,49301
2025-06-10,M046,62946
2025-06-10,M047,55881
2025-06-10,M048,110749
2025-06-11,M001,13477
2025-06-11,M002,20358
2025-06-11,M003,32770
2025-06-11,M004,28832
2025-06-11,M005,38936
2025-06-11,M006,40341
2025-06-11,M007,42408
2025-06-11,M008,23259
2025-06-11,M009,31326
2025-06-11,M010,39462
2025-06-11,M011,37424
2025-06-11,M012,37722
2025-06-11,M013,34385
2025-06-11,M014,54788
2025-06-11,M015,38845
2025-06-11,M016,28229
2025-06-11,M017,39199
2025-06-11,M018,56912
2025-06-11,M019,45576
2025-06-11,M020,42473
2025-06-11,M021,37533
2025-06-11,M022,35796
2025-06-11,M023,53656
2025-06-11,M024,44151
2025-06-11,M025,42424
2025-06-11,M026,44041
2025-06-11,M027,58735
2025-06-11,M028,49126
2025-06-11,M029,44391
2025-06-11,M030,63823
2025-06-11,M031,41179
2025-06-11,M032,41465
2025-06-11,M033,50811
2025-06-11,M034,67886
2025-06-11,M035,97770
2025-06-11,M036,40573
2025-06-11,M037,36997
2025-06-11,M038,50144
2025-06-11,M039,71166
2025-06-11,M040,64818
2025-06-11,M041,53163
2025-06-11,M042,81124
2025-06-11,M043,55578
2025-06-11,M044,53275
2025-06-11,M045,71259
2025-06-11,M046,56495
2025-06-11,M047,70935
2025-06-11,M048,68039
2025-06-12,M001,18754
2025-06-12,M002,18542
2025-06-12,M003,28762
2025-06-12,M004,28614
2025-06-12,M005,57905
2025-06-12,M006,33560
2025-06-12,M007,32426
2025-06-12,M008,18967
2025-06-12,M009,44024
2025-06-12,M010,37125
2025-06-12,M011,33946
2025-06-12,M012,32940
2025-06-12,M013,47022
2025-06-12,M014,41995
2025-06-12,M015,34531
2025-06-12,M016,23275
2025-06-12,M017,48509
2025-06-12,M018,46299
2025-06-12,M019,40723
2025-06-12,M020,42478
2025-06-12,M021,49876
2025-06-12,M022,31985
2025-06-12,M023,47227
2025-06-12,M024,41898
2025-06-12,M025,64371
2025-06-12,M026,38095
2025-06-12,M027,52671
2025-06-12,M028,46790
2025-06-12,M029,57814
2025-06-12,M030,55663
2025-06-12,M031,33217
2025-06-12,M032,34024
2025-06-12,M033,66377
2025-06-12,M034,63770
2025-06-12,M035,77455
2025-06-12,M036,34150
2025-06-12,M037,48992
2025-06-12,M038,48490
2025-06-12,M039,57919
2025-06-12,M040,60856
2025-06-12,M041,69645
2025-06-12,M042,67223
2025-06-12,M043,46016
2025-06-12,M044,48486
2025-06-12,M045,89707
2025-06-12,M046,45724
2025-06-12,M047,67803
2025-06-12,M048,64820
2025-06-13,M001,17355
2025-06-13,M002,16626
2025-06-13,M003,28576
2025-06-13,M004,34927
2025-06-13,M005,57552
2025-06-13,M006,30438
2025-06-13,M007,35990
2025-06-13,M008,24481
2025-06-13,M009,40969
2025-06-13,M010,31585
2025-06-13,M011,33760
2025-06-13,M012,42208
2025-06-13,M013,42691
2025-06-13,M014,35995
2025-06-13,M015,33736
2025-06-13,M016,31515
2025-06-13,M017,48154
2025-06-13,M018,41139
2025-06-13,M019,38986
2025-06-13,M020,49951
2025-06-13,M021,53595
2025-06-13,M022,27220
2025-06-13,M023,44648
2025-06-13,M024,56933
2025-06-13,M025,55341
2025-06-13,M026,31752
2025-06-13,M027,49121
2025-06-13,M028,57018
2025-06-13,M029,53026
2025-06-13,M030,46999
2025-06-13,M031,37668
2025-06-13,M032,44510
2025-06-13,M033,68834
2025-06-13,M034,58010
2025-06-13,M035,80358
2025-06-13,M036,51129
2025-06-13,M037,44741
2025-06-13,M038,36579
2025-06-13,M039,62412
2025-06-13,M040,73265
2025-06-13,M041,76263
2025-06-13,M042,62407
2025-06-13,M043,48596
2025-06-13,M044,61866
2025-06-13,M045,92659
2025-06-13,M046,41240
2025-06-13,M047,68393
2025-06-13,M048,80488
2025-06-14,M001,8661
2025-06-14,M002,21629
2025-06-14,M003,18797
2025-06-14,M004,41825
2025-06-14,M005,29366
2025-06-14,M006,38461
2025-06-14,M007,25170
2025-06-14,M008,32052
2025-06-14,M009,21676
2025-06-14,M010,39524
2025-06-14,M011,24816
2025-06-14,M012,53011
2025-06-14,M013,22802
2025-06-14,M014,45738
2025-06-14,M015,27083
2025-06-14,M016,38153
2025-06-14,M017,23683
2025-06-14,M018,54583
2025-06-14,M019,31383
2025-06-14,M020,65227
2025-06-14,M021,24621
2025-06-14,M022,38233
2025-06-14,M023,33979
2025-06-14,M024,71072
2025-06-14,M025,31215
2025-06-14,M026,44080
2025-06-14,M027,39636
2025-06-14,M028,68954
2025-06-14,M029,30264
2025-06-14,M030,57185
2025-06-14,M031,28072
2025-06-14,M032,54633
2025-06-14,M033,32536
2025-06-14,M034,76543
2025-06-14,M035,62999
2025-06-14,M036,56272
2025-06-14,M037,24120
2025-06-14,M038,48703
2025-06-14,M039,48683
2025-06-14,M040,95504
2025-06-14,M041,37954
2025-06-14,M042,72436
2025-06-14,M043,34414
2025-06-14,M044,70373
2025-06-14,M045,40779
2025-06-14,M046,54383
2025-06-14,M047,48035
2025-06-14,M048,103942
2025-06-15,M001,11543
2025-06-15,M002,17730
2025-06-15,M003,28925
2025-06-15,M004,26014
2025-06-15,M005,35332
2025-06-15,M006,37444
2025-06-15,M007,33385
2025-06-15,M008,18377
2025-06-15,M009,29841
2025-06-15,M010,38658
2025-06-15,M011,32049
2025-06-15,M012,32309
2025-06-15,M013,33196
2025-06-15,M014,48899
2025-06-15,M015,37271
2025-06-15,M016,22768
2025-06-15,M017,33397
2025-06-15,M018,49368
2025-06-15,M019,42853
2025-06-15,M020,39305
2025-06-15,M021,37402
2025-06-15,M022,34796
2025-06-15,M023,47578
2025-06-15,M024,40614
2025-06-15,M025,41550
2025-06-15,M026,41858
2025-06-15,M027,54997
2025-06-15,M028,43511
2025-06-15,M029,40721
2025-06-15,M030,59943
2025-06-15,M031,33868
2025-06-15,M032,35493
2025-06-15,M033,45514
2025-06-15,M034,69600
2025-06-15,M035,87385
2025-06-15,M036,39561
2025-06-15,M037,31900
2025-06-15,M038,46324
2025-06-15,M039,57754
2025-06-15,M040,54191
2025-06-15,M041,53577
2025-06-15,M042,69065
2025-06-15,M043,51328
2025-06-15,M044,45874
2025-06-15,M045,61214
2025-06-15,M046,51764
2025-06-15,M047,69949
2025-06-15,M048,65482
2025-06-16,M001,18293
2025-06-16,M002,19179
2025-06-16,M003,26661
2025-06-16,M004,26899
2025-06-16,M005,56824
2025-06-16,M006,37809
2025-06-16,M007,36680
2025-06-16,M008,19624
2025-06-16,M009,41617
2025-06-16,M010,37106
2025-06-16,M011,33753
2025-06-16,M012,31029
2025-06-16,M013,45066
2025-06-16,M014,42689
2025-06-16,M015,37738
2025-06-16,M016,23280
2025-06-16,M017,47833
2025-06-16,M018,46515
2025-06-16,M019,39117
2025-06-16,M020,42827
2025-06-16,M021,48865
2025-06-16,M022,33520
2025-06-16,M023,40732
2025-06-16,M024,43546
2025-06-16,M025,62120
2025-06-16,M026,36872
2025-06-16,M027,55713
2025-06-16,M028,46184
2025-06-16,M029,56304
2025-06-16,M030,54399
2025-06-16,M031,38001
2025-06-16,M032,32294
2025-06-16,M033,74256
2025-06-16,M034,63955
2025-06-16,M035,78252
2025-06-16,M036,37878
2025-06-16,M037,44092
2025-06-16,M038,46971
2025-06-16,M039,60962
2025-06-16,M040,55071
2025-06-16,M041,77940
2025-06-16,M042,71722
2025-06-16,M043,46197
2025-06-16,M044,46576
2025-06-16,M045,87842
2025-06-16,M046,46102
2025-06-16,M047,66515
2025-06-16,M048,60305
2025-06-17,M001,18314
2025-06-17,M002,16499
2025-06-17,M003,24510
2025-06-17,M004,32594
2025-06-17,M005,56560
2025-06-17,M006,31801
2025-06-17,M007,36533
2025-06-17,M008,23799
2025-06-17,M009,37759
2025-06-17,M010,30591
2025-06-17,M011,32920
2025-06-17,M012,42843
2025-06-17,M013,48528
2025-06-17,M014,36436
2025-06-17,M015,36392
2025-06-17,M016,32341
2025-06-17,M017,51871
2025-06-17,M018,42811
2025-06-17,M019,38343
2025-06-17,M020,49263
2025-06-17,M021,52335
2025-06-17,M022,25615
2025-06-17,M023,43132
2025-06-17,M024,57465
2025-06-17,M025,62477
2025-06-17,M026,31420
2025-06-17,M027,53326
2025-06-17,M028,54562
2025-06-17,M029,56999
2025-06-17,M030,49617
2025-06-17,M031,32256
2025-06-17,M032,47213
2025-06-17,M033,70729
2025-06-17,M034,59569
2025-06-17,M035,78419
2025-06-17,M036,46661
2025-06-17,M037,45876
2025-06-17,M038,39456
2025-06-17,M039,56362
2025-06-17,M040,72794
2025-06-17,M041,76578
2025-06-17,M042,60487
2025-06-17,M043,44983
2025-06-17,M044,54082
2025-06-17,M045,84161
2025-06-17,M046,40452
2025-06-17,M047,67986
2025-06-17,M048,78301
2025-06-18,M001,9507
2025-06-18,M002,24402
2025-06-18,M003,21709
2025-06-18,M004,48971
2025-06-18,M005,29132
2025-06-18,M006,42334
2025-06-18,M007,30935
2025-06-18,M008,35278
2025-06-18,M009,21529
2025-06-18,M010,46075
2025-06-18,M011,27351
2025-06-18,M012,58912
2025-06-18,M013,25023
2025-06-18,M014,54949
2025-06-18,M015,31854
2025-06-18,M016,45269
2025-06-18,M017,26003
2025-06-18,M018,56681
2025-06-18,M019,33646
2025-06-18,M020,73627
2025-06-18,M021,29334
2025-06-18,M022,37086
2025-06-18,M023,38512
2025-06-18,M024,82527
2025-06-18,M025,31529
2025-06-18,M026,49287
2025-06-18,M027,46800
2025-06-18,M028,80623
2025-06-18,M029,31906
2025-06-18,M030,71121
2025-06-18,M031,30923
2025-06-18,M032,67477
2025-06-18,M033,38262
2025-06-18,M034,84804
2025-06-18,M035,71788
2025-06-18,M036,70457
2025-06-18,M037,28006
2025-06-18,M038,59680
2025-06-18,M039,51210
2025-06-18,M040,96543
2025-06-18,M041,42241
2025-06-18,M042,78549
2025-06-18,M043,38497
2025-06-18,M044,83159
2025-06-18,M045,50137
2025-06-18,M046,62204
2025-06-18,M047,55308
2025-06-18,M048,103092
2025-06-19,M001,12774
2025-06-19,M002,22910
2025-06-19,M003,30172
2025-06-19,M004,29331
2025-06-19,M005,43389
2025-06-19,M006,41785
2025-06-19,M007,37711
2025-06-19,M008,20115
2025-06-19,M009,30802
2025-06-19,M010,40660
2025-06-19,M011,36959
2025-06-19,M012,35301
2025-06-19,M013,35901
2025-06-19,M014,52057
2025-06-19,M015,40177
2025-06-19,M016,28944
2025-06-19,M017,39141
2025-06-19,M018,50532
2025-06-19,M019,43944
2025-06-19,M020,42103
2025-06-19,M021,39426
2025-06-19,M022,39035
2025-06-19,M023,52595
2025-06-19,M024,47801
2025-06-19,M025,47341
2025-06-19,M026,46173
2025-06-19,M027,56564
2025-06-19,M028,53387
2025-06-19,M029,41690
2025-06-19,M030,63518
2025-06-19,M031,38859
2025-06-19,M032,36005
2025-06-19,M033,54528
2025-06-19,M034,68116
2025-06-19,M035,93695
2025-06-19,M036,42374
2025-06-19,M037,34518
2025-06-19,M038,48345
2025-06-19,M039,67015
2025-06-19,M040,67915
2025-06-19,M041,54976
2025-06-19,M042,82844
2025-06-19,M043,53653
2025-06-19,M044,51327
2025-06-19,M045,62717
2025-06-19,M046,54219
2025-06-19,M047,73628
2025-06-19,M048,62580
2025-06-20,M001,16680
2025-06-20,M002,19404
2025-06-20,M003,26698
2025-06-20,M004,28139
2025-06-20,M005,54733
2025-06-20,M006,34614
2025-06-20,M007,35610
2025-06-20,M008,18834
2025-06-20,M009,44031
2025-06-20,M010,35858
2025-06-20,M011,31004
2025-06-20,M012,31589
2025-06-20,M013,48225
2025-06-20,M014,47144
2025-06-20,M015,38202
2025-06-20,M016,24818
2025-06-20,M017,49364
2025-06-20,M018,47485
2025-06-20,M019,42144
2025-06-20,M020,37926
2025-06-20,M021,53478
2025-06-20,M022,34654
2025-06-20,M023,41130
2025-06-20,M024,45729
2025-06-20,M025,61612
2025-06-20,M026,39399
2025-06-20,M027,48125
2025-06-20,M028,41923
2025-06-20,M029,55205
2025-06-20,M030,59051
2025-06-20,M031,36877
2025-06-20,M032,36384
2025-06-20,M033,72248
2025-06-20,M034,65968
2025-06-20,M035,86147
2025-06-20,M036,35264
2025-06-20,M037,44424
2025-06-20,M038,44620
2025-06-20,M039,57599
2025-06-20,M040,57365
2025-06-20,M041,69264
2025-06-20,M042,70019
2025-06-20,M043,49632
2025-06-20,M044,43317
2025-06-20,M045,89671
2025-06-20,M046,52617
2025-06-20,M047,62628
2025-06-20,M048,62998
2025-06-21,M001,13150
2025-06-21,M002,11479
2025-06-21,M003,19575
2025-06-21,M004,24969
2025-06-21,M005,39495
2025-06-21,M006,21881
2025-06-21,M007,24035
2025-06-21,M008,19842
2025-06-21,M009,27704
2025-06-21,M010,22713
2025-06-21,M011,22700
2025-06-21,M012,31279
2025-06-21,M013,34878
2025-06-21,M014,30801
2025-06-21,M015,26856
2025-06-21,M016,23090
2025-06-21,M017,33621
2025-06-21,M018,32635
2025-06-21,M019,27999
2025-06-21,M020,38529
2025-06-21,M021,40723
2025-06-21,M022,21256
2025-06-21,M023,32106
2025-06-21,M024,39007
2025-06-21,M025,44522
2025-06-21,M026,26469
2025-06-21,M027,36058
2025-06-21,M028,41197
2025-06-21,M029,42603
2025-06-21,M030,34244
2025-06-21,M031,24277
2025-06-21,M032,32816
2025-06-21,M033,53341
2025-06-21,M034,39966
2025-06-21,M035,64074
2025-06-21,M036,35591
2025-06-21,M037,36274
2025-06-21,M038,26558
2025-06-21,M039,43071
2025-06-21,M040,51674
2025-06-21,M041,55841
2025-06-21,M042,44974
2025-06-21,M043,32129
2025-06-21,M044,46068
2025-06-21,M045,67032
2025-06-21,M046,32599
2025-06-21,M047,44652
2025-06-21,M048,60825
2025-06-22,M001,6740
2025-06-22,M002,17345
2025-06-22,M003,15237
2025-06-22,M004,37441
2025-06-22,M005,21362
2025-06-22,M006,29812
2025-06-22,M007,20289
2025-06-22,M008,25955
2025-06-22,M009,17034
2025-06-22,M010,30006
2025-06-22,M011,20588
2025-06-22,M012,44775
2025-06-22,M013,19342
2025-06-22,M014,43793
2025-06-22,M015,23862
2025-06-22,M016,31649
2025-06-22,M017,19999
2025-06-22,M018,40207
2025-06-22,M019,26160
2025-06-22,M020,52994
2025-06-22,M021,21337
2025-06-22,M022,29808
2025-06-22,M023,25894
2025-06-22,M024,59187
2025-06-22,M025,23777
2025-06-22,M026,35675
2025-06-22,M027,30399
2025-06-22,M028,58388
2025-06-22,M029,24786
2025-06-22,M030,54208
2025-06-22,M031,23251
2025-06-22,M032,50004
2025-06-22,M033,25909
2025-06-22,M034,61798
2025-06-22,M035,53476
2025-06-22,M036,48654
2025-06-22,M037,18155
2025-06-22,M038,42860
2025-06-22,M039,38696
2025-06-22,M040,75961
2025-06-22,M041,28651
2025-06-22,M042,58868
2025-06-22,M043,27729
2025-06-22,M044,64931
2025-06-22,M045,37754
2025-06-22,M046,43733
2025-06-22,M047,41525
2025-06-22,M048,79545
2025-06-23,M001,11194
2025-06-23,M002,18605
2025-06-23,M003,24353
2025-06-23,M004,25521
2025-06-23,M005,32960
2025-06-23,M006,33266
2025-06-23,M007,31295
2025-06-23,M008,17271
2025-06-23,M009,24842
2025-06-23,M010,33234
2025-06-23,M011,28324
2025-06-23,M012,27866
2025-06-23,M013,30523
2025-06-23,M014,42852
2025-06-23,M015,32992
2025-06-23,M016,22659
2025-06-23,M017,32715
2025-06-23,M018,47354
2025-06-23,M019,38289
2025-06-23,M020,34584
2025-06-23,M021,30199
2025-06-23,M022,31889
2025-06-23,M023,42471
2025-06-23,M024,36996
2025-06-23,M025,34942
2025-06-23,M026,37555
2025-06-23,M027,44429
2025-06-23,M028,42678
2025-06-23,M029,36191
2025-06-23,M030,53398
2025-06-23,M031,32405
2025-06-23,M032,30211
2025-06-23,M033,42402
2025-06-23,M034,60898
2025-06-23,M035,77997
2025-06-23,M036,33747
2025-06-23,M037,29849
2025-06-23,M038,44264
2025-06-23,M039,56497
2025-06-23,M040,53714
2025-06-23,M041,48998
2025-06-23,M042,60164
2025-06-23,M043,40455
2025-06-23,M044,42126
2025-06-23,M045,56202
2025-06-23,M046,47338
2025-06-23,M047,62232
2025-06-23,M048,52933
2025-06-24,M001,14999
2025-06-24,M002,16328
2025-06-24,M003,21116
2025-06-24,M004,21583
2025-06-24,M005,45505
2025-06-24,M006,28239
2025-06-24,M007,30246
2025-06-24,M008,16036
2025-06-24,M009,33441
2025-06-24,M010,31473
2025-06-24,M011,25121
2025-06-24,M012,26287
2025-06-24,M013,36452
2025-06-24,M014,35274
2025-06-24,M015,30706
2025-06-24,M016,19256
2025-06-24,M017,37806
2025-06-24,M018,39269
2025-06-24,M019,33642
2025-06-24,M020,33792
2025-06-24,M021,46409
2025-06-24,M022,26432
2025-06-24,M023,34485
2025-06-24,M024,32976
2025-06-24,M025,46754
2025-06-24,M026,30182
2025-06-24,M027,39278
2025-06-24,M028,33709
2025-06-24,M029,49660
2025-06-24,M030,42444
2025-06-24,M031,28882
2025-06-24,M032,30235
2025-06-24,M033,60648
2025-06-24,M034,53041
2025-06-24,M035,69191
2025-06-24,M036,28171
2025-06-24,M037,36123
2025-06-24,M038,38960
2025-06-24,M039,48077
2025-06-24,M040,49238
2025-06-24,M041,60054
2025-06-24,M042,61321
2025-06-24,M043,40126
2025-06-24,M044,39855
2025-06-24,M045,75124
2025-06-24,M046,37941
2025-06-24,M047,56991
2025-06-24,M048,51446
2025-06-25,M001,14027
2025-06-25,M002,13060
2025-06-25,M003,21274
2025-06-25,M004,30218
2025-06-25,M005,45973
2025-06-25,M006,24625
2025-06-25,M007,30295
2025-06-25,M008,19667
2025-06-25,M009,33712
2025-06-25,M010,25262
2025-06-25,M011,25840
2025-06-25,M012,34560
2025-06-25,M013,39521
2025-06-25,M014,30164
2025-06-25,M015,31046
2025-06-25,M016,24565
2025-06-25,M017,39863
2025-06-25,M018,33555
2025-06-25,M019,34919
2025-06-25,M020,43123
2025-06-25,M021,41706
2025-06-25,M022,24000
2025-06-25,M023,37005
2025-06-25,M024,48264
2025-06-25,M025,49623
2025-06-25,M026,27617
2025-06-25,M027,41433
2025-06-25,M028,45852
2025-06-25,M029,44127
2025-06-25,M030,42008
2025-06-25,M031,27385
2025-06-25,M032,35135
2025-06-25,M033,58525
2025-06-25,M034,43510
2025-06-25,M035,72315
2025-06-25,M036,39261
2025-06-25,M037,37171
2025-06-25,M038,30234
2025-06-25,M039,50030
2025-06-25,M040,62035
2025-06-25,M041,55693
2025-06-25,M042,48105
2025-06-25,M043,36725
2025-06-25,M044,45315
2025-06-25,M045,65760
2025-06-25,M046,35271
2025-06-25,M047,55017
2025-06-25,M048,59925
2025-06-26,M001,7634
2025-06-26,M002,19033
2025-06-26,M003,18636
2025-06-26,M004,42049
2025-06-26,M005,25443
2025-06-26,M006,35165
2025-06-26,M007,25539
2025-06-26,M008,28192
2025-06-26,M009,18386
2025-06-26,M010,37148
2025-06-26,M011,20505
2025-06-26,M012,46078
2025-06-26,M013,20658
2025-06-26,M014,45804
2025-06-26,M015,23295
2025-06-26,M016,38704
2025-06-26,M017,21888
2025-06-26,M018,49634
2025-06-26,M019,29424
2025-06-26,M020,57383
2025-06-26,M021,24977
2025-06-26,M022,34755
2025-06-26,M023,30371
2025-06-26,M024,58734
2025-06-26,M025,28450
2025-06-26,M026,41594
2025-06-26,M027,34088
2025-06-26,M028,62904
2025-06-26,M029,25903
2025-06-26,M030,55202
2025-06-26,M031,23502
2025-06-26,M032,53417
2025-06-26,M033,32000
2025-06-26,M034,63397
2025-06-26,M035,60527
2025-06-26,M036,56422
2025-06-26,M037,21219
2025-06-26,M038,45159
2025-06-26,M039,42192
2025-06-26,M040,84898
2025-06-26,M041,32113
2025-06-26,M042,69892
2025-06-26,M043,32694
2025-06-26,M044,67007
2025-06-26,M045,41501
2025-06-26,M046,47623
2025-06-26,M047,42809
2025-06-26,M048,91021
2025-06-27,M001,10865
2025-06-27,M002,18249
2025-06-27,M003,23680
2025-06-27,M004,24683
2025-06-27,M005,32701
2025-06-27,M006,35380
2025-06-27,M007,33088
2025-06-27,M008,18595
2025-06-27,M009,26586
2025-06-27,M010,31059
2025-06-27,M011,28526
2025-06-27,M012,29119
2025-06-27,M013,28470
2025-06-27,M014,44825
2025-06-27,M015,35985
2025-06-27,M016,23620
2025-06-27,M017,29822
2025-06-27,M018,44635
2025-06-27,M019,36335
2025-06-27,M020,34379
2025-06-27,M021,32378
2025-06-27,M022,32161
2025-06-27,M023,40666
2025-06-27,M024,38041
2025-06-27,M025,34539
2025-06-27,M026,34959
2025-06-27,M027,44486
2025-06-27,M028,38316
2025-06-27,M029,34538
2025-06-27,M030,48723
2025-06-27,M031,34290
2025-06-27,M032,29176
2025-06-27,M033,39563
2025-06-27,M034,63650
2025-06-27,M035,75765
2025-06-27,M036,34645
2025-06-27,M037,30904
2025-06-27,M038,43349
2025-06-27,M039,51604
2025-06-27,M040,54468
2025-06-27,M041,44805
2025-06-27,M042,60252
2025-06-27,M043,41721
2025-06-27,M044,39580
2025-06-27,M045,56763
2025-06-27,M046,43893
2025-06-27,M047,60121
2025-06-27,M048,52590
2025-06-28,M001,13995
2025-06-28,M002,13593
2025-06-28,M003,20813
2025-06-28,M004,19880
2025-06-28,M005,42564
2025-06-28,M006,25508
2025-06-28,M007,26418
2025-06-28,M008,14346
2025-06-28,M009,31630
2025-06-28,M010,28457
2025-06-28,M011,22403
2025-06-28,M012,22568
2025-06-28,M013,36004
2025-06-28,M014,36013
2025-06-28,M015,27049
2025-06-28,M016,19186
2025-06-28,M017,35306
2025-06-28,M018,35207
2025-06-28,M019,31068
2025-06-28,M020,28368
2025-06-28,M021,39434
2025-06-28,M022,23197
2025-06-28,M023,30877
2025-06-28,M024,30407
2025-06-28,M025,45483
2025-06-28,M026,27937
2025-06-28,M027,39073
2025-06-28,M028,31244
2025-06-28,M029,45339
2025-06-28,M030,40256
2025-06-28,M031,25008
2025-06-28,M032,26045
2025-06-28,M033,52492
2025-06-28,M034,48147
2025-06-28,M035,66620
2025-06-28,M036,29599
2025-06-28,M037,35321
2025-06-28,M038,32925
2025-06-28,M039,46568
2025-06-28,M040,40142
2025-06-28,M041,56507
2025-06-28,M042,54917
2025-06-28,M043,34065
2025-06-28,M044,34535
2025-06-28,M045,63047
2025-06-28,M046,34394
2025-06-28,M047,45384
2025-06-28,M048,45998
2025-06-29,M001,12591
2025-06-29,M002,12510
2025-06-29,M003,19472
2025-06-29,M004,26050
2025-06-29,M005,37402
2025-06-29,M006,23518
2025-06-29,M007,24848
2025-06-29,M008,19647
2025-06-29,M009,28378
2025-06-29,M010,21402
2025-06-29,M011,24558
2025-06-29,M012,30006
2025-06-29,M013,36593
2025-06-29,M014,29686
2025-06-29,M015,25613
2025-06-29,M016,23180
2025-06-29,M017,38844
2025-06-29,M018,31054
2025-06-29,M019,30959
2025-06-29,M020,35763
2025-06-29,M021,39907
2025-06-29,M022,20360
2025-06-29,M023,31410
2025-06-29,M024,38947
2025-06-29,M025,40907
2025-06-29,M026,26320
2025-06-29,M027,40205
2025-06-29,M028,42747
2025-06-29,M029,44347
2025-06-29,M030,34395
2025-06-29,M031,24212
2025-06-29,M032,32724
2025-06-29,M033,49922
2025-06-29,M034,38567
2025-06-29,M035,66072
2025-06-29,M036,34230
2025-06-29,M037,32625
2025-06-29,M038,28454
2025-06-29,M039,43349
2025-06-29,M040,55692
2025-06-29,M041,57006
2025-06-29,M042,44757
2025-06-29,M043,31574
2025-06-29,M044,45857
2025-06-29,M045,64122
2025-06-29,M046,31541
2025-06-29,M047,44920
2025-06-29,M048,60606
2025-06-30,M001,7933
2025-06-30,M002,18845
2025-06-30,M003,18299
2025-06-30,M004,43027
2025-06-30,M005,25799
2025-06-30,M006,37939
2025-06-30,M007,24969
2025-06-30,M008,28466
2025-06-30,M009,16980
2025-06-30,M010,36830
2025-06-30,M011,21666
2025-06-30,M012,50534
2025-06-30,M013,20310
2025-06-30,M014,47835
2025-06-30,M015,25348
2025-06-30,M016,36661
2025-06-30,M017,21329
2025-06-30,M018,51641
2025-06-30,M019,27499
2025-06-30,M020,60343
2025-06-30,M021,23854
2025-06-30,M022,32701
2025-06-30,M023,29273
2025-06-30,M024,66199
2025-06-30,M025,25738
2025-06-30,M026,37848
2025-06-30,M027,37514
2025-06-30,M028,68074
2025-06-30,M029,26594
2025-06-30,M030,52509
2025-06-30,M031,25543
2025-06-30,M032,48316
2025-06-30,M033,29510
2025-06-30,M034,60390
2025-06-30,M035,58044
2025-06-30,M036,52902
2025-06-30,M037,20203
2025-06-30,M038,43234
2025-06-30,M039,44092
2025-06-30,M040,80954
2025-06-30,M041,33949
2025-06-30,M042,66715
2025-06-30,M043,34086
2025-06-30,M044,63998
2025-06-30,M045,40983
2025-06-30,M046,48967
2025-06-30,M047,42141
2025-06-30,M048,88653
2025-07-01,M001,13555
2025-07-01,M002,13056
2025-07-01,M003,19593
2025-07-01,M004,25492
2025-07-01,M005,42567
2025-07-01,M006,24152
2025-07-01,M007,29408
2025-07-01,M008,19493
2025-07-01,M009,29970
2025-07-01,M010,24554
2025-07-01,M011,24946
2025-07-01,M012,31327
2025-07-01,M013,35599
2025-07-01,M014,32851
2025-07-01,M015,29112
2025-07-01,M016,22947
2025-07-01,M017,41651
2025-07-01,M018,30721
2025-07-01,M019,31975
2025-07-01,M020,41243
2025-07-01,M021,42953
2025-07-01,M022,20675
2025-07-01,M023,36778
2025-07-01,M024,43751
2025-07-01,M025,47502
2025-07-01,M026,26566
2025-07-01,M027,39203
2025-07-01,M028,43180
2025-07-01,M029,46169
2025-07-01,M030,37872
2025-07-01,M031,27945
2025-07-01,M032,33697
2025-07-01,M033,56239
2025-07-01,M034,42925
2025-07-01,M035,70172
2025-07-01,M036,40531
2025-07-01,M037,35155
2025-07-01,M038,30813
2025-07-01,M039,46177
2025-07-01,M040,58779
2025-07-01,M041,60209
2025-07-01,M042,45254
2025-07-01,M043,37186
2025-07-01,M044,48141
2025-07-01,M045,66338
2025-07-01,M046,33493
2025-07-01,M047,50857
2025-07-01,M048,60055
2025-07-02,M001,7406
2025-07-02,M002,19265
2025-07-02,M003,16428
2025-07-02,M004,39880
2025-07-02,M005,24826
2025-07-02,M006,32416
2025-07-02,M007,23403
2025-07-02,M008,27009
2025-07-02,M009,19136
2025-07-02,M010,32231
2025-07-02,M011,21975
2025-07-02,M012,44659
2025-07-02,M013,19365
2025-07-02,M014,43114
2025-07-02,M015,24029
2025-07-02,M016,35447
2025-07-02,M017,22679
2025-07-02,M018,47392
2025-07-02,M019,27324
2025-07-02,M020,52590
2025-07-02,M021,21754
2025-07-02,M022,31780
2025-07-02,M023,27761
2025-07-02,M024,61714
2025-07-02,M025,28255
2025-07-02,M026,36895
2025-07-02,M027,32328
2025-07-02,M028,63198
2025-07-02,M029,25023
2025-07-02,M030,56607
2025-07-02,M031,24733
2025-07-02,M032,53102
2025-07-02,M033,28043
2025-07-02,M034,59689
2025-07-02,M035,58977
2025-07-02,M036,55116
2025-07-02,M037,21380
2025-07-02,M038,44373
2025-07-02,M039,37055
2025-07-02,M040,78431
2025-07-02,M041,33903
2025-07-02,M042,69499
2025-07-02,M043,28957
2025-07-02,M044,60540
2025-07-02,M045,38929
2025-07-02,M046,45438
2025-07-02,M047,39896
2025-07-02,M048,85575
2025-07-03,M001,11276
2025-07-03,M002,15760
2025-07-03,M003,25934
2025-07-03,M004,22896
2025-07-03,M005,33738
2025-07-03,M006,32130
2025-07-03,M007,32501
2025-07-03,M008,17479
2025-07-03,M009,25292
2025-07-03,M010,32559
2025-07-03,M011,27838
2025-07-03,M012,28547
2025-07-03,M013,28744
2025-07-03,M014,41231
2025-07-03,M015,30933
2025-07-03,M016,20851
2025-07-03,M017,29296
2025-07-03,M018,41117
2025-07-03,M019,37921
2025-07-03,M020,35204
2025-07-03,M021,29985
2025-07-03,M022,30495
2025-07-03,M023,36532
2025-07-03,M024,39212
2025-07-03,M025,37880
2025-07-03,M026,36700
2025-07-03,M027,45446
2025-07-03,M028,38909
2025-07-03,M029,32440
2025-07-03,M030,46631
2025-07-03,M031,31235
2025-07-03,M032,28659
2025-07-03,M033,44363
2025-07-03,M034,55682
2025-07-03,M035,70049
2025-07-03,M036,31274
2025-07-03,M037,27449
2025-07-03,M038,40946
2025-07-03,M039,55538
2025-07-03,M040,53186
2025-07-03,M041,44988
2025-07-03,M042,63427
2025-07-03,M043,42864
2025-07-03,M044,38090
2025-07-03,M045,49617
2025-07-03,M046,41199
2025-07-03,M047,55872
2025-07-03,M048,56547
2025-07-04,M001,13900
2025-07-04,M002,14374
2025-07-04,M003,20628
2025-07-04,M004,21682
2025-07-04,M005,46816
2025-07-04,M006,26977
2025-07-04,M007,29432
2025-07-04,M008,14777
2025-07-04,M009,34704
2025-07-04,M010,29943
2025-07-04,M011,24682
2025-07-04,M012,26459
2025-07-04,M013,37129
2025-07-04,M014,33595
2025-07-04,M015,30341
2025-07-04,M016,17746
2025-07-04,M017,39997
2025-07-04,M018,39430
2025-07-04,M019,30122
2025-07-04,M020,31220
2025-07-04,M021,43772
2025-07-04,M022,23991
2025-07-04,M023,32999
2025-07-04,M024,32229
2025-07-04,M025,44638
2025-07-04,M026,33425
2025-07-04,M027,42799
2025-07-04,M028,36823
2025-07-04,M029,43471
2025-07-04,M030,47496
2025-07-04,M031,27281
2025-07-04,M032,26271
2025-07-04,M033,57823
2025-07-04,M034,51944
2025-07-04,M035,70545
2025-07-04,M036,27141
2025-07-04,M037,36024
2025-07-04,M038,38919
2025-07-04,M039,50827
2025-07-04,M040,44547
2025-07-04,M041,56418
2025-07-04,M042,51447
2025-07-04,M043,34294
2025-07-04,M044,37692
2025-07-04,M045,64939
2025-07-04,M046,40808
2025-07-04,M047,51567
2025-07-04,M048,50985
2025-07-05,M001,11466
2025-07-05,M002,11179
2025-07-05,M003,19266
2025-07-05,M004,25414
2025-07-05,M005,38967
2025-07-05,M006,22505
2025-07-05,M007,24039
2025-07-05,M008,17088
2025-07-05,M009,26754
2025-07-05,M010,22820
2025-07-05,M011,23017
2025-07-05,M012,28420
2025-07-05,M013,32744
2025-07-05,M014,28240
2025-07-05,M015,25193
2025-07-05,M016,21996
2025-07-05,M017,32217
2025-07-05,M018,27378
2025-07-05,M019,30114
2025-07-05,M020,33482
2025-07-05,M021,35720
2025-07-05,M022,18461
2025-07-05,M023,32812
2025-07-05,M024,39960
2025-07-05,M025,44129
2025-07-05,M026,23609
2025-07-05,M027,38196
2025-07-05,M028,42386
2025-07-05,M029,43569
2025-07-05,M030,34378
2025-07-05,M031,25023
2025-07-05,M032,29706
2025-07-05,M033,47251
2025-07-05,M034,41252
2025-07-05,M035,61985
2025-07-05,M036,35070
2025-07-05,M037,32644
2025-07-05,M038,28498
2025-07-05,M039,43676
2025-07-05,M040,54985
2025-07-05,M041,50391
2025-07-05,M042,45141
2025-07-05,M043,30895
2025-07-05,M044,39521
2025-07-05,M045,64998
2025-07-05,M046,28181
2025-07-05,M047,47783
2025-07-05,M048,56590
2025-07-06,M001,6726
2025-07-06,M002,17102
2025-07-06,M003,15132
2025-07-06,M004,32900
2025-07-06,M005,23055
2025-07-06,M006,31429
2025-07-06,M007,20086
2025-07-06,M008,25764
2025-07-06,M009,17009
2025-07-06,M010,28889
2025-07-06,M011,17885
2025-07-06,M012,42004
2025-07-06,M013,18241
2025-07-06,M014,38257
2025-07-06,M015,22450
2025-07-06,M016,30763
2025-07-06,M017,18557
2025-07-06,M018,41967
2025-07-06,M019,24817
2025-07-06,M020,47737
2025-07-06,M021,19699
2025-07-06,M022,27400
2025-07-06,M023,26997
2025-07-06,M024,52141
2025-07-06,M025,23241
2025-07-06,M026,31341
2025-07-06,M027,33060
2025-07-06,M028,60042
2025-07-06,M029,22616
2025-07-06,M030,47734
2025-07-06,M031,22296
2025-07-06,M032,47548
2025-07-06,M033,26637
2025-07-06,M034,60075
2025-07-06,M035,49404
2025-07-06,M036,50478
2025-07-06,M037,18141
2025-07-06,M038,42827
2025-07-06,M039,34232
2025-07-06,M040,68190
2025-07-06,M041,28512
2025-07-06,M042,63258
2025-07-06,M043,26505
2025-07-06,M044,57144
2025-07-06,M045,34614
2025-07-06,M046,41644
2025-07-06,M047,40376
2025-07-06,M048,72991
2025-07-07,M001,10854
2025-07-07,M002,17963
2025-07-07,M003,22691
2025-07-07,M004,25796
2025-07-07,M005,33038
2025-07-07,M006,30968
2025-07-07,M007,32819
2025-07-07,M008,18209
2025-07-07,M009,25838
2025-07-07,M010,33684
2025-07-07,M011,30623
2025-07-07,M012,30675
2025-07-07,M013,26521
2025-07-07,M014,42499
2025-07-07,M015,32339
2025-07-07,M016,21475
2025-07-07,M017,30836
2025-07-07,M018,44125
2025-07-07,M019,37874
2025-07-07,M020,32590
2025-07-07,M021,30294
2025-07-07,M022,28483
2025-07-07,M023,38621
2025-07-07,M024,38881
2025-07-07,M025,38631
2025-07-07,M026,34711
2025-07-07,M027,49610
2025-07-07,M028,40263
2025-07-07,M029,35068
2025-07-07,M030,46119
2025-07-07,M031,30029
2025-07-07,M032,32022
2025-07-07,M033,42454
2025-07-07,M034,60280
2025-07-07,M035,74818
2025-07-07,M036,31273
2025-07-07,M037,29841
2025-07-07,M038,38840
2025-07-07,M039,49704
2025-07-07,M040,47448
2025-07-07,M041,40562
2025-07-07,M042,64996
2025-07-07,M043,39546
2025-07-07,M044,36755
2025-07-07,M045,51390
2025-07-07,M046,44606
2025-07-07,M047,60695
2025-07-07,M048,51175
2025-07-08,M001,14838
2025-07-08,M002,15611
2025-07-08,M003,22317
2025-07-08,M004,21417
2025-07-08,M005,41609
2025-07-08,M006,30253
2025-07-08,M007,27021
2025-07-08,M008,15658
2025-07-08,M009,30677
2025-07-08,M010,26393
2025-07-08,M011,27058
2025-07-08,M012,27535
2025-07-08,M013,36661
2025-07-08,M014,37959
2025-07-08,M015,28388
2025-07-08,M016,20515
2025-07-08,M017,37301
2025-07-08,M018,36189
2025-07-08,M019,32487
2025-07-08,M020,29838
2025-07-08,M021,38598
2025-07-08,M022,27555
2025-07-08,M023,37021
2025-07-08,M024,36303
2025-07-08,M025,44503
2025-07-08,M026,28599
2025-07-08,M027,44173
2025-07-08,M028,35154
2025-07-08,M029,45739
2025-07-08,M030,46220
2025-07-08,M031,29584
2025-07-08,M032,27030
2025-07-08,M033,54405
2025-07-08,M034,52810
2025-07-08,M035,69840
2025-07-08,M036,28787
2025-07-08,M037,40151
2025-07-08,M038,36036
2025-07-08,M039,50524
2025-07-08,M040,48402
2025-07-08,M041,61191
2025-07-08,M042,54496
2025-07-08,M043,36863
2025-07-08,M044,38596
2025-07-08,M045,75379
2025-07-08,M046,36295
2025-07-08,M047,54299
2025-07-08,M048,45134
2025-07-09,M001,14740
2025-07-09,M002,12487
2025-07-09,M003,21676
2025-07-09,M004,27566
2025-07-09,M005,42499
2025-07-09,M006,22876
2025-07-09,M007,26214
2025-07-09,M008,19998
2025-07-09,M009,30034
2025-07-09,M010,26261
2025-07-09,M011,26424
2025-07-09,M012,30378
2025-07-09,M013,37016
2025-07-09,M014,30523
2025-07-09,M015,30600
2025-07-09,M016,22921
2025-07-09,M017,38083
2025-07-09,M018,30131
2025-07-09,M019,33461
2025-07-09,M020,40503
2025-07-09,M021,39555
2025-07-09,M022,22359
2025-07-09,M023,33580
2025-07-09,M024,42711
2025-07-09,M025,47545
2025-07-09,M026,27241
2025-07-09,M027,42831
2025-07-09,M028,41741
2025-07-09,M029,46876
2025-07-09,M030,35822
2025-07-09,M031,29251
2025-07-09,M032,34372
2025-07-09,M033,57843
2025-07-09,M034,43280
2025-07-09,M035,64876
2025-07-09,M036,40083
2025-07-09,M037,34663
2025-07-09,M038,30147
2025-07-09,M039,48654
2025-07-09,M040,58876
2025-07-09,M041,61249
2025-07-09,M042,46111
2025-07-09,M043,34878
2025-07-09,M044,46026
2025-07-09,M045,68865
2025-07-09,M046,35059
2025-07-09,M047,48096
2025-07-09,M048,67157
2025-07-10,M001,7871
2025-07-10,M002,18687
2025-07-10,M003,20545
2025-07-10,M004,41179
2025-07-10,M005,24551
2025-07-10,M006,39715
2025-07-10,M007,26887
2025-07-10,M008,29581
2025-07-10,M009,20039
2025-07-10,M010,37559
2025-07-10,M011,23892
2025-07-10,M012,46774
2025-07-10,M013,22299
2025-07-10,M014,46584
2025-07-10,M015,25528
2025-07-10,M016,35829
2025-07-10,M017,24989
2025-07-10,M018,52775
2025-07-10,M019,29939
2025-07-10,M020,57125
2025-07-10,M021,25746
2025-07-10,M022,31118
2025-07-10,M023,30897
2025-07-10,M024,61138
2025-07-10,M025,28730
2025-07-10,M026,43514
2025-07-10,M027,35060
2025-07-10,M028,66039
2025-07-10,M029,26081
2025-07-10,M030,57589
2025-07-10,M031,24689
2025-07-10,M032,52336
2025-07-10,M033,32670
2025-07-10,M034,69756
2025-07-10,M035,61120
2025-07-10,M036,56814
2025-07-10,M037,22559
2025-07-10,M038,44302
2025-07-10,M039,42052
2025-07-10,M040,85710
2025-07-10,M041,37211
2025-07-10,M042,74245
2025-07-10,M043,33683
2025-07-10,M044,73967
2025-07-10,M045,42766
2025-07-10,M046,48638
2025-07-10,M047,43420
2025-07-10,M048,95117
2025-07-11,M001,11844
2025-07-11,M002,17578
2025-07-11,M003,24491
2025-07-11,M004,23923
2025-07-11,M005,33775
2025-07-11,M006,32141
2025-07-11,M007,35011
2025-07-11,M008,19230
2025-07-11,M009,25968
2025-07-11,M010,36159
2025-07-11,M011,29810
2025-07-11,M012,31399
2025-07-11,M013,30633
2025-07-11,M014,42467
2025-07-11,M015,33400
2025-07-11,M016,22743
2025-07-11,M017,31542
2025-07-11,M018,48848
2025-07-11,M019,42630
2025-07-11,M020,36862
2025-07-11,M021,32390
2025-07-11,M022,29125
2025-07-11,M023,45504
2025-07-11,M024,38631
2025-07-11,M025,39574
2025-07-11,M026,34695
2025-07-11,M027,48604
2025-07-11,M028,45308
2025-07-11,M029,36827
2025-07-11,M030,56447
2025-07-11,M031,34332
2025-07-11,M032,35415
2025-07-11,M033,41410
2025-07-11,M034,65126
2025-07-11,M035,85361
2025-07-11,M036,32586
2025-07-11,M037,29394
2025-07-11,M038,44997
2025-07-11,M039,55028
2025-07-11,M040,55758
2025-07-11,M041,47769
2025-07-11,M042,67656
2025-07-11,M043,47524
2025-07-11,M044,43338
2025-07-11,M045,57274
2025-07-11,M046,48595
2025-07-11,M047,66771
2025-07-11,M048,53568
2025-07-12,M001,13843
2025-07-12,M002,14861
2025-07-12,M003,19478
2025-07-12,M004,22670
2025-07-12,M005,41858
2025-07-12,M006,29764
2025-07-12,M007,28196
2025-07-12,M008,14513
2025-07-12,M009,29344
2025-07-12,M010,29209
2025-07-12,M011,24812
2025-07-12,M012,27026
2025-07-12,M013,36103
2025-07-12,M014,34781
2025-07-12,M015,27367
2025-07-12,M016,19616
2025-07-12,M017,40343
2025-07-12,M018,37036
2025-07-12,M019,29460
2025-07-12,M020,30238
2025-07-12,M021,39360
2025-07-12,M022,25730
2025-07-12,M023,32857
2025-07-12,M024,31503
2025-07-12,M025,50208
2025-07-12,M026,29853
2025-07-12,M027,38657
2025-07-12,M028,37164
2025-07-12,M029,43388
2025-07-12,M030,43274
2025-07-12,M031,26590
2025-07-12,M032,27683
2025-07-12,M033,53301
2025-07-12,M034,47872
2025-07-12,M035,64158
2025-07-12,M036,29401
2025-07-12,M037,36785
2025-07-12,M038,34052
2025-07-12,M039,42655
2025-07-12,M040,40929
2025-07-12,M041,56098
2025-07-12,M042,56938
2025-07-12,M043,33148
2025-07-12,M044,36531
2025-07-12,M045,65219
2025-07-12,M046,38829
2025-07-12,M047,53768
2025-07-12,M048,49716
2025-07-13,M001,12882
2025-07-13,M002,13155
2025-07-13,M003,21350
2025-07-13,M004,27917
2025-07-13,M005,43682
2025-07-13,M006,24189
2025-07-13,M007,26070
2025-07-13,M008,17765
2025-07-13,M009,31079
2025-07-13,M010,25211
2025-07-13,M011,24829
2025-07-13,M012,30314
2025-07-13,M013,34639
2025-07-13,M014,28031
2025-07-13,M015,26685
2025-07-13,M016,22981
2025-07-13,M017,34990
2025-07-13,M018,30434
2025-07-13,M019,32501
2025-07-13,M020,39188
2025-07-13,M021,39271
2025-07-13,M022,20562
2025-07-13,M023,34661
2025-07-13,M024,39740
2025-07-13,M025,45705
2025-07-13,M026,26466
2025-07-13,M027,39116
2025-07-13,M028,42462
2025-07-13,M029,41335
2025-07-13,M030,39528
2025-07-13,M031,27011
2025-07-13,M032,35994
2025-07-13,M033,48784
2025-07-13,M034,42667
2025-07-13,M035,64485
2025-07-13,M036,36221
2025-07-13,M037,33982
2025-07-13,M038,30915
2025-07-13,M039,46436
2025-07-13,M040,60637
2025-07-13,M041,53262
2025-07-13,M042,47360
2025-07-13,M043,37329
2025-07-13,M044,44817
2025-07-13,M045,68506
2025-07-13,M046,34698
2025-07-13,M047,52508
2025-07-13,M048,58634
2025-07-14,M001,8006
2025-07-14,M002,21093
2025-07-14,M003,19725
2025-07-14,M004,42210
2025-07-14,M005,27044
2025-07-14,M006,37830
2025-07-14,M007,23426
2025-07-14,M008,30065
2025-07-14,M009,17868
2025-07-14,M010,40311
2025-07-14,M011,21476
2025-07-14,M012,51484
2025-07-14,M013,21343
2025-07-14,M014,44681
2025-07-14,M015,24602
2025-07-14,M016,35493
2025-07-14,M017,21474
2025-07-14,M018,49046
2025-07-14,M019,31043
2025-07-14,M020,65581
2025-07-14,M021,23507
2025-07-14,M022,31315
2025-07-14,M023,28967
2025-07-14,M024,67679
2025-07-14,M025,29628
2025-07-14,M026,42140
2025-07-14,M027,35823
2025-07-14,M028,71982
2025-07-14,M029,27668
2025-07-14,M030,55649
2025-07-14,M031,25579
2025-07-14,M032,55117
2025-07-14,M033,34856
2025-07-14,M034,72782
2025-07-14,M035,59987
2025-07-14,M036,58778
2025-07-14,M037,21697
2025-07-14,M038,46927
2025-07-14,M039,45309
2025-07-14,M040,83303
2025-07-14,M041,33670
2025-07-14,M042,70037
2025-07-14,M043,33670
2025-07-14,M044,67752
2025-07-14,M045,43944
2025-07-14,M046,51735
2025-07-14,M047,47180
2025-07-14,M048,95873
2025-07-15,M001,10855
2025-07-15,M002,17677
2025-07-15,M003,26678
2025-07-15,M004,27110
2025-07-15,M005,37223
2025-07-15,M006,35759
2025-07-15,M007,33375
2025-07-15,M008,17261
2025-07-15,M009,26577
2025-07-15,M010,36710
2025-07-15,M011,31184
2025-07-15,M012,30818
2025-07-15,M013,27808
2025-07-15,M014,46207
2025-07-15,M015,34963
2025-07-15,M016,23144
2025-07-15,M017,32235
2025-07-15,M018,43059
2025-07-15,M019,37922
2025-07-15,M020,35269
2025-07-15,M021,34232
2025-07-15,M022,33255
2025-07-15,M023,42803
2025-07-15,M024,39557
2025-07-15,M025,41285
2025-07-15,M026,35234
2025-07-15,M027,53499
2025-07-15,M028,44313
2025-07-15,M029,36172
2025-07-15,M030,51803
2025-07-15,M031,35788
2025-07-15,M032,35633
2025-07-15,M033,42077
2025-07-15,M034,61622
2025-07-15,M035,83633
2025-07-15,M036,34261
2025-07-15,M037,28554
2025-07-15,M038,43887
2025-07-15,M039,61535
2025-07-15,M040,53955
2025-07-15,M041,49504
2025-07-15,M042,62423
2025-07-15,M043,44535
2025-07-15,M044,43725
2025-07-15,M045,59501
2025-07-15,M046,45944
2025-07-15,M047,66723
2025-07-15,M048,57249
2025-07-16,M001,16320
2025-07-16,M002,15233
2025-07-16,M003,23219
2025-07-16,M004,21739
2025-07-16,M005,47089
2025-07-16,M006,28471
2025-07-16,M007,27519
2025-07-16,M008,15727
2025-07-16,M009,35107
2025-07-16,M010,30900
2025-07-16,M011,26322
2025-07-16,M012,29444
2025-07-16,M013,42516
2025-07-16,M014,37147
2025-07-16,M015,32956
2025-07-16,M016,20940
2025-07-16,M017,39991
2025-07-16,M018,40315
2025-07-16,M019,34634
2025-07-16,M020,31352
2025-07-16,M021,47599
2025-07-16,M022,30059
2025-07-16,M023,38795
2025-07-16,M024,34747
2025-07-16,M025,50308
2025-07-16,M026,33464
2025-07-16,M027,44080
2025-07-16,M028,36336
2025-07-16,M029,46525
2025-07-16,M030,47082
2025-07-16,M031,31609
2025-07-16,M032,27862
2025-07-16,M033,54632
2025-07-16,M034,52279
2025-07-16,M035,75894
2025-07-16,M036,30896
2025-07-16,M037,37753
2025-07-16,M038,37254
2025-07-16,M039,51272
2025-07-16,M040,49547
2025-07-16,M041,62522
2025-07-16,M042,58630
2025-07-16,M043,42371
2025-07-16,M044,37872
2025-07-16,M045,70879
2025-07-16,M046,44145
2025-07-16,M047,56571
2025-07-16,M048,52603
2025-07-17,M001,13760
2025-07-17,M002,14489
2025-07-17,M003,22300
2025-07-17,M004,29985
2025-07-17,M005,47109
2025-07-17,M006,28323
2025-07-17,M007,31646
2025-07-17,M008,21064
2025-07-17,M009,35065
2025-07-17,M010,28272
2025-07-17,M011,26057
2025-07-17,M012,37029
2025-07-17,M013,40041
2025-07-17,M014,34127
2025-07-17,M015,28753
2025-07-17,M016,26108
2025-07-17,M017,43384
2025-07-17,M018,33433
2025-07-17,M019,34427
2025-07-17,M020,45908
2025-07-17,M021,41723
2025-07-17,M022,23455
2025-07-17,M023,36565
2025-07-17,M024,43682
2025-07-17,M025,52792
2025-07-17,M026,26974
2025-07-17,M027,44660
2025-07-17,M028,51657
2025-07-17,M029,46020
2025-07-17,M030,41639
2025-07-17,M031,31915
2025-07-17,M032,36461
2025-07-17,M033,62265
2025-07-17,M034,46810
2025-07-17,M035,67081
2025-07-17,M036,41753
2025-07-17,M037,39737
2025-07-17,M038,32889
2025-07-17,M039,50982
2025-07-17,M040,67335
2025-07-17,M041,59148
2025-07-17,M042,52594
2025-07-17,M043,39695
2025-07-17,M044,50402
2025-07-17,M045,71222
2025-07-17,M046,35765
2025-07-17,M047,53831
2025-07-17,M048,66410
2025-07-18,M001,8858
2025-07-18,M002,18145
2025-07-18,M003,20180
2025-07-18,M004,41553
2025-07-18,M005,26858
2025-07-18,M006,40161
2025-07-18,M007,23384
2025-07-18,M008,29161
2025-07-18,M009,20628
2025-07-18,M010,38646
2025-07-18,M011,22486
2025-07-18,M012,48463
2025-07-18,M013,20629
2025-07-18,M014,46911
2025-07-18,M015,26136
2025-07-18,M016,34788
2025-07-18,M017,24540
2025-07-18,M018,54106
2025-07-18,M019,30424
2025-07-18,M020,56882
2025-07-18,M021,24183
2025-07-18,M022,35085
2025-07-18,M023,29549
2025-07-18,M024,61739
2025-07-18,M025,26620
2025-07-18,M026,39232
2025-07-18,M027,37403
2025-07-18,M028,70953
2025-07-18,M029,25529
2025-07-18,M030,61638
2025-07-18,M031,24537
2025-07-18,M032,57527
2025-07-18,M033,31093
2025-07-18,M034,62454
2025-07-18,M035,60813
2025-07-18,M036,60834
2025-07-18,M037,22170
2025-07-18,M038,47275
2025-07-18,M039,46184
2025-07-18,M040,89424
2025-07-18,M041,33412
2025-07-18,M042,67063
2025-07-18,M043,31078
2025-07-18,M044,75234
2025-07-18,M045,39946
2025-07-18,M046,51098
2025-07-18,M047,49367
2025-07-18,M048,93941
2025-07-19,M001,10191
2025-07-19,M002,16757
2025-07-19,M003,24272
2025-07-19,M004,23004
2025-07-19,M005,32254
2025-07-19,M006,31986
2025-07-19,M007,32155
2025-07-19,M008,16095
2025-07-19,M009,21930
2025-07-19,M010,30960
2025-07-19,M011,29138
2025-07-19,M012,29841
2025-07-19,M013,25323
2025-07-19,M014,39171
2025-07-19,M015,33989
2025-07-19,M016,21786
2025-07-19,M017,30328
2025-07-19,M018,43020
2025-07-19,M019,35367
2025-07-19,M020,34373
2025-07-19,M021,30284
2025-07-19,M022,29147
2025-07-19,M023,38403
2025-07-19,M024,37045
2025-07-19,M025,37290
2025-07-19,M026,33197
2025-07-19,M027,48241
2025-07-19,M028,39101
2025-07-19,M029,35034
2025-07-19,M030,48726
2025-07-19,M031,31127
2025-07-19,M032,28481
2025-07-19,M033,37200
2025-07-19,M034,56347
2025-07-19,M035,73327
2025-07-19,M036,30970
2025-07-19,M037,28842
2025-07-19,M038,42248
2025-07-19,M039,54332
2025-07-19,M040,51488
2025-07-19,M041,41768
2025-07-19,M042,55754
2025-07-19,M043,43101
2025-07-19,M044,40556
2025-07-19,M045,47582
2025-07-19,M046,42942
2025-07-19,M047,54020
2025-07-19,M048,49461
2025-07-20,M001,13728
2025-07-20,M002,15549
2025-07-20,M003,20607
2025-07-20,M004,21887
2025-07-20,M005,45638
2025-07-20,M006,27581
2025-07-20,M007,28680
2025-07-20,M008,15086
2025-07-20,M009,33064
2025-07-20,M010,26807
2025-07-20,M011,23374
2025-07-20,M012,26587
2025-07-20,M013,33722
2025-07-20,M014,33910
2025-07-20,M015,27360
2025-07-20,M016,19501
2025-07-20,M017,40412
2025-07-20,M018,39529
2025-07-20,M019,32878
2025-07-20,M020,30005
2025-07-20,M021,39863
2025-07-20,M022,25564
2025-07-20,M023,31594
2025-07-20,M024,33588
2025-07-20,M025,43606
2025-07-20,M026,28627
2025-07-20,M027,40957
2025-07-20,M028,32347
2025-07-20,M029,48011
2025-07-20,M030,40076
2025-07-20,M031,27566
2025-07-20,M032,26864
2025-07-20,M033,52681
2025-07-20,M034,48847
2025-07-20,M035,64112
2025-07-20,M036,28582
2025-07-20,M037,37443
2025-07-20,M038,36320
2025-07-20,M039,48492
2025-07-20,M040,40765
2025-07-20,M041,61338
2025-07-20,M042,51172
2025-07-20,M043,34489
2025-07-20,M044,37704
2025-07-20,M045,71180
2025-07-20,M046,37848
2025-07-20,M047,53488
2025-07-20,M048,50350
2025-07-21,M001,15022
2025-07-21,M002,12948
2025-07-21,M003,23678
2025-07-21,M004,31044
2025-07-21,M005,47692
2025-07-21,M006,26288
2025-07-21,M007,27852
2025-07-21,M008,21851
2025-07-21,M009,34098
2025-07-21,M010,27859
2025-07-21,M011,28444
2025-07-21,M012,32909
2025-07-21,M013,42313
2025-07-21,M014,31101
2025-07-21,M015,29517
2025-07-21,M016,26578
2025-07-21,M017,42947
2025-07-21,M018,34549
2025-07-21,M019,36464
2025-07-21,M020,43826
2025-07-21,M021,47099
2025-07-21,M022,24271
2025-07-21,M023,38290
2025-07-21,M024,43473
2025-07-21,M025,47185
2025-07-21,M026,29512
2025-07-21,M027,42336
2025-07-21,M028,45762
2025-07-21,M029,46042
2025-07-21,M030,43693
2025-07-21,M031,28496
2025-07-21,M032,35833
2025-07-21,M033,58393
2025-07-21,M034,48177
2025-07-21,M035,65964
2025-07-21,M036,43794
2025-07-21,M037,38257
2025-07-21,M038,34089
2025-07-21,M039,51647
2025-07-21,M040,64097
2025-07-21,M041,66502
2025-07-21,M042,47297
2025-07-21,M043,36600
2025-07-21,M044,53381
2025-07-21,M045,74179
2025-07-21,M046,35633
2025-07-21,M047,57737
2025-07-21,M048,69856
2025-07-22,M001,8762
2025-07-22,M002,19038
2025-07-22,M003,19698
2025-07-22,M004,40831
2025-07-22,M005,26143
2025-07-22,M006,38367
2025-07-22,M007,24411
2025-07-22,M008,28666
2025-07-22,M009,18471
2025-07-22,M010,37419
2025-07-22,M011,21551
2025-07-22,M012,48394
2025-07-22,M013,20493
2025-07-22,M014,43472
2025-07-22,M015,27204
2025-07-22,M016,39906
2025-07-22,M017,24529
2025-07-22,M018,53097
2025-07-22,M019,30363
2025-07-22,M020,58774
2025-07-22,M021,23471
2025-07-22,M022,35184
2025-07-22,M023,29166
2025-07-22,M024,67228
2025-07-22,M025,29375
2025-07-22,M026,43243
2025-07-22,M027,37430
2025-07-22,M028,73925
2025-07-22,M029,25845
2025-07-22,M030,56069
2025-07-22,M031,24340
2025-07-22,M032,54660
2025-07-22,M033,34713
2025-07-22,M034,66047
2025-07-22,M035,59892
2025-07-22,M036,58202
2025-07-22,M037,21379
2025-07-22,M038,49072
2025-07-22,M039,41329
2025-07-22,M040,91251
2025-07-22,M041,36459
2025-07-22,M042,74960
2025-07-22,M043,31425
2025-07-22,M044,73224
2025-07-22,M045,40376
2025-07-22,M046,51340
2025-07-22,M047,46868
2025-07-22,M048,96890
2025-07-23,M001,11143
2025-07-23,M002,17874
2025-07-23,M003,27031
2025-07-23,M004,24941
2025-07-23,M005,35240
2025-07-23,M006,32979
2025-07-23,M007,32026
2025-07-23,M008,19432
2025-07-23,M009,24574
2025-07-23,M010,33884
2025-07-23,M011,29983
2025-07-23,M012,33208
2025-07-23,M013,31483
2025-07-23,M014,46837
2025-07-23,M015,35193
2025-07-23,M016,22900
2025-07-23,M017,30745
2025-07-23,M018,48533
2025-07-23,M019,41063
2025-07-23,M020,37524
2025-07-23,M021,31883
2025-07-23,M022,32479
2025-07-23,M023,42970
2025-07-23,M024,38867
2025-07-23,M025,41134
2025-07-23,M026,37741
2025-07-23,M027,52696
2025-07-23,M028,39957
2025-07-23,M029,36267
2025-07-23,M030,50825
2025-07-23,M031,36171
2025-07-23,M032,33212
2025-07-23,M033,42553
2025-07-23,M034,65261
2025-07-23,M035,86472
2025-07-23,M036,37047
2025-07-23,M037,30619
2025-07-23,M038,45735
2025-07-23,M039,61439
2025-07-23,M040,54123
2025-07-23,M041,45448
2025-07-23,M042,68716
2025-07-23,M043,47203
2025-07-23,M044,46098
2025-07-23,M045,60736
2025-07-23,M046,48465
2025-07-23,M047,62095
2025-07-23,M048,53678
2025-07-24,M001,14722
2025-07-24,M002,16639
2025-07-24,M003,23762
2025-07-24,M004,21604
2025-07-24,M005,44543
2025-07-24,M006,30703
2025-07-24,M007,30834
2025-07-24,M008,16974
2025-07-24,M009,36831
2025-07-24,M010,32497
2025-07-24,M011,28014
2025-07-24,M012,29020
2025-07-24,M013,42477
2025-07-24,M014,40630
2025-07-24,M015,28668
2025-07-24,M016,21883
2025-07-24,M017,45452
2025-07-24,M018,43587
2025-07-24,M019,32282
2025-07-24,M020,35494
2025-07-24,M021,44625
2025-07-24,M022,27694
2025-07-24,M023,36119
2025-07-24,M024,37335
2025-07-24,M025,50936
2025-07-24,M026,34541
2025-07-24,M027,45275
2025-07-24,M028,37976
2025-07-24,M029,47050
2025-07-24,M030,51251
2025-07-24,M031,31460
2025-07-24,M032,30739
2025-07-24,M033,60935
2025-07-24,M034,60154
2025-07-24,M035,67553
2025-07-24,M036,31024
2025-07-24,M037,39603
2025-07-24,M038,40733
2025-07-24,M039,49453
2025-07-24,M040,45817
2025-07-24,M041,66434
2025-07-24,M042,61945
2025-07-24,M043,42626
2025-07-24,M044,38657
2025-07-24,M045,76989
2025-07-24,M046,40883
2025-07-24,M047,52103
2025-07-24,M048,54774
2025-07-25,M001,15005
2025-07-25,M002,13301
2025-07-25,M003,21661
2025-07-25,M004,30940
2025-07-25,M005,46226
2025-07-25,M006,27934
2025-07-25,M007,31312
2025-07-25,M008,22090
2025-07-25,M009,36179
2025-07-25,M010,27511
2025-07-25,M011,27593
2025-07-25,M012,34463
2025-07-25,M013,41537
2025-07-25,M014,32045
2025-07-25,M015,29116
2025-07-25,M016,26897
2025-07-25,M017,42527
2025-07-25,M018,34235
2025-07-25,M019,33477
2025-07-25,M020,42205
2025-07-25,M021,42426
2025-07-25,M022,25374
2025-07-25,M023,37906
2025-07-25,M024,44304
2025-07-25,M025,48632
2025-07-25,M026,26957
2025-07-25,M027,45347
2025-07-25,M028,52230
2025-07-25,M029,52813
2025-07-25,M030,40137
2025-07-25,M031,31732
2025-07-25,M032,38532
2025-07-25,M033,56639
2025-07-25,M034,44830
2025-07-25,M035,72577
2025-07-25,M036,40795
2025-07-25,M037,40256
2025-07-25,M038,34755
2025-07-25,M039,48088
2025-07-25,M040,64745
2025-07-25,M041,63708
2025-07-25,M042,50711
2025-07-25,M043,37846
2025-07-25,M044,50001
2025-07-25,M045,79568
2025-07-25,M046,36570
2025-07-25,M047,53795
2025-07-25,M048,66839
2025-07-26,M001,7699
2025-07-26,M002,18432
2025-07-26,M003,17369
2025-07-26,M004,35877
2025-07-26,M005,24432
2025-07-26,M006,33441
2025-07-26,M007,23198
2025-07-26,M008,27120
2025-07-26,M009,17029
2025-07-26,M010,36361
2025-07-26,M011,21592
2025-07-26,M012,48629
2025-07-26,M013,20210
2025-07-26,M014,42533
2025-07-26,M015,22742
2025-07-26,M016,34532
2025-07-26,M017,20351
2025-07-26,M018,46191
2025-07-26,M019,27262
2025-07-26,M020,54852
2025-07-26,M021,21613
2025-07-26,M022,28960
2025-07-26,M023,27902
2025-07-26,M024,56290
2025-07-26,M025,26568
2025-07-26,M026,35990
2025-07-26,M027,35714
2025-07-26,M028,66711
2025-07-26,M029,24142
2025-07-26,M030,56247
2025-07-26,M031,22987
2025-07-26,M032,44772
2025-07-26,M033,28958
2025-07-26,M034,65230
2025-07-26,M035,50818
2025-07-26,M036,53811
2025-07-26,M037,19810
2025-07-26,M038,46114
2025-07-26,M039,40803
2025-07-26,M040,84046
2025-07-26,M041,31251
2025-07-26,M042,68318
2025-07-26,M043,28160
2025-07-26,M044,61753
2025-07-26,M045,40157
2025-07-26,M046,43838
2025-07-26,M047,39743
2025-07-26,M048,86716
2025-07-27,M001,9510
2025-07-27,M002,15928
2025-07-27,M003,24899
2025-07-27,M004,21510
2025-07-27,M005,32987
2025-07-27,M006,29061
2025-07-27,M007,29666
2025-07-27,M008,17374
2025-07-27,M009,24291
2025-07-27,M010,30905
2025-07-27,M011,28523
2025-07-27,M012,27689
2025-07-27,M013,26798
2025-07-27,M014,39444
2025-07-27,M015,33431
2025-07-27,M016,19819
2025-07-27,M017,29007
2025-07-27,M018,41707
2025-07-27,M019,38459
2025-07-27,M020,35090
2025-07-27,M021,31662
2025-07-27,M022,29222
2025-07-27,M023,36377
2025-07-27,M024,34314
2025-07-27,M025,32500
2025-07-27,M026,32182
2025-07-27,M027,49054
2025-07-27,M028,39501
2025-07-27,M029,35862
2025-07-27,M030,45484
2025-07-27,M031,33265
2025-07-27,M032,31275
2025-07-27,M033,41848
2025-07-27,M034,60782
2025-07-27,M035,71862
2025-07-27,M036,33531
2025-07-27,M037,26033
2025-07-27,M038,39583
2025-07-27,M039,56486
2025-07-27,M040,51574
2025-07-27,M041,43477
2025-07-27,M042,60764
2025-07-27,M043,39205
2025-07-27,M044,37144
2025-07-27,M045,53839
2025-07-27,M046,42794
2025-07-27,M047,60603
2025-07-27,M048,51085
2025-07-28,M001,15556
2025-07-28,M002,16691
2025-07-28,M003,24179
2025-07-28,M004,23352
2025-07-28,M005,47631
2025-07-28,M006,31967
2025-07-28,M007,31746
2025-07-28,M008,16594
2025-07-28,M009,32455
2025-07-28,M010,31528
2025-07-28,M011,27856
2025-07-28,M012,26530
2025-07-28,M013,37390
2025-07-28,M014,39214
2025-07-28,M015,29165
2025-07-28,M016,19630
2025-07-28,M017,40436
2025-07-28,M018,39396
2025-07-28,M019,35505
2025-07-28,M020,32881
2025-07-28,M021,44612
2025-07-28,M022,26764
2025-07-28,M023,38439
2025-07-28,M024,35426
2025-07-28,M025,52240
2025-07-28,M026,34305
2025-07-28,M027,42750
2025-07-28,M028,37699
2025-07-28,M029,50093
2025-07-28,M030,46533
2025-07-28,M031,30726
2025-07-28,M032,29807
2025-07-28,M033,59377
2025-07-28,M034,55886
2025-07-28,M035,76497
2025-07-28,M036,32755
2025-07-28,M037,41788
2025-07-28,M038,40108
2025-07-28,M039,52624
2025-07-28,M040,51769
2025-07-28,M041,65302
2025-07-28,M042,60529
2025-07-28,M043,41219
2025-07-28,M044,41561
2025-07-28,M045,76899
2025-07-28,M046,43398
2025-07-28,M047,52583
2025-07-28,M048,55078
2025-07-29,M001,14718
2025-07-29,M002,13364
2025-07-29,M003,22620
2025-07-29,M004,30493
2025-07-29,M005,44528
2025-07-29,M006,25338
2025-07-29,M007,29581
2025-07-29,M008,21192
2025-07-29,M009,35154
2025-07-29,M010,25240
2025-07-29,M011,25407
2025-07-29,M012,38184
2025-07-29,M013,36525
2025-07-29,M014,33960
2025-07-29,M015,28684
2025-07-29,M016,28050
2025-07-29,M017,43812
2025-07-29,M018,34645
2025-07-29,M019,34745
2025-07-29,M020,40204
2025-07-29,M021,46832
2025-07-29,M022,22359
2025-07-29,M023,39862
2025-07-29,M024,45727
2025-07-29,M025,47918
2025-07-29,M026,30038
2025-07-29,M027,43139
2025-07-29,M028,46345
2025-07-29,M029,46529
2025-07-29,M030,42237
2025-07-29,M031,29400
2025-07-29,M032,35485
2025-07-29,M033,57805
2025-07-29,M034,48664
2025-07-29,M035,71604
2025-07-29,M036,38274
2025-07-29,M037,38860
2025-07-29,M038,31716
2025-07-29,M039,51179
2025-07-29,M040,64779
2025-07-29,M041,64223
2025-07-29,M042,49488
2025-07-29,M043,39462
2025-07-29,M044,50703
2025-07-29,M045,77186
2025-07-29,M046,36038
2025-07-29,M047,53141
2025-07-29,M048,69590
2025-07-30,M001,8585
2025-07-30,M002,20502
2025-07-30,M003,20026
2025-07-30,M004,43558
2025-07-30,M005,25162
2025-07-30,M006,38508
2025-07-30,M007,26642
2025-07-30,M008,30291
2025-07-30,M009,19985
2025-07-30,M010,36639
2025-07-30,M011,23340
2025-07-30,M012,53610
2025-07-30,M013,21722
2025-07-30,M014,50172
2025-07-30,M015,25263
2025-07-30,M016,36696
2025-07-30,M017,22178
2025-07-30,M018,46507
2025-07-30,M019,30789
2025-07-30,M020,61009
2025-07-30,M021,22783
2025-07-30,M022,32187
2025-07-30,M023,33805
2025-07-30,M024,63993
2025-07-30,M025,30604
2025-07-30,M026,42492
2025-07-30,M027,37671
2025-07-30,M028,66697
2025-07-30,M029,28196
2025-07-30,M030,53544
2025-07-30,M031,24768
2025-07-30,M032,57512
2025-07-30,M033,33520
2025-07-30,M034,63965
2025-07-30,M035,56639
2025-07-30,M036,60532
2025-07-30,M037,22788
2025-07-30,M038,50041
2025-07-30,M039,43403
2025-07-30,M040,92786
2025-07-30,M041,35056
2025-07-30,M042,68698
2025-07-30,M043,30893
2025-07-30,M044,75144
2025-07-30,M045,43668
2025-07-30,M046,48399
2025-07-30,M047,45057
2025-07-30,M048,98176
2025-07-31,M001,12055
2025-07-31,M002,18636
2025-07-31,M003,26666
2025-07-31,M004,24145
2025-07-31,M005,33725
2025-07-31,M006,32794
2025-07-31,M007,32554
2025-07-31,M008,17464
2025-07-31,M009,24927
2025-07-31,M010,32001
2025-07-31,M011,29316
2025-07-31,M012,29844
2025-07-31,M013,27969
2025-07-31,M014,46176
2025-07-31,M015,33631
2025-07-31,M016,24696
2025-07-31,M017,31545
2025-07-31,M018,49750
2025-07-31,M019,40123
2025-07-31,M020,35041
2025-07-31,M021,35588
2025-07-31,M022,31642
2025-07-31,M023,42285
2025-07-31,M024,43090
2025-07-31,M025,36680
2025-07-31,M026,40280
2025-07-31,M027,46999
2025-07-31,M028,41792
2025-07-31,M029,34723
2025-07-31,M030,51235
2025-07-31,M031,35105
2025-07-31,M032,31358
2025-07-31,M033,47908
2025-07-31,M034,63739
2025-07-31,M035,81599
2025-07-31,M036,37738
2025-07-31,M037,31465
2025-07-31,M038,44953
2025-07-31,M039,62419
2025-07-31,M040,50921
2025-07-31,M041,47778
2025-07-31,M042,67334
2025-07-31,M043,43893
2025-07-31,M044,42588
2025-07-31,M045,61225
2025-07-31,M046,46904
2025-07-31,M047,61481
2025-07-31,M048,60727
2025-08-01,M001,13993
2025-08-01,M002,11910
2025-08-01,M003,20560
2025-08-01,M004,26083
2025-08-01,M005,38901
2025-08-01,M006,23455
2025-08-01,M007,25076
2025-08-01,M008,19771
2025-08-01,M009,30581
2025-08-01,M010,23593
2025-08-01,M011,24581
2025-08-01,M012,29911
2025-08-01,M013,37402
2025-08-01,M014,27675
2025-08-01,M015,28428
2025-08-01,M016,22094
2025-08-01,M017,37490
2025-08-01,M018,31590
2025-08-01,M019,30890
2025-08-01,M020,37680
2025-08-01,M021,39884
2025-08-01,M022,20451
2025-08-01,M023,33076
2025-08-01,M024,42327
2025-08-01,M025,44012
2025-08-01,M026,26596
2025-08-01,M027,41909
2025-08-01,M028,43797
2025-08-01,M029,46849
2025-08-01,M030,35688
2025-08-01,M031,28609
2025-08-01,M032,36306
2025-08-01,M033,52160
2025-08-01,M034,39745
2025-08-01,M035,64201
2025-08-01,M036,37465
2025-08-01,M037,34538
2025-08-01,M038,28947
2025-08-01,M039,46647
2025-08-01,M040,54979
2025-08-01,M041,59287
2025-08-01,M042,43729
2025-08-01,M043,38122
2025-08-01,M044,47641
2025-08-01,M045,61703
2025-08-01,M046,31041
2025-08-01,M047,50498
2025-08-01,M048,58475
2025-08-02,M001,6502
2025-08-02,M002,16835
2025-08-02,M003,15984
2025-08-02,M004,36238
2025-08-02,M005,19266
2025-08-02,M006,29334
2025-08-02,M007,19020
2025-08-02,M008,24951
2025-08-02,M009,15290
2025-08-02,M010,28364
2025-08-02,M011,18034
2025-08-02,M012,40040
2025-08-02,M013,16931
2025-08-02,M014,36097
2025-08-02,M015,20168
2025-08-02,M016,31958
2025-08-02,M017,18212
2025-08-02,M018,38403
2025-08-02,M019,23769
2025-08-02,M020,47055
2025-08-02,M021,20425
2025-08-02,M022,25928
2025-08-02,M023,24143
2025-08-02,M024,57429
2025-08-02,M025,22457
2025-08-02,M026,32287
2025-08-02,M027,30580
2025-08-02,M028,56144
2025-08-02,M029,22027
2025-08-02,M030,47266
2025-08-02,M031,19258
2025-08-02,M032,45115
2025-08-02,M033,26377
2025-08-02,M034,55482
2025-08-02,M035,50884
2025-08-02,M036,45551
2025-08-02,M037,18042
2025-08-02,M038,38886
2025-08-02,M039,32341
2025-08-02,M040,76341
2025-08-02,M041,27858
2025-08-02,M042,59421
2025-08-02,M043,25395
2025-08-02,M044,59154
2025-08-02,M045,33434
2025-08-02,M046,40380
2025-08-02,M047,38662
2025-08-02,M048,71924
2025-08-03,M001,8773
2025-08-03,M002,15244
2025-08-03,M003,21595
2025-08-03,M004,19866
2025-08-03,M005,29254
2025-08-03,M006,25786
2025-08-03,M007,28361
2025-08-03,M008,15858
2025-08-03,M009,21445
2025-08-03,M010,27842
2025-08-03,M011,24222
2025-08-03,M012,23778
2025-08-03,M013,23088
2025-08-03,M014,32967
2025-08-03,M015,27302
2025-08-03,M016,17635
2025-08-03,M017,27426
2025-08-03,M018,38855
2025-08-03,M019,31331
2025-08-03,M020,30527
2025-08-03,M021,29308
2025-08-03,M022,25866
2025-08-03,M023,31682
2025-08-03,M024,34746
2025-08-03,M025,31369
2025-08-03,M026,30603
2025-08-03,M027,43742
2025-08-03,M028,36339
2025-08-03,M029,31830
2025-08-03,M030,41581
2025-08-03,M031,25627
2025-08-03,M032,25444
2025-08-03,M033,33568
2025-08-03,M034,51585
2025-08-03,M035,64983
2025-08-03,M036,28354
2025-08-03,M037,25066
2025-08-03,M038,33706
2025-08-03,M039,43314
2025-08-03,M040,44634
2025-08-03,M041,37170
2025-08-03,M042,56213
2025-08-03,M043,34110
2025-08-03,M044,34855
2025-08-03,M045,44746
2025-08-03,M046,39979
2025-08-03,M047,50610
2025-08-03,M048,49239
2025-08-04,M001,12915
2025-08-04,M002,14613
2025-08-04,M003,20675
2025-08-04,M004,20847
2025-08-04,M005,42021
2025-08-04,M006,28117
2025-08-04,M007,28563
2025-08-04,M008,15144
2025-08-04,M009,30988
2025-08-04,M010,27021
2025-08-04,M011,23844
2025-08-04,M012,26683
2025-08-04,M013,33761
2025-08-04,M014,35710
2025-08-04,M015,25601
2025-08-04,M016,18949
2025-08-04,M017,38303
2025-08-04,M018,34854
2025-08-04,M019,32969
2025-08-04,M020,28116
2025-08-04,M021,39245
2025-08-04,M022,24366
2025-08-04,M023,31793
2025-08-04,M024,32736
2025-08-04,M025,49323
2025-08-04,M026,30808
2025-08-04,M027,36753
2025-08-04,M028,31990
2025-08-04,M029,44504
2025-08-04,M030,44175
2025-08-04,M031,27539
2025-08-04,M032,25745
2025-08-04,M033,49786
2025-08-04,M034,48045
2025-08-04,M035,66095
2025-08-04,M036,29625
2025-08-04,M037,35451
2025-08-04,M038,35946
2025-08-04,M039,48496
2025-08-04,M040,46822
2025-08-04,M041,56822
2025-08-04,M042,55963
2025-08-04,M043,37483
2025-08-04,M044,34941
2025-08-04,M045,65290
2025-08-04,M046,36930
2025-08-04,M047,46765
2025-08-04,M048,48925
2025-08-05,M001,12933
2025-08-05,M002,11787
2025-08-05,M003,19756
2025-08-05,M004,27917
2025-08-05,M005,40499
2025-08-05,M006,21727
2025-08-05,M007,27102
2025-08-05,M008,20592
2025-08-05,M009,30365
2025-08-05,M010,23012
2025-08-05,M011,25389
2025-08-05,M012,30443
2025-08-05,M013,32784
2025-08-05,M014,31716
2025-08-05,M015,27666
2025-08-05,M016,22297
2025-08-05,M017,38097
2025-08-05,M018,31780
2025-08-05,M019,29133
2025-08-05,M020,37398
2025-08-05,M021,38321
2025-08-05,M022,21667
2025-08-05,M023,32812
2025-08-05,M024,38821
2025-08-05,M025,42122
2025-08-05,M026,23496
2025-08-05,M027,40172
2025-08-05,M028,41668
2025-08-05,M029,43894
2025-08-05,M030,36231
2025-08-05,M031,26921
2025-08-05,M032,31916
2025-08-05,M033,54606
2025-08-05,M034,40176
2025-08-05,M035,65037
2025-08-05,M036,35401
2025-08-05,M037,37672
2025-08-05,M038,31713
2025-08-05,M039,44642
2025-08-05,M040,53552
2025-08-05,M041,54415
2025-08-05,M042,45544
2025-08-05,M043,33542
2025-08-05,M044,44211
2025-08-05,M045,64446
2025-08-05,M046,30675
2025-08-05,M047,48634
2025-08-05,M048,64444
2025-08-06,M001,7571
2025-08-06,M002,18185
2025-08-06,M003,16287
2025-08-06,M004,37244
2025-08-06,M005,24151
2025-08-06,M006,32146
2025-08-06,M007,23894
2025-08-06,M008,25236
2025-08-06,M009,16395
2025-08-06,M010,35817
2025-08-06,M011,19105
2025-08-06,M012,43398
2025-08-06,M013,21066
2025-08-06,M014,39027
2025-08-06,M015,22052
2025-08-06,M016,31046
2025-08-06,M017,22138
2025-08-06,M018,46484
2025-08-06,M019,24492
2025-08-06,M020,56023
2025-08-06,M021,21286
2025-08-06,M022,29730
2025-08-06,M023,29116
2025-08-06,M024,63384
2025-08-06,M025,23589
2025-08-06,M026,36076
2025-08-06,M027,34868
2025-08-06,M028,62733
2025-08-06,M029,26229
2025-08-06,M030,48852
2025-08-06,M031,23459
2025-08-06,M032,48968
2025-08-06,M033,26819
2025-08-06,M034,57703
2025-08-06,M035,52688
2025-08-06,M036,50951
2025-08-06,M037,19305
2025-08-06,M038,43894
2025-08-06,M039,38769
2025-08-06,M040,76972
2025-08-06,M041,33119
2025-08-06,M042,66677
2025-08-06,M043,30568
2025-08-06,M044,63630
2025-08-06,M045,38487
2025-08-06,M046,44899
2025-08-06,M047,39939
2025-08-06,M048,90653
2025-08-07,M001,10693
2025-08-07,M002,17031
2025-08-07,M003,22616
2025-08-07,M004,21319
2025-08-07,M005,33772
2025-08-07,M006,30546
2025-08-07,M007,29289
2025-08-07,M008,17032
2025-08-07,M009,24458
2025-08-07,M010,31255
2025-08-07,M011,28981
2025-08-07,M012,25896
2025-08-07,M013,26449
2025-08-07,M014,40238
2025-08-07,M015,31663
2025-08-07,M016,20756
2025-08-07,M017,30520
2025-08-07,M018,41727
2025-08-07,M019,35556
2025-08-07,M020,33696
2025-08-07,M021,29021
2025-08-07,M022,25855
2025-08-07,M023,40768
2025-08-07,M024,39217
2025-08-07,M025,34446
2025-08-07,M026,30897
2025-08-07,M027,47684
2025-08-07,M028,40207
2025-08-07,M029,34880
2025-08-07,M030,51293
2025-08-07,M031,29355
2025-08-07,M032,28091
2025-08-07,M033,36646
2025-08-07,M034,57530
2025-08-07,M035,73625
2025-08-07,M036,30987
2025-08-07,M037,29368
2025-08-07,M038,38836
2025-08-07,M039,52109
2025-08-07,M040,51084
2025-08-07,M041,41387
2025-08-07,M042,59592
2025-08-07,M043,42441
2025-08-07,M044,37037
2025-08-07,M045,47927
2025-08-07,M046,43860
2025-08-07,M047,57777
2025-08-07,M048,52591
2025-08-08,M001,12649
2025-08-08,M002,15650
2025-08-08,M003,21547
2025-08-08,M004,21030
2025-08-08,M005,44317
2025-08-08,M006,28008
2025-08-08,M007,25526
2025-08-08,M008,14369
2025-08-08,M009,32122
2025-08-08,M010,27658
2025-08-08,M011,26459
2025-08-08,M012,23445
2025-08-08,M013,34129
2025-08-08,M014,33110
2025-08-08,M015,28631
2025-08-08,M016,17733
2025-08-08,M017,39891
2025-08-08,M018,36269
2025-08-08,M019,29124
2025-08-08,M020,28517
2025-08-08,M021,42756
2025-08-08,M022,25905
2025-08-08,M023,34855
2025-08-08,M024,33378
2025-08-08,M025,47194
2025-08-08,M026,30483
2025-08-08,M027,42612
2025-08-08,M028,36251
2025-08-08,M029,41310
2025-08-08,M030,40128
2025-08-08,M031,28481
2025-08-08,M032,26703
2025-08-08,M033,51675
2025-08-08,M034,50376
2025-08-08,M035,60014
2025-08-08,M036,29466
2025-08-08,M037,38643
2025-08-08,M038,33378
2025-08-08,M039,48491
2025-08-08,M040,43295
2025-08-08,M041,58508
2025-08-08,M042,57190
2025-08-08,M043,35861
2025-08-08,M044,33570
2025-08-08,M045,66761
2025-08-08,M046,40782
2025-08-08,M047,49234
2025-08-08,M048,43247
2025-08-09,M001,11979
2025-08-09,M002,10582
2025-08-09,M003,16940
2025-08-09,M004,23629
2025-08-09,M005,36780
2025-08-09,M006,19939
2025-08-09,M007,24250
2025-08-09,M008,16799
2025-08-09,M009,27464
2025-08-09,M010,22637
2025-08-09,M011,20622
2025-08-09,M012,27292
2025-08-09,M013,29620
2025-08-09,M014,25463
2025-08-09,M015,24392
2025-08-09,M016,21784
2025-08-09,M017,33525
2025-08-09,M018,27533
2025-08-09,M019,26709
2025-08-09,M020,36196
2025-08-09,M021,35718
2025-08-09,M022,20317
2025-08-09,M023,31815
2025-08-09,M024,39582
2025-08-09,M025,41558
2025-08-09,M026,21096
2025-08-09,M027,37155
2025-08-09,M028,38940
2025-08-09,M029,41121
2025-08-09,M030,32000
2025-08-09,M031,23992
2025-08-09,M032,28341
2025-08-09,M033,45111
2025-08-09,M034,36141
2025-08-09,M035,60040
2025-08-09,M036,34876
2025-08-09,M037,34336
2025-08-09,M038,25900
2025-08-09,M039,40011
2025-08-09,M040,47202
2025-08-09,M041,48579
2025-08-09,M042,38142
2025-08-09,M043,29450
2025-08-09,M044,36956
2025-08-09,M045,56241
2025-08-09,M046,29341
2025-08-09,M047,41870
2025-08-09,M048,55506
2025-08-10,M001,6468
2025-08-10,M002,16136
2025-08-10,M003,15536
2025-08-10,M004,35265
2025-08-10,M005,20452
2025-08-10,M006,28619
2025-08-10,M007,18782
2025-08-10,M008,24243
2025-08-10,M009,15400
2025-08-10,M010,31781
2025-08-10,M011,18226
2025-08-10,M012,40296
2025-08-10,M013,16929
2025-08-10,M014,35803
2025-08-10,M015,20418
2025-08-10,M016,29423
2025-08-10,M017,19569
2025-08-10,M018,43036
2025-08-10,M019,24515
2025-08-10,M020,46921
2025-08-10,M021,20577
2025-08-10,M022,26402
2025-08-10,M023,27162
2025-08-10,M024,53421
2025-08-10,M025,24371
2025-08-10,M026,30253
2025-08-10,M027,28762
2025-08-10,M028,54819
2025-08-10,M029,22101
2025-08-10,M030,45099
2025-08-10,M031,21896
2025-08-10,M032,44808
2025-08-10,M033,27217
2025-08-10,M034,57218
2025-08-10,M035,47598
2025-08-10,M036,44360
2025-08-10,M037,16818
2025-08-10,M038,35529
2025-08-10,M039,36243
2025-08-10,M040,71834
2025-08-10,M041,28989
2025-08-10,M042,61219
2025-08-10,M043,27792
2025-08-10,M044,51929
2025-08-10,M045,34439
2025-08-10,M046,38904
2025-08-10,M047,39017
2025-08-10,M048,71718
2025-08-11,M001,10848
2025-08-11,M002,16294
2025-08-11,M003,23621
2025-08-11,M004,24915
2025-08-11,M005,30816
2025-08-11,M006,30444
2025-08-11,M007,31297
2025-08-11,M008,15925
2025-08-11,M009,24595
2025-08-11,M010,31951
2025-08-11,M011,26324
2025-08-11,M012,28817
2025-08-11,M013,27632
2025-08-11,M014,37104
2025-08-11,M015,31885
2025-08-11,M016,20490
2025-08-11,M017,28864
2025-08-11,M018,40365
2025-08-11,M019,37283
2025-08-11,M020,32009
2025-08-11,M021,31222
2025-08-11,M022,27041
2025-08-11,M023,36978
2025-08-11,M024,36457
2025-08-11,M025,36966
2025-08-11,M026,35634
2025-08-11,M027,48225
2025-08-11,M028,37185
2025-08-11,M029,34867
2025-08-11,M030,48997
2025-08-11,M031,32459
2025-08-11,M032,30330
2025-08-11,M033,42272
2025-08-11,M034,59160
2025-08-11,M035,71832
2025-08-11,M036,30239
2025-08-11,M037,27786
2025-08-11,M038,41653
2025-08-11,M039,51495
2025-08-11,M040,50622
2025-08-11,M041,39187
2025-08-11,M042,61822
2025-08-11,M043,38028
2025-08-11,M044,37168
2025-08-11,M045,50206
2025-08-11,M046,45137
2025-08-11,M047,60410
2025-08-11,M048,53209
2025-08-12,M001,14327
2025-08-12,M002,15081
2025-08-12,M003,20056
2025-08-12,M004,20352
2025-08-12,M005,39976
2025-08-12,M006,26131
2025-08-12,M007,27049
2025-08-12,M008,14341
2025-08-12,M009,30778
2025-08-12,M010,27863
2025-08-12,M011,24196
2025-08-12,M012,25221
2025-08-12,M013,38178
2025-08-12,M014,35770
2025-08-12,M015,27453
2025-08-12,M016,17726
2025-08-12,M017,36854
2025-08-12,M018,34846
2025-08-12,M019,30264
2025-08-12,M020,30834
2025-08-12,M021,37428
2025-08-12,M022,23454
2025-08-12,M023,34632
2025-08-12,M024,35298
2025-08-12,M025,47999
2025-08-12,M026,31312
2025-08-12,M027,39674
2025-08-12,M028,31412
2025-08-12,M029,43508
2025-08-12,M030,42260
2025-08-12,M031,28927
2025-08-12,M032,27156
2025-08-12,M033,56180
2025-08-12,M034,48766
2025-08-12,M035,59361
2025-08-12,M036,26578
2025-08-12,M037,34401
2025-08-12,M038,37327
2025-08-12,M039,42691
2025-08-12,M040,41576
2025-08-12,M041,55965
2025-08-12,M042,54443
2025-08-12,M043,36600
2025-08-12,M044,34185
2025-08-12,M045,64544
2025-08-12,M046,39302
2025-08-12,M047,51492
2025-08-12,M048,49438
2025-08-13,M001,13091
2025-08-13,M002,13139
2025-08-13,M003,18792
2025-08-13,M004,27076
2025-08-13,M005,44800
2025-08-13,M006,24408
2025-08-13,M007,26244
2025-08-13,M008,17643
2025-08-13,M009,31942
2025-08-13,M010,22506
2025-08-13,M011,25197
2025-08-13,M012,34076
2025-08-13,M013,37229
2025-08-13,M014,31131
2025-08-13,M015,26165
2025-08-13,M016,25413
2025-08-13,M017,40157
2025-08-13,M018,32462
2025-08-13,M019,31565
2025-08-13,M020,36465
2025-08-13,M021,40517
2025-08-13,M022,21215
2025-08-13,M023,34561
2025-08-13,M024,43044
2025-08-13,M025,44183
2025-08-13,M026,26904
2025-08-13,M027,36311
2025-08-13,M028,42238
2025-08-13,M029,43916
2025-08-13,M030,39188
2025-08-13,M031,27196
2025-08-13,M032,33588
2025-08-13,M033,51914
2025-08-13,M034,45190
2025-08-13,M035,61952
2025-08-13,M036,35209
2025-08-13,M037,33161
2025-08-13,M038,32192
2025-08-13,M039,46852
2025-08-13,M040,51926
2025-08-13,M041,55948
2025-08-13,M042,48595
2025-08-13,M043,36304
2025-08-13,M044,41128
2025-08-13,M045,70431
2025-08-13,M046,29720
2025-08-13,M047,48542
2025-08-13,M048,58346
2025-08-14,M001,6847
2025-08-14,M002,16998
2025-08-14,M003,17506
2025-08-14,M004,39815
2025-08-14,M005,23490
2025-08-14,M006,34448
2025-08-14,M007,23267
2025-08-14,M008,28290
2025-08-14,M009,17282
2025-08-14,M010,33214
2025-08-14,M011,20115
2025-08-14,M012,44454
2025-08-14,M013,20698
2025-08-14,M014,42599
2025-08-14,M015,23055
2025-08-14,M016,35683
2025-08-14,M017,19839
2025-08-14,M018,41365
2025-08-14,M019,24608
2025-08-14,M020,51870
2025-08-14,M021,22746
2025-08-14,M022,28059
2025-08-14,M023,26925
2025-08-14,M024,56543
2025-08-14,M025,25403
2025-08-14,M026,37390
2025-08-14,M027,34138
2025-08-14,M028,64167
2025-08-14,M029,26204
2025-08-14,M030,53597
2025-08-14,M031,23817
2025-08-14,M032,50965
2025-08-14,M033,28405
2025-08-14,M034,61373
2025-08-14,M035,50785
2025-08-14,M036,50837
2025-08-14,M037,20424
2025-08-14,M038,43427
2025-08-14,M039,40081
2025-08-14,M040,80922
2025-08-14,M041,29321
2025-08-14,M042,64676
2025-08-14,M043,28576
2025-08-14,M044,63662
2025-08-14,M045,35944
2025-08-14,M046,45439
2025-08-14,M047,42151
2025-08-14,M048,85553
2025-08-15,M001,10893
2025-08-15,M002,15800
2025-08-15,M003,23550
2025-08-15,M004,23618
2025-08-15,M005,33187
2025-08-15,M006,29095
2025-08-15,M007,32028
2025-08-15,M008,17225
2025-08-15,M009,23271
2025-08-15,M010,31669
2025-08-15,M011,27014
2025-08-15,M012,25966
2025-08-15,M013,26436
2025-08-15,M014,37017
2025-08-15,M015,30411
2025-08-15,M016,20599
2025-08-15,M017,30243
2025-08-15,M018,41705
2025-08-15,M019,33977
2025-08-15,M020,32093
2025-08-15,M021,28846
2025-08-15,M022,26283
2025-08-15,M023,40407
2025-08-15,M024,35394
2025-08-15,M025,32589
2025-08-15,M026,35841
2025-08-15,M027,47977
2025-08-15,M028,36613
2025-08-15,M029,33338
2025-08-15,M030,46471
2025-08-15,M031,30917
2025-08-15,M032,30073
2025-08-15,M033,41491
2025-08-15,M034,53802
2025-08-15,M035,70425
2025-08-15,M036,30223
2025-08-15,M037,29254
2025-08-15,M038,41183
2025-08-15,M039,55479
2025-08-15,M040,48661
2025-08-15,M041,45745
2025-08-15,M042,59629
2025-08-15,M043,38554
2025-08-15,M044,39459
2025-08-15,M045,49399
2025-08-15,M046,43364
2025-08-15,M047,54929
2025-08-15,M048,54678
2025-08-16,M001,11882
2025-08-16,M002,12689
2025-08-16,M003,19385
2025-08-16,M004,20222
2025-08-16,M005,39986
2025-08-16,M006,26390
2025-08-16,M007,24415
2025-08-16,M008,14418
2025-08-16,M009,29590
2025-08-16,M010,23493
2025-08-16,M011,23713
2025-08-16,M012,23363
2025-08-16,M013,33657
2025-08-16,M014,32384
2025-08-16,M015,26790
2025-08-16,M016,16701
2025-08-16,M017,32709
2025-08-16,M018,34375
2025-08-16,M019,26388
2025-08-16,M020,27545
2025-08-16,M021,37156
2025-08-16,M022,21223
2025-08-16,M023,27945
2025-08-16,M024,28584
2025-08-16,M025,44603
2025-08-16,M026,25361
2025-08-16,M027,35923
2025-08-16,M028,31037
2025-08-16,M029,38685
2025-08-16,M030,41407
2025-08-16,M031,25796
2025-08-16,M032,23026
2025-08-16,M033,46827
2025-08-16,M034,43895
2025-08-16,M035,61311
2025-08-16,M036,26488
2025-08-16,M037,31235
2025-08-16,M038,32713
2025-08-16,M039,42557
2025-08-16,M040,37204
2025-08-16,M041,53185
2025-08-16,M042,46463
2025-08-16,M043,32433
2025-08-16,M044,30109
2025-08-16,M045,63433
2025-08-16,M046,35039
2025-08-16,M047,43677
2025-08-16,M048,39804
2025-08-17,M001,11918
2025-08-17,M002,10253
2025-08-17,M003,16923
2025-08-17,M004,22658
2025-08-17,M005,38685
2025-08-17,M006,22295
2025-08-17,M007,23086
2025-08-17,M008,16949
2025-08-17,M009,28810
2025-08-17,M010,20839
2025-08-17,M011,22185
2025-08-17,M012,28037
2025-08-17,M013,32170
2025-08-17,M014,27290
2025-08-17,M015,22754
2025-08-17,M016,22187
2025-08-17,M017,32634
2025-08-17,M018,30290
2025-08-17,M019,28815
2025-08-17,M020,32936
2025-08-17,M021,35456
2025-08-17,M022,18700
2025-08-17,M023,31871
2025-08-17,M024,35097
2025-08-17,M025,42325
2025-08-17,M026,24710
2025-08-17,M027,35014
2025-08-17,M028,39616
2025-08-17,M029,38084
2025-08-17,M030,32457
2025-08-17,M031,24555
2025-08-17,M032,32887
2025-08-17,M033,48642
2025-08-17,M034,37314
2025-08-17,M035,61791
2025-08-17,M036,33541
2025-08-17,M037,31448
2025-08-17,M038,28335
2025-08-17,M039,39833
2025-08-17,M040,48858
2025-08-17,M041,49024
2025-08-17,M042,40476
2025-08-17,M043,29326
2025-08-17,M044,40045
2025-08-17,M045,61592
2025-08-17,M046,30616
2025-08-17,M047,40995
2025-08-17,M048,57769
2025-08-18,M001,7874
2025-08-18,M002,16168
2025-08-18,M003,16979
2025-08-18,M004,37280
2025-08-18,M005,22836
2025-08-18,M006,33737
2025-08-18,M007,22574
2025-08-18,M008,27208
2025-08-18,M009,16352
2025-08-18,M010,35806
2025-08-18,M011,19270
2025-08-18,M012,46890
2025-08-18,M013,18966
2025-08-18,M014,45008
2025-08-18,M015,23198
2025-08-18,M016,35051
2025-08-18,M017,22361
2025-08-18,M018,43623
2025-08-18,M019,25263
2025-08-18,M020,54661
2025-08-18,M021,22973
2025-08-18,M022,28365
2025-08-18,M023,28786
2025-08-18,M024,58865
2025-08-18,M025,27279
2025-08-18,M026,39006
2025-08-18,M027,34524
2025-08-18,M028,60809
2025-08-18,M029,22973
2025-08-18,M030,52216
2025-08-18,M031,22760
2025-08-18,M032,44373
2025-08-18,M033,26795
2025-08-18,M034,62068
2025-08-18,M035,55742
2025-08-18,M036,55037
2025-08-18,M037,18859
2025-08-18,M038,45169
2025-08-18,M039,36579
2025-08-18,M040,83110
2025-08-18,M041,32193
2025-08-18,M042,63947
2025-08-18,M043,30502
2025-08-18,M044,65430
2025-08-18,M045,34816
2025-08-18,M046,44627
2025-08-18,M047,42152
2025-08-18,M048,81362
2025-08-19,M001,9885
2025-08-19,M002,16741
2025-08-19,M003,23881
2025-08-19,M004,21864
2025-08-19,M005,32698
2025-08-19,M006,29224
2025-08-19,M007,31990
2025-08-19,M008,15341
2025-08-19,M009,23103
2025-08-19,M010,29788
2025-08-19,M011,28837
2025-08-19,M012,27327
2025-08-19,M013,27657
2025-08-19,M014,41126
2025-08-19,M015,30225
2025-08-19,M016,21660
2025-08-19,M017,27769
2025-08-19,M018,43137
2025-08-19,M019,33394
2025-08-19,M020,33507
2025-08-19,M021,27915
2025-08-19,M022,26789
2025-08-19,M023,40246
2025-08-19,M024,38690
2025-08-19,M025,36338
2025-08-19,M026,35453
2025-08-19,M027,43138
2025-08-19,M028,35538
2025-08-19,M029,33176
2025-08-19,M030,44922
2025-08-19,M031,32803
2025-08-19,M032,30281
2025-08-19,M033,41481
2025-08-19,M034,52081
2025-08-19,M035,70539
2025-08-19,M036,30856
2025-08-19,M037,25177
2025-08-19,M038,36833
2025-08-19,M039,49117
2025-08-19,M040,46387
2025-08-19,M041,41424
2025-08-19,M042,60081
2025-08-19,M043,43178
2025-08-19,M044,40776
2025-08-19,M045,53329
2025-08-19,M046,44842
2025-08-19,M047,59299
2025-08-19,M048,54260
2025-08-20,M001,13494
2025-08-20,M002,14876
2025-08-20,M003,20608
2025-08-20,M004,21616
2025-08-20,M005,44861
2025-08-20,M006,29737
2025-08-20,M007,26990
2025-08-20,M008,14002
2025-08-20,M009,28853
2025-08-20,M010,29681
2025-08-20,M011,23737
2025-08-20,M012,23072
2025-08-20,M013,33557
2025-08-20,M014,35582
2025-08-20,M015,28307
2025-08-20,M016,18292
2025-08-20,M017,35478
2025-08-20,M018,35845
2025-08-20,M019,28944
2025-08-20,M020,31043
2025-08-20,M021,41715
2025-08-20,M022,26224
2025-08-20,M023,36243
2025-08-20,M024,32602
2025-08-20,M025,43269
2025-08-20,M026,29591
2025-08-20,M027,40907
2025-08-20,M028,31696
2025-08-20,M029,42629
2025-08-20,M030,42494
2025-08-20,M031,26162
2025-08-20,M032,26929
2025-08-20,M033,50996
2025-08-20,M034,50837
2025-08-20,M035,65288
2025-08-20,M036,29398
2025-08-20,M037,34147
2025-08-20,M038,33651
2025-08-20,M039,42597
2025-08-20,M040,41537
2025-08-20,M041,60464
2025-08-20,M042,49798
2025-08-20,M043,35257
2025-08-20,M044,33091
2025-08-20,M045,66959
2025-08-20,M046,39989
2025-08-20,M047,49835
2025-08-20,M048,44311
2025-08-21,M001,12370
2025-08-21,M002,12276
2025-08-21,M003,20529
2025-08-21,M004,25666
2025-08-21,M005,41811
2025-08-21,M006,22952
2025-08-21,M007,28025
2025-08-21,M008,19136
2025-08-21,M009,32735
2025-08-21,M010,22762
2025-08-21,M011,25752
2025-08-21,M012,30668
2025-08-21,M013,35623
2025-08-21,M014,27934
2025-08-21,M015,27185
2025-08-21,M016,22888
2025-08-21,M017,35633
2025-08-21,M018,33515
2025-08-21,M019,30767
2025-08-21,M020,37246
2025-08-21,M021,42114
2025-08-21,M022,21311
2025-08-21,M023,32904
2025-08-21,M024,44474
2025-08-21,M025,46440
2025-08-21,M026,23415
2025-08-21,M027,39952
2025-08-21,M028,40675
2025-08-21,M029,47213
2025-08-21,M030,38895
2025-08-21,M031,27271
2025-08-21,M032,31445
2025-08-21,M033,48638
2025-08-21,M034,40903
2025-08-21,M035,60463
2025-08-21,M036,36673
2025-08-21,M037,35814
2025-08-21,M038,27808
2025-08-21,M039,42792
2025-08-21,M040,58027
2025-08-21,M041,57588
2025-08-21,M042,48666
2025-08-21,M043,37711
2025-08-21,M044,41566
2025-08-21,M045,71153
2025-08-21,M046,31341
2025-08-21,M047,47816
2025-08-21,M048,64825
2025-08-22,M001,7352
2025-08-22,M002,16539
2025-08-22,M003,18472
2025-08-22,M004,40028
2025-08-22,M005,22285
2025-08-22,M006,31572
2025-08-22,M007,21564
2025-08-22,M008,27141
2025-08-22,M009,17468
2025-08-22,M010,33058
2025-08-22,M011,22282
2025-08-22,M012,43007
2025-08-22,M013,18985
2025-08-22,M014,39920
2025-08-22,M015,23793
2025-08-22,M016,32777
2025-08-22,M017,21405
2025-08-22,M018,45817
2025-08-22,M019,25183
2025-08-22,M020,54370
2025-08-22,M021,22524
2025-08-22,M022,30096
2025-08-22,M023,26756
2025-08-22,M024,61427
2025-08-22,M025,26316
2025-08-22,M026,34560
2025-08-22,M027,31746
2025-08-22,M028,62016
2025-08-22,M029,23403
2025-08-22,M030,48624
2025-08-22,M031,22120
2025-08-22,M032,46855
2025-08-22,M033,27960
2025-08-22,M034,64876
2025-08-22,M035,55138
2025-08-22,M036,52937
2025-08-22,M037,18571
2025-08-22,M038,39393
2025-08-22,M039,39074
2025-08-22,M040,81368
2025-08-22,M041,32461
2025-08-22,M042,67389
2025-08-22,M043,31993
2025-08-22,M044,62036
2025-08-22,M045,37127
2025-08-22,M046,44888
2025-08-22,M047,41659
2025-08-22,M048,83773
2025-08-23,M001,9291
2025-08-23,M002,13786
2025-08-23,M003,20001
2025-08-23,M004,21658
2025-08-23,M005,27334
2025-08-23,M006,26586
2025-08-23,M007,26482
2025-08-23,M008,14866
2025-08-23,M009,19638
2025-08-23,M010,26391
2025-08-23,M011,25655
2025-08-23,M012,24147
2025-08-23,M013,24527
2025-08-23,M014,35694
2025-08-23,M015,29789
2025-08-23,M016,17678
2025-08-23,M017,24086
2025-08-23,M018,38038
2025-08-23,M019,31741
2025-08-23,M020,29639
2025-08-23,M021,25114
2025-08-23,M022,26704
2025-08-23,M023,36378
2025-08-23,M024,32393
2025-08-23,M025,30501
2025-08-23,M026,29274
2025-08-23,M027,37602
2025-08-23,M028,33992
2025-08-23,M029,29984
2025-08-23,M030,41372
2025-08-23,M031,27206
2025-08-23,M032,28428
2025-08-23,M033,36589
2025-08-23,M034,52414
2025-08-23,M035,70376
2025-08-23,M036,27494
2025-08-23,M037,24175
2025-08-23,M038,35615
2025-08-23,M039,49030
2025-08-23,M040,40232
2025-08-23,M041,36331
2025-08-23,M042,56877
2025-08-23,M043,38230
2025-08-23,M044,34474
2025-08-23,M045,43913
2025-08-23,M046,37354
2025-08-23,M047,51025
2025-08-23,M048,46827
2025-08-24,M001,12789
2025-08-24,M002,13249
2025-08-24,M003,17013
2025-08-24,M004,18015
2025-08-24,M005,37933
2025-08-24,M006,25975
2025-08-24,M007,22493
2025-08-24,M008,13513
2025-08-24,M009,26403
2025-08-24,M010,24749
2025-08-24,M011,21194
2025-08-24,M012,22499
2025-08-24,M013,29850
2025-08-24,M014,29142
2025-08-24,M015,26823
2025-08-24,M016,17164
2025-08-24,M017,35721
2025-08-24,M018,31721
2025-08-24,M019,30297
2025-08-24,M020,28522
2025-08-24,M021,35122
2025-08-24,M022,22759
2025-08-24,M023,32700
2025-08-24,M024,31400
2025-08-24,M025,39533
2025-08-24,M026,26103
2025-08-24,M027,33150
2025-08-24,M028,28781
2025-08-24,M029,42792
2025-08-24,M030,36835
2025-08-24,M031,23393
2025-08-24,M032,25039
2025-08-24,M033,50369
2025-08-24,M034,44080
2025-08-24,M035,60406
2025-08-24,M036,25477
2025-08-24,M037,33699
2025-08-24,M038,30880
2025-08-24,M039,38326
2025-08-24,M040,37112
2025-08-24,M041,53968
2025-08-24,M042,48715
2025-08-24,M043,30220
2025-08-24,M044,32081
2025-08-24,M045,61577
2025-08-24,M046,33424
2025-08-24,M047,46500
2025-08-24,M048,44174
2025-08-25,M001,12269
2025-08-25,M002,12006
2025-08-25,M003,18890
2025-08-25,M004,24792
2025-08-25,M005,44619
2025-08-25,M006,21668
2025-08-25,M007,27569
2025-08-25,M008,19800
2025-08-25,M009,30604
2025-08-25,M010,24654
2025-08-25,M011,22990
2025-08-25,M012,30118
2025-08-25,M013,32975
2025-08-25,M014,28678
2025-08-25,M015,27229
2025-08-25,M016,24659
2025-08-25,M017,35643
2025-08-25,M018,29683
2025-08-25,M019,29603
2025-08-25,M020,40879
2025-08-25,M021,41756
2025-08-25,M022,22378
2025-08-25,M023,32235
2025-08-25,M024,39725
2025-08-25,M025,41855
2025-08-25,M026,23998
2025-08-25,M027,38903
2025-08-25,M028,47073
2025-08-25,M029,46674
2025-08-25,M030,37066
2025-08-25,M031,28822
2025-08-25,M032,34719
2025-08-25,M033,53665
2025-08-25,M034,45577
2025-08-25,M035,66403
2025-08-25,M036,34801
2025-08-25,M037,36748
2025-08-25,M038,27748
2025-08-25,M039,42369
2025-08-25,M040,57285
2025-08-25,M041,58126
2025-08-25,M042,43442
2025-08-25,M043,36924
2025-08-25,M044,44512
2025-08-25,M045,63270
2025-08-25,M046,32643
2025-08-25,M047,50905
2025-08-25,M048,59365
2025-08-26,M001,7578
2025-08-26,M002,17702
2025-08-26,M003,17003
2025-08-26,M004,36766
2025-08-26,M005,24819
2025-08-26,M006,33452
2025-08-26,M007,22365
2025-08-26,M008,28525
2025-08-26,M009,16789
2025-08-26,M010,32108
2025-08-26,M011,21803
2025-08-26,M012,45319
2025-08-26,M013,19317
2025-08-26,M014,39384
2025-08-26,M015,21420
2025-08-26,M016,31339
2025-08-26,M017,21927
2025-08-26,M018,46257
2025-08-26,M019,26131
2025-08-26,M020,51525
2025-08-26,M021,21042
2025-08-26,M022,31918
2025-08-26,M023,26439
2025-08-26,M024,62046
2025-08-26,M025,25431
2025-08-26,M026,35649
2025-08-26,M027,30777
2025-08-26,M028,63853
2025-08-26,M029,22786
2025-08-26,M030,48752
2025-08-26,M031,23294
2025-08-26,M032,47155
2025-08-26,M033,27535
2025-08-26,M034,58978
2025-08-26,M035,49545
2025-08-26,M036,47770
2025-08-26,M037,18662
2025-08-26,M038,41468
2025-08-26,M039,36185
2025-08-26,M040,83966
2025-08-26,M041,30219
2025-08-26,M042,61412
2025-08-26,M043,30116
2025-08-26,M044,58458
2025-08-26,M045,34678
2025-08-26,M046,46533
2025-08-26,M047,42549
2025-08-26,M048,86426
2025-08-27,M001,9789
2025-08-27,M002,15136
2025-08-27,M003,23289
2025-08-27,M004,24535
2025-08-27,M005,32833
2025-08-27,M006,33201
2025-08-27,M007,31441
2025-08-27,M008,15392
2025-08-27,M009,22709
2025-08-27,M010,29616
2025-08-27,M011,28703
2025-08-27,M012,28214
2025-08-27,M013,26707
2025-08-27,M014,40281
2025-08-27,M015,30031
2025-08-27,M016,19537
2025-08-27,M017,28761
2025-08-27,M018,41148
2025-08-27,M019,33323
2025-08-27,M020,34290
2025-08-27,M021,29284
2025-08-27,M022,27283
2025-08-27,M023,38673
2025-08-27,M024,37704
2025-08-27,M025,33824
2025-08-27,M026,35746
2025-08-27,M027,45284
2025-08-27,M028,39337
2025-08-27,M029,33151
2025-08-27,M030,48617
2025-08-27,M031,28256
2025-08-27,M032,30275
2025-08-27,M033,41884
2025-08-27,M034,58013
2025-08-27,M035,67249
2025-08-27,M036,31679
2025-08-27,M037,25554
2025-08-27,M038,41315
2025-08-27,M039,47856
2025-08-27,M040,46029
2025-08-27,M041,40704
2025-08-27,M042,63436
2025-08-27,M043,42077
2025-08-27,M044,36402
2025-08-27,M045,47035
2025-08-27,M046,39419
2025-08-27,M047,59089
2025-08-27,M048,51779
2025-08-28,M001,12846
2025-08-28,M002,14131
2025-08-28,M003,20979
2025-08-28,M004,20321
2025-08-28,M005,42485
2025-08-28,M006,27423
2025-08-28,M007,24881
2025-08-28,M008,15722
2025-08-28,M009,30751
2025-08-28,M010,26038
2025-08-28,M011,24075
2025-08-28,M012,23973
2025-08-28,M013,35914
2025-08-28,M014,33392
2025-08-28,M015,27934
2025-08-28,M016,18784
2025-08-28,M017,40652
2025-08-28,M018,38448
2025-08-28,M019,30369
2025-08-28,M020,32051
2025-08-28,M021,37570
2025-08-28,M022,23241
2025-08-28,M023,32509
2025-08-28,M024,31873
2025-08-28,M025,45197
2025-08-28,M026,30327
2025-08-28,M027,40868
2025-08-28,M028,31504
2025-08-28,M029,42137
2025-08-28,M030,42289
2025-08-28,M031,26316
2025-08-28,M032,24653
2025-08-28,M033,54776
2025-08-28,M034,48327
2025-08-28,M035,61561
2025-08-28,M036,27415
2025-08-28,M037,39101
2025-08-28,M038,33695
2025-08-28,M039,42239
2025-08-28,M040,45680
2025-08-28,M041,59335
2025-08-28,M042,56417
2025-08-28,M043,33940
2025-08-28,M044,33733
2025-08-28,M045,68229
2025-08-28,M046,40225
2025-08-28,M047,47220
2025-08-28,M048,44368
2025-08-29,M001,12501
2025-08-29,M002,12170
2025-08-29,M003,20477
2025-08-29,M004,26588
2025-08-29,M005,42859
2025-08-29,M006,22331
2025-08-29,M007,28448
2025-08-29,M008,20002
2025-08-29,M009,33070
2025-08-29,M010,21643
2025-08-29,M011,23867
2025-08-29,M012,31948
2025-08-29,M013,34584
2025-08-29,M014,31765
2025-08-29,M015,27787
2025-08-29,M016,21908
2025-08-29,M017,36515
2025-08-29,M018,29279
2025-08-29,M019,30838
2025-08-29,M020,39678
2025-08-29,M021,42194
2025-08-29,M022,21169
2025-08-29,M023,32017
2025-08-29,M024,44444
2025-08-29,M025,41919
2025-08-29,M026,23488
2025-08-29,M027,37790
2025-08-29,M028,41206
2025-08-29,M029,43331
2025-08-29,M030,37646
2025-08-29,M031,27737
2025-08-29,M032,35219
2025-08-29,M033,55450
2025-08-29,M034,39545
2025-08-29,M035,60082
2025-08-29,M036,34410
2025-08-29,M037,37668
2025-08-29,M038,31107
2025-08-29,M039,44787
2025-08-29,M040,58028
2025-08-29,M041,58843
2025-08-29,M042,43264
2025-08-29,M043,34016
2025-08-29,M044,46537
2025-08-29,M045,68944
2025-08-29,M046,32411
2025-08-29,M047,48811
2025-08-29,M048,58934
2025-08-30,M001,6614
2025-08-30,M002,14691
2025-08-30,M003,14889
2025-08-30,M004,31791
2025-08-30,M005,19291
2025-08-30,M006,29126
2025-08-30,M007,19036
2025-08-30,M008,24510
2025-08-30,M009,14911
2025-08-30,M010,27812
2025-08-30,M011,19236
2025-08-30,M012,40851
2025-08-30,M013,17548
2025-08-30,M014,35651
2025-08-30,M015,20186
2025-08-30,M016,29907
2025-08-30,M017,19730
2025-08-30,M018,37625
2025-08-30,M019,25167
2025-08-30,M020,49841
2025-08-30,M021,21416
2025-08-30,M022,27915
2025-08-30,M023,25839
2025-08-30,M024,55448
2025-08-30,M025,24167
2025-08-30,M026,35012
2025-08-30,M027,29822
2025-08-30,M028,58440
2025-08-30,M029,22058
2025-08-30,M030,49572
2025-08-30,M031,19761
2025-08-30,M032,44638
2025-08-30,M033,25405
2025-08-30,M034,50372
2025-08-30,M035,51022
2025-08-30,M036,45365
2025-08-30,M037,18314
2025-08-30,M038,40012
2025-08-30,M039,35067
2025-08-30,M040,76181
2025-08-30,M041,26155
2025-08-30,M042,56794
2025-08-30,M043,24868
2025-08-30,M044,55358
2025-08-30,M045,35007
2025-08-30,M046,43422
2025-08-30,M047,39857
2025-08-30,M048,76566
2025-08-31,M001,9032
2025-08-31,M002,14926
2025-08-31,M003,21024
2025-08-31,M004,21700
2025-08-31,M005,28087
2025-08-31,M006,26536
2025-08-31,M007,29086
2025-08-31,M008,15065
2025-08-31,M009,20006
2025-08-31,M010,27992
2025-08-31,M011,25328
2025-08-31,M012,25570
2025-08-31,M013,22655
2025-08-31,M014,33888
2025-08-31,M015,28290
2025-08-31,M016,18372
2025-08-31,M017,24928
2025-08-31,M018,35233
2025-08-31,M019,33829
2025-08-31,M020,28526
2025-08-31,M021,26126
2025-08-31,M022,26678
2025-08-31,M023,36807
2025-08-31,M024,30515
2025-08-31,M025,30726
2025-08-31,M026,28415
2025-08-31,M027,39128
2025-08-31,M028,34243
2025-08-31,M029,31304
2025-08-31,M030,44018
2025-08-31,M031,25587
2025-08-31,M032,28303
2025-08-31,M033,34038
2025-08-31,M034,54016
2025-08-31,M035,69149
2025-08-31,M036,28327
2025-08-31,M037,26340
2025-08-31,M038,37800
2025-08-31,M039,49347
2025-08-31,M040,40984
2025-08-31,M041,37850
2025-08-31,M042,50289
2025-08-31,M043,38753
2025-08-31,M044,34181
2025-08-31,M045,48844
2025-08-31,M046,40919
2025-08-31,M047,49065
2025-08-31,M048,48114
2025-09-01,M001,13401
2025-09-01,M002,11640
2025-09-01,M003,19890
2025-09-01,M004,27626
2025-09-01,M005,39682
2025-09-01,M006,23260
2025-09-01,M007,25650
2025-09-01,M008,19548
2025-09-01,M009,30461
2025-09-01,M010,22621
2025-09-01,M011,23040
2025-09-01,M012,28978
2025-09-01,M013,33898
2025-09-01,M014,28895
2025-09-01,M015,25004
2025-09-01,M016,22928
2025-09-01,M017,36494
2025-09-01,M018,31396
2025-09-01,M019,30993
2025-09-01,M020,36892
2025-09-01,M021,37478
2025-09-01,M022,21298
2025-09-01,M023,33187
2025-09-01,M024,41932
2025-09-01,M025,42538
2025-09-01,M026,23253
2025-09-01,M027,37653
2025-09-01,M028,41920
2025-09-01,M029,45248
2025-09-01,M030,34726
2025-09-01,M031,27016
2025-09-01,M032,31859
2025-09-01,M033,47545
2025-09-01,M034,43817
2025-09-01,M035,57151
2025-09-01,M036,33967
2025-09-01,M037,37317
2025-09-01,M038,29646
2025-09-01,M039,45428
2025-09-01,M040,51084
2025-09-01,M041,53815
2025-09-01,M042,47239
2025-09-01,M043,34362
2025-09-01,M044,43648
2025-09-01,M045,64941
2025-09-01,M046,29928
2025-09-01,M047,46760
2025-09-01,M048,58530
2025-09-02,M001,7596
2025-09-02,M002,17753
2025-09-02,M003,16029
2025-09-02,M004,35509
2025-09-02,M005,22909
2025-09-02,M006,31572
2025-09-02,M007,19958
2025-09-02,M008,25592
2025-09-02,M009,16768
2025-09-02,M010,34574
2025-09-02,M011,19092
2025-09-02,M012,45775
2025-09-02,M013,18947
2025-09-02,M014,42695
2025-09-02,M015,22754
2025-09-02,M016,30347
2025-09-02,M017,18751
2025-09-02,M018,40665
2025-09-02,M019,23365
2025-09-02,M020,50382
2025-09-02,M021,22158
2025-09-02,M022,29971
2025-09-02,M023,25798
2025-09-02,M024,55770
2025-09-02,M025,23573
2025-09-02,M026,32682
2025-09-02,M027,31023
2025-09-02,M028,61131
2025-09-02,M029,23092
2025-09-02,M030,53081
2025-09-02,M031,21461
2025-09-02,M032,49161
2025-09-02,M033,28819
2025-09-02,M034,60270
2025-09-02,M035,49271
2025-09-02,M036,49170
2025-09-02,M037,18584
2025-09-02,M038,38717
2025-09-02,M039,39284
2025-09-02,M040,82642
2025-09-02,M041,32227
2025-09-02,M042,60669
2025-09-02,M043,28343
2025-09-02,M044,60070
2025-09-02,M045,35328
2025-09-02,M046,41311
2025-09-02,M047,39019
2025-09-02,M048,77420
2025-09-03,M001,9135
2025-09-03,M002,15855
2025-09-03,M003,21415
2025-09-03,M004,22356
2025-09-03,M005,32032
2025-09-03,M006,31150
2025-09-03,M007,28192
2025-09-03,M008,15754
2025-09-03,M009,21629
2025-09-03,M010,31036
2025-09-03,M011,26846
2025-09-03,M012,27207
2025-09-03,M013,26733
2025-09-03,M014,35133
2025-09-03,M015,31541
2025-09-03,M016,20365
2025-09-03,M017,27298
2025-09-03,M018,40106
2025-09-03,M019,36042
2025-09-03,M020,35370
2025-09-03,M021,31144
2025-09-03,M022,26106
2025-09-03,M023,37271
2025-09-03,M024,37803
2025-09-03,M025,36630
2025-09-03,M026,30234
2025-09-03,M027,42981
2025-09-03,M028,36167
2025-09-03,M029,31324
2025-09-03,M030,43086
2025-09-03,M031,28163
2025-09-03,M032,28580
2025-09-03,M033,37782
2025-09-03,M034,53283
2025-09-03,M035,75845
2025-09-03,M036,31899
2025-09-03,M037,27399
2025-09-03,M038,40100
2025-09-03,M039,47416
2025-09-03,M040,43770
2025-09-03,M041,44463
2025-09-03,M042,59954
2025-09-03,M043,41048
2025-09-03,M044,34517
2025-09-03,M045,50815
2025-09-03,M046,41375
2025-09-03,M047,53184
2025-09-03,M048,52705
2025-09-04,M001,13149
2025-09-04,M002,13505
2025-09-04,M003,19169
2025-09-04,M004,20085
2025-09-04,M005,43027
2025-09-04,M006,28974
2025-09-04,M007,25559
2025-09-04,M008,13914
2025-09-04,M009,31534
2025-09-04,M010,28819
2025-09-04,M011,24576
2025-09-04,M012,24520
2025-09-04,M013,32572
2025-09-04,M014,32549
2025-09-04,M015,26373
2025-09-04,M016,17831
2025-09-04,M017,36733
2025-09-04,M018,34199
2025-09-04,M019,32331
2025-09-04,M020,29512
2025-09-04,M021,40019
2025-09-04,M022,24824
2025-09-04,M023,32154
2025-09-04,M024,29767
2025-09-04,M025,41780
2025-09-04,M026,27566
2025-09-04,M027,37562
2025-09-04,M028,33197
2025-09-04,M029,45664
2025-09-04,M030,40574
2025-09-04,M031,24762
2025-09-04,M032,23902
2025-09-04,M033,49676
2025-09-04,M034,48496
2025-09-04,M035,64709
2025-09-04,M036,28703
2025-09-04,M037,34238
2025-09-04,M038,32666
2025-09-04,M039,44028
2025-09-04,M040,42907
2025-09-04,M041,53411
2025-09-04,M042,48948
2025-09-04,M043,34503
2025-09-04,M044,31372
2025-09-04,M045,69399
2025-09-04,M046,37401
2025-09-04,M047,50307
2025-09-04,M048,49069
2025-09-05,M001,13447
2025-09-05,M002,11510
2025-09-05,M003,20776
2025-09-05,M004,27753
2025-09-05,M005,43207
2025-09-05,M006,23635
2025-09-05,M007,27228
2025-09-05,M008,17240
2025-09-05,M009,27470
2025-09-05,M010,22708
2025-09-05,M011,22713
2025-09-05,M012,32378
2025-09-05,M013,36423
2025-09-05,M014,28026
2025-09-05,M015,27158
2025-09-05,M016,23369
2025-09-05,M017,33928
2025-09-05,M018,29235
2025-09-05,M019,27799
2025-09-05,M020,37866
2025-09-05,M021,40775
2025-09-05,M022,21681
2025-09-05,M023,31054
2025-09-05,M024,41659
2025-09-05,M025,47131
2025-09-05,M026,24106
2025-09-05,M027,40390
2025-09-05,M028,39379
2025-09-05,M029,40781
2025-09-05,M030,35314
2025-09-05,M031,25451
2025-09-05,M032,34251
2025-09-05,M033,49368
2025-09-05,M034,41338
2025-09-05,M035,64593
2025-09-05,M036,34642
2025-09-05,M037,33557
2025-09-05,M038,28208
2025-09-05,M039,45642
2025-09-05,M040,50498
2025-09-05,M041,49600
2025-09-05,M042,44139
2025-09-05,M043,35136
2025-09-05,M044,42580
2025-09-05,M045,66116
2025-09-05,M046,32534
2025-09-05,M047,48229
2025-09-05,M048,62515
2025-09-06,M001,6207
2025-09-06,M002,16363
2025-09-06,M003,14944
2025-09-06,M004,32328
2025-09-06,M005,18752
2025-09-06,M006,28651
2025-09-06,M007,20905
2025-09-06,M008,23354
2025-09-06,M009,15172
2025-09-06,M010,30227
2025-09-06,M011,18165
2025-09-06,M012,40832
2025-09-06,M013,18218
2025-09-06,M014,34776
2025-09-06,M015,20333
2025-09-06,M016,30820
2025-09-06,M017,18489
2025-09-06,M018,37864
2025-09-06,M019,21323
2025-09-06,M020,51792
2025-09-06,M021,18624
2025-09-06,M022,24531
2025-09-06,M023,26520
2025-09-06,M024,47979
2025-09-06,M025,23992
2025-09-06,M026,32282
2025-09-06,M027,30144
2025-09-06,M028,53715
2025-09-06,M029,20402
2025-09-06,M030,43107
2025-09-06,M031,20024
2025-09-06,M032,44927
2025-09-06,M033,27179
2025-09-06,M034,52693
2025-09-06,M035,49160
2025-09-06,M036,44968
2025-09-06,M037,16100
2025-09-06,M038,34446
2025-09-06,M039,33774
2025-09-06,M040,73540
2025-09-06,M041,26231
2025-09-06,M042,58603
2025-09-06,M043,27455
2025-09-06,M044,57089
2025-09-06,M045,34199
2025-09-06,M046,40163
2025-09-06,M047,35374
2025-09-06,M048,70263
2025-09-07,M001,8311
2025-09-07,M002,14841
2025-09-07,M003,20993
2025-09-07,M004,21326
2025-09-07,M005,29101
2025-09-07,M006,26388
2025-09-07,M007,27965
2025-09-07,M008,14680
2025-09-07,M009,22167
2025-09-07,M010,27988
2025-09-07,M011,25609
2025-09-07,M012,25013
2025-09-07,M013,22807
2025-09-07,M014,32018
2025-09-07,M015,28393
2025-09-07,M016,17286
2025-09-07,M017,24771
2025-09-07,M018,34763
2025-09-07,M019,29664
2025-09-07,M020,31226
2025-09-07,M021,27541
2025-09-07,M022,22691
2025-09-07,M023,34903
2025-09-07,M024,32291
2025-09-07,M025,31313
2025-09-07,M026,29720
2025-09-07,M027,38090
2025-09-07,M028,34419
2025-09-07,M029,27368
2025-09-07,M030,39128
2025-09-07,M031,28872
2025-09-07,M032,26876
2025-09-07,M033,32613
2025-09-07,M034,46226
2025-09-07,M035,64051
2025-09-07,M036,29727
2025-09-07,M037,22632
2025-09-07,M038,32830
2025-09-07,M039,48898
2025-09-07,M040,42915
2025-09-07,M041,38988
2025-09-07,M042,56467
2025-09-07,M043,36792
2025-09-07,M044,32836
2025-09-07,M045,44482
2025-09-07,M046,38442
2025-09-07,M047,50875
2025-09-07,M048,45436
2025-09-08,M001,12357
2025-09-08,M002,14712
2025-09-08,M003,18992
2025-09-08,M004,19532
2025-09-08,M005,40726
2025-09-08,M006,25276
2025-09-08,M007,24543
2025-09-08,M008,14186
2025-09-08,M009,31750
2025-09-08,M010,27783
2025-09-08,M011,24980
2025-09-08,M012,25433
2025-09-08,M013,36232
2025-09-08,M014,34686
2025-09-08,M015,28841
2025-09-08,M016,17650
2025-09-08,M017,37705
2025-09-08,M018,38519
2025-09-08,M019,28303
2025-09-08,M020,30594
2025-09-08,M021,41944
2025-09-08,M022,22855
2025-09-08,M023,34304
2025-09-08,M024,33989
2025-09-08,M025,47421
2025-09-08,M026,28338
2025-09-08,M027,41108
2025-09-08,M028,31724
2025-09-08,M029,41135
2025-09-08,M030,40781
2025-09-08,M031,25026
2025-09-08,M032,24851
2025-09-08,M033,49726
2025-09-08,M034,47408
2025-09-08,M035,59958
2025-09-08,M036,27335
2025-09-08,M037,32489
2025-09-08,M038,34399
2025-09-08,M039,43277
2025-09-08,M040,43981
2025-09-08,M041,58098
2025-09-08,M042,51804
2025-09-08,M043,35705
2025-09-08,M044,32933
2025-09-08,M045,68727
2025-09-08,M046,34389
2025-09-08,M047,50737
2025-09-08,M048,47863
2025-09-09,M001,13356
2025-09-09,M002,11129
2025-09-09,M003,19816
2025-09-09,M004,26402
2025-09-09,M005,41768
2025-09-09,M006,23793
2025-09-09,M007,25387
2025-09-09,M008,18753
2025-09-09,M009,28607
2025-09-09,M010,22763
2025-09-09,M011,23782
2025-09-09,M012,28736
2025-09-09,M013,33298
2025-09-09,M014,27165
2025-09-09,M015,25215
2025-09-09,M016,24921
2025-09-09,M017,34559
2025-09-09,M018,29557
2025-09-09,M019,29492
2025-09-09,M020,36463
2025-09-09,M021,39914
2025-09-09,M022,21545
2025-09-09,M023,34826
2025-09-09,M024,40233
2025-09-09,M025,42583
2025-09-09,M026,24959
2025-09-09,M027,35438
2025-09-09,M028,43705
2025-09-09,M029,41693
2025-09-09,M030,34319
2025-09-09,M031,26356
2025-09-09,M032,32389
2025-09-09,M033,48441
2025-09-09,M034,39663
2025-09-09,M035,57344
2025-09-09,M036,38183
2025-09-09,M037,37090
2025-09-09,M038,30587
2025-09-09,M039,43230
2025-09-09,M040,51538
2025-09-09,M041,56836
2025-09-09,M042,43188
2025-09-09,M043,34790
2025-09-09,M044,41525
2025-09-09,M045,61357
2025-09-09,M046,33077
2025-09-09,M047,50111
2025-09-09,M048,57466
2025-09-10,M001,7725
2025-09-10,M002,16810
2025-09-10,M003,15400
2025-09-10,M004,36220
2025-09-10,M005,23177
2025-09-10,M006,33469
2025-09-10,M007,20843
2025-09-10,M008,24557
2025-09-10,M009,16619
2025-09-10,M010,34562
2025-09-10,M011,20953
2025-09-10,M012,41623
2025-09-10,M013,20497
2025-09-10,M014,37933
2025-09-10,M015,21808
2025-09-10,M016,33586
2025-09-10,M017,20551
2025-09-10,M018,44047
2025-09-10,M019,26635
2025-09-10,M020,53694
2025-09-10,M021,20962
2025-09-10,M022,27944
2025-09-10,M023,25242
2025-09-10,M024,57630
2025-09-10,M025,26592
2025-09-10,M026,36967
2025-09-10,M027,33792
2025-09-10,M028,61149
2025-09-10,M029,24225
2025-09-10,M030,53210
2025-09-10,M031,20928
2025-09-10,M032,45050
2025-09-10,M033,27611
2025-09-10,M034,62341
2025-09-10,M035,49086
2025-09-10,M036,53661
2025-09-10,M037,19601
2025-09-10,M038,39644
2025-09-10,M039,38258
2025-09-10,M040,79200
2025-09-10,M041,28947
2025-09-10,M042,65646
2025-09-10,M043,27203
2025-09-10,M044,64778
2025-09-10,M045,36672
2025-09-10,M046,43981
2025-09-10,M047,39954
2025-09-10,M048,82553
2025-09-11,M001,9276
2025-09-11,M002,16484
2025-09-11,M003,21520
2025-09-11,M004,21823
2025-09-11,M005,29029
2025-09-11,M006,30162
2025-09-11,M007,29193
2025-09-11,M008,16788
2025-09-11,M009,22731
2025-09-11,M010,28451
2025-09-11,M011,29167
2025-09-11,M012,25883
2025-09-11,M013,26897
2025-09-11,M014,38832
2025-09-11,M015,28270
2025-09-11,M016,18673
2025-09-11,M017,28492
2025-09-11,M018,41250
2025-09-11,M019,32458
2025-09-11,M020,34138
2025-09-11,M021,30446
2025-09-11,M022,27343
2025-09-11,M023,36488
2025-09-11,M024,35946
2025-09-11,M025,35604
2025-09-11,M026,31157
2025-09-11,M027,44879
2025-09-11,M028,34533
2025-09-11,M029,31269
2025-09-11,M030,49522
2025-09-11,M031,31096
2025-09-11,M032,26515
2025-09-11,M033,37557
2025-09-11,M034,56916
2025-09-11,M035,69149
2025-09-11,M036,30925
2025-09-11,M037,27478
2025-09-11,M038,37799
2025-09-11,M039,54440
2025-09-11,M040,46883
2025-09-11,M041,43623
2025-09-11,M042,56269
2025-09-11,M043,40772
2025-09-11,M044,34939
2025-09-11,M045,52589
2025-09-11,M046,41555
2025-09-11,M047,53701
2025-09-11,M048,54027
2025-09-12,M001,14200
2025-09-12,M002,13010
2025-09-12,M003,20998
2025-09-12,M004,21386
2025-09-12,M005,44219
2025-09-12,M006,27598
2025-09-12,M007,24291
2025-09-12,M008,14770
2025-09-12,M009,31779
2025-09-12,M010,28531
2025-09-12,M011,25718
2025-09-12,M012,22881
2025-09-12,M013,35463
2025-09-12,M014,35832
2025-09-12,M015,28463
2025-09-12,M016,17961
2025-09-12,M017,38589
2025-09-12,M018,36796
2025-09-12,M019,28072
2025-09-12,M020,30042
2025-09-12,M021,38014
2025-09-12,M022,25437
2025-09-12,M023,30219
2025-09-12,M024,29884
2025-09-12,M025,47936
2025-09-12,M026,28419
2025-09-12,M027,41553
2025-09-12,M028,32913
2025-09-12,M029,43454
2025-09-12,M030,44260
2025-09-12,M031,26085
2025-09-12,M032,27489
2025-09-12,M033,49896
2025-09-12,M034,51456
2025-09-12,M035,61160
2025-09-12,M036,27277
2025-09-12,M037,35885
2025-09-12,M038,31981
2025-09-12,M039,44525
2025-09-12,M040,45108
2025-09-12,M041,54611
2025-09-12,M042,51768
2025-09-12,M043,32984
2025-09-12,M044,32136
2025-09-12,M045,64886
2025-09-12,M046,34032
2025-09-12,M047,44820
2025-09-12,M048,44699
2025-09-13,M001,11820
2025-09-13,M002,10365
2025-09-13,M003,16869
2025-09-13,M004,24629
2025-09-13,M005,38031
2025-09-13,M006,20068
2025-09-13,M007,24043
2025-09-13,M008,16666
2025-09-13,M009,25708
2025-09-13,M010,21961
2025-09-13,M011,22421
2025-09-13,M012,28316
2025-09-13,M013,28833
2025-09-13,M014,26245
2025-09-13,M015,23129
2025-09-13,M016,19697
2025-09-13,M017,33538
2025-09-13,M018,28456
2025-09-13,M019,27322
2025-09-13,M020,34996
2025-09-13,M021,32346
2025-09-13,M022,19459
2025-09-13,M023,31267
2025-09-13,M024,35848
2025-09-13,M025,38627
2025-09-13,M026,20929
2025-09-13,M027,32101
2025-09-13,M028,36963
2025-09-13,M029,36457
2025-09-13,M030,31704
2025-09-13,M031,23284
2025-09-13,M032,28434
2025-09-13,M033,44045
2025-09-13,M034,36539
2025-09-13,M035,51814
2025-09-13,M036,34125
2025-09-13,M037,28862
2025-09-13,M038,25264
2025-09-13,M039,37155
2025-09-13,M040,51736
2025-09-13,M041,50543
2025-09-13,M042,41461
2025-09-13,M043,33234
2025-09-13,M044,37691
2025-09-13,M045,56674
2025-09-13,M046,30243
2025-09-13,M047,46036
2025-09-13,M048,56822
2025-09-14,M001,6105
2025-09-14,M002,15794
2025-09-14,M003,14666
2025-09-14,M004,34113
2025-09-14,M005,20354
2025-09-14,M006,29077
2025-09-14,M007,20206
2025-09-14,M008,23453
2025-09-14,M009,14523
2025-09-14,M010,29566
2025-09-14,M011,19247
2025-09-14,M012,40933
2025-09-14,M013,16731
2025-09-14,M014,34776
2025-09-14,M015,19154
2025-09-14,M016,29887
2025-09-14,M017,16867
2025-09-14,M018,40240
2025-09-14,M019,21630
2025-09-14,M020,47595
2025-09-14,M021,19170
2025-09-14,M022,26467
2025-09-14,M023,23812
2025-09-14,M024,51512
2025-09-14,M025,22488
2025-09-14,M026,33494
2025-09-14,M027,29358
2025-09-14,M028,54156
2025-09-14,M029,20459
2025-09-14,M030,46823
2025-09-14,M031,19612
2025-09-14,M032,43246
2025-09-14,M033,27354
2025-09-14,M034,51588
2025-09-14,M035,43519
2025-09-14,M036,47660
2025-09-14,M037,18487
2025-09-14,M038,36655
2025-09-14,M039,33159
2025-09-14,M040,65293
2025-09-14,M041,25696
2025-09-14,M042,60174
2025-09-14,M043,24638
2025-09-14,M044,50632
2025-09-14,M045,34636
2025-09-14,M046,38013
2025-09-14,M047,34409
2025-09-14,M048,74024
2025-09-15,M001,10500
2025-09-15,M002,16693
2025-09-15,M003,21569
2025-09-15,M004,21397
2025-09-15,M005,30784
2025-09-15,M006,32084
2025-09-15,M007,28014
2025-09-15,M008,16399
2025-09-15,M009,23293
2025-09-15,M010,30747
2025-09-15,M011,27789
2025-09-15,M012,24723
2025-09-15,M013,24732
2025-09-15,M014,38913
2025-09-15,M015,31581
2025-09-15,M016,18811
2025-09-15,M017,27765
2025-09-15,M018,40351
2025-09-15,M019,35718
2025-09-15,M020,33611
2025-09-15,M021,29933
2025-09-15,M022,26204
2025-09-15,M023,37694
2025-09-15,M024,35626
2025-09-15,M025,34550
2025-09-15,M026,33176
2025-09-15,M027,42771
2025-09-15,M028,37611
2025-09-15,M029,33839
2025-09-15,M030,49567
2025-09-15,M031,31707
2025-09-15,M032,29173
2025-09-15,M033,39491
2025-09-15,M034,52606
2025-09-15,M035,74915
2025-09-15,M036,30734
2025-09-15,M037,28386
2025-09-15,M038,38861
2025-09-15,M039,53136
2025-09-15,M040,46203
2025-09-15,M041,44317
2025-09-15,M042,54809
2025-09-15,M043,37224
2025-09-15,M044,37855
2025-09-15,M045,52879
2025-09-15,M046,38599
2025-09-15,M047,57951
2025-09-15,M048,52113
2025-09-16,M001,12342
2025-09-16,M002,14598
2025-09-16,M003,18814
2025-09-16,M004,21879
2025-09-16,M005,39114
2025-09-16,M006,27663
2025-09-16,M007,26051
2025-09-16,M008,14865
2025-09-16,M009,30474
2025-09-16,M010,24897
2025-09-16,M011,25233
2025-09-16,M012,25059
2025-09-16,M013,36910
2025-09-16,M014,35972
2025-09-16,M015,25300
2025-09-16,M016,18274
2025-09-16,M017,36108
2025-09-16,M018,38658
2025-09-16,M019,30429
2025-09-16,M020,27259
2025-09-16,M021,40942
2025-09-16,M022,22706
2025-09-16,M023,34539
2025-09-16,M024,31216
2025-09-16,M025,45773
2025-09-16,M026,31219
2025-09-16,M027,38366
2025-09-16,M028,31753
2025-09-16,M029,41678
2025-09-16,M030,40112
2025-09-16,M031,24629
2025-09-16,M032,27216
2025-09-16,M033,47456
2025-09-16,M034,49649
2025-09-16,M035,59225
2025-09-16,M036,27554
2025-09-16,M037,37578
2025-09-16,M038,31950
2025-09-16,M039,43761
2025-09-16,M040,41151
2025-09-16,M041,58626
2025-09-16,M042,51990
2025-09-16,M043,32135
2025-09-16,M044,31688
2025-09-16,M045,68463
2025-09-16,M046,37348
2025-09-16,M047,44980
2025-09-16,M048,49296
2025-09-17,M001,13584
2025-09-17,M002,12473
2025-09-17,M003,20045
2025-09-17,M004,25034
2025-09-17,M005,43614
2025-09-17,M006,23474
2025-09-17,M007,25335
2025-09-17,M008,19908
2025-09-17,M009,28975
2025-09-17,M010,22931
2025-09-17,M011,25649
2025-09-17,M012,33337
2025-09-17,M013,32891
2025-09-17,M014,29496
2025-09-17,M015,24765
2025-09-17,M016,24078
2025-09-17,M017,34446
2025-09-17,M018,29929
2025-09-17,M019,31050
2025-09-17,M020,39008
2025-09-17,M021,39602
2025-09-17,M022,19995
2025-09-17,M023,30433
2025-09-17,M024,43740
2025-09-17,M025,42102
2025-09-17,M026,23166
2025-09-17,M027,37151
2025-09-17,M028,41438
2025-09-17,M029,45659
2025-09-17,M030,37985
2025-09-17,M031,25152
2025-09-17,M032,32550
2025-09-17,M033,51468
2025-09-17,M034,40831
2025-09-17,M035,59793
2025-09-17,M036,36513
2025-09-17,M037,32372
2025-09-17,M038,29267
2025-09-17,M039,46819
2025-09-17,M040,51985
2025-09-17,M041,55441
2025-09-17,M042,46931
2025-09-17,M043,31797
2025-09-17,M044,43980
2025-09-17,M045,66298
2025-09-17,M046,30749
2025-09-17,M047,50770
2025-09-17,M048,60898
2025-09-18,M001,7726
2025-09-18,M002,16076
2025-09-18,M003,16264
2025-09-18,M004,38807
2025-09-18,M005,23352
2025-09-18,M006,30326
2025-09-18,M007,22003
2025-09-18,M008,24299
2025-09-18,M009,17500
2025-09-18,M010,32628
2025-09-18,M011,19736
2025-09-18,M012,45642
2025-09-18,M013,20007
2025-09-18,M014,43586
2025-09-18,M015,23020
2025-09-18,M016,31367
2025-09-18,M017,20494
2025-09-18,M018,41334
2025-09-18,M019,26951
2025-09-18,M020,51447
2025-09-18,M021,22421
2025-09-18,M022,29662
2025-09-18,M023,25902
2025-09-18,M024,61035
2025-09-18,M025,26715
2025-09-18,M026,33475
2025-09-18,M027,34353
2025-09-18,M028,55645
2025-09-18,M029,24353
2025-09-18,M030,52777
2025-09-18,M031,22139
2025-09-18,M032,48662
2025-09-18,M033,27915
2025-09-18,M034,60912
2025-09-18,M035,53595
2025-09-18,M036,52880
2025-09-18,M037,19207
2025-09-18,M038,41942
2025-09-18,M039,38890
2025-09-18,M040,74122
2025-09-18,M041,27928
2025-09-18,M042,58213
2025-09-18,M043,30095
2025-09-18,M044,56060
2025-09-18,M045,36576
2025-09-18,M046,44609
2025-09-18,M047,40892
2025-09-18,M048,87003
2025-09-19,M001,9520
2025-09-19,M002,16997
2025-09-19,M003,23708
2025-09-19,M004,22946
2025-09-19,M005,32360
2025-09-19,M006,29102
2025-09-19,M007,28462
2025-09-19,M008,17013
2025-09-19,M009,22621
2025-09-19,M010,31461
2025-09-19,M011,26323
2025-09-19,M012,27855
2025-09-19,M013,27051
2025-09-19,M014,39237
2025-09-19,M015,29793
2025-09-19,M016,20375
2025-09-19,M017,26281
2025-09-19,M018,39040
2025-09-19,M019,32461
2025-09-19,M020,32982
2025-09-19,M021,30102
2025-09-19,M022,27486
2025-09-19,M023,36732
2025-09-19,M024,37683
2025-09-19,M025,34679
2025-09-19,M026,33236
2025-09-19,M027,42805
2025-09-19,M028,38615
2025-09-19,M029,33073
2025-09-19,M030,45189
2025-09-19,M031,28908
2025-09-19,M032,30735
2025-09-19,M033,37101
2025-09-19,M034,51401
2025-09-19,M035,66788
2025-09-19,M036,31633
2025-09-19,M037,24622
2025-09-19,M038,37228
2025-09-19,M039,51750
2025-09-19,M040,44068
2025-09-19,M041,40933
2025-09-19,M042,55534
2025-09-19,M043,41387
2025-09-19,M044,35546
2025-09-19,M045,50388
2025-09-19,M046,43612
2025-09-19,M047,55996
2025-09-19,M048,48526
2025-09-20,M001,11034
2025-09-20,M002,12852
2025-09-20,M003,18012
2025-09-20,M004,18164
2025-09-20,M005,37043
2025-09-20,M006,25867
2025-09-20,M007,22191
2025-09-20,M008,12096
2025-09-20,M009,29090
2025-09-20,M010,25423
2025-09-20,M011,23186
2025-09-20,M012,21419
2025-09-20,M013,31562
2025-09-20,M014,28451
2025-09-20,M015,25322
2025-09-20,M016,16446
2025-09-20,M017,31024
2025-09-20,M018,34431
2025-09-20,M019,26261
2025-09-20,M020,25352
2025-09-20,M021,34941
2025-09-20,M022,20560
2025-09-20,M023,29489
2025-09-20,M024,28506
2025-09-20,M025,38016
2025-09-20,M026,27101
2025-09-20,M027,32842
2025-09-20,M028,28023
2025-09-20,M029,41069
2025-09-20,M030,39012
2025-09-20,M031,24077
2025-09-20,M032,23668
2025-09-20,M033,46753
2025-09-20,M034,41328
2025-09-20,M035,51918
2025-09-20,M036,22927
2025-09-20,M037,32137
2025-09-20,M038,29132
2025-09-20,M039,39649
2025-09-20,M040,38912
2025-09-20,M041,49233
2025-09-20,M042,45483
2025-09-20,M043,31161
2025-09-20,M044,31111
2025-09-20,M045,59592
2025-09-20,M046,32489
2025-09-20,M047,44818
2025-09-20,M048,43754
2025-09-21,M001,12555
2025-09-21,M002,10475
2025-09-21,M003,17064
2025-09-21,M004,24736
2025-09-21,M005,37777
2025-09-21,M006,19917
2025-09-21,M007,23022
2025-09-21,M008,15856
2025-09-21,M009,29025
2025-09-21,M010,21223
2025-09-21,M011,20144
2025-09-21,M012,27094
2025-09-21,M013,30476
2025-09-21,M014,24888
2025-09-21,M015,23976
2025-09-21,M016,20982
2025-09-21,M017,31112
2025-09-21,M018,28586
2025-09-21,M019,27125
2025-09-21,M020,31941
2025-09-21,M021,34949
2025-09-21,M022,18446
2025-09-21,M023,30571
2025-09-21,M024,37292
2025-09-21,M025,39961
2025-09-21,M026,22163
2025-09-21,M027,32229
2025-09-21,M028,41294
2025-09-21,M029,38022
2025-09-21,M030,32813
2025-09-21,M031,23209
2025-09-21,M032,29455
2025-09-21,M033,45036
2025-09-21,M034,37843
2025-09-21,M035,54257
2025-09-21,M036,29936
2025-09-21,M037,33533
2025-09-21,M038,26903
2025-09-21,M039,42241
2025-09-21,M040,45696
2025-09-21,M041,52283
2025-09-21,M042,38452
2025-09-21,M043,29506
2025-09-21,M044,36383
2025-09-21,M045,62596
2025-09-21,M046,29986
2025-09-21,M047,42832
2025-09-21,M048,54356
2025-09-22,M001,7011
2025-09-22,M002,16188
2025-09-22,M003,17355
2025-09-22,M004,39515
2025-09-22,M005,22186
2025-09-22,M006,34399
2025-09-22,M007,22187
2025-09-22,M008,27767
2025-09-22,M009,17788
2025-09-22,M010,30302
2025-09-22,M011,20109
2025-09-22,M012,44263
2025-09-22,M013,20348
2025-09-22,M014,41528
2025-09-22,M015,22566
2025-09-22,M016,33780
2025-09-22,M017,19922
2025-09-22,M018,43606
2025-09-22,M019,27161
2025-09-22,M020,49628
2025-09-22,M021,21219
2025-09-22,M022,29926
2025-09-22,M023,26421
2025-09-22,M024,57283
2025-09-22,M025,24774
2025-09-22,M026,32853
2025-09-22,M027,31953
2025-09-22,M028,59901
2025-09-22,M029,24886
2025-09-22,M030,48164
2025-09-22,M031,22372
2025-09-22,M032,45017
2025-09-22,M033,30164
2025-09-22,M034,60623
2025-09-22,M035,53825
2025-09-22,M036,51249
2025-09-22,M037,17956
2025-09-22,M038,43497
2025-09-22,M039,34302
2025-09-22,M040,81967
2025-09-22,M041,31782
2025-09-22,M042,64187
2025-09-22,M043,29475
2025-09-22,M044,58311
2025-09-22,M045,38686
2025-09-22,M046,47475
2025-09-22,M047,42395
2025-09-22,M048,88025
2025-09-23,M001,10659
2025-09-23,M002,15704
2025-09-23,M003,21123
2025-09-23,M004,23200
2025-09-23,M005,31948
2025-09-23,M006,31862
2025-09-23,M007,30669
2025-09-23,M008,15409
2025-09-23,M009,21379
2025-09-23,M010,28065
2025-09-23,M011,25753
2025-09-23,M012,25220
2025-09-23,M013,24170
2025-09-23,M014,34967
2025-09-23,M015,31133
2025-09-23,M016,19005
2025-09-23,M017,28469
2025-09-23,M018,40330
2025-09-23,M019,35508
2025-09-23,M020,30555
2025-09-23,M021,27693
2025-09-23,M022,26694
2025-09-23,M023,38178
2025-09-23,M024,34724
2025-09-23,M025,33798
2025-09-23,M026,32003
2025-09-23,M027,41883
2025-09-23,M028,39392
2025-09-23,M029,32773
2025-09-23,M030,43313
2025-09-23,M031,31456
2025-09-23,M032,27679
2025-09-23,M033,41105
2025-09-23,M034,52031
2025-09-23,M035,65961
2025-09-23,M036,30137
2025-09-23,M037,26959
2025-09-23,M038,40284
2025-09-23,M039,50395
2025-09-23,M040,46743
2025-09-23,M041,43566
2025-09-23,M042,57824
2025-09-23,M043,36787
2025-09-23,M044,35002
2025-09-23,M045,45814
2025-09-23,M046,39566
2025-09-23,M047,58776
2025-09-23,M048,53094
2025-09-24,M001,12401
2025-09-24,M002,13272
2025-09-24,M003,19844
2025-09-24,M004,21487
2025-09-24,M005,41238
2025-09-24,M006,24986
2025-09-24,M007,27292
2025-09-24,M008,13816
2025-09-24,M009,32746
2025-09-24,M010,25523
2025-09-24,M011,23043
2025-09-24,M012,22840
2025-09-24,M013,36199
2025-09-24,M014,32722
2025-09-24,M015,25218
2025-09-24,M016,18076
2025-09-24,M017,39235
2025-09-24,M018,35699
2025-09-24,M019,31371
2025-09-24,M020,31040
2025-09-24,M021,36033
2025-09-24,M022,22736
2025-09-24,M023,31403
2025-09-24,M024,32179
2025-09-24,M025,47734
2025-09-24,M026,28627
2025-09-24,M027,36352
2025-09-24,M028,33859
2025-09-24,M029,44339
2025-09-24,M030,39089
2025-09-24,M031,26462
2025-09-24,M032,24836
2025-09-24,M033,54318
2025-09-24,M034,52321
2025-09-24,M035,62686
2025-09-24,M036,25775
2025-09-24,M037,37634
2025-09-24,M038,36295
2025-09-24,M039,43926
2025-09-24,M040,43440
2025-09-24,M041,55338
2025-09-24,M042,50294
2025-09-24,M043,35741
2025-09-24,M044,35033
2025-09-24,M045,70843
2025-09-24,M046,36218
2025-09-24,M047,44841
2025-09-24,M048,42648
2025-09-25,M001,13714
2025-09-25,M002,12282
2025-09-25,M003,21011
2025-09-25,M004,27975
2025-09-25,M005,39794
2025-09-25,M006,23560
2025-09-25,M007,25295
2025-09-25,M008,19537
2025-09-25,M009,28570
2025-09-25,M010,24393
2025-09-25,M011,24194
2025-09-25,M012,28579
2025-09-25,M013,31498
2025-09-25,M014,30478
2025-09-25,M015,25121
2025-09-25,M016,21740
2025-09-25,M017,37499
2025-09-25,M018,28266
2025-09-25,M019,30479
2025-09-25,M020,36698
2025-09-25,M021,35721
2025-09-25,M022,21520
2025-09-25,M023,34918
2025-09-25,M024,42063
2025-09-25,M025,43320
2025-09-25,M026,25074
2025-09-25,M027,35494
2025-09-25,M028,41598
2025-09-25,M029,42195
2025-09-25,M030,35300
2025-09-25,M031,27557
2025-09-25,M032,33583
2025-09-25,M033,54274
2025-09-25,M034,40170
2025-09-25,M035,65166
2025-09-25,M036,35511
2025-09-25,M037,33797
2025-09-25,M038,29276
2025-09-25,M039,44887
2025-09-25,M040,52428
2025-09-25,M041,52396
2025-09-25,M042,44149
2025-09-25,M043,32454
2025-09-25,M044,40614
2025-09-25,M045,68111
2025-09-25,M046,28867
2025-09-25,M047,49291
2025-09-25,M048,61837
2025-09-26,M001,7619
2025-09-26,M002,17072
2025-09-26,M003,17674
2025-09-26,M004,35806
2025-09-26,M005,21901
2025-09-26,M006,33206
2025-09-26,M007,22186
2025-09-26,M008,24369
2025-09-26,M009,16503
2025-09-26,M010,30811
2025-09-26,M011,18997
2025-09-26,M012,46692
2025-09-26,M013,19445
2025-09-26,M014,40366
2025-09-26,M015,21037
2025-09-26,M016,32032
2025-09-26,M017,20606
2025-09-26,M018,43559
2025-09-26,M019,26873
2025-09-26,M020,52226
2025-09-26,M021,20059
2025-09-26,M022,29704
2025-09-26,M023,27924
2025-09-26,M024,57547
2025-09-26,M025,23366
2025-09-26,M026,34598
2025-09-26,M027,30903
2025-09-26,M028,55966
2025-09-26,M029,22625
2025-09-26,M030,49307
2025-09-26,M031,21351
2025-09-26,M032,43949
2025-09-26,M033,28612
2025-09-26,M034,55661
2025-09-26,M035,48071
2025-09-26,M036,50277
2025-09-26,M037,19631
2025-09-26,M038,39839
2025-09-26,M039,37247
2025-09-26,M040,72617
2025-09-26,M041,28903
2025-09-26,M042,58443
2025-09-26,M043,30980
2025-09-26,M044,63952
2025-09-26,M045,36815
2025-09-26,M046,42484
2025-09-26,M047,43335
2025-09-26,M048,77264
2025-09-27,M001,9275
2025-09-27,M002,14501
2025-09-27,M003,20362
2025-09-27,M004,19704
2025-09-27,M005,26803
2025-09-27,M006,25180
2025-09-27,M007,28646
2025-09-27,M008,15267
2025-09-27,M009,19458
2025-09-27,M010,26798
2025-09-27,M011,23860
2025-09-27,M012,22872
2025-09-27,M013,24747
2025-09-27,M014,35023
2025-09-27,M015,25613
2025-09-27,M016,18924
2025-09-27,M017,23668
2025-09-27,M018,37365
2025-09-27,M019,33531
2025-09-27,M020,30864
2025-09-27,M021,24406
2025-09-27,M022,25729
2025-09-27,M023,31263
2025-09-27,M024,33879
2025-09-27,M025,32297
2025-09-27,M026,30906
2025-09-27,M027,38461
2025-09-27,M028,34059
2025-09-27,M029,29058
2025-09-27,M030,39714
2025-09-27,M031,24850
2025-09-27,M032,24014
2025-09-27,M033,32273
2025-09-27,M034,47900
2025-09-27,M035,59092
2025-09-27,M036,25756
2025-09-27,M037,23780
2025-09-27,M038,34925
2025-09-27,M039,46652
2025-09-27,M040,41400
2025-09-27,M041,35979
2025-09-27,M042,52141
2025-09-27,M043,34708
2025-09-27,M044,31921
2025-09-27,M045,44791
2025-09-27,M046,37343
2025-09-27,M047,48773
2025-09-27,M048,47083
2025-09-28,M001,11023
2025-09-28,M002,12613
2025-09-28,M003,17093
2025-09-28,M004,18907
2025-09-28,M005,38680
2025-09-28,M006,22593
2025-09-28,M007,22518
2025-09-28,M008,12510
2025-09-28,M009,29484
2025-09-28,M010,24584
2025-09-28,M011,21794
2025-09-28,M012,22590
2025-09-28,M013,30934
2025-09-28,M014,30991
2025-09-28,M015,25718
2025-09-28,M016,16766
2025-09-28,M017,32976
2025-09-28,M018,31990
2025-09-28,M019,28758
2025-09-28,M020,27362
2025-09-28,M021,36848
2025-09-28,M022,23241
2025-09-28,M023,30757
2025-09-28,M024,26578
2025-09-28,M025,43455
2025-09-28,M026,26310
2025-09-28,M027,33695
2025-09-28,M028,30005
2025-09-28,M029,39759
2025-09-28,M030,36485
2025-09-28,M031,23568
2025-09-28,M032,24842
2025-09-28,M033,49537
2025-09-28,M034,42410
2025-09-28,M035,56699
2025-09-28,M036,22987
2025-09-28,M037,32900
2025-09-28,M038,31773
2025-09-28,M039,37066
2025-09-28,M040,37548
2025-09-28,M041,48964
2025-09-28,M042,45087
2025-09-28,M043,29310
2025-09-28,M044,29049
2025-09-28,M045,57757
2025-09-28,M046,31511
2025-09-28,M047,43028
2025-09-28,M048,43922
2025-09-29,M001,12388
2025-09-29,M002,12937
2025-09-29,M003,19133
2025-09-29,M004,26162
2025-09-29,M005,38417
2025-09-29,M006,22035
2025-09-29,M007,24612
2025-09-29,M008,19306
2025-09-29,M009,29863
2025-09-29,M010,23757
2025-09-29,M011,22256
2025-09-29,M012,28498
2025-09-29,M013,33709
2025-09-29,M014,26742
2025-09-29,M015,24663
2025-09-29,M016,23235
2025-09-29,M017,36638
2025-09-29,M018,30360
2025-09-29,M019,29840
2025-09-29,M020,36215
2025-09-29,M021,40255
2025-09-29,M022,22085
2025-09-29,M023,30525
2025-09-29,M024,43165
2025-09-29,M025,46357
2025-09-29,M026,25126
2025-09-29,M027,37857
2025-09-29,M028,43643
2025-09-29,M029,40324
2025-09-29,M030,35326
2025-09-29,M031,26020
2025-09-29,M032,33019
2025-09-29,M033,48464
2025-09-29,M034,42523
2025-09-29,M035,60413
2025-09-29,M036,36731
2025-09-29,M037,35314
2025-09-29,M038,29854
2025-09-29,M039,40894
2025-09-29,M040,50940
2025-09-29,M041,57182
2025-09-29,M042,42199
2025-09-29,M043,35117
2025-09-29,M044,45002
2025-09-29,M045,64470
2025-09-29,M046,30018
2025-09-29,M047,49966
2025-09-29,M048,62748
2025-09-30,M001,6867
2025-09-30,M002,16570
2025-09-30,M003,17554
2025-09-30,M004,35314
2025-09-30,M005,21852
2025-09-30,M006,32337
2025-09-30,M007,22888
2025-09-30,M008,26354
2025-09-30,M009,16720
2025-09-30,M010,32922
2025-09-30,M011,19248
2025-09-30,M012,43323
2025-09-30,M013,19293
2025-09-30,M014,38278
2025-09-30,M015,24194
2025-09-30,M016,30700
2025-09-30,M017,21044
2025-09-30,M018,42414
2025-09-30,M019,23910
2025-09-30,M020,50382
2025-09-30,M021,22165
2025-09-30,M022,31641
2025-09-30,M023,28580
2025-09-30,M024,55640
2025-09-30,M025,24602
2025-09-30,M026,32911
2025-09-30,M027,31126
2025-09-30,M028,60412
2025-09-30,M029,24920
2025-09-30,M030,52445
2025-09-30,M031,23189
2025-09-30,M032,48783
2025-09-30,M033,29080
2025-09-30,M034,59289
2025-09-30,M035,53051
2025-09-30,M036,46117
2025-09-30,M037,17806
2025-09-30,M038,39991
2025-09-30,M039,36304
2025-09-30,M040,74077
2025-09-30,M041,30139
2025-09-30,M042,64235
2025-09-30,M043,27456
2025-09-30,M044,59359
2025-09-30,M045,38186
2025-09-30,M046,47226
2025-09-30,M047,40629
2025-09-30,M048,82642
2025-10-01,M001,12111
2025-10-01,M002,10926
2025-10-01,M003,18785
2025-10-01,M004,25650
2025-10-01,M005,38583
2025-10-01,M006,23486
2025-10-01,M007,24522
2025-10-01,M008,18312
2025-10-01,M009,31602
2025-10-01,M010,23643
2025-10-01,M011,23850
2025-10-01,M012,29900
2025-10-01,M013,32171
2025-10-01,M014,26605
2025-10-01,M015,27194
2025-10-01,M016,24333
2025-10-01,M017,35610
2025-10-01,M018,32207
2025-10-01,M019,31944
2025-10-01,M020,39567
2025-10-01,M021,35427
2025-10-01,M022,20710
2025-10-01,M023,33363
2025-10-01,M024,41978
2025-10-01,M025,40424
2025-10-01,M026,25183
2025-10-01,M027,39689
2025-10-01,M028,44035
2025-10-01,M029,40703
2025-10-01,M030,37370
2025-10-01,M031,27230
2025-10-01,M032,31259
2025-10-01,M033,47261
2025-10-01,M034,41967
2025-10-01,M035,63550
2025-10-01,M036,37241
2025-10-01,M037,36901
2025-10-01,M038,30500
2025-10-01,M039,46615
2025-10-01,M040,52337
2025-10-01,M041,55889
2025-10-01,M042,44875
2025-10-01,M043,31626
2025-10-01,M044,44238
2025-10-01,M045,65533
2025-10-01,M046,30896
2025-10-01,M047,44632
2025-10-01,M048,55247
2025-10-02,M001,7318
2025-10-02,M002,16147
2025-10-02,M003,15863
2025-10-02,M004,35962
2025-10-02,M005,23189
2025-10-02,M006,31275
2025-10-02,M007,21611
2025-10-02,M008,27485
2025-10-02,M009,16959
2025-10-02,M010,34575
2025-10-02,M011,20671
2025-10-02,M012,42413
2025-10-02,M013,20129
2025-10-02,M014,38037
2025-10-02,M015,23523
2025-10-02,M016,31647
2025-10-02,M017,19562
2025-10-02,M018,41908
2025-10-02,M019,23803
2025-10-02,M020,49042
2025-10-02,M021,20465
2025-10-02,M022,28324
2025-10-02,M023,28166
2025-10-02,M024,54384
2025-10-02,M025,23480
2025-10-02,M026,33730
2025-10-02,M027,30726
2025-10-02,M028,56611
2025-10-02,M029,22620
2025-10-02,M030,48416
2025-10-02,M031,20619
2025-10-02,M032,42999
2025-10-02,M033,28686
2025-10-02,M034,57879
2025-10-02,M035,48763
2025-10-02,M036,50220
2025-10-02,M037,20497
2025-10-02,M038,41840
2025-10-02,M039,35842
2025-10-02,M040,71423
2025-10-02,M041,28435
2025-10-02,M042,67277
2025-10-02,M043,28746
2025-10-02,M044,55848
2025-10-02,M045,35240
2025-10-02,M046,44490
2025-10-02,M047,36965
2025-10-02,M048,84347
2025-10-03,M001,9998
2025-10-03,M002,16246
2025-10-03,M003,23798
2025-10-03,M004,23474
2025-10-03,M005,28671
2025-10-03,M006,31700
2025-10-03,M007,29161
2025-10-03,M008,16035
2025-10-03,M009,22038
2025-10-03,M010,28632
2025-10-03,M011,27891
2025-10-03,M012,26320
2025-10-03,M013,26912
2025-10-03,M014,36668
2025-10-03,M015,31000
2025-10-03,M016,20400
2025-10-03,M017,28525
2025-10-03,M018,41593
2025-10-03,M019,34769
2025-10-03,M020,31820
2025-10-03,M021,30738
2025-10-03,M022,26874
2025-10-03,M023,33818
2025-10-03,M024,37412
2025-10-03,M025,33474
2025-10-03,M026,31915
2025-10-03,M027,43606
2025-10-03,M028,35911
2025-10-03,M029,31382
2025-10-03,M030,46073
2025-10-03,M031,29909
2025-10-03,M032,29266
2025-10-03,M033,35795
2025-10-03,M034,56972
2025-10-03,M035,67428
2025-10-03,M036,30672
2025-10-03,M037,26167
2025-10-03,M038,35085
2025-10-03,M039,51695
2025-10-03,M040,46196
2025-10-03,M041,44030
2025-10-03,M042,53599
2025-10-03,M043,37341
2025-10-03,M044,37982
2025-10-03,M045,51987
2025-10-03,M046,37556
2025-10-03,M047,54037
2025-10-03,M048,48506
2025-10-04,M001,10930
2025-10-04,M002,11977
2025-10-04,M003,16613
2025-10-04,M004,18302
2025-10-04,M005,36491
2025-10-04,M006,25395
2025-10-04,M007,21572
2025-10-04,M008,13606
2025-10-04,M009,25538
2025-10-04,M010,24389
2025-10-04,M011,22005
2025-10-04,M012,21691
2025-10-04,M013,32396
2025-10-04,M014,28739
2025-10-04,M015,25401
2025-10-04,M016,16788
2025-10-04,M017,33283
2025-10-04,M018,31610
2025-10-04,M019,28452
2025-10-04,M020,27064
2025-10-04,M021,37355
2025-10-04,M022,23181
2025-10-04,M023,31525
2025-10-04,M024,27469
2025-10-04,M025,38420
2025-10-04,M026,26363
2025-10-04,M027,33494
2025-10-04,M028,28345
2025-10-04,M029,41061
2025-10-04,M030,35230
2025-10-04,M031,23274
2025-10-04,M032,21821
2025-10-04,M033,47377
2025-10-04,M034,44652
2025-10-04,M035,52707
2025-10-04,M036,25883
2025-10-04,M037,33008
2025-10-04,M038,32220
2025-10-04,M039,38630
2025-10-04,M040,37117
2025-10-04,M041,48286
2025-10-04,M042,47462
2025-10-04,M043,29594
2025-10-04,M044,28755
2025-10-04,M045,62691
2025-10-04,M046,33384
2025-10-04,M047,44618
2025-10-04,M048,40195
2025-10-05,M001,12061
2025-10-05,M002,10492
2025-10-05,M003,18239
2025-10-05,M004,24278
2025-10-05,M005,33957
2025-10-05,M006,19832
2025-10-05,M007,24169
2025-10-05,M008,17442
2025-10-05,M009,26361
2025-10-05,M010,21959
2025-10-05,M011,21489
2025-10-05,M012,27438
2025-10-05,M013,31783
2025-10-05,M014,23629
2025-10-05,M015,23008
2025-10-05,M016,21353
2025-10-05,M017,31463
2025-10-05,M018,25643
2025-10-05,M019,25010
2025-10-05,M020,31845
2025-10-05,M021,31941
2025-10-05,M022,18571
2025-10-05,M023,27411
2025-10-05,M024,36135
2025-10-05,M025,38337
2025-10-05,M026,21712
2025-10-05,M027,35615
2025-10-05,M028,39378
2025-10-05,M029,36516
2025-10-05,M030,30830
2025-10-05,M031,23569
2025-10-05,M032,27353
2025-10-05,M033,45619
2025-10-05,M034,38328
2025-10-05,M035,52654
2025-10-05,M036,32486
2025-10-05,M037,31598
2025-10-05,M038,25425
2025-10-05,M039,40622
2025-10-05,M040,49479
2025-10-05,M041,47383
2025-10-05,M042,40402
2025-10-05,M043,29403
2025-10-05,M044,40173
2025-10-05,M045,58909
2025-10-05,M046,28633
2025-10-05,M047,40741
2025-10-05,M048,54299
2025-10-06,M001,7595
2025-10-06,M002,17974
2025-10-06,M003,16106
2025-10-06,M004,33905
2025-10-06,M005,22305
2025-10-06,M006,30376
2025-10-06,M007,22516
2025-10-06,M008,26142
2025-10-06,M009,16446
2025-10-06,M010,34146
2025-10-06,M011,18836
2025-10-06,M012,40238
2025-10-06,M013,19387
2025-10-06,M014,43725
2025-10-06,M015,20731
2025-10-06,M016,32822
2025-10-06,M017,18821
2025-10-06,M018,45875
2025-10-06,M019,25220
2025-10-06,M020,50135
2025-10-06,M021,20905
2025-10-06,M022,28215
2025-10-06,M023,27137
2025-10-06,M024,56724
2025-10-06,M025,26233
2025-10-06,M026,32660
2025-10-06,M027,32415
2025-10-06,M028,55911
2025-10-06,M029,22225
2025-10-06,M030,51375
2025-10-06,M031,20868
2025-10-06,M032,44718
2025-10-06,M033,29596
2025-10-06,M034,59768
2025-10-06,M035,53240
2025-10-06,M036,46584
2025-10-06,M037,20557
2025-10-06,M038,38096
2025-10-06,M039,35577
2025-10-06,M040,74628
2025-10-06,M041,30182
2025-10-06,M042,65714
2025-10-06,M043,29925
2025-10-06,M044,60032
2025-10-06,M045,34237
2025-10-06,M046,41258
2025-10-06,M047,42514
2025-10-06,M048,84274
2025-10-07,M001,9511
2025-10-07,M002,16086
2025-10-07,M003,23396
2025-10-07,M004,20998
2025-10-07,M005,30244
2025-10-07,M006,31064
2025-10-07,M007,28679
2025-10-07,M008,16580
2025-10-07,M009,21637
2025-10-07,M010,28365
2025-10-07,M011,28185
2025-10-07,M012,26442
2025-10-07,M013,27111
2025-10-07,M014,37772
2025-10-07,M015,32106
2025-10-07,M016,20059
2025-10-07,M017,27860
2025-10-07,M018,40724
2025-10-07,M019,35980
2025-10-07,M020,30556
2025-10-07,M021,30882
2025-10-07,M022,27630
2025-10-07,M023,34639
2025-10-07,M024,34944
2025-10-07,M025,35090
2025-10-07,M026,32313
2025-10-07,M027,45267
2025-10-07,M028,34907
2025-10-07,M029,32378
2025-10-07,M030,49916
2025-10-07,M031,28815
2025-10-07,M032,27191
2025-10-07,M033,40633
2025-10-07,M034,55826
2025-10-07,M035,73452
2025-10-07,M036,28940
2025-10-07,M037,25167
2025-10-07,M038,40327
2025-10-07,M039,53774
2025-10-07,M040,43311
2025-10-07,M041,43099
2025-10-07,M042,56803
2025-10-07,M043,36838
2025-10-07,M044,37175
2025-10-07,M045,45817
2025-10-07,M046,39360
2025-10-07,M047,56866
2025-10-07,M048,50273
2025-10-08,M001,13143
2025-10-08,M002,14894
2025-10-08,M003,20865
2025-10-08,M004,19106
2025-10-08,M005,37620
2025-10-08,M006,27378
2025-10-08,M007,26301
2025-10-08,M008,13552
2025-10-08,M009,29093
2025-10-08,M010,28338
2025-10-08,M011,25137
2025-10-08,M012,22107
2025-10-08,M013,33787
2025-10-08,M014,31293
2025-10-08,M015,25537
2025-10-08,M016,17042
2025-10-08,M017,36449
2025-10-08,M018,35220
2025-10-08,M019,29594
2025-10-08,M020,29028
2025-10-08,M021,35809
2025-10-08,M022,25732
2025-10-08,M023,33467
2025-10-08,M024,33099
2025-10-08,M025,41251
2025-10-08,M026,30278
2025-10-08,M027,39492
2025-10-08,M028,34637
2025-10-08,M029,45959
2025-10-08,M030,40008
2025-10-08,M031,25137
2025-10-08,M032,27306
2025-10-08,M033,48834
2025-10-08,M034,49253
2025-10-08,M035,61420
2025-10-08,M036,27328
2025-10-08,M037,32631
2025-10-08,M038,34523
2025-10-08,M039,44258
2025-10-08,M040,44310
2025-10-08,M041,57963
2025-10-08,M042,47864
2025-10-08,M043,33516
2025-10-08,M044,34647
2025-10-08,M045,66500
2025-10-08,M046,33571
2025-10-08,M047,47027
2025-10-08,M048,48364
2025-10-09,M001,12208
2025-10-09,M002,12677
2025-10-09,M003,20410
2025-10-09,M004,26194
2025-10-09,M005,40024
2025-10-09,M006,21008
2025-10-09,M007,27038
2025-10-09,M008,19038
2025-10-09,M009,27546
2025-10-09,M010,21466
2025-10-09,M011,23677
2025-10-09,M012,32603
2025-10-09,M013,36412
2025-10-09,M014,29665
2025-10-09,M015,26420
2025-10-09,M016,24093
2025-10-09,M017,35960
2025-10-09,M018,28567
2025-10-09,M019,31847
2025-10-09,M020,38053
2025-10-09,M021,35746
2025-10-09,M022,20714
2025-10-09,M023,30693
2025-10-09,M024,41807
2025-10-09,M025,43447
2025-10-09,M026,24365
2025-10-09,M027,37305
2025-10-09,M028,42924
2025-10-09,M029,44030
2025-10-09,M030,33396
2025-10-09,M031,23825
2025-10-09,M032,31849
2025-10-09,M033,50746
2025-10-09,M034,43322
2025-10-09,M035,65376
2025-10-09,M036,34203
2025-10-09,M037,33579
2025-10-09,M038,26683
2025-10-09,M039,45592
2025-10-09,M040,56569
2025-10-09,M041,50701
2025-10-09,M042,46621
2025-10-09,M043,34113
2025-10-09,M044,41096
2025-10-09,M045,65673
2025-10-09,M046,33199
2025-10-09,M047,46975
2025-10-09,M048,61864
2025-10-10,M001,6806
2025-10-10,M002,15628
2025-10-10,M003,15379
2025-10-10,M004,37856
2025-10-10,M005,21801
2025-10-10,M006,30430
2025-10-10,M007,20622
2025-10-10,M008,27667
2025-10-10,M009,16850
2025-10-10,M010,34056
2025-10-10,M011,20449
2025-10-10,M012,40256
2025-10-10,M013,20047
2025-10-10,M014,39080
2025-10-10,M015,21642
2025-10-10,M016,30943
2025-10-10,M017,18783
2025-10-10,M018,41152
2025-10-10,M019,25525
2025-10-10,M020,49533
2025-10-10,M021,22102
2025-10-10,M022,29632
2025-10-10,M023,28558
2025-10-10,M024,59879
2025-10-10,M025,26205
2025-10-10,M026,36769
2025-10-10,M027,30075
2025-10-10,M028,57061
2025-10-10,M029,24077
2025-10-10,M030,46492
2025-10-10,M031,21633
2025-10-10,M032,47760
2025-10-10,M033,27545
2025-10-10,M034,58181
2025-10-10,M035,52284
2025-10-10,M036,52410
2025-10-10,M037,18565
2025-10-10,M038,43153
2025-10-10,M039,36253
2025-10-10,M040,79789
2025-10-10,M041,28893
2025-10-10,M042,57569
2025-10-10,M043,27794
2025-10-10,M044,59832
2025-10-10,M045,35623
2025-10-10,M046,46347
2025-10-10,M047,39379
2025-10-10,M048,81282
2025-10-11,M001,8912
2025-10-11,M002,13380
2025-10-11,M003,21392
2025-10-11,M004,19864
2025-10-11,M005,28453
2025-10-11,M006,26150
2025-10-11,M007,26754
2025-10-11,M008,14777
2025-10-11,M009,18964
2025-10-11,M010,25804
2025-10-11,M011,23797
2025-10-11,M012,23143
2025-10-11,M013,22324
2025-10-11,M014,32560
2025-10-11,M015,28245
2025-10-11,M016,18954
2025-10-11,M017,24074
2025-10-11,M018,34410
2025-10-11,M019,31653
2025-10-11,M020,29532
2025-10-11,M021,26596
2025-10-11,M022,26175
2025-10-11,M023,31281
2025-10-11,M024,32735
2025-10-11,M025,29206
2025-10-11,M026,26849
2025-10-11,M027,40978
2025-10-11,M028,34071
2025-10-11,M029,29119
2025-10-11,M030,39332
2025-10-11,M031,25197
2025-10-11,M032,27121
2025-10-11,M033,33272
2025-10-11,M034,51291
2025-10-11,M035,67931
2025-10-11,M036,27795
2025-10-11,M037,25271
2025-10-11,M038,33635
2025-10-11,M039,48192
2025-10-11,M040,44966
2025-10-11,M041,36968
2025-10-11,M042,50603
2025-10-11,M043,35431
2025-10-11,M044,33495
2025-10-11,M045,45733
2025-10-11,M046,34974
2025-10-11,M047,47293
2025-10-11,M048,48372
2025-10-12,M001,11763
2025-10-12,M002,13310
2025-10-12,M003,17564
2025-10-12,M004,18893
2025-10-12,M005,35861
2025-10-12,M006,22092
2025-10-12,M007,23296
2025-10-12,M008,13716
2025-10-12,M009,28934
2025-10-12,M010,25875
2025-10-12,M011,20647
2025-10-12,M012,20028
2025-10-12,M013,32927
2025-10-12,M014,29346
2025-10-12,M015,25815
2025-10-12,M016,16307
2025-10-12,M017,30571
2025-10-12,M018,30439
2025-10-12,M019,27426
2025-10-12,M020,25791
2025-10-12,M021,34490
2025-10-12,M022,22397
2025-10-12,M023,28999
2025-10-12,M024,28459
2025-10-12,M025,37198
2025-10-12,M026,27488
2025-10-12,M027,33536
2025-10-12,M028,29555
2025-10-12,M029,37270
2025-10-12,M030,38454
2025-10-12,M031,25157
2025-10-12,M032,23674
2025-10-12,M033,47739
2025-10-12,M034,44926
2025-10-12,M035,54939
2025-10-12,M036,22965
2025-10-12,M037,32620
2025-10-12,M038,30584
2025-10-12,M039,37710
2025-10-12,M040,39266
2025-10-12,M041,52516
2025-10-12,M042,46235
2025-10-12,M043,30631
2025-10-12,M044,31341
2025-10-12,M045,60657
2025-10-12,M046,34127
2025-10-12,M047,43636
2025-10-12,M048,42099
2025-10-13,M001,12564
2025-10-13,M002,11903
2025-10-13,M003,18205
2025-10-13,M004,25966
2025-10-13,M005,39576
2025-10-13,M006,22282
2025-10-13,M007,26562
2025-10-13,M008,17375
2025-10-13,M009,31321
2025-10-13,M010,21398
2025-10-13,M011,25225
2025-10-13,M012,32993
2025-10-13,M013,34539
2025-10-13,M014,29889
2025-10-13,M015,27929
2025-10-13,M016,22232
2025-10-13,M017,36484
2025-10-13,M018,32745
2025-10-13,M019,31874
2025-10-13,M020,36421
2025-10-13,M021,38056
2025-10-13,M022,19486
2025-10-13,M023,30939
2025-10-13,M024,42337
2025-10-13,M025,43428
2025-10-13,M026,25503
2025-10-13,M027,36286
2025-10-13,M028,42699
2025-10-13,M029,43772
2025-10-13,M030,37494
2025-10-13,M031,24706
2025-10-13,M032,32048
2025-10-13,M033,50501
2025-10-13,M034,43244
2025-10-13,M035,65495
2025-10-13,M036,35738
2025-10-13,M037,36539
2025-10-13,M038,27690
2025-10-13,M039,45027
2025-10-13,M040,51728
2025-10-13,M041,57316
2025-10-13,M042,42808
2025-10-13,M043,33103
2025-10-13,M044,40765
2025-10-13,M045,58861
2025-10-13,M046,32632
2025-10-13,M047,50339
2025-10-13,M048,53934
2025-10-14,M001,6996
2025-10-14,M002,17974
2025-10-14,M003,15638
2025-10-14,M004,38527
2025-10-14,M005,22505
2025-10-14,M006,31572
2025-10-14,M007,19915
2025-10-14,M008,27911
2025-10-14,M009,17200
2025-10-14,M010,33309
2025-10-14,M011,20639
2025-10-14,M012,46616
2025-10-14,M013,17835
2025-10-14,M014,41029
2025-10-14,M015,21956
2025-10-14,M016,30741
2025-10-14,M017,20532
2025-10-14,M018,41891
2025-10-14,M019,27053
2025-10-14,M020,56696
2025-10-14,M021,22088
2025-10-14,M022,30995
2025-10-14,M023,26115
2025-10-14,M024,56243
2025-10-14,M025,24633
2025-10-14,M026,37572
2025-10-14,M027,30113
2025-10-14,M028,54852
2025-10-14,M029,23981
2025-10-14,M030,53388
2025-10-14,M031,20504
2025-10-14,M032,43747
2025-10-14,M033,29969
2025-10-14,M034,61112
2025-10-14,M035,54098
2025-10-14,M036,53083
2025-10-14,M037,18004
2025-10-14,M038,41800
2025-10-14,M039,34948
2025-10-14,M040,72248
2025-10-14,M041,30992
2025-10-14,M042,62098
2025-10-14,M043,28131
2025-10-14,M044,60778
2025-10-14,M045,36426
2025-10-14,M046,43550
2025-10-14,M047,40852
2025-10-14,M048,83479
2025-10-15,M001,9863
2025-10-15,M002,16597
2025-10-15,M003,23226
2025-10-15,M004,21827
2025-10-15,M005,29286
2025-10-15,M006,30793
2025-10-15,M007,28936
2025-10-15,M008,16888
2025-10-15,M009,23603
2025-10-15,M010,28254
2025-10-15,M011,27011
2025-10-15,M012,25814
2025-10-15,M013,27289
2025-10-15,M014,34625
2025-10-15,M015,27978
2025-10-15,M016,18409
2025-10-15,M017,27090
2025-10-15,M018,40319
2025-10-15,M019,35294
2025-10-15,M020,34137
2025-10-15,M021,27757
2025-10-15,M022,28698
2025-10-15,M023,34383
2025-10-15,M024,36525
2025-10-15,M025,31470
2025-10-15,M026,29837
2025-10-15,M027,43490
2025-10-15,M028,38606
2025-10-15,M029,33708
2025-10-15,M030,46916
2025-10-15,M031,28101
2025-10-15,M032,28529
2025-10-15,M033,40198
2025-10-15,M034,56844
2025-10-15,M035,75760
2025-10-15,M036,29534
2025-10-15,M037,25035
2025-10-15,M038,37913
2025-10-15,M039,50955
2025-10-15,M040,48396
2025-10-15,M041,39234
2025-10-15,M042,54392
2025-10-15,M043,39726
2025-10-15,M044,34840
2025-10-15,M045,51060
2025-10-15,M046,37696
2025-10-15,M047,57026
2025-10-15,M048,53551
2025-10-16,M001,12057
2025-10-16,M002,14289
2025-10-16,M003,19119
2025-10-16,M004,19162
2025-10-16,M005,42589
2025-10-16,M006,25182
2025-10-16,M007,25226
2025-10-16,M008,13236
2025-10-16,M009,31434
2025-10-16,M010,26844
2025-10-16,M011,22063
2025-10-16,M012,24544
2025-10-16,M013,32950
2025-10-16,M014,35598
2025-10-16,M015,25809
2025-10-16,M016,19173
2025-10-16,M017,36711
2025-10-16,M018,36454
2025-10-16,M019,31438
2025-10-16,M020,28263
2025-10-16,M021,35994
2025-10-16,M022,25413
2025-10-16,M023,30763
2025-10-16,M024,30402
2025-10-16,M025,45659
2025-10-16,M026,27613
2025-10-16,M027,39206
2025-10-16,M028,33563
2025-10-16,M029,41465
2025-10-16,M030,41197
2025-10-16,M031,26839
2025-10-16,M032,26278
2025-10-16,M033,47947
2025-10-16,M034,48785
2025-10-16,M035,62272
2025-10-16,M036,29069
2025-10-16,M037,32882
2025-10-16,M038,31160
2025-10-16,M039,41149
2025-10-16,M040,42606
2025-10-16,M041,54016
2025-10-16,M042,54718
2025-10-16,M043,35030
2025-10-16,M044,32929
2025-10-16,M045,61469
2025-10-16,M046,34429
2025-10-16,M047,45787
2025-10-16,M048,45178
2025-10-17,M001,13358
2025-10-17,M002,11803
2025-10-17,M003,19943
2025-10-17,M004,25482
2025-10-17,M005,42044
2025-10-17,M006,21236
2025-10-17,M007,23576
2025-10-17,M008,17183
2025-10-17,M009,31226
2025-10-17,M010,22945
2025-10-17,M011,25601
2025-10-17,M012,32791
2025-10-17,M013,31511
2025-10-17,M014,27684
2025-10-17,M015,24752
2025-10-17,M016,23930
2025-10-17,M017,36560
2025-10-17,M018,31204
2025-10-17,M019,27758
2025-10-17,M020,39202
2025-10-17,M021,39746
2025-10-17,M022,20063
2025-10-17,M023,31598
2025-10-17,M024,37654
2025-10-17,M025,40872
2025-10-17,M026,24797
2025-10-17,M027,36149
2025-10-17,M028,44769
2025-10-17,M029,39527
2025-10-17,M030,33252
2025-10-17,M031,25117
2025-10-17,M032,31830
2025-10-17,M033,46949
2025-10-17,M034,42326
2025-10-17,M035,63679
2025-10-17,M036,34747
2025-10-17,M037,32812
2025-10-17,M038,30942
2025-10-17,M039,42656
2025-10-17,M040,55875
2025-10-17,M041,53937
2025-10-17,M042,44628
2025-10-17,M043,33781
2025-10-17,M044,41332
2025-10-17,M045,66014
2025-10-17,M046,31797
2025-10-17,M047,46963
2025-10-17,M048,62276
2025-10-18,M001,6649
2025-10-18,M002,15934
2025-10-18,M003,15983
2025-10-18,M004,31695
2025-10-18,M005,21080
2025-10-18,M006,27995
2025-10-18,M007,18426
2025-10-18,M008,21908
2025-10-18,M009,15157
2025-10-18,M010,30726
2025-10-18,M011,18488
2025-10-18,M012,38765
2025-10-18,M013,17436
2025-10-18,M014,35935
2025-10-18,M015,19635
2025-10-18,M016,27784
2025-10-18,M017,17059
2025-10-18,M018,37056
2025-10-18,M019,24106
2025-10-18,M020,48164
2025-10-18,M021,18927
2025-10-18,M022,24601
2025-10-18,M023,22553
2025-10-18,M024,49166
2025-10-18,M025,21057
2025-10-18,M026,30500
2025-10-18,M027,27578
2025-10-18,M028,51785
2025-10-18,M029,22330
2025-10-18,M030,46078
2025-10-18,M031,20557
2025-10-18,M032,38802
2025-10-18,M033,23384
2025-10-18,M034,55858
2025-10-18,M035,46695
2025-10-18,M036,44660
2025-10-18,M037,17692
2025-10-18,M038,36162
2025-10-18,M039,34607
2025-10-18,M040,64994
2025-10-18,M041,27198
2025-10-18,M042,58656
2025-10-18,M043,26702
2025-10-18,M044,50733
2025-10-18,M045,31931
2025-10-18,M046,42767
2025-10-18,M047,35208
2025-10-18,M048,70321
2025-10-19,M001,9127
2025-10-19,M002,14755
2025-10-19,M003,18789
2025-10-19,M004,19793
2025-10-19,M005,28244
2025-10-19,M006,27362
2025-10-19,M007,25709
2025-10-19,M008,14774
2025-10-19,M009,21854
2025-10-19,M010,25671
2025-10-19,M011,24784
2025-10-19,M012,24264
2025-10-19,M013,24929
2025-10-19,M014,32810
2025-10-19,M015,25161
2025-10-19,M016,17754
2025-10-19,M017,22883
2025-10-19,M018,33591
2025-10-19,M019,29750
2025-10-19,M020,29832
2025-10-19,M021,25673
2025-10-19,M022,23159
2025-10-19,M023,32373
2025-10-19,M024,32183
2025-10-19,M025,31360
2025-10-19,M026,29472
2025-10-19,M027,36332
2025-10-19,M028,33212
2025-10-19,M029,31099
2025-10-19,M030,40763
2025-10-19,M031,25126
2025-10-19,M032,27461
2025-10-19,M033,34176
2025-10-19,M034,49635
2025-10-19,M035,64634
2025-10-19,M036,28751
2025-10-19,M037,24918
2025-10-19,M038,35304
2025-10-19,M039,47289
2025-10-19,M040,39273
2025-10-19,M041,34597
2025-10-19,M042,48624
2025-10-19,M043,37145
2025-10-19,M044,33323
2025-10-19,M045,42757
2025-10-19,M046,36810
2025-10-19,M047,50585
2025-10-19,M048,46430
2025-10-20,M001,12053
2025-10-20,M002,13354
2025-10-20,M003,19099
2025-10-20,M004,19695
2025-10-20,M005,38308
2025-10-20,M006,27067
2025-10-20,M007,27450
2025-10-20,M008,14188
2025-10-20,M009,29181
2025-10-20,M010,27258
2025-10-20,M011,23973
2025-10-20,M012,22243
2025-10-20,M013,31725
2025-10-20,M014,34693
2025-10-20,M015,26282
2025-10-20,M016,16814
2025-10-20,M017,39509
2025-10-20,M018,37363
2025-10-20,M019,28719
2025-10-20,M020,29011
2025-10-20,M021,39331
2025-10-20,M022,23707
2025-10-20,M023,34004
2025-10-20,M024,33715
2025-10-20,M025,43248
2025-10-20,M026,30784
2025-10-20,M027,39672
2025-10-20,M028,31423
2025-10-20,M029,40751
2025-10-20,M030,38580
2025-10-20,M031,25264
2025-10-20,M032,25144
2025-10-20,M033,51314
2025-10-20,M034,47149
2025-10-20,M035,66576
2025-10-20,M036,28087
2025-10-20,M037,36036
2025-10-20,M038,33419
2025-10-20,M039,46707
2025-10-20,M040,41838
2025-10-20,M041,57672
2025-10-20,M042,51278
2025-10-20,M043,35133
2025-10-20,M044,33223
2025-10-20,M045,59937
2025-10-20,M046,39143
2025-10-20,M047,50441
2025-10-20,M048,41683
2025-10-21,M001,12261
2025-10-21,M002,11284
2025-10-21,M003,18710
2025-10-21,M004,26354
2025-10-21,M005,42654
2025-10-21,M006,21142
2025-10-21,M007,25939
2025-10-21,M008,18375
2025-10-21,M009,27980
2025-10-21,M010,21913
2025-10-21,M011,22041
2025-10-21,M012,31294
2025-10-21,M013,33224
2025-10-21,M014,29528
2025-10-21,M015,28223
2025-10-21,M016,23392
2025-10-21,M017,33258
2025-10-21,M018,29453
2025-10-21,M019,29076
2025-10-21,M020,37764
2025-10-21,M021,40467
2025-10-21,M022,19396
2025-10-21,M023,33564
2025-10-21,M024,40906
2025-10-21,M025,42950
2025-10-21,M026,23321
2025-10-21,M027,37747
2025-10-21,M028,43052
2025-10-21,M029,42959
2025-10-21,M030,37918
2025-10-21,M031,26781
2025-10-21,M032,30299
2025-10-21,M033,50778
2025-10-21,M034,41586
2025-10-21,M035,58312
2025-10-21,M036,37312
2025-10-21,M037,34220
2025-10-21,M038,29170
2025-10-21,M039,42858
2025-10-21,M040,55944
2025-10-21,M041,52055
2025-10-21,M042,43783
2025-10-21,M043,33548
2025-10-21,M044,41820
2025-10-21,M045,60739
2025-10-21,M046,32770
2025-10-21,M047,49943
2025-10-21,M048,55611
2025-10-22,M001,7419
2025-10-22,M002,17522
2025-10-22,M003,16776
2025-10-22,M004,37609
2025-10-22,M005,20756
2025-10-22,M006,33820
2025-10-22,M007,22993
2025-10-22,M008,23909
2025-10-22,M009,17372
2025-10-22,M010,33265
2025-10-22,M011,21567
2025-10-22,M012,45613
2025-10-22,M013,18489
2025-10-22,M014,41905
2025-10-22,M015,21649
2025-10-22,M016,31071
2025-10-22,M017,21306
2025-10-22,M018,45916
2025-10-22,M019,24910
2025-10-22,M020,49562
2025-10-22,M021,21056
2025-10-22,M022,30445
2025-10-22,M023,28853
2025-10-22,M024,58775
2025-10-22,M025,25386
2025-10-22,M026,34983
2025-10-22,M027,33641
2025-10-22,M028,63824
2025-10-22,M029,23536
2025-10-22,M030,48969
2025-10-22,M031,21101
2025-10-22,M032,49028
2025-10-22,M033,27378
2025-10-22,M034,63079
2025-10-22,M035,48343
2025-10-22,M036,49635
2025-10-22,M037,20123
2025-10-22,M038,38088
2025-10-22,M039,34410
2025-10-22,M040,76943
2025-10-22,M041,31973
2025-10-22,M042,59623
2025-10-22,M043,30204
2025-10-22,M044,57059
2025-10-22,M045,32940
2025-10-22,M046,46485
2025-10-22,M047,41130
2025-10-22,M048,77130
2025-10-23,M001,9271
2025-10-23,M002,15775
2025-10-23,M003,22756
2025-10-23,M004,21805
2025-10-23,M005,30691
2025-10-23,M006,31102
2025-10-23,M007,29746
2025-10-23,M008,17127
2025-10-23,M009,24359
2025-10-23,M010,31191
2025-10-23,M011,25440
2025-10-23,M012,26239
2025-10-23,M013,24548
2025-10-23,M014,35211
2025-10-23,M015,28461
2025-10-23,M016,20195
2025-10-23,M017,29232
2025-10-23,M018,41504
2025-10-23,M019,34848
2025-10-23,M020,32936
2025-10-23,M021,29654
2025-10-23,M022,25806
2025-10-23,M023,39024
2025-10-23,M024,33205
2025-10-23,M025,36208
2025-10-23,M026,31793
2025-10-23,M027,41389
2025-10-23,M028,36354
2025-10-23,M029,31388
2025-10-23,M030,48811
2025-10-23,M031,30963
2025-10-23,M032,27457
2025-10-23,M033,38247
2025-10-23,M034,55705
2025-10-23,M035,72369
2025-10-23,M036,29683
2025-10-23,M037,27057
2025-10-23,M038,40655
2025-10-23,M039,47453
2025-10-23,M040,46941
2025-10-23,M041,40299
2025-10-23,M042,61397
2025-10-23,M043,36067
2025-10-23,M044,39734
2025-10-23,M045,47524
2025-10-23,M046,41809
2025-10-23,M047,49747
2025-10-23,M048,51247
2025-10-24,M001,14040
2025-10-24,M002,14455
2025-10-24,M003,20166
2025-10-24,M004,19434
2025-10-24,M005,38040
2025-10-24,M006,24535
2025-10-24,M007,24442
2025-10-24,M008,15275
2025-10-24,M009,29124
2025-10-24,M010,26727
2025-10-24,M011,23804
2025-10-24,M012,23141
2025-10-24,M013,32463
2025-10-24,M014,36123
2025-10-24,M015,25945
2025-10-24,M016,18191
2025-10-24,M017,36261
2025-10-24,M018,37039
2025-10-24,M019,31130
2025-10-24,M020,29637
2025-10-24,M021,35838
2025-10-24,M022,23835
2025-10-24,M023,31586
2025-10-24,M024,29865
2025-10-24,M025,42411
2025-10-24,M026,28429
2025-10-24,M027,35281
2025-10-24,M028,34598
2025-10-24,M029,41372
2025-10-24,M030,38342
2025-10-24,M031,27467
2025-10-24,M032,25356
2025-10-24,M033,50116
2025-10-24,M034,51332
2025-10-24,M035,66474
2025-10-24,M036,28871
2025-10-24,M037,34852
2025-10-24,M038,31897
2025-10-24,M039,43471
2025-10-24,M040,40948
2025-10-24,M041,56319
2025-10-24,M042,49964
2025-10-24,M043,33080
2025-10-24,M044,32894
2025-10-24,M045,68025
2025-10-24,M046,34778
2025-10-24,M047,46598
2025-10-24,M048,47636
2025-10-25,M001,11575
2025-10-25,M002,11562
2025-10-25,M003,16534
2025-10-25,M004,21716
2025-10-25,M005,33585
2025-10-25,M006,20600
2025-10-25,M007,23020
2025-10-25,M008,17439
2025-10-25,M009,28724
2025-10-25,M010,19521
2025-10-25,M011,21850
2025-10-25,M012,27691
2025-10-25,M013,28739
2025-10-25,M014,25980
2025-10-25,M015,24700
2025-10-25,M016,19317
2025-10-25,M017,32626
2025-10-25,M018,27473
2025-10-25,M019,24973
2025-10-25,M020,32045
2025-10-25,M021,34008
2025-10-25,M022,19533
2025-10-25,M023,30889
2025-10-25,M024,38695
2025-10-25,M025,38500
2025-10-25,M026,22955
2025-10-25,M027,33683
2025-10-25,M028,38033
2025-10-25,M029,39861
2025-10-25,M030,30146
2025-10-25,M031,21423
2025-10-25,M032,28576
2025-10-25,M033,45139
2025-10-25,M034,36362
2025-10-25,M035,53387
2025-10-25,M036,33216
2025-10-25,M037,30935
2025-10-25,M038,25950
2025-10-25,M039,38753
2025-10-25,M040,50594
2025-10-25,M041,50496
2025-10-25,M042,36934
2025-10-25,M043,31409
2025-10-25,M044,35580
2025-10-25,M045,56612
2025-10-25,M046,27976
2025-10-25,M047,45734
2025-10-25,M048,48673
2025-10-26,M001,6285
2025-10-26,M002,15882
2025-10-26,M003,15617
2025-10-26,M004,34503
2025-10-26,M005,21543
2025-10-26,M006,28749
2025-10-26,M007,19918
2025-10-26,M008,22854
2025-10-26,M009,15294
2025-10-26,M010,28354
2025-10-26,M011,17472
2025-10-26,M012,37662
2025-10-26,M013,17846
2025-10-26,M014,35436
2025-10-26,M015,21419
2025-10-26,M016,29989
2025-10-26,M017,17299
2025-10-26,M018,36932
2025-10-26,M019,22090
2025-10-26,M020,50648
2025-10-26,M021,19219
2025-10-26,M022,26846
2025-10-26,M023,24206
2025-10-26,M024,47576
2025-10-26,M025,23721
2025-10-26,M026,30122
2025-10-26,M027,30889
2025-10-26,M028,56336
2025-10-26,M029,22476
2025-10-26,M030,44350
2025-10-26,M031,18455
2025-10-26,M032,44895
2025-10-26,M033,25765
2025-10-26,M034,50737
2025-10-26,M035,47148
2025-10-26,M036,48002
2025-10-26,M037,17361
2025-10-26,M038,36369
2025-10-26,M039,30636
2025-10-26,M040,71540
2025-10-26,M041,26978
2025-10-26,M042,55371
2025-10-26,M043,25683
2025-10-26,M044,53126
2025-10-26,M045,33513
2025-10-26,M046,41179
2025-10-26,M047,34827
2025-10-26,M048,79487
2025-10-27,M001,9231
2025-10-27,M002,14912
2025-10-27,M003,23554
2025-10-27,M004,21577
2025-10-27,M005,29489
2025-10-27,M006,30961
2025-10-27,M007,26871
2025-10-27,M008,15328
2025-10-27,M009,21171
2025-10-27,M010,31719
2025-10-27,M011,26036
2025-10-27,M012,27527
2025-10-27,M013,27004
2025-10-27,M014,39532
2025-10-27,M015,29864
2025-10-27,M016,19532
2025-10-27,M017,25612
2025-10-27,M018,40520
2025-10-27,M019,35204
2025-10-27,M020,32916
2025-10-27,M021,30493
2025-10-27,M022,29012
2025-10-27,M023,34063
2025-10-27,M024,37398
2025-10-27,M025,36184
2025-10-27,M026,34092
2025-10-27,M027,45692
2025-10-27,M028,33907
2025-10-27,M029,30650
2025-10-27,M030,44944
2025-10-27,M031,31023
2025-10-27,M032,29326
2025-10-27,M033,38772
2025-10-27,M034,51243
2025-10-27,M035,68210
2025-10-27,M036,32050
2025-10-27,M037,24225
2025-10-27,M038,36698
2025-10-27,M039,50596
2025-10-27,M040,44742
2025-10-27,M041,43097
2025-10-27,M042,60527
2025-10-27,M043,37963
2025-10-27,M044,37248
2025-10-27,M045,47735
2025-10-27,M046,42903
2025-10-27,M047,50198
2025-10-27,M048,47960
2025-10-28,M001,13940
2025-10-28,M002,14391
2025-10-28,M003,18705
2025-10-28,M004,18977
2025-10-28,M005,38688
2025-10-28,M006,28585
2025-10-28,M007,25709
2025-10-28,M008,14591
2025-10-28,M009,28937
2025-10-28,M010,26379
2025-10-28,M011,25322
2025-10-28,M012,23441
2025-10-28,M013,37003
2025-10-28,M014,35238
2025-10-28,M015,27618
2025-10-28,M016,17080
2025-10-28,M017,36998
2025-10-28,M018,37857
2025-10-28,M019,28004
2025-10-28,M020,28885
2025-10-28,M021,36126
2025-10-28,M022,22645
2025-10-28,M023,33058
2025-10-28,M024,31656
2025-10-28,M025,46514
2025-10-28,M026,27314
2025-10-28,M027,35565
2025-10-28,M028,33353
2025-10-28,M029,46334
2025-10-28,M030,41897
2025-10-28,M031,26116
2025-10-28,M032,26418
2025-10-28,M033,54540
2025-10-28,M034,50540
2025-10-28,M035,57337
2025-10-28,M036,25453
2025-10-28,M037,34569
2025-10-28,M038,33356
2025-10-28,M039,44161
2025-10-28,M040,41153
2025-10-28,M041,51283
2025-10-28,M042,52304
2025-10-28,M043,32012
2025-10-28,M044,30938
2025-10-28,M045,68982
2025-10-28,M046,37273
2025-10-28,M047,49396
2025-10-28,M048,47795
2025-10-29,M001,13025
2025-10-29,M002,11575
2025-10-29,M003,19172
2025-10-29,M004,26933
2025-10-29,M005,38446
2025-10-29,M006,21657
2025-10-29,M007,24272
2025-10-29,M008,19259
2025-10-29,M009,29237
2025-10-29,M010,23709
2025-10-29,M011,22867
2025-10-29,M012,32899
2025-10-29,M013,32643
2025-10-29,M014,30236
2025-10-29,M015,27905
2025-10-29,M016,21377
2025-10-29,M017,36922
2025-10-29,M018,31951
2025-10-29,M019,28662
2025-10-29,M020,34767
2025-10-29,M021,35327
2025-10-29,M022,20477
2025-10-29,M023,29491
2025-10-29,M024,39708
2025-10-29,M025,40771
2025-10-29,M026,24054
2025-10-29,M027,40827
2025-10-29,M028,44247
2025-10-29,M029,43574
2025-10-29,M030,33968
2025-10-29,M031,24854
2025-10-29,M032,30483
2025-10-29,M033,49729
2025-10-29,M034,40004
2025-10-29,M035,66125
2025-10-29,M036,35509
2025-10-29,M037,34231
2025-10-29,M038,26578
2025-10-29,M039,46607
2025-10-29,M040,56490
2025-10-29,M041,49291
2025-10-29,M042,44068
2025-10-29,M043,35985
2025-10-29,M044,41617
2025-10-29,M045,61738
2025-10-29,M046,32613
2025-10-29,M047,46014
2025-10-29,M048,60862
2025-10-30,M001,7193
2025-10-30,M002,16271
2025-10-30,M003,17384
2025-10-30,M004,36755
2025-10-30,M005,22946
2025-10-30,M006,30716
2025-10-30,M007,20231
2025-10-30,M008,27309
2025-10-30,M009,15683
2025-10-30,M010,33953
2025-10-30,M011,20481
2025-10-30,M012,43927
2025-10-30,M013,17874
2025-10-30,M014,41137
2025-10-30,M015,21079
2025-10-30,M016,32771
2025-10-30,M017,20089
2025-10-30,M018,42060
2025-10-30,M019,26716
2025-10-30,M020,53953
2025-10-30,M021,20666
2025-10-30,M022,26948
2025-10-30,M023,29043
2025-10-30,M024,61393
2025-10-30,M025,24212
2025-10-30,M026,35454
2025-10-30,M027,30098
2025-10-30,M028,58534
2025-10-30,M029,24449
2025-10-30,M030,51016
2025-10-30,M031,21633
2025-10-30,M032,45632
2025-10-30,M033,28290
2025-10-30,M034,55630
2025-10-30,M035,51208
2025-10-30,M036,49235
2025-10-30,M037,19368
2025-10-30,M038,43265
2025-10-30,M039,36338
2025-10-30,M040,74165
2025-10-30,M041,30668
2025-10-30,M042,62416
2025-10-30,M043,29358
2025-10-30,M044,59097
2025-10-30,M045,33097
2025-10-30,M046,46659
2025-10-30,M047,37203
2025-10-30,M048,87351
2025-10-31,M001,9404
2025-10-31,M002,14522
2025-10-31,M003,22179
2025-10-31,M004,22354
2025-10-31,M005,31305
2025-10-31,M006,29918
2025-10-31,M007,30359
2025-10-31,M008,16305
2025-10-31,M009,23246
2025-10-31,M010,30239
2025-10-31,M011,25675
2025-10-31,M012,24816
2025-10-31,M013,25035
2025-10-31,M014,36435
2025-10-31,M015,30827
2025-10-31,M016,20082
2025-10-31,M017,25981
2025-10-31,M018,41424
2025-10-31,M019,34121
2025-10-31,M020,32698
2025-10-31,M021,27964
2025-10-31,M022,27303
2025-10-31,M023,39633
2025-10-31,M024,36461
2025-10-31,M025,35810
2025-10-31,M026,30280
2025-10-31,M027,42322
2025-10-31,M028,37445
2025-10-31,M029,33476
2025-10-31,M030,48813
2025-10-31,M031,29690
2025-10-31,M032,26254
2025-10-31,M033,38608
2025-10-31,M034,57120
2025-10-31,M035,72838
2025-10-31,M036,27895
2025-10-31,M037,25381
2025-10-31,M038,38106
2025-10-31,M039,53051
2025-10-31,M040,44493
2025-10-31,M041,38588
2025-10-31,M042,57952
2025-10-31,M043,40209
2025-10-31,M044,39107
2025-10-31,M045,52288
2025-10-31,M046,38353
2025-10-31,M047,53012
2025-10-31,M048,50433
2025-11-01,M001,12322
2025-11-01,M002,9955
2025-11-01,M003,16564
2025-11-01,M004,23206
2025-11-01,M005,34468
2025-11-01,M006,21392
2025-11-01,M007,24164
2025-11-01,M008,15770
2025-11-01,M009,28517
2025-11-01,M010,20686
2025-11-01,M011,23323
2025-11-01,M012,26340
2025-11-01,M013,30966
2025-11-01,M014,24371
2025-11-01,M015,24585
2025-11-01,M016,22315
2025-11-01,M017,33743
2025-11-01,M018,28853
2025-11-01,M019,29045
2025-11-01,M020,36074
2025-11-01,M021,33276
2025-11-01,M022,18762
2025-11-01,M023,29517
2025-11-01,M024,36269
2025-11-01,M025,37193
2025-11-01,M026,21845
2025-11-01,M027,34670
2025-11-01,M028,38504
2025-11-01,M029,39758
2025-11-01,M030,30925
2025-11-01,M031,23443
2025-11-01,M032,31591
2025-11-01,M033,42637
2025-11-01,M034,37406
2025-11-01,M035,54737
2025-11-01,M036,29815
2025-11-01,M037,32440
2025-11-01,M038,24825
2025-11-01,M039,37711
2025-11-01,M040,51939
2025-11-01,M041,47045
2025-11-01,M042,37538
2025-11-01,M043,32586
2025-11-01,M044,38018
2025-11-01,M045,55299
2025-11-01,M046,29331
2025-11-01,M047,41736
2025-11-01,M048,53876
2025-11-02,M001,6184
2025-11-02,M002,14805
2025-11-02,M003,15943
2025-11-02,M004,31163
2025-11-02,M005,19663
2025-11-02,M006,27483
2025-11-02,M007,19649
2025-11-02,M008,24593
2025-11-02,M009,15236
2025-11-02,M010,30421
2025-11-02,M011,17461
2025-11-02,M012,39749
2025-11-02,M013,18578
2025-11-02,M014,39706
2025-11-02,M015,21272
2025-11-02,M016,31363
2025-11-02,M017,19012
2025-11-02,M018,41820
2025-11-02,M019,21504
2025-11-02,M020,50577
2025-11-02,M021,17786
2025-11-02,M022,27759
2025-11-02,M023,23882
2025-11-02,M024,56067
2025-11-02,M025,23912
2025-11-02,M026,33868
2025-11-02,M027,27513
2025-11-02,M028,54355
2025-11-02,M029,20177
2025-11-02,M030,48823
2025-11-02,M031,20805
2025-11-02,M032,39508
2025-11-02,M033,24696
2025-11-02,M034,52506
2025-11-02,M035,49616
2025-11-02,M036,48061
2025-11-02,M037,17588
2025-11-02,M038,39994
2025-11-02,M039,31739
2025-11-02,M040,66932
2025-11-02,M041,25117
2025-11-02,M042,53343
2025-11-02,M043,25806
2025-11-02,M044,51159
2025-11-02,M045,33753
2025-11-02,M046,37919
2025-11-02,M047,38631
2025-11-02,M048,75533
2025-11-03,M001,9592
2025-11-03,M002,15415
2025-11-03,M003,24209
2025-11-03,M004,21344
2025-11-03,M005,31526
2025-11-03,M006,28564
2025-11-03,M007,30702
2025-11-03,M008,16739
2025-11-03,M009,22573
2025-11-03,M010,30693
2025-11-03,M011,27173
2025-11-03,M012,28187
2025-11-03,M013,25228
2025-11-03,M014,40440
2025-11-03,M015,28489
2025-11-03,M016,21453
2025-11-03,M017,26609
2025-11-03,M018,43458
2025-11-03,M019,34443
2025-11-03,M020,32136
2025-11-03,M021,31200
2025-11-03,M022,28741
2025-11-03,M023,38278
2025-11-03,M024,34109
2025-11-03,M025,35683
2025-11-03,M026,31128
2025-11-03,M027,44599
2025-11-03,M028,34252
2025-11-03,M029,31433
2025-11-03,M030,43167
2025-11-03,M031,30289
2025-11-03,M032,29013
2025-11-03,M033,37179
2025-11-03,M034,55952
2025-11-03,M035,71045
2025-11-03,M036,31734
2025-11-03,M037,26139
2025-11-03,M038,37562
2025-11-03,M039,51719
2025-11-03,M040,43603
2025-11-03,M041,43070
2025-11-03,M042,54753
2025-11-03,M043,38139
2025-11-03,M044,39780
2025-11-03,M045,49053
2025-11-03,M046,43887
2025-11-03,M047,53055
2025-11-03,M048,50400
2025-11-04,M001,13347
2025-11-04,M002,14548
2025-11-04,M003,20983
2025-11-04,M004,19321
2025-11-04,M005,41887
2025-11-04,M006,28156
2025-11-04,M007,26049
2025-11-04,M008,13405
2025-11-04,M009,30331
2025-11-04,M010,28956
2025-11-04,M011,22523
2025-11-04,M012,24537
2025-11-04,M013,33584
2025-11-04,M014,35458
2025-11-04,M015,26500
2025-11-04,M016,18923
2025-11-04,M017,36356
2025-11-04,M018,33958
2025-11-04,M019,31731
2025-11-04,M020,31130
2025-11-04,M021,37273
2025-11-04,M022,24271
2025-11-04,M023,32230
2025-11-04,M024,32452
2025-11-04,M025,42715
2025-11-04,M026,26903
2025-11-04,M027,39373
2025-11-04,M028,35404
2025-11-04,M029,43084
2025-11-04,M030,42880
2025-11-04,M031,25812
2025-11-04,M032,26789
2025-11-04,M033,54633
2025-11-04,M034,46369
2025-11-04,M035,61548
2025-11-04,M036,27580
2025-11-04,M037,32940
2025-11-04,M038,34782
2025-11-04,M039,47942
2025-11-04,M040,40321
2025-11-04,M041,52299
2025-11-04,M042,55802
2025-11-04,M043,32791
2025-11-04,M044,35852
2025-11-04,M045,68321
2025-11-04,M046,34291
2025-11-04,M047,49601
2025-11-04,M048,48058
2025-11-05,M001,13831
2025-11-05,M002,11637
2025-11-05,M003,20466
2025-11-05,M004,28027
2025-11-05,M005,38535
2025-11-05,M006,21906
2025-11-05,M007,26593
2025-11-05,M008,17463
2025-11-05,M009,28319
2025-11-05,M010,23377
2025-11-05,M011,25578
2025-11-05,M012,33219
2025-11-05,M013,33664
2025-11-05,M014,27339
2025-11-05,M015,25420
2025-11-05,M016,23909
2025-11-05,M017,36854
2025-11-05,M018,32358
2025-11-05,M019,28242
2025-11-05,M020,36200
2025-11-05,M021,37990
2025-11-05,M022,22121
2025-11-05,M023,34855
2025-11-05,M024,42004
2025-11-05,M025,43472
2025-11-05,M026,26344
2025-11-05,M027,36156
2025-11-05,M028,43174
2025-11-05,M029,41517
2025-11-05,M030,34959
2025-11-05,M031,25576
2025-11-05,M032,30693
2025-11-05,M033,52772
2025-11-05,M034,40009
2025-11-05,M035,62102
2025-11-05,M036,35866
2025-11-05,M037,32742
2025-11-05,M038,29024
2025-11-05,M039,43464
2025-11-05,M040,52411
2025-11-05,M041,49610
2025-11-05,M042,42050
2025-11-05,M043,32719
2025-11-05,M044,45966
2025-11-05,M045,66619
2025-11-05,M046,33542
2025-11-05,M047,43933
2025-11-05,M048,56102
2025-11-06,M001,6950
2025-11-06,M002,18059
2025-11-06,M003,15972
2025-11-06,M004,38766
2025-11-06,M005,22857
2025-11-06,M006,33692
2025-11-06,M007,20469
2025-11-06,M008,26088
2025-11-06,M009,17366
2025-11-06,M010,34884
2025-11-06,M011,19212
2025-11-06,M012,43137
2025-11-06,M013,19106
2025-11-06,M014,40141
2025-11-06,M015,23878
2025-11-06,M016,30492
2025-11-06,M017,18944
2025-11-06,M018,45006
2025-11-06,M019,24414
2025-11-06,M020,56245
2025-11-06,M021,22068
2025-11-06,M022,30793
2025-11-06,M023,26021
2025-11-06,M024,59939
2025-11-06,M025,23505
2025-11-06,M026,32515
2025-11-06,M027,32803
2025-11-06,M028,63161
2025-11-06,M029,23909
2025-11-06,M030,50060
2025-11-06,M031,23015
2025-11-06,M032,44919
2025-11-06,M033,30318
2025-11-06,M034,60505
2025-11-06,M035,51723
2025-11-06,M036,53241
2025-11-06,M037,18246
2025-11-06,M038,43660
2025-11-06,M039,37260
2025-11-06,M040,79580
2025-11-06,M041,28688
2025-11-06,M042,66834
2025-11-06,M043,30366
2025-11-06,M044,65357
2025-11-06,M045,36932
2025-11-06,M046,46879
2025-11-06,M047,36930
2025-11-06,M048,79098
2025-11-07,M001,9427
2025-11-07,M002,16770
2025-11-07,M003,23477
2025-11-07,M004,22845
2025-11-07,M005,32412
2025-11-07,M006,30084
2025-11-07,M007,28976
2025-11-07,M008,15299
2025-11-07,M009,22411
2025-11-07,M010,30897
2025-11-07,M011,26569
2025-11-07,M012,26154
2025-11-07,M013,28186
2025-11-07,M014,37136
2025-11-07,M015,31537
2025-11-07,M016,18643
2025-11-07,M017,28473
2025-11-07,M018,40943
2025-11-07,M019,32148
2025-11-07,M020,34115
2025-11-07,M021,30060
2025-11-07,M022,27377
2025-11-07,M023,39824
2025-11-07,M024,34861
2025-11-07,M025,35847
2025-11-07,M026,31954
2025-11-07,M027,45425
2025-11-07,M028,38020
2025-11-07,M029,33416
2025-11-07,M030,47084
2025-11-07,M031,29208
2025-11-07,M032,28231
2025-11-07,M033,37491
2025-11-07,M034,51675
2025-11-07,M035,72833
2025-11-07,M036,30535
2025-11-07,M037,28127
2025-11-07,M038,39495
2025-11-07,M039,46766
2025-11-07,M040,47686
2025-11-07,M041,40948
2025-11-07,M042,56321
2025-11-07,M043,37812
2025-11-07,M044,37775
2025-11-07,M045,48424
2025-11-07,M046,41339
2025-11-07,M047,57168
2025-11-07,M048,52683
2025-11-08,M001,10982
2025-11-08,M002,11869
2025-11-08,M003,16644
2025-11-08,M004,19699
2025-11-08,M005,34586
2025-11-08,M006,23472
2025-11-08,M007,24314
2025-11-08,M008,12729
2025-11-08,M009,27582
2025-11-08,M010,23623
2025-11-08,M011,20843
2025-11-08,M012,20807
2025-11-08,M013,33257
2025-11-08,M014,30504
2025-11-08,M015,25956
2025-11-08,M016,16222
2025-11-08,M017,34605
2025-11-08,M018,34059
2025-11-08,M019,29360
2025-11-08,M020,25089
2025-11-08,M021,36471
2025-11-08,M022,20562
2025-11-08,M023,30917
2025-11-08,M024,27342
2025-11-08,M025,41783
2025-11-08,M026,24251
2025-11-08,M027,35645
2025-11-08,M028,28997
2025-11-08,M029,37378
2025-11-08,M030,35120
2025-11-08,M031,24227
2025-11-08,M032,24146
2025-11-08,M033,44530
2025-11-08,M034,47306
2025-11-08,M035,60690
2025-11-08,M036,26336
2025-11-08,M037,29560
2025-11-08,M038,32711
2025-11-08,M039,42334
2025-11-08,M040,35386
2025-11-08,M041,45982
2025-11-08,M042,47728
2025-11-08,M043,31540
2025-11-08,M044,28400
2025-11-08,M045,62769
2025-11-08,M046,31993
2025-11-08,M047,43631
2025-11-08,M048,41380
2025-11-09,M001,11971
2025-11-09,M002,10422
2025-11-09,M003,17085
2025-11-09,M004,25145
2025-11-09,M005,36565
2025-11-09,M006,21419
2025-11-09,M007,24819
2025-11-09,M008,17771
2025-11-09,M009,25160
2025-11-09,M010,19844
2025-11-09,M011,21938
2025-11-09,M012,26499
2025-11-09,M013,31064
2025-11-09,M014,27050
2025-11-09,M015,23599
2025-11-09,M016,21596
2025-11-09,M017,34218
2025-11-09,M018,27197
2025-11-09,M019,27200
2025-11-09,M020,36825
2025-11-09,M021,34558
2025-11-09,M022,17184
2025-11-09,M023,29130
2025-11-09,M024,34952
2025-11-09,M025,37427
2025-11-09,M026,22281
2025-11-09,M027,33205
2025-11-09,M028,39728
2025-11-09,M029,37937
2025-11-09,M030,29981
2025-11-09,M031,22772
2025-11-09,M032,28546
2025-11-09,M033,48517
2025-11-09,M034,37821
2025-11-09,M035,59546
2025-11-09,M036,31660
2025-11-09,M037,32367
2025-11-09,M038,25951
2025-11-09,M039,36827
2025-11-09,M040,48269
2025-11-09,M041,45149
2025-11-09,M042,37708
2025-11-09,M043,29125
2025-11-09,M044,37785
2025-11-09,M045,61099
2025-11-09,M046,30132
2025-11-09,M047,44154
2025-11-09,M048,54605
2025-11-10,M001,7353
2025-11-10,M002,17778
2025-11-10,M003,17757
2025-11-10,M004,37369
2025-11-10,M005,22245
2025-11-10,M006,34986
2025-11-10,M007,21774
2025-11-10,M008,28134
2025-11-10,M009,16357
2025-11-10,M010,32351
2025-11-10,M011,21673
2025-11-10,M012,46819
2025-11-10,M013,19017
2025-11-10,M014,41973
2025-11-10,M015,23468
2025-11-10,M016,34348
2025-11-10,M017,20863
2025-11-10,M018,46270
2025-11-10,M019,26907
2025-11-10,M020,52280
2025-11-10,M021,21195
2025-11-10,M022,29181
2025-11-10,M023,26110
2025-11-10,M024,54279
2025-11-10,M025,23102
2025-11-10,M026,34478
2025-11-10,M027,34425
2025-11-10,M028,59150
2025-11-10,M029,25834
2025-11-10,M030,50477
2025-11-10,M031,22942
2025-11-10,M032,44253
2025-11-10,M033,29098
2025-11-10,M034,55394
2025-11-10,M035,52106
2025-11-10,M036,48722
2025-11-10,M037,20151
2025-11-10,M038,41620
2025-11-10,M039,38990
2025-11-10,M040,73976
2025-11-10,M041,31152
2025-11-10,M042,63459
2025-11-10,M043,28922
2025-11-10,M044,58673
2025-11-10,M045,38684
2025-11-10,M046,46945
2025-11-10,M047,40242
2025-11-10,M048,84972
2025-11-11,M001,10657
2025-11-11,M002,15860
2025-11-11,M003,21131
2025-11-11,M004,23707
2025-11-11,M005,32893
2025-11-11,M006,27805
2025-11-11,M007,30795
2025-11-11,M008,15618
2025-11-11,M009,21624
2025-11-11,M010,30290
2025-11-11,M011,27814
2025-11-11,M012,24942
2025-11-11,M013,27058
2025-11-11,M014,35431
2025-11-11,M015,29309
2025-11-11,M016,18576
2025-11-11,M017,27980
2025-11-11,M018,41845
2025-11-11,M019,32135
2025-11-11,M020,33977
2025-11-11,M021,27996
2025-11-11,M022,29323
2025-11-11,M023,37933
2025-11-11,M024,34503
2025-11-11,M025,36105
2025-11-11,M026,33581
2025-11-11,M027,46036
2025-11-11,M028,38919
2025-11-11,M029,33676
2025-11-11,M030,43118
2025-11-11,M031,28347
2025-11-11,M032,27805
2025-11-11,M033,41590
2025-11-11,M034,51692
2025-11-11,M035,67439
2025-11-11,M036,29663
2025-11-11,M037,28309
2025-11-11,M038,35428
2025-11-11,M039,49981
2025-11-11,M040,45070
2025-11-11,M041,39699
2025-11-11,M042,56689
2025-11-11,M043,39142
2025-11-11,M044,37143
2025-11-11,M045,49780
2025-11-11,M046,40882
2025-11-11,M047,56519
2025-11-11,M048,54640
2025-11-12,M001,14114
2025-11-12,M002,13446
2025-11-12,M003,21237
2025-11-12,M004,19468
2025-11-12,M005,39283
2025-11-12,M006,25070
2025-11-12,M007,25840
2025-11-12,M008,14121
2025-11-12,M009,30873
2025-11-12,M010,28215
2025-11-12,M011,23215
2025-11-12,M012,25458
2025-11-12,M013,34010
2025-11-12,M014,35896
2025-11-12,M015,26868
2025-11-12,M016,18664
2025-11-12,M017,37936
2025-11-12,M018,37294
2025-11-12,M019,30338
2025-11-12,M020,30136
2025-11-12,M021,39958
2025-11-12,M022,23685
2025-11-12,M023,34357
2025-11-12,M024,29490
2025-11-12,M025,47228
2025-11-12,M026,27075
2025-11-12,M027,41529
2025-11-12,M028,34431
2025-11-12,M029,44109
2025-11-12,M030,38936
2025-11-12,M031,28109
2025-11-12,M032,27675
2025-11-12,M033,54280
2025-11-12,M034,52205
2025-11-12,M035,62702
2025-11-12,M036,28843
2025-11-12,M037,37759
2025-11-12,M038,34062
2025-11-12,M039,41208
2025-11-12,M040,43839
2025-11-12,M041,54480
2025-11-12,M042,53201
2025-11-12,M043,32556
2025-11-12,M044,35850
2025-11-12,M045,65390
2025-11-12,M046,37173
2025-11-12,M047,48092
2025-11-12,M048,42304
2025-11-13,M001,12139
2025-11-13,M002,11677
2025-11-13,M003,20865
2025-11-13,M004,25544
2025-11-13,M005,39509
2025-11-13,M006,22083
2025-11-13,M007,24469
2025-11-13,M008,17126
2025-11-13,M009,30603
2025-11-13,M010,24243
2025-11-13,M011,24258
2025-11-13,M012,31521
2025-11-13,M013,36018
2025-11-13,M014,30850
2025-11-13,M015,27434
2025-11-13,M016,21365
2025-11-13,M017,37366
2025-11-13,M018,28247
2025-11-13,M019,30540
2025-11-13,M020,39621
2025-11-13,M021,35597
2025-11-13,M022,22065
2025-11-13,M023,31079
2025-11-13,M024,40461
2025-11-13,M025,41879
2025-11-13,M026,26136
2025-11-13,M027,40805
2025-11-13,M028,42517
2025-11-13,M029,44384
2025-11-13,M030,34557
2025-11-13,M031,26042
2025-11-13,M032,30659
2025-11-13,M033,50577
2025-11-13,M034,43979
2025-11-13,M035,61025
2025-11-13,M036,35317
2025-11-13,M037,32088
2025-11-13,M038,30702
2025-11-13,M039,46663
2025-11-13,M040,58489
2025-11-13,M041,57666
2025-11-13,M042,41935
2025-11-13,M043,31943
2025-11-13,M044,43840
2025-11-13,M045,68132
2025-11-13,M046,31173
2025-11-13,M047,49573
2025-11-13,M048,62111
2025-11-14,M001,7681
2025-11-14,M002,17538
2025-11-14,M003,17567
2025-11-14,M004,38756
2025-11-14,M005,22579
2025-11-14,M006,32906
2025-11-14,M007,21105
2025-11-14,M008,25241
2025-11-14,M009,17290
2025-11-14,M010,32604
2025-11-14,M011,21137
2025-11-14,M012,46436
2025-11-14,M013,19434
2025-11-14,M014,43675
2025-11-14,M015,22286
2025-11-14,M016,32489
2025-11-14,M017,21497
2025-11-14,M018,46735
2025-11-14,M019,26606
2025-11-14,M020,54295
2025-11-14,M021,20833
2025-11-14,M022,29151
2025-11-14,M023,28930
2025-11-14,M024,53386
2025-11-14,M025,24981
2025-11-14,M026,33437
2025-11-14,M027,32801
2025-11-14,M028,61604
2025-11-14,M029,22241
2025-11-14,M030,54478
2025-11-14,M031,22926
2025-11-14,M032,44518
2025-11-14,M033,28620
2025-11-14,M034,55022
2025-11-14,M035,48574
2025-11-14,M036,52389
2025-11-14,M037,19105
2025-11-14,M038,39290
2025-11-14,M039,37455
2025-11-14,M040,79430
2025-11-14,M041,29743
2025-11-14,M042,59090
2025-11-14,M043,30218
2025-11-14,M044,57700
2025-11-14,M045,34395
2025-11-14,M046,46057
2025-11-14,M047,40433
2025-11-14,M048,88380
2025-11-15,M001,9519
2025-11-15,M002,13683
2025-11-15,M003,19309
2025-11-15,M004,20752
2025-11-15,M005,28899
2025-11-15,M006,28165
2025-11-15,M007,24805
2025-11-15,M008,15247
2025-11-15,M009,19230
2025-11-15,M010,28169
2025-11-15,M011,23463
2025-11-15,M012,23115
2025-11-15,M013,24527
2025-11-15,M014,33394
2025-11-15,M015,29684
2025-11-15,M016,17382
2025-11-15,M017,25756
2025-11-15,M018,33870
2025-11-15,M019,31679
2025-11-15,M020,28659
2025-11-15,M021,26801
2025-11-15,M022,24742
2025-11-15,M023,34993
2025-11-15,M024,33731
2025-11-15,M025,31396
2025-11-15,M026,30785
2025-11-15,M027,41372
2025-11-15,M028,34827
2025-11-15,M029,29385
2025-11-15,M030,45260
2025-11-15,M031,26859
2025-11-15,M032,24558
2025-11-15,M033,35600
2025-11-15,M034,49644
2025-11-15,M035,64560
2025-11-15,M036,26394
2025-11-15,M037,25723
2025-11-15,M038,32583
2025-11-15,M039,43870
2025-11-15,M040,41554
2025-11-15,M041,37602
2025-11-15,M042,49915
2025-11-15,M043,33954
2025-11-15,M044,31248
2025-11-15,M045,44297
2025-11-15,M046,38335
2025-11-15,M047,47212
2025-11-15,M048,47161
2025-11-16,M001,12408
2025-11-16,M002,13569
2025-11-16,M003,18235
2025-11-16,M004,19168
2025-11-16,M005,39229
2025-11-16,M006,24982
2025-11-16,M007,24183
2025-11-16,M008,12401
2025-11-16,M009,27649
2025-11-16,M010,23950
2025-11-16,M011,22923
2025-11-16,M012,20498
2025-11-16,M013,32509
2025-11-16,M014,29841
2025-11-16,M015,23842
2025-11-16,M016,17363
2025-11-16,M017,34655
2025-11-16,M018,33087
2025-11-16,M019,27379
2025-11-16,M020,28093
2025-11-16,M021,34662
2025-11-16,M022,20729
2025-11-16,M023,29852
2025-11-16,M024,27944
2025-11-16,M025,42309
2025-11-16,M026,24668
2025-11-16,M027,35763
2025-11-16,M028,30331
2025-11-16,M029,38382
2025-11-16,M030,38887
2025-11-16,M031,25374
2025-11-16,M032,24331
2025-11-16,M033,49670
2025-11-16,M034,44439
2025-11-16,M035,59296
2025-11-16,M036,26580
2025-11-16,M037,30412
2025-11-16,M038,31098
2025-11-16,M039,37748
2025-11-16,M040,37589
2025-11-16,M041,51481
2025-11-16,M042,47083
2025-11-16,M043,30141
2025-11-16,M044,28206
2025-11-16,M045,61819
2025-11-16,M046,32906
2025-11-16,M047,42926
2025-11-16,M048,44206
2025-11-17,M001,13076
2025-11-17,M002,12211
2025-11-17,M003,20347
2025-11-17,M004,25245
2025-11-17,M005,40956
2025-11-17,M006,22293
2025-11-17,M007,24409
2025-11-17,M008,19800
2025-11-17,M009,31254
2025-11-17,M010,22386
2025-11-17,M011,24178
2025-11-17,M012,32899
2025-11-17,M013,33998
2025-11-17,M014,30676
2025-11-17,M015,25218
2025-11-17,M016,21875
2025-11-17,M017,33370
2025-11-17,M018,33070
2025-11-17,M019,30196
2025-11-17,M020,39275
2025-11-17,M021,40292
2025-11-17,M022,22236
2025-11-17,M023,34474
2025-11-17,M024,39311
2025-11-17,M025,44788
2025-11-17,M026,23677
2025-11-17,M027,38888
2025-11-17,M028,41730
2025-11-17,M029,40342
2025-11-17,M030,33499
2025-11-17,M031,25834
2025-11-17,M032,33481
2025-11-17,M033,50214
2025-11-17,M034,39674
2025-11-17,M035,65243
2025-11-17,M036,35737
2025-11-17,M037,36169
2025-11-17,M038,29251
2025-11-17,M039,47376
2025-11-17,M040,57479
2025-11-17,M041,54259
2025-11-17,M042,43262
2025-11-17,M043,34279
2025-11-17,M044,46307
2025-11-17,M045,66004
2025-11-17,M046,33346
2025-11-17,M047,47525
2025-11-17,M048,56904
2025-11-18,M001,7317
2025-11-18,M002,17879
2025-11-18,M003,16891
2025-11-18,M004,38924
2025-11-18,M005,23271
2025-11-18,M006,35001
2025-11-18,M007,22269
2025-11-18,M008,25064
2025-11-18,M009,16139
2025-11-18,M010,34900
2025-11-18,M011,20732
2025-11-18,M012,43507
2025-11-18,M013,18658
2025-11-18,M014,41592
2025-11-18,M015,21311
2025-11-18,M016,31421
2025-11-18,M017,19740
2025-11-18,M018,45259
2025-11-18,M019,26675
2025-11-18,M020,53879
2025-11-18,M021,21061
2025-11-18,M022,27139
2025-11-18,M023,28354
2025-11-18,M024,53582
2025-11-18,M025,23332
2025-11-18,M026,34304
2025-11-18,M027,33897
2025-11-18,M028,57023
2025-11-18,M029,25191
2025-11-18,M030,47356
2025-11-18,M031,20500
2025-11-18,M032,46458
2025-11-18,M033,28210
2025-11-18,M034,58774
2025-11-18,M035,49690
2025-11-18,M036,51861
2025-11-18,M037,18529
2025-11-18,M038,39707
2025-11-18,M039,39512
2025-11-18,M040,75750
2025-11-18,M041,31516
2025-11-18,M042,58936
2025-11-18,M043,30047
2025-11-18,M044,57376
2025-11-18,M045,37595
2025-11-18,M046,46002
2025-11-18,M047,38297
2025-11-18,M048,76972
2025-11-19,M001,9402
2025-11-19,M002,14666
2025-11-19,M003,21001
2025-11-19,M004,22050
2025-11-19,M005,32077
2025-11-19,M006,31908
2025-11-19,M007,28478
2025-11-19,M008,16757
2025-11-19,M009,23547
2025-11-19,M010,32370
2025-11-19,M011,29596
2025-11-19,M012,26679
2025-11-19,M013,25561
2025-11-19,M014,39535
2025-11-19,M015,28089
2025-11-19,M016,20309
2025-11-19,M017,28107
2025-11-19,M018,39077
2025-11-19,M019,35479
2025-11-19,M020,31134
2025-11-19,M021,28529
2025-11-19,M022,28906
2025-11-19,M023,35476
2025-11-19,M024,33562
2025-11-19,M025,35714
2025-11-19,M026,30471
2025-11-19,M027,42554
2025-11-19,M028,39690
2025-11-19,M029,30896
2025-11-19,M030,47381
2025-11-19,M031,28122
2025-11-19,M032,28464
2025-11-19,M033,38963
2025-11-19,M034,55616
2025-11-19,M035,76536
2025-11-19,M036,32192
2025-11-19,M037,25116
2025-11-19,M038,35475
2025-11-19,M039,47327
2025-11-19,M040,48514
2025-11-19,M041,41408
2025-11-19,M042,60600
2025-11-19,M043,38790
2025-11-19,M044,39756
2025-11-19,M045,52328
2025-11-19,M046,38181
2025-11-19,M047,55865
2025-11-19,M048,46842
2025-11-20,M001,13077
2025-11-20,M002,13327
2025-11-20,M003,19230
2025-11-20,M004,20713
2025-11-20,M005,38416
2025-11-20,M006,25675
2025-11-20,M007,25440
2025-11-20,M008,13643
2025-11-20,M009,31268
2025-11-20,M010,27793
2025-11-20,M011,23111
2025-11-20,M012,24430
2025-11-20,M013,36064
2025-11-20,M014,31644
2025-11-20,M015,26986
2025-11-20,M016,16813
2025-11-20,M017,37549
2025-11-20,M018,35349
2025-11-20,M019,29910
2025-11-20,M020,31530
2025-11-20,M021,41165
2025-11-20,M022,26113
2025-11-20,M023,32791
2025-11-20,M024,30644
2025-11-20,M025,43785
2025-11-20,M026,30617
2025-11-20,M027,39996
2025-11-20,M028,31687
2025-11-20,M029,43171
2025-11-20,M030,40109
2025-11-20,M031,24441
2025-11-20,M032,26406
2025-11-20,M033,49322
2025-11-20,M034,51494
2025-11-20,M035,59459
2025-11-20,M036,25458
2025-11-20,M037,36714
2025-11-20,M038,35978
2025-11-20,M039,43215
2025-11-20,M040,45471
2025-11-20,M041,55324
2025-11-20,M042,55195
2025-11-20,M043,35159
2025-11-20,M044,31847
2025-11-20,M045,67150
2025-11-20,M046,36152
2025-11-20,M047,48131
2025-11-20,M048,42801
2025-11-21,M001,13578
2025-11-21,M002,11233
2025-11-21,M003,19465
2025-11-21,M004,27257
2025-11-21,M005,38754
2025-11-21,M006,22020
2025-11-21,M007,23671
2025-11-21,M008,17517
2025-11-21,M009,31107
2025-11-21,M010,22207
2025-11-21,M011,24135
2025-11-21,M012,33218
2025-11-21,M013,36506
2025-11-21,M014,30693
2025-11-21,M015,25958
2025-11-21,M016,21882
2025-11-21,M017,34055
2025-11-21,M018,31093
2025-11-21,M019,31779
2025-11-21,M020,36579
2025-11-21,M021,37525
2025-11-21,M022,21628
2025-11-21,M023,31583
2025-11-21,M024,42999
2025-11-21,M025,45303
2025-11-21,M026,26084
2025-11-21,M027,35542
2025-11-21,M028,44743
2025-11-21,M029,42844
2025-11-21,M030,35567
2025-11-21,M031,25966
2025-11-21,M032,33688
2025-11-21,M033,49809
2025-11-21,M034,41871
2025-11-21,M035,65579
2025-11-21,M036,34242
2025-11-21,M037,34933
2025-11-21,M038,30363
2025-11-21,M039,47415
2025-11-21,M040,52845
2025-11-21,M041,49828
2025-11-21,M042,45035
2025-11-21,M043,35284
2025-11-21,M044,43247
2025-11-21,M045,61642
2025-11-21,M046,30321
2025-11-21,M047,46258
2025-11-21,M048,63038
2025-11-22,M001,6788
2025-11-22,M002,14946
2025-11-22,M003,15577
2025-11-22,M004,35348
2025-11-22,M005,19046
2025-11-22,M006,28551
2025-11-22,M007,20526
2025-11-22,M008,23888
2025-11-22,M009,15335
2025-11-22,M010,28676
2025-11-22,M011,19396
2025-11-22,M012,41538
2025-11-22,M013,16739
2025-11-22,M014,37025
2025-11-22,M015,20744
2025-11-22,M016,30690
2025-11-22,M017,18800
2025-11-22,M018,40351
2025-11-22,M019,22356
2025-11-22,M020,47991
2025-11-22,M021,19401
2025-11-22,M022,25985
2025-11-22,M023,22869
2025-11-22,M024,50679
2025-11-22,M025,22561
2025-11-22,M026,31380
2025-11-22,M027,31346
2025-11-22,M028,54715
2025-11-22,M029,21662
2025-11-22,M030,47630
2025-11-22,M031,19902
2025-11-22,M032,45575
2025-11-22,M033,25640
2025-11-22,M034,53930
2025-11-22,M035,43537
2025-11-22,M036,45242
2025-11-22,M037,18103
2025-11-22,M038,39093
2025-11-22,M039,31053
2025-11-22,M040,66351
2025-11-22,M041,28954
2025-11-22,M042,57851
2025-11-22,M043,25668
2025-11-22,M044,53295
2025-11-22,M045,34574
2025-11-22,M046,39225
2025-11-22,M047,35574
2025-11-22,M048,71626
2025-11-23,M001,8599
2025-11-23,M002,14967
2025-11-23,M003,20665
2025-11-23,M004,18652
2025-11-23,M005,28505
2025-11-23,M006,26591
2025-11-23,M007,24527
2025-11-23,M008,14612
2025-11-23,M009,19107
2025-11-23,M010,25414
2025-11-23,M011,24981
2025-11-23,M012,24320
2025-11-23,M013,24294
2025-11-23,M014,34204
2025-11-23,M015,28068
2025-11-23,M016,18968
2025-11-23,M017,24497
2025-11-23,M018,38955
2025-11-23,M019,30143
2025-11-23,M020,29342
2025-11-23,M021,25434
2025-11-23,M022,22607
2025-11-23,M023,32489
2025-11-23,M024,32900
2025-11-23,M025,29881
2025-11-23,M026,27203
2025-11-23,M027,38143
2025-11-23,M028,31601
2025-11-23,M029,30534
2025-11-23,M030,44264
2025-11-23,M031,28239
2025-11-23,M032,24007
2025-11-23,M033,32832
2025-11-23,M034,50503
2025-11-23,M035,59660
2025-11-23,M036,25963
2025-11-23,M037,23954
2025-11-23,M038,31839
2025-11-23,M039,42922
2025-11-23,M040,41198
2025-11-23,M041,34431
2025-11-23,M042,56006
2025-11-23,M043,34558
2025-11-23,M044,32372
2025-11-23,M045,43333
2025-11-23,M046,35981
2025-11-23,M047,45863
2025-11-23,M048,42318
2025-11-24,M001,12260
2025-11-24,M002,14913
2025-11-24,M003,21062
2025-11-24,M004,21420
2025-11-24,M005,40061
2025-11-24,M006,27097
2025-11-24,M007,26425
2025-11-24,M008,13804
2025-11-24,M009,27985
2025-11-24,M010,25155
2025-11-24,M011,24003
2025-11-24,M012,22696
2025-11-24,M013,35804
2025-11-24,M014,32159
2025-11-24,M015,25054
2025-11-24,M016,18117
2025-11-24,M017,35012
2025-11-24,M018,34394
2025-11-24,M019,31464
2025-11-24,M020,30475
2025-11-24,M021,37897
2025-11-24,M022,23552
2025-11-24,M023,34972
2025-11-24,M024,29679
2025-11-24,M025,48456
2025-11-24,M026,30575
2025-11-24,M027,37116
2025-11-24,M028,31998
2025-11-24,M029,40668
2025-11-24,M030,40642
2025-11-24,M031,26093
2025-11-24,M032,27219
2025-11-24,M033,54778
2025-11-24,M034,49010
2025-11-24,M035,64624
2025-11-24,M036,29303
2025-11-24,M037,33647
2025-11-24,M038,31808
2025-11-24,M039,46627
2025-11-24,M040,43523
2025-11-24,M041,57023
2025-11-24,M042,53720
2025-11-24,M043,33115
2025-11-24,M044,32328
2025-11-24,M045,67586
2025-11-24,M046,37004
2025-11-24,M047,50549
2025-11-24,M048,47508
2025-11-25,M001,11917
2025-11-25,M002,11288
2025-11-25,M003,20670
2025-11-25,M004,24683
2025-11-25,M005,38512
2025-11-25,M006,21269
2025-11-25,M007,25705
2025-11-25,M008,18805
2025-11-25,M009,31952
2025-11-25,M010,23983
2025-11-25,M011,22810
2025-11-25,M012,29681
2025-11-25,M013,35093
2025-11-25,M014,30047
2025-11-25,M015,25944
2025-11-25,M016,22407
2025-11-25,M017,33424
2025-11-25,M018,28503
2025-11-25,M019,30403
2025-11-25,M020,38536
2025-11-25,M021,35440
2025-11-25,M022,19679
2025-11-25,M023,34560
2025-11-25,M024,37920
2025-11-25,M025,45845
2025-11-25,M026,24284
2025-11-25,M027,37268
2025-11-25,M028,41030
2025-11-25,M029,42591
2025-11-25,M030,32780
2025-11-25,M031,27739
2025-11-25,M032,33717
2025-11-25,M033,48606
2025-11-25,M034,39484
2025-11-25,M035,60191
2025-11-25,M036,36837
2025-11-25,M037,32758
2025-11-25,M038,30706
2025-11-25,M039,43504
2025-11-25,M040,51765
2025-11-25,M041,52023
2025-11-25,M042,46754
2025-11-25,M043,35902
2025-11-25,M044,39842
2025-11-25,M045,61857
2025-11-25,M046,33771
2025-11-25,M047,44961
2025-11-25,M048,57755
2025-11-26,M001,7239
2025-11-26,M002,18033
2025-11-26,M003,15951
2025-11-26,M004,37769
2025-11-26,M005,21926
2025-11-26,M006,31292
2025-11-26,M007,21013
2025-11-26,M008,25873
2025-11-26,M009,16075
2025-11-26,M010,34874
2025-11-26,M011,21244
2025-11-26,M012,42264
2025-11-26,M013,19436
2025-11-26,M014,38775
2025-11-26,M015,22034
2025-11-26,M016,35098
2025-11-26,M017,20895
2025-11-26,M018,42513
2025-11-26,M019,26908
2025-11-26,M020,52330
2025-11-26,M021,23006
2025-11-26,M022,28814
2025-11-26,M023,25652
2025-11-26,M024,59217
2025-11-26,M025,23362
2025-11-26,M026,32629
2025-11-26,M027,33435
2025-11-26,M028,57464
2025-11-26,M029,24622
2025-11-26,M030,52093
2025-11-26,M031,22385
2025-11-26,M032,47807
2025-11-26,M033,27117
2025-11-26,M034,60759
2025-11-26,M035,55377
2025-11-26,M036,53490
2025-11-26,M037,18771
2025-11-26,M038,41807
2025-11-26,M039,37432
2025-11-26,M040,73783
2025-11-26,M041,31917
2025-11-26,M042,66847
2025-11-26,M043,30820
2025-11-26,M044,56318
2025-11-26,M045,38490
2025-11-26,M046,45887
2025-11-26,M047,40617
2025-11-26,M048,78417
2025-11-27,M001,10559
2025-11-27,M002,14523
2025-11-27,M003,23178
2025-11-27,M004,23562
2025-11-27,M005,32136
2025-11-27,M006,29264
2025-11-27,M007,31056
2025-11-27,M008,15143
2025-11-27,M009,21707
2025-11-27,M010,27971
2025-11-27,M011,26697
2025-11-27,M012,26909
2025-11-27,M013,24168
2025-11-27,M014,39587
2025-11-27,M015,29772
2025-11-27,M016,19501
2025-11-27,M017,27934
2025-11-27,M018,39478
2025-11-27,M019,34325
2025-11-27,M020,34436
2025-11-27,M021,27846
2025-11-27,M022,29224
2025-11-27,M023,34182
2025-11-27,M024,33697
2025-11-27,M025,31397
2025-11-27,M026,32337
2025-11-27,M027,44824
2025-11-27,M028,36143
2025-11-27,M029,31971
2025-11-27,M030,48470
2025-11-27,M031,29494
2025-11-27,M032,30811
2025-11-27,M033,41676
2025-11-27,M034,56977
2025-11-27,M035,71222
2025-11-27,M036,28299
2025-11-27,M037,26699
2025-11-27,M038,38230
2025-11-27,M039,48682
2025-11-27,M040,44120
2025-11-27,M041,40228
2025-11-27,M042,57374
2025-11-27,M043,36410
2025-11-27,M044,40030
2025-11-27,M045,48422
2025-11-27,M046,44434
2025-11-27,M047,56451
2025-11-27,M048,51055
2025-11-28,M001,12145
2025-11-28,M002,14994
2025-11-28,M003,18723
2025-11-28,M004,19262
2025-11-28,M005,43711
2025-11-28,M006,27895
2025-11-28,M007,26651
2025-11-28,M008,15184
2025-11-28,M009,31196
2025-11-28,M010,27997
2025-11-28,M011,25438
2025-11-28,M012,25788
2025-11-28,M013,33107
2025-11-28,M014,35183
2025-11-28,M015,27106
2025-11-28,M016,16918
2025-11-28,M017,37493
2025-11-28,M018,33265
2025-11-28,M019,32436
2025-11-28,M020,31538
2025-11-28,M021,40128
2025-11-28,M022,23075
2025-11-28,M023,31053
2025-11-28,M024,30082
2025-11-28,M025,47650
2025-11-28,M026,31184
2025-11-28,M027,40984
2025-11-28,M028,32415
2025-11-28,M029,43953
2025-11-28,M030,39327
2025-11-28,M031,25399
2025-11-28,M032,25431
2025-11-28,M033,51949
2025-11-28,M034,47816
2025-11-28,M035,60590
2025-11-28,M036,25761
2025-11-28,M037,33008
2025-11-28,M038,34377
2025-11-28,M039,44065
2025-11-28,M040,43695
2025-11-28,M041,58447
2025-11-28,M042,48478
2025-11-28,M043,36425
2025-11-28,M044,33606
2025-11-28,M045,68339
2025-11-28,M046,37110
2025-11-28,M047,47549
2025-11-28,M048,43538
2025-11-29,M001,10867
2025-11-29,M002,11231
2025-11-29,M003,17223
2025-11-29,M004,22504
2025-11-29,M005,36915
2025-11-29,M006,19198
2025-11-29,M007,22685
2025-11-29,M008,17550
2025-11-29,M009,26002
2025-11-29,M010,21677
2025-11-29,M011,21986
2025-11-29,M012,26801
2025-11-29,M013,31384
2025-11-29,M014,26175
2025-11-29,M015,22660
2025-11-29,M016,20854
2025-11-29,M017,35052
2025-11-29,M018,29440
2025-11-29,M019,25122
2025-11-29,M020,32969
2025-11-29,M021,35036
2025-11-29,M022,17282
2025-11-29,M023,28680
2025-11-29,M024,34168
2025-11-29,M025,39697
2025-11-29,M026,20825
2025-11-29,M027,35619
2025-11-29,M028,40906
2025-11-29,M029,36141
2025-11-29,M030,34312
2025-11-29,M031,23972
2025-11-29,M032,31676
2025-11-29,M033,45974
2025-11-29,M034,36155
2025-11-29,M035,52612
2025-11-29,M036,32111
2025-11-29,M037,29742
2025-11-29,M038,24919
2025-11-29,M039,42028
2025-11-29,M040,51200
2025-11-29,M041,47251
2025-11-29,M042,41906
2025-11-29,M043,31112
2025-11-29,M044,36901
2025-11-29,M045,61988
2025-11-29,M046,27410
2025-11-29,M047,42575
2025-11-29,M048,51732
2025-11-30,M001,6302
2025-11-30,M002,16451
2025-11-30,M003,15282
2025-11-30,M004,35532
2025-11-30,M005,20922
2025-11-30,M006,30056
2025-11-30,M007,18655
2025-11-30,M008,24596
2025-11-30,M009,13924
2025-11-30,M010,27165
2025-11-30,M011,18341
2025-11-30,M012,41156
2025-11-30,M013,16552
2025-11-30,M014,34731
2025-11-30,M015,19457
2025-11-30,M016,29366
2025-11-30,M017,16953
2025-11-30,M018,40807
2025-11-30,M019,23493
2025-11-30,M020,48040
2025-11-30,M021,18079
2025-11-30,M022,27126
2025-11-30,M023,23517
2025-11-30,M024,50851
2025-11-30,M025,24000
2025-11-30,M026,29821
2025-11-30,M027,26987
2025-11-30,M028,52780
2025-11-30,M029,22114
2025-11-30,M030,43133
2025-11-30,M031,19296
2025-11-30,M032,44832
2025-11-30,M033,25143
2025-11-30,M034,50708
2025-11-30,M035,47378
2025-11-30,M036,41753
2025-11-30,M037,18031
2025-11-30,M038,37655
2025-11-30,M039,33780
2025-11-30,M040,74067
2025-11-30,M041,27374
2025-11-30,M042,54572
2025-11-30,M043,24527
2025-11-30,M044,54702
2025-11-30,M045,33961
2025-11-30,M046,41377
2025-11-30,M047,37373
2025-11-30,M048,69095
2025-12-01,M001,12219
2025-12-01,M002,13129
2025-12-01,M003,19524
2025-12-01,M004,24857
2025-12-01,M005,44376
2025-12-01,M006,23966
2025-12-01,M007,24778
2025-12-01,M008,19362
2025-12-01,M009,28629
2025-12-01,M010,25251
2025-12-01,M011,25365
2025-12-01,M012,34196
2025-12-01,M013,33503
2025-12-01,M014,29205
2025-12-01,M015,28211
2025-12-01,M016,22461
2025-12-01,M017,35314
2025-12-01,M018,30943
2025-12-01,M019,31394
2025-12-01,M020,37230
2025-12-01,M021,40270
2025-12-01,M022,19661
2025-12-01,M023,32890
2025-12-01,M024,40662
2025-12-01,M025,44353
2025-12-01,M026,23876
2025-12-01,M027,38264
2025-12-01,M028,46347
2025-12-01,M029,45230
2025-12-01,M030,34034
2025-12-01,M031,28376
2025-12-01,M032,34160
2025-12-01,M033,55916
2025-12-01,M034,42901
2025-12-01,M035,68264
2025-12-01,M036,38987
2025-12-01,M037,36320
2025-12-01,M038,30341
2025-12-01,M039,42027
2025-12-01,M040,51986
2025-12-01,M041,52742
2025-12-01,M042,42088
2025-12-01,M043,37098
2025-12-01,M044,42254
2025-12-01,M045,64090
2025-12-01,M046,34580
2025-12-01,M047,47782
2025-12-01,M048,62283
2025-12-02,M001,7140
2025-12-02,M002,16207
2025-12-02,M003,17738
2025-12-02,M004,36370
2025-12-02,M005,23583
2025-12-02,M006,33737
2025-12-02,M007,22289
2025-12-02,M008,27760
2025-12-02,M009,15815
2025-12-02,M010,34983
2025-12-02,M011,19920
2025-12-02,M012,46327
2025-12-02,M013,19583
2025-12-02,M014,43341
2025-12-02,M015,23212
2025-12-02,M016,33893
2025-12-02,M017,19502
2025-12-02,M018,46549
2025-12-02,M019,27055
2025-12-02,M020,57585
2025-12-02,M021,22188
2025-12-02,M022,28525
2025-12-02,M023,28108
2025-12-02,M024,55376
2025-12-02,M025,25481
2025-12-02,M026,37052
2025-12-02,M027,32504
2025-12-02,M028,57399
2025-12-02,M029,24582
2025-12-02,M030,49648
2025-12-02,M031,23383
2025-12-02,M032,48342
2025-12-02,M033,27992
2025-12-02,M034,56026
2025-12-02,M035,50173
2025-12-02,M036,48143
2025-12-02,M037,19057
2025-12-02,M038,39818
2025-12-02,M039,37983
2025-12-02,M040,81611
2025-12-02,M041,31285
2025-12-02,M042,61010
2025-12-02,M043,27425
2025-12-02,M044,65981
2025-12-02,M045,36706
2025-12-02,M046,45346
2025-12-02,M047,39789
2025-12-02,M048,81211
2025-12-03,M001,9478
2025-12-03,M002,15478
2025-12-03,M003,24201
2025-12-03,M004,24744
2025-12-03,M005,32879
2025-12-03,M006,30775
2025-12-03,M007,28163
2025-12-03,M008,16610
2025-12-03,M009,23132
2025-12-03,M010,29959
2025-12-03,M011,30134
2025-12-03,M012,28257
2025-12-03,M013,28385
2025-12-03,M014,39468
2025-12-03,M015,31975
2025-12-03,M016,21425
2025-12-03,M017,28386
2025-12-03,M018,38624
2025-12-03,M019,37051
2025-12-03,M020,34402
2025-12-03,M021,30313
2025-12-03,M022,25782
2025-12-03,M023,40185
2025-12-03,M024,37441
2025-12-03,M025,37435
2025-12-03,M026,35955
2025-12-03,M027,45642
2025-12-03,M028,35195
2025-12-03,M029,31383
2025-12-03,M030,50192
2025-12-03,M031,29913
2025-12-03,M032,30557
2025-12-03,M033,42352
2025-12-03,M034,59272
2025-12-03,M035,69880
2025-12-03,M036,30050
2025-12-03,M037,28641
2025-12-03,M038,37553
2025-12-03,M039,51138
2025-12-03,M040,47979
2025-12-03,M041,41368
2025-12-03,M042,57054
2025-12-03,M043,40239
2025-12-03,M044,36061
2025-12-03,M045,51721
2025-12-03,M046,40114
2025-12-03,M047,52144
2025-12-03,M048,53371
2025-12-04,M001,14266
2025-12-04,M002,15302
2025-12-04,M003,21101
2025-12-04,M004,19782
2025-12-04,M005,45291
2025-12-04,M006,28337
2025-12-04,M007,27263
2025-12-04,M008,15465
2025-12-04,M009,32581
2025-12-04,M010,27140
2025-12-04,M011,25143
2025-12-04,M012,24737
2025-12-04,M013,33278
2025-12-04,M014,36757
2025-12-04,M015,28886
2025-12-04,M016,18084
2025-12-04,M017,37085
2025-12-04,M018,37749
2025-12-04,M019,33489
2025-12-04,M020,29946
2025-12-04,M021,40883
2025-12-04,M022,25440
2025-12-04,M023,35336
2025-12-04,M024,33348
2025-12-04,M025,48678
2025-12-04,M026,28042
2025-12-04,M027,38349
2025-12-04,M028,35933
2025-12-04,M029,42775
2025-12-04,M030,45779
2025-12-04,M031,25954
2025-12-04,M032,27725
2025-12-04,M033,54676
2025-12-04,M034,48580
2025-12-04,M035,67625
2025-12-04,M036,26930
2025-12-04,M037,35229
2025-12-04,M038,33634
2025-12-04,M039,47150
2025-12-04,M040,46075
2025-12-04,M041,52521
2025-12-04,M042,51190
2025-12-04,M043,38472
2025-12-04,M044,32140
2025-12-04,M045,70189
2025-12-04,M046,40048
2025-12-04,M047,52829
2025-12-04,M048,45252
2025-12-05,M001,14087
2025-12-05,M002,12408
2025-12-05,M003,19282
2025-12-05,M004,28086
2025-12-05,M005,38726
2025-12-05,M006,23618
2025-12-05,M007,25674
2025-12-05,M008,19870
2025-12-05,M009,29526
2025-12-05,M010,23142
2025-12-05,M011,23037
2025-12-05,M012,31485
2025-12-05,M013,33781
2025-12-05,M014,30640
2025-12-05,M015,25556
2025-12-05,M016,22564
2025-12-05,M017,36919
2025-12-05,M018,32432
2025-12-05,M019,29658
2025-12-05,M020,37288
2025-12-05,M021,38461
2025-12-05,M022,19749
2025-12-05,M023,32385
2025-12-05,M024,43301
2025-12-05,M025,42228
2025-12-05,M026,25232
2025-12-05,M027,40739
2025-12-05,M028,42761
2025-12-05,M029,42666
2025-12-05,M030,36374
2025-12-05,M031,25757
2025-12-05,M032,32371
2025-12-05,M033,53568
2025-12-05,M034,42090
2025-12-05,M035,66176
2025-12-05,M036,33693
2025-12-05,M037,33794
2025-12-05,M038,29564
2025-12-05,M039,47661
2025-12-05,M040,57467
2025-12-05,M041,56861
2025-12-05,M042,48039
2025-12-05,M043,34906
2025-12-05,M044,44645
2025-12-05,M045,64045
2025-12-05,M046,33489
2025-12-05,M047,46869
2025-12-05,M048,59660
2025-12-06,M001,6292
2025-12-06,M002,16884
2025-12-06,M003,15207
2025-12-06,M004,31961
2025-12-06,M005,20085
2025-12-06,M006,27738
2025-12-06,M007,19872
2025-12-06,M008,25837
2025-12-06,M009,15681
2025-12-06,M010,29045
2025-12-06,M011,19868
2025-12-06,M012,41909
2025-12-06,M013,16803
2025-12-06,M014,40216
2025-12-06,M015,20523
2025-12-06,M016,30190
2025-12-06,M017,19938
2025-12-06,M018,39471
2025-12-06,M019,22976
2025-12-06,M020,45815
2025-12-06,M021,18841
2025-12-06,M022,27770
2025-12-06,M023,27259
2025-12-06,M024,56284
2025-12-06,M025,22293
2025-12-06,M026,30898
2025-12-06,M027,29405
2025-12-06,M028,56499
2025-12-06,M029,23473
2025-12-06,M030,48161
2025-12-06,M031,21491
2025-12-06,M032,43445
2025-12-06,M033,25171
2025-12-06,M034,54375
2025-12-06,M035,50543
2025-12-06,M036,45945
2025-12-06,M037,16804
2025-12-06,M038,41275
2025-12-06,M039,33235
2025-12-06,M040,66521
2025-12-06,M041,25957
2025-12-06,M042,60637
2025-12-06,M043,27143
2025-12-06,M044,54389
2025-12-06,M045,32379
2025-12-06,M046,39193
2025-12-06,M047,35161
2025-12-06,M048,80460
2025-12-07,M001,9737
2025-12-07,M002,14199
2025-12-07,M003,20164
2025-12-07,M004,22377
2025-12-07,M005,26414
2025-12-07,M006,27825
2025-12-07,M007,29046
2025-12-07,M008,15293
2025-12-07,M009,21164
2025-12-07,M010,28667
2025-12-07,M011,23897
2025-12-07,M012,23572
2025-12-07,M013,24206
2025-12-07,M014,36570
2025-12-07,M015,28275
2025-12-07,M016,17214
2025-12-07,M017,24045
2025-12-07,M018,37471
2025-12-07,M019,29430
2025-12-07,M020,28813
2025-12-07,M021,26950
2025-12-07,M022,25128
2025-12-07,M023,37036
2025-12-07,M024,31147
2025-12-07,M025,31096
2025-12-07,M026,29447
2025-12-07,M027,39917
2025-12-07,M028,35606
2025-12-07,M029,31528
2025-12-07,M030,45930
2025-12-07,M031,28064
2025-12-07,M032,27005
2025-12-07,M033,33204
2025-12-07,M034,50275
2025-12-07,M035,70587
2025-12-07,M036,29574
2025-12-07,M037,25127
2025-12-07,M038,35199
2025-12-07,M039,43505
2025-12-07,M040,41366
2025-12-07,M041,40670
2025-12-07,M042,57018
2025-12-07,M043,36167
2025-12-07,M044,33636
2025-12-07,M045,45303
2025-12-07,M046,36853
2025-12-07,M047,52641
2025-12-07,M048,50372
2025-12-08,M001,13853
2025-12-08,M002,15373
2025-12-08,M003,21262
2025-12-08,M004,22102
2025-12-08,M005,39882
2025-12-08,M006,26766
2025-12-08,M007,27174
2025-12-08,M008,14635
2025-12-08,M009,33358
2025-12-08,M010,28764
2025-12-08,M011,26221
2025-12-08,M012,23141
2025-12-08,M013,36489
2025-12-08,M014,35055
2025-12-08,M015,26641
2025-12-08,M016,17312
2025-12-08,M017,35068
2025-12-08,M018,35295
2025-12-08,M019,31080
2025-12-08,M020,32067
2025-12-08,M021,42591
2025-12-08,M022,26502
2025-12-08,M023,32572
2025-12-08,M024,33741
2025-12-08,M025,43303
2025-12-08,M026,27786
2025-12-08,M027,40373
2025-12-08,M028,33848
2025-12-08,M029,42742
2025-12-08,M030,41596
2025-12-08,M031,28176
2025-12-08,M032,26370
2025-12-08,M033,56838
2025-12-08,M034,53555
2025-12-08,M035,69236
2025-12-08,M036,28980
2025-12-08,M037,36120
2025-12-08,M038,32768
2025-12-08,M039,48553
2025-12-08,M040,42552
2025-12-08,M041,54254
2025-12-08,M042,51084
2025-12-08,M043,34849
2025-12-08,M044,33323
2025-12-08,M045,68942
2025-12-08,M046,36871
2025-12-08,M047,46989
2025-12-08,M048,46434
2025-12-09,M001,13402
2025-12-09,M002,12288
2025-12-09,M003,18954
2025-12-09,M004,28044
2025-12-09,M005,41594
2025-12-09,M006,23964
2025-12-09,M007,25961
2025-12-09,M008,20454
2025-12-09,M009,31605
2025-12-09,M010,24656
2025-12-09,M011,23164
2025-12-09,M012,32291
2025-12-09,M013,35458
2025-12-09,M014,28060
2025-12-09,M015,28609
2025-12-09,M016,22640
2025-12-09,M017,38337
2025-12-09,M018,33621
2025-12-09,M019,29111
2025-12-09,M020,40407
2025-12-09,M021,40776
2025-12-09,M022,20712
2025-12-09,M023,33597
2025-12-09,M024,40381
2025-12-09,M025,48560
2025-12-09,M026,26925
2025-12-09,M027,40554
2025-12-09,M028,44432
2025-12-09,M029,43112
2025-12-09,M030,36462
2025-12-09,M031,25381
2025-12-09,M032,33490
2025-12-09,M033,48943
2025-12-09,M034,45792
2025-12-09,M035,65873
2025-12-09,M036,35323
2025-12-09,M037,34002
2025-12-09,M038,30187
2025-12-09,M039,45905
2025-12-09,M040,58348
2025-12-09,M041,54498
2025-12-09,M042,48278
2025-12-09,M043,35603
2025-12-09,M044,46108
2025-12-09,M045,64871
2025-12-09,M046,33252
2025-12-09,M047,48794
2025-12-09,M048,60479
2025-12-10,M001,7730
2025-12-10,M002,16137
2025-12-10,M003,18147
2025-12-10,M004,38488
2025-12-10,M005,23950
2025-12-10,M006,32432
2025-12-10,M007,22470
2025-12-10,M008,24744
2025-12-10,M009,18174
2025-12-10,M010,33363
2025-12-10,M011,21810
2025-12-10,M012,43245
2025-12-10,M013,18207
2025-12-10,M014,44202
2025-12-10,M015,22164
2025-12-10,M016,34284
2025-12-10,M017,21467
2025-12-10,M018,46536
2025-12-10,M019,26133
2025-12-10,M020,56855
2025-12-10,M021,21142
2025-12-10,M022,30778
2025-12-10,M023,27318
2025-12-10,M024,58307
2025-12-10,M025,25884
2025-12-10,M026,37521
2025-12-10,M027,31986
2025-12-10,M028,64542
2025-12-10,M029,25292
2025-12-10,M030,47828
2025-12-10,M031,21339
2025-12-10,M032,44539
2025-12-10,M033,27907
2025-12-10,M034,63406
2025-12-10,M035,57366
2025-12-10,M036,48030
2025-12-10,M037,19067
2025-12-10,M038,43360
2025-12-10,M039,38874
2025-12-10,M040,76069
2025-12-10,M041,28936
2025-12-10,M042,69595
2025-12-10,M043,28632
2025-12-10,M044,61369
2025-12-10,M045,37904
2025-12-10,M046,45997
2025-12-10,M047,43188
2025-12-10,M048,90757
2025-12-11,M001,10098
2025-12-11,M002,16586
2025-12-11,M003,23291
2025-12-11,M004,21768
2025-12-11,M005,30804
2025-12-11,M006,32534
2025-12-11,M007,30396
2025-12-11,M008,15653
2025-12-11,M009,25079
2025-12-11,M010,29889
2025-12-11,M011,28443
2025-12-11,M012,28271
2025-12-11,M013,25625
2025-12-11,M014,36471
2025-12-11,M015,29511
2025-12-11,M016,19830
2025-12-11,M017,28086
2025-12-11,M018,43916
2025-12-11,M019,36388
2025-12-11,M020,31345
2025-12-11,M021,29425
2025-12-11,M022,27434
2025-12-11,M023,40622
2025-12-11,M024,35584
2025-12-11,M025,32315
2025-12-11,M026,34501
2025-12-11,M027,45140
2025-12-11,M028,40321
2025-12-11,M029,31703
2025-12-11,M030,47191
2025-12-11,M031,31545
2025-12-11,M032,27869
2025-12-11,M033,40331
2025-12-11,M034,55126
2025-12-11,M035,77774
2025-12-11,M036,29352
2025-12-11,M037,28795
2025-12-11,M038,36725
2025-12-11,M039,48239
2025-12-11,M040,51560
2025-12-11,M041,45047
2025-12-11,M042,62168
2025-12-11,M043,39230
2025-12-11,M044,36110
2025-12-11,M045,46967
2025-12-11,M046,40583
2025-12-11,M047,59699
2025-12-11,M048,48697
2025-12-12,M001,12553
2025-12-12,M002,15252
2025-12-12,M003,22017
2025-12-12,M004,20153
2025-12-12,M005,40835
2025-12-12,M006,29070
2025-12-12,M007,28456
2025-12-12,M008,15451
2025-12-12,M009,29421
2025-12-12,M010,26643
2025-12-12,M011,23079
2025-12-12,M012,23768
2025-12-12,M013,37209
2025-12-12,M014,33596
2025-12-12,M015,28184
2025-12-12,M016,18638
2025-12-12,M017,37712
2025-12-12,M018,38042
2025-12-12,M019,31297
2025-12-12,M020,28913
2025-12-12,M021,37006
2025-12-12,M022,23601
2025-12-12,M023,32287
2025-12-12,M024,32028
2025-12-12,M025,42991
2025-12-12,M026,32055
2025-12-12,M027,37410
2025-12-12,M028,33556
2025-12-12,M029,45100
2025-12-12,M030,45341
2025-12-12,M031,26672
2025-12-12,M032,25081
2025-12-12,M033,51062
2025-12-12,M034,46681
2025-12-12,M035,64189
2025-12-12,M036,27000
2025-12-12,M037,33605
2025-12-12,M038,35629
2025-12-12,M039,48200
2025-12-12,M040,44438
2025-12-12,M041,59304
2025-12-12,M042,57803
2025-12-12,M043,38001
2025-12-12,M044,36646
2025-12-12,M045,64963
2025-12-12,M046,39680
2025-12-12,M047,49836
2025-12-12,M048,48816
2025-12-13,M001,12711
2025-12-13,M002,11876
2025-12-13,M003,19220
2025-12-13,M004,23644
2025-12-13,M005,38209
2025-12-13,M006,20950
2025-12-13,M007,24810
2025-12-13,M008,16615
2025-12-13,M009,25656
2025-12-13,M010,21591
2025-12-13,M011,20522
2025-12-13,M012,28550
2025-12-13,M013,31735
2025-12-13,M014,28263
2025-12-13,M015,22969
2025-12-13,M016,21660
2025-12-13,M017,35952
2025-12-13,M018,29562
2025-12-13,M019,27432
2025-12-13,M020,33052
2025-12-13,M021,33159
2025-12-13,M022,19773
2025-12-13,M023,30499
2025-12-13,M024,39490
2025-12-13,M025,39275
2025-12-13,M026,23890
2025-12-13,M027,36970
2025-12-13,M028,41459
2025-12-13,M029,36843
2025-12-13,M030,35407
2025-12-13,M031,25157
2025-12-13,M032,33101
2025-12-13,M033,47036
2025-12-13,M034,37691
2025-12-13,M035,60150
2025-12-13,M036,33245
2025-12-13,M037,32118
2025-12-13,M038,25280
2025-12-13,M039,44129
2025-12-13,M040,54148
2025-12-13,M041,47316
2025-12-13,M042,40375
2025-12-13,M043,30939
2025-12-13,M044,41432
2025-12-13,M045,57227
2025-12-13,M046,27842
2025-12-13,M047,40917
2025-12-13,M048,56207
2025-12-14,M001,6928
2025-12-14,M002,14618
2025-12-14,M003,14988
2025-12-14,M004,31428
2025-12-14,M005,21686
2025-12-14,M006,30845
2025-12-14,M007,19366
2025-12-14,M008,24838
2025-12-14,M009,16648
2025-12-14,M010,32154
2025-12-14,M011,17524
2025-12-14,M012,42906
2025-12-14,M013,16882
2025-12-14,M014,40131
2025-12-14,M015,22116
2025-12-14,M016,32064
2025-12-14,M017,19683
2025-12-14,M018,39791
2025-12-14,M019,22018
2025-12-14,M020,45744
2025-12-14,M021,19697
2025-12-14,M022,29400
2025-12-14,M023,23500
2025-12-14,M024,54235
2025-12-14,M025,24492
2025-12-14,M026,33531
2025-12-14,M027,27535
2025-12-14,M028,56185
2025-12-14,M029,22307
2025-12-14,M030,45401
2025-12-14,M031,18731
2025-12-14,M032,44850
2025-12-14,M033,24595
2025-12-14,M034,58507
2025-12-14,M035,45320
2025-12-14,M036,44324
2025-12-14,M037,18044
2025-12-14,M038,38431
2025-12-14,M039,34573
2025-12-14,M040,73887
2025-12-14,M041,28044
2025-12-14,M042,56690
2025-12-14,M043,25644
2025-12-14,M044,55008
2025-12-14,M045,31637
2025-12-14,M046,38967
2025-12-14,M047,39079
2025-12-14,M048,76062
2025-12-15,M001,10482
2025-12-15,M002,17350
2025-12-15,M003,22031
2025-12-15,M004,22052
2025-12-15,M005,32826
2025-12-15,M006,31850
2025-12-15,M007,31615
2025-12-15,M008,17417
2025-12-15,M009,24258
2025-12-15,M010,28776
2025-12-15,M011,29381
2025-12-15,M012,26672
2025-12-15,M013,26007
2025-12-15,M014,37422
2025-12-15,M015,32939
2025-12-15,M016,20322
2025-12-15,M017,27873
2025-12-15,M018,42208
2025-12-15,M019,35854
2025-12-15,M020,34403
2025-12-15,M021,31653
2025-12-15,M022,28287
2025-12-15,M023,38490
2025-12-15,M024,37652
2025-12-15,M025,36049
2025-12-15,M026,33580
2025-12-15,M027,48139
2025-12-15,M028,39142
2025-12-15,M029,36152
2025-12-15,M030,44577
2025-12-15,M031,29992
2025-12-15,M032,29698
2025-12-15,M033,39140
2025-12-15,M034,53532
2025-12-15,M035,67198
2025-12-15,M036,29792
2025-12-15,M037,28765
2025-12-15,M038,40841
2025-12-15,M039,48025
2025-12-15,M040,46947
2025-12-15,M041,41941
2025-12-15,M042,59612
2025-12-15,M043,41350
2025-12-15,M044,36198
2025-12-15,M045,48229
2025-12-15,M046,41499
2025-12-15,M047,54719
2025-12-15,M048,51132
2025-12-16,M001,13983
2025-12-16,M002,14852
2025-12-16,M003,21371
2025-12-16,M004,21084
2025-12-16,M005,45224
2025-12-16,M006,27426
2025-12-16,M007,28258
2025-12-16,M008,14022
2025-12-16,M009,30302
2025-12-16,M010,27660
2025-12-16,M011,24373
2025-12-16,M012,26541
2025-12-16,M013,36007
2025-12-16,M014,34396
2025-12-16,M015,27578
2025-12-16,M016,17147
2025-12-16,M017,36222
2025-12-16,M018,35194
2025-12-16,M019,33648
2025-12-16,M020,30648
2025-12-16,M021,40846
2025-12-16,M022,25658
2025-12-16,M023,31387
2025-12-16,M024,32398
2025-12-16,M025,49174
2025-12-16,M026,28733
2025-12-16,M027,37680
2025-12-16,M028,34391
2025-12-16,M029,46458
2025-12-16,M030,45405
2025-12-16,M031,29116
2025-12-16,M032,25015
2025-12-16,M033,55426
2025-12-16,M034,46564
2025-12-16,M035,60207
2025-12-16,M036,29464
2025-12-16,M037,35158
2025-12-16,M038,37624
2025-12-16,M039,45153
2025-12-16,M040,43351
2025-12-16,M041,53933
2025-12-16,M042,56487
2025-12-16,M043,35498
2025-12-16,M044,36071
2025-12-16,M045,71546
2025-12-16,M046,35288
2025-12-16,M047,48955
2025-12-16,M048,44271
2025-12-17,M001,12572
2025-12-17,M002,12338
2025-12-17,M003,21129
2025-12-17,M004,28017
2025-12-17,M005,40654
2025-12-17,M006,25030
2025-12-17,M007,28349
2025-12-17,M008,18941
2025-12-17,M009,29177
2025-12-17,M010,21911
2025-12-17,M011,24807
2025-12-17,M012,32317
2025-12-17,M013,36717
2025-12-17,M014,28853
2025-12-17,M015,28282
2025-12-17,M016,24997
2025-12-17,M017,36543
2025-12-17,M018,31760
2025-12-17,M019,32430
2025-12-17,M020,40624
2025-12-17,M021,37501
2025-12-17,M022,22738
2025-12-17,M023,31227
2025-12-17,M024,41995
2025-12-17,M025,45200
2025-12-17,M026,26449
2025-12-17,M027,40133
2025-12-17,M028,46999
2025-12-17,M029,42000
2025-12-17,M030,37199
2025-12-17,M031,28276
2025-12-17,M032,34824
2025-12-17,M033,48441
2025-12-17,M034,40636
2025-12-17,M035,62559
2025-12-17,M036,38946
2025-12-17,M037,33569
2025-12-17,M038,30238
2025-12-17,M039,47456
2025-12-17,M040,55568
2025-12-17,M041,51352
2025-12-17,M042,45644
2025-12-17,M043,37202
2025-12-17,M044,42042
2025-12-17,M045,63840
2025-12-17,M046,34524
2025-12-17,M047,46762
2025-12-17,M048,61141
2025-12-18,M001,7428
2025-12-18,M002,18513
2025-12-18,M003,16934
2025-12-18,M004,38425
2025-12-18,M005,21504
2025-12-18,M006,33247
2025-12-18,M007,23701
2025-12-18,M008,27026
2025-12-18,M009,18283
2025-12-18,M010,32914
2025-12-18,M011,21227
2025-12-18,M012,47357
2025-12-18,M013,20106
2025-12-18,M014,44660
2025-12-18,M015,24204
2025-12-18,M016,34804
2025-12-18,M017,20533
2025-12-18,M018,44337
2025-12-18,M019,27048
2025-12-18,M020,56248
2025-12-18,M021,22832
2025-12-18,M022,28183
2025-12-18,M023,28543
2025-12-18,M024,58147
2025-12-18,M025,26133
2025-12-18,M026,37091
2025-12-18,M027,31426
2025-12-18,M028,59302
2025-12-18,M029,23070
2025-12-18,M030,53205
2025-12-18,M031,23243
2025-12-18,M032,51149
2025-12-18,M033,29385
2025-12-18,M034,59265
2025-12-18,M035,55790
2025-12-18,M036,50780
2025-12-18,M037,19490
2025-12-18,M038,45302
2025-12-18,M039,37753
2025-12-18,M040,84122
2025-12-18,M041,32335
2025-12-18,M042,61530
2025-12-18,M043,28784
2025-12-18,M044,58406
2025-12-18,M045,38014
2025-12-18,M046,44108
2025-12-18,M047,39391
2025-12-18,M048,80601
2025-12-19,M001,9392
2025-12-19,M002,15588
2025-12-19,M003,22707
2025-12-19,M004,23194
2025-12-19,M005,30888
2025-12-19,M006,30114
2025-12-19,M007,30705
2025-12-19,M008,16254
2025-12-19,M009,23202
2025-12-19,M010,31886
2025-12-19,M011,29814
2025-12-19,M012,28459
2025-12-19,M013,26936
2025-12-19,M014,41376
2025-12-19,M015,30201
2025-12-19,M016,20351
2025-12-19,M017,30402
2025-12-19,M018,38424
2025-12-19,M019,36462
2025-12-19,M020,31233
2025-12-19,M021,28431
2025-12-19,M022,30022
2025-12-19,M023,40912
2025-12-19,M024,36637
2025-12-19,M025,34471
2025-12-19,M026,31137
2025-12-19,M027,48137
2025-12-19,M028,34816
2025-12-19,M029,35102
2025-12-19,M030,45633
2025-12-19,M031,31878
2025-12-19,M032,27528
2025-12-19,M033,39948
2025-12-19,M034,52212
2025-12-19,M035,68975
2025-12-19,M036,29167
2025-12-19,M037,29062
2025-12-19,M038,39446
2025-12-19,M039,52695
2025-12-19,M040,49474
2025-12-19,M041,44530
2025-12-19,M042,60886
2025-12-19,M043,38161
2025-12-19,M044,36904
2025-12-19,M045,51454
2025-12-19,M046,44720
2025-12-19,M047,58496
2025-12-19,M048,54438
2025-12-20,M001,12498
2025-12-20,M002,13403
2025-12-20,M003,19940
2025-12-20,M004,19606
2025-12-20,M005,35321
2025-12-20,M006,26113
2025-12-20,M007,23176
2025-12-20,M008,13327
2025-12-20,M009,28933
2025-12-20,M010,25732
2025-12-20,M011,21194
2025-12-20,M012,22303
2025-12-20,M013,33345
2025-12-20,M014,32617
2025-12-20,M015,24494
2025-12-20,M016,16641
2025-12-20,M017,35083
2025-12-20,M018,31131
2025-12-20,M019,28377
2025-12-20,M020,28702
2025-12-20,M021,35771
2025-12-20,M022,23278
2025-12-20,M023,28613
2025-12-20,M024,29107
2025-12-20,M025,39037
2025-12-20,M026,26380
2025-12-20,M027,38036
2025-12-20,M028,28338
2025-12-20,M029,42667
2025-12-20,M030,39164
2025-12-20,M031,25837
2025-12-20,M032,25557
2025-12-20,M033,49269
2025-12-20,M034,43961
2025-12-20,M035,53275
2025-12-20,M036,24764
2025-12-20,M037,31103
2025-12-20,M038,34110
2025-12-20,M039,43628
2025-12-20,M040,39595
2025-12-20,M041,53710
2025-12-20,M042,50952
2025-12-20,M043,34156
2025-12-20,M044,30826
2025-12-20,M045,57392
2025-12-20,M046,34652
2025-12-20,M047,47750
2025-12-20,M048,38941
2025-12-21,M001,11520
2025-12-21,M002,11655
2025-12-21,M003,18136
2025-12-21,M004,22743
2025-12-21,M005,40036
2025-12-21,M006,21926
2025-12-21,M007,24460
2025-12-21,M008,16860
2025-12-21,M009,26234
2025-12-21,M010,20948
2025-12-21,M011,23879
2025-12-21,M012,30548
2025-12-21,M013,34101
2025-12-21,M014,26218
2025-12-21,M015,25588
2025-12-21,M016,20879
2025-12-21,M017,31120
2025-12-21,M018,27370
2025-12-21,M019,26848
2025-12-21,M020,37471
2025-12-21,M021,37384
2025-12-21,M022,19649
2025-12-21,M023,28510
2025-12-21,M024,38825
2025-12-21,M025,40106
2025-12-21,M026,24537
2025-12-21,M027,37519
2025-12-21,M028,38994
2025-12-21,M029,36758
2025-12-21,M030,30751
2025-12-21,M031,25935
2025-12-21,M032,31501
2025-12-21,M033,49660
2025-12-21,M034,38557
2025-12-21,M035,56971
2025-12-21,M036,30824
2025-12-21,M037,34106
2025-12-21,M038,26141
2025-12-21,M039,44132
2025-12-21,M040,53560
2025-12-21,M041,46495
2025-12-21,M042,42334
2025-12-21,M043,29990
2025-12-21,M044,38535
2025-12-21,M045,63623
2025-12-21,M046,27266
2025-12-21,M047,44522
2025-12-21,M048,53017
2025-12-22,M001,7423
2025-12-22,M002,17606
2025-12-22,M003,15749
2025-12-22,M004,37343
2025-12-22,M005,24583
2025-12-22,M006,30937
2025-12-22,M007,21370
2025-12-22,M008,26955
2025-12-22,M009,16067
2025-12-22,M010,33732
2025-12-22,M011,19682
2025-12-22,M012,43789
2025-12-22,M013,20634
2025-12-22,M014,43229
2025-12-22,M015,21468
2025-12-22,M016,34782
2025-12-22,M017,20220
2025-12-22,M018,47268
2025-12-22,M019,25564
2025-12-22,M020,56338
2025-12-22,M021,20606
2025-12-22,M022,32580
2025-12-22,M023,28769
2025-12-22,M024,63674
2025-12-22,M025,26971
2025-12-22,M026,34812
2025-12-22,M027,32658
2025-12-22,M028,59288
2025-12-22,M029,24340
2025-12-22,M030,55364
2025-12-22,M031,23798
2025-12-22,M032,51224
2025-12-22,M033,29873
2025-12-22,M034,57218
2025-12-22,M035,52149
2025-12-22,M036,53378
2025-12-22,M037,18372
2025-12-22,M038,41592
2025-12-22,M039,40476
2025-12-22,M040,82372
2025-12-22,M041,28932
2025-12-22,M042,66434
2025-12-22,M043,30040
2025-12-22,M044,58888
2025-12-22,M045,34589
2025-12-22,M046,46599
2025-12-22,M047,43948
2025-12-22,M048,78045
2025-12-23,M001,9596
2025-12-23,M002,15173
2025-12-23,M003,22043
2025-12-23,M004,22056
2025-12-23,M005,29767
2025-12-23,M006,33126
2025-12-23,M007,29386
2025-12-23,M008,15733
2025-12-23,M009,22823
2025-12-23,M010,31343
2025-12-23,M011,29190
2025-12-23,M012,29453
2025-12-23,M013,28679
2025-12-23,M014,40938
2025-12-23,M015,33166
2025-12-23,M016,21155
2025-12-23,M017,28967
2025-12-23,M018,42569
2025-12-23,M019,35328
2025-12-23,M020,32778
2025-12-23,M021,32462
2025-12-23,M022,27423
2025-12-23,M023,38186
2025-12-23,M024,36737
2025-12-23,M025,34176
2025-12-23,M026,35748
2025-12-23,M027,43180
2025-12-23,M028,37454
2025-12-23,M029,31103
2025-12-23,M030,46356
2025-12-23,M031,32020
2025-12-23,M032,31413
2025-12-23,M033,41263
2025-12-23,M034,52279
2025-12-23,M035,68167
2025-12-23,M036,30105
2025-12-23,M037,26468
2025-12-23,M038,40520
2025-12-23,M039,47911
2025-12-23,M040,50110
2025-12-23,M041,45744
2025-12-23,M042,64067
2025-12-23,M043,37324
2025-12-23,M044,39795
2025-12-23,M045,47606
2025-12-23,M046,41630
2025-12-23,M047,59548
2025-12-23,M048,52085
2025-12-24,M001,14469
2025-12-24,M002,14722
2025-12-24,M003,19227
2025-12-24,M004,21420
2025-12-24,M005,39720
2025-12-24,M006,26252
2025-12-24,M007,28279
2025-12-24,M008,14603
2025-12-24,M009,29808
2025-12-24,M010,26946
2025-12-24,M011,25009
2025-12-24,M012,23352
2025-12-24,M013,36872
2025-12-24,M014,35326
2025-12-24,M015,29750
2025-12-24,M016,17673
2025-12-24,M017,40106
2025-12-24,M018,36878
2025-12-24,M019,32591
2025-12-24,M020,31915
2025-12-24,M021,36949
2025-12-24,M022,23058
2025-12-24,M023,35919
2025-12-24,M024,30753
2025-12-24,M025,43553
2025-12-24,M026,31820
2025-12-24,M027,40249
2025-12-24,M028,33912
2025-12-24,M029,42950
2025-12-24,M030,44276
2025-12-24,M031,25740
2025-12-24,M032,25830
2025-12-24,M033,56726
2025-12-24,M034,50693
2025-12-24,M035,64676
2025-12-24,M036,27609
2025-12-24,M037,36015
2025-12-24,M038,35013
2025-12-24,M039,46301
2025-12-24,M040,44410
2025-12-24,M041,55175
2025-12-24,M042,53180
2025-12-24,M043,37799
2025-12-24,M044,34991
2025-12-24,M045,65419
2025-12-24,M046,35532
2025-12-24,M047,49211
2025-12-24,M048,46554
2025-12-25,M001,13939
2025-12-25,M002,11725
2025-12-25,M003,21598
2025-12-25,M004,27034
2025-12-25,M005,44130
2025-12-25,M006,22680
2025-12-25,M007,25097
2025-12-25,M008,17845
2025-12-25,M009,31567
2025-12-25,M010,22499
2025-12-25,M011,26404
2025-12-25,M012,33918
2025-12-25,M013,36998
2025-12-25,M014,29827
2025-12-25,M015,25677
2025-12-25,M016,25312
2025-12-25,M017,39392
2025-12-25,M018,30096
2025-12-25,M019,30834
2025-12-25,M020,37592
2025-12-25,M021,41260
2025-12-25,M022,20267
2025-12-25,M023,32136
2025-12-25,M024,42239
2025-12-25,M025,44251
2025-12-25,M026,23423
2025-12-25,M027,40819
2025-12-25,M028,42566
2025-12-25,M029,47120
2025-12-25,M030,38244
2025-12-25,M031,28040
2025-12-25,M032,35811
2025-12-25,M033,52405
2025-12-25,M034,45742
2025-12-25,M035,68466
2025-12-25,M036,33490
2025-12-25,M037,33443
2025-12-25,M038,27666
2025-12-25,M039,45827
2025-12-25,M040,55995
2025-12-25,M041,52444
2025-12-25,M042,43462
2025-12-25,M043,34986
2025-12-25,M044,41441
2025-12-25,M045,61169
2025-12-25,M046,32139
2025-12-25,M047,49783
2025-12-25,M048,62690
2025-12-26,M001,7500
2025-12-26,M002,17803
2025-12-26,M003,18442
2025-12-26,M004,38870
2025-12-26,M005,21874
2025-12-26,M006,34269
2025-12-26,M007,22584
2025-12-26,M008,24832
2025-12-26,M009,18146
2025-12-26,M010,31356
2025-12-26,M011,19872
2025-12-26,M012,44128
2025-12-26,M013,19624
2025-12-26,M014,42779
2025-12-26,M015,23191
2025-12-26,M016,34143
2025-12-26,M017,22346
2025-12-26,M018,42719
2025-12-26,M019,26978
2025-12-26,M020,51855
2025-12-26,M021,21363
2025-12-26,M022,30875
2025-12-26,M023,26829
2025-12-26,M024,59764
2025-12-26,M025,23468
2025-12-26,M026,37216
2025-12-26,M027,31474
2025-12-26,M028,58267
2025-12-26,M029,24613
2025-12-26,M030,50697
2025-12-26,M031,20768
2025-12-26,M032,47490
2025-12-26,M033,29600
2025-12-26,M034,56607
2025-12-26,M035,51237
2025-12-26,M036,53080
2025-12-26,M037,18477
2025-12-26,M038,43391
2025-12-26,M039,41112
2025-12-26,M040,73446
2025-12-26,M041,31902
2025-12-26,M042,67652
2025-12-26,M043,31495
2025-12-26,M044,58941
2025-12-26,M045,36918
2025-12-26,M046,43602
2025-12-26,M047,44042
2025-12-26,M048,88348
2025-12-27,M001,9759
2025-12-27,M002,14452
2025-12-27,M003,22280
2025-12-27,M004,19863
2025-12-27,M005,30353
2025-12-27,M006,29621
2025-12-27,M007,25448
2025-12-27,M008,15667
2025-12-27,M009,22309
2025-12-27,M010,29033
2025-12-27,M011,23904
2025-12-27,M012,24025
2025-12-27,M013,25153
2025-12-27,M014,35938
2025-12-27,M015,29664
2025-12-27,M016,17140
2025-12-27,M017,25619
2025-12-27,M018,38256
2025-12-27,M019,31365
2025-12-27,M020,30664
2025-12-27,M021,29265
2025-12-27,M022,23788
2025-12-27,M023,34417
2025-12-27,M024,32034
2025-12-27,M025,31129
2025-12-27,M026,29172
2025-12-27,M027,41812
2025-12-27,M028,31951
2025-12-27,M029,29789
2025-12-27,M030,40420
2025-12-27,M031,25432
2025-12-27,M032,25281
2025-12-27,M033,37382
2025-12-27,M034,46644
2025-12-27,M035,68773
2025-12-27,M036,27277
2025-12-27,M037,25232
2025-12-27,M038,38023
2025-12-27,M039,49625
2025-12-27,M040,44988
2025-12-27,M041,38529
2025-12-27,M042,50485
2025-12-27,M043,36214
2025-12-27,M044,36359
2025-12-27,M045,44039
2025-12-27,M046,38166
2025-12-27,M047,48655
2025-12-27,M048,45881
2025-12-28,M001,12558
2025-12-28,M002,13401
2025-12-28,M003,17737
2025-12-28,M004,18030
2025-12-28,M005,36052
2025-12-28,M006,26748
2025-12-28,M007,23669
2025-12-28,M008,13286
2025-12-28,M009,28412
2025-12-28,M010,23510
2025-12-28,M011,21758
2025-12-28,M012,21385
2025-12-28,M013,32694
2025-12-28,M014,30471
2025-12-28,M015,23067
2025-12-28,M016,16188
2025-12-28,M017,31968
2025-12-28,M018,35331
2025-12-28,M019,28972
2025-12-28,M020,26495
2025-12-28,M021,35732
2025-12-28,M022,23349
2025-12-28,M023,32090
2025-12-28,M024,27622
2025-12-28,M025,42825
2025-12-28,M026,28456
2025-12-28,M027,37980
2025-12-28,M028,32885
2025-12-28,M029,40444
2025-12-28,M030,37357
2025-12-28,M031,25082
2025-12-28,M032,22562
2025-12-28,M033,44038
2025-12-28,M034,45753
2025-12-28,M035,54703
2025-12-28,M036,24094
2025-12-28,M037,34088
2025-12-28,M038,32657
2025-12-28,M039,41982
2025-12-28,M040,41383
2025-12-28,M041,49103
2025-12-28,M042,46700
2025-12-28,M043,30737
2025-12-28,M044,29216
2025-12-28,M045,64807
2025-12-28,M046,31791
2025-12-28,M047,44507
2025-12-28,M048,41684
2025-12-29,M001,13765
2025-12-29,M002,13099
2025-12-29,M003,19152
2025-12-29,M004,25530
2025-12-29,M005,44314
2025-12-29,M006,24983
2025-12-29,M007,26018
2025-12-29,M008,19461
2025-12-29,M009,33062
2025-12-29,M010,25207
2025-12-29,M011,25958
2025-12-29,M012,30837
2025-12-29,M013,37448
2025-12-29,M014,30418
2025-12-29,M015,29140
2025-12-29,M016,23156
2025-12-29,M017,35359
2025-12-29,M018,33325
2025-12-29,M019,32289
2025-12-29,M020,36492
2025-12-29,M021,37558
2025-12-29,M022,19633
2025-12-29,M023,34399
2025-12-29,M024,41378
2025-12-29,M025,44417
2025-12-29,M026,27027
2025-12-29,M027,40733
2025-12-29,M028,45919
2025-12-29,M029,42820
2025-12-29,M030,37454
2025-12-29,M031,28361
2025-12-29,M032,36020
2025-12-29,M033,55468
2025-12-29,M034,40911
2025-12-29,M035,58619
2025-12-29,M036,35723
2025-12-29,M037,35289
2025-12-29,M038,29556
2025-12-29,M039,43510
2025-12-29,M040,58466
2025-12-29,M041,51402
2025-12-29,M042,43864
2025-12-29,M043,35638
2025-12-29,M044,40941
2025-12-29,M045,62869
2025-12-29,M046,33163
2025-12-29,M047,52335
2025-12-29,M048,60567
2025-12-30,M001,7462
2025-12-30,M002,17460
2025-12-30,M003,16330
2025-12-30,M004,39168
2025-12-30,M005,21957
2025-12-30,M006,32324
2025-12-30,M007,20507
2025-12-30,M008,25636
2025-12-30,M009,17205
2025-12-30,M010,33829
2025-12-30,M011,19832
2025-12-30,M012,42010
2025-12-30,M013,18342
2025-12-30,M014,39432
2025-12-30,M015,22765
2025-12-30,M016,30957
2025-12-30,M017,20377
2025-12-30,M018,44640
2025-12-30,M019,24958
2025-12-30,M020,53636
2025-12-30,M021,21061
2025-12-30,M022,30317
2025-12-30,M023,30023
2025-12-30,M024,57602
2025-12-30,M025,23539
2025-12-30,M026,36477
2025-12-30,M027,33939
2025-12-30,M028,65823
2025-12-30,M029,25543
2025-12-30,M030,53613
2025-12-30,M031,21045
2025-12-30,M032,44361
2025-12-30,M033,30210
2025-12-30,M034,56738
2025-12-30,M035,57836
2025-12-30,M036,55139
2025-12-30,M037,20606
2025-12-30,M038,40429
2025-12-30,M039,39166
2025-12-30,M040,74444
2025-12-30,M041,30116
2025-12-30,M042,63760
2025-12-30,M043,28033
2025-12-30,M044,66270
2025-12-30,M045,39285
2025-12-30,M046,44752
2025-12-30,M047,39048
2025-12-30,M048,80268
2025-12-31,M001,10437
2025-12-31,M002,15013
2025-12-31,M003,25031
2025-12-31,M004,23650
2025-12-31,M005,33848
2025-12-31,M006,29570
2025-12-31,M007,32264
2025-12-31,M008,15263
2025-12-31,M009,23065
2025-12-31,M010,32366
2025-12-31,M011,26721
2025-12-31,M012,29004
2025-12-31,M013,28723
2025-12-31,M014,41102
2025-12-31,M015,31590
2025-12-31,M016,19995
2025-12-31,M017,27307
2025-12-31,M018,44011
2025-12-31,M019,37096
2025-12-31,M020,32399
2025-12-31,M021,32286
2025-12-31,M022,27797
2025-12-31,M023,39538
2025-12-31,M024,34848
2025-12-31,M025,32508
2025-12-31,M026,32988
2025-12-31,M027,47725
2025-12-31,M028,39226
2025-12-31,M029,35772
2025-12-31,M030,50586
2025-12-31,M031,31398
2025-12-31,M032,27672
2025-12-31,M033,38182
2025-12-31,M034,55614
2025-12-31,M035,68424
2025-12-31,M036,31963
2025-12-31,M037,28645
2025-12-31,M038,42158
2025-12-31,M039,55375
2025-12-31,M040,48790
2025-12-31,M041,45120
2025-12-31,M042,57035
2025-12-31,M043,40582
2025-12-31,M044,38017
2025-12-31,M045,52194
2025-12-31,M046,45228
2025-12-31,M047,55576
2025-12-31,M048,50796
2026-01-01,M001,16037
2026-01-01,M002,12884
2026-01-01,M003,21925
2026-01-01,M004,31168
2026-01-01,M005,47956
2026-01-01,M006,27730
2026-01-01,M007,29582
2026-01-01,M008,21841
2026-01-01,M009,32831
2026-01-01,M010,27671
2026-01-01,M011,29159
2026-01-01,M012,38165
2026-01-01,M013,41959
2026-01-01,M014,31009
2026-01-01,M015,30536
2026-01-01,M016,25027
2026-01-01,M017,41586
2026-01-01,M018,36435
2026-01-01,M019,32255
2026-01-01,M020,42550
2026-01-01,M021,41076
2026-01-01,M022,25409
2026-01-01,M023,40163
2026-01-01,M024,47901
2026-01-01,M025,47720
2026-01-01,M026,28361
2026-01-01,M027,41210
2026-01-01,M028,49686
2026-01-01,M029,47634
2026-01-01,M030,41451
2026-01-01,M031,28642
2026-01-01,M032,38169
2026-01-01,M033,58729
2026-01-01,M034,46309
2026-01-01,M035,68985
2026-01-01,M036,39441
2026-01-01,M037,41961
2026-01-01,M038,35208
2026-01-01,M039,52651
2026-01-01,M040,67318
2026-01-01,M041,65707
2026-01-01,M042,48875
2026-01-01,M043,37142
2026-01-01,M044,50783
2026-01-01,M045,76109
2026-01-01,M046,34938
2026-01-01,M047,55883
2026-01-01,M048,62887
2026-01-02,M001,8260
2026-01-02,M002,19736
2026-01-02,M003,18784
2026-01-02,M004,43845
2026-01-02,M005,24908
2026-01-02,M006,34560
2026-01-02,M007,26508
2026-01-02,M008,32227
2026-01-02,M009,20177
2026-01-02,M010,37793
2026-01-02,M011,24863
2026-01-02,M012,51374
2026-01-02,M013,22722
2026-01-02,M014,50959
2026-01-02,M015,27570
2026-01-02,M016,35279
2026-01-02,M017,22371
2026-01-02,M018,48157
2026-01-02,M019,28248
2026-01-02,M020,61364
2026-01-02,M021,25298
2026-01-02,M022,33308
2026-01-02,M023,29376
2026-01-02,M024,67766
2026-01-02,M025,27660
2026-01-02,M026,41426
2026-01-02,M027,39005
2026-01-02,M028,70841
2026-01-02,M029,26699
2026-01-02,M030,58765
2026-01-02,M031,23767
2026-01-02,M032,50320
2026-01-02,M033,30242
2026-01-02,M034,70239
2026-01-02,M035,61666
2026-01-02,M036,53867
2026-01-02,M037,23511
2026-01-02,M038,44616
2026-01-02,M039,45538
2026-01-02,M040,89105
2026-01-02,M041,33595
2026-01-02,M042,76217
2026-01-02,M043,32090
2026-01-02,M044,65395
2026-01-02,M045,44339
2026-01-02,M046,51158
2026-01-02,M047,43696
2026-01-02,M048,94948
2026-01-03,M001,10497
2026-01-03,M002,17643
2026-01-03,M003,24523
2026-01-03,M004,25194
2026-01-03,M005,33738
2026-01-03,M006,31330
2026-01-03,M007,28383
2026-01-03,M008,17446
2026-01-03,M009,23875
2026-01-03,M010,32589
2026-01-03,M011,28639
2026-01-03,M012,27616
2026-01-03,M013,27679
2026-01-03,M014,39676
2026-01-03,M015,31825
2026-01-03,M016,19228
2026-01-03,M017,31119
2026-01-03,M018,40672
2026-01-03,M019,38707
2026-01-03,M020,34598
2026-01-03,M021,32228
2026-01-03,M022,27215
2026-01-03,M023,39317
2026-01-03,M024,36825
2026-01-03,M025,33537
2026-01-03,M026,33244
2026-01-03,M027,46295
2026-01-03,M028,37473
2026-01-03,M029,36461
2026-01-03,M030,46964
2026-01-03,M031,33044
2026-01-03,M032,30366
2026-01-03,M033,40822
2026-01-03,M034,52456
2026-01-03,M035,69943
2026-01-03,M036,32791
2026-01-03,M037,28369
2026-01-03,M038,37449
2026-01-03,M039,53318
2026-01-03,M040,50401
2026-01-03,M041,42080
2026-01-03,M042,56649
2026-01-03,M043,41559
2026-01-03,M044,35829
2026-01-03,M045,53582
2026-01-03,M046,42422
2026-01-03,M047,60508
2026-01-03,M048,50589
2026-01-04,M001,14707
2026-01-04,M002,14607
2026-01-04,M003,22045
2026-01-04,M004,21237
2026-01-04,M005,41033
2026-01-04,M006,27770
2026-01-04,M007,27525
2026-01-04,M008,15407
2026-01-04,M009,34005
2026-01-04,M010,26155
2026-01-04,M011,27076
2026-01-04,M012,26361
2026-01-04,M013,35003
2026-01-04,M014,35270
2026-01-04,M015,28687
2026-01-04,M016,19492
2026-01-04,M017,39666
2026-01-04,M018,37157
2026-01-04,M019,30459
2026-01-04,M020,31265
2026-01-04,M021,40659
2026-01-04,M022,26778
2026-01-04,M023,36778
2026-01-04,M024,35574
2026-01-04,M025,47910
2026-01-04,M026,28631
2026-01-04,M027,43238
2026-01-04,M028,36674
2026-01-04,M029,45120
2026-01-04,M030,42145
2026-01-04,M031,29245
2026-01-04,M032,29072
2026-01-04,M033,53202
2026-01-04,M034,48657
2026-01-04,M035,65855
2026-01-04,M036,29058
2026-01-04,M037,34985
2026-01-04,M038,38455
2026-01-04,M039,48430
2026-01-04,M040,46787
2026-01-04,M041,58898
2026-01-04,M042,51459
2026-01-04,M043,35169
2026-01-04,M044,36821
2026-01-04,M045,72663
2026-01-04,M046,40226
2026-01-04,M047,48218
2026-01-04,M048,45064
2026-01-05,M001,15061
2026-01-05,M002,12839
2026-01-05,M003,24280
2026-01-05,M004,27793
2026-01-05,M005,46504
2026-01-05,M006,24838
2026-01-05,M007,28470
2026-01-05,M008,22455
2026-01-05,M009,33222
2026-01-05,M010,27201
2026-01-05,M011,28363
2026-01-05,M012,37847
2026-01-05,M013,38544
2026-01-05,M014,32906
2026-01-05,M015,30517
2026-01-05,M016,28065
2026-01-05,M017,45067
2026-01-05,M018,35374
2026-01-05,M019,34902
2026-01-05,M020,45742
2026-01-05,M021,47499
2026-01-05,M022,25164
2026-01-05,M023,39004
2026-01-05,M024,44481
2026-01-05,M025,49735
2026-01-05,M026,29892
2026-01-05,M027,47475
2026-01-05,M028,45942
2026-01-05,M029,47887
2026-01-05,M030,42016
2026-01-05,M031,28482
2026-01-05,M032,37293
2026-01-05,M033,56187
2026-01-05,M034,48410
2026-01-05,M035,68075
2026-01-05,M036,40758
2026-01-05,M037,39762
2026-01-05,M038,34618
2026-01-05,M039,48753
2026-01-05,M040,60542
2026-01-05,M041,57866
2026-01-05,M042,49455
2026-01-05,M043,38174
2026-01-05,M044,49440
2026-01-05,M045,69572
2026-01-05,M046,35324
2026-01-05,M047,56270
2026-01-05,M048,62494
2026-01-06,M001,7703
2026-01-06,M002,20672
2026-01-06,M003,18128
2026-01-06,M004,38936
2026-01-06,M005,27656
2026-01-06,M006,34697
2026-01-06,M007,26645
2026-01-06,M008,30743
2026-01-06,M009,18567
2026-01-06,M010,38408
2026-01-06,M011,22564
2026-01-06,M012,54162
2026-01-06,M013,20355
2026-01-06,M014,44914
2026-01-06,M015,24014
2026-01-06,M016,38720
2026-01-06,M017,22306
2026-01-06,M018,50302
2026-01-06,M019,30029
2026-01-06,M020,61031
2026-01-06,M021,25707
2026-01-06,M022,33245
2026-01-06,M023,30145
2026-01-06,M024,69780
2026-01-06,M025,27659
2026-01-06,M026,42622
2026-01-06,M027,39404
2026-01-06,M028,66130
2026-01-06,M029,29473
2026-01-06,M030,62456
2026-01-06,M031,24372
2026-01-06,M032,57652
2026-01-06,M033,34454
2026-01-06,M034,68866
2026-01-06,M035,62954
2026-01-06,M036,60423
2026-01-06,M037,21612
2026-01-06,M038,48304
2026-01-06,M039,41507
2026-01-06,M040,85548
2026-01-06,M041,32821
2026-01-06,M042,73328
2026-01-06,M043,32441
2026-01-06,M044,66656
2026-01-06,M045,42630
2026-01-06,M046,49884
2026-01-06,M047,45224
2026-01-06,M048,94230
2026-01-07,M001,11125
2026-01-07,M002,17716
2026-01-07,M003,25118
2026-01-07,M004,27482
2026-01-07,M005,34129
2026-01-07,M006,33015
2026-01-07,M007,33501
2026-01-07,M008,18467
2026-01-07,M009,25516
2026-01-07,M010,32171
2026-01-07,M011,30772
2026-01-07,M012,33338
2026-01-07,M013,32127
2026-01-07,M014,44464
2026-01-07,M015,32764
2026-01-07,M016,22662
2026-01-07,M017,31169
2026-01-07,M018,45358
2026-01-07,M019,38110
2026-01-07,M020,35507
2026-01-07,M021,32559
2026-01-07,M022,29961
2026-01-07,M023,39666
2026-01-07,M024,42310
2026-01-07,M025,36535
2026-01-07,M026,40414
2026-01-07,M027,54025
2026-01-07,M028,44956
2026-01-07,M029,35607
2026-01-07,M030,56050
2026-01-07,M031,34723
2026-01-07,M032,32680
2026-01-07,M033,47959
2026-01-07,M034,62842
2026-01-07,M035,86474
2026-01-07,M036,35526
2026-01-07,M037,30184
2026-01-07,M038,43946
2026-01-07,M039,55666
2026-01-07,M040,50969
2026-01-07,M041,51201
2026-01-07,M042,64635
2026-01-07,M043,42193
2026-01-07,M044,40247
2026-01-07,M045,56221
2026-01-07,M046,50249
2026-01-07,M047,59672
2026-01-07,M048,55561
2026-01-08,M001,15128
2026-01-08,M002,17505
2026-01-08,M003,23561
2026-01-08,M004,22190
2026-01-08,M005,49960
2026-01-08,M006,30152
2026-01-08,M007,30033
2026-01-08,M008,15841
2026-01-08,M009,33179
2026-01-08,M010,32812
2026-01-08,M011,29113
2026-01-08,M012,27681
2026-01-08,M013,37500
2026-01-08,M014,40855
2026-01-08,M015,30896
2026-01-08,M016,20900
2026-01-08,M017,42097
2026-01-08,M018,44142
2026-01-08,M019,37315
2026-01-08,M020,33459
2026-01-08,M021,48121
2026-01-08,M022,28666
2026-01-08,M023,39836
2026-01-08,M024,38624
2026-01-08,M025,49945
2026-01-08,M026,35931
2026-01-08,M027,47287
2026-01-08,M028,40371
2026-01-08,M029,50251
2026-01-08,M030,47593
2026-01-08,M031,31678
2026-01-08,M032,27872
2026-01-08,M033,61482
2026-01-08,M034,57785
2026-01-08,M035,73658
2026-01-08,M036,33907
2026-01-08,M037,39528
2026-01-08,M038,37912
2026-01-08,M039,48920
2026-01-08,M040,48010
2026-01-08,M041,59940
2026-01-08,M042,61862
2026-01-08,M043,40502
2026-01-08,M044,41669
2026-01-08,M045,72824
2026-01-08,M046,41663
2026-01-08,M047,51688
2026-01-08,M048,55322
2026-01-09,M001,15666
2026-01-09,M002,13571
2026-01-09,M003,23328
2026-01-09,M004,30483
2026-01-09,M005,45660
2026-01-09,M006,27571
2026-01-09,M007,31620
2026-01-09,M008,21033
2026-01-09,M009,32311
2026-01-09,M010,26322
2026-01-09,M011,28326
2026-01-09,M012,37216
2026-01-09,M013,39268
2026-01-09,M014,30572
2026-01-09,M015,30624
2026-01-09,M016,27344
2026-01-09,M017,43880
2026-01-09,M018,34495
2026-01-09,M019,36597
2026-01-09,M020,46291
2026-01-09,M021,46894
2026-01-09,M022,24496
2026-01-09,M023,38745
2026-01-09,M024,46869
2026-01-09,M025,49196
2026-01-09,M026,27121
2026-01-09,M027,43861
2026-01-09,M028,48332
2026-01-09,M029,52575
2026-01-09,M030,38451
2026-01-09,M031,30176
2026-01-09,M032,36771
2026-01-09,M033,59897
2026-01-09,M034,44838
2026-01-09,M035,76622
2026-01-09,M036,38519
2026-01-09,M037,37258
2026-01-09,M038,34467
2026-01-09,M039,53960
2026-01-09,M040,64944
2026-01-09,M041,66103
2026-01-09,M042,48756
2026-01-09,M043,37236
2026-01-09,M044,47190
2026-01-09,M045,79597
2026-01-09,M046,33825
2026-01-09,M047,54896
2026-01-09,M048,72134
2026-01-10,M001,8112
2026-01-10,M002,18337
2026-01-10,M003,16672
2026-01-10,M004,35767
2026-01-10,M005,24012
2026-01-10,M006,34551
2026-01-10,M007,23959
2026-01-10,M008,28255
2026-01-10,M009,18225
2026-01-10,M010,34283
2026-01-10,M011,22277
2026-01-10,M012,43519
2026-01-10,M013,21380
2026-01-10,M014,45683
2026-01-10,M015,24471
2026-01-10,M016,33998
2026-01-10,M017,19796
2026-01-10,M018,47534
2026-01-10,M019,27999
2026-01-10,M020,55024
2026-01-10,M021,22671
2026-01-10,M022,28660
2026-01-10,M023,30692
2026-01-10,M024,59912
2026-01-10,M025,26291
2026-01-10,M026,37390
2026-01-10,M027,33963
2026-01-10,M028,59728
2026-01-10,M029,23235
2026-01-10,M030,56588
2026-01-10,M031,24017
2026-01-10,M032,46293
2026-01-10,M033,28151
2026-01-10,M034,63895
2026-01-10,M035,54686
2026-01-10,M036,54333
2026-01-10,M037,18756
2026-01-10,M038,44837
2026-01-10,M039,40199
2026-01-10,M040,85643
2026-01-10,M041,30311
2026-01-10,M042,67160
2026-01-10,M043,28594
2026-01-10,M044,59272
2026-01-10,M045,40445
2026-01-10,M046,43746
2026-01-10,M047,39135
2026-01-10,M048,82290
2026-01-11,M001,10899
2026-01-11,M002,15249
2026-01-11,M003,23028
2026-01-11,M004,22115
2026-01-11,M005,33297
2026-01-11,M006,32098
2026-01-11,M007,29283
2026-01-11,M008,15700
2026-01-11,M009,22730
2026-01-11,M010,33397
2026-01-11,M011,30079
2026-01-11,M012,29468
2026-01-11,M013,27811
2026-01-11,M014,41919
2026-01-11,M015,32366
2026-01-11,M016,22151
2026-01-11,M017,29034
2026-01-11,M018,39132
2026-01-11,M019,34064
2026-01-11,M020,32694
2026-01-11,M021,30186
2026-01-11,M022,30195
2026-01-11,M023,39902
2026-01-11,M024,35950
2026-01-11,M025,38010
2026-01-11,M026,32507
2026-01-11,M027,45480
2026-01-11,M028,39446
2026-01-11,M029,36799
2026-01-11,M030,52244
2026-01-11,M031,31578
2026-01-11,M032,29401
2026-01-11,M033,40351
2026-01-11,M034,53776
2026-01-11,M035,72539
2026-01-11,M036,29936
2026-01-11,M037,26042
2026-01-11,M038,37056
2026-01-11,M039,55294
2026-01-11,M040,51106
2026-01-11,M041,45100
2026-01-11,M042,58899
2026-01-11,M043,43270
2026-01-11,M044,38617
2026-01-11,M045,53008
2026-01-11,M046,42609
2026-01-11,M047,58621
2026-01-11,M048,55961
2026-01-12,M001,14406
2026-01-12,M002,15094
2026-01-12,M003,24083
2026-01-12,M004,23349
2026-01-12,M005,48595
2026-01-12,M006,31980
2026-01-12,M007,30899
2026-01-12,M008,15529
2026-01-12,M009,32636
2026-01-12,M010,31874
2026-01-12,M011,27720
2026-01-12,M012,27449
2026-01-12,M013,42424
2026-01-12,M014,39162
2026-01-12,M015,29090
2026-01-12,M016,19617
2026-01-12,M017,45743
2026-01-12,M018,42879
2026-01-12,M019,33917
2026-01-12,M020,33355
2026-01-12,M021,44537
2026-01-12,M022,30019
2026-01-12,M023,38421
2026-01-12,M024,39234
2026-01-12,M025,48591
2026-01-12,M026,34267
2026-01-12,M027,43371
2026-01-12,M028,38589
2026-01-12,M029,53537
2026-01-12,M030,48010
2026-01-12,M031,31651
2026-01-12,M032,30787
2026-01-12,M033,58499
2026-01-12,M034,53074
2026-01-12,M035,68624
2026-01-12,M036,31986
2026-01-12,M037,41986
2026-01-12,M038,39643
2026-01-12,M039,53453
2026-01-12,M040,52367
2026-01-12,M041,65786
2026-01-12,M042,61060
2026-01-12,M043,39275
2026-01-12,M044,38081
2026-01-12,M045,80708
2026-01-12,M046,40959
2026-01-12,M047,53174
2026-01-12,M048,56677
2026-01-13,M001,15596
2026-01-13,M002,12855
2026-01-13,M003,24328
2026-01-13,M004,32390
2026-01-13,M005,46415
2026-01-13,M006,25673
2026-01-13,M007,28474
2026-01-13,M008,19752
2026-01-13,M009,34864
2026-01-13,M010,25458
2026-01-13,M011,28937
2026-01-13,M012,34325
2026-01-13,M013,38323
2026-01-13,M014,33588
2026-01-13,M015,29709
2026-01-13,M016,24884
2026-01-13,M017,41263
2026-01-13,M018,34739
2026-01-13,M019,34556
2026-01-13,M020,41069
2026-01-13,M021,43067
2026-01-13,M022,22547
2026-01-13,M023,35029
2026-01-13,M024,47155
2026-01-13,M025,53074
2026-01-13,M026,28183
2026-01-13,M027,40836
2026-01-13,M028,50478
2026-01-13,M029,52161
2026-01-13,M030,40937
2026-01-13,M031,32001
2026-01-13,M032,38333
2026-01-13,M033,60545
2026-01-13,M034,50858
2026-01-13,M035,70124
2026-01-13,M036,40609
2026-01-13,M037,41974
2026-01-13,M038,31454
2026-01-13,M039,48201
2026-01-13,M040,60138
2026-01-13,M041,60517
2026-01-13,M042,52059
2026-01-13,M043,39319
2026-01-13,M044,51235
2026-01-13,M045,69705
2026-01-13,M046,34617
2026-01-13,M047,56852
2026-01-13,M048,68538
2026-01-14,M001,8292
2026-01-14,M002,20010
2026-01-14,M003,18446
2026-01-14,M004,41046
2026-01-14,M005,24974
2026-01-14,M006,39278
2026-01-14,M007,25492
2026-01-14,M008,32350
2026-01-14,M009,19524
2026-01-14,M010,35657
2026-01-14,M011,23021
2026-01-14,M012,50833
2026-01-14,M013,20467
2026-01-14,M014,45788
2026-01-14,M015,25933
2026-01-14,M016,37962
2026-01-14,M017,23956
2026-01-14,M018,49062
2026-01-14,M019,27104
2026-01-14,M020,63293
2026-01-14,M021,24177
2026-01-14,M022,34108
2026-01-14,M023,31804
2026-01-14,M024,66452
2026-01-14,M025,30579
2026-01-14,M026,38248
2026-01-14,M027,38843
2026-01-14,M028,72394
2026-01-14,M029,26673
2026-01-14,M030,57444
2026-01-14,M031,25819
2026-01-14,M032,53045
2026-01-14,M033,30475
2026-01-14,M034,67704
2026-01-14,M035,62710
2026-01-14,M036,58267
2026-01-14,M037,23686
2026-01-14,M038,45893
2026-01-14,M039,41898
2026-01-14,M040,86526
2026-01-14,M041,32852
2026-01-14,M042,70582
2026-01-14,M043,34912
2026-01-14,M044,70566
2026-01-14,M045,38924
2026-01-14,M046,50574
2026-01-14,M047,44746
2026-01-14,M048,95651
2026-01-15,M001,11860
2026-01-15,M002,18568
2026-01-15,M003,24550
2026-01-15,M004,27541
2026-01-15,M005,33214
2026-01-15,M006,36578
2026-01-15,M007,36139
2026-01-15,M008,20017
2026-01-15,M009,25396
2026-01-15,M010,34852
2026-01-15,M011,33875
2026-01-15,M012,30737
2026-01-15,M013,29330
2026-01-15,M014,40836
2026-01-15,M015,37209
2026-01-15,M016,23023
2026-01-15,M017,31149
2026-01-15,M018,50291
2026-01-15,M019,42919
2026-01-15,M020,37379
2026-01-15,M021,34395
2026-01-15,M022,31835
2026-01-15,M023,45859
2026-01-15,M024,42008
2026-01-15,M025,38768
2026-01-15,M026,36564
2026-01-15,M027,48015
2026-01-15,M028,39799
2026-01-15,M029,35053
2026-01-15,M030,56119
2026-01-15,M031,36037
2026-01-15,M032,31103
2026-01-15,M033,44610
2026-01-15,M034,63780
2026-01-15,M035,78870
2026-01-15,M036,35225
2026-01-15,M037,30144
2026-01-15,M038,42510
2026-01-15,M039,59320
2026-01-15,M040,57175
2026-01-15,M041,49627
2026-01-15,M042,68761
2026-01-15,M043,43174
2026-01-15,M044,41476
2026-01-15,M045,60826
2026-01-15,M046,48235
2026-01-15,M047,60837
2026-01-15,M048,54517
2026-01-16,M001,14121
2026-01-16,M002,16189
2026-01-16,M003,21744
2026-01-16,M004,23999
2026-01-16,M005,46051
2026-01-16,M006,30223
2026-01-16,M007,27985
2026-01-16,M008,16937
2026-01-16,M009,37706
2026-01-16,M010,32090
2026-01-16,M011,28433
2026-01-16,M012,29615
2026-01-16,M013,39888
2026-01-16,M014,38400
2026-01-16,M015,31885
2026-01-16,M016,20901
2026-01-16,M017,40482
2026-01-16,M018,40868
2026-01-16,M019,33907
2026-01-16,M020,35580
2026-01-16,M021,42406
2026-01-16,M022,26228
2026-01-16,M023,38457
2026-01-16,M024,37471
2026-01-16,M025,52647
2026-01-16,M026,34141
2026-01-16,M027,42799
2026-01-16,M028,37025
2026-01-16,M029,50924
2026-01-16,M030,48653
2026-01-16,M031,30601
2026-01-16,M032,27769
2026-01-16,M033,63777
2026-01-16,M034,60622
2026-01-16,M035,68943
2026-01-16,M036,30081
2026-01-16,M037,38914
2026-01-16,M038,37213
2026-01-16,M039,52089
2026-01-16,M040,50245
2026-01-16,M041,58689
2026-01-16,M042,58319
2026-01-16,M043,41842
2026-01-16,M044,38798
2026-01-16,M045,79306
2026-01-16,M046,41281
2026-01-16,M047,54594
2026-01-16,M048,53643
2026-01-17,M001,13067
2026-01-17,M002,13279
2026-01-17,M003,20400
2026-01-17,M004,27820
2026-01-17,M005,41671
2026-01-17,M006,22997
2026-01-17,M007,27961
2026-01-17,M008,20201
2026-01-17,M009,30016
2026-01-17,M010,25457
2026-01-17,M011,26805
2026-01-17,M012,32621
2026-01-17,M013,32750
2026-01-17,M014,32012
2026-01-17,M015,29652
2026-01-17,M016,23188
2026-01-17,M017,39664
2026-01-17,M018,32790
2026-01-17,M019,32715
2026-01-17,M020,38367
2026-01-17,M021,40015
2026-01-17,M022,20508
2026-01-17,M023,31670
2026-01-17,M024,42009
2026-01-17,M025,45429
2026-01-17,M026,24704
2026-01-17,M027,38118
2026-01-17,M028,41191
2026-01-17,M029,43706
2026-01-17,M030,38454
2026-01-17,M031,25750
2026-01-17,M032,32562
2026-01-17,M033,52661
2026-01-17,M034,44698
2026-01-17,M035,69582
2026-01-17,M036,39027
2026-01-17,M037,33726
2026-01-17,M038,31799
2026-01-17,M039,47420
2026-01-17,M040,53199
2026-01-17,M041,55120
2026-01-17,M042,47806
2026-01-17,M043,33283
2026-01-17,M044,42376
2026-01-17,M045,61727
2026-01-17,M046,34002
2026-01-17,M047,47547
2026-01-17,M048,59877
2026-01-18,M001,7109
2026-01-18,M002,18671
2026-01-18,M003,18645
2026-01-18,M004,41009
2026-01-18,M005,22513
2026-01-18,M006,35330
2026-01-18,M007,23188
2026-01-18,M008,28978
2026-01-18,M009,18459
2026-01-18,M010,31221
2026-01-18,M011,20320
2026-01-18,M012,44496
2026-01-18,M013,20580
2026-01-18,M014,40422
2026-01-18,M015,23564
2026-01-18,M016,32929
2026-01-18,M017,20899
2026-01-18,M018,44183
2026-01-18,M019,27124
2026-01-18,M020,53350
2026-01-18,M021,21512
2026-01-18,M022,31110
2026-01-18,M023,29382
2026-01-18,M024,62698
2026-01-18,M025,24546
2026-01-18,M026,37986
2026-01-18,M027,33487
2026-01-18,M028,66387
2026-01-18,M029,26849
2026-01-18,M030,49233
2026-01-18,M031,22337
2026-01-18,M032,49154
2026-01-18,M033,30738
2026-01-18,M034,57680
2026-01-18,M035,51928
2026-01-18,M036,51978
2026-01-18,M037,21143
2026-01-18,M038,41604
2026-01-18,M039,37343
2026-01-18,M040,78590
2026-01-18,M041,32952
2026-01-18,M042,62295
2026-01-18,M043,27979
2026-01-18,M044,63825
2026-01-18,M045,35693
2026-01-18,M046,46584
2026-01-18,M047,42640
2026-01-18,M048,92797
2026-01-19,M001,11031
2026-01-19,M002,18945
2026-01-19,M003,26739
2026-01-19,M004,25702
2026-01-19,M005,35051
2026-01-19,M006,36906
2026-01-19,M007,34369
2026-01-19,M008,19664
2026-01-19,M009,26173
2026-01-19,M010,34372
2026-01-19,M011,30566
2026-01-19,M012,30289
2026-01-19,M013,28951
2026-01-19,M014,44000
2026-01-19,M015,33824
2026-01-19,M016,24846
2026-01-19,M017,32794
2026-01-19,M018,45860
2026-01-19,M019,37738
2026-01-19,M020,36781
2026-01-19,M021,32271
2026-01-19,M022,33269
2026-01-19,M023,42161
2026-01-19,M024,42892
2026-01-19,M025,36218
2026-01-19,M026,39756
2026-01-19,M027,54155
2026-01-19,M028,42949
2026-01-19,M029,36356
2026-01-19,M030,56973
2026-01-19,M031,35341
2026-01-19,M032,33832
2026-01-19,M033,47735
2026-01-19,M034,60597
2026-01-19,M035,85914
2026-01-19,M036,35203
2026-01-19,M037,30809
2026-01-19,M038,41755
2026-01-19,M039,56520
2026-01-19,M040,54189
2026-01-19,M041,47702
2026-01-19,M042,70841
2026-01-19,M043,47897
2026-01-19,M044,41559
2026-01-19,M045,54546
2026-01-19,M046,47497
2026-01-19,M047,60471
2026-01-19,M048,60837
2026-01-20,M001,15782
2026-01-20,M002,16588
2026-01-20,M003,23663
2026-01-20,M004,23491
2026-01-20,M005,51351
2026-01-20,M006,29979
2026-01-20,M007,31339
2026-01-20,M008,16488
2026-01-20,M009,32501
2026-01-20,M010,29003
2026-01-20,M011,28181
2026-01-20,M012,29129
2026-01-20,M013,41138
2026-01-20,M014,38953
2026-01-20,M015,33268
2026-01-20,M016,19589
2026-01-20,M017,45155
2026-01-20,M018,44562
2026-01-20,M019,32686
2026-01-20,M020,33634
2026-01-20,M021,42268
2026-01-20,M022,28839
2026-01-20,M023,39000
2026-01-20,M024,35876
2026-01-20,M025,50359
2026-01-20,M026,34285
2026-01-20,M027,45145
2026-01-20,M028,37586
2026-01-20,M029,51308
2026-01-20,M030,51434
2026-01-20,M031,31866
2026-01-20,M032,30674
2026-01-20,M033,61184
2026-01-20,M034,57561
2026-01-20,M035,76242
2026-01-20,M036,30146
2026-01-20,M037,39358
2026-01-20,M038,38085
2026-01-20,M039,55219
2026-01-20,M040,45262
2026-01-20,M041,63242
2026-01-20,M042,64768
2026-01-20,M043,37534
2026-01-20,M044,40222
2026-01-20,M045,81506
2026-01-20,M046,42925
2026-01-20,M047,51731
2026-01-20,M048,49355
2026-01-21,M001,13777
2026-01-21,M002,13828
2026-01-21,M003,21956
2026-01-21,M004,27649
2026-01-21,M005,44172
2026-01-21,M006,26380
2026-01-21,M007,29284
2026-01-21,M008,20004
2026-01-21,M009,35556
2026-01-21,M010,27027
2026-01-21,M011,28818
2026-01-21,M012,32913
2026-01-21,M013,41665
2026-01-21,M014,34896
2026-01-21,M015,31719
2026-01-21,M016,28425
2026-01-21,M017,44304
2026-01-21,M018,33678
2026-01-21,M019,36015
2026-01-21,M020,43693
2026-01-21,M021,42409
2026-01-21,M022,24920
2026-01-21,M023,39145
2026-01-21,M024,45123
2026-01-21,M025,49428
2026-01-21,M026,27756
2026-01-21,M027,46730
2026-01-21,M028,51646
2026-01-21,M029,52558
2026-01-21,M030,42348
2026-01-21,M031,27826
2026-01-21,M032,35877
2026-01-21,M033,61413
2026-01-21,M034,46323
2026-01-21,M035,74038
2026-01-21,M036,43380
2026-01-21,M037,42973
2026-01-21,M038,32403
2026-01-21,M039,53810
2026-01-21,M040,66649
2026-01-21,M041,66339
2026-01-21,M042,48225
2026-01-21,M043,41811
2026-01-21,M044,47305
2026-01-21,M045,68777
2026-01-21,M046,34199
2026-01-21,M047,56613
2026-01-21,M048,72330
2026-01-22,M001,8319
2026-01-22,M002,20125
2026-01-22,M003,20633
2026-01-22,M004,39447
2026-01-22,M005,24025
2026-01-22,M006,37556
2026-01-22,M007,26429
2026-01-22,M008,29288
2026-01-22,M009,19017
2026-01-22,M010,37984
2026-01-22,M011,23864
2026-01-22,M012,48418
2026-01-22,M013,23136
2026-01-22,M014,48085
2026-01-22,M015,26632
2026-01-22,M016,38776
2026-01-22,M017,22071
2026-01-22,M018,48000
2026-01-22,M019,27709
2026-01-22,M020,66246
2026-01-22,M021,23367
2026-01-22,M022,36351
2026-01-22,M023,31502
2026-01-22,M024,66227
2026-01-22,M025,27410
2026-01-22,M026,40497
2026-01-22,M027,38604
2026-01-22,M028,69934
2026-01-22,M029,25856
2026-01-22,M030,62384
2026-01-22,M031,26926
2026-01-22,M032,52807
2026-01-22,M033,30893
2026-01-22,M034,72223
2026-01-22,M035,57369
2026-01-22,M036,59371
2026-01-22,M037,23929
2026-01-22,M038,47420
2026-01-22,M039,45343
2026-01-22,M040,82552
2026-01-22,M041,35764
2026-01-22,M042,70530
2026-01-22,M043,34053
2026-01-22,M044,65642
2026-01-22,M045,38717
2026-01-22,M046,54363
2026-01-22,M047,46601
2026-01-22,M048,90222
2026-01-23,M001,11294
2026-01-23,M002,17195
2026-01-23,M003,25937
2026-01-23,M004,24156
2026-01-23,M005,36399
2026-01-23,M006,34476
2026-01-23,M007,36247
2026-01-23,M008,17694
2026-01-23,M009,25285
2026-01-23,M010,36135
2026-01-23,M011,29633
2026-01-23,M012,33086
2026-01-23,M013,30357
2026-01-23,M014,44225
2026-01-23,M015,37501
2026-01-23,M016,21298
2026-01-23,M017,32003
2026-01-23,M018,45602
2026-01-23,M019,41221
2026-01-23,M020,38664
2026-01-23,M021,32871
2026-01-23,M022,32346
2026-01-23,M023,40007
2026-01-23,M024,40383
2026-01-23,M025,41658
2026-01-23,M026,35239
2026-01-23,M027,49107
2026-01-23,M028,43101
2026-01-23,M029,36264
2026-01-23,M030,56755
2026-01-23,M031,35603
2026-01-23,M032,34616
2026-01-23,M033,47215
2026-01-23,M034,58090
2026-01-23,M035,86837
2026-01-23,M036,37840
2026-01-23,M037,30683
2026-01-23,M038,41070
2026-01-23,M039,54011
2026-01-23,M040,55305
2026-01-23,M041,49969
2026-01-23,M042,64098
2026-01-23,M043,43137
2026-01-23,M044,46209
2026-01-23,M045,58569
2026-01-23,M046,45561
2026-01-23,M047,64596
2026-01-23,M048,56757
2026-01-24,M001,14460
2026-01-24,M002,14387
2026-01-24,M003,20285
2026-01-24,M004,20164
2026-01-24,M005,44419
2026-01-24,M006,26841
2026-01-24,M007,29181
2026-01-24,M008,15860
2026-01-24,M009,32161
2026-01-24,M010,30091
2026-01-24,M011,25040
2026-01-24,M012,24974
2026-01-24,M013,35063
2026-01-24,M014,34928
2026-01-24,M015,27734
2026-01-24,M016,17689
2026-01-24,M017,38703
2026-01-24,M018,35215
2026-01-24,M019,33668
2026-01-24,M020,32438
2026-01-24,M021,38836
2026-01-24,M022,24753
2026-01-24,M023,34879
2026-01-24,M024,34927
2026-01-24,M025,47335
2026-01-24,M026,28338
2026-01-24,M027,40423
2026-01-24,M028,37129
2026-01-24,M029,46281
2026-01-24,M030,46868
2026-01-24,M031,28643
2026-01-24,M032,28511
2026-01-24,M033,53122
2026-01-24,M034,47916
2026-01-24,M035,62725
2026-01-24,M036,30260
2026-01-24,M037,37777
2026-01-24,M038,34358
2026-01-24,M039,44029
2026-01-24,M040,43925
2026-01-24,M041,56651
2026-01-24,M042,50403
2026-01-24,M043,37281
2026-01-24,M044,37621
2026-01-24,M045,72582
2026-01-24,M046,39661
2026-01-24,M047,51475
2026-01-24,M048,45923
2026-01-25,M001,12818
2026-01-25,M002,12612
2026-01-25,M003,20484
2026-01-25,M004,29173
2026-01-25,M005,40505
2026-01-25,M006,24646
2026-01-25,M007,26512
2026-01-25,M008,19912
2026-01-25,M009,28677
2026-01-25,M010,22605
2026-01-25,M011,26593
2026-01-25,M012,30053
2026-01-25,M013,34626
2026-01-25,M014,27906
2026-01-25,M015,26139
2026-01-25,M016,25232
2026-01-25,M017,39891
2026-01-25,M018,30775
2026-01-25,M019,32494
2026-01-25,M020,39588
2026-01-25,M021,40433
2026-01-25,M022,21962
2026-01-25,M023,32859
2026-01-25,M024,45104
2026-01-25,M025,45770
2026-01-25,M026,26632
2026-01-25,M027,38048
2026-01-25,M028,45454
2026-01-25,M029,45448
2026-01-25,M030,36940
2026-01-25,M031,28671
2026-01-25,M032,34198
2026-01-25,M033,52867
2026-01-25,M034,43045
2026-01-25,M035,65852
2026-01-25,M036,35831
2026-01-25,M037,33936
2026-01-25,M038,30810
2026-01-25,M039,48637
2026-01-25,M040,59674
2026-01-25,M041,55210
2026-01-25,M042,48150
2026-01-25,M043,38441
2026-01-25,M044,41963
2026-01-25,M045,71450
2026-01-25,M046,31748
2026-01-25,M047,46136
2026-01-25,M048,59186
2026-01-26,M001,8808
2026-01-26,M002,18933
2026-01-26,M003,19550
2026-01-26,M004,39840
2026-01-26,M005,24210
2026-01-26,M006,38002
2026-01-26,M007,25336
2026-01-26,M008,30139
2026-01-26,M009,18019
2026-01-26,M010,39377
2026-01-26,M011,22228
2026-01-26,M012,53065
2026-01-26,M013,22744
2026-01-26,M014,46840
2026-01-26,M015,25911
2026-01-26,M016,39615
2026-01-26,M017,23278
2026-01-26,M018,54207
2026-01-26,M019,27839
2026-01-26,M020,61791
2026-01-26,M021,26425
2026-01-26,M022,33004
2026-01-26,M023,31088
2026-01-26,M024,65427
2026-01-26,M025,27235
2026-01-26,M026,41870
2026-01-26,M027,36894
2026-01-26,M028,68809
2026-01-26,M029,26511
2026-01-26,M030,62186
2026-01-26,M031,26828
2026-01-26,M032,52092
2026-01-26,M033,33610
2026-01-26,M034,67263
2026-01-26,M035,59322
2026-01-26,M036,61825
2026-01-26,M037,22404
2026-01-26,M038,46544
2026-01-26,M039,46015
2026-01-26,M040,94871
2026-01-26,M041,34240
2026-01-26,M042,74679
2026-01-26,M043,32660
2026-01-26,M044,68000
2026-01-26,M045,44186
2026-01-26,M046,49595
2026-01-26,M047,44996
2026-01-26,M048,88907
2026-01-27,M001,10674
2026-01-27,M002,19309
2026-01-27,M003,24314
2026-01-27,M004,25169
2026-01-27,M005,33452
2026-01-27,M006,32386
2026-01-27,M007,33406
2026-01-27,M008,19500
2026-01-27,M009,24966
2026-01-27,M010,32311
2026-01-27,M011,29248
2026-01-27,M012,28677
2026-01-27,M013,31655
2026-01-27,M014,42506
2026-01-27,M015,35830
2026-01-27,M016,24079
2026-01-27,M017,34612
2026-01-27,M018,43478
2026-01-27,M019,40756
2026-01-27,M020,37068
2026-01-27,M021,33904
2026-01-27,M022,30494
2026-01-27,M023,40507
2026-01-27,M024,41320
2026-01-27,M025,38831
2026-01-27,M026,38427
2026-01-27,M027,53666
2026-01-27,M028,41633
2026-01-27,M029,36349
2026-01-27,M030,53522
2026-01-27,M031,31905
2026-01-27,M032,31356
2026-01-27,M033,48125
2026-01-27,M034,58409
2026-01-27,M035,86687
2026-01-27,M036,35977
2026-01-27,M037,29222
2026-01-27,M038,44381
2026-01-27,M039,60131
2026-01-27,M040,50454
2026-01-27,M041,45940
2026-01-27,M042,71118
2026-01-27,M043,44906
2026-01-27,M044,45576
2026-01-27,M045,59319
2026-01-27,M046,48118
2026-01-27,M047,59538
2026-01-27,M048,58698
2026-01-28,M001,16075
2026-01-28,M002,15293
2026-01-28,M003,21670
2026-01-28,M004,23381
2026-01-28,M005,44576
2026-01-28,M006,31300
2026-01-28,M007,31996
2026-01-28,M008,17297
2026-01-28,M009,34355
2026-01-28,M010,29210
2026-01-28,M011,29641
2026-01-28,M012,25882
2026-01-28,M013,41604
2026-01-28,M014,40056
2026-01-28,M015,30378
2026-01-28,M016,21251
2026-01-28,M017,42865
2026-01-28,M018,41816
2026-01-28,M019,33873
2026-01-28,M020,36088
2026-01-28,M021,47504
2026-01-28,M022,26720
2026-01-28,M023,40141
2026-01-28,M024,37993
2026-01-28,M025,49137
2026-01-28,M026,33685
2026-01-28,M027,44652
2026-01-28,M028,39868
2026-01-28,M029,54111
2026-01-28,M030,49833
2026-01-28,M031,30985
2026-01-28,M032,31634
2026-01-28,M033,59042
2026-01-28,M034,52144
2026-01-28,M035,73386
2026-01-28,M036,32090
2026-01-28,M037,38180
2026-01-28,M038,39073
2026-01-28,M039,49465
2026-01-28,M040,51385
2026-01-28,M041,59368
2026-01-28,M042,59696
2026-01-28,M043,42179
2026-01-28,M044,36039
2026-01-28,M045,81179
2026-01-28,M046,41089
2026-01-28,M047,58850
2026-01-28,M048,52432
2026-01-29,M001,15883
2026-01-29,M002,14138
2026-01-29,M003,21760
2026-01-29,M004,28443
2026-01-29,M005,49877
2026-01-29,M006,25946
2026-01-29,M007,29011
2026-01-29,M008,20433
2026-01-29,M009,32032
2026-01-29,M010,25478
2026-01-29,M011,27357
2026-01-29,M012,37326
2026-01-29,M013,40836
2026-01-29,M014,33117
2026-01-29,M015,30432
2026-01-29,M016,24930
2026-01-29,M017,39389
2026-01-29,M018,34609
2026-01-29,M019,32039
2026-01-29,M020,41296
2026-01-29,M021,43405
2026-01-29,M022,25363
2026-01-29,M023,39678
2026-01-29,M024,44441
2026-01-29,M025,53160
2026-01-29,M026,27293
2026-01-29,M027,45490
2026-01-29,M028,46616
2026-01-29,M029,50735
2026-01-29,M030,42810
2026-01-29,M031,30783
2026-01-29,M032,37825
2026-01-29,M033,54766
2026-01-29,M034,50952
2026-01-29,M035,70366
2026-01-29,M036,37992
2026-01-29,M037,40632
2026-01-29,M038,32967
2026-01-29,M039,48844
2026-01-29,M040,62496
2026-01-29,M041,57302
2026-01-29,M042,50191
2026-01-29,M043,42083
2026-01-29,M044,47159
2026-01-29,M045,78191
2026-01-29,M046,34423
2026-01-29,M047,51764
2026-01-29,M048,62685
2026-01-30,M001,8141
2026-01-30,M002,18191
2026-01-30,M003,20433
2026-01-30,M004,41508
2026-01-30,M005,25751
2026-01-30,M006,37786
2026-01-30,M007,25907
2026-01-30,M008,31101
2026-01-30,M009,19042
2026-01-30,M010,39161
2026-01-30,M011,24152
2026-01-30,M012,52399
2026-01-30,M013,20437
2026-01-30,M014,48074
2026-01-30,M015,27904
2026-01-30,M016,40518
2026-01-30,M017,24380
2026-01-30,M018,51810
2026-01-30,M019,30824
2026-01-30,M020,56871
2026-01-30,M021,25203
2026-01-30,M022,32501
2026-01-30,M023,32571
2026-01-30,M024,66405
2026-01-30,M025,26394
2026-01-30,M026,39240
2026-01-30,M027,36829
2026-01-30,M028,68208
2026-01-30,M029,29176
2026-01-30,M030,57395
2026-01-30,M031,24979
2026-01-30,M032,57782
2026-01-30,M033,34409
2026-01-30,M034,69874
2026-01-30,M035,61527
2026-01-30,M036,58521
2026-01-30,M037,24075
2026-01-30,M038,49938
2026-01-30,M039,45226
2026-01-30,M040,93281
2026-01-30,M041,33867
2026-01-30,M042,70026
2026-01-30,M043,30836
2026-01-30,M044,65728
2026-01-30,M045,44804
2026-01-30,M046,51087
2026-01-30,M047,44517
2026-01-30,M048,92871
2026-01-31,M001,10592
2026-01-31,M002,15424
2026-01-31,M003,23900
2026-01-31,M004,21729
2026-01-31,M005,31791
2026-01-31,M006,32784
2026-01-31,M007,32858
2026-01-31,M008,17823
2026-01-31,M009,22719
2026-01-31,M010,32333
2026-01-31,M011,29684
2026-01-31,M012,29294
2026-01-31,M013,28562
2026-01-31,M014,38083
2026-01-31,M015,31237
2026-01-31,M016,20972
2026-01-31,M017,26716
2026-01-31,M018,44617
2026-01-31,M019,36629
2026-01-31,M020,34037
2026-01-31,M021,28375
2026-01-31,M022,28933
2026-01-31,M023,40896
2026-01-31,M024,38745
2026-01-31,M025,35495
2026-01-31,M026,36389
2026-01-31,M027,45950
2026-01-31,M028,39682
2026-01-31,M029,32529
2026-01-31,M030,49680
2026-01-31,M031,31796
2026-01-31,M032,30116
2026-01-31,M033,39760
2026-01-31,M034,60676
2026-01-31,M035,73701
2026-01-31,M036,30382
2026-01-31,M037,27300
2026-01-31,M038,41835
2026-01-31,M039,55713
2026-01-31,M040,48767
2026-01-31,M041,40532
2026-01-31,M042,56768
2026-01-31,M043,39300
2026-01-31,M044,38158
2026-01-31,M045,51947
2026-01-31,M046,42319
2026-01-31,M047,57215
2026-01-31,M048,50367
2026-02-01,M001,13406
2026-02-01,M002,13885
2026-02-01,M003,22667
2026-02-01,M004,28669
2026-02-01,M005,44807
2026-02-01,M006,25988
2026-02-01,M007,27935
2026-02-01,M008,19121
2026-02-01,M009,33715
2026-02-01,M010,26234
2026-02-01,M011,24209
2026-02-01,M012,35361
2026-02-01,M013,39698
2026-02-01,M014,31956
2026-02-01,M015,28594
2026-02-01,M016,26862
2026-02-01,M017,42049
2026-02-01,M018,33822
2026-02-01,M019,33475
2026-02-01,M020,38541
2026-02-01,M021,43543
2026-02-01,M022,23194
2026-02-01,M023,33850
2026-02-01,M024,47006
2026-02-01,M025,51165
2026-02-01,M026,28204
2026-02-01,M027,43406
2026-02-01,M028,47289
2026-02-01,M029,47186
2026-02-01,M030,36206
2026-02-01,M031,26315
2026-02-01,M032,36526
2026-02-01,M033,56596
2026-02-01,M034,46049
2026-02-01,M035,70737
2026-02-01,M036,38536
2026-02-01,M037,39649
2026-02-01,M038,31947
2026-02-01,M039,51173
2026-02-01,M040,57402
2026-02-01,M041,61797
2026-02-01,M042,45323
2026-02-01,M043,34730
2026-02-01,M044,43389
2026-02-01,M045,65633
2026-02-01,M046,35714
2026-02-01,M047,50918
2026-02-01,M048,66114
2026-02-02,M001,8833
2026-02-02,M002,20023
2026-02-02,M003,21383
2026-02-02,M004,46454
2026-02-02,M005,27916
2026-02-02,M006,38831
2026-02-02,M007,25500
2026-02-02,M008,32920
2026-02-02,M009,20899
2026-02-02,M010,39266
2026-02-02,M011,24443
2026-02-02,M012,50308
2026-02-02,M013,21578
2026-02-02,M014,52108
2026-02-02,M015,27539
2026-02-02,M016,39148
2026-02-02,M017,25718
2026-02-02,M018,50273
2026-02-02,M019,30452
2026-02-02,M020,59884
2026-02-02,M021,23796
2026-02-02,M022,36905
2026-02-02,M023,31437
2026-02-02,M024,66724
2026-02-02,M025,27304
2026-02-02,M026,39578
2026-02-02,M027,36273
2026-02-02,M028,70847
2026-02-02,M029,29208
2026-02-02,M030,63577
2026-02-02,M031,26950
2026-02-02,M032,58041
2026-02-02,M033,33291
2026-02-02,M034,72897
2026-02-02,M035,63115
2026-02-02,M036,57178
2026-02-02,M037,21404
2026-02-02,M038,47957
2026-02-02,M039,44471
2026-02-02,M040,87397
2026-02-02,M041,36138
2026-02-02,M042,77687
2026-02-02,M043,32883
2026-02-02,M044,67424
2026-02-02,M045,43917
2026-02-02,M046,52730
2026-02-02,M047,50146
2026-02-02,M048,102799
2026-02-03,M001,12144
2026-02-03,M002,18972
2026-02-03,M003,26031
2026-02-03,M004,26270
2026-02-03,M005,39845
2026-02-03,M006,37722
2026-02-03,M007,33115
2026-02-03,M008,18152
2026-02-03,M009,25362
2026-02-03,M010,36177
2026-02-03,M011,33799
2026-02-03,M012,29855
2026-02-03,M013,31471
2026-02-03,M014,43667
2026-02-03,M015,34562
2026-02-03,M016,25514
2026-02-03,M017,32279
2026-02-03,M018,46032
2026-02-03,M019,44140
2026-02-03,M020,38947
2026-02-03,M021,33753
2026-02-03,M022,30184
2026-02-03,M023,42973
2026-02-03,M024,41222
2026-02-03,M025,39561
2026-02-03,M026,36912
2026-02-03,M027,55771
2026-02-03,M028,42892
2026-02-03,M029,42032
2026-02-03,M030,52277
2026-02-03,M031,32978
2026-02-03,M032,36286
2026-02-03,M033,49047
2026-02-03,M034,68823
2026-02-03,M035,81708
2026-02-03,M036,36435
2026-02-03,M037,30690
2026-02-03,M038,48225
2026-02-03,M039,61733
2026-02-03,M040,52686
2026-02-03,M041,50196
2026-02-03,M042,74929
2026-02-03,M043,43868
2026-02-03,M044,45458
2026-02-03,M045,60596
2026-02-03,M046,51483
2026-02-03,M047,65857
2026-02-03,M048,61325
2026-02-04,M001,16116
2026-02-04,M002,16225
2026-02-04,M003,23441
2026-02-04,M004,23757
2026-02-04,M005,48521
2026-02-04,M006,32268
2026-02-04,M007,29166
2026-02-04,M008,18422
2026-02-04,M009,33449
2026-02-04,M010,31011
2026-02-04,M011,26760
2026-02-04,M012,30574
2026-02-04,M013,41571
2026-02-04,M014,37956
2026-02-04,M015,29916
2026-02-04,M016,23231
2026-02-04,M017,46268
2026-02-04,M018,41955
2026-02-04,M019,38957
2026-02-04,M020,36382
2026-02-04,M021,43326
2026-02-04,M022,30272
2026-02-04,M023,36424
2026-02-04,M024,38897
2026-02-04,M025,52515
2026-02-04,M026,34925
2026-02-04,M027,46526
2026-02-04,M028,42094
2026-02-04,M029,53497
2026-02-04,M030,47596
2026-02-04,M031,32501
2026-02-04,M032,32025
2026-02-04,M033,61831
2026-02-04,M034,55012
2026-02-04,M035,72351
2026-02-04,M036,33714
2026-02-04,M037,44032
2026-02-04,M038,41720
2026-02-04,M039,52659
2026-02-04,M040,48719
2026-02-04,M041,67744
2026-02-04,M042,67150
2026-02-04,M043,38385
2026-02-04,M044,39282
2026-02-04,M045,73573
2026-02-04,M046,43027
2026-02-04,M047,56002
2026-02-04,M048,55851
2026-02-05,M001,15080
2026-02-05,M002,14041
2026-02-05,M003,25368
2026-02-05,M004,32150
2026-02-05,M005,48221
2026-02-05,M006,25733
2026-02-05,M007,32824
2026-02-05,M008,22393
2026-02-05,M009,32914
2026-02-05,M010,29012
2026-02-05,M011,28424
2026-02-05,M012,35099
2026-02-05,M013,39279
2026-02-05,M014,34374
2026-02-05,M015,32992
2026-02-05,M016,25972
2026-02-05,M017,40964
2026-02-05,M018,36348
2026-02-05,M019,36533
2026-02-05,M020,47516
2026-02-05,M021,45349
2026-02-05,M022,24963
2026-02-05,M023,37886
2026-02-05,M024,50899
2026-02-05,M025,56911
2026-02-05,M026,29764
2026-02-05,M027,47158
2026-02-05,M028,47596
2026-02-05,M029,51010
2026-02-05,M030,39435
2026-02-05,M031,31008
2026-02-05,M032,37973
2026-02-05,M033,62043
2026-02-05,M034,45642
2026-02-05,M035,73068
2026-02-05,M036,40134
2026-02-05,M037,38147
2026-02-05,M038,36485
2026-02-05,M039,56643
2026-02-05,M040,68824
2026-02-05,M041,59264
2026-02-05,M042,51471
2026-02-05,M043,42340
2026-02-05,M044,51877
2026-02-05,M045,81753
2026-02-05,M046,36286
2026-02-05,M047,61275
2026-02-05,M048,73160
2026-02-06,M001,9193
2026-02-06,M002,19110
2026-02-06,M003,19274
2026-02-06,M004,44879
2026-02-06,M005,24865
2026-02-06,M006,41522
2026-02-06,M007,25182
2026-02-06,M008,31204
2026-02-06,M009,19324
2026-02-06,M010,39561
2026-02-06,M011,25856
2026-02-06,M012,50983
2026-02-06,M013,23010
2026-02-06,M014,46113
2026-02-06,M015,27784
2026-02-06,M016,36433
2026-02-06,M017,22750
2026-02-06,M018,53452
2026-02-06,M019,31300
2026-02-06,M020,68249
2026-02-06,M021,26014
2026-02-06,M022,34786
2026-02-06,M023,30698
2026-02-06,M024,73563
2026-02-06,M025,30717
2026-02-06,M026,39842
2026-02-06,M027,35755
2026-02-06,M028,76374
2026-02-06,M029,26948
2026-02-06,M030,59743
2026-02-06,M031,24908
2026-02-06,M032,59841
2026-02-06,M033,32595
2026-02-06,M034,72503
2026-02-06,M035,61948
2026-02-06,M036,59334
2026-02-06,M037,22902
2026-02-06,M038,46232
2026-02-06,M039,46503
2026-02-06,M040,93952
2026-02-06,M041,38662
2026-02-06,M042,70069
2026-02-06,M043,32590
2026-02-06,M044,75710
2026-02-06,M045,43140
2026-02-06,M046,51174
2026-02-06,M047,50505
2026-02-06,M048,103740
2026-02-07,M001,11182
2026-02-07,M002,17530
2026-02-07,M003,24296
2026-02-07,M004,23432
2026-02-07,M005,35208
2026-02-07,M006,31500
2026-02-07,M007,33885
2026-02-07,M008,16402
2026-02-07,M009,24019
2026-02-07,M010,33521
2026-02-07,M011,30530
2026-02-07,M012,30476
2026-02-07,M013,28731
2026-02-07,M014,40466
2026-02-07,M015,31925
2026-02-07,M016,20769
2026-02-07,M017,29299
2026-02-07,M018,42008
2026-02-07,M019,39133
2026-02-07,M020,33985
2026-02-07,M021,33943
2026-02-07,M022,30422
2026-02-07,M023,38584
2026-02-07,M024,39204
2026-02-07,M025,36792
2026-02-07,M026,35020
2026-02-07,M027,44426
2026-02-07,M028,38018
2026-02-07,M029,37751
2026-02-07,M030,47179
2026-02-07,M031,33298
2026-02-07,M032,29662
2026-02-07,M033,38501
2026-02-07,M034,58637
2026-02-07,M035,72060
2026-02-07,M036,35440
2026-02-07,M037,26828
2026-02-07,M038,40584
2026-02-07,M039,52432
2026-02-07,M040,53828
2026-02-07,M041,46791
2026-02-07,M042,60901
2026-02-07,M043,45011
2026-02-07,M044,42334
2026-02-07,M045,52835
2026-02-07,M046,45332
2026-02-07,M047,57011
2026-02-07,M048,52581
2026-02-08,M001,14839
2026-02-08,M002,14974
2026-02-08,M003,20956
2026-02-08,M004,21188
2026-02-08,M005,42660
2026-02-08,M006,29804
2026-02-08,M007,28504
2026-02-08,M008,16846
2026-02-08,M009,31711
2026-02-08,M010,29387
2026-02-08,M011,26952
2026-02-08,M012,25025
2026-02-08,M013,37535
2026-02-08,M014,36709
2026-02-08,M015,28360
2026-02-08,M016,18741
2026-02-08,M017,38180
2026-02-08,M018,36692
2026-02-08,M019,34788
2026-02-08,M020,33134
2026-02-08,M021,41383
2026-02-08,M022,26673
2026-02-08,M023,34451
2026-02-08,M024,34473
2026-02-08,M025,47741
2026-02-08,M026,33879
2026-02-08,M027,44558
2026-02-08,M028,33521
2026-02-08,M029,50545
2026-02-08,M030,46894
2026-02-08,M031,26108
2026-02-08,M032,26591
2026-02-08,M033,59284
2026-02-08,M034,50595
2026-02-08,M035,63814
2026-02-08,M036,28176
2026-02-08,M037,37943
2026-02-08,M038,36639
2026-02-08,M039,50890
2026-02-08,M040,43392
2026-02-08,M041,54718
2026-02-08,M042,53951
2026-02-08,M043,36041
2026-02-08,M044,37369
2026-02-08,M045,73073
2026-02-08,M046,41439
2026-02-08,M047,52801
2026-02-08,M048,49659
2026-02-09,M001,16057
2026-02-09,M002,14240
2026-02-09,M003,22219
2026-02-09,M004,28819
2026-02-09,M005,45447
2026-02-09,M006,27667
2026-02-09,M007,29558
2026-02-09,M008,23257
2026-02-09,M009,37300
2026-02-09,M010,26821
2026-02-09,M011,27374
2026-02-09,M012,35336
2026-02-09,M013,42189
2026-02-09,M014,35686
2026-02-09,M015,30574
2026-02-09,M016,28611
2026-02-09,M017,43054
2026-02-09,M018,35227
2026-02-09,M019,38615
2026-02-09,M020,43623
2026-02-09,M021,48417
2026-02-09,M022,26528
2026-02-09,M023,38493
2026-02-09,M024,47315
2026-02-09,M025,52898
2026-02-09,M026,30856
2026-02-09,M027,48223
2026-02-09,M028,53306
2026-02-09,M029,47569
2026-02-09,M030,41348
2026-02-09,M031,30441
2026-02-09,M032,41136
2026-02-09,M033,55707
2026-02-09,M034,48049
2026-02-09,M035,74460
2026-02-09,M036,45535
2026-02-09,M037,43640
2026-02-09,M038,32831
2026-02-09,M039,50578
2026-02-09,M040,60901
2026-02-09,M041,61318
2026-02-09,M042,55522
2026-02-09,M043,43194
2026-02-09,M044,52518
2026-02-09,M045,77447
2026-02-09,M046,35627
2026-02-09,M047,57550
2026-02-09,M048,64829
2026-02-10,M001,8377
2026-02-10,M002,18975
2026-02-10,M003,19562
2026-02-10,M004,45341
2026-02-10,M005,28432
2026-02-10,M006,39548
2026-02-10,M007,25156
2026-02-10,M008,29491
2026-02-10,M009,20098
2026-02-10,M010,40915
2026-02-10,M011,24466
2026-02-10,M012,54808
2026-02-10,M013,21194
2026-02-10,M014,48828
2026-02-10,M015,26480
2026-02-10,M016,41644
2026-02-10,M017,22634
2026-02-10,M018,55952
2026-02-10,M019,28793
2026-02-10,M020,63436
2026-02-10,M021,23909
2026-02-10,M022,37721
2026-02-10,M023,32642
2026-02-10,M024,67286
2026-02-10,M025,30142
2026-02-10,M026,44366
2026-02-10,M027,40611
2026-02-10,M028,77049
2026-02-10,M029,30044
2026-02-10,M030,62420
2026-02-10,M031,26956
2026-02-10,M032,57190
2026-02-10,M033,32786
2026-02-10,M034,71059
2026-02-10,M035,59153
2026-02-10,M036,54950
2026-02-10,M037,24085
2026-02-10,M038,48905
2026-02-10,M039,41135
2026-02-10,M040,89909
2026-02-10,M041,37905
2026-02-10,M042,69289
2026-02-10,M043,34598
2026-02-10,M044,69360
2026-02-10,M045,45565
2026-02-10,M046,55824
2026-02-10,M047,46137
2026-02-10,M048,103553
2026-02-11,M001,11624
2026-02-11,M002,18243
2026-02-11,M003,27789
2026-02-11,M004,25637
2026-02-11,M005,34177
2026-02-11,M006,34026
2026-02-11,M007,32914
2026-02-11,M008,19871
2026-02-11,M009,26147
2026-02-11,M010,36043
2026-02-11,M011,31740
2026-02-11,M012,31952
2026-02-11,M013,33250
2026-02-11,M014,44655
2026-02-11,M015,35473
2026-02-11,M016,24993
2026-02-11,M017,32786
2026-02-11,M018,46828
2026-02-11,M019,42556
2026-02-11,M020,39858
2026-02-11,M021,32832
2026-02-11,M022,30731
2026-02-11,M023,44367
2026-02-11,M024,40207
2026-02-11,M025,38792
2026-02-11,M026,36097
2026-02-11,M027,51106
2026-02-11,M028,42200
2026-02-11,M029,36731
2026-02-11,M030,56875
2026-02-11,M031,36369
2026-02-11,M032,33132
2026-02-11,M033,48967
2026-02-11,M034,61887
2026-02-11,M035,80319
2026-02-11,M036,36493
2026-02-11,M037,30172
2026-02-11,M038,48814
2026-02-11,M039,58126
2026-02-11,M040,58876
2026-02-11,M041,52500
2026-02-11,M042,66387
2026-02-11,M043,45221
2026-02-11,M044,47928
2026-02-11,M045,57253
2026-02-11,M046,50703
2026-02-11,M047,67529
2026-02-11,M048,55719
2026-02-12,M001,16627
2026-02-12,M002,15855
2026-02-12,M003,24704
2026-02-12,M004,24645
2026-02-12,M005,47355
2026-02-12,M006,34124
2026-02-12,M007,29152
2026-02-12,M008,16089
2026-02-12,M009,34471
2026-02-12,M010,33544
2026-02-12,M011,29017
2026-02-12,M012,29263
2026-02-12,M013,44883
2026-02-12,M014,42960
2026-02-12,M015,31463
2026-02-12,M016,20579
2026-02-12,M017,46036
2026-02-12,M018,40940
2026-02-12,M019,37891
2026-02-12,M020,37690
2026-02-12,M021,50200
2026-02-12,M022,28385
2026-02-12,M023,38955
2026-02-12,M024,36038
2026-02-12,M025,57975
2026-02-12,M026,35808
2026-02-12,M027,44547
2026-02-12,M028,39265
2026-02-12,M029,55962
2026-02-12,M030,50678
2026-02-12,M031,31870
2026-02-12,M032,30430
2026-02-12,M033,62785
2026-02-12,M034,55369
2026-02-12,M035,75573
2026-02-12,M036,35369
2026-02-12,M037,44616
2026-02-12,M038,38294
2026-02-12,M039,49322
2026-02-12,M040,53120
2026-02-12,M041,66374
2026-02-12,M042,63591
2026-02-12,M043,42615
2026-02-12,M044,39683
2026-02-12,M045,75749
2026-02-12,M046,44442
2026-02-12,M047,55329
2026-02-12,M048,56986
2026-02-13,M001,16032
2026-02-13,M002,13454
2026-02-13,M003,21760
2026-02-13,M004,30570
2026-02-13,M005,46796
2026-02-13,M006,25295
2026-02-13,M007,30539
2026-02-13,M008,22621
2026-02-13,M009,33407
2026-02-13,M010,29159
2026-02-13,M011,28810
2026-02-13,M012,36496
2026-02-13,M013,38979
2026-02-13,M014,32075
2026-02-13,M015,33462
2026-02-13,M016,25545
2026-02-13,M017,42969
2026-02-13,M018,34505
2026-02-13,M019,37530
2026-02-13,M020,43550
2026-02-13,M021,49070
2026-02-13,M022,23155
2026-02-13,M023,41259
2026-02-13,M024,47831
2026-02-13,M025,56728
2026-02-13,M026,28474
2026-02-13,M027,44980
2026-02-13,M028,50216
2026-02-13,M029,50093
2026-02-13,M030,39221
2026-02-13,M031,29549
2026-02-13,M032,40775
2026-02-13,M033,57451
2026-02-13,M034,52926
2026-02-13,M035,75288
2026-02-13,M036,41661
2026-02-13,M037,38686
2026-02-13,M038,34839
2026-02-13,M039,56511
2026-02-13,M040,65618
2026-02-13,M041,66105
2026-02-13,M042,56742
2026-02-13,M043,39599
2026-02-13,M044,48788
2026-02-13,M045,75038
2026-02-13,M046,37508
2026-02-13,M047,54146
2026-02-13,M048,70274
2026-02-14,M001,8403
2026-02-14,M002,18510
2026-02-14,M003,18026
2026-02-14,M004,37841
2026-02-14,M005,22594
2026-02-14,M006,37005
2026-02-14,M007,24381
2026-02-14,M008,30335
2026-02-14,M009,18660
2026-02-14,M010,36394
2026-02-14,M011,21626
2026-02-14,M012,50612
2026-02-14,M013,19486
2026-02-14,M014,42225
2026-02-14,M015,24257
2026-02-14,M016,35269
2026-02-14,M017,23013
2026-02-14,M018,50344
2026-02-14,M019,28242
2026-02-14,M020,62038
2026-02-14,M021,21789
2026-02-14,M022,30912
2026-02-14,M023,31641
2026-02-14,M024,59140
2026-02-14,M025,26264
2026-02-14,M026,36889
2026-02-14,M027,36176
2026-02-14,M028,62482
2026-02-14,M029,25878
2026-02-14,M030,53241
2026-02-14,M031,24260
2026-02-14,M032,51972
2026-02-14,M033,31120
2026-02-14,M034,62416
2026-02-14,M035,60347
2026-02-14,M036,49927
2026-02-14,M037,21667
2026-02-14,M038,45999
2026-02-14,M039,39227
2026-02-14,M040,76059
2026-02-14,M041,33232
2026-02-14,M042,65262
2026-02-14,M043,32189
2026-02-14,M044,62408
2026-02-14,M045,41444
2026-02-14,M046,51402
2026-02-14,M047,40198
2026-02-14,M048,94158
2026-02-15,M001,10080
2026-02-15,M002,18115
2026-02-15,M003,24912
2026-02-15,M004,25603
2026-02-15,M005,31614
2026-02-15,M006,30273
2026-02-15,M007,31373
2026-02-15,M008,18279
2026-02-15,M009,25204
2026-02-15,M010,30671
2026-02-15,M011,31422
2026-02-15,M012,29496
2026-02-15,M013,27211
2026-02-15,M014,42941
2026-02-15,M015,31694
2026-02-15,M016,21827
2026-02-15,M017,29738
2026-02-15,M018,45684
2026-02-15,M019,35573
2026-02-15,M020,34427
2026-02-15,M021,32794
2026-02-15,M022,27454
2026-02-15,M023,37304
2026-02-15,M024,40030
2026-02-15,M025,37007
2026-02-15,M026,33392
2026-02-15,M027,47817
2026-02-15,M028,41231
2026-02-15,M029,38013
2026-02-15,M030,53906
2026-02-15,M031,33984
2026-02-15,M032,29024
2026-02-15,M033,44657
2026-02-15,M034,61777
2026-02-15,M035,75227
2026-02-15,M036,30375
2026-02-15,M037,28540
2026-02-15,M038,41047
2026-02-15,M039,57454
2026-02-15,M040,53491
2026-02-15,M041,44397
2026-02-15,M042,67389
2026-02-15,M043,44923
2026-02-15,M044,42911
2026-02-15,M045,50500
2026-02-15,M046,41670
2026-02-15,M047,55617
2026-02-15,M048,53010
2026-02-16,M001,16853
2026-02-16,M002,15908
2026-02-16,M003,25072
2026-02-16,M004,25996
2026-02-16,M005,46444
2026-02-16,M006,32401
2026-02-16,M007,32829
2026-02-16,M008,18619
2026-02-16,M009,37193
2026-02-16,M010,32127
2026-02-16,M011,28395
2026-02-16,M012,29319
2026-02-16,M013,41375
2026-02-16,M014,43145
2026-02-16,M015,32059
2026-02-16,M016,22979
2026-02-16,M017,46065
2026-02-16,M018,45872
2026-02-16,M019,35194
2026-02-16,M020,34778
2026-02-16,M021,46032
2026-02-16,M022,27607
2026-02-16,M023,40275
2026-02-16,M024,40402
2026-02-16,M025,54273
2026-02-16,M026,32647
2026-02-16,M027,44566
2026-02-16,M028,38276
2026-02-16,M029,54430
2026-02-16,M030,53459
2026-02-16,M031,30151
2026-02-16,M032,29953
2026-02-16,M033,61244
2026-02-16,M034,61074
2026-02-16,M035,72989
2026-02-16,M036,31614
2026-02-16,M037,40277
2026-02-16,M038,43864
2026-02-16,M039,49803
2026-02-16,M040,50629
2026-02-16,M041,61491
2026-02-16,M042,59023
2026-02-16,M043,42897
2026-02-16,M044,38598
2026-02-16,M045,78282
2026-02-16,M046,40947
2026-02-16,M047,59439
2026-02-16,M048,56474
2026-02-17,M001,14737
2026-02-17,M002,14858
2026-02-17,M003,24654
2026-02-17,M004,33436
2026-02-17,M005,51616
2026-02-17,M006,26443
2026-02-17,M007,28602
2026-02-17,M008,22297
2026-02-17,M009,33487
2026-02-17,M010,28495
2026-02-17,M011,28578
2026-02-17,M012,38903
2026-02-17,M013,38419
2026-02-17,M014,35655
2026-02-17,M015,33111
2026-02-17,M016,26204
2026-02-17,M017,43972
2026-02-17,M018,35238
2026-02-17,M019,36793
2026-02-17,M020,48505
2026-02-17,M021,48526
2026-02-17,M022,26003
2026-02-17,M023,40645
2026-02-17,M024,48207
2026-02-17,M025,54925
2026-02-17,M026,29881
2026-02-17,M027,44064
2026-02-17,M028,48080
2026-02-17,M029,47939
2026-02-17,M030,40446
2026-02-17,M031,32158
2026-02-17,M032,42049
2026-02-17,M033,63846
2026-02-17,M034,49160
2026-02-17,M035,71561
2026-02-17,M036,45016
2026-02-17,M037,38179
2026-02-17,M038,35685
2026-02-17,M039,53662
2026-02-17,M040,60159
2026-02-17,M041,68313
2026-02-17,M042,55203
2026-02-17,M043,42360
2026-02-17,M044,48327
2026-02-17,M045,72370
2026-02-17,M046,38413
2026-02-17,M047,58539
2026-02-17,M048,73787
2026-02-18,M001,9168
2026-02-18,M002,19380
2026-02-18,M003,20366
2026-02-18,M004,41307
2026-02-18,M005,27449
2026-02-18,M006,40669
2026-02-18,M007,24679
2026-02-18,M008,32247
2026-02-18,M009,19857
2026-02-18,M010,39476
2026-02-18,M011,25855
2026-02-18,M012,52484
2026-02-18,M013,24161
2026-02-18,M014,49209
2026-02-18,M015,24771
2026-02-18,M016,39168
2026-02-18,M017,23171
2026-02-18,M018,54763
2026-02-18,M019,29000
2026-02-18,M020,63574
2026-02-18,M021,24540
2026-02-18,M022,37634
2026-02-18,M023,34358
2026-02-18,M024,70237
2026-02-18,M025,29676
2026-02-18,M026,45396
2026-02-18,M027,37112
2026-02-18,M028,75975
2026-02-18,M029,28899
2026-02-18,M030,61075
2026-02-18,M031,24625
2026-02-18,M032,59637
2026-02-18,M033,31279
2026-02-18,M034,67919
2026-02-18,M035,65136
2026-02-18,M036,61328
2026-02-18,M037,24019
2026-02-18,M038,46264
2026-02-18,M039,43927
2026-02-18,M040,87802
2026-02-18,M041,37711
2026-02-18,M042,69716
2026-02-18,M043,36225
2026-02-18,M044,74621
2026-02-18,M045,42001
2026-02-18,M046,54461
2026-02-18,M047,49707
2026-02-18,M048,98785
2026-02-19,M001,12397
2026-02-19,M002,18894
2026-02-19,M003,25342
2026-02-19,M004,25721
2026-02-19,M005,35326
2026-02-19,M006,36768
2026-02-19,M007,36347
2026-02-19,M008,18651
2026-02-19,M009,26521
2026-02-19,M010,34080
2026-02-19,M011,30407
2026-02-19,M012,31096
2026-02-19,M013,31597
2026-02-19,M014,47055
2026-02-19,M015,37720
2026-02-19,M016,22998
2026-02-19,M017,33825
2026-02-19,M018,50752
2026-02-19,M019,40988
2026-02-19,M020,36746
2026-02-19,M021,35926
2026-02-19,M022,29955
2026-02-19,M023,43119
2026-02-19,M024,44542
2026-02-19,M025,37638
2026-02-19,M026,39945
2026-02-19,M027,53346
2026-02-19,M028,40961
2026-02-19,M029,37917
2026-02-19,M030,52960
2026-02-19,M031,37006
2026-02-19,M032,33416
2026-02-19,M033,44315
2026-02-19,M034,61211
2026-02-19,M035,82784
2026-02-19,M036,35314
2026-02-19,M037,29296
2026-02-19,M038,42580
2026-02-19,M039,56979
2026-02-19,M040,58060
2026-02-19,M041,48651
2026-02-19,M042,74557
2026-02-19,M043,49934
2026-02-19,M044,46294
2026-02-19,M045,58912
2026-02-19,M046,45439
2026-02-19,M047,67686
2026-02-19,M048,59252
2026-02-20,M001,15665
2026-02-20,M002,17550
2026-02-20,M003,22729
2026-02-20,M004,23986
2026-02-20,M005,46177
2026-02-20,M006,33711
2026-02-20,M007,30536
2026-02-20,M008,16161
2026-02-20,M009,34477
2026-02-20,M010,33160
2026-02-20,M011,29680
2026-02-20,M012,28676
2026-02-20,M013,42746
2026-02-20,M014,42724
2026-02-20,M015,33930
2026-02-20,M016,22833
2026-02-20,M017,45829
2026-02-20,M018,42123
2026-02-20,M019,38244
2026-02-20,M020,35462
2026-02-20,M021,48894
2026-02-20,M022,29600
2026-02-20,M023,41748
2026-02-20,M024,37838
2026-02-20,M025,53373
2026-02-20,M026,35210
2026-02-20,M027,44089
2026-02-20,M028,40360
2026-02-20,M029,48491
2026-02-20,M030,52914
2026-02-20,M031,32933
2026-02-20,M032,32376
2026-02-20,M033,63311
2026-02-20,M034,60207
2026-02-20,M035,79281
2026-02-20,M036,33044
2026-02-20,M037,44549
2026-02-20,M038,42925
2026-02-20,M039,56288
2026-02-20,M040,48131
2026-02-20,M041,64758
2026-02-20,M042,61979
2026-02-20,M043,38464
2026-02-20,M044,43402
2026-02-20,M045,75062
2026-02-20,M046,46650
2026-02-20,M047,61754
2026-02-20,M048,58021
2026-02-21,M001,12985
2026-02-21,M002,12356
2026-02-21,M003,22829
2026-02-21,M004,27239
2026-02-21,M005,42037
2026-02-21,M006,26516
2026-02-21,M007,29665
2026-02-21,M008,19658
2026-02-21,M009,33219
2026-02-21,M010,26350
2026-02-21,M011,26226
2026-02-21,M012,32947
2026-02-21,M013,34192
2026-02-21,M014,32745
2026-02-21,M015,26432
2026-02-21,M016,22996
2026-02-21,M017,36432
2026-02-21,M018,35368
2026-02-21,M019,31397
2026-02-21,M020,42680
2026-02-21,M021,40785
2026-02-21,M022,20819
2026-02-21,M023,37374
2026-02-21,M024,44732
2026-02-21,M025,47685
2026-02-21,M026,26368
2026-02-21,M027,39047
2026-02-21,M028,49412
2026-02-21,M029,47141
2026-02-21,M030,37108
2026-02-21,M031,28746
2026-02-21,M032,36526
2026-02-21,M033,54468
2026-02-21,M034,46309
2026-02-21,M035,67795
2026-02-21,M036,38685
2026-02-21,M037,35835
2026-02-21,M038,33449
2026-02-21,M039,45850
2026-02-21,M040,59312
2026-02-21,M041,59789
2026-02-21,M042,48377
2026-02-21,M043,38184
2026-02-21,M044,45598
2026-02-21,M045,65911
2026-02-21,M046,33961
2026-02-21,M047,50723
2026-02-21,M048,68002
2026-02-22,M001,8335
2026-02-22,M002,17988
2026-02-22,M003,19019
2026-02-22,M004,40287
2026-02-22,M005,23647
2026-02-22,M006,33847
2026-02-22,M007,22226
2026-02-22,M008,28003
2026-02-22,M009,18021
2026-02-22,M010,36367
2026-02-22,M011,20906
2026-02-22,M012,43361
2026-02-22,M013,19442
2026-02-22,M014,46271
2026-02-22,M015,22566
2026-02-22,M016,34264
2026-02-22,M017,23580
2026-02-22,M018,47190
2026-02-22,M019,29236
2026-02-22,M020,61461
2026-02-22,M021,23382
2026-02-22,M022,33724
2026-02-22,M023,27993
2026-02-22,M024,63447
2026-02-22,M025,26076
2026-02-22,M026,38731
2026-02-22,M027,33357
2026-02-22,M028,65276
2026-02-22,M029,24364
2026-02-22,M030,55966
2026-02-22,M031,23673
2026-02-22,M032,46792
2026-02-22,M033,29481
2026-02-22,M034,58877
2026-02-22,M035,60183
2026-02-22,M036,53031
2026-02-22,M037,21611
2026-02-22,M038,46506
2026-02-22,M039,38909
2026-02-22,M040,81877
2026-02-22,M041,31371
2026-02-22,M042,69260
2026-02-22,M043,32296
2026-02-22,M044,68333
2026-02-22,M045,39545
2026-02-22,M046,46740
2026-02-22,M047,44717
2026-02-22,M048,92711
2026-02-23,M001,11210
2026-02-23,M002,18108
2026-02-23,M003,26833
2026-02-23,M004,25516
2026-02-23,M005,38234
2026-02-23,M006,37378
2026-02-23,M007,37703
2026-02-23,M008,19966
2026-02-23,M009,28409
2026-02-23,M010,35356
2026-02-23,M011,30347
2026-02-23,M012,34208
2026-02-23,M013,29666
2026-02-23,M014,46794
2026-02-23,M015,38954
2026-02-23,M016,23267
2026-02-23,M017,35258
2026-02-23,M018,47679
2026-02-23,M019,40510
2026-02-23,M020,40332
2026-02-23,M021,32945
2026-02-23,M022,34605
2026-02-23,M023,43334
2026-02-23,M024,44681
2026-02-23,M025,39923
2026-02-23,M026,37005
2026-02-23,M027,53012
2026-02-23,M028,43353
2026-02-23,M029,38949
2026-02-23,M030,55551
2026-02-23,M031,38364
2026-02-23,M032,34564
2026-02-23,M033,46561
2026-02-23,M034,64908
2026-02-23,M035,90781
2026-02-23,M036,35904
2026-02-23,M037,31233
2026-02-23,M038,47896
2026-02-23,M039,59355
2026-02-23,M040,59367
2026-02-23,M041,52827
2026-02-23,M042,68973
2026-02-23,M043,43475
2026-02-23,M044,43309
2026-02-23,M045,62686
2026-02-23,M046,51303
2026-02-23,M047,60219
2026-02-23,M048,62314
2026-02-24,M001,15033
2026-02-24,M002,18133
2026-02-24,M003,24582
2026-02-24,M004,25835
2026-02-24,M005,50274
2026-02-24,M006,29788
2026-02-24,M007,30887
2026-02-24,M008,18509
2026-02-24,M009,35187
2026-02-24,M010,33385
2026-02-24,M011,28353
2026-02-24,M012,30597
2026-02-24,M013,38597
2026-02-24,M014,39292
2026-02-24,M015,32132
2026-02-24,M016,22309
2026-02-24,M017,45553
2026-02-24,M018,40063
2026-02-24,M019,34505
2026-02-24,M020,36721
2026-02-24,M021,48937
2026-02-24,M022,30088
2026-02-24,M023,36385
2026-02-24,M024,35177
2026-02-24,M025,54735
2026-02-24,M026,32308
2026-02-24,M027,47907
2026-02-24,M028,37761
2026-02-24,M029,48644
2026-02-24,M030,53782
2026-02-24,M031,32290
2026-02-24,M032,31583
2026-02-24,M033,60309
2026-02-24,M034,57030
2026-02-24,M035,73950
2026-02-24,M036,33663
2026-02-24,M037,41010
2026-02-24,M038,42508
2026-02-24,M039,55494
2026-02-24,M040,49132
2026-02-24,M041,68737
2026-02-24,M042,58957
2026-02-24,M043,43289
2026-02-24,M044,41733
2026-02-24,M045,83846
2026-02-24,M046,43407
2026-02-24,M047,58389
2026-02-24,M048,50793
2026-02-25,M001,14947
2026-02-25,M002,14548
2026-02-25,M003,24057
2026-02-25,M004,30467
2026-02-25,M005,48057
2026-02-25,M006,26377
2026-02-25,M007,32015
2026-02-25,M008,22086
2026-02-25,M009,38256
2026-02-25,M010,27589
2026-02-25,M011,28237
2026-02-25,M012,38604
2026-02-25,M013,39179
2026-02-25,M014,37072
2026-02-25,M015,30224
2026-02-25,M016,27870
2026-02-25,M017,43953
2026-02-25,M018,34888
2026-02-25,M019,36310
2026-02-25,M020,48473
2026-02-25,M021,42229
2026-02-25,M022,26221
2026-02-25,M023,39530
2026-02-25,M024,49451
2026-02-25,M025,53538
2026-02-25,M026,29608
2026-02-25,M027,46327
2026-02-25,M028,52542
2026-02-25,M029,49314
2026-02-25,M030,40365
2026-02-25,M031,33432
2026-02-25,M032,39063
2026-02-25,M033,64732
2026-02-25,M034,50923
2026-02-25,M035,71598
2026-02-25,M036,42289
2026-02-25,M037,38420
2026-02-25,M038,34284
2026-02-25,M039,51223
2026-02-25,M040,66166
2026-02-25,M041,60304
2026-02-25,M042,55557
2026-02-25,M043,40393
2026-02-25,M044,52836
2026-02-25,M045,78277
2026-02-25,M046,35640
2026-02-25,M047,57622
2026-02-25,M048,66248
2026-02-26,M001,8772
2026-02-26,M002,21664
2026-02-26,M003,20824
2026-02-26,M004,42065
2026-02-26,M005,27212
2026-02-26,M006,38100
2026-02-26,M007,26006
2026-02-26,M008,29210
2026-02-26,M009,19361
2026-02-26,M010,40689
2026-02-26,M011,24434
2026-02-26,M012,53417
2026-02-26,M013,21698
2026-02-26,M014,51821
2026-02-26,M015,24928
2026-02-26,M016,36868
2026-02-26,M017,23461
2026-02-26,M018,55526
2026-02-26,M019,30832
2026-02-26,M020,64477
2026-02-26,M021,24375
2026-02-26,M022,36213
2026-02-26,M023,35049
2026-02-26,M024,68218
2026-02-26,M025,31635
2026-02-26,M026,39807
2026-02-26,M027,36151
2026-02-26,M028,74889
2026-02-26,M029,27146
2026-02-26,M030,63318
2026-02-26,M031,24817
2026-02-26,M032,58534
2026-02-26,M033,34038
2026-02-26,M034,65235
2026-02-26,M035,66709
2026-02-26,M036,59008
2026-02-26,M037,21617
2026-02-26,M038,47385
2026-02-26,M039,45308
2026-02-26,M040,93410
2026-02-26,M041,34785
2026-02-26,M042,73270
2026-02-26,M043,33714
2026-02-26,M044,77048
2026-02-26,M045,44459
2026-02-26,M046,49045
2026-02-26,M047,50907
2026-02-26,M048,95465
2026-02-27,M001,11192
2026-02-27,M002,17467
2026-02-27,M003,25447
2026-02-27,M004,26294
2026-02-27,M005,37513
2026-02-27,M006,35726
2026-02-27,M007,33778
2026-02-27,M008,18598
2026-02-27,M009,27171
2026-02-27,M010,33966
2026-02-27,M011,33754
2026-02-27,M012,32507
2026-02-27,M013,32825
2026-02-27,M014,47376
2026-02-27,M015,36449
2026-02-27,M016,23303
2026-02-27,M017,31960
2026-02-27,M018,46598
2026-02-27,M019,40951
2026-02-27,M020,39307
2026-02-27,M021,37127
2026-02-27,M022,31622
2026-02-27,M023,44806
2026-02-27,M024,44136
2026-02-27,M025,39458
2026-02-27,M026,40724
2026-02-27,M027,49471
2026-02-27,M028,45470
2026-02-27,M029,36505
2026-02-27,M030,59625
2026-02-27,M031,34006
2026-02-27,M032,34321
2026-02-27,M033,43313
2026-02-27,M034,63661
2026-02-27,M035,84134
2026-02-27,M036,38265
2026-02-27,M037,30923
2026-02-27,M038,43952
2026-02-27,M039,55684
2026-02-27,M040,55552
2026-02-27,M041,49743
2026-02-27,M042,66664
2026-02-27,M043,48683
2026-02-27,M044,46283
2026-02-27,M045,61826
2026-02-27,M046,52795
2026-02-27,M047,63451
2026-02-27,M048,58157
2026-02-28,M001,13626
2026-02-28,M002,14708
2026-02-28,M003,19809
2026-02-28,M004,23260
2026-02-28,M005,43258
2026-02-28,M006,27793
2026-02-28,M007,28565
2026-02-28,M008,15199
2026-02-28,M009,32753
2026-02-28,M010,28074
2026-02-28,M011,26231
2026-02-28,M012,28009
2026-02-28,M013,36580
2026-02-28,M014,38108
2026-02-28,M015,30406
2026-02-28,M016,20313
2026-02-28,M017,39261
2026-02-28,M018,36132
2026-02-28,M019,32692
2026-02-28,M020,29408
2026-02-28,M021,39800
2026-02-28,M022,25972
2026-02-28,M023,36772
2026-02-28,M024,32164
2026-02-28,M025,46781
2026-02-28,M026,29378
2026-02-28,M027,43046
2026-02-28,M028,37950
2026-02-28,M029,47615
2026-02-28,M030,48578
2026-02-28,M031,27922
2026-02-28,M032,28625
2026-02-28,M033,58058
2026-02-28,M034,55497
2026-02-28,M035,67253
2026-02-28,M036,31987
2026-02-28,M037,35459
2026-02-28,M038,35838
2026-02-28,M039,44262
2026-02-28,M040,46051
2026-02-28,M041,59959
2026-02-28,M042,54967
2026-02-28,M043,38675
2026-02-28,M044,37644
2026-02-28,M045,74119
2026-02-28,M046,37584
2026-02-28,M047,52281
2026-02-28,M048,49722
2026-03-01,M001,15068
2026-03-01,M002,12283
2026-03-01,M003,22459
2026-03-01,M004,27778
2026-03-01,M005,46750
2026-03-01,M006,24764
2026-03-01,M007,29310
2026-03-01,M008,21679
2026-03-01,M009,34029
2026-03-01,M010,24958
2026-03-01,M011,28423
2026-03-01,M012,32024
2026-03-01,M013,34899
2026-03-01,M014,31314
2026-03-01,M015,29515
2026-03-01,M016,24654
2026-03-01,M017,42110
2026-03-01,M018,34859
2026-03-01,M019,34476
2026-03-01,M020,43540
2026-03-01,M021,43193
2026-03-01,M022,22699
2026-03-01,M023,33975
2026-03-01,M024,47054
2026-03-01,M025,46065
2026-03-01,M026,27055
2026-03-01,M027,45578
2026-03-01,M028,46419
2026-03-01,M029,48227
2026-03-01,M030,42364
2026-03-01,M031,29075
2026-03-01,M032,36573
2026-03-01,M033,52377
2026-03-01,M034,44109
2026-03-01,M035,70086
2026-03-01,M036,41207
2026-03-01,M037,39842
2026-03-01,M038,29778
2026-03-01,M039,48635
2026-03-01,M040,59875
2026-03-01,M041,61432
2026-03-01,M042,52774
2026-03-01,M043,40377
2026-03-01,M044,51263
2026-03-01,M045,76686
2026-03-01,M046,33573
2026-03-01,M047,52976
2026-03-01,M048,59782
2026-03-02,M001,9038
2026-03-02,M002,19926
2026-03-02,M003,19224
2026-03-02,M004,42149
2026-03-02,M005,27683
2026-03-02,M006,39381
2026-03-02,M007,28220
2026-03-02,M008,34519
2026-03-02,M009,19372
2026-03-02,M010,36937
2026-03-02,M011,24165
2026-03-02,M012,50337
2026-03-02,M013,23311
2026-03-02,M014,48527
2026-03-02,M015,28649
2026-03-02,M016,40935
2026-03-02,M017,25637
2026-03-02,M018,57238
2026-03-02,M019,30630
2026-03-02,M020,61392
2026-03-02,M021,28299
2026-03-02,M022,34718
2026-03-02,M023,32900
2026-03-02,M024,73938
2026-03-02,M025,31814
2026-03-02,M026,43838
2026-03-02,M027,40436
2026-03-02,M028,71316
2026-03-02,M029,29562
2026-03-02,M030,66787
2026-03-02,M031,27166
2026-03-02,M032,61844
2026-03-02,M033,36046
2026-03-02,M034,73535
2026-03-02,M035,59629
2026-03-02,M036,60147
2026-03-02,M037,23503
2026-03-02,M038,46877
2026-03-02,M039,45378
2026-03-02,M040,94765
2026-03-02,M041,39305
2026-03-02,M042,76688
2026-03-02,M043,33594
2026-03-02,M044,77820
2026-03-02,M045,41469
2026-03-02,M046,51980
2026-03-02,M047,45302
2026-03-02,M048,106892
2026-03-03,M001,12720
2026-03-03,M002,20512
2026-03-03,M003,26640
2026-03-03,M004,26000
2026-03-03,M005,36262
2026-03-03,M006,39472
2026-03-03,M007,37739
2026-03-03,M008,19716
2026-03-03,M009,28451
2026-03-03,M010,37656
2026-03-03,M011,34254
2026-03-03,M012,32645
2026-03-03,M013,29650
2026-03-03,M014,48628
2026-03-03,M015,37658
2026-03-03,M016,23642
2026-03-03,M017,33239
2026-03-03,M018,50488
2026-03-03,M019,39110
2026-03-03,M020,42151
2026-03-03,M021,36843
2026-03-03,M022,35709
2026-03-03,M023,48854
2026-03-03,M024,45965
2026-03-03,M025,39015
2026-03-03,M026,42107
2026-03-03,M027,57830
2026-03-03,M028,46584
2026-03-03,M029,37980
2026-03-03,M030,53660
2026-03-03,M031,37375
2026-03-03,M032,37189
2026-03-03,M033,50137
2026-03-03,M034,67499
2026-03-03,M035,92931
2026-03-03,M036,37208
2026-03-03,M037,34080
2026-03-03,M038,44344
2026-03-03,M039,62379
2026-03-03,M040,61021
2026-03-03,M041,48216
2026-03-03,M042,75138
2026-03-03,M043,45658
2026-03-03,M044,45583
2026-03-03,M045,59340
2026-03-03,M046,49588
2026-03-03,M047,67378
2026-03-03,M048,61246
2026-03-04,M001,17361
2026-03-04,M002,17952
2026-03-04,M003,25489
2026-03-04,M004,23096
2026-03-04,M005,53780
2026-03-04,M006,34354
2026-03-04,M007,32804
2026-03-04,M008,16864
2026-03-04,M009,36768
2026-03-04,M010,30973
2026-03-04,M011,31555
2026-03-04,M012,28726
2026-03-04,M013,45644
2026-03-04,M014,39712
2026-03-04,M015,32449
2026-03-04,M016,20866
2026-03-04,M017,47609
2026-03-04,M018,41253
2026-03-04,M019,39364
2026-03-04,M020,37798
2026-03-04,M021,47131
2026-03-04,M022,31643
2026-03-04,M023,42598
2026-03-04,M024,38442
2026-03-04,M025,54930
2026-03-04,M026,34682
2026-03-04,M027,50434
2026-03-04,M028,41564
2026-03-04,M029,50912
2026-03-04,M030,54718
2026-03-04,M031,32013
2026-03-04,M032,33404
2026-03-04,M033,65254
2026-03-04,M034,55016
2026-03-04,M035,81853
2026-03-04,M036,33421
2026-03-04,M037,40532
2026-03-04,M038,42948
2026-03-04,M039,51436
2026-03-04,M040,49696
2026-03-04,M041,71724
2026-03-04,M042,58750
2026-03-04,M043,39965
2026-03-04,M044,39354
2026-03-04,M045,84685
2026-03-04,M046,44857
2026-03-04,M047,59226
2026-03-04,M048,59622
2026-03-05,M001,16344
2026-03-05,M002,14025
2026-03-05,M003,24259
2026-03-05,M004,34106
2026-03-05,M005,49490
2026-03-05,M006,25975
2026-03-05,M007,33484
2026-03-05,M008,24306
2026-03-05,M009,38879
2026-03-05,M010,28223
2026-03-05,M011,27424
2026-03-05,M012,39879
2026-03-05,M013,38643
2026-03-05,M014,37918
2026-03-05,M015,32463
2026-03-05,M016,28750
2026-03-05,M017,45572
2026-03-05,M018,36366
2026-03-05,M019,38467
2026-03-05,M020,48941
2026-03-05,M021,49757
2026-03-05,M022,25992
2026-03-05,M023,40466
2026-03-05,M024,49553
2026-03-05,M025,58080
2026-03-05,M026,28805
2026-03-05,M027,48526
2026-03-05,M028,52637
2026-03-05,M029,52543
2026-03-05,M030,42422
2026-03-05,M031,29417
2026-03-05,M032,42686
2026-03-05,M033,65615
2026-03-05,M034,54174
2026-03-05,M035,74651
2026-03-05,M036,44615
2026-03-05,M037,42015
2026-03-05,M038,35428
2026-03-05,M039,51569
2026-03-05,M040,65760
2026-03-05,M041,63370
2026-03-05,M042,55205
2026-03-05,M043,41184
2026-03-05,M044,53806
2026-03-05,M045,80205
2026-03-05,M046,36706
2026-03-05,M047,56459
2026-03-05,M048,67573
2026-03-06,M001,9177
2026-03-06,M002,20711
2026-03-06,M003,20359
2026-03-06,M004,46267
2026-03-06,M005,27962
2026-03-06,M006,42754
2026-03-06,M007,25941
2026-03-06,M008,31191
2026-03-06,M009,19298
2026-03-06,M010,37557
2026-03-06,M011,24507
2026-03-06,M012,53556
2026-03-06,M013,21769
2026-03-06,M014,51956
2026-03-06,M015,26605
2026-03-06,M016,37296
2026-03-06,M017,24452
2026-03-06,M018,51047
2026-03-06,M019,30930
2026-03-06,M020,66229
2026-03-06,M021,28231
2026-03-06,M022,33364
2026-03-06,M023,32439
2026-03-06,M024,72264
2026-03-06,M025,31371
2026-03-06,M026,43997
2026-03-06,M027,41080
2026-03-06,M028,71709
2026-03-06,M029,30559
2026-03-06,M030,62325
2026-03-06,M031,27972
2026-03-06,M032,59049
2026-03-06,M033,32517
2026-03-06,M034,71371
2026-03-06,M035,66558
2026-03-06,M036,59539
2026-03-06,M037,23188
2026-03-06,M038,50176
2026-03-06,M039,42270
2026-03-06,M040,96113
2026-03-06,M041,37700
2026-03-06,M042,72741
2026-03-06,M043,38361
2026-03-06,M044,71696
2026-03-06,M045,43543
2026-03-06,M046,56664
2026-03-06,M047,49499
2026-03-06,M048,105604
2026-03-07,M001,11615
2026-03-07,M002,16218
2026-03-07,M003,24989
2026-03-07,M004,25520
2026-03-07,M005,33088
2026-03-07,M006,34942
2026-03-07,M007,30847
2026-03-07,M008,16464
2026-03-07,M009,26183
2026-03-07,M010,35719
2026-03-07,M011,30203
2026-03-07,M012,28607
2026-03-07,M013,31052
2026-03-07,M014,38844
2026-03-07,M015,35038
2026-03-07,M016,22876
2026-03-07,M017,29130
2026-03-07,M018,42657
2026-03-07,M019,41027
2026-03-07,M020,37178
2026-03-07,M021,33178
2026-03-07,M022,29558
2026-03-07,M023,42402
2026-03-07,M024,41220
2026-03-07,M025,39415
2026-03-07,M026,37559
2026-03-07,M027,44886
2026-03-07,M028,38638
2026-03-07,M029,37592
2026-03-07,M030,52549
2026-03-07,M031,34694
2026-03-07,M032,29315
2026-03-07,M033,40175
2026-03-07,M034,58890
2026-03-07,M035,78876
2026-03-07,M036,32812
2026-03-07,M037,31598
2026-03-07,M038,43574
2026-03-07,M039,53044
2026-03-07,M040,55199
2026-03-07,M041,46866
2026-03-07,M042,66570
2026-03-07,M043,41600
2026-03-07,M044,41685
2026-03-07,M045,52748
2026-03-07,M046,45146
2026-03-07,M047,56121
2026-03-07,M048,59890
2026-03-08,M001,15330
2026-03-08,M002,16542
2026-03-08,M003,22698
2026-03-08,M004,22864
2026-03-08,M005,43238
2026-03-08,M006,31612
2026-03-08,M007,28427
2026-03-08,M008,14961
2026-03-08,M009,32164
2026-03-08,M010,29911
2026-03-08,M011,26395
2026-03-08,M012,28249
2026-03-08,M013,40579
2026-03-08,M014,34624
2026-03-08,M015,30054
2026-03-08,M016,18377
2026-03-08,M017,40142
2026-03-08,M018,42840
2026-03-08,M019,33110
2026-03-08,M020,32670
2026-03-08,M021,40566
2026-03-08,M022,27063
2026-03-08,M023,37135
2026-03-08,M024,34517
2026-03-08,M025,47594
2026-03-08,M026,30366
2026-03-08,M027,45112
2026-03-08,M028,39085
2026-03-08,M029,49455
2026-03-08,M030,45792
2026-03-08,M031,30597
2026-03-08,M032,26753
2026-03-08,M033,55211
2026-03-08,M034,56522
2026-03-08,M035,73128
2026-03-08,M036,32379
2026-03-08,M037,39927
2026-03-08,M038,35331
2026-03-08,M039,46371
2026-03-08,M040,46282
2026-03-08,M041,61951
2026-03-08,M042,56440
2026-03-08,M043,36954
2026-03-08,M044,37847
2026-03-08,M045,76861
2026-03-08,M046,37562
2026-03-08,M047,50682
2026-03-08,M048,52005
2026-03-09,M001,14700
2026-03-09,M002,15522
2026-03-09,M003,23797
2026-03-09,M004,32859
2026-03-09,M005,48569
2026-03-09,M006,28281
2026-03-09,M007,29488
2026-03-09,M008,21197
2026-03-09,M009,37297
2026-03-09,M010,28968
2026-03-09,M011,29917
2026-03-09,M012,39362
2026-03-09,M013,39469
2026-03-09,M014,35578
2026-03-09,M015,35232
2026-03-09,M016,28294
2026-03-09,M017,43833
2026-03-09,M018,35748
2026-03-09,M019,39666
2026-03-09,M020,48150
2026-03-09,M021,47029
2026-03-09,M022,27346
2026-03-09,M023,37438
2026-03-09,M024,51112
2026-03-09,M025,57366
2026-03-09,M026,29855
2026-03-09,M027,45719
2026-03-09,M028,49619
2026-03-09,M029,55609
2026-03-09,M030,42464
2026-03-09,M031,32464
2026-03-09,M032,43854
2026-03-09,M033,61639
2026-03-09,M034,46960
2026-03-09,M035,73275
2026-03-09,M036,44612
2026-03-09,M037,40115
2026-03-09,M038,33384
2026-03-09,M039,55918
2026-03-09,M040,64551
2026-03-09,M041,62635
2026-03-09,M042,57639
2026-03-09,M043,44116
2026-03-09,M044,53157
2026-03-09,M045,72727
2026-03-09,M046,40394
2026-03-09,M047,54250
2026-03-09,M048,67214
2026-03-10,M001,8363
2026-03-10,M002,21443
2026-03-10,M003,19389
2026-03-10,M004,44856
2026-03-10,M005,26149
2026-03-10,M006,42006
2026-03-10,M007,25301
2026-03-10,M008,33779
2026-03-10,M009,20136
2026-03-10,M010,37663
2026-03-10,M011,25697
2026-03-10,M012,53840
2026-03-10,M013,25196
2026-03-10,M014,50651
2026-03-10,M015,28428
2026-03-10,M016,37082
2026-03-10,M017,24050
2026-03-10,M018,57641
2026-03-10,M019,30480
2026-03-10,M020,68068
2026-03-10,M021,27379
2026-03-10,M022,36908
2026-03-10,M023,32299
2026-03-10,M024,68691
2026-03-10,M025,32084
2026-03-10,M026,46371
2026-03-10,M027,42116
2026-03-10,M028,79317
2026-03-10,M029,28974
2026-03-10,M030,66578
2026-03-10,M031,26701
2026-03-10,M032,54808
2026-03-10,M033,36638
2026-03-10,M034,69354
2026-03-10,M035,64060
2026-03-10,M036,61290
2026-03-10,M037,24640
2026-03-10,M038,54025
2026-03-10,M039,46912
2026-03-10,M040,100680
2026-03-10,M041,35464
2026-03-10,M042,78441
2026-03-10,M043,33204
2026-03-10,M044,69141
2026-03-10,M045,42298
2026-03-10,M046,50403
2026-03-10,M047,51383
2026-03-10,M048,94334
2026-03-11,M001,12197
2026-03-11,M002,18001
2026-03-11,M003,29408
2026-03-11,M004,27757
2026-03-11,M005,35834
2026-03-11,M006,38680
2026-03-11,M007,34157
2026-03-11,M008,20257
2026-03-11,M009,27399
2026-03-11,M010,35981
2026-03-11,M011,32286
2026-03-11,M012,30628
2026-03-11,M013,32821
2026-03-11,M014,46979
2026-03-11,M015,35955
2026-03-11,M016,25436
2026-03-11,M017,35308
2026-03-11,M018,51550
2026-03-11,M019,39932
2026-03-11,M020,42694
2026-03-11,M021,35172
2026-03-11,M022,34924
2026-03-11,M023,42989
2026-03-11,M024,45292
2026-03-11,M025,38580
2026-03-11,M026,39289
2026-03-11,M027,56646
2026-03-11,M028,45585
2026-03-11,M029,37366
2026-03-11,M030,57590
2026-03-11,M031,36882
2026-03-11,M032,32727
2026-03-11,M033,48647
2026-03-11,M034,71740
2026-03-11,M035,91898
2026-03-11,M036,37711
2026-03-11,M037,32685
2026-03-11,M038,46526
2026-03-11,M039,60498
2026-03-11,M040,55889
2026-03-11,M041,49794
2026-03-11,M042,68294
2026-03-11,M043,44416
2026-03-11,M044,45169
2026-03-11,M045,56073
2026-03-11,M046,48469
2026-03-11,M047,71453
2026-03-11,M048,66313
2026-03-12,M001,16475
2026-03-12,M002,17917
2026-03-12,M003,22701
2026-03-12,M004,26028
2026-03-12,M005,52378
2026-03-12,M006,30303
2026-03-12,M007,30460
2026-03-12,M008,18142
2026-03-12,M009,39052
2026-03-12,M010,35592
2026-03-12,M011,27987
2026-03-12,M012,31359
2026-03-12,M013,39368
2026-03-12,M014,40729
2026-03-12,M015,32921
2026-03-12,M016,21832
2026-03-12,M017,47108
2026-03-12,M018,44853
2026-03-12,M019,39944
2026-03-12,M020,36445
2026-03-12,M021,45219
2026-03-12,M022,29800
2026-03-12,M023,37422
2026-03-12,M024,37455
2026-03-12,M025,54282
2026-03-12,M026,37069
2026-03-12,M027,43796
2026-03-12,M028,37453
2026-03-12,M029,56309
2026-03-12,M030,47394
2026-03-12,M031,33316
2026-03-12,M032,33647
2026-03-12,M033,59496
2026-03-12,M034,55081
2026-03-12,M035,79535
2026-03-12,M036,35973
2026-03-12,M037,41693
2026-03-12,M038,39539
2026-03-12,M039,56236
2026-03-12,M040,56085
2026-03-12,M041,68256
2026-03-12,M042,66517
2026-03-12,M043,45203
2026-03-12,M044,40104
2026-03-12,M045,79674
2026-03-12,M046,43217
2026-03-12,M047,59100
2026-03-12,M048,56794
2026-03-13,M001,16108
2026-03-13,M002,14100
2026-03-13,M003,22605
2026-03-13,M004,33234
2026-03-13,M005,46314
2026-03-13,M006,28019
2026-03-13,M007,33774
2026-03-13,M008,23656
2026-03-13,M009,35711
2026-03-13,M010,29979
2026-03-13,M011,28492
2026-03-13,M012,37376
2026-03-13,M013,43516
2026-03-13,M014,34485
2026-03-13,M015,30814
2026-03-13,M016,26329
2026-03-13,M017,46719
2026-03-13,M018,35843
2026-03-13,M019,36634
2026-03-13,M020,46457
2026-03-13,M021,43726
2026-03-13,M022,26691
2026-03-13,M023,40769
2026-03-13,M024,52750
2026-03-13,M025,53991
2026-03-13,M026,31704
2026-03-13,M027,45121
2026-03-13,M028,55653
2026-03-13,M029,53989
2026-03-13,M030,41714
2026-03-13,M031,33230
2026-03-13,M032,42468
2026-03-13,M033,63847
2026-03-13,M034,53798
2026-03-13,M035,81099
2026-03-13,M036,42351
2026-03-13,M037,39493
2026-03-13,M038,33997
2026-03-13,M039,51811
2026-03-13,M040,64904
2026-03-13,M041,62703
2026-03-13,M042,51227
2026-03-13,M043,45348
2026-03-13,M044,50256
2026-03-13,M045,75068
2026-03-13,M046,36910
2026-03-13,M047,60291
2026-03-13,M048,69031
2026-03-14,M001,8446
2026-03-14,M002,20245
2026-03-14,M003,18410
2026-03-14,M004,40276
2026-03-14,M005,25296
2026-03-14,M006,33122
2026-03-14,M007,24301
2026-03-14,M008,29232
2026-03-14,M009,19878
2026-03-14,M010,35999
2026-03-14,M011,23978
2026-03-14,M012,49122
2026-03-14,M013,21069
2026-03-14,M014,44556
2026-03-14,M015,26023
2026-03-14,M016,33232
2026-03-14,M017,22050
2026-03-14,M018,46133
2026-03-14,M019,28316
2026-03-14,M020,59619
2026-03-14,M021,25398
2026-03-14,M022,31227
2026-03-14,M023,32197
2026-03-14,M024,66241
2026-03-14,M025,28747
2026-03-14,M026,36717
2026-03-14,M027,34947
2026-03-14,M028,71122
2026-03-14,M029,27592
2026-03-14,M030,55199
2026-03-14,M031,23349
2026-03-14,M032,53568
2026-03-14,M033,30823
2026-03-14,M034,70333
2026-03-14,M035,59903
2026-03-14,M036,52574
2026-03-14,M037,22204
2026-03-14,M038,42903
2026-03-14,M039,43898
2026-03-14,M040,87704
2026-03-14,M041,35461
2026-03-14,M042,69435
2026-03-14,M043,30615
2026-03-14,M044,67919
2026-03-14,M045,39697
2026-03-14,M046,48767
2026-03-14,M047,42072
2026-03-14,M048,93586
2026-03-15,M001,11183
2026-03-15,M002,17284
2026-03-15,M003,25544
2026-03-15,M004,24007
2026-03-15,M005,32581
2026-03-15,M006,32311
2026-03-15,M007,31437
2026-03-15,M008,17438
2026-03-15,M009,27155
2026-03-15,M010,34155
2026-03-15,M011,29974
2026-03-15,M012,28085
2026-03-15,M013,28676
2026-03-15,M014,43073
2026-03-15,M015,34627
2026-03-15,M016,20413
2026-03-15,M017,29798
2026-03-15,M018,46778
2026-03-15,M019,40192
2026-03-15,M020,38390
2026-03-15,M021,34823
2026-03-15,M022,31848
2026-03-15,M023,43869
2026-03-15,M024,40558
2026-03-15,M025,35820
2026-03-15,M026,34391
2026-03-15,M027,45474
2026-03-15,M028,40125
2026-03-15,M029,36911
2026-03-15,M030,50761
2026-03-15,M031,31021
2026-03-15,M032,34134
2026-03-15,M033,42044
2026-03-15,M034,62194
2026-03-15,M035,76664
2026-03-15,M036,31366
2026-03-15,M037,30078
2026-03-15,M038,43190
2026-03-15,M039,58013
2026-03-15,M040,55060
2026-03-15,M041,47625
2026-03-15,M042,61767
2026-03-15,M043,40776
2026-03-15,M044,39697
2026-03-15,M045,55470
2026-03-15,M046,43999
2026-03-15,M047,58637
2026-03-15,M048,55717
2026-03-16,M001,16627
2026-03-16,M002,18353
2026-03-16,M003,25828
2026-03-16,M004,25208
2026-03-16,M005,49800
2026-03-16,M006,32638
2026-03-16,M007,32914
2026-03-16,M008,17396
2026-03-16,M009,36962
2026-03-16,M010,34100
2026-03-16,M011,29470
2026-03-16,M012,31331
2026-03-16,M013,44092
2026-03-16,M014,43918
2026-03-16,M015,32661
2026-03-16,M016,22668
2026-03-16,M017,45835
2026-03-16,M018,47263
2026-03-16,M019,39941
2026-03-16,M020,35602
2026-03-16,M021,44380
2026-03-16,M022,30922
2026-03-16,M023,39725
2026-03-16,M024,40868
2026-03-16,M025,52200
2026-03-16,M026,37501
2026-03-16,M027,45881
2026-03-16,M028,37719
2026-03-16,M029,50439
2026-03-16,M030,55243
2026-03-16,M031,30991
2026-03-16,M032,30976
2026-03-16,M033,63121
2026-03-16,M034,62724
2026-03-16,M035,73937
2026-03-16,M036,31871
2026-03-16,M037,46275
2026-03-16,M038,41829
2026-03-16,M039,53773
2026-03-16,M040,52897
2026-03-16,M041,64468
2026-03-16,M042,63135
2026-03-16,M043,42436
2026-03-16,M044,41211
2026-03-16,M045,77534
2026-03-16,M046,45811
2026-03-16,M047,54891
2026-03-16,M048,52033
2026-03-17,M001,15405
2026-03-17,M002,14878
2026-03-17,M003,24563
2026-03-17,M004,30060
2026-03-17,M005,45999
2026-03-17,M006,27029
2026-03-17,M007,31829
2026-03-17,M008,23894
2026-03-17,M009,36328
2026-03-17,M010,29085
2026-03-17,M011,28273
2026-03-17,M012,39840
2026-03-17,M013,39223
2026-03-17,M014,34437
2026-03-17,M015,32452
2026-03-17,M016,27045
2026-03-17,M017,44228
2026-03-17,M018,35122
2026-03-17,M019,36382
2026-03-17,M020,46850
2026-03-17,M021,48485
2026-03-17,M022,25190
2026-03-17,M023,41336
2026-03-17,M024,51676
2026-03-17,M025,57830
2026-03-17,M026,29849
2026-03-17,M027,43713
2026-03-17,M028,55619
2026-03-17,M029,51835
2026-03-17,M030,45919
2026-03-17,M031,34064
2026-03-17,M032,41469
2026-03-17,M033,64859
2026-03-17,M034,54163
2026-03-17,M035,69718
2026-03-17,M036,41432
2026-03-17,M037,44921
2026-03-17,M038,36589
2026-03-17,M039,57602
2026-03-17,M040,69790
2026-03-17,M041,63204
2026-03-17,M042,57567
2026-03-17,M043,42300
2026-03-17,M044,49078
2026-03-17,M045,81918
2026-03-17,M046,39550
2026-03-17,M047,59916
2026-03-17,M048,68520
2026-03-18,M001,8544
2026-03-18,M002,21883
2026-03-18,M003,20813
2026-03-18,M004,44604
2026-03-18,M005,26587
2026-03-18,M006,41925
2026-03-18,M007,25885
2026-03-18,M008,33658
2026-03-18,M009,19873
2026-03-18,M010,39689
2026-03-18,M011,25147
2026-03-18,M012,52011
2026-03-18,M013,23040
2026-03-18,M014,48261
2026-03-18,M015,28101
2026-03-18,M016,41224
2026-03-18,M017,24661
2026-03-18,M018,55809
2026-03-18,M019,29168
2026-03-18,M020,68687
2026-03-18,M021,26991
2026-03-18,M022,38585
2026-03-18,M023,33459
2026-03-18,M024,65516
2026-03-18,M025,28266
2026-03-18,M026,43996
2026-03-18,M027,40748
2026-03-18,M028,68638
2026-03-18,M029,27763
2026-03-18,M030,66489
2026-03-18,M031,25630
2026-03-18,M032,55925
2026-03-18,M033,36703
2026-03-18,M034,77077
2026-03-18,M035,66156
2026-03-18,M036,58494
2026-03-18,M037,25168
2026-03-18,M038,47332
2026-03-18,M039,42536
2026-03-18,M040,101133
2026-03-18,M041,35718
2026-03-18,M042,72441
2026-03-18,M043,35103
2026-03-18,M044,74043
2026-03-18,M045,41317
2026-03-18,M046,53522
2026-03-18,M047,48209
2026-03-18,M048,100452
2026-03-19,M001,12853
2026-03-19,M002,18962
2026-03-19,M003,27206
2026-03-19,M004,25846
2026-03-19,M005,36269
2026-03-19,M006,34884
2026-03-19,M007,36462
2026-03-19,M008,18963
2026-03-19,M009,27039
2026-03-19,M010,36725
2026-03-19,M011,32681
2026-03-19,M012,32744
2026-03-19,M013,31594
2026-03-19,M014,44168
2026-03-19,M015,38374
2026-03-19,M016,24550
2026-03-19,M017,35660
2026-03-19,M018,47817
2026-03-19,M019,44955
2026-03-19,M020,39272
2026-03-19,M021,37016
2026-03-19,M022,35955
2026-03-19,M023,46300
2026-03-19,M024,45817
2026-03-19,M025,42060
2026-03-19,M026,40108
2026-03-19,M027,54465
2026-03-19,M028,42437
2026-03-19,M029,38242
2026-03-19,M030,56959
2026-03-19,M031,37564
2026-03-19,M032,37272
2026-03-19,M033,45798
2026-03-19,M034,61960
2026-03-19,M035,86976
2026-03-19,M036,38364
2026-03-19,M037,30639
2026-03-19,M038,47055
2026-03-19,M039,62076
2026-03-19,M040,58022
2026-03-19,M041,50271
2026-03-19,M042,76586
2026-03-19,M043,46341
2026-03-19,M044,44702
2026-03-19,M045,61396
2026-03-19,M046,47194
2026-03-19,M047,63606
2026-03-19,M048,63450
2026-03-20,M001,16132
2026-03-20,M002,17971
2026-03-20,M003,23711
2026-03-20,M004,25018
2026-03-20,M005,53823
2026-03-20,M006,32159
2026-03-20,M007,33896
2026-03-20,M008,19120
2026-03-20,M009,39839
2026-03-20,M010,35547
2026-03-20,M011,30702
2026-03-20,M012,29190
2026-03-20,M013,44168
2026-03-20,M014,42491
2026-03-20,M015,35089
2026-03-20,M016,22498
2026-03-20,M017,43417
2026-03-20,M018,44068
2026-03-20,M019,36277
2026-03-20,M020,34365
2026-03-20,M021,47132
2026-03-20,M022,31171
2026-03-20,M023,40712
2026-03-20,M024,36654
2026-03-20,M025,57665
2026-03-20,M026,33530
2026-03-20,M027,49912
2026-03-20,M028,40959
2026-03-20,M029,49270
2026-03-20,M030,52702
2026-03-20,M031,34567
2026-03-20,M032,33114
2026-03-20,M033,63512
2026-03-20,M034,62964
2026-03-20,M035,71919
2026-03-20,M036,34133
2026-03-20,M037,43465
2026-03-20,M038,42370
2026-03-20,M039,50905
2026-03-20,M040,55715
2026-03-20,M041,64015
2026-03-20,M042,65128
2026-03-20,M043,45201
2026-03-20,M044,42945
2026-03-20,M045,80605
2026-03-20,M046,43745
2026-03-20,M047,59782
2026-03-20,M048,52056
2026-03-21,M001,14917
2026-03-21,M002,13113
2026-03-21,M003,23552
2026-03-21,M004,29481
2026-03-21,M005,41344
2026-03-21,M006,25112
2026-03-21,M007,29696
2026-03-21,M008,20761
2026-03-21,M009,33730
2026-03-21,M010,23326
2026-03-21,M011,25611
2026-03-21,M012,35329
2026-03-21,M013,38121
2026-03-21,M014,31812
2026-03-21,M015,29991
2026-03-21,M016,27511
2026-03-21,M017,42850
2026-03-21,M018,33911
2026-03-21,M019,33089
2026-03-21,M020,41345
2026-03-21,M021,41123
2026-03-21,M022,21275
2026-03-21,M023,34490
2026-03-21,M024,47330
2026-03-21,M025,50354
2026-03-21,M026,25849
2026-03-21,M027,44776
2026-03-21,M028,43592
2026-03-21,M029,50444
2026-03-21,M030,41262
2026-03-21,M031,26616
2026-03-21,M032,33911
2026-03-21,M033,56261
2026-03-21,M034,44261
2026-03-21,M035,67766
2026-03-21,M036,38137
2026-03-21,M037,40334
2026-03-21,M038,30210
2026-03-21,M039,45173
2026-03-21,M040,63940
2026-03-21,M041,56920
2026-03-21,M042,52163
2026-03-21,M043,36180
2026-03-21,M044,44813
2026-03-21,M045,73687
2026-03-21,M046,35550
2026-03-21,M047,53650
2026-03-21,M048,59947
2026-03-22,M001,8521
2026-03-22,M002,17540
2026-03-22,M003,17880
2026-03-22,M004,40516
2026-03-22,M005,24997
2026-03-22,M006,34692
2026-03-22,M007,24718
2026-03-22,M008,30645
2026-03-22,M009,17045
2026-03-22,M010,33422
2026-03-22,M011,23077
2026-03-22,M012,44714
2026-03-22,M013,19644
2026-03-22,M014,42829
2026-03-22,M015,25351
2026-03-22,M016,37465
2026-03-22,M017,23808
2026-03-22,M018,48742
2026-03-22,M019,29259
2026-03-22,M020,58408
2026-03-22,M021,23331
2026-03-22,M022,34611
2026-03-22,M023,29964
2026-03-22,M024,60099
2026-03-22,M025,29220
2026-03-22,M026,40205
2026-03-22,M027,38366
2026-03-22,M028,68938
2026-03-22,M029,28362
2026-03-22,M030,54237
2026-03-22,M031,23500
2026-03-22,M032,47825
2026-03-22,M033,33202
2026-03-22,M034,68412
2026-03-22,M035,57414
2026-03-22,M036,57766
2026-03-22,M037,20487
2026-03-22,M038,49097
2026-03-22,M039,39957
2026-03-22,M040,86509
2026-03-22,M041,33547
2026-03-22,M042,73556
2026-03-22,M043,32961
2026-03-22,M044,62741
2026-03-22,M045,41718
2026-03-22,M046,45968
2026-03-22,M047,43034
2026-03-22,M048,89065
2026-03-23,M001,12632
2026-03-23,M002,19088
2026-03-23,M003,28016
2026-03-23,M004,27140
2026-03-23,M005,35352
2026-03-23,M006,38148
2026-03-23,M007,35787
2026-03-23,M008,19912
2026-03-23,M009,29915
2026-03-23,M010,37476
2026-03-23,M011,32082
2026-03-23,M012,33652
2026-03-23,M013,33443
2026-03-23,M014,49898
2026-03-23,M015,38793
2026-03-23,M016,25488
2026-03-23,M017,31356
2026-03-23,M018,46610
2026-03-23,M019,39901
2026-03-23,M020,39845
2026-03-23,M021,35983
2026-03-23,M022,30699
2026-03-23,M023,46093
2026-03-23,M024,46601
2026-03-23,M025,41641
2026-03-23,M026,40284
2026-03-23,M027,49557
2026-03-23,M028,41944
2026-03-23,M029,40034
2026-03-23,M030,55089
2026-03-23,M031,35663
2026-03-23,M032,35546
2026-03-23,M033,48238
2026-03-23,M034,67093
2026-03-23,M035,85872
2026-03-23,M036,36785
2026-03-23,M037,31496
2026-03-23,M038,44650
2026-03-23,M039,63449
2026-03-23,M040,53301
2026-03-23,M041,49248
2026-03-23,M042,73872
2026-03-23,M043,51719
2026-03-23,M044,49108
2026-03-23,M045,60649
2026-03-23,M046,52260
2026-03-23,M047,69894
2026-03-23,M048,62820
2026-03-24,M001,15465
2026-03-24,M002,16937
2026-03-24,M003,25491
2026-03-24,M004,24371
2026-03-24,M005,46701
2026-03-24,M006,33842
2026-03-24,M007,29949
2026-03-24,M008,18400
2026-03-24,M009,34820
2026-03-24,M010,33743
2026-03-24,M011,30957
2026-03-24,M012,30632
2026-03-24,M013,45013
2026-03-24,M014,43025
2026-03-24,M015,34603
2026-03-24,M016,21563
2026-03-24,M017,42572
2026-03-24,M018,44526
2026-03-24,M019,37876
2026-03-24,M020,38935
2026-03-24,M021,45343
2026-03-24,M022,29701
2026-03-24,M023,39563
2026-03-24,M024,37728
2026-03-24,M025,52391
2026-03-24,M026,36891
2026-03-24,M027,49871
2026-03-24,M028,42310
2026-03-24,M029,56648
2026-03-24,M030,49795
2026-03-24,M031,30730
2026-03-24,M032,34159
2026-03-24,M033,59345
2026-03-24,M034,56027
2026-03-24,M035,72078
2026-03-24,M036,31682
2026-03-24,M037,44653
2026-03-24,M038,38599
2026-03-24,M039,58717
2026-03-24,M040,48099
2026-03-24,M041,67493
2026-03-24,M042,59252
2026-03-24,M043,39453
2026-03-24,M044,38621
2026-03-24,M045,82752
2026-03-24,M046,48569
2026-03-24,M047,58745
2026-03-24,M048,58911
2026-03-25,M001,15776
2026-03-25,M002,15435
2026-03-25,M003,22962
2026-03-25,M004,29892
2026-03-25,M005,46826
2026-03-25,M006,26284
2026-03-25,M007,29290
2026-03-25,M008,22225
2026-03-25,M009,37416
2026-03-25,M010,29031
2026-03-25,M011,31302
2026-03-25,M012,39627
2026-03-25,M013,42681
2026-03-25,M014,37386
2026-03-25,M015,32041
2026-03-25,M016,27541
2026-03-25,M017,46885
2026-03-25,M018,36453
2026-03-25,M019,38802
2026-03-25,M020,45529
2026-03-25,M021,45320
2026-03-25,M022,26489
2026-03-25,M023,42081
2026-03-25,M024,46746
2026-03-25,M025,52989
2026-03-25,M026,30617
2026-03-25,M027,49762
2026-03-25,M028,56130
2026-03-25,M029,48994
2026-03-25,M030,43317
2026-03-25,M031,33879
2026-03-25,M032,38458
2026-03-25,M033,65253
2026-03-25,M034,48378
2026-03-25,M035,76530
2026-03-25,M036,41526
2026-03-25,M037,44326
2026-03-25,M038,34552
2026-03-25,M039,50683
2026-03-25,M040,64722
2026-03-25,M041,66280
2026-03-25,M042,57354
2026-03-25,M043,41396
2026-03-25,M044,55139
2026-03-25,M045,83497
2026-03-25,M046,39953
2026-03-25,M047,53715
2026-03-25,M048,70292
2026-03-26,M001,9541
2026-03-26,M002,20585
2026-03-26,M003,20767
2026-03-26,M004,41559
2026-03-26,M005,27309
2026-03-26,M006,38364
2026-03-26,M007,28116
2026-03-26,M008,32458
2026-03-26,M009,20433
2026-03-26,M010,39900
2026-03-26,M011,26474
2026-03-26,M012,53854
2026-03-26,M013,24897
2026-03-26,M014,46494
2026-03-26,M015,28952
2026-03-26,M016,38938
2026-03-26,M017,24875
2026-03-26,M018,50107
2026-03-26,M019,29588
2026-03-26,M020,67014
2026-03-26,M021,26780
2026-03-26,M022,37332
2026-03-26,M023,33210
2026-03-26,M024,66608
2026-03-26,M025,29990
2026-03-26,M026,40003
2026-03-26,M027,39023
2026-03-26,M028,69921
2026-03-26,M029,30374
2026-03-26,M030,58029
2026-03-26,M031,28994
2026-03-26,M032,61363
2026-03-26,M033,36101
2026-03-26,M034,73183
2026-03-26,M035,67516
2026-03-26,M036,58637
2026-03-26,M037,23685
2026-03-26,M038,49717
2026-03-26,M039,42304
2026-03-26,M040,97168
2026-03-26,M041,38164
2026-03-26,M042,75824
2026-03-26,M043,36415
2026-03-26,M044,69009
2026-03-26,M045,44155
2026-03-26,M046,58154
2026-03-26,M047,49203
2026-03-26,M048,104490
2026-03-27,M001,11324
2026-03-27,M002,18849
2026-03-27,M003,25509
2026-03-27,M004,28075
2026-03-27,M005,35200
2026-03-27,M006,34079
2026-03-27,M007,37046
2026-03-27,M008,18634
2026-03-27,M009,26461
2026-03-27,M010,38388
2026-03-27,M011,35783
2026-03-27,M012,34117
2026-03-27,M013,31882
2026-03-27,M014,46242
2026-03-27,M015,35860
2026-03-27,M016,25751
2026-03-27,M017,35633
2026-03-27,M018,45910
2026-03-27,M019,42960
2026-03-27,M020,41406
2026-03-27,M021,36192
2026-03-27,M022,32144
2026-03-27,M023,48400
2026-03-27,M024,43221
2026-03-27,M025,40442
2026-03-27,M026,39120
2026-03-27,M027,51744
2026-03-27,M028,45485
2026-03-27,M029,42940
2026-03-27,M030,55417
2026-03-27,M031,35532
2026-03-27,M032,33805
2026-03-27,M033,47238
2026-03-27,M034,70122
2026-03-27,M035,85624
2026-03-27,M036,37119
2026-03-27,M037,34101
2026-03-27,M038,45654
2026-03-27,M039,57836
2026-03-27,M040,57639
2026-03-27,M041,47858
2026-03-27,M042,76247
2026-03-27,M043,51148
2026-03-27,M044,48260
2026-03-27,M045,56766
2026-03-27,M046,54340
2026-03-27,M047,67408
2026-03-27,M048,66500
2026-03-28,M001,15661
2026-03-28,M002,15785
2026-03-28,M003,23666
2026-03-28,M004,20633
2026-03-28,M005,44314
2026-03-28,M006,29099
2026-03-28,M007,30373
2026-03-28,M008,15465
2026-03-28,M009,36058
2026-03-28,M010,28832
2026-03-28,M011,27055
2026-03-28,M012,25474
2026-03-28,M013,37625
2026-03-28,M014,34554
2026-03-28,M015,27416
2026-03-28,M016,19772
2026-03-28,M017,44085
2026-03-28,M018,41298
2026-03-28,M019,34512
2026-03-28,M020,31723
2026-03-28,M021,43509
2026-03-28,M022,28510
2026-03-28,M023,38256
2026-03-28,M024,34857
2026-03-28,M025,51400
2026-03-28,M026,32217
2026-03-28,M027,39711
2026-03-28,M028,36096
2026-03-28,M029,47540
2026-03-28,M030,42772
2026-03-28,M031,29651
2026-03-28,M032,29853
2026-03-28,M033,59291
2026-03-28,M034,58002
2026-03-28,M035,72234
2026-03-28,M036,29128
2026-03-28,M037,36916
2026-03-28,M038,37819
2026-03-28,M039,49950
2026-03-28,M040,48821
2026-03-28,M041,55957
2026-03-28,M042,55877
2026-03-28,M043,38163
2026-03-28,M044,36575
2026-03-28,M045,73199
2026-03-28,M046,43946
2026-03-28,M047,54023
2026-03-28,M048,49191
2026-03-29,M001,13511
2026-03-29,M002,12305
2026-03-29,M003,22950
2026-03-29,M004,29147
2026-03-29,M005,43369
2026-03-29,M006,25144
2026-03-29,M007,26288
2026-03-29,M008,21488
2026-03-29,M009,32156
2026-03-29,M010,24296
2026-03-29,M011,26242
2026-03-29,M012,34562
2026-03-29,M013,36167
2026-03-29,M014,32874
2026-03-29,M015,29266
2026-03-29,M016,24067
2026-03-29,M017,40833
2026-03-29,M018,35727
2026-03-29,M019,32844
2026-03-29,M020,42398
2026-03-29,M021,43104
2026-03-29,M022,21689
2026-03-29,M023,33313
2026-03-29,M024,41849
2026-03-29,M025,49193
2026-03-29,M026,25686
2026-03-29,M027,43220
2026-03-29,M028,48407
2026-03-29,M029,49900
2026-03-29,M030,37746
2026-03-29,M031,27019
2026-03-29,M032,35015
2026-03-29,M033,56048
2026-03-29,M034,43753
2026-03-29,M035,71456
2026-03-29,M036,41087
2026-03-29,M037,39593
2026-03-29,M038,31405
2026-03-29,M039,48144
2026-03-29,M040,59533
2026-03-29,M041,62669
2026-03-29,M042,49021
2026-03-29,M043,35543
2026-03-29,M044,45114
2026-03-29,M045,67436
2026-03-29,M046,32811
2026-03-29,M047,56657
2026-03-29,M048,60175
2026-03-30,M001,8898
2026-03-30,M002,19567
2026-03-30,M003,20323
2026-03-30,M004,46260
2026-03-30,M005,27554
2026-03-30,M006,37471
2026-03-30,M007,26323
2026-03-30,M008,32422
2026-03-30,M009,21274
2026-03-30,M010,42586
2026-03-30,M011,26327
2026-03-30,M012,49629
2026-03-30,M013,24307
2026-03-30,M014,46814
2026-03-30,M015,26648
2026-03-30,M016,40967
2026-03-30,M017,24252
2026-03-30,M018,50757
2026-03-30,M019,32564
2026-03-30,M020,65442
2026-03-30,M021,27288
2026-03-30,M022,35000
2026-03-30,M023,30894
2026-03-30,M024,73761
2026-03-30,M025,29038
2026-03-30,M026,43064
2026-03-30,M027,42053
2026-03-30,M028,79110
2026-03-30,M029,28727
2026-03-30,M030,57068
2026-03-30,M031,25000
2026-03-30,M032,56520
2026-03-30,M033,36505
2026-03-30,M034,67601
2026-03-30,M035,59154
2026-03-30,M036,60675
2026-03-30,M037,23155
2026-03-30,M038,46859
2026-03-30,M039,46908
2026-03-30,M040,95062
2026-03-30,M041,38099
2026-03-30,M042,80002
2026-03-30,M043,36346
2026-03-30,M044,75689
2026-03-30,M045,46991
2026-03-30,M046,58626
2026-03-30,M047,50514
2026-03-30,M048,100584
2026-03-31,M001,12218
2026-03-31,M002,20226
2026-03-31,M003,28430
2026-03-31,M004,29671
2026-03-31,M005,39751
2026-03-31,M006,35824
2026-03-31,M007,37453
2026-03-31,M008,20051
2026-03-31,M009,28207
2026-03-31,M010,34709
2026-03-31,M011,32781
2026-03-31,M012,31203
2026-03-31,M013,32608
2026-03-31,M014,48088
2026-03-31,M015,39892
2026-03-31,M016,24973
2026-03-31,M017,36085
2026-03-31,M018,50023
2026-03-31,M019,45381
2026-03-31,M020,40284
2026-03-31,M021,35224
2026-03-31,M022,34935
2026-03-31,M023,47276
2026-03-31,M024,45579
2026-03-31,M025,40138
2026-03-31,M026,38857
2026-03-31,M027,53005
2026-03-31,M028,45410
2026-03-31,M029,41424
2026-03-31,M030,56533
2026-03-31,M031,36421
2026-03-31,M032,34454
2026-03-31,M033,44500
2026-03-31,M034,68063
2026-03-31,M035,93618
2026-03-31,M036,38471
2026-03-31,M037,33823
2026-03-31,M038,46416
2026-03-31,M039,57456
2026-03-31,M040,55855
2026-03-31,M041,53666
2026-03-31,M042,71121
2026-03-31,M043,45185
2026-03-31,M044,48867
2026-03-31,M045,57668
2026-03-31,M046,46762
2026-03-31,M047,71821
2026-03-31,M048,63377
2026-04-01,M001,16741
2026-04-01,M002,14289
2026-04-01,M003,25550
2026-04-01,M004,29750
2026-04-01,M005,51521
2026-04-01,M006,26893
2026-04-01,M007,30795
2026-04-01,M008,23661
2026-04-01,M009,34380
2026-04-01,M010,28982
2026-04-01,M011,29143
2026-04-01,M012,37307
2026-04-01,M013,41930
2026-04-01,M014,36972
2026-04-01,M015,32973
2026-04-01,M016,30535
2026-04-01,M017,43234
2026-04-01,M018,38362
2026-04-01,M019,40037
2026-04-01,M020,50228
2026-04-01,M021,44630
2026-04-01,M022,25451
2026-04-01,M023,38364
2026-04-01,M024,46590
2026-04-01,M025,54003
2026-04-01,M026,32270
2026-04-01,M027,47546
2026-04-01,M028,55320
2026-04-01,M029,56428
2026-04-01,M030,44890
2026-04-01,M031,30690
2026-04-01,M032,41350
2026-04-01,M033,57677
2026-04-01,M034,53208
2026-04-01,M035,79397
2026-04-01,M036,45403
2026-04-01,M037,42876
2026-04-01,M038,33617
2026-04-01,M039,50403
2026-04-01,M040,69440
2026-04-01,M041,62067
2026-04-01,M042,54102
2026-04-01,M043,40640
2026-04-01,M044,53614
2026-04-01,M045,78001
2026-04-01,M046,36527
2026-04-01,M047,54683
2026-04-01,M048,73558
2026-04-02,M001,9470
2026-04-02,M002,21634
2026-04-02,M003,20915
2026-04-02,M004,48437
2026-04-02,M005,26932
2026-04-02,M006,41586
2026-04-02,M007,25461
2026-04-02,M008,29970
2026-04-02,M009,19303
2026-04-02,M010,40076
2026-04-02,M011,23670
2026-04-02,M012,56306
2026-04-02,M013,22196
2026-04-02,M014,50912
2026-04-02,M015,28268
2026-04-02,M016,39053
2026-04-02,M017,25540
2026-04-02,M018,50645
2026-04-02,M019,29381
2026-04-02,M020,70423
2026-04-02,M021,26850
2026-04-02,M022,36831
2026-04-02,M023,32458
2026-04-02,M024,70001
2026-04-02,M025,28860
2026-04-02,M026,43500
2026-04-02,M027,38477
2026-04-02,M028,74062
2026-04-02,M029,30631
2026-04-02,M030,58530
2026-04-02,M031,27191
2026-04-02,M032,54548
2026-04-02,M033,34403
2026-04-02,M034,72609
2026-04-02,M035,65039
2026-04-02,M036,58391
2026-04-02,M037,22242
2026-04-02,M038,49126
2026-04-02,M039,45270
2026-04-02,M040,96200
2026-04-02,M041,39372
2026-04-02,M042,83772
2026-04-02,M043,38219
2026-04-02,M044,76829
2026-04-02,M045,46258
2026-04-02,M046,52311
2026-04-02,M047,49162
2026-04-02,M048,96719
2026-04-03,M001,11972
2026-04-03,M002,19751
2026-04-03,M003,27581
2026-04-03,M004,29882
2026-04-03,M005,39921
2026-04-03,M006,38043
2026-04-03,M007,37434
2026-04-03,M008,19623
2026-04-03,M009,28613
2026-04-03,M010,35749
2026-04-03,M011,33260
2026-04-03,M012,34501
2026-04-03,M013,34425
2026-04-03,M014,46291
2026-04-03,M015,35466
2026-04-03,M016,26304
2026-04-03,M017,33159
2026-04-03,M018,53653
2026-04-03,M019,41511
2026-04-03,M020,39318
2026-04-03,M021,35019
2026-04-03,M022,34244
2026-04-03,M023,44391
2026-04-03,M024,46086
2026-04-03,M025,44978
2026-04-03,M026,39210
2026-04-03,M027,52909
2026-04-03,M028,44098
2026-04-03,M029,43053
2026-04-03,M030,53742
2026-04-03,M031,36782
2026-04-03,M032,36939
2026-04-03,M033,44217
2026-04-03,M034,66643
2026-04-03,M035,93325
2026-04-03,M036,38934
2026-04-03,M037,33798
2026-04-03,M038,45080
2026-04-03,M039,63134
2026-04-03,M040,53613
2026-04-03,M041,51579
2026-04-03,M042,77359
2026-04-03,M043,49448
2026-04-03,M044,44566
2026-04-03,M045,56546
2026-04-03,M046,48096
2026-04-03,M047,68159
2026-04-03,M048,65842
2026-04-04,M001,15125
2026-04-04,M002,16418
2026-04-04,M003,21290
2026-04-04,M004,21604
2026-04-04,M005,43873
2026-04-04,M006,29889
2026-04-04,M007,27993
2026-04-04,M008,15503
2026-04-04,M009,36576
2026-04-04,M010,31590
2026-04-04,M011,28176
2026-04-04,M012,26328
2026-04-04,M013,39582
2026-04-04,M014,34823
2026-04-04,M015,29655
2026-04-04,M016,18508
2026-04-04,M017,38823
2026-04-04,M018,38911
2026-04-04,M019,36373
2026-04-04,M020,31914
2026-04-04,M021,43424
2026-04-04,M022,27575
2026-04-04,M023,34547
2026-04-04,M024,33768
2026-04-04,M025,49137
2026-04-04,M026,31561
2026-04-04,M027,42838
2026-04-04,M028,37477
2026-04-04,M029,47462
2026-04-04,M030,46290
2026-04-04,M031,30108
2026-04-04,M032,29215
2026-04-04,M033,54104
2026-04-04,M034,55164
2026-04-04,M035,67912
2026-04-04,M036,33148
2026-04-04,M037,38563
2026-04-04,M038,35766
2026-04-04,M039,49094
2026-04-04,M040,46216
2026-04-04,M041,61025
2026-04-04,M042,62363
2026-04-04,M043,39531
2026-04-04,M044,37894
2026-04-04,M045,72473
2026-04-04,M046,41060
2026-04-04,M047,55224
2026-04-04,M048,46956
2026-04-05,M001,13311
2026-04-05,M002,13338
2026-04-05,M003,23664
2026-04-05,M004,30081
2026-04-05,M005,48218
2026-04-05,M006,24930
2026-04-05,M007,29909
2026-04-05,M008,21427
2026-04-05,M009,35514
2026-04-05,M010,23788
2026-04-05,M011,27212
2026-04-05,M012,32417
2026-04-05,M013,35835
2026-04-05,M014,31733
2026-04-05,M015,30818
2026-04-05,M016,25864
2026-04-05,M017,39518
2026-04-05,M018,33340
2026-04-05,M019,35555
2026-04-05,M020,44002
2026-04-05,M021,46011
2026-04-05,M022,21701
2026-04-05,M023,38727
2026-04-05,M024,43386
2026-04-05,M025,50569
2026-04-05,M026,28634
2026-04-05,M027,40268
2026-04-05,M028,46057
2026-04-05,M029,50040
2026-04-05,M030,39572
2026-04-05,M031,29485
2026-04-05,M032,36567
2026-04-05,M033,57250
2026-04-05,M034,46507
2026-04-05,M035,68840
2026-04-05,M036,41414
2026-04-05,M037,39287
2026-04-05,M038,31835
2026-04-05,M039,52322
2026-04-05,M040,58508
2026-04-05,M041,61061
2026-04-05,M042,53312
2026-04-05,M043,37188
2026-04-05,M044,47509
2026-04-05,M045,74151
2026-04-05,M046,34770
2026-04-05,M047,54476
2026-04-05,M048,66350
2026-04-06,M001,8234
2026-04-06,M002,22442
2026-04-06,M003,20483
2026-04-06,M004,42102
2026-04-06,M005,28341
2026-04-06,M006,39060
2026-04-06,M007,25739
2026-04-06,M008,32859
2026-04-06,M009,20224
2026-04-06,M010,39683
2026-04-06,M011,24392
2026-04-06,M012,50892
2026-04-06,M013,23083
2026-04-06,M014,46611
2026-04-06,M015,26286
2026-04-06,M016,40943
2026-04-06,M017,25806
2026-04-06,M018,55321
2026-04-06,M019,29518
2026-04-06,M020,61184
2026-04-06,M021,25300
2026-04-06,M022,37084
2026-04-06,M023,34377
2026-04-06,M024,70767
2026-04-06,M025,29780
2026-04-06,M026,43115
2026-04-06,M027,39336
2026-04-06,M028,79717
2026-04-06,M029,27474
2026-04-06,M030,65198
2026-04-06,M031,27342
2026-04-06,M032,61704
2026-04-06,M033,36048
2026-04-06,M034,69126
2026-04-06,M035,64560
2026-04-06,M036,65553
2026-04-06,M037,23870
2026-04-06,M038,47594
2026-04-06,M039,47962
2026-04-06,M040,99274
2026-04-06,M041,34763
2026-04-06,M042,76393
2026-04-06,M043,36235
2026-04-06,M044,77623
2026-04-06,M045,47703
2026-04-06,M046,59032
2026-04-06,M047,50486
2026-04-06,M048,100506
2026-04-07,M001,11896
2026-04-07,M002,17970
2026-04-07,M003,26528
2026-04-07,M004,25836
2026-04-07,M005,37801
2026-04-07,M006,37277
2026-04-07,M007,33918
2026-04-07,M008,21260
2026-04-07,M009,29628
2026-04-07,M010,35337
2026-04-07,M011,32309
2026-04-07,M012,33108
2026-04-07,M013,34583
2026-04-07,M014,49094
2026-04-07,M015,37335
2026-04-07,M016,26035
2026-04-07,M017,31875
2026-04-07,M018,49787
2026-04-07,M019,42786
2026-04-07,M020,40460
2026-04-07,M021,34507
2026-04-07,M022,32259
2026-04-07,M023,45593
2026-04-07,M024,43388
2026-04-07,M025,45099
2026-04-07,M026,40223
2026-04-07,M027,50906
2026-04-07,M028,48607
2026-04-07,M029,41914
2026-04-07,M030,59428
2026-04-07,M031,36904
2026-04-07,M032,36553
2026-04-07,M033,48470
2026-04-07,M034,72311
2026-04-07,M035,83800
2026-04-07,M036,39500
2026-04-07,M037,31362
2026-04-07,M038,46780
2026-04-07,M039,65782
2026-04-07,M040,62690
2026-04-07,M041,48519
2026-04-07,M042,71920
2026-04-07,M043,47792
2026-04-07,M044,47048
2026-04-07,M045,58660
2026-04-07,M046,51387
2026-04-07,M047,65503
2026-04-07,M048,66057
2026-04-08,M001,15858
2026-04-08,M002,17730
2026-04-08,M003,24660
2026-04-08,M004,26774
2026-04-08,M005,52921
2026-04-08,M006,34824
2026-04-08,M007,30017
2026-04-08,M008,17448
2026-04-08,M009,34698
2026-04-08,M010,32191
2026-04-08,M011,29022
2026-04-08,M012,31308
2026-04-08,M013,41435
2026-04-08,M014,38580
2026-04-08,M015,34715
2026-04-08,M016,21117
2026-04-08,M017,48754
2026-04-08,M018,46100
2026-04-08,M019,39547
2026-04-08,M020,35146
2026-04-08,M021,47874
2026-04-08,M022,28394
2026-04-08,M023,40686
2026-04-08,M024,41576
2026-04-08,M025,53130
2026-04-08,M026,33333
2026-04-08,M027,48708
2026-04-08,M028,40084
2026-04-08,M029,56745
2026-04-08,M030,48740
2026-04-08,M031,34580
2026-04-08,M032,30688
2026-04-08,M033,62930
2026-04-08,M034,60752
2026-04-08,M035,74023
2026-04-08,M036,31574
2026-04-08,M037,44274
2026-04-08,M038,39362
2026-04-08,M039,57242
2026-04-08,M040,55599
2026-04-08,M041,65707
2026-04-08,M042,60930
2026-04-08,M043,41263
2026-04-08,M044,39037
2026-04-08,M045,80134
2026-04-08,M046,47629
2026-04-08,M047,57618
2026-04-08,M048,54617
2026-04-09,M001,16095
2026-04-09,M002,14926
2026-04-09,M003,25058
2026-04-09,M004,34413
2026-04-09,M005,51475
2026-04-09,M006,27242
2026-04-09,M007,30195
2026-04-09,M008,23444
2026-04-09,M009,35629
2026-04-09,M010,29391
2026-04-09,M011,27581
2026-04-09,M012,37821
2026-04-09,M013,44164
2026-04-09,M014,33651
2026-04-09,M015,34948
2026-04-09,M016,30379
2026-04-09,M017,43705
2026-04-09,M018,39536
2026-04-09,M019,37115
2026-04-09,M020,49682
2026-04-09,M021,46210
2026-04-09,M022,26083
2026-04-09,M023,42452
2026-04-09,M024,48717
2026-04-09,M025,56706
2026-04-09,M026,32669
2026-04-09,M027,45270
2026-04-09,M028,56033
2026-04-09,M029,54189
2026-04-09,M030,44847
2026-04-09,M031,31478
2026-04-09,M032,40519
2026-04-09,M033,62837
2026-04-09,M034,52468
2026-04-09,M035,76228
2026-04-09,M036,42346
2026-04-09,M037,43131
2026-04-09,M038,38592
2026-04-09,M039,58763
2026-04-09,M040,69724
2026-04-09,M041,67103
2026-04-09,M042,58165
2026-04-09,M043,41753
2026-04-09,M044,52478
2026-04-09,M045,83554
2026-04-09,M046,40571
2026-04-09,M047,61406
2026-04-09,M048,71106
2026-04-10,M001,8259
2026-04-10,M002,19838
2026-04-10,M003,21760
2026-04-10,M004,44097
2026-04-10,M005,28284
2026-04-10,M006,41204
2026-04-10,M007,24794
2026-04-10,M008,34778
2026-04-10,M009,19743
2026-04-10,M010,41798
2026-04-10,M011,25336
2026-04-10,M012,52831
2026-04-10,M013,24746
2026-04-10,M014,46532
2026-04-10,M015,26718
2026-04-10,M016,37486
2026-04-10,M017,23975
2026-04-10,M018,56514
2026-04-10,M019,31995
2026-04-10,M020,63797
2026-04-10,M021,26107
2026-04-10,M022,34837
2026-04-10,M023,36122
2026-04-10,M024,72977
2026-04-10,M025,30831
2026-04-10,M026,43209
2026-04-10,M027,37959
2026-04-10,M028,70910
2026-04-10,M029,31737
2026-04-10,M030,65319
2026-04-10,M031,27752
2026-04-10,M032,60734
2026-04-10,M033,35541
2026-04-10,M034,74107
2026-04-10,M035,64249
2026-04-10,M036,58449
2026-04-10,M037,24058
2026-04-10,M038,51070
2026-04-10,M039,48813
2026-04-10,M040,96221
2026-04-10,M041,34491
2026-04-10,M042,81019
2026-04-10,M043,37532
2026-04-10,M044,76347
2026-04-10,M045,42607
2026-04-10,M046,51296
2026-04-10,M047,51463
2026-04-10,M048,103681
2026-04-11,M001,11408
2026-04-11,M002,18912
2026-04-11,M003,26702
2026-04-11,M004,26185
2026-04-11,M005,35298
2026-04-11,M006,31697
2026-04-11,M007,35100
2026-04-11,M008,17288
2026-04-11,M009,25619
2026-04-11,M010,34655
2026-04-11,M011,31077
2026-04-11,M012,28404
2026-04-11,M013,26924
2026-04-11,M014,42296
2026-04-11,M015,35917
2026-04-11,M016,23229
2026-04-11,M017,28577
2026-04-11,M018,44624
2026-04-11,M019,40617
2026-04-11,M020,37955
2026-04-11,M021,34698
2026-04-11,M022,30585
2026-04-11,M023,41457
2026-04-11,M024,40728
2026-04-11,M025,40588
2026-04-11,M026,38246
2026-04-11,M027,47556
2026-04-11,M028,41474
2026-04-11,M029,37369
2026-04-11,M030,50111
2026-04-11,M031,33513
2026-04-11,M032,31467
2026-04-11,M033,45146
2026-04-11,M034,63508
2026-04-11,M035,81441
2026-04-11,M036,36605
2026-04-11,M037,27881
2026-04-11,M038,41322
2026-04-11,M039,53309
2026-04-11,M040,49124
2026-04-11,M041,42600
2026-04-11,M042,66028
2026-04-11,M043,46245
2026-04-11,M044,38755
2026-04-11,M045,58194
2026-04-11,M046,48438
2026-04-11,M047,58807
2026-04-11,M048,60658
2026-04-12,M001,13954
2026-04-12,M002,16475
2026-04-12,M003,21755
2026-04-12,M004,22850
2026-04-12,M005,46414
2026-04-12,M006,30678
2026-04-12,M007,30291
2026-04-12,M008,15654
2026-04-12,M009,33935
2026-04-12,M010,30828
2026-04-12,M011,28951
2026-04-12,M012,26407
2026-04-12,M013,37959
2026-04-12,M014,35692
2026-04-12,M015,28626
2026-04-12,M016,20838
2026-04-12,M017,41608
2026-04-12,M018,40128
2026-04-12,M019,33065
2026-04-12,M020,33119
2026-04-12,M021,42065
2026-04-12,M022,28768
2026-04-12,M023,37910
2026-04-12,M024,37434
2026-04-12,M025,46771
2026-04-12,M026,31897
2026-04-12,M027,44359
2026-04-12,M028,37440
2026-04-12,M029,50061
2026-04-12,M030,46739
2026-04-12,M031,27605
2026-04-12,M032,28088
2026-04-12,M033,54216
2026-04-12,M034,55488
2026-04-12,M035,73138
2026-04-12,M036,31006
2026-04-12,M037,40553
2026-04-12,M038,36108
2026-04-12,M039,52767
2026-04-12,M040,45252
2026-04-12,M041,64058
2026-04-12,M042,60433
2026-04-12,M043,40651
2026-04-12,M044,38388
2026-04-12,M045,74662
2026-04-12,M046,38529
2026-04-12,M047,53106
2026-04-12,M048,52157
2026-04-13,M001,14755
2026-04-13,M002,14633
2026-04-13,M003,22784
2026-04-13,M004,31290
2026-04-13,M005,51505
2026-04-13,M006,28679
2026-04-13,M007,30614
2026-04-13,M008,22943
2026-04-13,M009,35571
2026-04-13,M010,27182
2026-04-13,M011,29202
2026-04-13,M012,41234
2026-04-13,M013,40467
2026-04-13,M014,35933
2026-04-13,M015,31880
2026-04-13,M016,27342
2026-04-13,M017,42274
2026-04-13,M018,37951
2026-04-13,M019,34596
2026-04-13,M020,45038
2026-04-13,M021,49625
2026-04-13,M022,27108
2026-04-13,M023,43004
2026-04-13,M024,51231
2026-04-13,M025,54701
2026-04-13,M026,32204
2026-04-13,M027,50139
2026-04-13,M028,56656
2026-04-13,M029,55353
2026-04-13,M030,41965
2026-04-13,M031,29821
2026-04-13,M032,40749
2026-04-13,M033,63213
2026-04-13,M034,55127
2026-04-13,M035,80976
2026-04-13,M036,45222
2026-04-13,M037,42481
2026-04-13,M038,37242
2026-04-13,M039,51747
2026-04-13,M040,66739
2026-04-13,M041,70724
2026-04-13,M042,57802
2026-04-13,M043,41334
2026-04-13,M044,54285
2026-04-13,M045,83956
2026-04-13,M046,35905
2026-04-13,M047,55986
2026-04-13,M048,73465
2026-04-14,M001,8781
2026-04-14,M002,20574
2026-04-14,M003,20651
2026-04-14,M004,42549
2026-04-14,M005,26414
2026-04-14,M006,38152
2026-04-14,M007,26618
2026-04-14,M008,32306
2026-04-14,M009,22062
2026-04-14,M010,40783
2026-04-14,M011,26145
2026-04-14,M012,52839
2026-04-14,M013,25087
2026-04-14,M014,46670
2026-04-14,M015,25730
2026-04-14,M016,37202
2026-04-14,M017,24260
2026-04-14,M018,54634
2026-04-14,M019,32159
2026-04-14,M020,64564
2026-04-14,M021,28225
2026-04-14,M022,35403
2026-04-14,M023,33739
2026-04-14,M024,75692
2026-04-14,M025,28243
2026-04-14,M026,46427
2026-04-14,M027,40725
2026-04-14,M028,76342
2026-04-14,M029,27590
2026-04-14,M030,65525
2026-04-14,M031,25520
2026-04-14,M032,58046
2026-04-14,M033,33125
2026-04-14,M034,69664
2026-04-14,M035,68194
2026-04-14,M036,64055
2026-04-14,M037,22738
2026-04-14,M038,51068
2026-04-14,M039,49367
2026-04-14,M040,91377
2026-04-14,M041,38098
2026-04-14,M042,82954
2026-04-14,M043,37074
2026-04-14,M044,73360
2026-04-14,M045,46892
2026-04-14,M046,53385
2026-04-14,M047,49717
2026-04-14,M048,95824
2026-04-15,M001,12241
2026-04-15,M002,18366
2026-04-15,M003,25920
2026-04-15,M004,27661
2026-04-15,M005,40226
2026-04-15,M006,38829
2026-04-15,M007,37320
2026-04-15,M008,18638
2026-04-15,M009,28882
2026-04-15,M010,34558
2026-04-15,M011,32634
2026-04-15,M012,30425
2026-04-15,M013,32982
2026-04-15,M014,48868
2026-04-15,M015,35651
2026-04-15,M016,24551
2026-04-15,M017,34804
2026-04-15,M018,51453
2026-04-15,M019,40102
2026-04-15,M020,37905
2026-04-15,M021,36344
2026-04-15,M022,31590
2026-04-15,M023,44092
2026-04-15,M024,42405
2026-04-15,M025,39594
2026-04-15,M026,39145
2026-04-15,M027,56749
2026-04-15,M028,47603
2026-04-15,M029,40852
2026-04-15,M030,56154
2026-04-15,M031,34673
2026-04-15,M032,38186
2026-04-15,M033,45284
2026-04-15,M034,68065
2026-04-15,M035,91419
2026-04-15,M036,39105
2026-04-15,M037,34772
2026-04-15,M038,50971
2026-04-15,M039,63185
2026-04-15,M040,58291
2026-04-15,M041,52992
2026-04-15,M042,74862
2026-04-15,M043,47775
2026-04-15,M044,46800
2026-04-15,M045,63037
2026-04-15,M046,47666
2026-04-15,M047,64250
2026-04-15,M048,67422
2026-04-16,M001,16548
2026-04-16,M002,17801
2026-04-16,M003,25688
2026-04-16,M004,23521
2026-04-16,M005,49065
2026-04-16,M006,32504
2026-04-16,M007,30257
2026-04-16,M008,18261
2026-04-16,M009,37313
2026-04-16,M010,31911
2026-04-16,M011,31549
2026-04-16,M012,27636
2026-04-16,M013,42566
2026-04-16,M014,41525
2026-04-16,M015,31080
2026-04-16,M016,21024
2026-04-16,M017,45984
2026-04-16,M018,44655
2026-04-16,M019,38060
2026-04-16,M020,39085
2026-04-16,M021,48414
2026-04-16,M022,31104
2026-04-16,M023,39960
2026-04-16,M024,41983
2026-04-16,M025,57572
2026-04-16,M026,34086
2026-04-16,M027,50384
2026-04-16,M028,42591
2026-04-16,M029,57719
2026-04-16,M030,54147
2026-04-16,M031,34818
2026-04-16,M032,32950
2026-04-16,M033,62243
2026-04-16,M034,55923
2026-04-16,M035,76874
2026-04-16,M036,33561
2026-04-16,M037,44512
2026-04-16,M038,43177
2026-04-16,M039,52468
2026-04-16,M040,50993
2026-04-16,M041,72877
2026-04-16,M042,62934
2026-04-16,M043,45236
2026-04-16,M044,39941
2026-04-16,M045,77621
2026-04-16,M046,48381
2026-04-16,M047,62815
2026-04-16,M048,52499
2026-04-17,M001,16495
2026-04-17,M002,15916
2026-04-17,M003,24704
2026-04-17,M004,32112
2026-04-17,M005,47064
2026-04-17,M006,30202
2026-04-17,M007,29917
2026-04-17,M008,22288
2026-04-17,M009,36194
2026-04-17,M010,29568
2026-04-17,M011,27852
2026-04-17,M012,36255
2026-04-17,M013,42842
2026-04-17,M014,36893
2026-04-17,M015,30529
2026-04-17,M016,29492
2026-04-17,M017,43735
2026-04-17,M018,38794
2026-04-17,M019,34456
2026-04-17,M020,46483
2026-04-17,M021,44162
2026-04-17,M022,26996
2026-04-17,M023,38879
2026-04-17,M024,46993
2026-04-17,M025,56730
2026-04-17,M026,30359
2026-04-17,M027,43844
2026-04-17,M028,54884
2026-04-17,M029,52174
2026-04-17,M030,40494
2026-04-17,M031,31892
2026-04-17,M032,40065
2026-04-17,M033,60921
2026-04-17,M034,48852
2026-04-17,M035,74618
2026-04-17,M036,43470
2026-04-17,M037,41845
2026-04-17,M038,34074
2026-04-17,M039,56886
2026-04-17,M040,71486
2026-04-17,M041,65401
2026-04-17,M042,58831
2026-04-17,M043,39227
2026-04-17,M044,50710
2026-04-17,M045,74977
2026-04-17,M046,38261
2026-04-17,M047,58418
2026-04-17,M048,74837
2026-04-18,M001,8603
2026-04-18,M002,18826
2026-04-18,M003,18475
2026-04-18,M004,39870
2026-04-18,M005,26754
2026-04-18,M006,36882
2026-04-18,M007,22494
2026-04-18,M008,30902
2026-04-18,M009,19789
2026-04-18,M010,36651
2026-04-18,M011,24206
2026-04-18,M012,50045
2026-04-18,M013,20447
2026-04-18,M014,45286
2026-04-18,M015,25761
2026-04-18,M016,36580
2026-04-18,M017,22617
2026-04-18,M018,45083
2026-04-18,M019,28898
2026-04-18,M020,62066
2026-04-18,M021,23992
2026-04-18,M022,30698
2026-04-18,M023,30749
2026-04-18,M024,66111
2026-04-18,M025,29389
2026-04-18,M026,37903
2026-04-18,M027,38552
2026-04-18,M028,66539
2026-04-18,M029,28409
2026-04-18,M030,56626
2026-04-18,M031,23687
2026-04-18,M032,50617
2026-04-18,M033,31986
2026-04-18,M034,69382
2026-04-18,M035,55668
2026-04-18,M036,52973
2026-04-18,M037,20468
2026-04-18,M038,45154
2026-04-18,M039,42469
2026-04-18,M040,79617
2026-04-18,M041,31729
2026-04-18,M042,72601
2026-04-18,M043,34899
2026-04-18,M044,67364
2026-04-18,M045,37299
2026-04-18,M046,47376
2026-04-18,M047,47575
2026-04-18,M048,96815
2026-04-19,M001,11120
2026-04-19,M002,16715
2026-04-19,M003,26163
2026-04-19,M004,25505
2026-04-19,M005,36945
2026-04-19,M006,35183
2026-04-19,M007,31172
2026-04-19,M008,16973
2026-04-19,M009,27522
2026-04-19,M010,32652
2026-04-19,M011,28985
2026-04-19,M012,30333
2026-04-19,M013,29642
2026-04-19,M014,41691
2026-04-19,M015,33559
2026-04-19,M016,21978
2026-04-19,M017,30629
2026-04-19,M018,41778
2026-04-19,M019,37654
2026-04-19,M020,36784
2026-04-19,M021,33108
2026-04-19,M022,32001
2026-04-19,M023,38874
2026-04-19,M024,37160
2026-04-19,M025,35743
2026-04-19,M026,38277
2026-04-19,M027,47752
2026-04-19,M028,41706
2026-04-19,M029,35082
2026-04-19,M030,49332
2026-04-19,M031,31424
2026-04-19,M032,30226
2026-04-19,M033,44514
2026-04-19,M034,62197
2026-04-19,M035,73136
2026-04-19,M036,33695
2026-04-19,M037,31286
2026-04-19,M038,42856
2026-04-19,M039,59613
2026-04-19,M040,55171
2026-04-19,M041,42822
2026-04-19,M042,60215
2026-04-19,M043,46834
2026-04-19,M044,42470
2026-04-19,M045,56348
2026-04-19,M046,44396
2026-04-19,M047,57551
2026-04-19,M048,52572
2026-04-20,M001,17001
2026-04-20,M002,16870
2026-04-20,M003,23390
2026-04-20,M004,25187
2026-04-20,M005,48802
2026-04-20,M006,33261
2026-04-20,M007,34110
2026-04-20,M008,17395
2026-04-20,M009,39439
2026-04-20,M010,33093
2026-04-20,M011,28583
2026-04-20,M012,29966
2026-04-20,M013,40955
2026-04-20,M014,42231
2026-04-20,M015,34521
2026-04-20,M016,24019
2026-04-20,M017,42271
2026-04-20,M018,41663
2026-04-20,M019,37655
2026-04-20,M020,37746
2026-04-20,M021,45526
2026-04-20,M022,31080
2026-04-20,M023,38417
2026-04-20,M024,38318
2026-04-20,M025,58658
2026-04-20,M026,33253
2026-04-20,M027,47152
2026-04-20,M028,43441
2026-04-20,M029,50944
2026-04-20,M030,53896
2026-04-20,M031,31725
2026-04-20,M032,30017
2026-04-20,M033,66865
2026-04-20,M034,62228
2026-04-20,M035,72183
2026-04-20,M036,34210
2026-04-20,M037,44748
2026-04-20,M038,43331
2026-04-20,M039,54043
2026-04-20,M040,54663
2026-04-20,M041,67340
2026-04-20,M042,60722
2026-04-20,M043,43422
2026-04-20,M044,42910
2026-04-20,M045,78064
2026-04-20,M046,43077
2026-04-20,M047,63363
2026-04-20,M048,56128
2026-04-21,M001,15987
2026-04-21,M002,15632
2026-04-21,M003,24808
2026-04-21,M004,31232
2026-04-21,M005,47651
2026-04-21,M006,30189
2026-04-21,M007,32130
2026-04-21,M008,21430
2026-04-21,M009,35453
2026-04-21,M010,29983
2026-04-21,M011,27670
2026-04-21,M012,40743
2026-04-21,M013,41194
2026-04-21,M014,33189
2026-04-21,M015,33281
2026-04-21,M016,27171
2026-04-21,M017,42020
2026-04-21,M018,37841
2026-04-21,M019,38062
2026-04-21,M020,49942
2026-04-21,M021,49485
2026-04-21,M022,27231
2026-04-21,M023,41906
2026-04-21,M024,48221
2026-04-21,M025,51523
2026-04-21,M026,28450
2026-04-21,M027,49373
2026-04-21,M028,55620
2026-04-21,M029,50289
2026-04-21,M030,40811
2026-04-21,M031,29662
2026-04-21,M032,41388
2026-04-21,M033,62295
2026-04-21,M034,51698
2026-04-21,M035,75414
2026-04-21,M036,46334
2026-04-21,M037,39990
2026-04-21,M038,34776
2026-04-21,M039,51163
2026-04-21,M040,64351
2026-04-21,M041,68428
2026-04-21,M042,54901
2026-04-21,M043,45866
2026-04-21,M044,53909
2026-04-21,M045,83249
2026-04-21,M046,39581
2026-04-21,M047,55600
2026-04-21,M048,73538
2026-04-22,M001,9123
2026-04-22,M002,19810
2026-04-22,M003,21988
2026-04-22,M004,47756
2026-04-22,M005,29167
2026-04-22,M006,37893
2026-04-22,M007,27265
2026-04-22,M008,30823
2026-04-22,M009,20907
2026-04-22,M010,42459
2026-04-22,M011,25762
2026-04-22,M012,52328
2026-04-22,M013,25240
2026-04-22,M014,50731
2026-04-22,M015,29407
2026-04-22,M016,41592
2026-04-22,M017,23873
2026-04-22,M018,54341
2026-04-22,M019,29812
2026-04-22,M020,64587
2026-04-22,M021,25172
2026-04-22,M022,33568
2026-04-22,M023,34798
2026-04-22,M024,68920
2026-04-22,M025,28410
2026-04-22,M026,45672
2026-04-22,M027,41876
2026-04-22,M028,75420
2026-04-22,M029,28025
2026-04-22,M030,60946
2026-04-22,M031,25613
2026-04-22,M032,54778
2026-04-22,M033,35782
2026-04-22,M034,69993
2026-04-22,M035,60551
2026-04-22,M036,65597
2026-04-22,M037,25009
2026-04-22,M038,49691
2026-04-22,M039,47768
2026-04-22,M040,96361
2026-04-22,M041,37974
2026-04-22,M042,79916
2026-04-22,M043,35044
2026-04-22,M044,78417
2026-04-22,M045,42353
2026-04-22,M046,53500
2026-04-22,M047,51232
2026-04-22,M048,96297
2026-04-23,M001,12426
2026-04-23,M002,19282
2026-04-23,M003,27294
2026-04-23,M004,27209
2026-04-23,M005,36612
2026-04-23,M006,36441
2026-04-23,M007,37652
2026-04-23,M008,21075
2026-04-23,M009,26469
2026-04-23,M010,36392
2026-04-23,M011,35251
2026-04-23,M012,34718
2026-04-23,M013,34025
2026-04-23,M014,47375
2026-04-23,M015,37519
2026-04-23,M016,24289
2026-04-23,M017,33428
2026-04-23,M018,51596
2026-04-23,M019,43657
2026-04-23,M020,43667
2026-04-23,M021,33456
2026-04-23,M022,33536
2026-04-23,M023,47991
2026-04-23,M024,46248
2026-04-23,M025,41341
2026-04-23,M026,40791
2026-04-23,M027,56479
2026-04-23,M028,43200
2026-04-23,M029,43712
2026-04-23,M030,55128
2026-04-23,M031,38441
2026-04-23,M032,38195
2026-04-23,M033,46163
2026-04-23,M034,67515
2026-04-23,M035,83781
2026-04-23,M036,37303
2026-04-23,M037,34323
2026-04-23,M038,50421
2026-04-23,M039,67112
2026-04-23,M040,60727
2026-04-23,M041,47555
2026-04-23,M042,66690
2026-04-23,M043,51090
2026-04-23,M044,45934
2026-04-23,M045,64004
2026-04-23,M046,51928
2026-04-23,M047,63114
2026-04-23,M048,66410
2026-04-24,M001,15375
2026-04-24,M002,17193
2026-04-24,M003,25562
2026-04-24,M004,24391
2026-04-24,M005,48763
2026-04-24,M006,34029
2026-04-24,M007,33569
2026-04-24,M008,18327
2026-04-24,M009,37132
2026-04-24,M010,33876
2026-04-24,M011,28292
2026-04-24,M012,27772
2026-04-24,M013,40121
2026-04-24,M014,39209
2026-04-24,M015,34796
2026-04-24,M016,21586
2026-04-24,M017,46437
2026-04-24,M018,46760
2026-04-24,M019,34599
2026-04-24,M020,35739
2026-04-24,M021,48269
2026-04-24,M022,28344
2026-04-24,M023,39035
2026-04-24,M024,39262
2026-04-24,M025,53643
2026-04-24,M026,35757
2026-04-24,M027,49987
2026-04-24,M028,39049
2026-04-24,M029,50356
2026-04-24,M030,52928
2026-04-24,M031,34731
2026-04-24,M032,31302
2026-04-24,M033,63288
2026-04-24,M034,62160
2026-04-24,M035,80667
2026-04-24,M036,33703
2026-04-24,M037,46498
2026-04-24,M038,42197
2026-04-24,M039,52912
2026-04-24,M040,54760
2026-04-24,M041,67029
2026-04-24,M042,62761
2026-04-24,M043,42754
2026-04-24,M044,43052
2026-04-24,M045,82766
2026-04-24,M046,48191
2026-04-24,M047,57158
2026-04-24,M048,60634
2026-04-25,M001,14803
2026-04-25,M002,12809
2026-04-25,M003,21754
2026-04-25,M004,29724
2026-04-25,M005,45141
2026-04-25,M006,25543
2026-04-25,M007,30017
2026-04-25,M008,21360
2026-04-25,M009,30844
2026-04-25,M010,24283
2026-04-25,M011,26206
2026-04-25,M012,36346
2026-04-25,M013,37567
2026-04-25,M014,32803
2026-04-25,M015,31393
2026-04-25,M016,27034
2026-04-25,M017,37181
2026-04-25,M018,32216
2026-04-25,M019,32716
2026-04-25,M020,39119
2026-04-25,M021,41964
2026-04-25,M022,24631
2026-04-25,M023,35995
2026-04-25,M024,48104
2026-04-25,M025,52615
2026-04-25,M026,28969
2026-04-25,M027,43889
2026-04-25,M028,47386
2026-04-25,M029,49656
2026-04-25,M030,40226
2026-04-25,M031,29377
2026-04-25,M032,36596
2026-04-25,M033,59952
2026-04-25,M034,49484
2026-04-25,M035,72145
2026-04-25,M036,41389
2026-04-25,M037,36022
2026-04-25,M038,32289
2026-04-25,M039,48967
2026-04-25,M040,63700
2026-04-25,M041,62218
2026-04-25,M042,52690
2026-04-25,M043,37888
2026-04-25,M044,47398
2026-04-25,M045,68003
2026-04-25,M046,36907
2026-04-25,M047,52987
2026-04-25,M048,62935
2026-04-26,M001,7480
2026-04-26,M002,17834
2026-04-26,M003,19052
2026-04-26,M004,41089
2026-04-26,M005,25710
2026-04-26,M006,38400
2026-04-26,M007,23376
2026-04-26,M008,29362
2026-04-26,M009,18960
2026-04-26,M010,39129
2026-04-26,M011,20869
2026-04-26,M012,49711
2026-04-26,M013,19735
2026-04-26,M014,45129
2026-04-26,M015,26007
2026-04-26,M016,35710
2026-04-26,M017,22168
2026-04-26,M018,46804
2026-04-26,M019,27163
2026-04-26,M020,59697
2026-04-26,M021,23379
2026-04-26,M022,31234
2026-04-26,M023,31522
2026-04-26,M024,59625
2026-04-26,M025,29206
2026-04-26,M026,37297
2026-04-26,M027,34680
2026-04-26,M028,67440
2026-04-26,M029,28340
2026-04-26,M030,56122
2026-04-26,M031,23115
2026-04-26,M032,50439
2026-04-26,M033,30937
2026-04-26,M034,67533
2026-04-26,M035,59571
2026-04-26,M036,56435
2026-04-26,M037,21046
2026-04-26,M038,49073
2026-04-26,M039,42631
2026-04-26,M040,84817
2026-04-26,M041,34283
2026-04-26,M042,73106
2026-04-26,M043,33662
2026-04-26,M044,69140
2026-04-26,M045,38341
2026-04-26,M046,48654
2026-04-26,M047,43610
2026-04-26,M048,97999
2026-04-27,M001,11437
2026-04-27,M002,18415
2026-04-27,M003,27726
2026-04-27,M004,25681
2026-04-27,M005,38262
2026-04-27,M006,37838
2026-04-27,M007,39021
2026-04-27,M008,20226
2026-04-27,M009,29706
2026-04-27,M010,36253
2026-04-27,M011,33600
2026-04-27,M012,32701
2026-04-27,M013,30906
2026-04-27,M014,49917
2026-04-27,M015,35161
2026-04-27,M016,25289
2026-04-27,M017,32311
2026-04-27,M018,51492
2026-04-27,M019,40406
2026-04-27,M020,40813
2026-04-27,M021,38008
2026-04-27,M022,34576
2026-04-27,M023,45174
2026-04-27,M024,43623
2026-04-27,M025,39836
2026-04-27,M026,38654
2026-04-27,M027,57352
2026-04-27,M028,42386
2026-04-27,M029,42440
2026-04-27,M030,54891
2026-04-27,M031,34759
2026-04-27,M032,33279
2026-04-27,M033,49782
2026-04-27,M034,66857
2026-04-27,M035,89321
2026-04-27,M036,37365
2026-04-27,M037,35291
2026-04-27,M038,45642
2026-04-27,M039,64705
2026-04-27,M040,55724
2026-04-27,M041,51611
2026-04-27,M042,75776
2026-04-27,M043,45998
2026-04-27,M044,43189
2026-04-27,M045,61541
2026-04-27,M046,47952
2026-04-27,M047,71147
2026-04-27,M048,61246
2026-04-28,M001,15404
2026-04-28,M002,16369
2026-04-28,M003,23995
2026-04-28,M004,25163
2026-04-28,M005,48146
2026-04-28,M006,35283
2026-04-28,M007,34400
2026-04-28,M008,19303
2026-04-28,M009,35561
2026-04-28,M010,33181
2026-04-28,M011,28760
2026-04-28,M012,30567
2026-04-28,M013,42850
2026-04-28,M014,41098
2026-04-28,M015,33017
2026-04-28,M016,21332
2026-04-28,M017,44618
2026-04-28,M018,41117
2026-04-28,M019,38305
2026-04-28,M020,34009
2026-04-28,M021,48211
2026-04-28,M022,31904
2026-04-28,M023,40541
2026-04-28,M024,36363
2026-04-28,M025,57502
2026-04-28,M026,35426
2026-04-28,M027,47637
2026-04-28,M028,43011
2026-04-28,M029,51559
2026-04-28,M030,51932
2026-04-28,M031,32883
2026-04-28,M032,32568
2026-04-28,M033,67880
2026-04-28,M034,59646
2026-04-28,M035,80062
2026-04-28,M036,32009
2026-04-28,M037,45697
2026-04-28,M038,42479
2026-04-28,M039,53613
2026-04-28,M040,51925
2026-04-28,M041,62681
2026-04-28,M042,60159
2026-04-28,M043,45396
2026-04-28,M044,41236
2026-04-28,M045,76160
2026-04-28,M046,43155
2026-04-28,M047,57079
2026-04-28,M048,58258
2026-04-29,M001,15869
2026-04-29,M002,15331
2026-04-29,M003,24800
2026-04-29,M004,32162
2026-04-29,M005,47366
2026-04-29,M006,29552
2026-04-29,M007,30258
2026-04-29,M008,23199
2026-04-29,M009,34156
2026-04-29,M010,27048
2026-04-29,M011,29677
2026-04-29,M012,40302
2026-04-29,M013,40925
2026-04-29,M014,32855
2026-04-29,M015,33729
2026-04-29,M016,26906
2026-04-29,M017,42592
2026-04-29,M018,39698
2026-04-29,M019,34915
2026-04-29,M020,48394
2026-04-29,M021,50762
2026-04-29,M022,24917
2026-04-29,M023,42172
2026-04-29,M024,52465
2026-04-29,M025,54303
2026-04-29,M026,31744
2026-04-29,M027,49392
2026-04-29,M028,48836
2026-04-29,M029,49424
2026-04-29,M030,45548
2026-04-29,M031,31376
2026-04-29,M032,40323
2026-04-29,M033,59269
2026-04-29,M034,54900
2026-04-29,M035,79301
2026-04-29,M036,44958
2026-04-29,M037,41896
2026-04-29,M038,36341
2026-04-29,M039,57566
2026-04-29,M040,68021
2026-04-29,M041,64707
2026-04-29,M042,53231
2026-04-29,M043,43488
2026-04-29,M044,51714
2026-04-29,M045,83661
2026-04-29,M046,38143
2026-04-29,M047,56706
2026-04-29,M048,74309
2026-04-30,M001,8503
2026-04-30,M002,20982
2026-04-30,M003,21853
2026-04-30,M004,43109
2026-04-30,M005,29205
2026-04-30,M006,42092
2026-04-30,M007,25055
2026-04-30,M008,32507
2026-04-30,M009,20629
2026-04-30,M010,43094
2026-04-30,M011,23777
2026-04-30,M012,57258
2026-04-30,M013,24172
2026-04-30,M014,51740
2026-04-30,M015,27960
2026-04-30,M016,39344
2026-04-30,M017,24506
2026-04-30,M018,55388
2026-04-30,M019,29745
2026-04-30,M020,68124
2026-04-30,M021,25973
2026-04-30,M022,38536
2026-04-30,M023,36443
2026-04-30,M024,70488
2026-04-30,M025,32772
2026-04-30,M026,40568
2026-04-30,M027,41546
2026-04-30,M028,68704
2026-04-30,M029,27740
2026-04-30,M030,60673
2026-04-30,M031,25028
2026-04-30,M032,58031
2026-04-30,M033,33209
2026-04-30,M034,73303
2026-04-30,M035,61701
2026-04-30,M036,64296
2026-04-30,M037,22557
2026-04-30,M038,51397
2026-04-30,M039,46918
2026-04-30,M040,89872
2026-04-30,M041,35192
2026-04-30,M042,72962
2026-04-30,M043,36233
2026-04-30,M044,71391
2026-04-30,M045,44418
2026-04-30,M046,59050
2026-04-30,M047,53110
2026-04-30,M048,107325
2026-05-01,M001,15279
2026-05-01,M002,14806
2026-05-01,M003,22526
2026-05-01,M004,32092
2026-05-01,M005,52272
2026-05-01,M006,27670
2026-05-01,M007,29742
2026-05-01,M008,23020
2026-05-01,M009,33981
2026-05-01,M010,27084
2026-05-01,M011,27074
2026-05-01,M012,38229
2026-05-01,M013,41805
2026-05-01,M014,33844
2026-05-01,M015,30510
2026-05-01,M016,27582
2026-05-01,M017,44260
2026-05-01,M018,38265
2026-05-01,M019,36489
2026-05-01,M020,46266
2026-05-01,M021,43949
2026-05-01,M022,26372
2026-05-01,M023,40098
2026-05-01,M024,47710
2026-05-01,M025,51492
2026-05-01,M026,28001
2026-05-01,M027,49625
2026-05-01,M028,49099
2026-05-01,M029,50925
2026-05-01,M030,46351
2026-05-01,M031,33262
2026-05-01,M032,42427
2026-05-01,M033,57915
2026-05-01,M034,52893
2026-05-01,M035,75155
2026-05-01,M036,46760
2026-05-01,M037,40122
2026-05-01,M038,34063
2026-05-01,M039,54340
2026-05-01,M040,69566
2026-05-01,M041,62266
2026-05-01,M042,51374
2026-05-01,M043,40393
2026-05-01,M044,48894
2026-05-01,M045,76899
2026-05-01,M046,35308
2026-05-01,M047,59301
2026-05-01,M048,66902
2026-05-02,M001,8085
2026-05-02,M002,19845
2026-05-02,M003,18826
2026-05-02,M004,41821
2026-05-02,M005,24689
2026-05-02,M006,37953
2026-05-02,M007,23438
2026-05-02,M008,31172
2026-05-02,M009,17345
2026-05-02,M010,34075
2026-05-02,M011,20860
2026-05-02,M012,49445
2026-05-02,M013,21046
2026-05-02,M014,44694
2026-05-02,M015,25335
2026-05-02,M016,34372
2026-05-02,M017,23164
2026-05-02,M018,44626
2026-05-02,M019,26984
2026-05-02,M020,58879
2026-05-02,M021,22144
2026-05-02,M022,33869
2026-05-02,M023,28086
2026-05-02,M024,66481
2026-05-02,M025,28789
2026-05-02,M026,39863
2026-05-02,M027,34093
2026-05-02,M028,68772
2026-05-02,M029,25384
2026-05-02,M030,57105
2026-05-02,M031,24740
2026-05-02,M032,53068
2026-05-02,M033,31198
2026-05-02,M034,63373
2026-05-02,M035,59133
2026-05-02,M036,57270
2026-05-02,M037,21636
2026-05-02,M038,43144
2026-05-02,M039,43090
2026-05-02,M040,88353
2026-05-02,M041,35144
2026-05-02,M042,64824
2026-05-02,M043,31885
2026-05-02,M044,64881
2026-05-02,M045,38838
2026-05-02,M046,45689
2026-05-02,M047,44983
2026-05-02,M048,95711
2026-05-03,M001,11790
2026-05-03,M002,17291
2026-05-03,M003,25464
2026-05-03,M004,25676
2026-05-03,M005,31937
2026-05-03,M006,35600
2026-05-03,M007,33490
2026-05-03,M008,17125
2026-05-03,M009,26854
2026-05-03,M010,31228
2026-05-03,M011,28956
2026-05-03,M012,31750
2026-05-03,M013,29574
2026-05-03,M014,41952
2026-05-03,M015,31270
2026-05-03,M016,22573
2026-05-03,M017,31736
2026-05-03,M018,45112
2026-05-03,M019,40595
2026-05-03,M020,33826
2026-05-03,M021,30239
2026-05-03,M022,30044
2026-05-03,M023,40875
2026-05-03,M024,41989
2026-05-03,M025,38189
2026-05-03,M026,33975
2026-05-03,M027,44988
2026-05-03,M028,39544
2026-05-03,M029,34320
2026-05-03,M030,53425
2026-05-03,M031,30696
2026-05-03,M032,31574
2026-05-03,M033,39450
2026-05-03,M034,58299
2026-05-03,M035,78199
2026-05-03,M036,31550
2026-05-03,M037,27640
2026-05-03,M038,44148
2026-05-03,M039,56283
2026-05-03,M040,51013
2026-05-03,M041,42905
2026-05-03,M042,60482
2026-05-03,M043,44188
2026-05-03,M044,42883
2026-05-03,M045,51526
2026-05-03,M046,48189
2026-05-03,M047,56702
2026-05-03,M048,52329
2026-05-04,M001,16544
2026-05-04,M002,16577
2026-05-04,M003,25890
2026-05-04,M004,23289
2026-05-04,M005,50426
2026-05-04,M006,31542
2026-05-04,M007,32938
2026-05-04,M008,16714
2026-05-04,M009,36401
2026-05-04,M010,34898
2026-05-04,M011,31787
2026-05-04,M012,27932
2026-05-04,M013,40921
2026-05-04,M014,38240
2026-05-04,M015,32023
2026-05-04,M016,20764
2026-05-04,M017,44971
2026-05-04,M018,45343
2026-05-04,M019,36949
2026-05-04,M020,35523
2026-05-04,M021,51223
2026-05-04,M022,28472
2026-05-04,M023,40494
2026-05-04,M024,38304
2026-05-04,M025,53241
2026-05-04,M026,34522
2026-05-04,M027,47058
2026-05-04,M028,41251
2026-05-04,M029,49197
2026-05-04,M030,49451
2026-05-04,M031,31918
2026-05-04,M032,31152
2026-05-04,M033,66077
2026-05-04,M034,61519
2026-05-04,M035,77631
2026-05-04,M036,31717
2026-05-04,M037,42780
2026-05-04,M038,40992
2026-05-04,M039,54059
2026-05-04,M040,54692
2026-05-04,M041,67716
2026-05-04,M042,59564
2026-05-04,M043,41401
2026-05-04,M044,38251
2026-05-04,M045,76818
2026-05-04,M046,42300
2026-05-04,M047,56811
2026-05-04,M048,57196
2026-05-05,M001,15230
2026-05-05,M002,14840
2026-05-05,M003,23889
2026-05-05,M004,32418
2026-05-05,M005,48211
2026-05-05,M006,25944
2026-05-05,M007,30427
2026-05-05,M008,22744
2026-05-05,M009,37123
2026-05-05,M010,25911
2026-05-05,M011,28109
2026-05-05,M012,38538
2026-05-05,M013,41339
2026-05-05,M014,36400
2026-05-05,M015,33254
2026-05-05,M016,26444
2026-05-05,M017,42542
2026-05-05,M018,34705
2026-05-05,M019,35023
2026-05-05,M020,44110
2026-05-05,M021,45293
2026-05-05,M022,25270
2026-05-05,M023,40023
2026-05-05,M024,49355
2026-05-05,M025,51908
2026-05-05,M026,29450
2026-05-05,M027,46651
2026-05-05,M028,50623
2026-05-05,M029,52403
2026-05-05,M030,41557
2026-05-05,M031,30578
2026-05-05,M032,40357
2026-05-05,M033,65101
2026-05-05,M034,51165
2026-05-05,M035,80205
2026-05-05,M036,45957
2026-05-05,M037,40811
2026-05-05,M038,37207
2026-05-05,M039,54966
2026-05-05,M040,69548
2026-05-05,M041,60838
2026-05-05,M042,56668
2026-05-05,M043,43328
2026-05-05,M044,51159
2026-05-05,M045,83239
2026-05-05,M046,36780
2026-05-05,M047,54909
2026-05-05,M048,68072
2026-05-06,M001,9172
2026-05-06,M002,19633
2026-05-06,M003,19812
2026-05-06,M004,42714
2026-05-06,M005,26563
2026-05-06,M006,37479
2026-05-06,M007,26559
2026-05-06,M008,31527
2026-05-06,M009,21797
2026-05-06,M010,40078
2026-05-06,M011,25343
2026-05-06,M012,53704
2026-05-06,M013,24149
2026-05-06,M014,52750
2026-05-06,M015,29701
2026-05-06,M016,42574
2026-05-06,M017,23888
2026-05-06,M018,50228
2026-05-06,M019,31744
2026-05-06,M020,67793
2026-05-06,M021,24362
2026-05-06,M022,33477
2026-05-06,M023,32984
2026-05-06,M024,65323
2026-05-06,M025,29699
2026-05-06,M026,40890
2026-05-06,M027,36638
2026-05-06,M028,70926
2026-05-06,M029,27536
2026-05-06,M030,65525
2026-05-06,M031,27839
2026-05-06,M032,59571
2026-05-06,M033,34198
2026-05-06,M034,77379
2026-05-06,M035,63308
2026-05-06,M036,64276
2026-05-06,M037,22155
2026-05-06,M038,53071
2026-05-06,M039,42043
2026-05-06,M040,88389
2026-05-06,M041,35137
2026-05-06,M042,73696
2026-05-06,M043,34009
2026-05-06,M044,77686
2026-05-06,M045,45828
2026-05-06,M046,57557
2026-05-06,M047,47229
2026-05-06,M048,101821
2026-05-07,M001,12342
2026-05-07,M002,18792
2026-05-07,M003,29593
2026-05-07,M004,27323
2026-05-07,M005,36758
2026-05-07,M006,35355
2026-05-07,M007,37066
2026-05-07,M008,18673
2026-05-07,M009,27568
2026-05-07,M010,34992
2026-05-07,M011,32060
2026-05-07,M012,33216
2026-05-07,M013,31947
2026-05-07,M014,48450
2026-05-07,M015,35162
2026-05-07,M016,23061
2026-05-07,M017,34003
2026-05-07,M018,47037
2026-05-07,M019,39569
2026-05-07,M020,42802
2026-05-07,M021,37672
2026-05-07,M022,34708
2026-05-07,M023,42846
2026-05-07,M024,42671
2026-05-07,M025,43777
2026-05-07,M026,38129
2026-05-07,M027,56344
2026-05-07,M028,42674
2026-05-07,M029,37356
2026-05-07,M030,56535
2026-05-07,M031,39036
2026-05-07,M032,35503
2026-05-07,M033,48683
2026-05-07,M034,62631
2026-05-07,M035,85130
2026-05-07,M036,36947
2026-05-07,M037,33434
2026-05-07,M038,43751
2026-05-07,M039,59885
2026-05-07,M040,55066
2026-05-07,M041,50665
2026-05-07,M042,72315
2026-05-07,M043,47943
2026-05-07,M044,45368
2026-05-07,M045,58051
2026-05-07,M046,50660
2026-05-07,M047,71618
2026-05-07,M048,63218
2026-05-08,M001,15376
2026-05-08,M002,16637
2026-05-08,M003,24944
2026-05-08,M004,24704
2026-05-08,M005,48770
2026-05-08,M006,33003
2026-05-08,M007,32983
2026-05-08,M008,18189
2026-05-08,M009,38405
2026-05-08,M010,31469
2026-05-08,M011,27591
2026-05-08,M012,30250
2026-05-08,M013,41447
2026-05-08,M014,43693
2026-05-08,M015,34872
2026-05-08,M016,20531
2026-05-08,M017,45449
2026-05-08,M018,47190
2026-05-08,M019,39126
2026-05-08,M020,36915
2026-05-08,M021,45793
2026-05-08,M022,28239
2026-05-08,M023,39053
2026-05-08,M024,36612
2026-05-08,M025,57260
2026-05-08,M026,32850
2026-05-08,M027,49124
2026-05-08,M028,42518
2026-05-08,M029,57207
2026-05-08,M030,52594
2026-05-08,M031,31933
2026-05-08,M032,31319
2026-05-08,M033,58338
2026-05-08,M034,59535
2026-05-08,M035,79012
2026-05-08,M036,31626
2026-05-08,M037,46276
2026-05-08,M038,42749
2026-05-08,M039,57770
2026-05-08,M040,53749
2026-05-08,M041,70132
2026-05-08,M042,63062
2026-05-08,M043,40219
2026-05-08,M044,41270
2026-05-08,M045,76397
2026-05-08,M046,45411
2026-05-08,M047,55128
2026-05-08,M048,54661
2026-05-09,M001,14850
2026-05-09,M002,12228
2026-05-09,M003,20306
2026-05-09,M004,28529
2026-05-09,M005,42530
2026-05-09,M006,26927
2026-05-09,M007,27333
2026-05-09,M008,20827
2026-05-09,M009,35214
2026-05-09,M010,23772
2026-05-09,M011,27204
2026-05-09,M012,32529
2026-05-09,M013,36456
2026-05-09,M014,29979
2026-05-09,M015,30106
2026-05-09,M016,24776
2026-05-09,M017,37590
2026-05-09,M018,31846
2026-05-09,M019,31460
2026-05-09,M020,43799
2026-05-09,M021,43856
2026-05-09,M022,21910
2026-05-09,M023,37488
2026-05-09,M024,48610
2026-05-09,M025,51125
2026-05-09,M026,27842
2026-05-09,M027,42551
2026-05-09,M028,47946
2026-05-09,M029,45675
2026-05-09,M030,40250
2026-05-09,M031,30866
2026-05-09,M032,38393
2026-05-09,M033,52531
2026-05-09,M034,46830
2026-05-09,M035,69689
2026-05-09,M036,38259
2026-05-09,M037,37236
2026-05-09,M038,32116
2026-05-09,M039,49352
2026-05-09,M040,60865
2026-05-09,M041,57055
2026-05-09,M042,51528
2026-05-09,M043,36705
2026-05-09,M044,48798
2026-05-09,M045,75519
2026-05-09,M046,32442
2026-05-09,M047,56296
2026-05-09,M048,69636
2026-05-10,M001,8249
2026-05-10,M002,19472
2026-05-10,M003,18344
2026-05-10,M004,37733
2026-05-10,M005,24865
2026-05-10,M006,36452
2026-05-10,M007,25506
2026-05-10,M008,27938
2026-05-10,M009,18332
2026-05-10,M010,33258
2026-05-10,M011,23976
2026-05-10,M012,46017
2026-05-10,M013,22434
2026-05-10,M014,43579
2026-05-10,M015,26122
2026-05-10,M016,35825
2026-05-10,M017,21611
2026-05-10,M018,48023
2026-05-10,M019,26066
2026-05-10,M020,57773
2026-05-10,M021,23993
2026-05-10,M022,30200
2026-05-10,M023,31279
2026-05-10,M024,64582
2026-05-10,M025,27112
2026-05-10,M026,40564
2026-05-10,M027,33312
2026-05-10,M028,69512
2026-05-10,M029,28534
2026-05-10,M030,57588
2026-05-10,M031,24526
2026-05-10,M032,48158
2026-05-10,M033,31225
2026-05-10,M034,69550
2026-05-10,M035,53901
2026-05-10,M036,54335
2026-05-10,M037,21163
2026-05-10,M038,44541
2026-05-10,M039,39570
2026-05-10,M040,81465
2026-05-10,M041,35655
2026-05-10,M042,64267
2026-05-10,M043,30749
2026-05-10,M044,70690
2026-05-10,M045,37248
2026-05-10,M046,48468
2026-05-10,M047,42765
2026-05-10,M048,88649
2026-05-11,M001,12559
2026-05-11,M002,17822
2026-05-11,M003,27101
2026-05-11,M004,29101
2026-05-11,M005,37827
2026-05-11,M006,35356
2026-05-11,M007,35242
2026-05-11,M008,20317
2026-05-11,M009,26275
2026-05-11,M010,36192
2026-05-11,M011,31973
2026-05-11,M012,31934
2026-05-11,M013,32716
2026-05-11,M014,43858
2026-05-11,M015,38262
2026-05-11,M016,25682
2026-05-11,M017,31354
2026-05-11,M018,47693
2026-05-11,M019,44671
2026-05-11,M020,39361
2026-05-11,M021,33268
2026-05-11,M022,33222
2026-05-11,M023,48118
2026-05-11,M024,41229
2026-05-11,M025,41305
2026-05-11,M026,37713
2026-05-11,M027,52566
2026-05-11,M028,44251
2026-05-11,M029,40869
2026-05-11,M030,60447
2026-05-11,M031,34289
2026-05-11,M032,37495
2026-05-11,M033,44187
2026-05-11,M034,69222
2026-05-11,M035,84979
2026-05-11,M036,36992
2026-05-11,M037,34276
2026-05-11,M038,44644
2026-05-11,M039,63673
2026-05-11,M040,60180
2026-05-11,M041,53001
2026-05-11,M042,66026
2026-05-11,M043,47560
2026-05-11,M044,47442
2026-05-11,M045,57024
2026-05-11,M046,49892
2026-05-11,M047,63301
2026-05-11,M048,64591
2026-05-12,M001,16943
2026-05-12,M002,16656
2026-05-12,M003,23300
2026-05-12,M004,26059
2026-05-12,M005,54496
2026-05-12,M006,32790
2026-05-12,M007,29845
2026-05-12,M008,18305
2026-05-12,M009,39808
2026-05-12,M010,34059
2026-05-12,M011,29185
2026-05-12,M012,31803
2026-05-12,M013,44824
2026-05-12,M014,39818
2026-05-12,M015,33632
2026-05-12,M016,21456
2026-05-12,M017,47006
2026-05-12,M018,43406
2026-05-12,M019,36671
2026-05-12,M020,38232
2026-05-12,M021,49522
2026-05-12,M022,31473
2026-05-12,M023,38202
2026-05-12,M024,36514
2026-05-12,M025,57983
2026-05-12,M026,38286
2026-05-12,M027,50866
2026-05-12,M028,38075
2026-05-12,M029,51072
2026-05-12,M030,47819
2026-05-12,M031,33933
2026-05-12,M032,32605
2026-05-12,M033,59394
2026-05-12,M034,58565
2026-05-12,M035,70578
2026-05-12,M036,32206
2026-05-12,M037,45061
2026-05-12,M038,42277
2026-05-12,M039,56667
2026-05-12,M040,55472
2026-05-12,M041,62996
2026-05-12,M042,62936
2026-05-12,M043,39285
2026-05-12,M044,39249
2026-05-12,M045,79917
2026-05-12,M046,46068
2026-05-12,M047,61081
2026-05-12,M048,60418
2026-05-13,M001,15341
2026-05-13,M002,15749
2026-05-13,M003,22478
2026-05-13,M004,31812
2026-05-13,M005,46056
2026-05-13,M006,26865
2026-05-13,M007,31847
2026-05-13,M008,22960
2026-05-13,M009,35164
2026-05-13,M010,26052
2026-05-13,M011,30468
2026-05-13,M012,39908
2026-05-13,M013,40787
2026-05-13,M014,36665
2026-05-13,M015,34923
2026-05-13,M016,28862
2026-05-13,M017,47221
2026-05-13,M018,40294
2026-05-13,M019,34096
2026-05-13,M020,42978
2026-05-13,M021,46641
2026-05-13,M022,24467
2026-05-13,M023,37776
2026-05-13,M024,48827
2026-05-13,M025,57913
2026-05-13,M026,31829
2026-05-13,M027,46149
2026-05-13,M028,50509
2026-05-13,M029,49859
2026-05-13,M030,46885
2026-05-13,M031,30405
2026-05-13,M032,42978
2026-05-13,M033,57317
2026-05-13,M034,51030
2026-05-13,M035,78185
2026-05-13,M036,42918
2026-05-13,M037,45701
2026-05-13,M038,34848
2026-05-13,M039,50320
2026-05-13,M040,62400
2026-05-13,M041,62251
2026-05-13,M042,52717
2026-05-13,M043,41529
2026-05-13,M044,49320
2026-05-13,M045,83164
2026-05-13,M046,40036
2026-05-13,M047,55319
2026-05-13,M048,67874
2026-05-14,M001,9350
2026-05-14,M002,19395
2026-05-14,M003,20051
2026-05-14,M004,44140
2026-05-14,M005,28173
2026-05-14,M006,39187
2026-05-14,M007,27690
2026-05-14,M008,30908
2026-05-14,M009,21310
2026-05-14,M010,39473
2026-05-14,M011,24261
2026-05-14,M012,52965
2026-05-14,M013,23729
2026-05-14,M014,47605
2026-05-14,M015,26505
2026-05-14,M016,42426
2026-05-14,M017,26648
2026-05-14,M018,55831
2026-05-14,M019,31766
2026-05-14,M020,64906
2026-05-14,M021,26332
2026-05-14,M022,36679
2026-05-14,M023,31752
2026-05-14,M024,68580
2026-05-14,M025,31425
2026-05-14,M026,45508
2026-05-14,M027,42163
2026-05-14,M028,72310
2026-05-14,M029,28094
2026-05-14,M030,66236
2026-05-14,M031,25289
2026-05-14,M032,55619
2026-05-14,M033,35838
2026-05-14,M034,71397
2026-05-14,M035,61240
2026-05-14,M036,60301
2026-05-14,M037,22018
2026-05-14,M038,54265
2026-05-14,M039,44826
2026-05-14,M040,90712
2026-05-14,M041,34213
2026-05-14,M042,77819
2026-05-14,M043,37801
2026-05-14,M044,70999
2026-05-14,M045,43390
2026-05-14,M046,57052
2026-05-14,M047,49816
2026-05-14,M048,99848
2026-05-15,M001,11662
2026-05-15,M002,19146
2026-05-15,M003,25957
2026-05-15,M004,27620
2026-05-15,M005,35501
2026-05-15,M006,34504
2026-05-15,M007,35203
2026-05-15,M008,21049
2026-05-15,M009,26498
2026-05-15,M010,37213
2026-05-15,M011,31958
2026-05-15,M012,31916
2026-05-15,M013,30022
2026-05-15,M014,45768
2026-05-15,M015,40195
2026-05-15,M016,26376
2026-05-15,M017,31952
2026-05-15,M018,47260
2026-05-15,M019,43073
2026-05-15,M020,37978
2026-05-15,M021,37499
2026-05-15,M022,32118
2026-05-15,M023,44977
2026-05-15,M024,42358
2026-05-15,M025,44093
2026-05-15,M026,42751
2026-05-15,M027,55476
2026-05-15,M028,42875
2026-05-15,M029,42926
2026-05-15,M030,53152
2026-05-15,M031,35101
2026-05-15,M032,33770
2026-05-15,M033,47154
2026-05-15,M034,62266
2026-05-15,M035,81079
2026-05-15,M036,38930
2026-05-15,M037,34937
2026-05-15,M038,49090
2026-05-15,M039,57123
2026-05-15,M040,57234
2026-05-15,M041,48392
2026-05-15,M042,70523
2026-05-15,M043,45499
2026-05-15,M044,49325
2026-05-15,M045,59846
2026-05-15,M046,47996
2026-05-15,M047,67976
2026-05-15,M048,65234
2026-05-16,M001,14983
2026-05-16,M002,15229
2026-05-16,M003,23037
2026-05-16,M004,21628
2026-05-16,M005,47902
2026-05-16,M006,30902
2026-05-16,M007,28970
2026-05-16,M008,16395
2026-05-16,M009,34925
2026-05-16,M010,28649
2026-05-16,M011,25074
2026-05-16,M012,27962
2026-05-16,M013,39593
2026-05-16,M014,39832
2026-05-16,M015,29476
2026-05-16,M016,20603
2026-05-16,M017,39028
2026-05-16,M018,39799
2026-05-16,M019,33558
2026-05-16,M020,31493
2026-05-16,M021,46396
2026-05-16,M022,27501
2026-05-16,M023,33691
2026-05-16,M024,36629
2026-05-16,M025,50420
2026-05-16,M026,32351
2026-05-16,M027,40273
2026-05-16,M028,36815
2026-05-16,M029,47549
2026-05-16,M030,46723
2026-05-16,M031,27921
2026-05-16,M032,30904
2026-05-16,M033,55888
2026-05-16,M034,53305
2026-05-16,M035,65796
2026-05-16,M036,32671
2026-05-16,M037,37994
2026-05-16,M038,37416
2026-05-16,M039,47369
2026-05-16,M040,49770
2026-05-16,M041,58032
2026-05-16,M042,60166
2026-05-16,M043,35935
2026-05-16,M044,38076
2026-05-16,M045,68316
2026-05-16,M046,39265
2026-05-16,M047,49038
2026-05-16,M048,49342
2026-05-17,M001,14303
2026-05-17,M002,13826
2026-05-17,M003,20407
2026-05-17,M004,30026
2026-05-17,M005,45031
2026-05-17,M006,26683
2026-05-17,M007,28595
2026-05-17,M008,21175
2026-05-17,M009,30880
2026-05-17,M010,24391
2026-05-17,M011,28238
2026-05-17,M012,36726
2026-05-17,M013,35275
2026-05-17,M014,30671
2026-05-17,M015,29050
2026-05-17,M016,27054
2026-05-17,M017,38167
2026-05-17,M018,31752
2026-05-17,M019,32170
2026-05-17,M020,43305
2026-05-17,M021,43931
2026-05-17,M022,24554
2026-05-17,M023,33694
2026-05-17,M024,48049
2026-05-17,M025,46476
2026-05-17,M026,28450
2026-05-17,M027,40183
2026-05-17,M028,48246
2026-05-17,M029,48040
2026-05-17,M030,41308
2026-05-17,M031,28227
2026-05-17,M032,38487
2026-05-17,M033,52138
2026-05-17,M034,47350
2026-05-17,M035,68081
2026-05-17,M036,38041
2026-05-17,M037,39273
2026-05-17,M038,31598
2026-05-17,M039,52213
2026-05-17,M040,56658
2026-05-17,M041,55984
2026-05-17,M042,50113
2026-05-17,M043,37568
2026-05-17,M044,48200
2026-05-17,M045,71257
2026-05-17,M046,33659
2026-05-17,M047,49525
2026-05-17,M048,60058
2026-05-18,M001,9108
2026-05-18,M002,20387
2026-05-18,M003,21817
2026-05-18,M004,44442
2026-05-18,M005,28720
2026-05-18,M006,38375
2026-05-18,M007,27762
2026-05-18,M008,32327
2026-05-18,M009,19951
2026-05-18,M010,37132
2026-05-18,M011,26103
2026-05-18,M012,55864
2026-05-18,M013,25207
2026-05-18,M014,49985
2026-05-18,M015,27125
2026-05-18,M016,38501
2026-05-18,M017,25807
2026-05-18,M018,51996
2026-05-18,M019,29382
2026-05-18,M020,61070
2026-05-18,M021,26585
2026-05-18,M022,37616
2026-05-18,M023,33914
2026-05-18,M024,66976
2026-05-18,M025,31960
2026-05-18,M026,45559
2026-05-18,M027,37014
2026-05-18,M028,67838
2026-05-18,M029,27694
2026-05-18,M030,57168
2026-05-18,M031,28896
2026-05-18,M032,56960
2026-05-18,M033,37000
2026-05-18,M034,75482
2026-05-18,M035,65993
2026-05-18,M036,58302
2026-05-18,M037,22801
2026-05-18,M038,49255
2026-05-18,M039,43796
2026-05-18,M040,89925
2026-05-18,M041,34484
2026-05-18,M042,72685
2026-05-18,M043,33781
2026-05-18,M044,72030
2026-05-18,M045,42461
2026-05-18,M046,55240
2026-05-18,M047,46539
2026-05-18,M048,98803
2026-05-19,M001,12702
2026-05-19,M002,18731
2026-05-19,M003,29808
2026-05-19,M004,26891
2026-05-19,M005,39186
2026-05-19,M006,38632
2026-05-19,M007,34105
2026-05-19,M008,18134
2026-05-19,M009,28654
2026-05-19,M010,38231
2026-05-19,M011,33690
2026-05-19,M012,31748
2026-05-19,M013,31459
2026-05-19,M014,48909
2026-05-19,M015,34905
2026-05-19,M016,23048
2026-05-19,M017,35471
2026-05-19,M018,52173
2026-05-19,M019,44075
2026-05-19,M020,41786
2026-05-19,M021,34673
2026-05-19,M022,35983
2026-05-19,M023,45145
2026-05-19,M024,41414
2026-05-19,M025,44399
2026-05-19,M026,42676
2026-05-19,M027,53952
2026-05-19,M028,44719
2026-05-19,M029,40532
2026-05-19,M030,58089
2026-05-19,M031,33701
2026-05-19,M032,32476
2026-05-19,M033,44775
2026-05-19,M034,65432
2026-05-19,M035,81912
2026-05-19,M036,36895
2026-05-19,M037,33127
2026-05-19,M038,48562
2026-05-19,M039,66402
2026-05-19,M040,58915
2026-05-19,M041,50977
2026-05-19,M042,74938
2026-05-19,M043,47493
2026-05-19,M044,45762
2026-05-19,M045,64441
2026-05-19,M046,46478
2026-05-19,M047,70974
2026-05-19,M048,64760
2026-05-20,M001,17233
2026-05-20,M002,17316
2026-05-20,M003,23638
2026-05-20,M004,26235
2026-05-20,M005,49631
2026-05-20,M006,33701
2026-05-20,M007,31299
2026-05-20,M008,17393
2026-05-20,M009,34558
2026-05-20,M010,35181
2026-05-20,M011,30428
2026-05-20,M012,29859
2026-05-20,M013,46025
2026-05-20,M014,43462
2026-05-20,M015,32356
2026-05-20,M016,21233
2026-05-20,M017,42724
2026-05-20,M018,41913
2026-05-20,M019,36824
2026-05-20,M020,35170
2026-05-20,M021,47684
2026-05-20,M022,28033
2026-05-20,M023,39843
2026-05-20,M024,36309
2026-05-20,M025,58300
2026-05-20,M026,34531
2026-05-20,M027,45129
2026-05-20,M028,41851
2026-05-20,M029,56833
2026-05-20,M030,54189
2026-05-20,M031,32087
2026-05-20,M032,32224
2026-05-20,M033,59464
2026-05-20,M034,55827
2026-05-20,M035,75215
2026-05-20,M036,34242
2026-05-20,M037,42477
2026-05-20,M038,40545
2026-05-20,M039,50799
2026-05-20,M040,54562
2026-05-20,M041,68919
2026-05-20,M042,60676
2026-05-20,M043,43503
2026-05-20,M044,43316
2026-05-20,M045,84032
2026-05-20,M046,48361
2026-05-20,M047,58621
2026-05-20,M048,51893
2026-05-21,M001,16375
2026-05-21,M002,15168
2026-05-21,M003,25853
2026-05-21,M004,32214
2026-05-21,M005,51734
2026-05-21,M006,25752
2026-05-21,M007,30090
2026-05-21,M008,23745
2026-05-21,M009,37084
2026-05-21,M010,28337
2026-05-21,M011,27285
2026-05-21,M012,36662
2026-05-21,M013,40671
2026-05-21,M014,35216
2026-05-21,M015,30218
2026-05-21,M016,26966
2026-05-21,M017,44550
2026-05-21,M018,38528
2026-05-21,M019,34757
2026-05-21,M020,42775
2026-05-21,M021,47443
2026-05-21,M022,23751
2026-05-21,M023,39489
2026-05-21,M024,48695
2026-05-21,M025,56461
2026-05-21,M026,28352
2026-05-21,M027,49709
2026-05-21,M028,54726
2026-05-21,M029,54684
2026-05-21,M030,43089
2026-05-21,M031,30341
2026-05-21,M032,43801
2026-05-21,M033,65881
2026-05-21,M034,47878
2026-05-21,M035,79163
2026-05-21,M036,41366
2026-05-21,M037,44413
2026-05-21,M038,35467
2026-05-21,M039,53929
2026-05-21,M040,65374
2026-05-21,M041,63823
2026-05-21,M042,53038
2026-05-21,M043,40403
2026-05-21,M044,49475
2026-05-21,M045,74431
2026-05-21,M046,38578
2026-05-21,M047,62186
2026-05-21,M048,71172
2026-05-22,M001,8794
2026-05-22,M002,21327
2026-05-22,M003,19388
2026-05-22,M004,43372
2026-05-22,M005,28288
2026-05-22,M006,38079
2026-05-22,M007,27600
2026-05-22,M008,32973
2026-05-22,M009,21852
2026-05-22,M010,40275
2026-05-22,M011,24805
2026-05-22,M012,50745
2026-05-22,M013,24065
2026-05-22,M014,50133
2026-05-22,M015,28473
2026-05-22,M016,36939
2026-05-22,M017,25118
2026-05-22,M018,54751
2026-05-22,M019,28801
2026-05-22,M020,66084
2026-05-22,M021,24583
2026-05-22,M022,36905
2026-05-22,M023,32242
2026-05-22,M024,68447
2026-05-22,M025,31704
2026-05-22,M026,42334
2026-05-22,M027,36640
2026-05-22,M028,70917
2026-05-22,M029,28526
2026-05-22,M030,57050
2026-05-22,M031,28615
2026-05-22,M032,54386
2026-05-22,M033,35292
2026-05-22,M034,75224
2026-05-22,M035,63669
2026-05-22,M036,59553
2026-05-22,M037,23810
2026-05-22,M038,48488
2026-05-22,M039,42124
2026-05-22,M040,87408
2026-05-22,M041,35564
2026-05-22,M042,73620
2026-05-22,M043,37741
2026-05-22,M044,73488
2026-05-22,M045,47054
2026-05-22,M046,51111
2026-05-22,M047,51566
2026-05-22,M048,94492
2026-05-23,M001,10924
2026-05-23,M002,17307
2026-05-23,M003,26091
2026-05-23,M004,26299
2026-05-23,M005,31853
2026-05-23,M006,30808
2026-05-23,M007,34085
2026-05-23,M008,16334
2026-05-23,M009,25724
2026-05-23,M010,33151
2026-05-23,M011,32333
2026-05-23,M012,29266
2026-05-23,M013,30877
2026-05-23,M014,41557
2026-05-23,M015,34123
2026-05-23,M016,21112
2026-05-23,M017,28526
2026-05-23,M018,45171
2026-05-23,M019,39470
2026-05-23,M020,35370
2026-05-23,M021,33503
2026-05-23,M022,31053
2026-05-23,M023,41142
2026-05-23,M024,37091
2026-05-23,M025,38316
2026-05-23,M026,34206
2026-05-23,M027,44612
2026-05-23,M028,41270
2026-05-23,M029,37451
2026-05-23,M030,55321
2026-05-23,M031,31788
2026-05-23,M032,31376
2026-05-23,M033,41249
2026-05-23,M034,57231
2026-05-23,M035,78763
2026-05-23,M036,34146
2026-05-23,M037,27555
2026-05-23,M038,41560
2026-05-23,M039,55620
2026-05-23,M040,55825
2026-05-23,M041,44587
2026-05-23,M042,68372
2026-05-23,M043,42147
2026-05-23,M044,41779
2026-05-23,M045,57511
2026-05-23,M046,42668
2026-05-23,M047,56906
2026-05-23,M048,54672
2026-05-24,M001,15439
2026-05-24,M002,16077
2026-05-24,M003,23061
2026-05-24,M004,22912
2026-05-24,M005,47229
2026-05-24,M006,27667
2026-05-24,M007,27321
2026-05-24,M008,14862
2026-05-24,M009,33389
2026-05-24,M010,31419
2026-05-24,M011,26095
2026-05-24,M012,26542
2026-05-24,M013,39640
2026-05-24,M014,38263
2026-05-24,M015,31238
2026-05-24,M016,20749
2026-05-24,M017,41331
2026-05-24,M018,42368
2026-05-24,M019,33007
2026-05-24,M020,33629
2026-05-24,M021,40333
2026-05-24,M022,24823
2026-05-24,M023,34517
2026-05-24,M024,33469
2026-05-24,M025,49194
2026-05-24,M026,33097
2026-05-24,M027,40564
2026-05-24,M028,34236
2026-05-24,M029,49299
2026-05-24,M030,43533
2026-05-24,M031,28253
2026-05-24,M032,26488
2026-05-24,M033,54508
2026-05-24,M034,50506
2026-05-24,M035,67045
2026-05-24,M036,31199
2026-05-24,M037,36737
2026-05-24,M038,39381
2026-05-24,M039,49898
2026-05-24,M040,44990
2026-05-24,M041,57562
2026-05-24,M042,54152
2026-05-24,M043,36953
2026-05-24,M044,36932
2026-05-24,M045,68122
2026-05-24,M046,42401
2026-05-24,M047,54046
2026-05-24,M048,52188
2026-05-25,M001,16329
2026-05-25,M002,15070
2026-05-25,M003,22407
2026-05-25,M004,33449
2026-05-25,M005,47318
2026-05-25,M006,26518
2026-05-25,M007,29512
2026-05-25,M008,24441
2026-05-25,M009,34449
2026-05-25,M010,27665
2026-05-25,M011,29920
2026-05-25,M012,38067
2026-05-25,M013,45108
2026-05-25,M014,33619
2026-05-25,M015,34138
2026-05-25,M016,27879
2026-05-25,M017,47789
2026-05-25,M018,38128
2026-05-25,M019,39463
2026-05-25,M020,45186
2026-05-25,M021,45544
2026-05-25,M022,26842
2026-05-25,M023,41629
2026-05-25,M024,50582
2026-05-25,M025,50927
2026-05-25,M026,31951
2026-05-25,M027,45445
2026-05-25,M028,54544
2026-05-25,M029,51759
2026-05-25,M030,41346
2026-05-25,M031,33658
2026-05-25,M032,40325
2026-05-25,M033,64114
2026-05-25,M034,53269
2026-05-25,M035,80650
2026-05-25,M036,43914
2026-05-25,M037,43960
2026-05-25,M038,33273
2026-05-25,M039,56209
2026-05-25,M040,63053
2026-05-25,M041,70535
2026-05-25,M042,55086
2026-05-25,M043,45160
2026-05-25,M044,49135
2026-05-25,M045,84036
2026-05-25,M046,36393
2026-05-25,M047,55576
2026-05-25,M048,75228
2026-05-26,M001,9066
2026-05-26,M002,19674
2026-05-26,M003,21715
2026-05-26,M004,45846
2026-05-26,M005,26862
2026-05-26,M006,42842
2026-05-26,M007,27194
2026-05-26,M008,32398
2026-05-26,M009,20022
2026-05-26,M010,40622
2026-05-26,M011,23991
2026-05-26,M012,53737
2026-05-26,M013,23270
2026-05-26,M014,49306
2026-05-26,M015,26186
2026-05-26,M016,40467
2026-05-26,M017,24995
2026-05-26,M018,56353
2026-05-26,M019,29742
2026-05-26,M020,66388
2026-05-26,M021,27439
2026-05-26,M022,34849
2026-05-26,M023,30978
2026-05-26,M024,74811
2026-05-26,M025,29494
2026-05-26,M026,41855
2026-05-26,M027,38992
2026-05-26,M028,78209
2026-05-26,M029,29384
2026-05-26,M030,61325
2026-05-26,M031,27341
2026-05-26,M032,56764
2026-05-26,M033,35805
2026-05-26,M034,68403
2026-05-26,M035,68044
2026-05-26,M036,57439
2026-05-26,M037,22295
2026-05-26,M038,53227
2026-05-26,M039,46392
2026-05-26,M040,91479
2026-05-26,M041,37621
2026-05-26,M042,72690
2026-05-26,M043,35655
2026-05-26,M044,79848
2026-05-26,M045,42742
2026-05-26,M046,50384
2026-05-26,M047,48003
2026-05-26,M048,105915
2026-05-27,M001,11639
2026-05-27,M002,20784
2026-05-27,M003,26896
2026-05-27,M004,28351
2026-05-27,M005,38231
2026-05-27,M006,37756
2026-05-27,M007,35649
2026-05-27,M008,19079
2026-05-27,M009,27605
2026-05-27,M010,34315
2026-05-27,M011,31715
2026-05-27,M012,35011
2026-05-27,M013,33851
2026-05-27,M014,48620
2026-05-27,M015,39253
2026-05-27,M016,26282
2026-05-27,M017,34034
2026-05-27,M018,48793
2026-05-27,M019,39809
2026-05-27,M020,38245
2026-05-27,M021,36990
2026-05-27,M022,34174
2026-05-27,M023,48010
2026-05-27,M024,41569
2026-05-27,M025,42910
2026-05-27,M026,37597
2026-05-27,M027,50750
2026-05-27,M028,42937
2026-05-27,M029,37499
2026-05-27,M030,54740
2026-05-27,M031,34786
2026-05-27,M032,34136
2026-05-27,M033,43835
2026-05-27,M034,63090
2026-05-27,M035,81877
2026-05-27,M036,37136
2026-05-27,M037,32137
2026-05-27,M038,44289
2026-05-27,M039,65540
2026-05-27,M040,58251
2026-05-27,M041,52569
2026-05-27,M042,67564
2026-05-27,M043,48072
2026-05-27,M044,42696
2026-05-27,M045,62346
2026-05-27,M046,50768
2026-05-27,M047,69934
2026-05-27,M048,57425
2026-05-28,M001,16247
2026-05-28,M002,17476
2026-05-28,M003,25681
2026-05-28,M004,23668
2026-05-28,M005,52329
2026-05-28,M006,33579
2026-05-28,M007,32112
2026-05-28,M008,18152
2026-05-28,M009,35554
2026-05-28,M010,31375
2026-05-28,M011,28118
2026-05-28,M012,28215
2026-05-28,M013,45427
2026-05-28,M014,42696
2026-05-28,M015,34607
2026-05-28,M016,22852
2026-05-28,M017,44432
2026-05-28,M018,41488
2026-05-28,M019,36032
2026-05-28,M020,38246
2026-05-28,M021,50138
2026-05-28,M022,29789
2026-05-28,M023,38427
2026-05-28,M024,36861
2026-05-28,M025,55465
2026-05-28,M026,34397
2026-05-28,M027,49990
2026-05-28,M028,39933
2026-05-28,M029,56195
2026-05-28,M030,55128
2026-05-28,M031,29683
2026-05-28,M032,31225
2026-05-28,M033,65662
2026-05-28,M034,63234
2026-05-28,M035,78656
2026-05-28,M036,34302
2026-05-28,M037,43527
2026-05-28,M038,38775
2026-05-28,M039,50331
2026-05-28,M040,53269
2026-05-28,M041,68377
2026-05-28,M042,64019
2026-05-28,M043,39236
2026-05-28,M044,40967
2026-05-28,M045,76982
2026-05-28,M046,44567
2026-05-28,M047,62296
2026-05-28,M048,53966
2026-05-29,M001,15800
2026-05-29,M002,15746
2026-05-29,M003,24083
2026-05-29,M004,31170
2026-05-29,M005,49804
2026-05-29,M006,26226
2026-05-29,M007,32491
2026-05-29,M008,23645
2026-05-29,M009,37954
2026-05-29,M010,27914
2026-05-29,M011,28116
2026-05-29,M012,37263
2026-05-29,M013,41384
2026-05-29,M014,38017
2026-05-29,M015,30425
2026-05-29,M016,27370
2026-05-29,M017,45921
2026-05-29,M018,38721
2026-05-29,M019,34486
2026-05-29,M020,46387
2026-05-29,M021,43460
2026-05-29,M022,24403
2026-05-29,M023,37376
2026-05-29,M024,50539
2026-05-29,M025,53560
2026-05-29,M026,31741
2026-05-29,M027,43793
2026-05-29,M028,50665
2026-05-29,M029,48288
2026-05-29,M030,46850
2026-05-29,M031,30568
2026-05-29,M032,43598
2026-05-29,M033,58728
2026-05-29,M034,54631
2026-05-29,M035,75461
2026-05-29,M036,46594
2026-05-29,M037,39867
2026-05-29,M038,32987
2026-05-29,M039,51176
2026-05-29,M040,65701
2026-05-29,M041,63530
2026-05-29,M042,50093
2026-05-29,M043,43271
2026-05-29,M044,50539
2026-05-29,M045,79828
2026-05-29,M046,40441
2026-05-29,M047,62695
2026-05-29,M048,68487
2026-05-30,M001,8008
2026-05-30,M002,19063
2026-05-30,M003,19750
2026-05-30,M004,38439
2026-05-30,M005,23764
2026-05-30,M006,37258
2026-05-30,M007,23730
2026-05-30,M008,30532
2026-05-30,M009,17420
2026-05-30,M010,34946
2026-05-30,M011,20881
2026-05-30,M012,50730
2026-05-30,M013,21601
2026-05-30,M014,43134
2026-05-30,M015,23864
2026-05-30,M016,38289
2026-05-30,M017,23434
2026-05-30,M018,51200
2026-05-30,M019,30225
2026-05-30,M020,57652
2026-05-30,M021,23240
2026-05-30,M022,33383
2026-05-30,M023,29426
2026-05-30,M024,68266
2026-05-30,M025,25386
2026-05-30,M026,40869
2026-05-30,M027,33034
2026-05-30,M028,67468
2026-05-30,M029,27008
2026-05-30,M030,54593
2026-05-30,M031,25456
2026-05-30,M032,50397
2026-05-30,M033,30019
2026-05-30,M034,69046
2026-05-30,M035,61258
2026-05-30,M036,54708
2026-05-30,M037,22614
2026-05-30,M038,42894
2026-05-30,M039,40098
2026-05-30,M040,90882
2026-05-30,M041,32680
2026-05-30,M042,72675
2026-05-30,M043,33756
2026-05-30,M044,69325
2026-05-30,M045,38152
2026-05-30,M046,45658
2026-05-30,M047,47380
2026-05-30,M048,95254
2026-05-31,M001,10749
2026-05-31,M002,18201
2026-05-31,M003,26667
2026-05-31,M004,24473
2026-05-31,M005,36506
2026-05-31,M006,31006
2026-05-31,M007,31387
2026-05-31,M008,17542
2026-05-31,M009,26716
2026-05-31,M010,35779
2026-05-31,M011,30220
2026-05-31,M012,30513
2026-05-31,M013,27687
2026-05-31,M014,42815
2026-05-31,M015,35807
2026-05-31,M016,22796
2026-05-31,M017,30292
2026-05-31,M018,44224
2026-05-31,M019,35178
2026-05-31,M020,36382
2026-05-31,M021,30696
2026-05-31,M022,28184
2026-05-31,M023,43225
2026-05-31,M024,40592
2026-05-31,M025,39432
2026-05-31,M026,35417
2026-05-31,M027,49581
2026-05-31,M028,39870
2026-05-31,M029,35707
2026-05-31,M030,50300
2026-05-31,M031,32961
2026-05-31,M032,31865
2026-05-31,M033,41565
2026-05-31,M034,55724
2026-05-31,M035,80841
2026-05-31,M036,32067
2026-05-31,M037,30060
2026-05-31,M038,39391
2026-05-31,M039,60194
2026-05-31,M040,50683
2026-05-31,M041,46967
2026-05-31,M042,60827
2026-05-31,M043,42497
2026-05-31,M044,39121
2026-05-31,M045,57730
2026-05-31,M046,43454
2026-05-31,M047,61439
2026-05-31,M048,57727
2026-06-01,M001,19712
2026-06-01,M002,16331
2026-06-01,M003,28504
2026-06-01,M004,35591
2026-06-01,M005,59459
2026-06-01,M006,31571
2026-06-01,M007,36335
2026-06-01,M008,27141
2026-06-01,M009,42886
2026-06-01,M010,32102
2026-06-01,M011,37068
2026-06-01,M012,43303
2026-06-01,M013,48603
2026-06-01,M014,41092
2026-06-01,M015,35800
2026-06-01,M016,33584
2026-06-01,M017,50000
2026-06-01,M018,45508
2026-06-01,M019,43106
2026-06-01,M020,51659
2026-06-01,M021,58767
2026-06-01,M022,30314
2026-06-01,M023,50109
2026-06-01,M024,55019
2026-06-01,M025,63653
2026-06-01,M026,33679
2026-06-01,M027,57509
2026-06-01,M028,62307
2026-06-01,M029,63068
2026-06-01,M030,48166
2026-06-01,M031,40908
2026-06-01,M032,50027
2026-06-01,M033,77837
2026-06-01,M034,58898
2026-06-01,M035,92394
2026-06-01,M036,52494
2026-06-01,M037,52273
2026-06-01,M038,42899
2026-06-01,M039,66234
2026-06-01,M040,74814
2026-06-01,M041,75505
2026-06-01,M042,68289
2026-06-01,M043,48744
2026-06-01,M044,65815
2026-06-01,M045,90023
2026-06-01,M046,46157
2026-06-01,M047,67491
2026-06-01,M048,80791
2026-06-02,M001,11213
2026-06-02,M002,23833
2026-06-02,M003,26176
2026-06-02,M004,50652
2026-06-02,M005,33206
2026-06-02,M006,45111
2026-06-02,M007,31750
2026-06-02,M008,37930
2026-06-02,M009,23224
2026-06-02,M010,46304
2026-06-02,M011,31664
2026-06-02,M012,62677
2026-06-02,M013,28108
2026-06-02,M014,58039
2026-06-02,M015,33734
2026-06-02,M016,46539
2026-06-02,M017,28534
2026-06-02,M018,59614
2026-06-02,M019,39306
2026-06-02,M020,79989
2026-06-02,M021,29038
2026-06-02,M022,40360
2026-06-02,M023,37511
2026-06-02,M024,78555
2026-06-02,M025,38459
2026-06-02,M026,54584
2026-06-02,M027,48858
2026-06-02,M028,83159
2026-06-02,M029,34116
2026-06-02,M030,73686
2026-06-02,M031,33090
2026-06-02,M032,70331
2026-06-02,M033,40394
2026-06-02,M034,83443
2026-06-02,M035,70337
2026-06-02,M036,70528
2026-06-02,M037,28906
2026-06-02,M038,63050
2026-06-02,M039,50159
2026-06-02,M040,104823
2026-06-02,M041,42124
2026-06-02,M042,93169
2026-06-02,M043,43855
2026-06-02,M044,86552
2026-06-02,M045,54284
2026-06-02,M046,68950
2026-06-02,M047,61013
2026-06-02,M048,111499
2026-06-03,M001,14312
2026-06-03,M002,23713
2026-06-03,M003,33896
2026-06-03,M004,31234
2026-06-03,M005,45428
2026-06-03,M006,42636
2026-06-03,M007,41324
2026-06-03,M008,21921
2026-06-03,M009,32454
2026-06-03,M010,42131
2026-06-03,M011,38886
2026-06-03,M012,37706
2026-06-03,M013,36281
2026-06-03,M014,52207
2026-06-03,M015,46604
2026-06-03,M016,27359
2026-06-03,M017,40310
2026-06-03,M018,60262
2026-06-03,M019,54119
2026-06-03,M020,45309
2026-06-03,M021,44755
2026-06-03,M022,40252
2026-06-03,M023,56979
2026-06-03,M024,49730
2026-06-03,M025,49900
2026-06-03,M026,48045
2026-06-03,M027,63806
2026-06-03,M028,50350
2026-06-03,M029,47469
2026-06-03,M030,72173
2026-06-03,M031,42953
2026-06-03,M032,41224
2026-06-03,M033,58554
2026-06-03,M034,75329
2026-06-03,M035,110227
2026-06-03,M036,46014
2026-06-03,M037,41001
2026-06-03,M038,57324
2026-06-03,M039,74034
2026-06-03,M040,68326
2026-06-03,M041,59007
2026-06-03,M042,90913
2026-06-03,M043,57820
2026-06-03,M044,52548
2026-06-03,M045,71945
2026-06-03,M046,64128
2026-06-03,M047,80538
2026-06-03,M048,74096
2026-06-04,M001,18712
2026-06-04,M002,22087
2026-06-04,M003,29869
2026-06-04,M004,31129
2026-06-04,M005,55854
2026-06-04,M006,39868
2026-06-04,M007,35239
2026-06-04,M008,19715
2026-06-04,M009,46186
2026-06-04,M010,37270
2026-06-04,M011,34764
2026-06-04,M012,33016
2026-06-04,M013,50847
2026-06-04,M014,48960
2026-06-04,M015,41913
2026-06-04,M016,27621
2026-06-04,M017,50218
2026-06-04,M018,54721
2026-06-04,M019,42580
2026-06-04,M020,41874
2026-06-04,M021,58482
2026-06-04,M022,35362
2026-06-04,M023,48584
2026-06-04,M024,45950
2026-06-04,M025,69645
2026-06-04,M026,39148
2026-06-04,M027,57678
2026-06-04,M028,46541
2026-06-04,M029,62252
2026-06-04,M030,57375
2026-06-04,M031,37988
2026-06-04,M032,40377
2026-06-04,M033,78035
2026-06-04,M034,71000
2026-06-04,M035,85766
2026-06-04,M036,41579
2026-06-04,M037,53417
2026-06-04,M038,48238
2026-06-04,M039,67891
2026-06-04,M040,58077
2026-06-04,M041,80968
2026-06-04,M042,80579
2026-06-04,M043,47700
2026-06-04,M044,50426
2026-06-04,M045,103280
2026-06-04,M046,51817
2026-06-04,M047,70962
2026-06-04,M048,65573
2026-06-05,M001,19026
2026-06-05,M002,18201
2026-06-05,M003,27129
2026-06-05,M004,40702
2026-06-05,M005,57952
2026-06-05,M006,30792
2026-06-05,M007,34588
2026-06-05,M008,25431
2026-06-05,M009,40184
2026-06-05,M010,35688
2026-06-05,M011,37147
2026-06-05,M012,43569
2026-06-05,M013,46123
2026-06-05,M014,44188
2026-06-05,M015,38846
2026-06-05,M016,35203
2026-06-05,M017,55331
2026-06-05,M018,41761
2026-06-05,M019,43358
2026-06-05,M020,53947
2026-06-05,M021,51724
2026-06-05,M022,30812
2026-06-05,M023,44285
2026-06-05,M024,62563
2026-06-05,M025,64061
2026-06-05,M026,35165
2026-06-05,M027,55235
2026-06-05,M028,66951
2026-06-05,M029,64768
2026-06-05,M030,55774
2026-06-05,M031,39286
2026-06-05,M032,50235
2026-06-05,M033,72825
2026-06-05,M034,56591
2026-06-05,M035,91428
2026-06-05,M036,51038
2026-06-05,M037,51543
2026-06-05,M038,41588
2026-06-05,M039,60141
2026-06-05,M040,75299
2026-06-05,M041,82737
2026-06-05,M042,59607
2026-06-05,M043,50077
2026-06-05,M044,59550
2026-06-05,M045,100929
2026-06-05,M046,44384
2026-06-05,M047,64573
2026-06-05,M048,79039
2026-06-06,M001,9306
2026-06-06,M002,22331
2026-06-06,M003,21193
2026-06-06,M004,50969
2026-06-06,M005,30830
2026-06-06,M006,39988
2026-06-06,M007,30584
2026-06-06,M008,32626
2026-06-06,M009,22039
2026-06-06,M010,41663
2026-06-06,M011,26874
2026-06-06,M012,61527
2026-06-06,M013,25439
2026-06-06,M014,58046
2026-06-06,M015,29391
2026-06-06,M016,44425
2026-06-06,M017,24869
2026-06-06,M018,57114
2026-06-06,M019,31240
2026-06-06,M020,66299
2026-06-06,M021,28826
2026-06-06,M022,41636
2026-06-06,M023,35570
2026-06-06,M024,70925
2026-06-06,M025,30017
2026-06-06,M026,47894
2026-06-06,M027,41057
2026-06-06,M028,75363
2026-06-06,M029,32416
2026-06-06,M030,67158
2026-06-06,M031,29494
2026-06-06,M032,65973
2026-06-06,M033,35862
2026-06-06,M034,79817
2026-06-06,M035,69273
2026-06-06,M036,61234
2026-06-06,M037,26596
2026-06-06,M038,51817
2026-06-06,M039,47948
2026-06-06,M040,101783
2026-06-06,M041,40353
2026-06-06,M042,81559
2026-06-06,M043,35200
2026-06-06,M044,85236
2026-06-06,M045,50161
2026-06-06,M046,55543
2026-06-06,M047,52383
2026-06-06,M048,115062
2026-06-07,M001,13737
2026-06-07,M002,21024
2026-06-07,M003,31928
2026-06-07,M004,31751
2026-06-07,M005,43431
2026-06-07,M006,39747
2026-06-07,M007,36969
2026-06-07,M008,21859
2026-06-07,M009,30459
2026-06-07,M010,38610
2026-06-07,M011,38762
2026-06-07,M012,37595
2026-06-07,M013,33116
2026-06-07,M014,50431
2026-06-07,M015,37094
2026-06-07,M016,28309
2026-06-07,M017,34578
2026-06-07,M018,53581
2026-06-07,M019,42528
2026-06-07,M020,42325
2026-06-07,M021,41601
2026-06-07,M022,36207
2026-06-07,M023,49803
2026-06-07,M024,43680
2026-06-07,M025,44625
2026-06-07,M026,44303
2026-06-07,M027,54085
2026-06-07,M028,49567
2026-06-07,M029,40526
2026-06-07,M030,58360
2026-06-07,M031,39574
2026-06-07,M032,35646
2026-06-07,M033,54771
2026-06-07,M034,72917
2026-06-07,M035,88968
2026-06-07,M036,37829
2026-06-07,M037,36709
2026-06-07,M038,52321
2026-06-07,M039,70641
2026-06-07,M040,58640
2026-06-07,M041,52714
2026-06-07,M042,75392
2026-06-07,M043,47933
2026-06-07,M044,47318
2026-06-07,M045,65375
2026-06-07,M046,58233
2026-06-07,M047,67455
2026-06-07,M048,70178
2026-06-08,M001,20200
2026-06-08,M002,20763
2026-06-08,M003,29014
2026-06-08,M004,28924
2026-06-08,M005,61217
2026-06-08,M006,36180
2026-06-08,M007,37130
2026-06-08,M008,21905
2026-06-08,M009,45826
2026-06-08,M010,39128
2026-06-08,M011,37417
2026-06-08,M012,32873
2026-06-08,M013,51450
2026-06-08,M014,45691
2026-06-08,M015,39845
2026-06-08,M016,27874
2026-06-08,M017,57688
2026-06-08,M018,48640
2026-06-08,M019,44527
2026-06-08,M020,40895
2026-06-08,M021,53897
2026-06-08,M022,33503
2026-06-08,M023,50117
2026-06-08,M024,44568
2026-06-08,M025,63416
2026-06-08,M026,42614
2026-06-08,M027,53833
2026-06-08,M028,45057
2026-06-08,M029,67327
2026-06-08,M030,65494
2026-06-08,M031,37983
2026-06-08,M032,39341
2026-06-08,M033,73069
2026-06-08,M034,76127
2026-06-08,M035,95733
2026-06-08,M036,39961
2026-06-08,M037,51157
2026-06-08,M038,46388
2026-06-08,M039,61445
2026-06-08,M040,61984
2026-06-08,M041,85809
2026-06-08,M042,71354
2026-06-08,M043,47116
2026-06-08,M044,52920
2026-06-08,M045,101097
2026-06-08,M046,53449
2026-06-08,M047,68958
2026-06-08,M048,64578
2026-06-09,M001,19404
2026-06-09,M002,16169
2026-06-09,M003,27384
2026-06-09,M004,38305
2026-06-09,M005,61793
2026-06-09,M006,33761
2026-06-09,M007,37061
2026-06-09,M008,27263
2026-06-09,M009,45515
2026-06-09,M010,36020
2026-06-09,M011,37608
2026-06-09,M012,44490
2026-06-09,M013,50566
2026-06-09,M014,44866
2026-06-09,M015,36017
2026-06-09,M016,31327
2026-06-09,M017,49553
2026-06-09,M018,47932
2026-06-09,M019,45981
2026-06-09,M020,58390
2026-06-09,M021,60159
2026-06-09,M022,31166
2026-06-09,M023,49567
2026-06-09,M024,62482
2026-06-09,M025,67073
2026-06-09,M026,35152
2026-06-09,M027,53585
2026-06-09,M028,57267
2026-06-09,M029,60982
2026-06-09,M030,53406
2026-06-09,M031,38039
2026-06-09,M032,47796
2026-06-09,M033,68201
2026-06-09,M034,57699
2026-06-09,M035,86540
2026-06-09,M036,55137
2026-06-09,M037,50361
2026-06-09,M038,41730
2026-06-09,M039,62765
2026-06-09,M040,77514
2026-06-09,M041,75652
2026-06-09,M042,69555
2026-06-09,M043,48984
2026-06-09,M044,59128
2026-06-09,M045,96267
2026-06-09,M046,49221
2026-06-09,M047,66973
2026-06-09,M048,85377
2026-06-10,M001,10778
2026-06-10,M002,26322
2026-06-10,M003,24818
2026-06-10,M004,50945
2026-06-10,M005,32098
2026-06-10,M006,49214
2026-06-10,M007,31503
2026-06-10,M008,40351
2026-06-10,M009,23730
2026-06-10,M010,50250
2026-06-10,M011,27928
2026-06-10,M012,63687
2026-06-10,M013,27728
2026-06-10,M014,58290
2026-06-10,M015,32183
2026-06-10,M016,48930
2026-06-10,M017,30606
2026-06-10,M018,63286
2026-06-10,M019,39721
2026-06-10,M020,77521
2026-06-10,M021,29153
2026-06-10,M022,42353
2026-06-10,M023,40113
2026-06-10,M024,85093
2026-06-10,M025,37513
2026-06-10,M026,51772
2026-06-10,M027,46165
2026-06-10,M028,84439
2026-06-10,M029,35683
2026-06-10,M030,70933
2026-06-10,M031,33022
2026-06-10,M032,71982
2026-06-10,M033,40351
2026-06-10,M034,79278
2026-06-10,M035,73824
2026-06-10,M036,76628
2026-06-10,M037,26636
2026-06-10,M038,62456
2026-06-10,M039,57922
2026-06-10,M040,116075
2026-06-10,M041,45819
2026-06-10,M042,94725
2026-06-10,M043,39360
2026-06-10,M044,85690
2026-06-10,M045,52739
2026-06-10,M046,64940
2026-06-10,M047,61133
2026-06-10,M048,114225
2026-06-11,M001,14190
2026-06-11,M002,21496
2026-06-11,M003,33913
2026-06-11,M004,35193
2026-06-11,M005,48667
2026-06-11,M006,46374
2026-06-11,M007,39898
2026-06-11,M008,22412
2026-06-11,M009,31246
2026-06-11,M010,40763
2026-06-11,M011,43004
2026-06-11,M012,36721
2026-06-11,M013,36707
2026-06-11,M014,55957
2026-06-11,M015,45767
2026-06-11,M016,30009
2026-06-11,M017,40666
2026-06-11,M018,55163
2026-06-11,M019,47209
2026-06-11,M020,44567
2026-06-11,M021,40079
2026-06-11,M022,40680
2026-06-11,M023,58169
2026-06-11,M024,49522
2026-06-11,M025,48140
2026-06-11,M026,50032
2026-06-11,M027,67128
2026-06-11,M028,51880
2026-06-11,M029,44935
2026-06-11,M030,63802
2026-06-11,M031,43310
2026-06-11,M032,44052
2026-06-11,M033,58495
2026-06-11,M034,73307
2026-06-11,M035,108525
2026-06-11,M036,47952
2026-06-11,M037,38946
2026-06-11,M038,57456
2026-06-11,M039,76485
2026-06-11,M040,63185
2026-06-11,M041,56487
2026-06-11,M042,78921
2026-06-11,M043,54502
2026-06-11,M044,50583
2026-06-11,M045,68974
2026-06-11,M046,56223
2026-06-11,M047,74439
2026-06-11,M048,77523
2026-06-12,M001,18759
2026-06-12,M002,19007
2026-06-12,M003,27253
2026-06-12,M004,28928
2026-06-12,M005,58350
2026-06-12,M006,38028
2026-06-12,M007,40536
2026-06-12,M008,21720
2026-06-12,M009,47211
2026-06-12,M010,39120
2026-06-12,M011,35695
2026-06-12,M012,35244
2026-06-12,M013,53567
2026-06-12,M014,50634
2026-06-12,M015,41290
2026-06-12,M016,28339
2026-06-12,M017,51333
2026-06-12,M018,50893
2026-06-12,M019,41641
2026-06-12,M020,45107
2026-06-12,M021,52557
2026-06-12,M022,32790
2026-06-12,M023,51358
2026-06-12,M024,43368
2026-06-12,M025,70428
2026-06-12,M026,42209
2026-06-12,M027,52108
2026-06-12,M028,50581
2026-06-12,M029,61146
2026-06-12,M030,59401
2026-06-12,M031,39477
2026-06-12,M032,40455
2026-06-12,M033,75596
2026-06-12,M034,66076
2026-06-12,M035,88573
2026-06-12,M036,39066
2026-06-12,M037,51972
2026-06-12,M038,47275
2026-06-12,M039,63494
2026-06-12,M040,62522
2026-06-12,M041,81555
2026-06-12,M042,78303
2026-06-12,M043,52207
2026-06-12,M044,52518
2026-06-12,M045,102823
2026-06-12,M046,50521
2026-06-12,M047,68087
2026-06-12,M048,71091
2026-06-13,M001,17848
2026-06-13,M002,16509
2026-06-13,M003,25869
2026-06-13,M004,34429
2026-06-13,M005,57204
2026-06-13,M006,31004
2026-06-13,M007,35656
2026-06-13,M008,22607
2026-06-13,M009,41735
2026-06-13,M010,31157
2026-06-13,M011,32719
2026-06-13,M012,41468
2026-06-13,M013,46290
2026-06-13,M014,35614
2026-06-13,M015,34971
2026-06-13,M016,31340
2026-06-13,M017,46263
2026-06-13,M018,38910
2026-06-13,M019,41829
2026-06-13,M020,46612
2026-06-13,M021,47725
2026-06-13,M022,27100
2026-06-13,M023,41382
2026-06-13,M024,50297
2026-06-13,M025,61159
2026-06-13,M026,30736
2026-06-13,M027,52596
2026-06-13,M028,59645
2026-06-13,M029,60664
2026-06-13,M030,43060
2026-06-13,M031,35842
2026-06-13,M032,46653
2026-06-13,M033,65746
2026-06-13,M034,55398
2026-06-13,M035,81416
2026-06-13,M036,43919
2026-06-13,M037,48593
2026-06-13,M038,35194
2026-06-13,M039,53497
2026-06-13,M040,76540
2026-06-13,M041,75494
2026-06-13,M042,58107
2026-06-13,M043,43008
2026-06-13,M044,55155
2026-06-13,M045,87625
2026-06-13,M046,43871
2026-06-13,M047,65749
2026-06-13,M048,71634
2026-06-14,M001,8763
2026-06-14,M002,21908
2026-06-14,M003,21605
2026-06-14,M004,49298
2026-06-14,M005,30146
2026-06-14,M006,44002
2026-06-14,M007,27916
2026-06-14,M008,36148
2026-06-14,M009,22508
2026-06-14,M010,41286
2026-06-14,M011,24900
2026-06-14,M012,53444
2026-06-14,M013,26579
2026-06-14,M014,54802
2026-06-14,M015,30885
2026-06-14,M016,41871
2026-06-14,M017,28167
2026-06-14,M018,59125
2026-06-14,M019,34051
2026-06-14,M020,69891
2026-06-14,M021,29134
2026-06-14,M022,38807
2026-06-14,M023,37846
2026-06-14,M024,75911
2026-06-14,M025,35103
2026-06-14,M026,48869
2026-06-14,M027,45304
2026-06-14,M028,84673
2026-06-14,M029,31804
2026-06-14,M030,71243
2026-06-14,M031,26609
2026-06-14,M032,60954
2026-06-14,M033,35119
2026-06-14,M034,71405
2026-06-14,M035,71015
2026-06-14,M036,70682
2026-06-14,M037,24470
2026-06-14,M038,52070
2026-06-14,M039,51069
2026-06-14,M040,103303
2026-06-14,M041,39506
2026-06-14,M042,81815
2026-06-14,M043,37526
2026-06-14,M044,80624
2026-06-14,M045,47289
2026-06-14,M046,60562
2026-06-14,M047,50700
2026-06-14,M048,113265
2026-06-15,M001,15506
2026-06-15,M002,22203
2026-06-15,M003,33391
2026-06-15,M004,30811
2026-06-15,M005,47804
2026-06-15,M006,43653
2026-06-15,M007,44557
2026-06-15,M008,21814
2026-06-15,M009,32826
2026-06-15,M010,46716
2026-06-15,M011,37867
2026-06-15,M012,40791
2026-06-15,M013,38401
2026-06-15,M014,58431
2026-06-15,M015,44085
2026-06-15,M016,29372
2026-06-15,M017,38443
2026-06-15,M018,63346
2026-06-15,M019,47954
2026-06-15,M020,49999
2026-06-15,M021,41941
2026-06-15,M022,37629
2026-06-15,M023,55665
2026-06-15,M024,49535
2026-06-15,M025,52509
2026-06-15,M026,51126
2026-06-15,M027,64614
2026-06-15,M028,55964
2026-06-15,M029,49047
2026-06-15,M030,68105
2026-06-15,M031,41665
2026-06-15,M032,39025
2026-06-15,M033,54979
2026-06-15,M034,75795
2026-06-15,M035,102462
2026-06-15,M036,45528
2026-06-15,M037,41014
2026-06-15,M038,56658
2026-06-15,M039,70412
2026-06-15,M040,68974
2026-06-15,M041,59839
2026-06-15,M042,81785
2026-06-15,M043,58856
2026-06-15,M044,52721
2026-06-15,M045,67336
2026-06-15,M046,63200
2026-06-15,M047,75959
2026-06-15,M048,72114
2026-06-16,M001,17710
2026-06-16,M002,19237
2026-06-16,M003,31003
2026-06-16,M004,27453
2026-06-16,M005,55766
2026-06-16,M006,36392
2026-06-16,M007,35117
2026-06-16,M008,21606
2026-06-16,M009,44119
2026-06-16,M010,41250
2026-06-16,M011,32798
2026-06-16,M012,36934
2026-06-16,M013,53887
2026-06-16,M014,49185
2026-06-16,M015,38713
2026-06-16,M016,27332
2026-06-16,M017,51526
2026-06-16,M018,54680
2026-06-16,M019,44771
2026-06-16,M020,44471
2026-06-16,M021,52852
2026-06-16,M022,36440
2026-06-16,M023,44106
2026-06-16,M024,47455
2026-06-16,M025,70205
2026-06-16,M026,40811
2026-06-16,M027,59145
2026-06-16,M028,48439
2026-06-16,M029,63709
2026-06-16,M030,59825
2026-06-16,M031,39134
2026-06-16,M032,40406
2026-06-16,M033,72476
2026-06-16,M034,70235
2026-06-16,M035,91024
2026-06-16,M036,37221
2026-06-16,M037,52003
2026-06-16,M038,53296
2026-06-16,M039,67815
2026-06-16,M040,58856
2026-06-16,M041,81744
2026-06-16,M042,76922
2026-06-16,M043,54417
2026-06-16,M044,48552
2026-06-16,M045,91377
2026-06-16,M046,50739
2026-06-16,M047,67454
2026-06-16,M048,67464
2026-06-17,M001,20082
2026-06-17,M002,18174
2026-06-17,M003,26710
2026-06-17,M004,39977
2026-06-17,M005,55227
2026-06-17,M006,35214
2026-06-17,M007,37485
2026-06-17,M008,29006
2026-06-17,M009,46862
2026-06-17,M010,31939
2026-06-17,M011,34010
2026-06-17,M012,42090
2026-06-17,M013,53347
2026-06-17,M014,44882
2026-06-17,M015,36543
2026-06-17,M016,36356
2026-06-17,M017,52488
2026-06-17,M018,47145
2026-06-17,M019,46631
2026-06-17,M020,58125
2026-06-17,M021,58708
2026-06-17,M022,28979
2026-06-17,M023,47236
2026-06-17,M024,57966
2026-06-17,M025,68572
2026-06-17,M026,34622
2026-06-17,M027,59705
2026-06-17,M028,58674
2026-06-17,M029,66951
2026-06-17,M030,55953
2026-06-17,M031,35071
2026-06-17,M032,44805
2026-06-17,M033,76604
2026-06-17,M034,58091
2026-06-17,M035,84475
2026-06-17,M036,48483
2026-06-17,M037,53726
2026-06-17,M038,43354
2026-06-17,M039,68178
2026-06-17,M040,75884
2026-06-17,M041,81754
2026-06-17,M042,66190
2026-06-17,M043,46693
2026-06-17,M044,64407
2026-06-17,M045,88037
2026-06-17,M046,46673
2026-06-17,M047,65869
2026-06-17,M048,84665
2026-06-18,M001,10363
2026-06-18,M002,24853
2026-06-18,M003,25469
2026-06-18,M004,57364
2026-06-18,M005,34013
2026-06-18,M006,50525
2026-06-18,M007,32565
2026-06-18,M008,39284
2026-06-18,M009,23537
2026-06-18,M010,48252
2026-06-18,M011,30262
2026-06-18,M012,66037
2026-06-18,M013,27822
2026-06-18,M014,61815
2026-06-18,M015,34409
2026-06-18,M016,45593
2026-06-18,M017,28866
2026-06-18,M018,64351
2026-06-18,M019,35228
2026-06-18,M020,83517
2026-06-18,M021,31497
2026-06-18,M022,45741
2026-06-18,M023,40045
2026-06-18,M024,86811
2026-06-18,M025,35375
2026-06-18,M026,49924
2026-06-18,M027,44750
2026-06-18,M028,91019
2026-06-18,M029,32973
2026-06-18,M030,75239
2026-06-18,M031,30539
2026-06-18,M032,63303
2026-06-18,M033,38935
2026-06-18,M034,84162
2026-06-18,M035,71257
2026-06-18,M036,72977
2026-06-18,M037,27421
2026-06-18,M038,56092
2026-06-18,M039,51258
2026-06-18,M040,116845
2026-06-18,M041,40486
2026-06-18,M042,87061
2026-06-18,M043,40583
2026-06-18,M044,88238
2026-06-18,M045,55352
2026-06-18,M046,63303
2026-06-18,M047,61066
2026-06-18,M048,116629
2026-06-19,M001,13547
2026-06-19,M002,22703
2026-06-19,M003,34842
2026-06-19,M004,31702
2026-06-19,M005,41818
2026-06-19,M006,43448
2026-06-19,M007,43088
2026-06-19,M008,23083
2026-06-19,M009,34377
2026-06-19,M010,46732
2026-06-19,M011,41056
2026-06-19,M012,38244
2026-06-19,M013,40838
2026-06-19,M014,54255
2026-06-19,M015,41842
2026-06-19,M016,28618
2026-06-19,M017,43710
2026-06-19,M018,61071
2026-06-19,M019,51668
2026-06-19,M020,45121
2026-06-19,M021,42196
2026-06-19,M022,42869
2026-06-19,M023,50109
2026-06-19,M024,50938
2026-06-19,M025,49618
2026-06-19,M026,47694
2026-06-19,M027,68733
2026-06-19,M028,49744
2026-06-19,M029,49632
2026-06-19,M030,72523
2026-06-19,M031,45736
2026-06-19,M032,44591
2026-06-19,M033,54084
2026-06-19,M034,81070
2026-06-19,M035,111090
2026-06-19,M036,46466
2026-06-19,M037,38196
2026-06-19,M038,56272
2026-06-19,M039,68765
2026-06-19,M040,70383
2026-06-19,M041,57385
2026-06-19,M042,79672
2026-06-19,M043,55447
2026-06-19,M044,50805
2026-06-19,M045,70948
2026-06-19,M046,60649
2026-06-19,M047,82052
2026-06-19,M048,70806
2026-06-20,M001,16312
2026-06-20,M002,18594
2026-06-20,M003,26144
2026-06-20,M004,26128
2026-06-20,M005,51307
2026-06-20,M006,36944
2026-06-20,M007,33989
2026-06-20,M008,17811
2026-06-20,M009,38668
2026-06-20,M010,37199
2026-06-20,M011,32767
2026-06-20,M012,33282
2026-06-20,M013,49439
2026-06-20,M014,44219
2026-06-20,M015,33785
2026-06-20,M016,25542
2026-06-20,M017,51603
2026-06-20,M018,47668
2026-06-20,M019,37504
2026-06-20,M020,41555
2026-06-20,M021,53768
2026-06-20,M022,31320
2026-06-20,M023,46092
2026-06-20,M024,40340
2026-06-20,M025,60780
2026-06-20,M026,40189
2026-06-20,M027,52923
2026-06-20,M028,43343
2026-06-20,M029,59115
2026-06-20,M030,53811
2026-06-20,M031,35965
2026-06-20,M032,31466
2026-06-20,M033,70453
2026-06-20,M034,61136
2026-06-20,M035,77999
2026-06-20,M036,38253
2026-06-20,M037,48138
2026-06-20,M038,43673
2026-06-20,M039,60394
2026-06-20,M040,54897
2026-06-20,M041,75334
2026-06-20,M042,63294
2026-06-20,M043,47640
2026-06-20,M044,40808
2026-06-20,M045,82597
2026-06-20,M046,49910
2026-06-20,M047,63113
2026-06-20,M048,58446
2026-06-21,M001,14857
2026-06-21,M002,12964
2026-06-21,M003,20925
2026-06-21,M004,26856
2026-06-21,M005,41125
2026-06-21,M006,24357
2026-06-21,M007,25970
2026-06-21,M008,20008
2026-06-21,M009,34699
2026-06-21,M010,25460
2026-06-21,M011,25294
2026-06-21,M012,32832
2026-06-21,M013,37863
2026-06-21,M014,29004
2026-06-21,M015,30132
2026-06-21,M016,26278
2026-06-21,M017,36556
2026-06-21,M018,31541
2026-06-21,M019,33396
2026-06-21,M020,41861
2026-06-21,M021,38667
2026-06-21,M022,20990
2026-06-21,M023,34941
2026-06-21,M024,42849
2026-06-21,M025,46378
2026-06-21,M026,28138
2026-06-21,M027,42771
2026-06-21,M028,46809
2026-06-21,M029,49425
2026-06-21,M030,35721
2026-06-21,M031,25928
2026-06-21,M032,37638
2026-06-21,M033,58047
2026-06-21,M034,44620
2026-06-21,M035,71627
2026-06-21,M036,36685
2026-06-21,M037,37605
2026-06-21,M038,32364
2026-06-21,M039,44661
2026-06-21,M040,57030
2026-06-21,M041,54002
2026-06-21,M042,49607
2026-06-21,M043,39602
2026-06-21,M044,48845
2026-06-21,M045,66144
2026-06-21,M046,34574
2026-06-21,M047,55077
2026-06-21,M048,59207
2026-06-22,M001,8573
2026-06-22,M002,20008
2026-06-22,M003,20044
2026-06-22,M004,44154
2026-06-22,M005,26409
2026-06-22,M006,35778
2026-06-22,M007,26190
2026-06-22,M008,31582
2026-06-22,M009,20195
2026-06-22,M010,36335
2026-06-22,M011,23562
2026-06-22,M012,55250
2026-06-22,M013,21111
2026-06-22,M014,45471
2026-06-22,M015,25453
2026-06-22,M016,39559
2026-06-22,M017,24155
2026-06-22,M018,49741
2026-06-22,M019,31271
2026-06-22,M020,67995
2026-06-22,M021,26626
2026-06-22,M022,35742
2026-06-22,M023,31522
2026-06-22,M024,67160
2026-06-22,M025,27345
2026-06-22,M026,40614
2026-06-22,M027,40556
2026-06-22,M028,73393
2026-06-22,M029,30525
2026-06-22,M030,57457
2026-06-22,M031,27181
2026-06-22,M032,59343
2026-06-22,M033,35259
2026-06-22,M034,68239
2026-06-22,M035,63059
2026-06-22,M036,59893
2026-06-22,M037,22114
2026-06-22,M038,46942
2026-06-22,M039,43058
2026-06-22,M040,97301
2026-06-22,M041,35465
2026-06-22,M042,80137
2026-06-22,M043,33546
2026-06-22,M044,68853
2026-06-22,M045,42835
2026-06-22,M046,54834
2026-06-22,M047,47888
2026-06-22,M048,103812
2026-06-23,M001,12749
2026-06-23,M002,20005
2026-06-23,M003,27806
2026-06-23,M004,25049
2026-06-23,M005,38078
2026-06-23,M006,37984
2026-06-23,M007,36317
2026-06-23,M008,19354
2026-06-23,M009,25824
2026-06-23,M010,37208
2026-06-23,M011,33685
2026-06-23,M012,30861
2026-06-23,M013,33088
2026-06-23,M014,48337
2026-06-23,M015,35031
2026-06-23,M016,23908
2026-06-23,M017,30666
2026-06-23,M018,48465
2026-06-23,M019,44398
2026-06-23,M020,41261
2026-06-23,M021,34369
2026-06-23,M022,34384
2026-06-23,M023,42424
2026-06-23,M024,42847
2026-06-23,M025,43461
2026-06-23,M026,37761
2026-06-23,M027,49313
2026-06-23,M028,40850
2026-06-23,M029,36508
2026-06-23,M030,52007
2026-06-23,M031,33344
2026-06-23,M032,32880
2026-06-23,M033,43188
2026-06-23,M034,65346
2026-06-23,M035,79105
2026-06-23,M036,35165
2026-06-23,M037,31602
2026-06-23,M038,46324
2026-06-23,M039,64687
2026-06-23,M040,53431
2026-06-23,M041,46005
2026-06-23,M042,71379
2026-06-23,M043,44901
2026-06-23,M044,44461
2026-06-23,M045,58814
2026-06-23,M046,50163
2026-06-23,M047,69397
2026-06-23,M048,63849
2026-06-24,M001,15703
2026-06-24,M002,17491
2026-06-24,M003,23540
2026-06-24,M004,25797
2026-06-24,M005,51095
2026-06-24,M006,34388
2026-06-24,M007,31685
2026-06-24,M008,17051
2026-06-24,M009,34277
2026-06-24,M010,30698
2026-06-24,M011,29214
2026-06-24,M012,27064
2026-06-24,M013,40574
2026-06-24,M014,41131
2026-06-24,M015,30225
2026-06-24,M016,20919
2026-06-24,M017,40948
2026-06-24,M018,44220
2026-06-24,M019,36470
2026-06-24,M020,35343
2026-06-24,M021,45505
2026-06-24,M022,28143
2026-06-24,M023,37312
2026-06-24,M024,39152
2026-06-24,M025,49734
2026-06-24,M026,35747
2026-06-24,M027,46240
2026-06-24,M028,40632
2026-06-24,M029,52145
2026-06-24,M030,48652
2026-06-24,M031,29615
2026-06-24,M032,28561
2026-06-24,M033,65621
2026-06-24,M034,57744
2026-06-24,M035,80337
2026-06-24,M036,33918
2026-06-24,M037,44358
2026-06-24,M038,41697
2026-06-24,M039,55748
2026-06-24,M040,49408
2026-06-24,M041,61315
2026-06-24,M042,63779
2026-06-24,M043,44345
2026-06-24,M044,39144
2026-06-24,M045,79002
2026-06-24,M046,47466
2026-06-24,M047,53397
2026-06-24,M048,56716
2026-06-25,M001,16339
2026-06-25,M002,14758
2026-06-25,M003,23735
2026-06-25,M004,29375
2026-06-25,M005,48361
2026-06-25,M006,25449
2026-06-25,M007,31715
2026-06-25,M008,20513
2026-06-25,M009,34223
2026-06-25,M010,28437
2026-06-25,M011,30884
2026-06-25,M012,38629
2026-06-25,M013,39868
2026-06-25,M014,36730
2026-06-25,M015,33621
2026-06-25,M016,26129
2026-06-25,M017,41476
2026-06-25,M018,34625
2026-06-25,M019,35324
2026-06-25,M020,48269
2026-06-25,M021,44354
2026-06-25,M022,24361
2026-06-25,M023,35900
2026-06-25,M024,49343
2026-06-25,M025,54323
2026-06-25,M026,31043
2026-06-25,M027,44175
2026-06-25,M028,51688
2026-06-25,M029,48722
2026-06-25,M030,40791
2026-06-25,M031,30766
2026-06-25,M032,41124
2026-06-25,M033,57401
2026-06-25,M034,46241
2026-06-25,M035,73530
2026-06-25,M036,42912
2026-06-25,M037,43778
2026-06-25,M038,32656
2026-06-25,M039,50943
2026-06-25,M040,69148
2026-06-25,M041,60658
2026-06-25,M042,53440
2026-06-25,M043,38132
2026-06-25,M044,55287
2026-06-25,M045,73304
2026-06-25,M046,35892
2026-06-25,M047,57352
2026-06-25,M048,69371
2026-06-26,M001,8396
2026-06-26,M002,19194
2026-06-26,M003,18699
2026-06-26,M004,42665
2026-06-26,M005,26770
2026-06-26,M006,37764
2026-06-26,M007,24946
2026-06-26,M008,30802
2026-06-26,M009,21530
2026-06-26,M010,41829
2026-06-26,M011,25003
2026-06-26,M012,53663
2026-06-26,M013,21434
2026-06-26,M014,47131
2026-06-26,M015,28206
2026-06-26,M016,37149
2026-06-26,M017,22980
2026-06-26,M018,55679
2026-06-26,M019,32207
2026-06-26,M020,59197
2026-06-26,M021,24614
2026-06-26,M022,35026
2026-06-26,M023,32340
2026-06-26,M024,66397
2026-06-26,M025,29945
2026-06-26,M026,41634
2026-06-26,M027,40604
2026-06-26,M028,72177
2026-06-26,M029,27933
2026-06-26,M030,63868
2026-06-26,M031,24564
2026-06-26,M032,57642
2026-06-26,M033,35838
2026-06-26,M034,75215
2026-06-26,M035,63822
2026-06-26,M036,59964
2026-06-26,M037,23629
2026-06-26,M038,49616
2026-06-26,M039,46675
2026-06-26,M040,90779
2026-06-26,M041,34743
2026-06-26,M042,74728
2026-06-26,M043,32226
2026-06-26,M044,68323
2026-06-26,M045,46254
2026-06-26,M046,56348
2026-06-26,M047,49299
2026-06-26,M048,105213
2026-06-27,M001,11508
2026-06-27,M002,17603
2026-06-27,M003,24287
2026-06-27,M004,24380
2026-06-27,M005,32347
2026-06-27,M006,30418
2026-06-27,M007,34015
2026-06-27,M008,18415
2026-06-27,M009,23008
2026-06-27,M010,30415
2026-06-27,M011,31275
2026-06-27,M012,27798
2026-06-27,M013,27335
2026-06-27,M014,38783
2026-06-27,M015,30943
2026-06-27,M016,20519
2026-06-27,M017,28356
2026-06-27,M018,41077
2026-06-27,M019,34259
2026-06-27,M020,35323
2026-06-27,M021,32825
2026-06-27,M022,29923
2026-06-27,M023,37768
2026-06-27,M024,39437
2026-06-27,M025,38108
2026-06-27,M026,34559
2026-06-27,M027,45676
2026-06-27,M028,38420
2026-06-27,M029,34076
2026-06-27,M030,50518
2026-06-27,M031,30746
2026-06-27,M032,32800
2026-06-27,M033,40252
2026-06-27,M034,55926
2026-06-27,M035,72454
2026-06-27,M036,33259
2026-06-27,M037,29074
2026-06-27,M038,39888
2026-06-27,M039,53979
2026-06-27,M040,54316
2026-06-27,M041,47124
2026-06-27,M042,67470
2026-06-27,M043,39484
2026-06-27,M044,39699
2026-06-27,M045,49229
2026-06-27,M046,43497
2026-06-27,M047,58280
2026-06-27,M048,55867
2026-06-28,M001,13813
2026-06-28,M002,15508
2026-06-28,M003,19972
2026-06-28,M004,20623
2026-06-28,M005,47320
2026-06-28,M006,29475
2026-06-28,M007,29872
2026-06-28,M008,16047
2026-06-28,M009,35158
2026-06-28,M010,26900
2026-06-28,M011,24432
2026-06-28,M012,27603
2026-06-28,M013,37785
2026-06-28,M014,36718
2026-06-28,M015,27535
2026-06-28,M016,17985
2026-06-28,M017,43020
2026-06-28,M018,41111
2026-06-28,M019,34452
2026-06-28,M020,32492
2026-06-28,M021,43263
2026-06-28,M022,24620
2026-06-28,M023,36126
2026-06-28,M024,33956
2026-06-28,M025,52102
2026-06-28,M026,33553
2026-06-28,M027,42543
2026-06-28,M028,36940
2026-06-28,M029,45425
2026-06-28,M030,42519
2026-06-28,M031,29624
2026-06-28,M032,26454
2026-06-28,M033,54026
2026-06-28,M034,51839
2026-06-28,M035,63451
2026-06-28,M036,31556
2026-06-28,M037,35789
2026-06-28,M038,35067
2026-06-28,M039,48915
2026-06-28,M040,42207
2026-06-28,M041,61343
2026-06-28,M042,60415
2026-06-28,M043,37409
2026-06-28,M044,37273
2026-06-28,M045,67463
2026-06-28,M046,37208
2026-06-28,M047,53297
2026-06-28,M048,46449
2026-06-29,M001,16405
2026-06-29,M002,14337
2026-06-29,M003,23006
2026-06-29,M004,31494
2026-06-29,M005,48517
2026-06-29,M006,26476
2026-06-29,M007,30052
2026-06-29,M008,22195
2026-06-29,M009,35771
2026-06-29,M010,28214
2026-06-29,M011,27365
2026-06-29,M012,35818
2026-06-29,M013,41180
2026-06-29,M014,33553
2026-06-29,M015,32175
2026-06-29,M016,27107
2026-06-29,M017,42161
2026-06-29,M018,37456
2026-06-29,M019,33256
2026-06-29,M020,46053
2026-06-29,M021,44859
2026-06-29,M022,25065
2026-06-29,M023,40008
2026-06-29,M024,48493
2026-06-29,M025,52265
2026-06-29,M026,31465
2026-06-29,M027,47126
2026-06-29,M028,52300
2026-06-29,M029,48139
2026-06-29,M030,41705
2026-06-29,M031,31352
2026-06-29,M032,37530
2026-06-29,M033,59831
2026-06-29,M034,49197
2026-06-29,M035,68926
2026-06-29,M036,40133
2026-06-29,M037,44056
2026-06-29,M038,32204
2026-06-29,M039,52667
2026-06-29,M040,64418
2026-06-29,M041,67089
2026-06-29,M042,51564
2026-06-29,M043,39158
2026-06-29,M044,54369
2026-06-29,M045,74667
2026-06-29,M046,34617
2026-06-29,M047,52829
2026-06-29,M048,71278
2026-06-30,M001,9099
2026-06-30,M002,19788
2026-06-30,M003,19567
2026-06-30,M004,45498
2026-06-30,M005,26329
2026-06-30,M006,40811
2026-06-30,M007,24301
2026-06-30,M008,29027
2026-06-30,M009,19317
2026-06-30,M010,38270
2026-06-30,M011,23384
2026-06-30,M012,49940
2026-06-30,M013,23145
2026-06-30,M014,48854
2026-06-30,M015,26023
2026-06-30,M016,39718
2026-06-30,M017,22503
2026-06-30,M018,53819
2026-06-30,M019,28984
2026-06-30,M020,60448
2026-06-30,M021,25187
2026-06-30,M022,34143
2026-06-30,M023,33679
2026-06-30,M024,65685
2026-06-30,M025,27842
2026-06-30,M026,41332
2026-06-30,M027,37215
2026-06-30,M028,66269
2026-06-30,M029,30041
2026-06-30,M030,58640
2026-06-30,M031,25862
2026-06-30,M032,55142
2026-06-30,M033,32828
2026-06-30,M034,72505
2026-06-30,M035,65311
2026-06-30,M036,57248
2026-06-30,M037,23063
2026-06-30,M038,52569
2026-06-30,M039,42345
2026-06-30,M040,93344
2026-06-30,M041,36696
2026-06-30,M042,78588
2026-06-30,M043,35061
2026-06-30,M044,68571
2026-06-30,M045,46458
2026-06-30,M046,52924
2026-06-30,M047,44250
2026-06-30,M048,102348
2026-07-01,M001,18306
2026-07-01,M002,12434
2026-07-01,M003,23028
2026-07-01,M004,29284
2026-07-01,M005,48943
2026-07-01,M006,24884
2026-07-01,M007,32889
2026-07-01,M008,19194
2026-07-01,M009,34112
2026-07-01,M010,28337
2026-07-01,M011,25639
2026-07-01,M012,37478
2026-07-01,M013,48122
2026-07-01,M014,27976
2026-07-01,M015,28526
2026-07-01,M016,28416
2026-07-01,M017,42939
2026-07-01,M018,34141
2026-07-01,M019,42251
2026-07-01,M020,39727
2026-07-01,M021,43489
2026-07-01,M022,25363
2026-07-01,M023,39786
2026-07-01,M024,47384
2026-07-01,M025,58487
2026-07-01,M026,23816
2026-07-01,M027,44297
2026-07-01,M028,52456
2026-07-01,M029,52401
2026-07-01,M030,43567
2026-07-01,M031,37230
2026-07-01,M032,30920
2026-07-01,M033,56084
2026-07-01,M034,49953
2026-07-01,M035,68385
2026-07-01,M036,42072
2026-07-01,M037,49449
2026-07-01,M038,31393
2026-07-01,M039,51851
2026-07-01,M040,60896
2026-07-01,M041,63414
2026-07-01,M042,48695
2026-07-01,M043,46967
2026-07-01,M044,43816
2026-07-01,M045,69618
2026-07-01,M046,36575
2026-07-01,M047,55910
2026-07-01,M048,65719
2026-07-02,M001,10086
2026-07-02,M002,17546
2026-07-02,M003,17925
2026-07-02,M004,41235
2026-07-02,M005,26099
2026-07-02,M006,36072
2026-07-02,M007,29907
2026-07-02,M008,26882
2026-07-02,M009,19914
2026-07-02,M010,34734
2026-07-02,M011,21859
2026-07-02,M012,48089
2026-07-02,M013,25973
2026-07-02,M014,43918
2026-07-02,M015,25256
2026-07-02,M016,37553
2026-07-02,M017,23298
2026-07-02,M018,48106
2026-07-02,M019,32436
2026-07-02,M020,56229
2026-07-02,M021,23131
2026-07-02,M022,31962
2026-07-02,M023,29866
2026-07-02,M024,68180
2026-07-02,M025,36249
2026-07-02,M026,37713
2026-07-02,M027,35299
2026-07-02,M028,64498
2026-07-02,M029,27588
2026-07-02,M030,56093
2026-07-02,M031,29075
2026-07-02,M032,44323
2026-07-02,M033,30105
2026-07-02,M034,68616
2026-07-02,M035,63571
2026-07-02,M036,59282
2026-07-02,M037,26188
2026-07-02,M038,40705
2026-07-02,M039,44045
2026-07-02,M040,94765
2026-07-02,M041,33608
2026-07-02,M042,70845
2026-07-02,M043,40738
2026-07-02,M044,58971
2026-07-02,M045,42830
2026-07-02,M046,47528
2026-07-02,M047,47671
2026-07-02,M048,99637
2026-07-03,M001,13602
2026-07-03,M002,16472
2026-07-03,M003,24390
2026-07-03,M004,26621
2026-07-03,M005,37897
2026-07-03,M006,36755
2026-07-03,M007,41198
2026-07-03,M008,14896
2026-07-03,M009,27845
2026-07-03,M010,32501
2026-07-03,M011,31149
2026-07-03,M012,28472
2026-07-03,M013,38402
2026-07-03,M014,36911
2026-07-03,M015,32780
2026-07-03,M016,21536
2026-07-03,M017,31577
2026-07-03,M018,45330
2026-07-03,M019,47570
2026-07-03,M020,31278
2026-07-03,M021,36265
2026-07-03,M022,32202
2026-07-03,M023,45569
2026-07-03,M024,43866
2026-07-03,M025,49224
2026-07-03,M026,31948
2026-07-03,M027,50716
2026-07-03,M028,45448
2026-07-03,M029,40128
2026-07-03,M030,54477
2026-07-03,M031,39374
2026-07-03,M032,30710
2026-07-03,M033,43824
2026-07-03,M034,65332
2026-07-03,M035,80470
2026-07-03,M036,35956
2026-07-03,M037,38998
2026-07-03,M038,41310
2026-07-03,M039,61555
2026-07-03,M040,50831
2026-07-03,M041,45483
2026-07-03,M042,67508
2026-07-03,M043,51941
2026-07-03,M044,36755
2026-07-03,M045,58366
2026-07-03,M046,50851
2026-07-03,M047,60229
2026-07-03,M048,61253
2026-07-04,M001,16387
2026-07-04,M002,13027
2026-07-04,M003,22229
2026-07-04,M004,21822
2026-07-04,M005,45744
2026-07-04,M006,26994
2026-07-04,M007,34438
2026-07-04,M008,13605
2026-07-04,M009,31272
2026-07-04,M010,28003
2026-07-04,M011,24873
2026-07-04,M012,23229
2026-07-04,M013,44390
2026-07-04,M014,31190
2026-07-04,M015,28917
2026-07-04,M016,19461
2026-07-04,M017,41476
2026-07-04,M018,34675
2026-07-04,M019,38778
2026-07-04,M020,24792
2026-07-04,M021,38928
2026-07-04,M022,23860
2026-07-04,M023,33096
2026-07-04,M024,32019
2026-07-04,M025,57982
2026-07-04,M026,26036
2026-07-04,M027,41263
2026-07-04,M028,36526
2026-07-04,M029,43929
2026-07-04,M030,43211
2026-07-04,M031,30371
2026-07-04,M032,24746
2026-07-04,M033,49353
2026-07-04,M034,51673
2026-07-04,M035,68597
2026-07-04,M036,29478
2026-07-04,M037,43760
2026-07-04,M038,31715
2026-07-04,M039,45698
2026-07-04,M040,43649
2026-07-04,M041,56333
2026-07-04,M042,52585
2026-07-04,M043,45190
2026-07-04,M044,29982
2026-07-04,M045,65358
2026-07-04,M046,40764
2026-07-04,M047,51374
2026-07-04,M048,44622
2026-07-05,M001,15532
2026-07-05,M002,10244
2026-07-05,M003,20071
2026-07-05,M004,28780
2026-07-05,M005,41760
2026-07-05,M006,25248
2026-07-05,M007,32351
2026-07-05,M008,16532
2026-07-05,M009,32658
2026-07-05,M010,22176
2026-07-05,M011,26637
2026-07-05,M012,33316
2026-07-05,M013,40492
2026-07-05,M014,26915
2026-07-05,M015,29858
2026-07-05,M016,25663
2026-07-05,M017,37124
2026-07-05,M018,32489
2026-07-05,M019,38582
2026-07-05,M020,36287
2026-07-05,M021,41092
2026-07-05,M022,21086
2026-07-05,M023,35518
2026-07-05,M024,43197
2026-07-05,M025,57272
2026-07-05,M026,23964
2026-07-05,M027,38652
2026-07-05,M028,40870
2026-07-05,M029,44331
2026-07-05,M030,38041
2026-07-05,M031,29740
2026-07-05,M032,30021
2026-07-05,M033,50483
2026-07-05,M034,43588
2026-07-05,M035,64864
2026-07-05,M036,39040
2026-07-05,M037,43187
2026-07-05,M038,24254
2026-07-05,M039,42630
2026-07-05,M040,61126
2026-07-05,M041,57741
2026-07-05,M042,43739
2026-07-05,M043,43986
2026-07-05,M044,41273
2026-07-05,M045,61840
2026-07-05,M046,31360
2026-07-05,M047,46520
2026-07-05,M048,60472
2026-07-06,M001,9326
2026-07-06,M002,18158
2026-07-06,M003,20131
2026-07-06,M004,44548
2026-07-06,M005,27531
2026-07-06,M006,39162
2026-07-06,M007,27715
2026-07-06,M008,25067
2026-07-06,M009,19794
2026-07-06,M010,35886
2026-07-06,M011,22217
2026-07-06,M012,49984
2026-07-06,M013,25492
2026-07-06,M014,39947
2026-07-06,M015,25154
2026-07-06,M016,35719
2026-07-06,M017,22318
2026-07-06,M018,46641
2026-07-06,M019,36926
2026-07-06,M020,54371
2026-07-06,M021,24428
2026-07-06,M022,31497
2026-07-06,M023,30933
2026-07-06,M024,67691
2026-07-06,M025,31481
2026-07-06,M026,37946
2026-07-06,M027,38126
2026-07-06,M028,72633
2026-07-06,M029,27441
2026-07-06,M030,60886
2026-07-06,M031,31726
2026-07-06,M032,50050
2026-07-06,M033,30652
2026-07-06,M034,64137
2026-07-06,M035,64257
2026-07-06,M036,53836
2026-07-06,M037,27376
2026-07-06,M038,43872
2026-07-06,M039,44366
2026-07-06,M040,84500
2026-07-06,M041,36579
2026-07-06,M042,74353
2026-07-06,M043,36906
2026-07-06,M044,59914
2026-07-06,M045,41925
2026-07-06,M046,48011
2026-07-06,M047,49571
2026-07-06,M048,95006
2026-07-07,M001,12587
2026-07-07,M002,16889
2026-07-07,M003,26269
2026-07-07,M004,27658
2026-07-07,M005,35038
2026-07-07,M006,35631
2026-07-07,M007,39894
2026-07-07,M008,16448
2026-07-07,M009,26372
2026-07-07,M010,33797
2026-07-07,M011,31208
2026-07-07,M012,31076
2026-07-07,M013,33987
2026-07-07,M014,38827
2026-07-07,M015,38075
2026-07-07,M016,22674
2026-07-07,M017,34054
2026-07-07,M018,48550
2026-07-07,M019,48109
2026-07-07,M020,33648
2026-07-07,M021,35300
2026-07-07,M022,32715
2026-07-07,M023,40727
2026-07-07,M024,39370
2026-07-07,M025,43669
2026-07-07,M026,34810
2026-07-07,M027,54118
2026-07-07,M028,39161
2026-07-07,M029,40280
2026-07-07,M030,50062
2026-07-07,M031,43585
2026-07-07,M032,29524
2026-07-07,M033,44712
2026-07-07,M034,64653
2026-07-07,M035,76968
2026-07-07,M036,32841
2026-07-07,M037,35399
2026-07-07,M038,36029
2026-07-07,M039,57987
2026-07-07,M040,50969
2026-07-07,M041,49198
2026-07-07,M042,69949
2026-07-07,M043,50219
2026-07-07,M044,39187
2026-07-07,M045,53134
2026-07-07,M046,48456
2026-07-07,M047,62218
2026-07-07,M048,54704
2026-07-08,M001,17345
2026-07-08,M002,13905
2026-07-08,M003,22011
2026-07-08,M004,21779
2026-07-08,M005,49535
2026-07-08,M006,31723
2026-07-08,M007,33082
2026-07-08,M008,15296
2026-07-08,M009,35724
2026-07-08,M010,30584
2026-07-08,M011,27470
2026-07-08,M012,30046
2026-07-08,M013,51021
2026-07-08,M014,34772
2026-07-08,M015,30046
2026-07-08,M016,19260
2026-07-08,M017,45184
2026-07-08,M018,38615
2026-07-08,M019,40480
2026-07-08,M020,28909
2026-07-08,M021,41841
2026-07-08,M022,28182
2026-07-08,M023,36848
2026-07-08,M024,34248
2026-07-08,M025,62092
2026-07-08,M026,30151
2026-07-08,M027,47593
2026-07-08,M028,35559
2026-07-08,M029,50271
2026-07-08,M030,45002
2026-07-08,M031,33635
2026-07-08,M032,24654
2026-07-08,M033,59335
2026-07-08,M034,58428
2026-07-08,M035,66833
2026-07-08,M036,33942
2026-07-08,M037,51542
2026-07-08,M038,32108
2026-07-08,M039,52833
2026-07-08,M040,50024
2026-07-08,M041,63579
2026-07-08,M042,62568
2026-07-08,M043,46953
2026-07-08,M044,31335
2026-07-08,M045,70149
2026-07-08,M046,43853
2026-07-08,M047,57821
2026-07-08,M048,50776
2026-07-09,M001,16844
2026-07-09,M002,12423
2026-07-09,M003,23653
2026-07-09,M004,29575
2026-07-09,M005,43529
2026-07-09,M006,26021
2026-07-09,M007,35004
2026-07-09,M008,18339
2026-07-09,M009,36625
2026-07-09,M010,25635
2026-07-09,M011,29752
2026-07-09,M012,34156
2026-07-09,M013,44963
2026-07-09,M014,28484
2026-07-09,M015,31508
2026-07-09,M016,27225
2026-07-09,M017,45007
2026-07-09,M018,33163
2026-07-09,M019,40457
2026-07-09,M020,38141
2026-07-09,M021,44810
2026-07-09,M022,23775
2026-07-09,M023,35009
2026-07-09,M024,45639
2026-07-09,M025,57969
2026-07-09,M026,25286
2026-07-09,M027,44281
2026-07-09,M028,49917
2026-07-09,M029,49172
2026-07-09,M030,38661
2026-07-09,M031,34649
2026-07-09,M032,36057
2026-07-09,M033,58418
2026-07-09,M034,44601
2026-07-09,M035,66295
2026-07-09,M036,38391
2026-07-09,M037,49683
2026-07-09,M038,28356
2026-07-09,M039,52911
2026-07-09,M040,67456
2026-07-09,M041,64700
2026-07-09,M042,47577
2026-07-09,M043,50280
2026-07-09,M044,44193
2026-07-09,M045,74178
2026-07-09,M046,35651
2026-07-09,M047,56711
2026-07-09,M048,67920
2026-07-10,M001,10841
2026-07-10,M002,17406
2026-07-10,M003,20474
2026-07-10,M004,45064
2026-07-10,M005,28306
2026-07-10,M006,39084
2026-07-10,M007,29796
2026-07-10,M008,28075
2026-07-10,M009,20051
2026-07-10,M010,40422
2026-07-10,M011,25326
2026-07-10,M012,55418
2026-07-10,M013,28117
2026-07-10,M014,42809
2026-07-10,M015,25867
2026-07-10,M016,39342
2026-07-10,M017,23789
2026-07-10,M018,50377
2026-07-10,M019,39883
2026-07-10,M020,53450
2026-07-10,M021,26663
2026-07-10,M022,35134
2026-07-10,M023,32096
2026-07-10,M024,66923
2026-07-10,M025,35233
2026-07-10,M026,35859
2026-07-10,M027,37310
2026-07-10,M028,69846
2026-07-10,M029,30502
2026-07-10,M030,66372
2026-07-10,M031,30204
2026-07-10,M032,52747
2026-07-10,M033,33632
2026-07-10,M034,75923
2026-07-10,M035,64479
2026-07-10,M036,60146
2026-07-10,M037,26688
2026-07-10,M038,45950
2026-07-10,M039,48008
2026-07-10,M040,90626
2026-07-10,M041,37947
2026-07-10,M042,78592
2026-07-10,M043,43725
2026-07-10,M044,61183
2026-07-10,M045,44781
2026-07-10,M046,52611
2026-07-10,M047,53304
2026-07-10,M048,104945
2026-07-11,M001,13978
2026-07-11,M002,14866
2026-07-11,M003,24839
2026-07-11,M004,27191
2026-07-11,M005,32362
2026-07-11,M006,32420
2026-07-11,M007,39952
2026-07-11,M008,15075
2026-07-11,M009,27775
2026-07-11,M010,33591
2026-07-11,M011,29784
2026-07-11,M012,31729
2026-07-11,M013,36322
2026-07-11,M014,35359
2026-07-11,M015,32286
2026-07-11,M016,21963
2026-07-11,M017,31078
2026-07-11,M018,41898
2026-07-11,M019,47863
2026-07-11,M020,34439
2026-07-11,M021,34551
2026-07-11,M022,32672
2026-07-11,M023,43379
2026-07-11,M024,39194
2026-07-11,M025,46240
2026-07-11,M026,30749
2026-07-11,M027,52791
2026-07-11,M028,41539
2026-07-11,M029,39201
2026-07-11,M030,50943
2026-07-11,M031,39327
2026-07-11,M032,28978
2026-07-11,M033,46732
2026-07-11,M034,64878
2026-07-11,M035,81123
2026-07-11,M036,32700
2026-07-11,M037,34659
2026-07-11,M038,39862
2026-07-11,M039,56014
2026-07-11,M040,56479
2026-07-11,M041,48926
2026-07-11,M042,65525
2026-07-11,M043,54591
2026-07-11,M044,37410
2026-07-11,M045,57322
2026-07-11,M046,49718
2026-07-11,M047,62685
2026-07-11,M048,56615
2026-07-12,M001,18034
2026-07-12,M002,14734
2026-07-12,M003,21658
2026-07-12,M004,23932
2026-07-12,M005,46110
2026-07-12,M006,30565
2026-07-12,M007,33462
2026-07-12,M008,14621
2026-07-12,M009,36857
2026-07-12,M010,31094
2026-07-12,M011,29402
2026-07-12,M012,26425
2026-07-12,M013,47985
2026-07-12,M014,33077
2026-07-12,M015,32346
2026-07-12,M016,18860
2026-07-12,M017,38486
2026-07-12,M018,43660
2026-07-12,M019,40092
2026-07-12,M020,26934
2026-07-12,M021,41774
2026-07-12,M022,28318
2026-07-12,M023,37418
2026-07-12,M024,33323
2026-07-12,M025,63618
2026-07-12,M026,27667
2026-07-12,M027,41423
2026-07-12,M028,36478
2026-07-12,M029,45774
2026-07-12,M030,45379
2026-07-12,M031,35868
2026-07-12,M032,27103
2026-07-12,M033,55647
2026-07-12,M034,58395
2026-07-12,M035,73573
2026-07-12,M036,28653
2026-07-12,M037,45420
2026-07-12,M038,31496
2026-07-12,M039,47912
2026-07-12,M040,44184
2026-07-12,M041,58277
2026-07-12,M042,57235
2026-07-12,M043,42740
2026-07-12,M044,31058
2026-07-12,M045,78106
2026-07-12,M046,41997
2026-07-12,M047,57558
2026-07-12,M048,54762
2026-07-13,M001,16589
2026-07-13,M002,13666
2026-07-13,M003,22761
2026-07-13,M004,29936
2026-07-13,M005,45442
2026-07-13,M006,28675
2026-07-13,M007,32097
2026-07-13,M008,18926
2026-07-13,M009,31872
2026-07-13,M010,30161
2026-07-13,M011,27861
2026-07-13,M012,39968
2026-07-13,M013,44997
2026-07-13,M014,29233
2026-07-13,M015,32063
2026-07-13,M016,30961
2026-07-13,M017,37657
2026-07-13,M018,40985
2026-07-13,M019,39527
2026-07-13,M020,38584
2026-07-13,M021,41726
2026-07-13,M022,24414
2026-07-13,M023,35172
2026-07-13,M024,52668
2026-07-13,M025,56182
2026-07-13,M026,28773
2026-07-13,M027,41016
2026-07-13,M028,53187
2026-07-13,M029,46290
2026-07-13,M030,42350
2026-07-13,M031,36851
2026-07-13,M032,36988
2026-07-13,M033,56701
2026-07-13,M034,48464
2026-07-13,M035,69112
2026-07-13,M036,41988
2026-07-13,M037,42268
2026-07-13,M038,33629
2026-07-13,M039,51818
2026-07-13,M040,65927
2026-07-13,M041,55680
2026-07-13,M042,55847
2026-07-13,M043,43873
2026-07-13,M044,43523
2026-07-13,M045,76967
2026-07-13,M046,36541
2026-07-13,M047,49939
2026-07-13,M048,67594
2026-07-14,M001,10785
2026-07-14,M002,18887
2026-07-14,M003,21399
2026-07-14,M004,48127
2026-07-14,M005,29108
2026-07-14,M006,42812
2026-07-14,M007,30698
2026-07-14,M008,29843
2026-07-14,M009,21139
2026-07-14,M010,39257
2026-07-14,M011,23786
2026-07-14,M012,51289
2026-07-14,M013,30274
2026-07-14,M014,45219
2026-07-14,M015,28396
2026-07-14,M016,39208
2026-07-14,M017,23475
2026-07-14,M018,51057
2026-07-14,M019,39637
2026-07-14,M020,58016
2026-07-14,M021,28584
2026-07-14,M022,37129
2026-07-14,M023,31630
2026-07-14,M024,73569
2026-07-14,M025,38473
2026-07-14,M026,37877
2026-07-14,M027,42007
2026-07-14,M028,79681
2026-07-14,M029,28687
2026-07-14,M030,63730
2026-07-14,M031,31089
2026-07-14,M032,50815
2026-07-14,M033,36134
2026-07-14,M034,68689
2026-07-14,M035,63946
2026-07-14,M036,65196
2026-07-14,M037,29335
2026-07-14,M038,47560
2026-07-14,M039,43649
2026-07-14,M040,95276
2026-07-14,M041,35677
2026-07-14,M042,76179
2026-07-14,M043,45357
2026-07-14,M044,70256
2026-07-14,M045,44630
2026-07-14,M046,51805
2026-07-14,M047,50871
2026-07-14,M048,95594
2026-07-15,M001,14181
2026-07-15,M002,15257
2026-07-15,M003,29408
2026-07-15,M004,23762
2026-07-15,M005,36711
2026-07-15,M006,32822
2026-07-15,M007,42958
2026-07-15,M008,15580
2026-07-15,M009,26397
2026-07-15,M010,32380
2026-07-15,M011,32547
2026-07-15,M012,27737
2026-07-15,M013,35634
2026-07-15,M014,39342
2026-07-15,M015,36015
2026-07-15,M016,20861
2026-07-15,M017,36978
2026-07-15,M018,46595
2026-07-15,M019,50295
2026-07-15,M020,32365
2026-07-15,M021,35511
2026-07-15,M022,28369
2026-07-15,M023,43576
2026-07-15,M024,38011
2026-07-15,M025,51688
2026-07-15,M026,31922
2026-07-15,M027,53268
2026-07-15,M028,42294
2026-07-15,M029,39302
2026-07-15,M030,55194
2026-07-15,M031,44593
2026-07-15,M032,28734
2026-07-15,M033,48732
2026-07-15,M034,65162
2026-07-15,M035,85666
2026-07-15,M036,33633
2026-07-15,M037,40669
2026-07-15,M038,35319
2026-07-15,M039,60254
2026-07-15,M040,53677
2026-07-15,M041,55566
2026-07-15,M042,66664
2026-07-15,M043,54023
2026-07-15,M044,38814
2026-07-15,M045,61915
2026-07-15,M046,45231
2026-07-15,M047,70650
2026-07-15,M048,58370
2026-07-16,M001,20845
2026-07-16,M002,14548
2026-07-16,M003,23547
2026-07-16,M004,25478
2026-07-16,M005,51972
2026-07-16,M006,35114
2026-07-16,M007,40281
2026-07-16,M008,14479
2026-07-16,M009,37614
2026-07-16,M010,33038
2026-07-16,M011,29351
2026-07-16,M012,29124
2026-07-16,M013,48696
2026-07-16,M014,34622
2026-07-16,M015,34508
2026-07-16,M016,21606
2026-07-16,M017,45757
2026-07-16,M018,43323
2026-07-16,M019,47397
2026-07-16,M020,34481
2026-07-16,M021,51578
2026-07-16,M022,31476
2026-07-16,M023,40529
2026-07-16,M024,36704
2026-07-16,M025,65323
2026-07-16,M026,33927
2026-07-16,M027,48988
2026-07-16,M028,41921
2026-07-16,M029,54580
2026-07-16,M030,48394
2026-07-16,M031,38111
2026-07-16,M032,28394
2026-07-16,M033,66376
2026-07-16,M034,65606
2026-07-16,M035,79027
2026-07-16,M036,34232
2026-07-16,M037,52338
2026-07-16,M038,34651
2026-07-16,M039,53538
2026-07-16,M040,50817
2026-07-16,M041,71672
2026-07-16,M042,66606
2026-07-16,M043,47243
2026-07-16,M044,33725
2026-07-16,M045,82612
2026-07-16,M046,47081
2026-07-16,M047,58400
2026-07-16,M048,57374
2026-07-17,M001,18214
2026-07-17,M002,12856
2026-07-17,M003,20602
2026-07-17,M004,34207
2026-07-17,M005,46992
2026-07-17,M006,29472
2026-07-17,M007,33366
2026-07-17,M008,20552
2026-07-17,M009,32191
2026-07-17,M010,29589
2026-07-17,M011,26224
2026-07-17,M012,40297
2026-07-17,M013,43990
2026-07-17,M014,30710
2026-07-17,M015,30037
2026-07-17,M016,30717
2026-07-17,M017,42858
2026-07-17,M018,41159
2026-07-17,M019,42781
2026-07-17,M020,43663
2026-07-17,M021,41034
2026-07-17,M022,25761
2026-07-17,M023,36988
2026-07-17,M024,47076
2026-07-17,M025,58897
2026-07-17,M026,26338
2026-07-17,M027,41952
2026-07-17,M028,55354
2026-07-17,M029,51591
2026-07-17,M030,44745
2026-07-17,M031,33981
2026-07-17,M032,34603
2026-07-17,M033,54922
2026-07-17,M034,54966
2026-07-17,M035,67370
2026-07-17,M036,42849
2026-07-17,M037,49422
2026-07-17,M038,32326
2026-07-17,M039,51870
2026-07-17,M040,69217
2026-07-17,M041,62378
2026-07-17,M042,54441
2026-07-17,M043,42350
2026-07-17,M044,50049
2026-07-17,M045,77138
2026-07-17,M046,39076
2026-07-17,M047,52948
2026-07-17,M048,75437
2026-07-18,M001,8867
2026-07-18,M002,16426
2026-07-18,M003,19439
2026-07-18,M004,43220
2026-07-18,M005,25451
2026-07-18,M006,37866
2026-07-18,M007,28605
2026-07-18,M008,25849
2026-07-18,M009,18957
2026-07-18,M010,36384
2026-07-18,M011,21592
2026-07-18,M012,46180
2026-07-18,M013,24556
2026-07-18,M014,37230
2026-07-18,M015,27191
2026-07-18,M016,35483
2026-07-18,M017,23659
2026-07-18,M018,51790
2026-07-18,M019,33287
2026-07-18,M020,52098
2026-07-18,M021,22236
2026-07-18,M022,34625
2026-07-18,M023,32523
2026-07-18,M024,67941
2026-07-18,M025,33736
2026-07-18,M026,37015
2026-07-18,M027,37973
2026-07-18,M028,66955
2026-07-18,M029,24875
2026-07-18,M030,53585
2026-07-18,M031,27657
2026-07-18,M032,49190
2026-07-18,M033,31315
2026-07-18,M034,71246
2026-07-18,M035,59566
2026-07-18,M036,56163
2026-07-18,M037,27357
2026-07-18,M038,42434
2026-07-18,M039,40291
2026-07-18,M040,81299
2026-07-18,M041,36514
2026-07-18,M042,71769
2026-07-18,M043,41210
2026-07-18,M044,62102
2026-07-18,M045,39890
2026-07-18,M046,54012
2026-07-18,M047,44561
2026-07-18,M048,96235
2026-07-19,M001,12643
2026-07-19,M002,15004
2026-07-19,M003,23420
2026-07-19,M004,22149
2026-07-19,M005,36943
2026-07-19,M006,32463
2026-07-19,M007,40655
2026-07-19,M008,13711
2026-07-19,M009,23755
2026-07-19,M010,28657
2026-07-19,M011,30927
2026-07-19,M012,29157
2026-07-19,M013,33169
2026-07-19,M014,34756
2026-07-19,M015,34525
2026-07-19,M016,19732
2026-07-19,M017,29036
2026-07-19,M018,39058
2026-07-19,M019,42396
2026-07-19,M020,28741
2026-07-19,M021,34397
2026-07-19,M022,26861
2026-07-19,M023,40565
2026-07-19,M024,35278
2026-07-19,M025,41868
2026-07-19,M026,30496
2026-07-19,M027,47191
2026-07-19,M028,36782
2026-07-19,M029,36916
2026-07-19,M030,45995
2026-07-19,M031,38235
2026-07-19,M032,24638
2026-07-19,M033,41069
2026-07-19,M034,55253
2026-07-19,M035,75215
2026-07-19,M036,28696
2026-07-19,M037,35677
2026-07-19,M038,31657
2026-07-19,M039,57025
2026-07-19,M040,45401
2026-07-19,M041,48685
2026-07-19,M042,57771
2026-07-19,M043,52589
2026-07-19,M044,35109
2026-07-19,M045,57572
2026-07-19,M046,44488
2026-07-19,M047,59929
2026-07-19,M048,49287
2026-07-20,M001,19506
2026-07-20,M002,15464
2026-07-20,M003,26160
2026-07-20,M004,23400
2026-07-20,M005,55482
2026-07-20,M006,37106
2026-07-20,M007,36909
2026-07-20,M008,16358
2026-07-20,M009,40194
2026-07-20,M010,32999
2026-07-20,M011,35205
2026-07-20,M012,31221
2026-07-20,M013,54483
2026-07-20,M014,34386
2026-07-20,M015,33765
2026-07-20,M016,21629
2026-07-20,M017,49266
2026-07-20,M018,53860
2026-07-20,M019,43735
2026-07-20,M020,33353
2026-07-20,M021,49090
2026-07-20,M022,28092
2026-07-20,M023,48168
2026-07-20,M024,44232
2026-07-20,M025,64650
2026-07-20,M026,33525
2026-07-20,M027,50292
2026-07-20,M028,38282
2026-07-20,M029,65236
2026-07-20,M030,54052
2026-07-20,M031,35729
2026-07-20,M032,26984
2026-07-20,M033,65624
2026-07-20,M034,62249
2026-07-20,M035,82196
2026-07-20,M036,38049
2026-07-20,M037,47979
2026-07-20,M038,36683
2026-07-20,M039,59440
2026-07-20,M040,55252
2026-07-20,M041,79787
2026-07-20,M042,72306
2026-07-20,M043,51330
2026-07-20,M044,33928
2026-07-20,M045,78968
2026-07-20,M046,45730
2026-07-20,M047,68770
2026-07-20,M048,66171
2026-07-21,M001,16101
2026-07-21,M002,12830
2026-07-21,M003,21046
2026-07-21,M004,31568
2026-07-21,M005,52891
2026-07-21,M006,32829
2026-07-21,M007,31830
2026-07-21,M008,20561
2026-07-21,M009,35873
2026-07-21,M010,29735
2026-07-21,M011,31511
2026-07-21,M012,41850
2026-07-21,M013,43814
2026-07-21,M014,33636
2026-07-21,M015,28802
2026-07-21,M016,28487
2026-07-21,M017,48333
2026-07-21,M018,39816
2026-07-21,M019,41123
2026-07-21,M020,41305
2026-07-21,M021,42310
2026-07-21,M022,24936
2026-07-21,M023,41312
2026-07-21,M024,61011
2026-07-21,M025,63311
2026-07-21,M026,24971
2026-07-21,M027,40303
2026-07-21,M028,52788
2026-07-21,M029,49883
2026-07-21,M030,50592
2026-07-21,M031,32568
2026-07-21,M032,37410
2026-07-21,M033,54913
2026-07-21,M034,52242
2026-07-21,M035,76890
2026-07-21,M036,46949
2026-07-21,M037,45290
2026-07-21,M038,31623
2026-07-21,M039,50809
2026-07-21,M040,73078
2026-07-21,M041,63933
2026-07-21,M042,65372
2026-07-21,M043,43058
2026-07-21,M044,49142
2026-07-21,M045,74199
2026-07-21,M046,39142
2026-07-21,M047,55587
2026-07-21,M048,82508
2026-07-22,M001,10875
2026-07-22,M002,18276
2026-07-22,M003,21421
2026-07-22,M004,46635
2026-07-22,M005,30301
2026-07-22,M006,47649
2026-07-22,M007,32614
2026-07-22,M008,27007
2026-07-22,M009,19668
2026-07-22,M010,39168
2026-07-22,M011,29923
2026-07-22,M012,57506
2026-07-22,M013,26986
2026-07-22,M014,43290
2026-07-22,M015,29303
2026-07-22,M016,39816
2026-07-22,M017,28622
2026-07-22,M018,56189
2026-07-22,M019,35778
2026-07-22,M020,56849
2026-07-22,M021,28057
2026-07-22,M022,38946
2026-07-22,M023,40540
2026-07-22,M024,75388
2026-07-22,M025,36871
2026-07-22,M026,41010
2026-07-22,M027,39384
2026-07-22,M028,72292
2026-07-22,M029,35721
2026-07-22,M030,70722
2026-07-22,M031,33918
2026-07-22,M032,51195
2026-07-22,M033,32527
2026-07-22,M034,79153
2026-07-22,M035,75257
2026-07-22,M036,65691
2026-07-22,M037,26461
2026-07-22,M038,44409
2026-07-22,M039,47032
2026-07-22,M040,90997
2026-07-22,M041,39976
2026-07-22,M042,87639
2026-07-22,M043,44079
2026-07-22,M044,63396
2026-07-22,M045,44470
2026-07-22,M046,54472
2026-07-22,M047,52282
2026-07-22,M048,109394
2026-07-23,M001,13668
2026-07-23,M002,15526
2026-07-23,M003,26485
2026-07-23,M004,25733
2026-07-23,M005,45405
2026-07-23,M006,37248
2026-07-23,M007,41150
2026-07-23,M008,16773
2026-07-23,M009,28556
2026-07-23,M010,32155
2026-07-23,M011,39604
2026-07-23,M012,35323
2026-07-23,M013,35567
2026-07-23,M014,34416
2026-07-23,M015,38498
2026-07-23,M016,23127
2026-07-23,M017,36311
2026-07-23,M018,51929
2026-07-23,M019,48789
2026-07-23,M020,30268
2026-07-23,M021,37738
2026-07-23,M022,30589
2026-07-23,M023,49478
2026-07-23,M024,46850
2026-07-23,M025,51026
2026-07-23,M026,29400
2026-07-23,M027,52641
2026-07-23,M028,44018
2026-07-23,M029,46208
2026-07-23,M030,61381
2026-07-23,M031,42536
2026-07-23,M032,29201
2026-07-23,M033,50947
2026-07-23,M034,60999
2026-07-23,M035,99754
2026-07-23,M036,35185
2026-07-23,M037,39442
2026-07-23,M038,35357
2026-07-23,M039,63501
2026-07-23,M040,55747
2026-07-23,M041,59484
2026-07-23,M042,66961
2026-07-23,M043,60839
2026-07-23,M044,39161
2026-07-23,M045,57684
2026-07-23,M046,47131
2026-07-23,M047,72762
2026-07-23,M048,65622
2026-07-24,M001,18652
2026-07-24,M002,14742
2026-07-24,M003,25463
2026-07-24,M004,23850
2026-07-24,M005,53770
2026-07-24,M006,36522
2026-07-24,M007,39773
2026-07-24,M008,16161
2026-07-24,M009,37301
2026-07-24,M010,35369
2026-07-24,M011,33542
2026-07-24,M012,30922
2026-07-24,M013,52527
2026-07-24,M014,38544
2026-07-24,M015,32263
2026-07-24,M016,23448
2026-07-24,M017,51564
2026-07-24,M018,53318
2026-07-24,M019,42146
2026-07-24,M020,33003
2026-07-24,M021,44828
2026-07-24,M022,31486
2026-07-24,M023,44351
2026-07-24,M024,47054
2026-07-24,M025,62012
2026-07-24,M026,30447
2026-07-24,M027,48090
2026-07-24,M028,42740
2026-07-24,M029,61701
2026-07-24,M030,58020
2026-07-24,M031,37435
2026-07-24,M032,26877
2026-07-24,M033,67454
2026-07-24,M034,57959
2026-07-24,M035,92563
2026-07-24,M036,35243
2026-07-24,M037,50961
2026-07-24,M038,36349
2026-07-24,M039,53692
2026-07-24,M040,51866
2026-07-24,M041,79632
2026-07-24,M042,74246
2026-07-24,M043,53455
2026-07-24,M044,38847
2026-07-24,M045,76604
2026-07-24,M046,44106
2026-07-24,M047,61450
2026-07-24,M048,58622
2026-07-25,M001,15898
2026-07-25,M002,11553
2026-07-25,M003,21382
2026-07-25,M004,29585
2026-07-25,M005,42893
2026-07-25,M006,29508
2026-07-25,M007,29433
2026-07-25,M008,18181
2026-07-25,M009,32250
2026-07-25,M010,26500
2026-07-25,M011,28946
2026-07-25,M012,38980
2026-07-25,M013,40824
2026-07-25,M014,28713
2026-07-25,M015,28887
2026-07-25,M016,25110
2026-07-25,M017,39599
2026-07-25,M018,37034
2026-07-25,M019,35672
2026-07-25,M020,38128
2026-07-25,M021,40432
2026-07-25,M022,24842
2026-07-25,M023,37799
2026-07-25,M024,49521
2026-07-25,M025,49163
2026-07-25,M026,22974
2026-07-25,M027,38034
2026-07-25,M028,46408
2026-07-25,M029,48869
2026-07-25,M030,45086
2026-07-25,M031,29907
2026-07-25,M032,34182
2026-07-25,M033,51796
2026-07-25,M034,49282
2026-07-25,M035,73721
2026-07-25,M036,45494
2026-07-25,M037,40312
2026-07-25,M038,29957
2026-07-25,M039,46748
2026-07-25,M040,59015
2026-07-25,M041,60522
2026-07-25,M042,54344
2026-07-25,M043,41885
2026-07-25,M044,43544
2026-07-25,M045,62923
2026-07-25,M046,32574
2026-07-25,M047,51180
2026-07-25,M048,75213
