date,merchant_id,impressions
2025-01-01,M001,7381752
2025-01-01,M002,5470735
2025-01-01,M003,7642104
2025-01-01,M004,9420799
2025-01-01,M005,12744912
2025-01-01,M006,10048440
2025-01-01,M007,12282393
2025-01-01,M008,7524666
2025-01-01,M009,10992069
2025-01-01,M010,7117151
2025-01-01,M011,10640142
2025-01-01,M012,11939679
2025-01-01,M013,15130830
2025-01-01,M014,10794640
2025-01-01,M015,9784464
2025-01-01,M016,10876800
2025-01-01,M017,14921332
2025-01-01,M018,11308294
2025-01-01,M019,13182597
2025-01-01,M020,14062083
2025-01-01,M021,19869276
2025-01-01,M022,9375238
2025-01-01,M023,12380024
2025-01-01,M024,14119708
2025-01-01,M025,17468481
2025-01-01,M026,12096176
2025-01-01,M027,15746431
2025-01-01,M028,16995900
2025-01-01,M029,14921026
2025-01-01,M030,11483132
2025-01-01,M031,14403514
2025-01-01,M032,14839831
2025-01-01,M033,22261980
2025-01-01,M034,14966042
2025-01-01,M035,19458613
2025-01-01,M036,13977046
2025-01-01,M037,18284023
2025-01-01,M038,12240042
2025-01-01,M039,17090478
2025-01-01,M040,18250750
2025-01-01,M041,21948332
2025-01-01,M042,17430862
2025-01-01,M043,16525441
2025-01-01,M044,17450003
2025-01-01,M045,21778887
2025-01-01,M046,14824683
2025-01-01,M047,19175850
2025-01-01,M048,20344071
2025-01-02,M001,4012550
2025-01-02,M002,8487754
2025-01-02,M003,7215929
2025-01-02,M004,12712478
2025-01-02,M005,6926894
2025-01-02,M006,13434752
2025-01-02,M007,11672682
2025-01-02,M008,11083886
2025-01-02,M009,6505186
2025-01-02,M010,11376504
2025-01-02,M011,8278889
2025-01-02,M012,17625334
2025-01-02,M013,8593002
2025-01-02,M014,16661902
2025-01-02,M015,8379055
2025-01-02,M016,15484427
2025-01-02,M017,8105099
2025-01-02,M018,15221502
2025-01-02,M019,10123307
2025-01-02,M020,18733099
2025-01-02,M021,10444650
2025-01-02,M022,12317949
2025-01-02,M023,10843572
2025-01-02,M024,20157468
2025-01-02,M025,9981356
2025-01-02,M026,19304771
2025-01-02,M027,14372741
2025-01-02,M028,24313636
2025-01-02,M029,7640874
2025-01-02,M030,15364570
2025-01-02,M031,11382675
2025-01-02,M032,20868244
2025-01-02,M033,11661333
2025-01-02,M034,21800480
2025-01-02,M035,16418508
2025-01-02,M036,19930318
2025-01-02,M037,9981672
2025-01-02,M038,18312018
2025-01-02,M039,13731439
2025-01-02,M040,26072801
2025-01-02,M041,14102352
2025-01-02,M042,22212047
2025-01-02,M043,12867613
2025-01-02,M044,26112776
2025-01-02,M045,12586684
2025-01-02,M046,19974364
2025-01-02,M047,16071126
2025-01-02,M048,30986122
2025-01-03,M001,5157879
2025-01-03,M002,7464472
2025-01-03,M003,10035298
2025-01-03,M004,7562829
2025-01-03,M005,9830037
2025-01-03,M006,13183692
2025-01-03,M007,14935758
2025-01-03,M008,6741400
2025-01-03,M009,9184850
2025-01-03,M010,10150471
2025-01-03,M011,11373158
2025-01-03,M012,10561548
2025-01-03,M013,11822621
2025-01-03,M014,16005849
2025-01-03,M015,11236988
2025-01-03,M016,8950290
2025-01-03,M017,10954508
2025-01-03,M018,14402149
2025-01-03,M019,15257694
2025-01-03,M020,12454352
2025-01-03,M021,15058098
2025-01-03,M022,11752906
2025-01-03,M023,14575057
2025-01-03,M024,11525585
2025-01-03,M025,13134174
2025-01-03,M026,15988196
2025-01-03,M027,18369913
2025-01-03,M028,15266723
2025-01-03,M029,11841265
2025-01-03,M030,14686952
2025-01-03,M031,17810957
2025-01-03,M032,13595407
2025-01-03,M033,15927259
2025-01-03,M034,18223347
2025-01-03,M035,20782777
2025-01-03,M036,13761466
2025-01-03,M037,13932349
2025-01-03,M038,17059632
2025-01-03,M039,18191577
2025-01-03,M040,16412891
2025-01-03,M041,19294321
2025-01-03,M042,21934215
2025-01-03,M043,19621497
2025-01-03,M044,15727881
2025-01-03,M045,16752142
2025-01-03,M046,18927477
2025-01-03,M047,22053440
2025-01-03,M048,18148668
2025-01-04,M001,6274482
2025-01-04,M002,5817139
2025-01-04,M003,6985137
2025-01-04,M004,7065248
2025-01-04,M005,11647699
2025-01-04,M006,10355663
2025-01-04,M007,12443954
2025-01-04,M008,5770126
2025-01-04,M009,11007526
2025-01-04,M010,8713957
2025-01-04,M011,10075935
2025-01-04,M012,8947163
2025-01-04,M013,15129117
2025-01-04,M014,12314558
2025-01-04,M015,9198943
2025-01-04,M016,7107419
2025-01-04,M017,13930343
2025-01-04,M018,10720666
2025-01-04,M019,12119140
2025-01-04,M020,9359115
2025-01-04,M021,17022845
2025-01-04,M022,9746634
2025-01-04,M023,10073160
2025-01-04,M024,9978102
2025-01-04,M025,15967281
2025-01-04,M026,12607940
2025-01-04,M027,14588243
2025-01-04,M028,11707424
2025-01-04,M029,12794111
2025-01-04,M030,10933382
2025-01-04,M031,13753798
2025-01-04,M032,10545980
2025-01-04,M033,19814694
2025-01-04,M034,15138998
2025-01-04,M035,17568662
2025-01-04,M036,10498346
2025-01-04,M037,16725551
2025-01-04,M038,13366533
2025-01-04,M039,16430882
2025-01-04,M040,13398601
2025-01-04,M041,21529283
2025-01-04,M042,16535058
2025-01-04,M043,15562822
2025-01-04,M044,12687798
2025-01-04,M045,21089847
2025-01-04,M046,15262461
2025-01-04,M047,16376840
2025-01-04,M048,15048634
2025-01-05,M001,6330471
2025-01-05,M002,4923181
2025-01-05,M003,7564157
2025-01-05,M004,9072937
2025-01-05,M005,11318195
2025-01-05,M006,8346044
2025-01-05,M007,10794769
2025-01-05,M008,7183481
2025-01-05,M009,10809433
2025-01-05,M010,7438771
2025-01-05,M011,9702750
2025-01-05,M012,10970403
2025-01-05,M013,13383543
2025-01-05,M014,10601426
2025-01-05,M015,8575086
2025-01-05,M016,10134247
2025-01-05,M017,12717681
2025-01-05,M018,9795648
2025-01-05,M019,11329091
2025-01-05,M020,13393196
2025-01-05,M021,17424897
2025-01-05,M022,7898182
2025-01-05,M023,10338482
2025-01-05,M024,11624185
2025-01-05,M025,14949967
2025-01-05,M026,12169716
2025-01-05,M027,15530554
2025-01-05,M028,14369336
2025-01-05,M029,12347916
2025-01-05,M030,9957888
2025-01-05,M031,12517708
2025-01-05,M032,14097822
2025-01-05,M033,17646953
2025-01-05,M034,13347919
2025-01-05,M035,17494678
2025-01-05,M036,12439551
2025-01-05,M037,16382478
2025-01-05,M038,11166213
2025-01-05,M039,15168609
2025-01-05,M040,17596376
2025-01-05,M041,21096449
2025-01-05,M042,14178469
2025-01-05,M043,14975735
2025-01-05,M044,15933318
2025-01-05,M045,21185266
2025-01-05,M046,12453029
2025-01-05,M047,18514168
2025-01-05,M048,17060364
2025-01-06,M001,3857096
2025-01-06,M002,7980303
2025-01-06,M003,6814738
2025-01-06,M004,12986021
2025-01-06,M005,6831456
2025-01-06,M006,14310880
2025-01-06,M007,11011000
2025-01-06,M008,11400998
2025-01-06,M009,6309310
2025-01-06,M010,10571866
2025-01-06,M011,9188808
2025-01-06,M012,15449100
2025-01-06,M013,9406194
2025-01-06,M014,16009928
2025-01-06,M015,8029064
2025-01-06,M016,16289551
2025-01-06,M017,8118194
2025-01-06,M018,16409830
2025-01-06,M019,10059998
2025-01-06,M020,20395107
2025-01-06,M021,10963825
2025-01-06,M022,12126855
2025-01-06,M023,10537436
2025-01-06,M024,18333149
2025-01-06,M025,9196099
2025-01-06,M026,18967794
2025-01-06,M027,14521594
2025-01-06,M028,23591026
2025-01-06,M029,8479387
2025-01-06,M030,14777379
2025-01-06,M031,12487972
2025-01-06,M032,21872889
2025-01-06,M033,11461301
2025-01-06,M034,21167079
2025-01-06,M035,16229002
2025-01-06,M036,20762170
2025-01-06,M037,10310149
2025-01-06,M038,18144762
2025-01-06,M039,14747758
2025-01-06,M040,27305074
2025-01-06,M041,12363988
2025-01-06,M042,24940347
2025-01-06,M043,12547235
2025-01-06,M044,25915502
2025-01-06,M045,12100821
2025-01-06,M046,21410681
2025-01-06,M047,15313744
2025-01-06,M048,28478195
2025-01-07,M001,5903058
2025-01-07,M002,6992012
2025-01-07,M003,9026523
2025-01-07,M004,8000596
2025-01-07,M005,9295467
2025-01-07,M006,12081936
2025-01-07,M007,14081122
2025-01-07,M008,7016284
2025-01-07,M009,8950469
2025-01-07,M010,10009428
2025-01-07,M011,11118362
2025-01-07,M012,10137912
2025-01-07,M013,11433128
2025-01-07,M014,15419902
2025-01-07,M015,10548924
2025-01-07,M016,9608739
2025-01-07,M017,10666433
2025-01-07,M018,13412832
2025-01-07,M019,15433441
2025-01-07,M020,11428906
2025-01-07,M021,14177496
2025-01-07,M022,10726411
2025-01-07,M023,12730677
2025-01-07,M024,10605232
2025-01-07,M025,14585446
2025-01-07,M026,17571696
2025-01-07,M027,20479276
2025-01-07,M028,15319832
2025-01-07,M029,11905279
2025-01-07,M030,13441287
2025-01-07,M031,17008749
2025-01-07,M032,14457548
2025-01-07,M033,15849873
2025-01-07,M034,20410476
2025-01-07,M035,21241234
2025-01-07,M036,13283867
2025-01-07,M037,13936959
2025-01-07,M038,16069322
2025-01-07,M039,19217354
2025-01-07,M040,14824464
2025-01-07,M041,19198197
2025-01-07,M042,22618819
2025-01-07,M043,17190934
2025-01-07,M044,14728468
2025-01-07,M045,16455556
2025-01-07,M046,18026727
2025-01-07,M047,20457755
2025-01-07,M048,18090369
2025-01-08,M001,7842798
2025-01-08,M002,6517095
2025-01-08,M003,8650369
2025-01-08,M004,7372626
2025-01-08,M005,12940603
2025-01-08,M006,10598058
2025-01-08,M007,12736583
2025-01-08,M008,6393736
2025-01-08,M009,11153380
2025-01-08,M010,9644191
2025-01-08,M011,10568176
2025-01-08,M012,9182527
2025-01-08,M013,15865126
2025-01-08,M014,13277565
2025-01-08,M015,9317215
2025-01-08,M016,8058511
2025-01-08,M017,14282212
2025-01-08,M018,11691979
2025-01-08,M019,13656193
2025-01-08,M020,11583482
2025-01-08,M021,17795383
2025-01-08,M022,10239624
2025-01-08,M023,12185907
2025-01-08,M024,9957337
2025-01-08,M025,16770894
2025-01-08,M026,15080844
2025-01-08,M027,17461887
2025-01-08,M028,12938935
2025-01-08,M029,13962511
2025-01-08,M030,13095840
2025-01-08,M031,15344903
2025-01-08,M032,12039155
2025-01-08,M033,19605050
2025-01-08,M034,16651601
2025-01-08,M035,20743799
2025-01-08,M036,12227953
2025-01-08,M037,18435933
2025-01-08,M038,16026379
2025-01-08,M039,17293799
2025-01-08,M040,14493117
2025-01-08,M041,22490014
2025-01-08,M042,18859722
2025-01-08,M043,16797318
2025-01-08,M044,12995044
2025-01-08,M045,23850961
2025-01-08,M046,16462666
2025-01-08,M047,19270185
2025-01-08,M048,15770252
2025-01-09,M001,6619790
2025-01-09,M002,5822084
2025-01-09,M003,8755080
2025-01-09,M004,8975226
2025-01-09,M005,11834956
2025-01-09,M006,9745646
2025-01-09,M007,12737098
2025-01-09,M008,8496405
2025-01-09,M009,11780243
2025-01-09,M010,8103993
2025-01-09,M011,10358863
2025-01-09,M012,12522617
2025-01-09,M013,15149038
2025-01-09,M014,11434725
2025-01-09,M015,8756171
2025-01-09,M016,11016542
2025-01-09,M017,15062069
2025-01-09,M018,10993558
2025-01-09,M019,13878197
2025-01-09,M020,13856264
2025-01-09,M021,18811064
2025-01-09,M022,8414185
2025-01-09,M023,11699347
2025-01-09,M024,12350399
2025-01-09,M025,17346903
2025-01-09,M026,13229112
2025-01-09,M027,16452941
2025-01-09,M028,17712611
2025-01-09,M029,14714933
2025-01-09,M030,10561793
2025-01-09,M031,14832542
2025-01-09,M032,16069911
2025-01-09,M033,22176361
2025-01-09,M034,14582760
2025-01-09,M035,19395113
2025-01-09,M036,14693122
2025-01-09,M037,18100149
2025-01-09,M038,12035000
2025-01-09,M039,15787833
2025-01-09,M040,18387061
2025-01-09,M041,22060087
2025-01-09,M042,17890483
2025-01-09,M043,15155214
2025-01-09,M044,18759740
2025-01-09,M045,22173782
2025-01-09,M046,14344501
2025-01-09,M047,18312629
2025-01-09,M048,20344752
2025-01-10,M001,4312763
2025-01-10,M002,7585771
2025-01-10,M003,6599817
2025-01-10,M004,13611707
2025-01-10,M005,7107538
2025-01-10,M006,14192952
2025-01-10,M007,11456821
2025-01-10,M008,11929991
2025-01-10,M009,6662143
2025-01-10,M010,10253864
2025-01-10,M011,9565704
2025-01-10,M012,15779363
2025-01-10,M013,8470776
2025-01-10,M014,15659011
2025-01-10,M015,8041633
2025-01-10,M016,15890473
2025-01-10,M017,8229133
2025-01-10,M018,16017671
2025-01-10,M019,11288509
2025-01-10,M020,19188308
2025-01-10,M021,10005348
2025-01-10,M022,11746306
2025-01-10,M023,10778470
2025-01-10,M024,18070364
2025-01-10,M025,9603755
2025-01-10,M026,17783636
2025-01-10,M027,14801846
2025-01-10,M028,23470307
2025-01-10,M029,8818081
2025-01-10,M030,14658101
2025-01-10,M031,12158150
2025-01-10,M032,21590818
2025-01-10,M033,11112798
2025-01-10,M034,22200223
2025-01-10,M035,16618948
2025-01-10,M036,20941323
2025-01-10,M037,9622136
2025-01-10,M038,19150098
2025-01-10,M039,15061485
2025-01-10,M040,26194646
2025-01-10,M041,13847886
2025-01-10,M042,25627791
2025-01-10,M043,13959826
2025-01-10,M044,25978636
2025-01-10,M045,12106656
2025-01-10,M046,19141764
2025-01-10,M047,15310789
2025-01-10,M048,29654282
2025-01-11,M001,4584632
2025-01-11,M002,6925130
2025-01-11,M003,8689224
2025-01-11,M004,6899915
2025-01-11,M005,8424831
2025-01-11,M006,10699168
2025-01-11,M007,14343485
2025-01-11,M008,6290683
2025-01-11,M009,7730818
2025-01-11,M010,8837391
2025-01-11,M011,11479548
2025-01-11,M012,8768479
2025-01-11,M013,11330993
2025-01-11,M014,12682305
2025-01-11,M015,9098628
2025-01-11,M016,7925241
2025-01-11,M017,9649493
2025-01-11,M018,12055994
2025-01-11,M019,14015799
2025-01-11,M020,10737813
2025-01-11,M021,12509745
2025-01-11,M022,11037026
2025-01-11,M023,12668759
2025-01-11,M024,11042364
2025-01-11,M025,11536428
2025-01-11,M026,14402734
2025-01-11,M027,16930291
2025-01-11,M028,12214326
2025-01-11,M029,10833536
2025-01-11,M030,13345317
2025-01-11,M031,16064456
2025-01-11,M032,12487812
2025-01-11,M033,15444053
2025-01-11,M034,18176997
2025-01-11,M035,21316812
2025-01-11,M036,10907675
2025-01-11,M037,12782455
2025-01-11,M038,13895524
2025-01-11,M039,17334206
2025-01-11,M040,13572267
2025-01-11,M041,17213809
2025-01-11,M042,21350503
2025-01-11,M043,16882251
2025-01-11,M044,12889660
2025-01-11,M045,16159482
2025-01-11,M046,18240209
2025-01-11,M047,19449920
2025-01-11,M048,15832107
2025-01-12,M001,6061550
2025-01-12,M002,6390588
2025-01-12,M003,7007237
2025-01-12,M004,6605657
2025-01-12,M005,11382408
2025-01-12,M006,10061259
2025-01-12,M007,11262291
2025-01-12,M008,5449329
2025-01-12,M009,11174197
2025-01-12,M010,8676404
2025-01-12,M011,9244364
2025-01-12,M012,8016297
2025-01-12,M013,15298553
2025-01-12,M014,13077330
2025-01-12,M015,9213893
2025-01-12,M016,7085568
2025-01-12,M017,13939852
2025-01-12,M018,10536543
2025-01-12,M019,10979475
2025-01-12,M020,9296510
2025-01-12,M021,17883645
2025-01-12,M022,8805318
2025-01-12,M023,10014349
2025-01-12,M024,8804430
2025-01-12,M025,16546595
2025-01-12,M026,13829402
2025-01-12,M027,15693881
2025-01-12,M028,11121756
2025-01-12,M029,14391645
2025-01-12,M030,12270780
2025-01-12,M031,12971699
2025-01-12,M032,11463689
2025-01-12,M033,19692476
2025-01-12,M034,15502380
2025-01-12,M035,18874280
2025-01-12,M036,10347825
2025-01-12,M037,16824328
2025-01-12,M038,13033756
2025-01-12,M039,14108523
2025-01-12,M040,12920294
2025-01-12,M041,20238575
2025-01-12,M042,18739677
2025-01-12,M043,14523985
2025-01-12,M044,12252024
2025-01-12,M045,22418119
2025-01-12,M046,15175373
2025-01-12,M047,18311322
2025-01-12,M048,15140411
2025-01-13,M001,7579081
2025-01-13,M002,5865994
2025-01-13,M003,7812767
2025-01-13,M004,9902041
2025-01-13,M005,13209375
2025-01-13,M006,8840243
2025-01-13,M007,13190611
2025-01-13,M008,7812511
2025-01-13,M009,11855465
2025-01-13,M010,7935815
2025-01-13,M011,11262967
2025-01-13,M012,11407890
2025-01-13,M013,15874116
2025-01-13,M014,11590364
2025-01-13,M015,10042433
2025-01-13,M016,10506478
2025-01-13,M017,14199548
2025-01-13,M018,10067386
2025-01-13,M019,12111464
2025-01-13,M020,13591025
2025-01-13,M021,18775853
2025-01-13,M022,8997393
2025-01-13,M023,11446985
2025-01-13,M024,13401879
2025-01-13,M025,17332968
2025-01-13,M026,13200718
2025-01-13,M027,16896706
2025-01-13,M028,15974660
2025-01-13,M029,13715082
2025-01-13,M030,10065982
2025-01-13,M031,13532088
2025-01-13,M032,15799430
2025-01-13,M033,20696821
2025-01-13,M034,14003782
2025-01-13,M035,20800733
2025-01-13,M036,15767151
2025-01-13,M037,17253889
2025-01-13,M038,12993610
2025-01-13,M039,16842632
2025-01-13,M040,18420934
2025-01-13,M041,23623323
2025-01-13,M042,15625156
2025-01-13,M043,16672547
2025-01-13,M044,17887402
2025-01-13,M045,22462643
2025-01-13,M046,14695896
2025-01-13,M047,18960295
2025-01-13,M048,21340726
2025-01-14,M001,4323668
2025-01-14,M002,8139146
2025-01-14,M003,7238075
2025-01-14,M004,12973735
2025-01-14,M005,7032965
2025-01-14,M006,13039879
2025-01-14,M007,10868477
2025-01-14,M008,10886230
2025-01-14,M009,6509064
2025-01-14,M010,10182110
2025-01-14,M011,9416994
2025-01-14,M012,17891895
2025-01-14,M013,8387143
2025-01-14,M014,17545222
2025-01-14,M015,7552763
2025-01-14,M016,15210131
2025-01-14,M017,7895919
2025-01-14,M018,16287396
2025-01-14,M019,11527831
2025-01-14,M020,21040525
2025-01-14,M021,9887834
2025-01-14,M022,11547719
2025-01-14,M023,10018897
2025-01-14,M024,19442624
2025-01-14,M025,9369186
2025-01-14,M026,16953282
2025-01-14,M027,14807315
2025-01-14,M028,21573401
2025-01-14,M029,8583103
2025-01-14,M030,14578520
2025-01-14,M031,11985016
2025-01-14,M032,23179227
2025-01-14,M033,10801253
2025-01-14,M034,21798192
2025-01-14,M035,17473006
2025-01-14,M036,20691138
2025-01-14,M037,9707638
2025-01-14,M038,19184147
2025-01-14,M039,14634936
2025-01-14,M040,23796889
2025-01-14,M041,13517019
2025-01-14,M042,22580952
2025-01-14,M043,13315590
2025-01-14,M044,26427188
2025-01-14,M045,13117374
2025-01-14,M046,19809701
2025-01-14,M047,17011575
2025-01-14,M048,27496206
2025-01-15,M001,5523755
2025-01-15,M002,7234575
2025-01-15,M003,9476517
2025-01-15,M004,8104838
2025-01-15,M005,10617846
2025-01-15,M006,13160155
2025-01-15,M007,15810040
2025-01-15,M008,6867698
2025-01-15,M009,8793361
2025-01-15,M010,10737217
2025-01-15,M011,12815879
2025-01-15,M012,9399231
2025-01-15,M013,11493188
2025-01-15,M014,15336578
2025-01-15,M015,10802662
2025-01-15,M016,9916849
2025-01-15,M017,11044227
2025-01-15,M018,13814900
2025-01-15,M019,13652192
2025-01-15,M020,12486717
2025-01-15,M021,13888794
2025-01-15,M022,10900971
2025-01-15,M023,13488734
2025-01-15,M024,11293577
2025-01-15,M025,14154271
2025-01-15,M026,17320400
2025-01-15,M027,18909308
2025-01-15,M028,15130317
2025-01-15,M029,10963644
2025-01-15,M030,15132925
2025-01-15,M031,15966917
2025-01-15,M032,13081618
2025-01-15,M033,16623204
2025-01-15,M034,19171739
2025-01-15,M035,21267923
2025-01-15,M036,12946884
2025-01-15,M037,12616253
2025-01-15,M038,17293794
2025-01-15,M039,18812681
2025-01-15,M040,16523660
2025-01-15,M041,18926168
2025-01-15,M042,21725448
2025-01-15,M043,16876728
2025-01-15,M044,14685835
2025-01-15,M045,16648566
2025-01-15,M046,19115554
2025-01-15,M047,22673105
2025-01-15,M048,16771812
2025-01-16,M001,7282658
2025-01-16,M002,6514962
2025-01-16,M003,8590426
2025-01-16,M004,7186781
2025-01-16,M005,12548114
2025-01-16,M006,11838951
2025-01-16,M007,12089318
2025-01-16,M008,6440878
2025-01-16,M009,10889310
2025-01-16,M010,9494830
2025-01-16,M011,11064238
2025-01-16,M012,8951120
2025-01-16,M013,16384610
2025-01-16,M014,14249601
2025-01-16,M015,10232815
2025-01-16,M016,7741141
2025-01-16,M017,15995864
2025-01-16,M018,13045201
2025-01-16,M019,12089685
2025-01-16,M020,10460281
2025-01-16,M021,18818351
2025-01-16,M022,10559890
2025-01-16,M023,12435723
2025-01-16,M024,10820963
2025-01-16,M025,19346222
2025-01-16,M026,15327268
2025-01-16,M027,16105894
2025-01-16,M028,13143310
2025-01-16,M029,14282694
2025-01-16,M030,12010093
2025-01-16,M031,14645244
2025-01-16,M032,12217534
2025-01-16,M033,20423028
2025-01-16,M034,18375076
2025-01-16,M035,18282703
2025-01-16,M036,12194767
2025-01-16,M037,17265777
2025-01-16,M038,13897274
2025-01-16,M039,17212470
2025-01-16,M040,13370429
2025-01-16,M041,25962876
2025-01-16,M042,20658204
2025-01-16,M043,15934828
2025-01-16,M044,13280973
2025-01-16,M045,24406372
2025-01-16,M046,17868980
2025-01-16,M047,18436282
2025-01-16,M048,16907217
2025-01-17,M001,7260771
2025-01-17,M002,5700458
2025-01-17,M003,8287424
2025-01-17,M004,9453361
2025-01-17,M005,13250095
2025-01-17,M006,9660279
2025-01-17,M007,13372727
2025-01-17,M008,8282181
2025-01-17,M009,11110941
2025-01-17,M010,7728391
2025-01-17,M011,10641945
2025-01-17,M012,11183907
2025-01-17,M013,16560676
2025-01-17,M014,11886323
2025-01-17,M015,8883827
2025-01-17,M016,10185677
2025-01-17,M017,14807748
2025-01-17,M018,10760911
2025-01-17,M019,13654559
2025-01-17,M020,14625862
2025-01-17,M021,19235644
2025-01-17,M022,8336458
2025-01-17,M023,12869570
2025-01-17,M024,13522603
2025-01-17,M025,16787210
2025-01-17,M026,12191894
2025-01-17,M027,16356700
2025-01-17,M028,16291590
2025-01-17,M029,13469252
2025-01-17,M030,10324871
2025-01-17,M031,15102489
2025-01-17,M032,15287168
2025-01-17,M033,19156580
2025-01-17,M034,15400195
2025-01-17,M035,21135750
2025-01-17,M036,15130174
2025-01-17,M037,17369849
2025-01-17,M038,12002270
2025-01-17,M039,15896292
2025-01-17,M040,19300390
2025-01-17,M041,24286575
2025-01-17,M042,16229186
2025-01-17,M043,15360751
2025-01-17,M044,17875295
2025-01-17,M045,23273316
2025-01-17,M046,15308306
2025-01-17,M047,20164399
2025-01-17,M048,21026700
2025-01-18,M001,3357479
2025-01-18,M002,7473213
2025-01-18,M003,5871734
2025-01-18,M004,11379999
2025-01-18,M005,6197957
2025-01-18,M006,12747655
2025-01-18,M007,10157428
2025-01-18,M008,10523892
2025-01-18,M009,5420707
2025-01-18,M010,9034990
2025-01-18,M011,8024706
2025-01-18,M012,15722966
2025-01-18,M013,8210799
2025-01-18,M014,14124762
2025-01-18,M015,7310003
2025-01-18,M016,13116859
2025-01-18,M017,7568284
2025-01-18,M018,14205455
2025-01-18,M019,10501177
2025-01-18,M020,18079808
2025-01-18,M021,10165326
2025-01-18,M022,11960496
2025-01-18,M023,8869757
2025-01-18,M024,15720095
2025-01-18,M025,9066850
2025-01-18,M026,16834949
2025-01-18,M027,12602205
2025-01-18,M028,20015278
2025-01-18,M029,7214633
2025-01-18,M030,14615397
2025-01-18,M031,10255072
2025-01-18,M032,20964146
2025-01-18,M033,10266855
2025-01-18,M034,19357936
2025-01-18,M035,14804116
2025-01-18,M036,18117513
2025-01-18,M037,8218041
2025-01-18,M038,17444385
2025-01-18,M039,13300824
2025-01-18,M040,24029020
2025-01-18,M041,12583551
2025-01-18,M042,22990008
2025-01-18,M043,11530445
2025-01-18,M044,20585869
2025-01-18,M045,11091957
2025-01-18,M046,17273838
2025-01-18,M047,14169940
2025-01-18,M048,26918334
2025-01-19,M001,4761865
2025-01-19,M002,6350406
2025-01-19,M003,8882004
2025-01-19,M004,7544791
2025-01-19,M005,8233171
2025-01-19,M006,11856744
2025-01-19,M007,14079075
2025-01-19,M008,6345771
2025-01-19,M009,7663860
2025-01-19,M010,9132564
2025-01-19,M011,10918190
2025-01-19,M012,9063257
2025-01-19,M013,10420984
2025-01-19,M014,13264397
2025-01-19,M015,9676628
2025-01-19,M016,8310613
2025-01-19,M017,9669484
2025-01-19,M018,11915085
2025-01-19,M019,13847641
2025-01-19,M020,11282727
2025-01-19,M021,13412963
2025-01-19,M022,10884900
2025-01-19,M023,11573486
2025-01-19,M024,9653576
2025-01-19,M025,12195009
2025-01-19,M026,16189327
2025-01-19,M027,18740360
2025-01-19,M028,12652717
2025-01-19,M029,9369585
2025-01-19,M030,13270341
2025-01-19,M031,14963355
2025-01-19,M032,12155677
2025-01-19,M033,14405993
2025-01-19,M034,16377330
2025-01-19,M035,19114064
2025-01-19,M036,11378308
2025-01-19,M037,11991433
2025-01-19,M038,16221664
2025-01-19,M039,17411060
2025-01-19,M040,14579079
2025-01-19,M041,16339755
2025-01-19,M042,19211793
2025-01-19,M043,15406598
2025-01-19,M044,14002436
2025-01-19,M045,14875296
2025-01-19,M046,18445813
2025-01-19,M047,19229890
2025-01-19,M048,15788019
2025-01-20,M001,7699449
2025-01-20,M002,6957030
2025-01-20,M003,8681721
2025-01-20,M004,7163520
2025-01-20,M005,12342767
2025-01-20,M006,10400264
2025-01-20,M007,12468581
2025-01-20,M008,6753424
2025-01-20,M009,10665277
2025-01-20,M010,8645819
2025-01-20,M011,9893209
2025-01-20,M012,9794479
2025-01-20,M013,16428925
2025-01-20,M014,13970210
2025-01-20,M015,9699636
2025-01-20,M016,8313832
2025-01-20,M017,14795376
2025-01-20,M018,11729710
2025-01-20,M019,13500941
2025-01-20,M020,10406662
2025-01-20,M021,19834529
2025-01-20,M022,10528816
2025-01-20,M023,11576720
2025-01-20,M024,10701565
2025-01-20,M025,18301027
2025-01-20,M026,15121623
2025-01-20,M027,17696706
2025-01-20,M028,12613488
2025-01-20,M029,14110089
2025-01-20,M030,12566571
2025-01-20,M031,15433189
2025-01-20,M032,12604341
2025-01-20,M033,21954129
2025-01-20,M034,16738277
2025-01-20,M035,20585692
2025-01-20,M036,10986436
2025-01-20,M037,17652433
2025-01-20,M038,14791046
2025-01-20,M039,17987910
2025-01-20,M040,13116861
2025-01-20,M041,23353428
2025-01-20,M042,20757135
2025-01-20,M043,16635564
2025-01-20,M044,13280584
2025-01-20,M045,24266551
2025-01-20,M046,15902169
2025-01-20,M047,20645282
2025-01-20,M048,16823628
2025-01-21,M001,7567348
2025-01-21,M002,6089107
2025-01-21,M003,8420043
2025-01-21,M004,9230867
2025-01-21,M005,12523613
2025-01-21,M006,9900076
2025-01-21,M007,13222564
2025-01-21,M008,7957776
2025-01-21,M009,10818995
2025-01-21,M010,7815094
2025-01-21,M011,11217385
2025-01-21,M012,11258709
2025-01-21,M013,15491138
2025-01-21,M014,11089166
2025-01-21,M015,9340834
2025-01-21,M016,11109829
2025-01-21,M017,15002124
2025-01-21,M018,10314416
2025-01-21,M019,13410608
2025-01-21,M020,15337763
2025-01-21,M021,19789875
2025-01-21,M022,8509562
2025-01-21,M023,12747242
2025-01-21,M024,13181317
2025-01-21,M025,16810936
2025-01-21,M026,12839139
2025-01-21,M027,16522593
2025-01-21,M028,16475392
2025-01-21,M029,15550191
2025-01-21,M030,10562528
2025-01-21,M031,14140987
2025-01-21,M032,16426443
2025-01-21,M033,21125633
2025-01-21,M034,14926286
2025-01-21,M035,18734868
2025-01-21,M036,13774181
2025-01-21,M037,17320690
2025-01-21,M038,12659261
2025-01-21,M039,17824272
2025-01-21,M040,19463871
2025-01-21,M041,23925013
2025-01-21,M042,18118776
2025-01-21,M043,16909961
2025-01-21,M044,18532348
2025-01-21,M045,21995048
2025-01-21,M046,13494385
2025-01-21,M047,19402312
2025-01-21,M048,19869483
2025-01-22,M001,3832873
2025-01-22,M002,7543137
2025-01-22,M003,6838011
2025-01-22,M004,13657402
2025-01-22,M005,7393874
2025-01-22,M006,14038357
2025-01-22,M007,11811074
2025-01-22,M008,11786456
2025-01-22,M009,6208279
2025-01-22,M010,10885644
2025-01-22,M011,8519841
2025-01-22,M012,17401682
2025-01-22,M013,8852005
2025-01-22,M014,17263942
2025-01-22,M015,7475166
2025-01-22,M016,14997170
2025-01-22,M017,8262001
2025-01-22,M018,15621221
2025-01-22,M019,11143189
2025-01-22,M020,21356770
2025-01-22,M021,10384900
2025-01-22,M022,12694575
2025-01-22,M023,10317083
2025-01-22,M024,18948242
2025-01-22,M025,10503823
2025-01-22,M026,19141076
2025-01-22,M027,14572305
2025-01-22,M028,23300179
2025-01-22,M029,8672454
2025-01-22,M030,14683800
2025-01-22,M031,11460226
2025-01-22,M032,21187393
2025-01-22,M033,11642279
2025-01-22,M034,19698687
2025-01-22,M035,15685224
2025-01-22,M036,19732350
2025-01-22,M037,9555908
2025-01-22,M038,17096792
2025-01-22,M039,14368341
2025-01-22,M040,24998382
2025-01-22,M041,13648979
2025-01-22,M042,22136093
2025-01-22,M043,13659071
2025-01-22,M044,24551709
2025-01-22,M045,12873266
2025-01-22,M046,20705079
2025-01-22,M047,16609765
2025-01-22,M048,29502869
2025-01-23,M001,5578056
2025-01-23,M002,8082026
2025-01-23,M003,9600411
2025-01-23,M004,8213626
2025-01-23,M005,9499167
2025-01-23,M006,12138630
2025-01-23,M007,14128171
2025-01-23,M008,6784368
2025-01-23,M009,8948649
2025-01-23,M010,10815578
2025-01-23,M011,11982315
2025-01-23,M012,9877350
2025-01-23,M013,11941208
2025-01-23,M014,14824284
2025-01-23,M015,10831041
2025-01-23,M016,9093794
2025-01-23,M017,10297472
2025-01-23,M018,13316587
2025-01-23,M019,15260255
2025-01-23,M020,11697809
2025-01-23,M021,14721742
2025-01-23,M022,11939533
2025-01-23,M023,13879481
2025-01-23,M024,11719970
2025-01-23,M025,13189648
2025-01-23,M026,17426980
2025-01-23,M027,19855474
2025-01-23,M028,13478522
2025-01-23,M029,11310689
2025-01-23,M030,13708441
2025-01-23,M031,15222699
2025-01-23,M032,13423878
2025-01-23,M033,16772783
2025-01-23,M034,19672609
2025-01-23,M035,22281324
2025-01-23,M036,12436102
2025-01-23,M037,13130915
2025-01-23,M038,17064639
2025-01-23,M039,18711903
2025-01-23,M040,15929101
2025-01-23,M041,19158850
2025-01-23,M042,22508537
2025-01-23,M043,18862900
2025-01-23,M044,14213005
2025-01-23,M045,18034145
2025-01-23,M046,20017029
2025-01-23,M047,20394656
2025-01-23,M048,16575443
2025-01-24,M001,6906000
2025-01-24,M002,6529763
2025-01-24,M003,7665761
2025-01-24,M004,7624419
2025-01-24,M005,13225595
2025-01-24,M006,11088082
2025-01-24,M007,12769858
2025-01-24,M008,5998862
2025-01-24,M009,11372187
2025-01-24,M010,8933775
2025-01-24,M011,10328948
2025-01-24,M012,9241337
2025-01-24,M013,16722416
2025-01-24,M014,14647882
2025-01-24,M015,9474947
2025-01-24,M016,8475102
2025-01-24,M017,14655653
2025-01-24,M018,12753509
2025-01-24,M019,12035312
2025-01-24,M020,11361829
2025-01-24,M021,18477089
2025-01-24,M022,10269991
2025-01-24,M023,11838697
2025-01-24,M024,10994402
2025-01-24,M025,17740687
2025-01-24,M026,14416632
2025-01-24,M027,16885062
2025-01-24,M028,12852293
2025-01-24,M029,14550422
2025-01-24,M030,13345900
2025-01-24,M031,14447511
2025-01-24,M032,12123563
2025-01-24,M033,19709839
2025-01-24,M034,16596072
2025-01-24,M035,19631312
2025-01-24,M036,10958602
2025-01-24,M037,17992211
2025-01-24,M038,14470847
2025-01-24,M039,16353603
2025-01-24,M040,14539727
2025-01-24,M041,25937816
2025-01-24,M042,20258660
2025-01-24,M043,15848247
2025-01-24,M044,14167673
2025-01-24,M045,23390016
2025-01-24,M046,16293410
2025-01-24,M047,20077455
2025-01-24,M048,16257387
2025-01-25,M001,6409915
2025-01-25,M002,5416556
2025-01-25,M003,6797692
2025-01-25,M004,8990671
2025-01-25,M005,11863767
2025-01-25,M006,8116355
2025-01-25,M007,11353023
2025-01-25,M008,7505766
2025-01-25,M009,10021313
2025-01-25,M010,6814466
2025-01-25,M011,9740107
2025-01-25,M012,11461743
2025-01-25,M013,14399720
2025-01-25,M014,11235563
2025-01-25,M015,8710584
2025-01-25,M016,9669994
2025-01-25,M017,12835968
2025-01-25,M018,9214274
2025-01-25,M019,12391456
2025-01-25,M020,11802415
2025-01-25,M021,16312116
2025-01-25,M022,8502190
2025-01-25,M023,10731694
2025-01-25,M024,11593338
2025-01-25,M025,16721580
2025-01-25,M026,12338896
2025-01-25,M027,14812017
2025-01-25,M028,15306031
2025-01-25,M029,12145012
2025-01-25,M030,9716781
2025-01-25,M031,12002013
2025-01-25,M032,13590031
2025-01-25,M033,19773811
2025-01-25,M034,13633856
2025-01-25,M035,17813968
2025-01-25,M036,13585256
2025-01-25,M037,16143575
2025-01-25,M038,12307532
2025-01-25,M039,13949248
2025-01-25,M040,16280610
2025-01-25,M041,22905946
2025-01-25,M042,15695101
2025-01-25,M043,14797588
2025-01-25,M044,15270041
2025-01-25,M045,19741840
2025-01-25,M046,13116962
2025-01-25,M047,16247697
2025-01-25,M048,19450223
2025-01-26,M001,3705410
2025-01-26,M002,7465865
2025-01-26,M003,6326562
2025-01-26,M004,12464458
2025-01-26,M005,6089380
2025-01-26,M006,12940944
2025-01-26,M007,10652090
2025-01-26,M008,9778554
2025-01-26,M009,5718169
2025-01-26,M010,9509758
2025-01-26,M011,7613427
2025-01-26,M012,14186070
2025-01-26,M013,8519083
2025-01-26,M014,16012166
2025-01-26,M015,6607273
2025-01-26,M016,14344906
2025-01-26,M017,7063970
2025-01-26,M018,14718855
2025-01-26,M019,10113593
2025-01-26,M020,18632969
2025-01-26,M021,9088860
2025-01-26,M022,12015860
2025-01-26,M023,8476511
2025-01-26,M024,16692752
2025-01-26,M025,8724013
2025-01-26,M026,16051512
2025-01-26,M027,13342882
2025-01-26,M028,19958245
2025-01-26,M029,7029595
2025-01-26,M030,13039202
2025-01-26,M031,11016451
2025-01-26,M032,19354015
2025-01-26,M033,10029569
2025-01-26,M034,17691518
2025-01-26,M035,16056600
2025-01-26,M036,18345482
2025-01-26,M037,9373863
2025-01-26,M038,16350467
2025-01-26,M039,13187057
2025-01-26,M040,21771741
2025-01-26,M041,11403318
2025-01-26,M042,21629382
2025-01-26,M043,12780634
2025-01-26,M044,23373580
2025-01-26,M045,11414602
2025-01-26,M046,17187490
2025-01-26,M047,15240393
2025-01-26,M048,26267414
2025-01-27,M001,5913976
2025-01-27,M002,7946348
2025-01-27,M003,9826342
2025-01-27,M004,8186663
2025-01-27,M005,9140461
2025-01-27,M006,12366670
2025-01-27,M007,15680279
2025-01-27,M008,7420466
2025-01-27,M009,8682949
2025-01-27,M010,10581246
2025-01-27,M011,11733470
2025-01-27,M012,10245361
2025-01-27,M013,12344889
2025-01-27,M014,15837142
2025-01-27,M015,10247749
2025-01-27,M016,8695001
2025-01-27,M017,10682994
2025-01-27,M018,13699389
2025-01-27,M019,15710501
2025-01-27,M020,11767030
2025-01-27,M021,13936719
2025-01-27,M022,11618617
2025-01-27,M023,12753188
2025-01-27,M024,11481819
2025-01-27,M025,13612709
2025-01-27,M026,17510716
2025-01-27,M027,20234145
2025-01-27,M028,14765081
2025-01-27,M029,10474919
2025-01-27,M030,14486530
2025-01-27,M031,17150800
2025-01-27,M032,13494026
2025-01-27,M033,16621353
2025-01-27,M034,20891941
2025-01-27,M035,22457631
2025-01-27,M036,13240829
2025-01-27,M037,13974965
2025-01-27,M038,16288235
2025-01-27,M039,18441459
2025-01-27,M040,16602918
2025-01-27,M041,19423886
2025-01-27,M042,22354169
2025-01-27,M043,19074596
2025-01-27,M044,14242792
2025-01-27,M045,17709594
2025-01-27,M046,17905845
2025-01-27,M047,23183526
2025-01-27,M048,16962304
2025-01-28,M001,7735634
2025-01-28,M002,7117187
2025-01-28,M003,8554938
2025-01-28,M004,7532700
2025-01-28,M005,14010549
2025-01-28,M006,10601435
2025-01-28,M007,13280904
2025-01-28,M008,6431367
2025-01-28,M009,11924629
2025-01-28,M010,9053104
2025-01-28,M011,11497204
2025-01-28,M012,8766059
2025-01-28,M013,17285990
2025-01-28,M014,13005463
2025-01-28,M015,9672040
2025-01-28,M016,8648415
2025-01-28,M017,13841904
2025-01-28,M018,12811543
2025-01-28,M019,14005106
2025-01-28,M020,10881167
2025-01-28,M021,17687226
2025-01-28,M022,10327977
2025-01-28,M023,12952582
2025-01-28,M024,9917533
2025-01-28,M025,17039658
2025-01-28,M026,16185479
2025-01-28,M027,16173966
2025-01-28,M028,13592532
2025-01-28,M029,13719799
2025-01-28,M030,12398540
2025-01-28,M031,14768926
2025-01-28,M032,12838910
2025-01-28,M033,22277608
2025-01-28,M034,16633260
2025-01-28,M035,19358053
2025-01-28,M036,10813447
2025-01-28,M037,17982049
2025-01-28,M038,14197270
2025-01-28,M039,16045617
2025-01-28,M040,14160273
2025-01-28,M041,24138118
2025-01-28,M042,20321027
2025-01-28,M043,15523079
2025-01-28,M044,14115040
2025-01-28,M045,23580430
2025-01-28,M046,17451217
2025-01-28,M047,18127487
2025-01-28,M048,15643979
2025-01-29,M001,7243365
2025-01-29,M002,5284086
2025-01-29,M003,7648026
2025-01-29,M004,9036674
2025-01-29,M005,12442483
2025-01-29,M006,9306094
2025-01-29,M007,13302693
2025-01-29,M008,8652136
2025-01-29,M009,11384398
2025-01-29,M010,7962011
2025-01-29,M011,11002910
2025-01-29,M012,11222753
2025-01-29,M013,16802545
2025-01-29,M014,11678767
2025-01-29,M015,9153476
2025-01-29,M016,10451769
2025-01-29,M017,15347276
2025-01-29,M018,10419690
2025-01-29,M019,12585886
2025-01-29,M020,14998061
2025-01-29,M021,20192475
2025-01-29,M022,9251020
2025-01-29,M023,11850948
2025-01-29,M024,12273851
2025-01-29,M025,17014749
2025-01-29,M026,12881404
2025-01-29,M027,17629475
2025-01-29,M028,17381060
2025-01-29,M029,13649815
2025-01-29,M030,11317013
2025-01-29,M031,14311316
2025-01-29,M032,16407505
2025-01-29,M033,20749657
2025-01-29,M034,15403457
2025-01-29,M035,20693876
2025-01-29,M036,15050473
2025-01-29,M037,16246564
2025-01-29,M038,12188341
2025-01-29,M039,17598063
2025-01-29,M040,17190913
2025-01-29,M041,22880017
2025-01-29,M042,16901607
2025-01-29,M043,15927646
2025-01-29,M044,16351040
2025-01-29,M045,23362024
2025-01-29,M046,15237875
2025-01-29,M047,19769266
2025-01-29,M048,19128180
2025-01-30,M001,3942438
2025-01-30,M002,7826110
2025-01-30,M003,7244476
2025-01-30,M004,12501964
2025-01-30,M005,6838630
2025-01-30,M006,13288152
2025-01-30,M007,11592508
2025-01-30,M008,12138936
2025-01-30,M009,5883326
2025-01-30,M010,11425909
2025-01-30,M011,8623477
2025-01-30,M012,16070728
2025-01-30,M013,9004059
2025-01-30,M014,17258713
2025-01-30,M015,7785524
2025-01-30,M016,14392864
2025-01-30,M017,8120185
2025-01-30,M018,14337134
2025-01-30,M019,10199313
2025-01-30,M020,19533897
2025-01-30,M021,10945485
2025-01-30,M022,12385959
2025-01-30,M023,9351810
2025-01-30,M024,17915079
2025-01-30,M025,9695429
2025-01-30,M026,18966944
2025-01-30,M027,15246119
2025-01-30,M028,24754142
2025-01-30,M029,8582255
2025-01-30,M030,14533584
2025-01-30,M031,12696921
2025-01-30,M032,21616382
2025-01-30,M033,12213855
2025-01-30,M034,20347859
2025-01-30,M035,17248648
2025-01-30,M036,21494935
2025-01-30,M037,9045339
2025-01-30,M038,17102123
2025-01-30,M039,13437785
2025-01-30,M040,23755893
2025-01-30,M041,12194840
2025-01-30,M042,23031201
2025-01-30,M043,14533186
2025-01-30,M044,24788488
2025-01-30,M045,13545502
2025-01-30,M046,20872469
2025-01-30,M047,15934317
2025-01-30,M048,27495841
2025-01-31,M001,5830311
2025-01-31,M002,7732871
2025-01-31,M003,9194487
2025-01-31,M004,7791700
2025-01-31,M005,10345475
2025-01-31,M006,12807499
2025-01-31,M007,14288473
2025-01-31,M008,6899264
2025-01-31,M009,8763847
2025-01-31,M010,9352865
2025-01-31,M011,12751289
2025-01-31,M012,10024204
2025-01-31,M013,11857639
2025-01-31,M014,15879810
2025-01-31,M015,10611052
2025-01-31,M016,9454802
2025-01-31,M017,10731265
2025-01-31,M018,14919161
2025-01-31,M019,14600619
2025-01-31,M020,11521291
2025-01-31,M021,14033382
2025-01-31,M022,10933107
2025-01-31,M023,13778339
2025-01-31,M024,11790177
2025-01-31,M025,14021416
2025-01-31,M026,16780111
2025-01-31,M027,18088916
2025-01-31,M028,14104270
2025-01-31,M029,10856041
2025-01-31,M030,13923870
2025-01-31,M031,17113008
2025-01-31,M032,13195808
2025-01-31,M033,14804665
2025-01-31,M034,18908732
2025-01-31,M035,23258148
2025-01-31,M036,12840114
2025-01-31,M037,13127863
2025-01-31,M038,17901011
2025-01-31,M039,17996037
2025-01-31,M040,14712014
2025-01-31,M041,19495030
2025-01-31,M042,21347112
2025-01-31,M043,19329342
2025-01-31,M044,14492304
2025-01-31,M045,16137489
2025-01-31,M046,19229765
2025-01-31,M047,23089719
2025-01-31,M048,18461181
2025-02-01,M001,6825065
2025-02-01,M002,5256554
2025-02-01,M003,7475733
2025-02-01,M004,9206778
2025-02-01,M005,11813156
2025-02-01,M006,9053497
2025-02-01,M007,12883876
2025-02-01,M008,7151644
2025-02-01,M009,11268453
2025-02-01,M010,7220018
2025-02-01,M011,9834465
2025-02-01,M012,11862033
2025-02-01,M013,14986361
2025-02-01,M014,10276938
2025-02-01,M015,8235552
2025-02-01,M016,9563422
2025-02-01,M017,13750041
2025-02-01,M018,10345392
2025-02-01,M019,11806120
2025-02-01,M020,12552722
2025-02-01,M021,16246461
2025-02-01,M022,8163784
2025-02-01,M023,11692085
2025-02-01,M024,12401232
2025-02-01,M025,15982437
2025-02-01,M026,11637869
2025-02-01,M027,15104050
2025-02-01,M028,14949010
2025-02-01,M029,13189054
2025-02-01,M030,10556713
2025-02-01,M031,12718767
2025-02-01,M032,13578032
2025-02-01,M033,20372689
2025-02-01,M034,13449518
2025-02-01,M035,18155112
2025-02-01,M036,14142319
2025-02-01,M037,16450421
2025-02-01,M038,10972433
2025-02-01,M039,16775959
2025-02-01,M040,17987515
2025-02-01,M041,22822708
2025-02-01,M042,14860470
2025-02-01,M043,14369013
2025-02-01,M044,16262842
2025-02-01,M045,22287152
2025-02-01,M046,13509492
2025-02-01,M047,17961518
2025-02-01,M048,19659658
2025-02-02,M001,3586325
2025-02-02,M002,7124734
2025-02-02,M003,6657588
2025-02-02,M004,11945711
2025-02-02,M005,6592545
2025-02-02,M006,12454227
2025-02-02,M007,9894444
2025-02-02,M008,10129930
2025-02-02,M009,6121379
2025-02-02,M010,9873177
2025-02-02,M011,8530502
2025-02-02,M012,14369140
2025-02-02,M013,8425042
2025-02-02,M014,15051404
2025-02-02,M015,7143754
2025-02-02,M016,14757753
2025-02-02,M017,8081210
2025-02-02,M018,13255019
2025-02-02,M019,10488799
2025-02-02,M020,17251781
2025-02-02,M021,10386724
2025-02-02,M022,10696513
2025-02-02,M023,9954975
2025-02-02,M024,16088718
2025-02-02,M025,8680143
2025-02-02,M026,18078989
2025-02-02,M027,13240101
2025-02-02,M028,20274349
2025-02-02,M029,7308330
2025-02-02,M030,14446079
2025-02-02,M031,11414778
2025-02-02,M032,22001178
2025-02-02,M033,11367248
2025-02-02,M034,18253160
2025-02-02,M035,16041896
2025-02-02,M036,20238566
2025-02-02,M037,9781772
2025-02-02,M038,16332047
2025-02-02,M039,12558382
2025-02-02,M040,23432439
2025-02-02,M041,12221625
2025-02-02,M042,21451031
2025-02-02,M043,12078776
2025-02-02,M044,24654755
2025-02-02,M045,11948632
2025-02-02,M046,19651328
2025-02-02,M047,14127736
2025-02-02,M048,25783016
2025-02-03,M001,6039898
2025-02-03,M002,7811123
2025-02-03,M003,10080619
2025-02-03,M004,8846443
2025-02-03,M005,10172831
2025-02-03,M006,12223791
2025-02-03,M007,15854363
2025-02-03,M008,7385132
2025-02-03,M009,9696868
2025-02-03,M010,10263560
2025-02-03,M011,12679396
2025-02-03,M012,9835781
2025-02-03,M013,11702122
2025-02-03,M014,16691865
2025-02-03,M015,11454182
2025-02-03,M016,9248418
2025-02-03,M017,11217578
2025-02-03,M018,15311593
2025-02-03,M019,15915124
2025-02-03,M020,12711608
2025-02-03,M021,15988280
2025-02-03,M022,11940369
2025-02-03,M023,13348081
2025-02-03,M024,12047774
2025-02-03,M025,13244594
2025-02-03,M026,17576047
2025-02-03,M027,20794686
2025-02-03,M028,14694432
2025-02-03,M029,12190450
2025-02-03,M030,13706117
2025-02-03,M031,17844306
2025-02-03,M032,12992328
2025-02-03,M033,15918058
2025-02-03,M034,20555724
2025-02-03,M035,22396392
2025-02-03,M036,13824039
2025-02-03,M037,14630427
2025-02-03,M038,16706075
2025-02-03,M039,21128252
2025-02-03,M040,16658401
2025-02-03,M041,17706541
2025-02-03,M042,21335994
2025-02-03,M043,18597787
2025-02-03,M044,15267063
2025-02-03,M045,19152032
2025-02-03,M046,19595416
2025-02-03,M047,22624891
2025-02-03,M048,18869907
2025-02-04,M001,8113802
2025-02-04,M002,7206911
2025-02-04,M003,8412072
2025-02-04,M004,8115702
2025-02-04,M005,13159703
2025-02-04,M006,11712894
2025-02-04,M007,12503397
2025-02-04,M008,6442360
2025-02-04,M009,12852901
2025-02-04,M010,10013199
2025-02-04,M011,11521830
2025-02-04,M012,9279997
2025-02-04,M013,15978483
2025-02-04,M014,13907753
2025-02-04,M015,9747501
2025-02-04,M016,8032004
2025-02-04,M017,15099626
2025-02-04,M018,12429648
2025-02-04,M019,14236876
2025-02-04,M020,11768820
2025-02-04,M021,18684161
2025-02-04,M022,11379261
2025-02-04,M023,11675128
2025-02-04,M024,10875317
2025-02-04,M025,18865250
2025-02-04,M026,16462876
2025-02-04,M027,16495161
2025-02-04,M028,13586854
2025-02-04,M029,15372482
2025-02-04,M030,12585609
2025-02-04,M031,15533792
2025-02-04,M032,11840939
2025-02-04,M033,22604722
2025-02-04,M034,18365512
2025-02-04,M035,21160447
2025-02-04,M036,11160173
2025-02-04,M037,19163040
2025-02-04,M038,16250545
2025-02-04,M039,16342872
2025-02-04,M040,13757684
2025-02-04,M041,25518832
2025-02-04,M042,22123530
2025-02-04,M043,16817126
2025-02-04,M044,13955032
2025-02-04,M045,24908079
2025-02-04,M046,17614015
2025-02-04,M047,19020479
2025-02-04,M048,16343319
2025-02-05,M001,7912953
2025-02-05,M002,6074383
2025-02-05,M003,8658424
2025-02-05,M004,9358906
2025-02-05,M005,13823657
2025-02-05,M006,10432041
2025-02-05,M007,12609570
2025-02-05,M008,8074655
2025-02-05,M009,12519638
2025-02-05,M010,8465448
2025-02-05,M011,10807001
2025-02-05,M012,11725407
2025-02-05,M013,16239206
2025-02-05,M014,11300884
2025-02-05,M015,10459991
2025-02-05,M016,11862193
2025-02-05,M017,14191466
2025-02-05,M018,10498959
2025-02-05,M019,13842543
2025-02-05,M020,14636438
2025-02-05,M021,18724605
2025-02-05,M022,8740036
2025-02-05,M023,13028365
2025-02-05,M024,14806261
2025-02-05,M025,18079933
2025-02-05,M026,13818160
2025-02-05,M027,17518761
2025-02-05,M028,17081837
2025-02-05,M029,15412632
2025-02-05,M030,11408746
2025-02-05,M031,15185427
2025-02-05,M032,16509099
2025-02-05,M033,22440309
2025-02-05,M034,15529775
2025-02-05,M035,19700517
2025-02-05,M036,14637087
2025-02-05,M037,18711259
2025-02-05,M038,12558548
2025-02-05,M039,18334340
2025-02-05,M040,20163302
2025-02-05,M041,24234765
2025-02-05,M042,17695692
2025-02-05,M043,15201887
2025-02-05,M044,17175020
2025-02-05,M045,25025296
2025-02-05,M046,15300530
2025-02-05,M047,19547841
2025-02-05,M048,20927686
2025-02-06,M001,4073056
2025-02-06,M002,8707919
2025-02-06,M003,7380941
2025-02-06,M004,13627940
2025-02-06,M005,7830697
2025-02-06,M006,13689996
2025-02-06,M007,11297369
2025-02-06,M008,11595276
2025-02-06,M009,6471072
2025-02-06,M010,10791798
2025-02-06,M011,9501329
2025-02-06,M012,16960206
2025-02-06,M013,8560576
2025-02-06,M014,17868000
2025-02-06,M015,8242779
2025-02-06,M016,14778951
2025-02-06,M017,8819749
2025-02-06,M018,15704569
2025-02-06,M019,10524117
2025-02-06,M020,19610690
2025-02-06,M021,10691742
2025-02-06,M022,13782805
2025-02-06,M023,10800512
2025-02-06,M024,19822056
2025-02-06,M025,11038425
2025-02-06,M026,18368292
2025-02-06,M027,14370619
2025-02-06,M028,22303203
2025-02-06,M029,8693241
2025-02-06,M030,15788801
2025-02-06,M031,11592729
2025-02-06,M032,23798013
2025-02-06,M033,11059167
2025-02-06,M034,21063261
2025-02-06,M035,16981392
2025-02-06,M036,20630998
2025-02-06,M037,10083176
2025-02-06,M038,17491069
2025-02-06,M039,15200679
2025-02-06,M040,26575832
2025-02-06,M041,13563285
2025-02-06,M042,25863986
2025-02-06,M043,14373955
2025-02-06,M044,24618448
2025-02-06,M045,13052794
2025-02-06,M046,19907155
2025-02-06,M047,17448943
2025-02-06,M048,29914883
2025-02-07,M001,6080048
2025-02-07,M002,7780622
2025-02-07,M003,9563305
2025-02-07,M004,8949332
2025-02-07,M005,10822279
2025-02-07,M006,14010737
2025-02-07,M007,14841480
2025-02-07,M008,6864956
2025-02-07,M009,8297673
2025-02-07,M010,9978459
2025-02-07,M011,11732828
2025-02-07,M012,11298347
2025-02-07,M013,13183476
2025-02-07,M014,16103498
2025-02-07,M015,10580826
2025-02-07,M016,9115704
2025-02-07,M017,12114238
2025-02-07,M018,14279895
2025-02-07,M019,14828849
2025-02-07,M020,12155602
2025-02-07,M021,14166117
2025-02-07,M022,11559395
2025-02-07,M023,14760140
2025-02-07,M024,11699527
2025-02-07,M025,13082373
2025-02-07,M026,16235164
2025-02-07,M027,20964667
2025-02-07,M028,14293784
2025-02-07,M029,12435438
2025-02-07,M030,15184878
2025-02-07,M031,17823915
2025-02-07,M032,13910144
2025-02-07,M033,16673053
2025-02-07,M034,21021335
2025-02-07,M035,24145044
2025-02-07,M036,14120151
2025-02-07,M037,14098346
2025-02-07,M038,18138357
2025-02-07,M039,18420662
2025-02-07,M040,17514086
2025-02-07,M041,18408298
2025-02-07,M042,21911753
2025-02-07,M043,18216813
2025-02-07,M044,14599783
2025-02-07,M045,18174102
2025-02-07,M046,19288719
2025-02-07,M047,23568200
2025-02-07,M048,17946014
2025-02-08,M001,6385340
2025-02-08,M002,6300175
2025-02-08,M003,7691402
2025-02-08,M004,6549484
2025-02-08,M005,12282992
2025-02-08,M006,10671857
2025-02-08,M007,12553505
2025-02-08,M008,5663910
2025-02-08,M009,11489211
2025-02-08,M010,8934869
2025-02-08,M011,9219781
2025-02-08,M012,8179542
2025-02-08,M013,15598858
2025-02-08,M014,13426158
2025-02-08,M015,9207212
2025-02-08,M016,7231471
2025-02-08,M017,13217946
2025-02-08,M018,11745507
2025-02-08,M019,13118378
2025-02-08,M020,10396116
2025-02-08,M021,18825519
2025-02-08,M022,10201536
2025-02-08,M023,11607160
2025-02-08,M024,9707968
2025-02-08,M025,17009822
2025-02-08,M026,14531149
2025-02-08,M027,15824655
2025-02-08,M028,11963031
2025-02-08,M029,14532136
2025-02-08,M030,12235276
2025-02-08,M031,13945452
2025-02-08,M032,11716287
2025-02-08,M033,21145167
2025-02-08,M034,16523587
2025-02-08,M035,19572622
2025-02-08,M036,11563068
2025-02-08,M037,17004687
2025-02-08,M038,14178296
2025-02-08,M039,15747227
2025-02-08,M040,12438470
2025-02-08,M041,20934245
2025-02-08,M042,17918503
2025-02-08,M043,14180190
2025-02-08,M044,13222804
2025-02-08,M045,21171538
2025-02-08,M046,16330602
2025-02-08,M047,17101315
2025-02-08,M048,14042308
2025-02-09,M001,6496047
2025-02-09,M002,4941048
2025-02-09,M003,7767084
2025-02-09,M004,8506799
2025-02-09,M005,12916667
2025-02-09,M006,9482374
2025-02-09,M007,12158912
2025-02-09,M008,7220549
2025-02-09,M009,10736933
2025-02-09,M010,6758229
2025-02-09,M011,9871525
2025-02-09,M012,11808541
2025-02-09,M013,15109415
2025-02-09,M014,10281950
2025-02-09,M015,8665537
2025-02-09,M016,9726732
2025-02-09,M017,12951861
2025-02-09,M018,10606902
2025-02-09,M019,12663565
2025-02-09,M020,12320257
2025-02-09,M021,17408249
2025-02-09,M022,8246839
2025-02-09,M023,12023536
2025-02-09,M024,13340552
2025-02-09,M025,15261645
2025-02-09,M026,11116792
2025-02-09,M027,15917108
2025-02-09,M028,15292272
2025-02-09,M029,13581205
2025-02-09,M030,9526306
2025-02-09,M031,12396676
2025-02-09,M032,15316671
2025-02-09,M033,18457477
2025-02-09,M034,13753003
2025-02-09,M035,17163295
2025-02-09,M036,14449645
2025-02-09,M037,17550769
2025-02-09,M038,11362782
2025-02-09,M039,15673651
2025-02-09,M040,16821686
2025-02-09,M041,23497526
2025-02-09,M042,15212455
2025-02-09,M043,15816849
2025-02-09,M044,15519402
2025-02-09,M045,21823498
2025-02-09,M046,12739916
2025-02-09,M047,16980142
2025-02-09,M048,19146774
2025-02-10,M001,4071097
2025-02-10,M002,8918551
2025-02-10,M003,7225631
2025-02-10,M004,12907086
2025-02-10,M005,7558634
2025-02-10,M006,13332724
2025-02-10,M007,12143251
2025-02-10,M008,12160542
2025-02-10,M009,6500904
2025-02-10,M010,10766000
2025-02-10,M011,9181376
2025-02-10,M012,17031924
2025-02-10,M013,8606956
2025-02-10,M014,17208572
2025-02-10,M015,7703415
2025-02-10,M016,15478064
2025-02-10,M017,9038908
2025-02-10,M018,15255095
2025-02-10,M019,11809407
2025-02-10,M020,19967842
2025-02-10,M021,10405530
2025-02-10,M022,13797237
2025-02-10,M023,10322401
2025-02-10,M024,18115190
2025-02-10,M025,10334460
2025-02-10,M026,17625765
2025-02-10,M027,14959685
2025-02-10,M028,22739143
2025-02-10,M029,7937291
2025-02-10,M030,16455828
2025-02-10,M031,11997714
2025-02-10,M032,23596422
2025-02-10,M033,12180500
2025-02-10,M034,23243953
2025-02-10,M035,17614294
2025-02-10,M036,21535501
2025-02-10,M037,9696466
2025-02-10,M038,17529242
2025-02-10,M039,15809514
2025-02-10,M040,25341033
2025-02-10,M041,12927854
2025-02-10,M042,24429335
2025-02-10,M043,13331157
2025-02-10,M044,27234664
2025-02-10,M045,12817098
2025-02-10,M046,23084157
2025-02-10,M047,15892828
2025-02-10,M048,30098296
2025-02-11,M001,5237507
2025-02-11,M002,7317168
2025-02-11,M003,9793638
2025-02-11,M004,7781652
2025-02-11,M005,10829788
2025-02-11,M006,13573743
2025-02-11,M007,16471211
2025-02-11,M008,7300028
2025-02-11,M009,8942585
2025-02-11,M010,9945972
2025-02-11,M011,12753774
2025-02-11,M012,10669510
2025-02-11,M013,12292215
2025-02-11,M014,16822372
2025-02-11,M015,10552712
2025-02-11,M016,9764264
2025-02-11,M017,12393155
2025-02-11,M018,15038311
2025-02-11,M019,14785015
2025-02-11,M020,13698651
2025-02-11,M021,15260146
2025-02-11,M022,11977576
2025-02-11,M023,13555558
2025-02-11,M024,11237736
2025-02-11,M025,13538285
2025-02-11,M026,17902681
2025-02-11,M027,19011184
2025-02-11,M028,14858934
2025-02-11,M029,11986181
2025-02-11,M030,14174463
2025-02-11,M031,16313699
2025-02-11,M032,15065009
2025-02-11,M033,16179734
2025-02-11,M034,21744376
2025-02-11,M035,22147077
2025-02-11,M036,12521315
2025-02-11,M037,13104862
2025-02-11,M038,16400030
2025-02-11,M039,20848178
2025-02-11,M040,17308765
2025-02-11,M041,18601843
2025-02-11,M042,23798200
2025-02-11,M043,19537669
2025-02-11,M044,15033796
2025-02-11,M045,17645428
2025-02-11,M046,18268713
2025-02-11,M047,21642154
2025-02-11,M048,19804174
2025-02-12,M001,7957608
2025-02-12,M002,7087318
2025-02-12,M003,8054443
2025-02-12,M004,7604904
2025-02-12,M005,14313012
2025-02-12,M006,10959278
2025-02-12,M007,13495131
2025-02-12,M008,6775888
2025-02-12,M009,12395114
2025-02-12,M010,9965532
2025-02-12,M011,10643447
2025-02-12,M012,9474988
2025-02-12,M013,17444136
2025-02-12,M014,13359541
2025-02-12,M015,9704452
2025-02-12,M016,7998227
2025-02-12,M017,16248365
2025-02-12,M018,14011887
2025-02-12,M019,13419060
2025-02-12,M020,11322039
2025-02-12,M021,18661882
2025-02-12,M022,9972457
2025-02-12,M023,13394939
2025-02-12,M024,10290511
2025-02-12,M025,19036193
2025-02-12,M026,14457198
2025-02-12,M027,18428606
2025-02-12,M028,12941634
2025-02-12,M029,16487622
2025-02-12,M030,12428799
2025-02-12,M031,14148185
2025-02-12,M032,12639440
2025-02-12,M033,22126646
2025-02-12,M034,17622086
2025-02-12,M035,21767537
2025-02-12,M036,12751139
2025-02-12,M037,17227086
2025-02-12,M038,14980508
2025-02-12,M039,17180444
2025-02-12,M040,13655569
2025-02-12,M041,24200088
2025-02-12,M042,20256912
2025-02-12,M043,17876067
2025-02-12,M044,14687233
2025-02-12,M045,23802085
2025-02-12,M046,17196759
2025-02-12,M047,18411330
2025-02-12,M048,17134871
2025-02-13,M001,6968728
2025-02-13,M002,5872238
2025-02-13,M003,8117019
2025-02-13,M004,9225527
2025-02-13,M005,13195880
2025-02-13,M006,10668675
2025-02-13,M007,14343259
2025-02-13,M008,8550463
2025-02-13,M009,11409870
2025-02-13,M010,7970345
2025-02-13,M011,11312373
2025-02-13,M012,12059635
2025-02-13,M013,16158129
2025-02-13,M014,11582467
2025-02-13,M015,9144238
2025-02-13,M016,11217019
2025-02-13,M017,14710786
2025-02-13,M018,10307583
2025-02-13,M019,12388985
2025-02-13,M020,15508449
2025-02-13,M021,18795289
2025-02-13,M022,8824882
2025-02-13,M023,12870918
2025-02-13,M024,12926319
2025-02-13,M025,17748028
2025-02-13,M026,13661039
2025-02-13,M027,17834552
2025-02-13,M028,16721530
2025-02-13,M029,16278784
2025-02-13,M030,10498871
2025-02-13,M031,15420168
2025-02-13,M032,17611275
2025-02-13,M033,20937219
2025-02-13,M034,15158814
2025-02-13,M035,19733413
2025-02-13,M036,14683289
2025-02-13,M037,17235443
2025-02-13,M038,13251782
2025-02-13,M039,17698430
2025-02-13,M040,18162155
2025-02-13,M041,22946133
2025-02-13,M042,16371883
2025-02-13,M043,17723123
2025-02-13,M044,18183150
2025-02-13,M045,23791548
2025-02-13,M046,14741264
2025-02-13,M047,21218119
2025-02-13,M048,20446785
2025-02-14,M001,4071574
2025-02-14,M002,8983616
2025-02-14,M003,7461261
2025-02-14,M004,13157896
2025-02-14,M005,7025453
2025-02-14,M006,13222001
2025-02-14,M007,10904704
2025-02-14,M008,11574027
2025-02-14,M009,6242084
2025-02-14,M010,11010965
2025-02-14,M011,9561377
2025-02-14,M012,18549554
2025-02-14,M013,9219252
2025-02-14,M014,17404132
2025-02-14,M015,8109960
2025-02-14,M016,15263010
2025-02-14,M017,7891616
2025-02-14,M018,16580467
2025-02-14,M019,10689461
2025-02-14,M020,21194752
2025-02-14,M021,11292567
2025-02-14,M022,12511142
2025-02-14,M023,10126788
2025-02-14,M024,18991501
2025-02-14,M025,10421200
2025-02-14,M026,18872989
2025-02-14,M027,14623356
2025-02-14,M028,23879471
2025-02-14,M029,8286636
2025-02-14,M030,16955525
2025-02-14,M031,13086044
2025-02-14,M032,24555090
2025-02-14,M033,11855439
2025-02-14,M034,20508653
2025-02-14,M035,18126084
2025-02-14,M036,22556804
2025-02-14,M037,10883145
2025-02-14,M038,18144601
2025-02-14,M039,14826185
2025-02-14,M040,27086758
2025-02-14,M041,14791934
2025-02-14,M042,23139926
2025-02-14,M043,14040488
2025-02-14,M044,24439327
2025-02-14,M045,13655660
2025-02-14,M046,19805210
2025-02-14,M047,17228186
2025-02-14,M048,28770081
2025-02-15,M001,4960063
2025-02-15,M002,6895951
2025-02-15,M003,9138491
2025-02-15,M004,7863968
2025-02-15,M005,8611785
2025-02-15,M006,11293247
2025-02-15,M007,13652230
2025-02-15,M008,6177021
2025-02-15,M009,8226432
2025-02-15,M010,9015010
2025-02-15,M011,11687121
2025-02-15,M012,9131198
2025-02-15,M013,12180738
2025-02-15,M014,13122220
2025-02-15,M015,10182959
2025-02-15,M016,8834336
2025-02-15,M017,10332957
2025-02-15,M018,12170585
2025-02-15,M019,13112689
2025-02-15,M020,11609176
2025-02-15,M021,12942041
2025-02-15,M022,11362132
2025-02-15,M023,12863041
2025-02-15,M024,10933997
2025-02-15,M025,11785858
2025-02-15,M026,16765261
2025-02-15,M027,17676650
2025-02-15,M028,14204218
2025-02-15,M029,10540987
2025-02-15,M030,12981770
2025-02-15,M031,15739375
2025-02-15,M032,12167072
2025-02-15,M033,14664914
2025-02-15,M034,17829566
2025-02-15,M035,19706382
2025-02-15,M036,11987864
2025-02-15,M037,11746175
2025-02-15,M038,15986067
2025-02-15,M039,18591084
2025-02-15,M040,15341483
2025-02-15,M041,17844691
2025-02-15,M042,20763358
2025-02-15,M043,17050474
2025-02-15,M044,14259898
2025-02-15,M045,17310886
2025-02-15,M046,18175078
2025-02-15,M047,19896718
2025-02-15,M048,17003913
2025-02-16,M001,6588294
2025-02-16,M002,6495577
2025-02-16,M003,7193457
2025-02-16,M004,7050424
2025-02-16,M005,12097981
2025-02-16,M006,9942135
2025-02-16,M007,12305297
2025-02-16,M008,5532604
2025-02-16,M009,10463095
2025-02-16,M010,7828965
2025-02-16,M011,9902395
2025-02-16,M012,8060624
2025-02-16,M013,14458418
2025-02-16,M014,12191919
2025-02-16,M015,8253102
2025-02-16,M016,7390852
2025-02-16,M017,13263444
2025-02-16,M018,11266004
2025-02-16,M019,11637427
2025-02-16,M020,11055195
2025-02-16,M021,16456691
2025-02-16,M022,9516729
2025-02-16,M023,12059603
2025-02-16,M024,10117481
2025-02-16,M025,16370897
2025-02-16,M026,13853664
2025-02-16,M027,16963743
2025-02-16,M028,12795783
2025-02-16,M029,15007080
2025-02-16,M030,11432696
2025-02-16,M031,13244510
2025-02-16,M032,11697087
2025-02-16,M033,20282851
2025-02-16,M034,15761028
2025-02-16,M035,19636467
2025-02-16,M036,10229191
2025-02-16,M037,15917781
2025-02-16,M038,13341066
2025-02-16,M039,16449607
2025-02-16,M040,12218900
2025-02-16,M041,22674277
2025-02-16,M042,19656074
2025-02-16,M043,15922567
2025-02-16,M044,12999578
2025-02-16,M045,20607499
2025-02-16,M046,16394048
2025-02-16,M047,16992033
2025-02-16,M048,14316078
2025-02-17,M001,7149119
2025-02-17,M002,5923438
2025-02-17,M003,8493303
2025-02-17,M004,9068114
2025-02-17,M005,13110077
2025-02-17,M006,10556523
2025-02-17,M007,13717418
2025-02-17,M008,9042351
2025-02-17,M009,11996126
2025-02-17,M010,7301339
2025-02-17,M011,11608485
2025-02-17,M012,12133923
2025-02-17,M013,17562790
2025-02-17,M014,11161052
2025-02-17,M015,9353937
2025-02-17,M016,11569835
2025-02-17,M017,15328643
2025-02-17,M018,11460965
2025-02-17,M019,12533175
2025-02-17,M020,14343639
2025-02-17,M021,20172492
2025-02-17,M022,8411398
2025-02-17,M023,11602941
2025-02-17,M024,14793567
2025-02-17,M025,17451124
2025-02-17,M026,12966767
2025-02-17,M027,18376460
2025-02-17,M028,18390599
2025-02-17,M029,14490822
2025-02-17,M030,11460624
2025-02-17,M031,13717294
2025-02-17,M032,16806879
2025-02-17,M033,20340376
2025-02-17,M034,15014068
2025-02-17,M035,21219648
2025-02-17,M036,15018320
2025-02-17,M037,19359754
2025-02-17,M038,12058199
2025-02-17,M039,16314957
2025-02-17,M040,18105223
2025-02-17,M041,24123628
2025-02-17,M042,17464185
2025-02-17,M043,17654028
2025-02-17,M044,19007643
2025-02-17,M045,23666714
2025-02-17,M046,14532615
2025-02-17,M047,19034862
2025-02-17,M048,21873147
2025-02-18,M001,4446067
2025-02-18,M002,8956124
2025-02-18,M003,7613202
2025-02-18,M004,13436901
2025-02-18,M005,7910876
2025-02-18,M006,13167044
2025-02-18,M007,11231867
2025-02-18,M008,12439225
2025-02-18,M009,6352416
2025-02-18,M010,11965271
2025-02-18,M011,9703622
2025-02-18,M012,16023209
2025-02-18,M013,8750356
2025-02-18,M014,16332603
2025-02-18,M015,7621128
2025-02-18,M016,14914218
2025-02-18,M017,7908737
2025-02-18,M018,15752200
2025-02-18,M019,11496371
2025-02-18,M020,21352220
2025-02-18,M021,10623115
2025-02-18,M022,12449822
2025-02-18,M023,9938278
2025-02-18,M024,19660619
2025-02-18,M025,9569627
2025-02-18,M026,19533075
2025-02-18,M027,15265461
2025-02-18,M028,25875778
2025-02-18,M029,8018864
2025-02-18,M030,15495739
2025-02-18,M031,11860533
2025-02-18,M032,24789402
2025-02-18,M033,11455995
2025-02-18,M034,22593416
2025-02-18,M035,15894947
2025-02-18,M036,22270471
2025-02-18,M037,10647644
2025-02-18,M038,17879757
2025-02-18,M039,15450120
2025-02-18,M040,25352398
2025-02-18,M041,13498351
2025-02-18,M042,24833366
2025-02-18,M043,14023654
2025-02-18,M044,23757685
2025-02-18,M045,13302724
2025-02-18,M046,22543071
2025-02-18,M047,16564335
2025-02-18,M048,29156934
2025-02-19,M001,5857365
2025-02-19,M002,7597564
2025-02-19,M003,9184247
2025-02-19,M004,8415830
2025-02-19,M005,10630462
2025-02-19,M006,13468455
2025-02-19,M007,16390479
2025-02-19,M008,6932564
2025-02-19,M009,8645997
2025-02-19,M010,9661151
2025-02-19,M011,11586507
2025-02-19,M012,10406487
2025-02-19,M013,11836725
2025-02-19,M014,17052965
2025-02-19,M015,10879132
2025-02-19,M016,9689460
2025-02-19,M017,12166234
2025-02-19,M018,14108847
2025-02-19,M019,14613397
2025-02-19,M020,13437906
2025-02-19,M021,16031884
2025-02-19,M022,11079362
2025-02-19,M023,14956741
2025-02-19,M024,12605693
2025-02-19,M025,13761303
2025-02-19,M026,17453572
2025-02-19,M027,18983782
2025-02-19,M028,13725025
2025-02-19,M029,11093105
2025-02-19,M030,14871648
2025-02-19,M031,16099422
2025-02-19,M032,13822678
2025-02-19,M033,15239231
2025-02-19,M034,19370295
2025-02-19,M035,21996255
2025-02-19,M036,13902283
2025-02-19,M037,13991853
2025-02-19,M038,16500361
2025-02-19,M039,18335250
2025-02-19,M040,16437438
2025-02-19,M041,19522400
2025-02-19,M042,24019100
2025-02-19,M043,20361702
2025-02-19,M044,15003921
2025-02-19,M045,16788675
2025-02-19,M046,19550863
2025-02-19,M047,24378787
2025-02-19,M048,18304204
2025-02-20,M001,7074168
2025-02-20,M002,6529238
2025-02-20,M003,8113908
2025-02-20,M004,8143519
2025-02-20,M005,13504236
2025-02-20,M006,11933012
2025-02-20,M007,13663298
2025-02-20,M008,6282528
2025-02-20,M009,11931854
2025-02-20,M010,8637138
2025-02-20,M011,11429968
2025-02-20,M012,10236155
2025-02-20,M013,15994762
2025-02-20,M014,15173178
2025-02-20,M015,9872535
2025-02-20,M016,8931762
2025-02-20,M017,15633955
2025-02-20,M018,12349622
2025-02-20,M019,13298080
2025-02-20,M020,12047177
2025-02-20,M021,20502484
2025-02-20,M022,10660309
2025-02-20,M023,11659216
2025-02-20,M024,10195276
2025-02-20,M025,18512389
2025-02-20,M026,15345384
2025-02-20,M027,19186823
2025-02-20,M028,14072756
2025-02-20,M029,15638087
2025-02-20,M030,12440182
2025-02-20,M031,14487614
2025-02-20,M032,12468279
2025-02-20,M033,20693515
2025-02-20,M034,17663897
2025-02-20,M035,20140172
2025-02-20,M036,11068697
2025-02-20,M037,18686929
2025-02-20,M038,14781242
2025-02-20,M039,17719896
2025-02-20,M040,15409489
2025-02-20,M041,26971363
2025-02-20,M042,21459345
2025-02-20,M043,16455934
2025-02-20,M044,14863735
2025-02-20,M045,23437571
2025-02-20,M046,16673870
2025-02-20,M047,20117952
2025-02-20,M048,16208730
2025-02-21,M001,7991729
2025-02-21,M002,6067954
2025-02-21,M003,8499424
2025-02-21,M004,10411578
2025-02-21,M005,13739021
2025-02-21,M006,9300806
2025-02-21,M007,13434204
2025-02-21,M008,8653191
2025-02-21,M009,11699334
2025-02-21,M010,7969439
2025-02-21,M011,11182079
2025-02-21,M012,11781123
2025-02-21,M013,17143928
2025-02-21,M014,12660595
2025-02-21,M015,9882934
2025-02-21,M016,11352476
2025-02-21,M017,15428889
2025-02-21,M018,11566673
2025-02-21,M019,13635458
2025-02-21,M020,15326139
2025-02-21,M021,19080783
2025-02-21,M022,9401222
2025-02-21,M023,11399240
2025-02-21,M024,14548519
2025-02-21,M025,16865504
2025-02-21,M026,13032468
2025-02-21,M027,17391945
2025-02-21,M028,15871711
2025-02-21,M029,15533842
2025-02-21,M030,11744452
2025-02-21,M031,13897406
2025-02-21,M032,16077410
2025-02-21,M033,20598982
2025-02-21,M034,14555189
2025-02-21,M035,19149077
2025-02-21,M036,14512728
2025-02-21,M037,17593049
2025-02-21,M038,13184894
2025-02-21,M039,18675559
2025-02-21,M040,18859776
2025-02-21,M041,26040278
2025-02-21,M042,17009800
2025-02-21,M043,17241475
2025-02-21,M044,17611414
2025-02-21,M045,24914617
2025-02-21,M046,15014034
2025-02-21,M047,18912843
2025-02-21,M048,20930940
2025-02-22,M001,3656721
2025-02-22,M002,7219128
2025-02-22,M003,6845882
2025-02-22,M004,12804081
2025-02-22,M005,6268048
2025-02-22,M006,13280748
2025-02-22,M007,10118997
2025-02-22,M008,11264833
2025-02-22,M009,6299078
2025-02-22,M010,9800654
2025-02-22,M011,8716466
2025-02-22,M012,16645983
2025-02-22,M013,7800944
2025-02-22,M014,16054785
2025-02-22,M015,7185051
2025-02-22,M016,13576529
2025-02-22,M017,7525082
2025-02-22,M018,13634399
2025-02-22,M019,10865152
2025-02-22,M020,18740637
2025-02-22,M021,9499180
2025-02-22,M022,12408130
2025-02-22,M023,9001451
2025-02-22,M024,17899805
2025-02-22,M025,8831759
2025-02-22,M026,17210215
2025-02-22,M027,13867268
2025-02-22,M028,20958843
2025-02-22,M029,7570415
2025-02-22,M030,13333805
2025-02-22,M031,10939748
2025-02-22,M032,19359565
2025-02-22,M033,11590202
2025-02-22,M034,20340047
2025-02-22,M035,15478241
2025-02-22,M036,20719464
2025-02-22,M037,9345925
2025-02-22,M038,16444117
2025-02-22,M039,12956897
2025-02-22,M040,25145784
2025-02-22,M041,12421647
2025-02-22,M042,21827165
2025-02-22,M043,13273900
2025-02-22,M044,21336219
2025-02-22,M045,12340596
2025-02-22,M046,20752006
2025-02-22,M047,14181058
2025-02-22,M048,25153736
2025-02-23,M001,5443487
2025-02-23,M002,7344121
2025-02-23,M003,8922564
2025-02-23,M004,7111199
2025-02-23,M005,9104372
2025-02-23,M006,10839283
2025-02-23,M007,13012191
2025-02-23,M008,6518910
2025-02-23,M009,7746302
2025-02-23,M010,9875603
2025-02-23,M011,10792780
2025-02-23,M012,9359234
2025-02-23,M013,10472260
2025-02-23,M014,15094048
2025-02-23,M015,10462714
2025-02-23,M016,8351335
2025-02-23,M017,10730825
2025-02-23,M018,13557588
2025-02-23,M019,12829437
2025-02-23,M020,11554169
2025-02-23,M021,13265283
2025-02-23,M022,11392992
2025-02-23,M023,13727335
2025-02-23,M024,9981408
2025-02-23,M025,12211163
2025-02-23,M026,16172331
2025-02-23,M027,18521696
2025-02-23,M028,14072791
2025-02-23,M029,9925641
2025-02-23,M030,13739009
2025-02-23,M031,15674156
2025-02-23,M032,13058995
2025-02-23,M033,13767730
2025-02-23,M034,17700851
2025-02-23,M035,22583711
2025-02-23,M036,12259318
2025-02-23,M037,12849298
2025-02-23,M038,16509930
2025-02-23,M039,17478528
2025-02-23,M040,15528029
2025-02-23,M041,18060558
2025-02-23,M042,19172445
2025-02-23,M043,17426103
2025-02-23,M044,15002496
2025-02-23,M045,15905859
2025-02-23,M046,18231211
2025-02-23,M047,20285436
2025-02-23,M048,15941210
2025-02-24,M001,7162970
2025-02-24,M002,6740794
2025-02-24,M003,8870722
2025-02-24,M004,7159013
2025-02-24,M005,12771819
2025-02-24,M006,11776434
2025-02-24,M007,14096541
2025-02-24,M008,6519417
2025-02-24,M009,11285580
2025-02-24,M010,8968574
2025-02-24,M011,11465030
2025-02-24,M012,9116342
2025-02-24,M013,15679865
2025-02-24,M014,13566368
2025-02-24,M015,9349874
2025-02-24,M016,9347845
2025-02-24,M017,15349000
2025-02-24,M018,12187846
2025-02-24,M019,14282877
2025-02-24,M020,12202373
2025-02-24,M021,18597534
2025-02-24,M022,11004186
2025-02-24,M023,11812996
2025-02-24,M024,11430944
2025-02-24,M025,19462820
2025-02-24,M026,15007608
2025-02-24,M027,16923461
2025-02-24,M028,13993489
2025-02-24,M029,15580758
2025-02-24,M030,12870172
2025-02-24,M031,14098016
2025-02-24,M032,13745752
2025-02-24,M033,23519528
2025-02-24,M034,18958206
2025-02-24,M035,21511395
2025-02-24,M036,12066531
2025-02-24,M037,19403800
2025-02-24,M038,15591258
2025-02-24,M039,17045771
2025-02-24,M040,14601811
2025-02-24,M041,26562357
2025-02-24,M042,21990700
2025-02-24,M043,17680673
2025-02-24,M044,14632473
2025-02-24,M045,22513865
2025-02-24,M046,18568914
2025-02-24,M047,20503610
2025-02-24,M048,17304742
2025-02-25,M001,7864592
2025-02-25,M002,6087649
2025-02-25,M003,8289627
2025-02-25,M004,9113630
2025-02-25,M005,12785722
2025-02-25,M006,9445630
2025-02-25,M007,13620736
2025-02-25,M008,8317655
2025-02-25,M009,11045890
2025-02-25,M010,8184137
2025-02-25,M011,10884122
2025-02-25,M012,11456544
2025-02-25,M013,15271308
2025-02-25,M014,11784663
2025-02-25,M015,10197395
2025-02-25,M016,10949875
2025-02-25,M017,14448492
2025-02-25,M018,11539823
2025-02-25,M019,14268190
2025-02-25,M020,15821113
2025-02-25,M021,19086605
2025-02-25,M022,9648567
2025-02-25,M023,12024134
2025-02-25,M024,14189991
2025-02-25,M025,19715445
2025-02-25,M026,12269541
2025-02-25,M027,18234418
2025-02-25,M028,18365215
2025-02-25,M029,14290230
2025-02-25,M030,11808720
2025-02-25,M031,15876058
2025-02-25,M032,16105930
2025-02-25,M033,22643367
2025-02-25,M034,15238889
2025-02-25,M035,19280728
2025-02-25,M036,14135621
2025-02-25,M037,18346120
2025-02-25,M038,12883678
2025-02-25,M039,16631399
2025-02-25,M040,19762257
2025-02-25,M041,26382740
2025-02-25,M042,17340339
2025-02-25,M043,15656633
2025-02-25,M044,17258215
2025-02-25,M045,23304058
2025-02-25,M046,16026387
2025-02-25,M047,18737893
2025-02-25,M048,19908534
2025-02-26,M001,4099962
2025-02-26,M002,8141884
2025-02-26,M003,7266584
2025-02-26,M004,13718623
2025-02-26,M005,7159101
2025-02-26,M006,14732128
2025-02-26,M007,11867652
2025-02-26,M008,12471229
2025-02-26,M009,6266428
2025-02-26,M010,12116570
2025-02-26,M011,8599306
2025-02-26,M012,16646385
2025-02-26,M013,9482770
2025-02-26,M014,16939467
2025-02-26,M015,8614616
2025-02-26,M016,15319134
2025-02-26,M017,8255556
2025-02-26,M018,15467214
2025-02-26,M019,10611618
2025-02-26,M020,21596251
2025-02-26,M021,11085802
2025-02-26,M022,11992608
2025-02-26,M023,11177007
2025-02-26,M024,20097419
2025-02-26,M025,10404932
2025-02-26,M026,20453108
2025-02-26,M027,14040896
2025-02-26,M028,24853242
2025-02-26,M029,8082689
2025-02-26,M030,16927369
2025-02-26,M031,13346635
2025-02-26,M032,23247803
2025-02-26,M033,12596368
2025-02-26,M034,21527025
2025-02-26,M035,16867664
2025-02-26,M036,21063203
2025-02-26,M037,9398063
2025-02-26,M038,19651831
2025-02-26,M039,14094987
2025-02-26,M040,24808097
2025-02-26,M041,12691635
2025-02-26,M042,24558449
2025-02-26,M043,14460539
2025-02-26,M044,23348742
2025-02-26,M045,12202782
2025-02-26,M046,20138173
2025-02-26,M047,17610356
2025-02-26,M048,27914568
2025-02-27,M001,5511860
2025-02-27,M002,7279942
2025-02-27,M003,9924862
2025-02-27,M004,7735066
2025-02-27,M005,10972864
2025-02-27,M006,12614956
2025-02-27,M007,16315990
2025-02-27,M008,7733210
2025-02-27,M009,9487846
2025-02-27,M010,10996025
2025-02-27,M011,11667893
2025-02-27,M012,9768417
2025-02-27,M013,12902859
2025-02-27,M014,16986742
2025-02-27,M015,11835355
2025-02-27,M016,8907539
2025-02-27,M017,11640569
2025-02-27,M018,14478778
2025-02-27,M019,15042689
2025-02-27,M020,12076579
2025-02-27,M021,15523442
2025-02-27,M022,11297697
2025-02-27,M023,14967618
2025-02-27,M024,12404671
2025-02-27,M025,14999517
2025-02-27,M026,16792805
2025-02-27,M027,21362611
2025-02-27,M028,13796348
2025-02-27,M029,11196828
2025-02-27,M030,15143037
2025-02-27,M031,18400622
2025-02-27,M032,14685986
2025-02-27,M033,17286447
2025-02-27,M034,19621764
2025-02-27,M035,23433767
2025-02-27,M036,13158292
2025-02-27,M037,14701932
2025-02-27,M038,18323348
2025-02-27,M039,21187599
2025-02-27,M040,16075095
2025-02-27,M041,18593753
2025-02-27,M042,24417442
2025-02-27,M043,17455196
2025-02-27,M044,16329191
2025-02-27,M045,18964947
2025-02-27,M046,20143407
2025-02-27,M047,22378556
2025-02-27,M048,19229780
2025-02-28,M001,7659880
2025-02-28,M002,6439643
2025-02-28,M003,8945003
2025-02-28,M004,6956321
2025-02-28,M005,12734785
2025-02-28,M006,11267107
2025-02-28,M007,13235327
2025-02-28,M008,6034057
2025-02-28,M009,12594045
2025-02-28,M010,8755690
2025-02-28,M011,11562503
2025-02-28,M012,9525946
2025-02-28,M013,16790078
2025-02-28,M014,14378338
2025-02-28,M015,10340764
2025-02-28,M016,8648122
2025-02-28,M017,14530138
2025-02-28,M018,12815595
2025-02-28,M019,13050308
2025-02-28,M020,10911652
2025-02-28,M021,21145402
2025-02-28,M022,9982291
2025-02-28,M023,12206676
2025-02-28,M024,11143299
2025-02-28,M025,18858721
2025-02-28,M026,15338249
2025-02-28,M027,18517087
2025-02-28,M028,12308227
2025-02-28,M029,15728307
2025-02-28,M030,12562120
2025-02-28,M031,14106415
2025-02-28,M032,13285086
2025-02-28,M033,21538337
2025-02-28,M034,17993506
2025-02-28,M035,19338271
2025-02-28,M036,12924149
2025-02-28,M037,19215137
2025-02-28,M038,15974794
2025-02-28,M039,17918757
2025-02-28,M040,13939545
2025-02-28,M041,23847517
2025-02-28,M042,19715664
2025-02-28,M043,16825890
2025-02-28,M044,14636109
2025-02-28,M045,23914143
2025-02-28,M046,17373405
2025-02-28,M047,21329720
2025-02-28,M048,16201183
2025-03-01,M001,6912374
2025-03-01,M002,5007565
2025-03-01,M003,8095635
2025-03-01,M004,9266686
2025-03-01,M005,12787911
2025-03-01,M006,9606239
2025-03-01,M007,12590388
2025-03-01,M008,7585480
2025-03-01,M009,10175685
2025-03-01,M010,7597150
2025-03-01,M011,10065982
2025-03-01,M012,11912548
2025-03-01,M013,14843363
2025-03-01,M014,11233166
2025-03-01,M015,8297510
2025-03-01,M016,9610603
2025-03-01,M017,14454705
2025-03-01,M018,9772241
2025-03-01,M019,12768820
2025-03-01,M020,13807677
2025-03-01,M021,19093398
2025-03-01,M022,8920004
2025-03-01,M023,11810491
2025-03-01,M024,13699416
2025-03-01,M025,17780667
2025-03-01,M026,12018293
2025-03-01,M027,16444859
2025-03-01,M028,14814759
2025-03-01,M029,13991552
2025-03-01,M030,10585655
2025-03-01,M031,14073722
2025-03-01,M032,14153277
2025-03-01,M033,19978969
2025-03-01,M034,15225990
2025-03-01,M035,17865529
2025-03-01,M036,13970983
2025-03-01,M037,16386845
2025-03-01,M038,12408030
2025-03-01,M039,15430214
2025-03-01,M040,18153764
2025-03-01,M041,21678517
2025-03-01,M042,17103060
2025-03-01,M043,15087974
2025-03-01,M044,15627816
2025-03-01,M045,20899678
2025-03-01,M046,14747014
2025-03-01,M047,19402618
2025-03-01,M048,19717500
2025-03-02,M001,3892071
2025-03-02,M002,8137755
2025-03-02,M003,6867283
2025-03-02,M004,12858181
2025-03-02,M005,7266109
2025-03-02,M006,13194414
2025-03-02,M007,10498955
2025-03-02,M008,11140788
2025-03-02,M009,6241216
2025-03-02,M010,10546683
2025-03-02,M011,8807774
2025-03-02,M012,15828243
2025-03-02,M013,8360741
2025-03-02,M014,14730608
2025-03-02,M015,7020399
2025-03-02,M016,13788720
2025-03-02,M017,7727767
2025-03-02,M018,14987404
2025-03-02,M019,11121669
2025-03-02,M020,19137222
2025-03-02,M021,10386147
2025-03-02,M022,12115692
2025-03-02,M023,9168808
2025-03-02,M024,18129775
2025-03-02,M025,9728676
2025-03-02,M026,17886209
2025-03-02,M027,13237054
2025-03-02,M028,22335248
2025-03-02,M029,7585913
2025-03-02,M030,15255383
2025-03-02,M031,10721683
2025-03-02,M032,22699951
2025-03-02,M033,10477291
2025-03-02,M034,21464315
2025-03-02,M035,16254987
2025-03-02,M036,21401226
2025-03-02,M037,9301811
2025-03-02,M038,17397344
2025-03-02,M039,14274545
2025-03-02,M040,23245371
2025-03-02,M041,11951190
2025-03-02,M042,22329690
2025-03-02,M043,13899680
2025-03-02,M044,24120598
2025-03-02,M045,12431000
2025-03-02,M046,19812860
2025-03-02,M047,16498129
2025-03-02,M048,26067610
2025-03-03,M001,5404681
2025-03-03,M002,7972472
2025-03-03,M003,9503262
2025-03-03,M004,8574164
2025-03-03,M005,10226025
2025-03-03,M006,14085768
2025-03-03,M007,15284596
2025-03-03,M008,7041164
2025-03-03,M009,9419750
2025-03-03,M010,10749633
2025-03-03,M011,13568133
2025-03-03,M012,11091842
2025-03-03,M013,12187014
2025-03-03,M014,16983328
2025-03-03,M015,11850430
2025-03-03,M016,10463088
2025-03-03,M017,12510932
2025-03-03,M018,14352054
2025-03-03,M019,16815052
2025-03-03,M020,13078427
2025-03-03,M021,14180753
2025-03-03,M022,12069123
2025-03-03,M023,13696830
2025-03-03,M024,12471221
2025-03-03,M025,15263105
2025-03-03,M026,17999728
2025-03-03,M027,22120980
2025-03-03,M028,16179624
2025-03-03,M029,12344448
2025-03-03,M030,14204109
2025-03-03,M031,18290283
2025-03-03,M032,14282810
2025-03-03,M033,15907487
2025-03-03,M034,20252376
2025-03-03,M035,23671428
2025-03-03,M036,14123027
2025-03-03,M037,15339046
2025-03-03,M038,18343315
2025-03-03,M039,20091611
2025-03-03,M040,16183730
2025-03-03,M041,20236443
2025-03-03,M042,24489277
2025-03-03,M043,19753617
2025-03-03,M044,14705160
2025-03-03,M045,17179282
2025-03-03,M046,20039643
2025-03-03,M047,21465316
2025-03-03,M048,17585392
2025-03-04,M001,8273141
2025-03-04,M002,7238580
2025-03-04,M003,8675538
2025-03-04,M004,7962231
2025-03-04,M005,13049564
2025-03-04,M006,12820512
2025-03-04,M007,14817011
2025-03-04,M008,6814864
2025-03-04,M009,11646591
2025-03-04,M010,9245906
2025-03-04,M011,10847104
2025-03-04,M012,9462563
2025-03-04,M013,18334500
2025-03-04,M014,14918904
2025-03-04,M015,10345792
2025-03-04,M016,9454332
2025-03-04,M017,16068660
2025-03-04,M018,13571417
2025-03-04,M019,14290095
2025-03-04,M020,11817666
2025-03-04,M021,19109210
2025-03-04,M022,11554321
2025-03-04,M023,12062750
2025-03-04,M024,10840158
2025-03-04,M025,18340367
2025-03-04,M026,16960920
2025-03-04,M027,18572264
2025-03-04,M028,14062284
2025-03-04,M029,15961028
2025-03-04,M030,13775283
2025-03-04,M031,15484574
2025-03-04,M032,13747249
2025-03-04,M033,22165650
2025-03-04,M034,19936297
2025-03-04,M035,20044499
2025-03-04,M036,12069146
2025-03-04,M037,18460741
2025-03-04,M038,16699091
2025-03-04,M039,17373931
2025-03-04,M040,15592089
2025-03-04,M041,25764783
2025-03-04,M042,22287372
2025-03-04,M043,17471515
2025-03-04,M044,14690541
2025-03-04,M045,24030220
2025-03-04,M046,18109592
2025-03-04,M047,20239437
2025-03-04,M048,17428803
2025-03-05,M001,7417773
2025-03-05,M002,6321931
2025-03-05,M003,9043346
2025-03-05,M004,10381653
2025-03-05,M005,14141008
2025-03-05,M006,10901673
2025-03-05,M007,13551577
2025-03-05,M008,8030919
2025-03-05,M009,11637321
2025-03-05,M010,8492297
2025-03-05,M011,10548335
2025-03-05,M012,12336751
2025-03-05,M013,16458816
2025-03-05,M014,11468279
2025-03-05,M015,10010802
2025-03-05,M016,11487836
2025-03-05,M017,15350028
2025-03-05,M018,11621309
2025-03-05,M019,13262172
2025-03-05,M020,15052867
2025-03-05,M021,19528278
2025-03-05,M022,8925924
2025-03-05,M023,11754933
2025-03-05,M024,14660300
2025-03-05,M025,17590455
2025-03-05,M026,13239886
2025-03-05,M027,19095903
2025-03-05,M028,16952892
2025-03-05,M029,15218168
2025-03-05,M030,11680277
2025-03-05,M031,14962083
2025-03-05,M032,17974586
2025-03-05,M033,21111180
2025-03-05,M034,16233394
2025-03-05,M035,22352416
2025-03-05,M036,16042109
2025-03-05,M037,17799418
2025-03-05,M038,13292836
2025-03-05,M039,16737423
2025-03-05,M040,18896193
2025-03-05,M041,23605665
2025-03-05,M042,16815945
2025-03-05,M043,16006407
2025-03-05,M044,19030503
2025-03-05,M045,23556926
2025-03-05,M046,14435361
2025-03-05,M047,18941529
2025-03-05,M048,20429277
2025-03-06,M001,4570464
2025-03-06,M002,8145488
2025-03-06,M003,7048105
2025-03-06,M004,14001508
2025-03-06,M005,7751549
2025-03-06,M006,14935815
2025-03-06,M007,11019106
2025-03-06,M008,12255273
2025-03-06,M009,6839106
2025-03-06,M010,12060592
2025-03-06,M011,9032078
2025-03-06,M012,16474359
2025-03-06,M013,9666731
2025-03-06,M014,18737913
2025-03-06,M015,8946064
2025-03-06,M016,15763745
2025-03-06,M017,8381400
2025-03-06,M018,16991239
2025-03-06,M019,11507529
2025-03-06,M020,19681361
2025-03-06,M021,10472412
2025-03-06,M022,14222019
2025-03-06,M023,11181578
2025-03-06,M024,19669749
2025-03-06,M025,10181092
2025-03-06,M026,20194126
2025-03-06,M027,15013853
2025-03-06,M028,23031055
2025-03-06,M029,9117171
2025-03-06,M030,15926094
2025-03-06,M031,13814383
2025-03-06,M032,22144085
2025-03-06,M033,11838040
2025-03-06,M034,22983397
2025-03-06,M035,17738689
2025-03-06,M036,20907283
2025-03-06,M037,9877375
2025-03-06,M038,19726831
2025-03-06,M039,14632542
2025-03-06,M040,27489050
2025-03-06,M041,14116215
2025-03-06,M042,26682251
2025-03-06,M043,14834370
2025-03-06,M044,26813754
2025-03-06,M045,12821688
2025-03-06,M046,22479628
2025-03-06,M047,15782531
2025-03-06,M048,31525868
2025-03-07,M001,5653593
2025-03-07,M002,7620785
2025-03-07,M003,9722629
2025-03-07,M004,9246037
2025-03-07,M005,9646579
2025-03-07,M006,12841995
2025-03-07,M007,16900141
2025-03-07,M008,7412447
2025-03-07,M009,9110681
2025-03-07,M010,10125667
2025-03-07,M011,12163410
2025-03-07,M012,11494155
2025-03-07,M013,12912811
2025-03-07,M014,16123205
2025-03-07,M015,11302303
2025-03-07,M016,9557151
2025-03-07,M017,11335533
2025-03-07,M018,15022135
2025-03-07,M019,16195093
2025-03-07,M020,12926949
2025-03-07,M021,15939018
2025-03-07,M022,11973296
2025-03-07,M023,14255058
2025-03-07,M024,11426849
2025-03-07,M025,14995814
2025-03-07,M026,19043672
2025-03-07,M027,21576571
2025-03-07,M028,14054922
2025-03-07,M029,12496474
2025-03-07,M030,15440443
2025-03-07,M031,17868947
2025-03-07,M032,13778022
2025-03-07,M033,18057875
2025-03-07,M034,21522583
2025-03-07,M035,22094557
2025-03-07,M036,13701673
2025-03-07,M037,14981990
2025-03-07,M038,18068304
2025-03-07,M039,21756432
2025-03-07,M040,17761613
2025-03-07,M041,18753825
2025-03-07,M042,22639641
2025-03-07,M043,20650776
2025-03-07,M044,16223061
2025-03-07,M045,19358247
2025-03-07,M046,19360657
2025-03-07,M047,23092832
2025-03-07,M048,19864324
2025-03-08,M001,6544249
2025-03-08,M002,6385476
2025-03-08,M003,8154374
2025-03-08,M004,6924695
2025-03-08,M005,11642081
2025-03-08,M006,10987448
2025-03-08,M007,11580760
2025-03-08,M008,6149105
2025-03-08,M009,11264334
2025-03-08,M010,8654262
2025-03-08,M011,9747633
2025-03-08,M012,8585678
2025-03-08,M013,15302742
2025-03-08,M014,13797894
2025-03-08,M015,8391241
2025-03-08,M016,7845010
2025-03-08,M017,14661677
2025-03-08,M018,12154275
2025-03-08,M019,12233952
2025-03-08,M020,11044827
2025-03-08,M021,18243953
2025-03-08,M022,10192705
2025-03-08,M023,11386394
2025-03-08,M024,9245945
2025-03-08,M025,16957194
2025-03-08,M026,14301296
2025-03-08,M027,16902207
2025-03-08,M028,11898973
2025-03-08,M029,13596378
2025-03-08,M030,12351567
2025-03-08,M031,14827216
2025-03-08,M032,12356111
2025-03-08,M033,20797453
2025-03-08,M034,17608729
2025-03-08,M035,20321372
2025-03-08,M036,11456750
2025-03-08,M037,17248995
2025-03-08,M038,13596699
2025-03-08,M039,16963846
2025-03-08,M040,13326840
2025-03-08,M041,23366627
2025-03-08,M042,18812855
2025-03-08,M043,14625072
2025-03-08,M044,12468643
2025-03-08,M045,21096174
2025-03-08,M046,15680026
2025-03-08,M047,19495693
2025-03-08,M048,16109047
2025-03-09,M001,6415875
2025-03-09,M002,5416809
2025-03-09,M003,7784364
2025-03-09,M004,9651612
2025-03-09,M005,12223108
2025-03-09,M006,9431192
2025-03-09,M007,11893762
2025-03-09,M008,7413198
2025-03-09,M009,11380808
2025-03-09,M010,7330287
2025-03-09,M011,10570763
2025-03-09,M012,10777597
2025-03-09,M013,14475634
2025-03-09,M014,11910778
2025-03-09,M015,9254237
2025-03-09,M016,10526133
2025-03-09,M017,14419105
2025-03-09,M018,10691947
2025-03-09,M019,12366105
2025-03-09,M020,14506217
2025-03-09,M021,18966702
2025-03-09,M022,8960776
2025-03-09,M023,10858187
2025-03-09,M024,12233002
2025-03-09,M025,17439584
2025-03-09,M026,13006483
2025-03-09,M027,16446538
2025-03-09,M028,15750229
2025-03-09,M029,14328043
2025-03-09,M030,10972324
2025-03-09,M031,14073645
2025-03-09,M032,15187215
2025-03-09,M033,19469858
2025-03-09,M034,13694634
2025-03-09,M035,18383077
2025-03-09,M036,14603400
2025-03-09,M037,16057311
2025-03-09,M038,12302555
2025-03-09,M039,15194672
2025-03-09,M040,17687888
2025-03-09,M041,21470093
2025-03-09,M042,17111552
2025-03-09,M043,14594685
2025-03-09,M044,16577033
2025-03-09,M045,20512773
2025-03-09,M046,14101261
2025-03-09,M047,19111866
2025-03-09,M048,20125527
2025-03-10,M001,4510360
2025-03-10,M002,8574745
2025-03-10,M003,7436045
2025-03-10,M004,13599258
2025-03-10,M005,7824837
2025-03-10,M006,13840354
2025-03-10,M007,10803957
2025-03-10,M008,12021985
2025-03-10,M009,6830261
2025-03-10,M010,11368191
2025-03-10,M011,10039544
2025-03-10,M012,17436458
2025-03-10,M013,9156417
2025-03-10,M014,17618333
2025-03-10,M015,8475673
2025-03-10,M016,14920471
2025-03-10,M017,8304345
2025-03-10,M018,15936888
2025-03-10,M019,11880448
2025-03-10,M020,20103958
2025-03-10,M021,11841274
2025-03-10,M022,14185086
2025-03-10,M023,10612065
2025-03-10,M024,19781303
2025-03-10,M025,10750040
2025-03-10,M026,19691432
2025-03-10,M027,14135817
2025-03-10,M028,24632214
2025-03-10,M029,9201145
2025-03-10,M030,15047092
2025-03-10,M031,12997881
2025-03-10,M032,23079989
2025-03-10,M033,13119217
2025-03-10,M034,24106548
2025-03-10,M035,16992398
2025-03-10,M036,22557531
2025-03-10,M037,10449722
2025-03-10,M038,19526505
2025-03-10,M039,15399216
2025-03-10,M040,25907608
2025-03-10,M041,13482407
2025-03-10,M042,25209560
2025-03-10,M043,14033156
2025-03-10,M044,25877588
2025-03-10,M045,13912585
2025-03-10,M046,22777653
2025-03-10,M047,17112739
2025-03-10,M048,28634080
2025-03-11,M001,5362190
2025-03-11,M002,7671493
2025-03-11,M003,9874667
2025-03-11,M004,8564721
2025-03-11,M005,10240667
2025-03-11,M006,13906296
2025-03-11,M007,15453137
2025-03-11,M008,7707606
2025-03-11,M009,9171693
2025-03-11,M010,11103354
2025-03-11,M011,12892764
2025-03-11,M012,10357022
2025-03-11,M013,12432853
2025-03-11,M014,15285345
2025-03-11,M015,10630744
2025-03-11,M016,9667327
2025-03-11,M017,12038534
2025-03-11,M018,15001234
2025-03-11,M019,16929670
2025-03-11,M020,13517132
2025-03-11,M021,14559476
2025-03-11,M022,12850902
2025-03-11,M023,14297037
2025-03-11,M024,12616199
2025-03-11,M025,14362772
2025-03-11,M026,18685880
2025-03-11,M027,21633410
2025-03-11,M028,14878809
2025-03-11,M029,12355658
2025-03-11,M030,14655576
2025-03-11,M031,18267828
2025-03-11,M032,13550357
2025-03-11,M033,17257072
2025-03-11,M034,21660172
2025-03-11,M035,23055778
2025-03-11,M036,13670830
2025-03-11,M037,13462159
2025-03-11,M038,18810907
2025-03-11,M039,18777582
2025-03-11,M040,17270761
2025-03-11,M041,20174535
2025-03-11,M042,23899675
2025-03-11,M043,19440401
2025-03-11,M044,14923254
2025-03-11,M045,17357042
2025-03-11,M046,21399213
2025-03-11,M047,22092183
2025-03-11,M048,19753352
2025-03-12,M001,7637976
2025-03-12,M002,6881735
2025-03-12,M003,8986091
2025-03-12,M004,8357938
2025-03-12,M005,14123098
2025-03-12,M006,11195825
2025-03-12,M007,13770394
2025-03-12,M008,6594324
2025-03-12,M009,11548980
2025-03-12,M010,9600565
2025-03-12,M011,10798735
2025-03-12,M012,9799344
2025-03-12,M013,16049459
2025-03-12,M014,14741527
2025-03-12,M015,9799831
2025-03-12,M016,9504394
2025-03-12,M017,15961021
2025-03-12,M018,13850475
2025-03-12,M019,14886043
2025-03-12,M020,11753669
2025-03-12,M021,19280798
2025-03-12,M022,11108018
2025-03-12,M023,12626178
2025-03-12,M024,10743053
2025-03-12,M025,20073859
2025-03-12,M026,17257765
2025-03-12,M027,18040030
2025-03-12,M028,13269661
2025-03-12,M029,15523783
2025-03-12,M030,13213528
2025-03-12,M031,16347743
2025-03-12,M032,13051836
2025-03-12,M033,24077355
2025-03-12,M034,18345128
2025-03-12,M035,19551188
2025-03-12,M036,12629450
2025-03-12,M037,20023627
2025-03-12,M038,16593432
2025-03-12,M039,17969285
2025-03-12,M040,15363834
2025-03-12,M041,27573129
2025-03-12,M042,21151748
2025-03-12,M043,16615106
2025-03-12,M044,14143724
2025-03-12,M045,22923001
2025-03-12,M046,17023848
2025-03-12,M047,22076513
2025-03-12,M048,15868510
2025-03-13,M001,7171070
2025-03-13,M002,6365653
2025-03-13,M003,8419313
2025-03-13,M004,9828637
2025-03-13,M005,12616175
2025-03-13,M006,10639566
2025-03-13,M007,13689305
2025-03-13,M008,8637572
2025-03-13,M009,12628595
2025-03-13,M010,8377074
2025-03-13,M011,10650893
2025-03-13,M012,12817546
2025-03-13,M013,16342588
2025-03-13,M014,11629028
2025-03-13,M015,10635801
2025-03-13,M016,10924769
2025-03-13,M017,15735988
2025-03-13,M018,12150498
2025-03-13,M019,12894141
2025-03-13,M020,14513606
2025-03-13,M021,20191693
2025-03-13,M022,8720225
2025-03-13,M023,13124336
2025-03-13,M024,13354286
2025-03-13,M025,18820745
2025-03-13,M026,14643745
2025-03-13,M027,17749123
2025-03-13,M028,17042778
2025-03-13,M029,14665728
2025-03-13,M030,11345785
2025-03-13,M031,14509948
2025-03-13,M032,16928880
2025-03-13,M033,21951250
2025-03-13,M034,17079254
2025-03-13,M035,21546722
2025-03-13,M036,16717094
2025-03-13,M037,18166752
2025-03-13,M038,12678653
2025-03-13,M039,19110782
2025-03-13,M040,20045651
2025-03-13,M041,26987154
2025-03-13,M042,16688719
2025-03-13,M043,17544343
2025-03-13,M044,17409784
2025-03-13,M045,25258546
2025-03-13,M046,15900474
2025-03-13,M047,20004122
2025-03-13,M048,21311444
2025-03-14,M001,4440486
2025-03-14,M002,8595593
2025-03-14,M003,7791754
2025-03-14,M004,14613317
2025-03-14,M005,7303707
2025-03-14,M006,14569795
2025-03-14,M007,11837880
2025-03-14,M008,11292694
2025-03-14,M009,6386908
2025-03-14,M010,12395066
2025-03-14,M011,8888477
2025-03-14,M012,17925498
2025-03-14,M013,9295639
2025-03-14,M014,17622162
2025-03-14,M015,7778621
2025-03-14,M016,15270557
2025-03-14,M017,9171963
2025-03-14,M018,16297967
2025-03-14,M019,10679353
2025-03-14,M020,20212834
2025-03-14,M021,10906166
2025-03-14,M022,13491589
2025-03-14,M023,10180648
2025-03-14,M024,20749386
2025-03-14,M025,11314018
2025-03-14,M026,17922112
2025-03-14,M027,15632487
2025-03-14,M028,24710009
2025-03-14,M029,9284973
2025-03-14,M030,15445142
2025-03-14,M031,12700483
2025-03-14,M032,23954802
2025-03-14,M033,12327715
2025-03-14,M034,21574166
2025-03-14,M035,17616412
2025-03-14,M036,22433815
2025-03-14,M037,9620045
2025-03-14,M038,19414602
2025-03-14,M039,15304095
2025-03-14,M040,29223304
2025-03-14,M041,13941283
2025-03-14,M042,23661276
2025-03-14,M043,14738236
2025-03-14,M044,25185758
2025-03-14,M045,13652006
2025-03-14,M046,21128054
2025-03-14,M047,16070235
2025-03-14,M048,31472031
2025-03-15,M001,5659345
2025-03-15,M002,7490368
2025-03-15,M003,9243780
2025-03-15,M004,8245722
2025-03-15,M005,9768017
2025-03-15,M006,11272888
2025-03-15,M007,14874236
2025-03-15,M008,7227057
2025-03-15,M009,8532090
2025-03-15,M010,9368317
2025-03-15,M011,12037359
2025-03-15,M012,9600895
2025-03-15,M013,11081322
2025-03-15,M014,15570987
2025-03-15,M015,10596014
2025-03-15,M016,9074850
2025-03-15,M017,11056282
2025-03-15,M018,12964987
2025-03-15,M019,13030458
2025-03-15,M020,10871032
2025-03-15,M021,14256790
2025-03-15,M022,11628123
2025-03-15,M023,13402248
2025-03-15,M024,10587209
2025-03-15,M025,12983762
2025-03-15,M026,15544006
2025-03-15,M027,20052116
2025-03-15,M028,14499641
2025-03-15,M029,11181768
2025-03-15,M030,13799838
2025-03-15,M031,15374434
2025-03-15,M032,13979764
2025-03-15,M033,15649678
2025-03-15,M034,19797796
2025-03-15,M035,22378899
2025-03-15,M036,11746223
2025-03-15,M037,13208630
2025-03-15,M038,14943044
2025-03-15,M039,19332733
2025-03-15,M040,13884691
2025-03-15,M041,16113897
2025-03-15,M042,22489292
2025-03-15,M043,16396611
2025-03-15,M044,14698430
2025-03-15,M045,16099785
2025-03-15,M046,19053849
2025-03-15,M047,20752574
2025-03-15,M048,15994204
2025-03-16,M001,6986402
2025-03-16,M002,6215649
2025-03-16,M003,8320732
2025-03-16,M004,6823514
2025-03-16,M005,12273028
2025-03-16,M006,10664408
2025-03-16,M007,13472186
2025-03-16,M008,5600520
2025-03-16,M009,11752183
2025-03-16,M010,9089205
2025-03-16,M011,10158469
2025-03-16,M012,8603634
2025-03-16,M013,14376252
2025-03-16,M014,12030911
2025-03-16,M015,9153658
2025-03-16,M016,8019087
2025-03-16,M017,14180713
2025-03-16,M018,12696055
2025-03-16,M019,12227346
2025-03-16,M020,11388014
2025-03-16,M021,19470430
2025-03-16,M022,9561760
2025-03-16,M023,11170290
2025-03-16,M024,9341785
2025-03-16,M025,16158390
2025-03-16,M026,14689299
2025-03-16,M027,16258633
2025-03-16,M028,13281632
2025-03-16,M029,13392171
2025-03-16,M030,12367993
2025-03-16,M031,13720390
2025-03-16,M032,12438168
2025-03-16,M033,20563375
2025-03-16,M034,16345701
2025-03-16,M035,19189920
2025-03-16,M036,10907786
2025-03-16,M037,17417683
2025-03-16,M038,13151025
2025-03-16,M039,16585511
2025-03-16,M040,12828070
2025-03-16,M041,24183774
2025-03-16,M042,18787942
2025-03-16,M043,16332276
2025-03-16,M044,12191680
2025-03-16,M045,21114988
2025-03-16,M046,16613083
2025-03-16,M047,17979088
2025-03-16,M048,15782443
2025-03-17,M001,7098272
2025-03-17,M002,5727116
2025-03-17,M003,7950816
2025-03-17,M004,9934881
2025-03-17,M005,12669237
2025-03-17,M006,9424249
2025-03-17,M007,12686730
2025-03-17,M008,7907826
2025-03-17,M009,11330497
2025-03-17,M010,7964857
2025-03-17,M011,11657392
2025-03-17,M012,12128865
2025-03-17,M013,17777153
2025-03-17,M014,11947269
2025-03-17,M015,9745465
2025-03-17,M016,11651002
2025-03-17,M017,15160548
2025-03-17,M018,11354915
2025-03-17,M019,14636609
2025-03-17,M020,14768552
2025-03-17,M021,18659781
2025-03-17,M022,9914272
2025-03-17,M023,11774525
2025-03-17,M024,13624814
2025-03-17,M025,19046764
2025-03-17,M026,14597603
2025-03-17,M027,18333314
2025-03-17,M028,17402761
2025-03-17,M029,15419961
2025-03-17,M030,11071236
2025-03-17,M031,16469500
2025-03-17,M032,15388163
2025-03-17,M033,22635553
2025-03-17,M034,14873081
2025-03-17,M035,22087934
2025-03-17,M036,14810162
2025-03-17,M037,18420668
2025-03-17,M038,14140637
2025-03-17,M039,16822520
2025-03-17,M040,17920642
2025-03-17,M041,24059168
2025-03-17,M042,18183802
2025-03-17,M043,17619852
2025-03-17,M044,18900728
2025-03-17,M045,22840324
2025-03-17,M046,15383119
2025-03-17,M047,20807596
2025-03-17,M048,22116316
2025-03-18,M001,4113716
2025-03-18,M002,8267108
2025-03-18,M003,7490142
2025-03-18,M004,13830860
2025-03-18,M005,7626456
2025-03-18,M006,14530129
2025-03-18,M007,10821087
2025-03-18,M008,12337056
2025-03-18,M009,6847031
2025-03-18,M010,10970718
2025-03-18,M011,10097474
2025-03-18,M012,18944593
2025-03-18,M013,8955160
2025-03-18,M014,17402101
2025-03-18,M015,7840425
2025-03-18,M016,16303046
2025-03-18,M017,8340806
2025-03-18,M018,15829136
2025-03-18,M019,11033155
2025-03-18,M020,20061124
2025-03-18,M021,11272055
2025-03-18,M022,13269887
2025-03-18,M023,11510516
2025-03-18,M024,19513545
2025-03-18,M025,10747159
2025-03-18,M026,19640260
2025-03-18,M027,14610181
2025-03-18,M028,23147210
2025-03-18,M029,8204923
2025-03-18,M030,16475303
2025-03-18,M031,12042199
2025-03-18,M032,22797210
2025-03-18,M033,12487204
2025-03-18,M034,21125185
2025-03-18,M035,18429192
2025-03-18,M036,20937382
2025-03-18,M037,10557858
2025-03-18,M038,19905561
2025-03-18,M039,15378900
2025-03-18,M040,25185031
2025-03-18,M041,14596155
2025-03-18,M042,23972232
2025-03-18,M043,14281684
2025-03-18,M044,24903794
2025-03-18,M045,13479576
2025-03-18,M046,21251825
2025-03-18,M047,16385256
2025-03-18,M048,28657593
2025-03-19,M001,6156989
2025-03-19,M002,7912557
2025-03-19,M003,9367749
2025-03-19,M004,8130775
2025-03-19,M005,10335314
2025-03-19,M006,13763335
2025-03-19,M007,16682492
2025-03-19,M008,6940085
2025-03-19,M009,9926349
2025-03-19,M010,11232926
2025-03-19,M011,13484913
2025-03-19,M012,10148884
2025-03-19,M013,13795582
2025-03-19,M014,15074784
2025-03-19,M015,12229236
2025-03-19,M016,10224773
2025-03-19,M017,12645764
2025-03-19,M018,15864540
2025-03-19,M019,14742525
2025-03-19,M020,12804792
2025-03-19,M021,15931202
2025-03-19,M022,12053764
2025-03-19,M023,15654130
2025-03-19,M024,11357438
2025-03-19,M025,14160716
2025-03-19,M026,18704913
2025-03-19,M027,21782838
2025-03-19,M028,14027449
2025-03-19,M029,10983290
2025-03-19,M030,14606524
2025-03-19,M031,16157001
2025-03-19,M032,15175652
2025-03-19,M033,17509014
2025-03-19,M034,22459810
2025-03-19,M035,25546424
2025-03-19,M036,12516004
2025-03-19,M037,14851001
2025-03-19,M038,18601432
2025-03-19,M039,20396485
2025-03-19,M040,15433406
2025-03-19,M041,19189603
2025-03-19,M042,23795711
2025-03-19,M043,18461018
2025-03-19,M044,17119970
2025-03-19,M045,19798302
2025-03-19,M046,19600997
2025-03-19,M047,23937437
2025-03-19,M048,20242142
2025-03-20,M001,7413783
2025-03-20,M002,7464247
2025-03-20,M003,9132831
2025-03-20,M004,7568423
2025-03-20,M005,13714456
2025-03-20,M006,12274233
2025-03-20,M007,14733310
2025-03-20,M008,6693831
2025-03-20,M009,12173682
2025-03-20,M010,10187522
2025-03-20,M011,10846180
2025-03-20,M012,10107275
2025-03-20,M013,18206791
2025-03-20,M014,14377234
2025-03-20,M015,10015862
2025-03-20,M016,8366884
2025-03-20,M017,15069146
2025-03-20,M018,13981567
2025-03-20,M019,13476794
2025-03-20,M020,11718341
2025-03-20,M021,19336286
2025-03-20,M022,11637714
2025-03-20,M023,13438909
2025-03-20,M024,11345281
2025-03-20,M025,19162702
2025-03-20,M026,16330129
2025-03-20,M027,19405213
2025-03-20,M028,14104627
2025-03-20,M029,15517577
2025-03-20,M030,13582152
2025-03-20,M031,14603485
2025-03-20,M032,12359128
2025-03-20,M033,21456382
2025-03-20,M034,17825251
2025-03-20,M035,20801048
2025-03-20,M036,11743967
2025-03-20,M037,17804516
2025-03-20,M038,14783168
2025-03-20,M039,17637843
2025-03-20,M040,15914203
2025-03-20,M041,24166401
2025-03-20,M042,19727799
2025-03-20,M043,15756312
2025-03-20,M044,15536863
2025-03-20,M045,22774258
2025-03-20,M046,16895015
2025-03-20,M047,20188393
2025-03-20,M048,18346374
2025-03-21,M001,7708375
2025-03-21,M002,6415182
2025-03-21,M003,7927398
2025-03-21,M004,9374165
2025-03-21,M005,13922426
2025-03-21,M006,9394167
2025-03-21,M007,13236285
2025-03-21,M008,9219284
2025-03-21,M009,11763783
2025-03-21,M010,7813468
2025-03-21,M011,12018190
2025-03-21,M012,12790199
2025-03-21,M013,18098229
2025-03-21,M014,12676843
2025-03-21,M015,9546951
2025-03-21,M016,11087555
2025-03-21,M017,15394929
2025-03-21,M018,11636850
2025-03-21,M019,13067379
2025-03-21,M020,14746637
2025-03-21,M021,21480640
2025-03-21,M022,9557894
2025-03-21,M023,11689550
2025-03-21,M024,15093133
2025-03-21,M025,18280919
2025-03-21,M026,14687248
2025-03-21,M027,18180944
2025-03-21,M028,16595811
2025-03-21,M029,16119539
2025-03-21,M030,11149875
2025-03-21,M031,16426709
2025-03-21,M032,16116987
2025-03-21,M033,22645833
2025-03-21,M034,16450242
2025-03-21,M035,19212607
2025-03-21,M036,16845428
2025-03-21,M037,19794047
2025-03-21,M038,13980136
2025-03-21,M039,17865597
2025-03-21,M040,20003833
2025-03-21,M041,25827252
2025-03-21,M042,16935635
2025-03-21,M043,17989177
2025-03-21,M044,18697148
2025-03-21,M045,22699093
2025-03-21,M046,15184284
2025-03-21,M047,21575089
2025-03-21,M048,21940045
2025-03-22,M001,4026517
2025-03-22,M002,7755782
2025-03-22,M003,6201891
2025-03-22,M004,13350422
2025-03-22,M005,6379103
2025-03-22,M006,13530185
2025-03-22,M007,10694770
2025-03-22,M008,10380908
2025-03-22,M009,6304218
2025-03-22,M010,10737201
2025-03-22,M011,8263161
2025-03-22,M012,14833023
2025-03-22,M013,8948815
2025-03-22,M014,15155682
2025-03-22,M015,7745146
2025-03-22,M016,15363125
2025-03-22,M017,7874392
2025-03-22,M018,13901616
2025-03-22,M019,10608943
2025-03-22,M020,18539515
2025-03-22,M021,9996273
2025-03-22,M022,11430276
2025-03-22,M023,10330635
2025-03-22,M024,18654349
2025-03-22,M025,8806190
2025-03-22,M026,17496684
2025-03-22,M027,13450395
2025-03-22,M028,21557305
2025-03-22,M029,7750651
2025-03-22,M030,13467836
2025-03-22,M031,11165264
2025-03-22,M032,21251281
2025-03-22,M033,10848878
2025-03-22,M034,21778236
2025-03-22,M035,15330116
2025-03-22,M036,19750383
2025-03-22,M037,8713209
2025-03-22,M038,16062882
2025-03-22,M039,12805110
2025-03-22,M040,23705123
2025-03-22,M041,12033708
2025-03-22,M042,24101204
2025-03-22,M043,13585549
2025-03-22,M044,23999705
2025-03-22,M045,12023360
2025-03-22,M046,20449625
2025-03-22,M047,15950134
2025-03-22,M048,25864358
2025-03-23,M001,5443031
2025-03-23,M002,6702788
2025-03-23,M003,8961058
2025-03-23,M004,7351687
2025-03-23,M005,9644559
2025-03-23,M006,11101384
2025-03-23,M007,14397986
2025-03-23,M008,7134463
2025-03-23,M009,7903908
2025-03-23,M010,9071630
2025-03-23,M011,11278745
2025-03-23,M012,10365754
2025-03-23,M013,12421706
2025-03-23,M014,14161949
2025-03-23,M015,10570826
2025-03-23,M016,9068939
2025-03-23,M017,10089852
2025-03-23,M018,13195906
2025-03-23,M019,13565300
2025-03-23,M020,11629308
2025-03-23,M021,13870229
2025-03-23,M022,11601526
2025-03-23,M023,14078033
2025-03-23,M024,11387588
2025-03-23,M025,13134844
2025-03-23,M026,16685763
2025-03-23,M027,18175190
2025-03-23,M028,14203702
2025-03-23,M029,11534183
2025-03-23,M030,13294698
2025-03-23,M031,15885973
2025-03-23,M032,12250892
2025-03-23,M033,14909762
2025-03-23,M034,20243114
2025-03-23,M035,20523849
2025-03-23,M036,11569020
2025-03-23,M037,12219161
2025-03-23,M038,15084225
2025-03-23,M039,17219862
2025-03-23,M040,14639646
2025-03-23,M041,16707861
2025-03-23,M042,21524709
2025-03-23,M043,16985048
2025-03-23,M044,15246170
2025-03-23,M045,15725129
2025-03-23,M046,18860999
2025-03-23,M047,20844672
2025-03-23,M048,16599727
2025-03-24,M001,7231289
2025-03-24,M002,7485559
2025-03-24,M003,8290267
2025-03-24,M004,7373230
2025-03-24,M005,14354884
2025-03-24,M006,10979608
2025-03-24,M007,13836872
2025-03-24,M008,6400616
2025-03-24,M009,12453680
2025-03-24,M010,9458268
2025-03-24,M011,10761289
2025-03-24,M012,10218321
2025-03-24,M013,17886801
2025-03-24,M014,14136901
2025-03-24,M015,9975540
2025-03-24,M016,9006832
2025-03-24,M017,16186319
2025-03-24,M018,14199363
2025-03-24,M019,14903567
2025-03-24,M020,11979965
2025-03-24,M021,21386307
2025-03-24,M022,11229772
2025-03-24,M023,12872803
2025-03-24,M024,10940319
2025-03-24,M025,19664493
2025-03-24,M026,14882301
2025-03-24,M027,17136416
2025-03-24,M028,14554134
2025-03-24,M029,15011612
2025-03-24,M030,13442305
2025-03-24,M031,15996546
2025-03-24,M032,13736367
2025-03-24,M033,22097407
2025-03-24,M034,20100063
2025-03-24,M035,21838080
2025-03-24,M036,12952487
2025-03-24,M037,19676036
2025-03-24,M038,14677537
2025-03-24,M039,18995907
2025-03-24,M040,14421566
2025-03-24,M041,25053285
2025-03-24,M042,19599951
2025-03-24,M043,18237939
2025-03-24,M044,13255772
2025-03-24,M045,23971259
2025-03-24,M046,18627577
2025-03-24,M047,19815277
2025-03-24,M048,18341927
2025-03-25,M001,7241832
2025-03-25,M002,6314116
2025-03-25,M003,8790028
2025-03-25,M004,9506742
2025-03-25,M005,14121196
2025-03-25,M006,9497951
2025-03-25,M007,14558280
2025-03-25,M008,8892263
2025-03-25,M009,12336083
2025-03-25,M010,7775749
2025-03-25,M011,11095654
2025-03-25,M012,12264385
2025-03-25,M013,16131900
2025-03-25,M014,12459919
2025-03-25,M015,9194891
2025-03-25,M016,11430216
2025-03-25,M017,15968200
2025-03-25,M018,11690736
2025-03-25,M019,14328421
2025-03-25,M020,15852277
2025-03-25,M021,20291659
2025-03-25,M022,8752330
2025-03-25,M023,12552934
2025-03-25,M024,13484343
2025-03-25,M025,18026686
2025-03-25,M026,12815884
2025-03-25,M027,18687694
2025-03-25,M028,18863989
2025-03-25,M029,15838019
2025-03-25,M030,11889461
2025-03-25,M031,16369488
2025-03-25,M032,18020714
2025-03-25,M033,22687022
2025-03-25,M034,14765017
2025-03-25,M035,22355352
2025-03-25,M036,15026735
2025-03-25,M037,17660121
2025-03-25,M038,13258796
2025-03-25,M039,18674608
2025-03-25,M040,18879413
2025-03-25,M041,23294167
2025-03-25,M042,16883688
2025-03-25,M043,17087395
2025-03-25,M044,17045983
2025-03-25,M045,25375851
2025-03-25,M046,15700333
2025-03-25,M047,20513964
2025-03-25,M048,21466167
2025-03-26,M001,4055582
2025-03-26,M002,8853122
2025-03-26,M003,6869793
2025-03-26,M004,13260089
2025-03-26,M005,7811352
2025-03-26,M006,14620807
2025-03-26,M007,12474987
2025-03-26,M008,11291217
2025-03-26,M009,6477266
2025-03-26,M010,12460865
2025-03-26,M011,9968605
2025-03-26,M012,17628033
2025-03-26,M013,9105229
2025-03-26,M014,16691125
2025-03-26,M015,8094709
2025-03-26,M016,15395122
2025-03-26,M017,8289956
2025-03-26,M018,15834961
2025-03-26,M019,12234596
2025-03-26,M020,22871581
2025-03-26,M021,11349625
2025-03-26,M022,14038949
2025-03-26,M023,10602521
2025-03-26,M024,18656306
2025-03-26,M025,10427217
2025-03-26,M026,20656978
2025-03-26,M027,14334937
2025-03-26,M028,26054608
2025-03-26,M029,9071143
2025-03-26,M030,14964084
2025-03-26,M031,12117573
2025-03-26,M032,22710433
2025-03-26,M033,12221357
2025-03-26,M034,20824704
2025-03-26,M035,18536946
2025-03-26,M036,23819597
2025-03-26,M037,10437295
2025-03-26,M038,17910366
2025-03-26,M039,16118570
2025-03-26,M040,27762771
2025-03-26,M041,13231316
2025-03-26,M042,27207380
2025-03-26,M043,14463279
2025-03-26,M044,25148713
2025-03-26,M045,12629425
2025-03-26,M046,22557462
2025-03-26,M047,17671216
2025-03-26,M048,33048870
2025-03-27,M001,6222047
2025-03-27,M002,7573667
2025-03-27,M003,9781621
2025-03-27,M004,9049066
2025-03-27,M005,11179016
2025-03-27,M006,12660018
2025-03-27,M007,15905998
2025-03-27,M008,6898784
2025-03-27,M009,9357064
2025-03-27,M010,10808244
2025-03-27,M011,12597492
2025-03-27,M012,10935195
2025-03-27,M013,12214736
2025-03-27,M014,16853719
2025-03-27,M015,12259806
2025-03-27,M016,10302201
2025-03-27,M017,12569220
2025-03-27,M018,14921122
2025-03-27,M019,15431470
2025-03-27,M020,12005770
2025-03-27,M021,16459509
2025-03-27,M022,12315659
2025-03-27,M023,15309205
2025-03-27,M024,12487041
2025-03-27,M025,13826390
2025-03-27,M026,18658473
2025-03-27,M027,20282543
2025-03-27,M028,16187404
2025-03-27,M029,12478295
2025-03-27,M030,15192903
2025-03-27,M031,18087366
2025-03-27,M032,13920244
2025-03-27,M033,17196512
2025-03-27,M034,21601404
2025-03-27,M035,23420544
2025-03-27,M036,13856401
2025-03-27,M037,15305680
2025-03-27,M038,19059276
2025-03-27,M039,21077651
2025-03-27,M040,15581620
2025-03-27,M041,20413428
2025-03-27,M042,25417093
2025-03-27,M043,20088088
2025-03-27,M044,17145416
2025-03-27,M045,19924065
2025-03-27,M046,21188544
2025-03-27,M047,24326434
2025-03-27,M048,20200189
2025-03-28,M001,8153758
2025-03-28,M002,6579903
2025-03-28,M003,8770996
2025-03-28,M004,7753785
2025-03-28,M005,13241207
2025-03-28,M006,11693114
2025-03-28,M007,13926206
2025-03-28,M008,6950632
2025-03-28,M009,12077474
2025-03-28,M010,8976966
2025-03-28,M011,11573090
2025-03-28,M012,9413505
2025-03-28,M013,17677761
2025-03-28,M014,14272197
2025-03-28,M015,10294716
2025-03-28,M016,9192756
2025-03-28,M017,16095624
2025-03-28,M018,13137541
2025-03-28,M019,13682223
2025-03-28,M020,12011808
2025-03-28,M021,20802410
2025-03-28,M022,10338295
2025-03-28,M023,13153814
2025-03-28,M024,11259218
2025-03-28,M025,18689082
2025-03-28,M026,16299308
2025-03-28,M027,19491007
2025-03-28,M028,14668057
2025-03-28,M029,16319282
2025-03-28,M030,12767841
2025-03-28,M031,16571410
2025-03-28,M032,12399892
2025-03-28,M033,21188321
2025-03-28,M034,18295951
2025-03-28,M035,21886589
2025-03-28,M036,12873632
2025-03-28,M037,18059940
2025-03-28,M038,14636971
2025-03-28,M039,18488357
2025-03-28,M040,13958450
2025-03-28,M041,27500575
2025-03-28,M042,19526885
2025-03-28,M043,17901134
2025-03-28,M044,14390011
2025-03-28,M045,25290983
2025-03-28,M046,17236454
2025-03-28,M047,20608399
2025-03-28,M048,16808204
2025-03-29,M001,6314164
2025-03-29,M002,5221398
2025-03-29,M003,8213005
2025-03-29,M004,9244712
2025-03-29,M005,12003326
2025-03-29,M006,8488186
2025-03-29,M007,13245513
2025-03-29,M008,7971619
2025-03-29,M009,10343583
2025-03-29,M010,7181164
2025-03-29,M011,10314680
2025-03-29,M012,11646931
2025-03-29,M013,15798911
2025-03-29,M014,10356177
2025-03-29,M015,8661049
2025-03-29,M016,9935126
2025-03-29,M017,12947915
2025-03-29,M018,10132489
2025-03-29,M019,11518046
2025-03-29,M020,14558287
2025-03-29,M021,17736954
2025-03-29,M022,8175898
2025-03-29,M023,12050435
2025-03-29,M024,12024838
2025-03-29,M025,17266552
2025-03-29,M026,13174520
2025-03-29,M027,16516727
2025-03-29,M028,16618102
2025-03-29,M029,13968840
2025-03-29,M030,10795238
2025-03-29,M031,13772658
2025-03-29,M032,13973878
2025-03-29,M033,20894203
2025-03-29,M034,14383952
2025-03-29,M035,18474713
2025-03-29,M036,14196306
2025-03-29,M037,15932577
2025-03-29,M038,12089858
2025-03-29,M039,14863329
2025-03-29,M040,18325658
2025-03-29,M041,22879153
2025-03-29,M042,17229005
2025-03-29,M043,14954351
2025-03-29,M044,17927328
2025-03-29,M045,20616634
2025-03-29,M046,14237337
2025-03-29,M047,18446344
2025-03-29,M048,19665618
2025-03-30,M001,4033612
2025-03-30,M002,7168886
2025-03-30,M003,6096663
2025-03-30,M004,12088962
2025-03-30,M005,7083487
2025-03-30,M006,13388933
2025-03-30,M007,10157988
2025-03-30,M008,10175724
2025-03-30,M009,6543854
2025-03-30,M010,10501833
2025-03-30,M011,8405150
2025-03-30,M012,16251413
2025-03-30,M013,8853631
2025-03-30,M014,16912148
2025-03-30,M015,7389876
2025-03-30,M016,14152037
2025-03-30,M017,7711961
2025-03-30,M018,13877639
2025-03-30,M019,10365215
2025-03-30,M020,19248689
2025-03-30,M021,10071292
2025-03-30,M022,12030217
2025-03-30,M023,9657108
2025-03-30,M024,16845255
2025-03-30,M025,9186379
2025-03-30,M026,18870704
2025-03-30,M027,12867137
2025-03-30,M028,21680726
2025-03-30,M029,7482387
2025-03-30,M030,15567878
2025-03-30,M031,10902002
2025-03-30,M032,19704250
2025-03-30,M033,10983559
2025-03-30,M034,20473410
2025-03-30,M035,16135483
2025-03-30,M036,19178315
2025-03-30,M037,9858299
2025-03-30,M038,16043150
2025-03-30,M039,13805470
2025-03-30,M040,24995266
2025-03-30,M041,13259577
2025-03-30,M042,23776787
2025-03-30,M043,12510479
2025-03-30,M044,23109865
2025-03-30,M045,11750261
2025-03-30,M046,21078387
2025-03-30,M047,14826924
2025-03-30,M048,27804984
2025-03-31,M001,5717808
2025-03-31,M002,8439506
2025-03-31,M003,9481118
2025-03-31,M004,8008827
2025-03-31,M005,10365189
2025-03-31,M006,13076052
2025-03-31,M007,15027254
2025-03-31,M008,7977048
2025-03-31,M009,8592934
2025-03-31,M010,10084057
2025-03-31,M011,12002441
2025-03-31,M012,10467119
2025-03-31,M013,12135052
2025-03-31,M014,17285642
2025-03-31,M015,11154706
2025-03-31,M016,9950014
2025-03-31,M017,11070623
2025-03-31,M018,14337386
2025-03-31,M019,16575036
2025-03-31,M020,13095675
2025-03-31,M021,14081509
2025-03-31,M022,12964640
2025-03-31,M023,14946103
2025-03-31,M024,12425839
2025-03-31,M025,13672168
2025-03-31,M026,17169673
2025-03-31,M027,21082441
2025-03-31,M028,14623358
2025-03-31,M029,11968696
2025-03-31,M030,14529225
2025-03-31,M031,18077904
2025-03-31,M032,15336201
2025-03-31,M033,16881193
2025-03-31,M034,21691593
2025-03-31,M035,22340188
2025-03-31,M036,14649380
2025-03-31,M037,14694938
2025-03-31,M038,16632717
2025-03-31,M039,21859301
2025-03-31,M040,16961370
2025-03-31,M041,19800586
2025-03-31,M042,23643780
2025-03-31,M043,18837339
2025-03-31,M044,15505014
2025-03-31,M045,18166172
2025-03-31,M046,21203347
2025-03-31,M047,24085259
2025-03-31,M048,18834624
2025-04-01,M001,7289776
2025-04-01,M002,5967260
2025-04-01,M003,9001103
2025-04-01,M004,9830311
2025-04-01,M005,14602182
2025-04-01,M006,10063269
2025-04-01,M007,13116082
2025-04-01,M008,8420968
2025-04-01,M009,11663057
2025-04-01,M010,8828487
2025-04-01,M011,10536801
2025-04-01,M012,13049743
2025-04-01,M013,17579339
2025-04-01,M014,12478417
2025-04-01,M015,10160003
2025-04-01,M016,11030280
2025-04-01,M017,15519793
2025-04-01,M018,10652373
2025-04-01,M019,14645895
2025-04-01,M020,14967316
2025-04-01,M021,19141333
2025-04-01,M022,10106758
2025-04-01,M023,12279484
2025-04-01,M024,15272337
2025-04-01,M025,19811741
2025-04-01,M026,13734476
2025-04-01,M027,18388679
2025-04-01,M028,18257790
2025-04-01,M029,14620378
2025-04-01,M030,11816910
2025-04-01,M031,15787476
2025-04-01,M032,16763848
2025-04-01,M033,22211232
2025-04-01,M034,16462152
2025-04-01,M035,20573146
2025-04-01,M036,16130092
2025-04-01,M037,20108515
2025-04-01,M038,14233842
2025-04-01,M039,17098956
2025-04-01,M040,18748205
2025-04-01,M041,24444228
2025-04-01,M042,17162825
2025-04-01,M043,17580377
2025-04-01,M044,19209820
2025-04-01,M045,23010000
2025-04-01,M046,16159950
2025-04-01,M047,18972245
2025-04-01,M048,23437038
2025-04-02,M001,4416587
2025-04-02,M002,8924188
2025-04-02,M003,7728522
2025-04-02,M004,14557328
2025-04-02,M005,8253333
2025-04-02,M006,14474127
2025-04-02,M007,12169114
2025-04-02,M008,12693800
2025-04-02,M009,6806430
2025-04-02,M010,12564051
2025-04-02,M011,9587422
2025-04-02,M012,16934067
2025-04-02,M013,10046265
2025-04-02,M014,16907426
2025-04-02,M015,8566538
2025-04-02,M016,15610655
2025-04-02,M017,9097036
2025-04-02,M018,15926524
2025-04-02,M019,10766886
2025-04-02,M020,20723868
2025-04-02,M021,10682062
2025-04-02,M022,13503547
2025-04-02,M023,11005260
2025-04-02,M024,21590992
2025-04-02,M025,10203573
2025-04-02,M026,18964360
2025-04-02,M027,16192789
2025-04-02,M028,24555385
2025-04-02,M029,8831789
2025-04-02,M030,17219976
2025-04-02,M031,13617260
2025-04-02,M032,22503707
2025-04-02,M033,12690791
2025-04-02,M034,23076327
2025-04-02,M035,17676162
2025-04-02,M036,21107028
2025-04-02,M037,10590074
2025-04-02,M038,20169088
2025-04-02,M039,14847960
2025-04-02,M040,28717331
2025-04-02,M041,13780053
2025-04-02,M042,25933684
2025-04-02,M043,14821443
2025-04-02,M044,25428596
2025-04-02,M045,13843384
2025-04-02,M046,22145897
2025-04-02,M047,18070078
2025-04-02,M048,32551344
2025-04-03,M001,5520686
2025-04-03,M002,8587069
2025-04-03,M003,9689101
2025-04-03,M004,8923106
2025-04-03,M005,11176362
2025-04-03,M006,14205775
2025-04-03,M007,15985761
2025-04-03,M008,7097543
2025-04-03,M009,9871808
2025-04-03,M010,11521598
2025-04-03,M011,12651107
2025-04-03,M012,10743922
2025-04-03,M013,12845732
2025-04-03,M014,15601723
2025-04-03,M015,10793564
2025-04-03,M016,9753371
2025-04-03,M017,12682967
2025-04-03,M018,14219136
2025-04-03,M019,14761580
2025-04-03,M020,13307755
2025-04-03,M021,16363815
2025-04-03,M022,11441921
2025-04-03,M023,13880082
2025-04-03,M024,13073346
2025-04-03,M025,13885274
2025-04-03,M026,18630552
2025-04-03,M027,21683577
2025-04-03,M028,14993547
2025-04-03,M029,11114093
2025-04-03,M030,14621291
2025-04-03,M031,16797152
2025-04-03,M032,15348922
2025-04-03,M033,16133850
2025-04-03,M034,21533040
2025-04-03,M035,23938632
2025-04-03,M036,13210017
2025-04-03,M037,13446675
2025-04-03,M038,16827206
2025-04-03,M039,19931799
2025-04-03,M040,17225557
2025-04-03,M041,18245504
2025-04-03,M042,22726434
2025-04-03,M043,21093158
2025-04-03,M044,17225037
2025-04-03,M045,18501323
2025-04-03,M046,21735472
2025-04-03,M047,24790653
2025-04-03,M048,19870293
2025-04-04,M001,7231092
2025-04-04,M002,6841149
2025-04-04,M003,8745433
2025-04-04,M004,7770553
2025-04-04,M005,14285848
2025-04-04,M006,12955318
2025-04-04,M007,13706804
2025-04-04,M008,6826105
2025-04-04,M009,12406953
2025-04-04,M010,9428561
2025-04-04,M011,11628917
2025-04-04,M012,10045428
2025-04-04,M013,15929024
2025-04-04,M014,14144847
2025-04-04,M015,10763624
2025-04-04,M016,8473891
2025-04-04,M017,16406661
2025-04-04,M018,13839843
2025-04-04,M019,12974974
2025-04-04,M020,12027752
2025-04-04,M021,21094568
2025-04-04,M022,11143994
2025-04-04,M023,13163875
2025-04-04,M024,10358892
2025-04-04,M025,18654370
2025-04-04,M026,16542444
2025-04-04,M027,19553712
2025-04-04,M028,14823450
2025-04-04,M029,14836537
2025-04-04,M030,12911255
2025-04-04,M031,15028138
2025-04-04,M032,13563599
2025-04-04,M033,23920415
2025-04-04,M034,17713851
2025-04-04,M035,22203286
2025-04-04,M036,12037146
2025-04-04,M037,19558213
2025-04-04,M038,15136597
2025-04-04,M039,19489069
2025-04-04,M040,14976792
2025-04-04,M041,24434433
2025-04-04,M042,20910546
2025-04-04,M043,18213715
2025-04-04,M044,15681816
2025-04-04,M045,24759655
2025-04-04,M046,18708838
2025-04-04,M047,21067185
2025-04-04,M048,17142720
2025-04-05,M001,7394041
2025-04-05,M002,5710184
2025-04-05,M003,7206392
2025-04-05,M004,8422498
2025-04-05,M005,13238849
2025-04-05,M006,9960401
2025-04-05,M007,12508634
2025-04-05,M008,7393398
2025-04-05,M009,10422485
2025-04-05,M010,7098900
2025-04-05,M011,9686736
2025-04-05,M012,10593372
2025-04-05,M013,15167291
2025-04-05,M014,11801252
2025-04-05,M015,9722473
2025-04-05,M016,10635194
2025-04-05,M017,13865848
2025-04-05,M018,10770392
2025-04-05,M019,13032250
2025-04-05,M020,13517616
2025-04-05,M021,19176618
2025-04-05,M022,8448052
2025-04-05,M023,12429533
2025-04-05,M024,12021962
2025-04-05,M025,17011289
2025-04-05,M026,11483292
2025-04-05,M027,16522420
2025-04-05,M028,15295550
2025-04-05,M029,13104620
2025-04-05,M030,10856293
2025-04-05,M031,13075914
2025-04-05,M032,14061953
2025-04-05,M033,20823265
2025-04-05,M034,15225631
2025-04-05,M035,19340942
2025-04-05,M036,14253516
2025-04-05,M037,17450332
2025-04-05,M038,11306664
2025-04-05,M039,14940243
2025-04-05,M040,17499359
2025-04-05,M041,22627780
2025-04-05,M042,16509624
2025-04-05,M043,15448664
2025-04-05,M044,16575542
2025-04-05,M045,22658137
2025-04-05,M046,13349805
2025-04-05,M047,19138678
2025-04-05,M048,20053426
2025-04-06,M001,4092894
2025-04-06,M002,7194499
2025-04-06,M003,6295178
2025-04-06,M004,13715834
2025-04-06,M005,6373237
2025-04-06,M006,12178987
2025-04-06,M007,10235458
2025-04-06,M008,10746572
2025-04-06,M009,6537595
2025-04-06,M010,11315917
2025-04-06,M011,8939200
2025-04-06,M012,17242845
2025-04-06,M013,8477780
2025-04-06,M014,15283786
2025-04-06,M015,7589753
2025-04-06,M016,15456266
2025-04-06,M017,7614752
2025-04-06,M018,14944981
2025-04-06,M019,10301566
2025-04-06,M020,19059844
2025-04-06,M021,10190254
2025-04-06,M022,12290545
2025-04-06,M023,10239754
2025-04-06,M024,16638444
2025-04-06,M025,9926807
2025-04-06,M026,16365035
2025-04-06,M027,14000084
2025-04-06,M028,24217541
2025-04-06,M029,7897799
2025-04-06,M030,15507621
2025-04-06,M031,11112554
2025-04-06,M032,22785933
2025-04-06,M033,11913699
2025-04-06,M034,19455394
2025-04-06,M035,16710463
2025-04-06,M036,20989937
2025-04-06,M037,9351401
2025-04-06,M038,17655096
2025-04-06,M039,13460037
2025-04-06,M040,23830300
2025-04-06,M041,13299784
2025-04-06,M042,24371319
2025-04-06,M043,12790163
2025-04-06,M044,22728279
2025-04-06,M045,11974004
2025-04-06,M046,18925549
2025-04-06,M047,16780420
2025-04-06,M048,26159535
2025-04-07,M001,6152993
2025-04-07,M002,7452053
2025-04-07,M003,9417800
2025-04-07,M004,8144938
2025-04-07,M005,10904987
2025-04-07,M006,13163882
2025-04-07,M007,15832168
2025-04-07,M008,7480614
2025-04-07,M009,9334693
2025-04-07,M010,10807242
2025-04-07,M011,13349625
2025-04-07,M012,11291259
2025-04-07,M013,12780353
2025-04-07,M014,15616703
2025-04-07,M015,11853362
2025-04-07,M016,10593866
2025-04-07,M017,12306574
2025-04-07,M018,14070011
2025-04-07,M019,16814007
2025-04-07,M020,13338544
2025-04-07,M021,15337620
2025-04-07,M022,11350456
2025-04-07,M023,15706538
2025-04-07,M024,11626729
2025-04-07,M025,15659198
2025-04-07,M026,19016098
2025-04-07,M027,22452582
2025-04-07,M028,14591696
2025-04-07,M029,12177311
2025-04-07,M030,13929807
2025-04-07,M031,18200332
2025-04-07,M032,13443446
2025-04-07,M033,16984580
2025-04-07,M034,21484236
2025-04-07,M035,25348364
2025-04-07,M036,12847259
2025-04-07,M037,14454902
2025-04-07,M038,16426288
2025-04-07,M039,19722561
2025-04-07,M040,17290392
2025-04-07,M041,18280655
2025-04-07,M042,24594523
2025-04-07,M043,19251522
2025-04-07,M044,15887410
2025-04-07,M045,18575275
2025-04-07,M046,20305114
2025-04-07,M047,22031454
2025-04-07,M048,18567368
2025-04-08,M001,7286795
2025-04-08,M002,6950176
2025-04-08,M003,8975834
2025-04-08,M004,7605825
2025-04-08,M005,13412399
2025-04-08,M006,12943589
2025-04-08,M007,13572302
2025-04-08,M008,7174655
2025-04-08,M009,12305141
2025-04-08,M010,9509260
2025-04-08,M011,11967746
2025-04-08,M012,9406114
2025-04-08,M013,17357921
2025-04-08,M014,14562047
2025-04-08,M015,9409713
2025-04-08,M016,9608359
2025-04-08,M017,16968386
2025-04-08,M018,14458525
2025-04-08,M019,14111711
2025-04-08,M020,11092964
2025-04-08,M021,21742866
2025-04-08,M022,10703483
2025-04-08,M023,13543270
2025-04-08,M024,11195548
2025-04-08,M025,18162517
2025-04-08,M026,16541088
2025-04-08,M027,19200501
2025-04-08,M028,13751039
2025-04-08,M029,16431674
2025-04-08,M030,13408188
2025-04-08,M031,14744908
2025-04-08,M032,13138680
2025-04-08,M033,22815582
2025-04-08,M034,17754788
2025-04-08,M035,19971097
2025-04-08,M036,12972359
2025-04-08,M037,17547867
2025-04-08,M038,15909089
2025-04-08,M039,19015249
2025-04-08,M040,16356767
2025-04-08,M041,26906759
2025-04-08,M042,20980975
2025-04-08,M043,17546505
2025-04-08,M044,14510004
2025-04-08,M045,22869812
2025-04-08,M046,17758572
2025-04-08,M047,19329810
2025-04-08,M048,17814886
2025-04-09,M001,7043877
2025-04-09,M002,6359548
2025-04-09,M003,8130216
2025-04-09,M004,10202581
2025-04-09,M005,14739888
2025-04-09,M006,9618027
2025-04-09,M007,13530876
2025-04-09,M008,8858240
2025-04-09,M009,11550787
2025-04-09,M010,7666605
2025-04-09,M011,12079711
2025-04-09,M012,11858133
2025-04-09,M013,15734203
2025-04-09,M014,11737997
2025-04-09,M015,10158136
2025-04-09,M016,11349490
2025-04-09,M017,15177141
2025-04-09,M018,11889426
2025-04-09,M019,13733545
2025-04-09,M020,14672795
2025-04-09,M021,18869856
2025-04-09,M022,9769002
2025-04-09,M023,12247508
2025-04-09,M024,13310025
2025-04-09,M025,20138715
2025-04-09,M026,13032441
2025-04-09,M027,18717393
2025-04-09,M028,17418672
2025-04-09,M029,15107071
2025-04-09,M030,11034804
2025-04-09,M031,15212020
2025-04-09,M032,15784126
2025-04-09,M033,20747308
2025-04-09,M034,14791361
2025-04-09,M035,19386630
2025-04-09,M036,16327155
2025-04-09,M037,17572066
2025-04-09,M038,13627844
2025-04-09,M039,18746718
2025-04-09,M040,19515438
2025-04-09,M041,26813154
2025-04-09,M042,19242444
2025-04-09,M043,16122784
2025-04-09,M044,18277184
2025-04-09,M045,24881156
2025-04-09,M046,14639635
2025-04-09,M047,21202183
2025-04-09,M048,22357968
2025-04-10,M001,4359656
2025-04-10,M002,8754114
2025-04-10,M003,7089552
2025-04-10,M004,14481395
2025-04-10,M005,7881945
2025-04-10,M006,14377857
2025-04-10,M007,11700667
2025-04-10,M008,12181028
2025-04-10,M009,6429838
2025-04-10,M010,12398985
2025-04-10,M011,9938139
2025-04-10,M012,17153215
2025-04-10,M013,9369308
2025-04-10,M014,17885560
2025-04-10,M015,8680671
2025-04-10,M016,15382809
2025-04-10,M017,9199694
2025-04-10,M018,16136024
2025-04-10,M019,11411871
2025-04-10,M020,20590176
2025-04-10,M021,11751977
2025-04-10,M022,13264882
2025-04-10,M023,11155315
2025-04-10,M024,19457889
2025-04-10,M025,10178139
2025-04-10,M026,19709980
2025-04-10,M027,15664709
2025-04-10,M028,24880051
2025-04-10,M029,9081713
2025-04-10,M030,15353067
2025-04-10,M031,13458612
2025-04-10,M032,25573579
2025-04-10,M033,11742876
2025-04-10,M034,22109508
2025-04-10,M035,17570624
2025-04-10,M036,23126357
2025-04-10,M037,10880130
2025-04-10,M038,18749640
2025-04-10,M039,14661786
2025-04-10,M040,28289920
2025-04-10,M041,15038094
2025-04-10,M042,25516535
2025-04-10,M043,14336698
2025-04-10,M044,24364131
2025-04-10,M045,12625069
2025-04-10,M046,22637867
2025-04-10,M047,16296786
2025-04-10,M048,30271919
2025-04-11,M001,5543243
2025-04-11,M002,7383190
2025-04-11,M003,10023169
2025-04-11,M004,9250560
2025-04-11,M005,9972897
2025-04-11,M006,13254267
2025-04-11,M007,14748988
2025-04-11,M008,7208980
2025-04-11,M009,9782157
2025-04-11,M010,10275677
2025-04-11,M011,12973295
2025-04-11,M012,10926669
2025-04-11,M013,13632148
2025-04-11,M014,16052115
2025-04-11,M015,12044012
2025-04-11,M016,10112343
2025-04-11,M017,12301842
2025-04-11,M018,15403422
2025-04-11,M019,15105018
2025-04-11,M020,12624246
2025-04-11,M021,14832015
2025-04-11,M022,11785978
2025-04-11,M023,15667415
2025-04-11,M024,12164798
2025-04-11,M025,13698572
2025-04-11,M026,18671231
2025-04-11,M027,19833954
2025-04-11,M028,14596482
2025-04-11,M029,11311474
2025-04-11,M030,16251219
2025-04-11,M031,17146686
2025-04-11,M032,14173931
2025-04-11,M033,16879011
2025-04-11,M034,21904765
2025-04-11,M035,23518830
2025-04-11,M036,12808885
2025-04-11,M037,14019947
2025-04-11,M038,17846938
2025-04-11,M039,19236520
2025-04-11,M040,16391924
2025-04-11,M041,19179900
2025-04-11,M042,22125181
2025-04-11,M043,20084009
2025-04-11,M044,17140991
2025-04-11,M045,17521804
2025-04-11,M046,19406739
2025-04-11,M047,24413855
2025-04-11,M048,18123346
2025-04-12,M001,7416226
2025-04-12,M002,6038736
2025-04-12,M003,7610745
2025-04-12,M004,7244940
2025-04-12,M005,13525134
2025-04-12,M006,10118580
2025-04-12,M007,12774408
2025-04-12,M008,6180019
2025-04-12,M009,11279952
2025-04-12,M010,8233852
2025-04-12,M011,9531234
2025-04-12,M012,9609357
2025-04-12,M013,15537157
2025-04-12,M014,14045607
2025-04-12,M015,9759072
2025-04-12,M016,7452305
2025-04-12,M017,13659582
2025-04-12,M018,11935123
2025-04-12,M019,12255016
2025-04-12,M020,11320065
2025-04-12,M021,17015870
2025-04-12,M022,9592226
2025-04-12,M023,11018313
2025-04-12,M024,10721528
2025-04-12,M025,17107956
2025-04-12,M026,14247802
2025-04-12,M027,17960820
2025-04-12,M028,13241927
2025-04-12,M029,14128393
2025-04-12,M030,12099373
2025-04-12,M031,15075091
2025-04-12,M032,12367786
2025-04-12,M033,20488057
2025-04-12,M034,16371096
2025-04-12,M035,19697105
2025-04-12,M036,10829393
2025-04-12,M037,17734725
2025-04-12,M038,14240451
2025-04-12,M039,16535279
2025-04-12,M040,14179819
2025-04-12,M041,23816454
2025-04-12,M042,20521812
2025-04-12,M043,16280109
2025-04-12,M044,12429189
2025-04-12,M045,21027257
2025-04-12,M046,17385952
2025-04-12,M047,18367027
2025-04-12,M048,14280987
2025-04-13,M001,7433699
2025-04-13,M002,5882574
2025-04-13,M003,8345016
2025-04-13,M004,9414430
2025-04-13,M005,11779949
2025-04-13,M006,9392607
2025-04-13,M007,13243050
2025-04-13,M008,8377034
2025-04-13,M009,10730133
2025-04-13,M010,7562319
2025-04-13,M011,10707682
2025-04-13,M012,11272524
2025-04-13,M013,14307180
2025-04-13,M014,10468799
2025-04-13,M015,8404847
2025-04-13,M016,9828896
2025-04-13,M017,13954988
2025-04-13,M018,9916987
2025-04-13,M019,11504232
2025-04-13,M020,13991630
2025-04-13,M021,18071297
2025-04-13,M022,8136798
2025-04-13,M023,11930282
2025-04-13,M024,13628177
2025-04-13,M025,16325770
2025-04-13,M026,12011204
2025-04-13,M027,15275493
2025-04-13,M028,16910341
2025-04-13,M029,13730879
2025-04-13,M030,9745357
2025-04-13,M031,14084145
2025-04-13,M032,16397078
2025-04-13,M033,21483157
2025-04-13,M034,13309679
2025-04-13,M035,18676656
2025-04-13,M036,14791485
2025-04-13,M037,15824823
2025-04-13,M038,11443920
2025-04-13,M039,16328355
2025-04-13,M040,17622887
2025-04-13,M041,22164625
2025-04-13,M042,15836800
2025-04-13,M043,15716518
2025-04-13,M044,16776121
2025-04-13,M045,22828816
2025-04-13,M046,13609670
2025-04-13,M047,19264433
2025-04-13,M048,21042545
2025-04-14,M001,4353692
2025-04-14,M002,8325397
2025-04-14,M003,7445382
2025-04-14,M004,13190759
2025-04-14,M005,7193805
2025-04-14,M006,14316612
2025-04-14,M007,10800380
2025-04-14,M008,11806582
2025-04-14,M009,7315967
2025-04-14,M010,10905371
2025-04-14,M011,10070209
2025-04-14,M012,16913123
2025-04-14,M013,9856121
2025-04-14,M014,17097750
2025-04-14,M015,8780097
2025-04-14,M016,14990208
2025-04-14,M017,8491920
2025-04-14,M018,17536285
2025-04-14,M019,12000212
2025-04-14,M020,21024912
2025-04-14,M021,10574807
2025-04-14,M022,12629570
2025-04-14,M023,11558862
2025-04-14,M024,19892565
2025-04-14,M025,10839828
2025-04-14,M026,18243787
2025-04-14,M027,14591865
2025-04-14,M028,23074938
2025-04-14,M029,8827631
2025-04-14,M030,16034316
2025-04-14,M031,13733698
2025-04-14,M032,22906937
2025-04-14,M033,11860588
2025-04-14,M034,20993079
2025-04-14,M035,17745691
2025-04-14,M036,23920656
2025-04-14,M037,10898377
2025-04-14,M038,18033835
2025-04-14,M039,14586680
2025-04-14,M040,26672402
2025-04-14,M041,13540412
2025-04-14,M042,24283091
2025-04-14,M043,15536729
2025-04-14,M044,27458060
2025-04-14,M045,13604590
2025-04-14,M046,23513381
2025-04-14,M047,17109025
2025-04-14,M048,28848953
2025-04-15,M001,5620072
2025-04-15,M002,7937389
2025-04-15,M003,10706366
2025-04-15,M004,9273511
2025-04-15,M005,10086238
2025-04-15,M006,12449494
2025-04-15,M007,14904436
2025-04-15,M008,7111282
2025-04-15,M009,9556945
2025-04-15,M010,11006105
2025-04-15,M011,13078674
2025-04-15,M012,10061393
2025-04-15,M013,12435775
2025-04-15,M014,16674222
2025-04-15,M015,11936075
2025-04-15,M016,10675721
2025-04-15,M017,12559853
2025-04-15,M018,14869049
2025-04-15,M019,15993470
2025-04-15,M020,13283246
2025-04-15,M021,16309464
2025-04-15,M022,13084992
2025-04-15,M023,15097241
2025-04-15,M024,11667147
2025-04-15,M025,15459070
2025-04-15,M026,17106326
2025-04-15,M027,21578563
2025-04-15,M028,15288981
2025-04-15,M029,11786167
2025-04-15,M030,15738123
2025-04-15,M031,16283379
2025-04-15,M032,14021017
2025-04-15,M033,16807851
2025-04-15,M034,22514349
2025-04-15,M035,24908663
2025-04-15,M036,13168668
2025-04-15,M037,14829074
2025-04-15,M038,17774079
2025-04-15,M039,20249786
2025-04-15,M040,16181666
2025-04-15,M041,18046224
2025-04-15,M042,24650872
2025-04-15,M043,18393020
2025-04-15,M044,15485340
2025-04-15,M045,19307397
2025-04-15,M046,21939907
2025-04-15,M047,23770849
2025-04-15,M048,17640670
2025-04-16,M001,8247394
2025-04-16,M002,7574046
2025-04-16,M003,9048897
2025-04-16,M004,7970506
2025-04-16,M005,14936035
2025-04-16,M006,11737765
2025-04-16,M007,14940816
2025-04-16,M008,6313821
2025-04-16,M009,12360941
2025-04-16,M010,9521160
2025-04-16,M011,10502851
2025-04-16,M012,10303641
2025-04-16,M013,16789526
2025-04-16,M014,13672183
2025-04-16,M015,9612437
2025-04-16,M016,9111852
2025-04-16,M017,14935148
2025-04-16,M018,13506261
2025-04-16,M019,13988232
2025-04-16,M020,12221208
2025-04-16,M021,20324652
2025-04-16,M022,10655835
2025-04-16,M023,12513147
2025-04-16,M024,11325629
2025-04-16,M025,18667248
2025-04-16,M026,17305292
2025-04-16,M027,18210574
2025-04-16,M028,13260306
2025-04-16,M029,15805812
2025-04-16,M030,13678458
2025-04-16,M031,15391507
2025-04-16,M032,12861236
2025-04-16,M033,21320990
2025-04-16,M034,18298824
2025-04-16,M035,21342193
2025-04-16,M036,11793572
2025-04-16,M037,18041631
2025-04-16,M038,16406347
2025-04-16,M039,17985567
2025-04-16,M040,15803752
2025-04-16,M041,24018212
2025-04-16,M042,21969917
2025-04-16,M043,18045030
2025-04-16,M044,15287266
2025-04-16,M045,23201507
2025-04-16,M046,17868257
2025-04-16,M047,20326512
2025-04-16,M048,16456918
2025-04-17,M001,7215947
2025-04-17,M002,6277026
2025-04-17,M003,8969942
2025-04-17,M004,10421230
2025-04-17,M005,12933223
2025-04-17,M006,9830302
2025-04-17,M007,14737881
2025-04-17,M008,8633494
2025-04-17,M009,11252113
2025-04-17,M010,8619585
2025-04-17,M011,11225461
2025-04-17,M012,12066913
2025-04-17,M013,16158031
2025-04-17,M014,13018825
2025-04-17,M015,10166860
2025-04-17,M016,12330762
2025-04-17,M017,14694644
2025-04-17,M018,11047210
2025-04-17,M019,14033160
2025-04-17,M020,14182330
2025-04-17,M021,18633450
2025-04-17,M022,9612662
2025-04-17,M023,12800128
2025-04-17,M024,13604437
2025-04-17,M025,20328860
2025-04-17,M026,13004716
2025-04-17,M027,19454959
2025-04-17,M028,17712227
2025-04-17,M029,15661150
2025-04-17,M030,12043995
2025-04-17,M031,15895789
2025-04-17,M032,15854630
2025-04-17,M033,23885628
2025-04-17,M034,15390459
2025-04-17,M035,22308867
2025-04-17,M036,16138947
2025-04-17,M037,20034101
2025-04-17,M038,13897768
2025-04-17,M039,17676698
2025-04-17,M040,19974743
2025-04-17,M041,23376276
2025-04-17,M042,18467488
2025-04-17,M043,17557356
2025-04-17,M044,19997171
2025-04-17,M045,23035521
2025-04-17,M046,14379825
2025-04-17,M047,20667265
2025-04-17,M048,20508436
2025-04-18,M001,4214352
2025-04-18,M002,8035119
2025-04-18,M003,7642794
2025-04-18,M004,13404994
2025-04-18,M005,7601811
2025-04-18,M006,14800925
2025-04-18,M007,11545169
2025-04-18,M008,13108300
2025-04-18,M009,7112157
2025-04-18,M010,11128508
2025-04-18,M011,10038088
2025-04-18,M012,17331946
2025-04-18,M013,9159466
2025-04-18,M014,18161772
2025-04-18,M015,8963931
2025-04-18,M016,17248390
2025-04-18,M017,9312680
2025-04-18,M018,16242328
2025-04-18,M019,11756498
2025-04-18,M020,20304056
2025-04-18,M021,10884240
2025-04-18,M022,12693121
2025-04-18,M023,10836584
2025-04-18,M024,20481482
2025-04-18,M025,11359872
2025-04-18,M026,19191743
2025-04-18,M027,16652138
2025-04-18,M028,23643259
2025-04-18,M029,9221521
2025-04-18,M030,16860357
2025-04-18,M031,13257848
2025-04-18,M032,23180444
2025-04-18,M033,11894189
2025-04-18,M034,24065263
2025-04-18,M035,19017853
2025-04-18,M036,22467428
2025-04-18,M037,10162705
2025-04-18,M038,18334808
2025-04-18,M039,15659629
2025-04-18,M040,25462409
2025-04-18,M041,13563603
2025-04-18,M042,25815159
2025-04-18,M043,14303907
2025-04-18,M044,26013155
2025-04-18,M045,13637540
2025-04-18,M046,23008481
2025-04-18,M047,15869499
2025-04-18,M048,32967576
2025-04-19,M001,5020704
2025-04-19,M002,6851971
2025-04-19,M003,8566434
2025-04-19,M004,8391190
2025-04-19,M005,10158221
2025-04-19,M006,11877638
2025-04-19,M007,13404779
2025-04-19,M008,6374718
2025-04-19,M009,8222540
2025-04-19,M010,9117694
2025-04-19,M011,10830200
2025-04-19,M012,9161988
2025-04-19,M013,11085887
2025-04-19,M014,14137584
2025-04-19,M015,10973664
2025-04-19,M016,8886531
2025-04-19,M017,10595826
2025-04-19,M018,14738588
2025-04-19,M019,13857900
2025-04-19,M020,12308617
2025-04-19,M021,14485532
2025-04-19,M022,10933866
2025-04-19,M023,13916955
2025-04-19,M024,10598714
2025-04-19,M025,12673061
2025-04-19,M026,17324889
2025-04-19,M027,17614858
2025-04-19,M028,13063320
2025-04-19,M029,10265668
2025-04-19,M030,12650550
2025-04-19,M031,16435744
2025-04-19,M032,12753095
2025-04-19,M033,14801388
2025-04-19,M034,20050683
2025-04-19,M035,21112172
2025-04-19,M036,11888309
2025-04-19,M037,12057371
2025-04-19,M038,16773110
2025-04-19,M039,17581790
2025-04-19,M040,15749499
2025-04-19,M041,17736350
2025-04-19,M042,21987625
2025-04-19,M043,17941968
2025-04-19,M044,14915504
2025-04-19,M045,16544158
2025-04-19,M046,19267928
2025-04-19,M047,20479531
2025-04-19,M048,17754810
2025-04-20,M001,7388941
2025-04-20,M002,6949491
2025-04-20,M003,7654945
2025-04-20,M004,6737727
2025-04-20,M005,11848012
2025-04-20,M006,10332798
2025-04-20,M007,12184807
2025-04-20,M008,6459920
2025-04-20,M009,11529247
2025-04-20,M010,8988603
2025-04-20,M011,10248150
2025-04-20,M012,9106415
2025-04-20,M013,16292466
2025-04-20,M014,12266567
2025-04-20,M015,9650555
2025-04-20,M016,7715985
2025-04-20,M017,13625707
2025-04-20,M018,11988008
2025-04-20,M019,13358781
2025-04-20,M020,11435490
2025-04-20,M021,19711284
2025-04-20,M022,9730222
2025-04-20,M023,10877221
2025-04-20,M024,10504474
2025-04-20,M025,18553742
2025-04-20,M026,14596788
2025-04-20,M027,16606332
2025-04-20,M028,12139404
2025-04-20,M029,15471421
2025-04-20,M030,12924764
2025-04-20,M031,13918469
2025-04-20,M032,11948627
2025-04-20,M033,20992693
2025-04-20,M034,17170992
2025-04-20,M035,20454395
2025-04-20,M036,11355919
2025-04-20,M037,17802131
2025-04-20,M038,13903532
2025-04-20,M039,15334791
2025-04-20,M040,14445947
2025-04-20,M041,23071035
2025-04-20,M042,20122131
2025-04-20,M043,15904476
2025-04-20,M044,12761261
2025-04-20,M045,22315456
2025-04-20,M046,17686407
2025-04-20,M047,18989496
2025-04-20,M048,14269751
2025-04-21,M001,7440051
2025-04-21,M002,6556216
2025-04-21,M003,8891287
2025-04-21,M004,10277912
2025-04-21,M005,12707522
2025-04-21,M006,10966156
2025-04-21,M007,14825626
2025-04-21,M008,8282102
2025-04-21,M009,12330508
2025-04-21,M010,8006360
2025-04-21,M011,10555557
2025-04-21,M012,12688983
2025-04-21,M013,16043999
2025-04-21,M014,12541108
2025-04-21,M015,10666555
2025-04-21,M016,10777070
2025-04-21,M017,15435651
2025-04-21,M018,11508194
2025-04-21,M019,14576983
2025-04-21,M020,14446583
2025-04-21,M021,20121930
2025-04-21,M022,8684770
2025-04-21,M023,13607874
2025-04-21,M024,14672062
2025-04-21,M025,20235265
2025-04-21,M026,13807782
2025-04-21,M027,19519646
2025-04-21,M028,18468756
2025-04-21,M029,15160906
2025-04-21,M030,11943857
2025-04-21,M031,15300813
2025-04-21,M032,16073028
2025-04-21,M033,23701387
2025-04-21,M034,16931492
2025-04-21,M035,20727014
2025-04-21,M036,16517108
2025-04-21,M037,20091397
2025-04-21,M038,13758734
2025-04-21,M039,16554462
2025-04-21,M040,19161313
2025-04-21,M041,24059620
2025-04-21,M042,18199279
2025-04-21,M043,17119112
2025-04-21,M044,19177727
2025-04-21,M045,23840470
2025-04-21,M046,15584883
2025-04-21,M047,19291099
2025-04-21,M048,23304492
2025-04-22,M001,4470125
2025-04-22,M002,8459321
2025-04-22,M003,7491490
2025-04-22,M004,13984586
2025-04-22,M005,7260671
2025-04-22,M006,15448923
2025-04-22,M007,12579839
2025-04-22,M008,11932764
2025-04-22,M009,6878437
2025-04-22,M010,11743194
2025-04-22,M011,9526464
2025-04-22,M012,19009602
2025-04-22,M013,9334902
2025-04-22,M014,18620955
2025-04-22,M015,8418961
2025-04-22,M016,15544344
2025-04-22,M017,8408590
2025-04-22,M018,15467614
2025-04-22,M019,11535557
2025-04-22,M020,22260038
2025-04-22,M021,10544547
2025-04-22,M022,12631347
2025-04-22,M023,11177460
2025-04-22,M024,21007594
2025-04-22,M025,10625804
2025-04-22,M026,19228627
2025-04-22,M027,15867524
2025-04-22,M028,23360518
2025-04-22,M029,8801892
2025-04-22,M030,16615660
2025-04-22,M031,13028594
2025-04-22,M032,22393337
2025-04-22,M033,12024102
2025-04-22,M034,21351317
2025-04-22,M035,18073207
2025-04-22,M036,21195281
2025-04-22,M037,9653119
2025-04-22,M038,20487432
2025-04-22,M039,14257522
2025-04-22,M040,28750758
2025-04-22,M041,13073627
2025-04-22,M042,26336975
2025-04-22,M043,14741028
2025-04-22,M044,26980116
2025-04-22,M045,13471894
2025-04-22,M046,20919838
2025-04-22,M047,18551606
2025-04-22,M048,29218510
2025-04-23,M001,6331117
2025-04-23,M002,8288251
2025-04-23,M003,10140507
2025-04-23,M004,8085779
2025-04-23,M005,10322543
2025-04-23,M006,12812823
2025-04-23,M007,17121682
2025-04-23,M008,7655963
2025-04-23,M009,9153933
2025-04-23,M010,10488604
2025-04-23,M011,13811747
2025-04-23,M012,11723046
2025-04-23,M013,13615074
2025-04-23,M014,17627093
2025-04-23,M015,11352599
2025-04-23,M016,10033590
2025-04-23,M017,11045362
2025-04-23,M018,14557934
2025-04-23,M019,16853494
2025-04-23,M020,14191327
2025-04-23,M021,15959569
2025-04-23,M022,11422730
2025-04-23,M023,14260934
2025-04-23,M024,11676923
2025-04-23,M025,13368087
2025-04-23,M026,16961690
2025-04-23,M027,21791732
2025-04-23,M028,15465374
2025-04-23,M029,12578424
2025-04-23,M030,14553836
2025-04-23,M031,18294068
2025-04-23,M032,13478905
2025-04-23,M033,17201286
2025-04-23,M034,20105357
2025-04-23,M035,24889833
2025-04-23,M036,12861712
2025-04-23,M037,13383808
2025-04-23,M038,16941059
2025-04-23,M039,19108892
2025-04-23,M040,16143791
2025-04-23,M041,18468746
2025-04-23,M042,25430117
2025-04-23,M043,18733367
2025-04-23,M044,14996748
2025-04-23,M045,19109689
2025-04-23,M046,21488834
2025-04-23,M047,23400943
2025-04-23,M048,20251170
2025-04-24,M001,8174405
2025-04-24,M002,7039790
2025-04-24,M003,8142714
2025-04-24,M004,8323827
2025-04-24,M005,14990900
2025-04-24,M006,12600488
2025-04-24,M007,13612536
2025-04-24,M008,6993665
2025-04-24,M009,11630994
2025-04-24,M010,8898370
2025-04-24,M011,11001859
2025-04-24,M012,9284629
2025-04-24,M013,17168799
2025-04-24,M014,14256798
2025-04-24,M015,10844446
2025-04-24,M016,8328992
2025-04-24,M017,14750770
2025-04-24,M018,12752354
2025-04-24,M019,13409651
2025-04-24,M020,12645592
2025-04-24,M021,20314167
2025-04-24,M022,10167000
2025-04-24,M023,12115636
2025-04-24,M024,10600555
2025-04-24,M025,19510611
2025-04-24,M026,17223286
2025-04-24,M027,19792174
2025-04-24,M028,14853529
2025-04-24,M029,16385209
2025-04-24,M030,14394867
2025-04-24,M031,14895967
2025-04-24,M032,12398324
2025-04-24,M033,21380750
2025-04-24,M034,17875862
2025-04-24,M035,22058557
2025-04-24,M036,12429598
2025-04-24,M037,19376271
2025-04-24,M038,16353341
2025-04-24,M039,17602744
2025-04-24,M040,15861114
2025-04-24,M041,24518819
2025-04-24,M042,20725713
2025-04-24,M043,18585025
2025-04-24,M044,13650580
2025-04-24,M045,25009694
2025-04-24,M046,16895596
2025-04-24,M047,21952770
2025-04-24,M048,16720364
2025-04-25,M001,7569853
2025-04-25,M002,5635309
2025-04-25,M003,8761269
2025-04-25,M004,9765404
2025-04-25,M005,13015229
2025-04-25,M006,10041566
2025-04-25,M007,13996942
2025-04-25,M008,8796577
2025-04-25,M009,13086771
2025-04-25,M010,8715448
2025-04-25,M011,11624875
2025-04-25,M012,12735707
2025-04-25,M013,16821954
2025-04-25,M014,11849594
2025-04-25,M015,10504215
2025-04-25,M016,11426567
2025-04-25,M017,15434540
2025-04-25,M018,10859056
2025-04-25,M019,14711889
2025-04-25,M020,14985042
2025-04-25,M021,20804976
2025-04-25,M022,9956523
2025-04-25,M023,12730678
2025-04-25,M024,14981921
2025-04-25,M025,17684326
2025-04-25,M026,12869613
2025-04-25,M027,18792356
2025-04-25,M028,17786015
2025-04-25,M029,16074118
2025-04-25,M030,10663281
2025-04-25,M031,16115218
2025-04-25,M032,18083959
2025-04-25,M033,21075174
2025-04-25,M034,14820494
2025-04-25,M035,19810761
2025-04-25,M036,14945882
2025-04-25,M037,19288173
2025-04-25,M038,13379975
2025-04-25,M039,17404858
2025-04-25,M040,18907859
2025-04-25,M041,25019945
2025-04-25,M042,19090244
2025-04-25,M043,18102890
2025-04-25,M044,17386296
2025-04-25,M045,23458420
2025-04-25,M046,15659625
2025-04-25,M047,19802818
2025-04-25,M048,21034368
2025-04-26,M001,3877676
2025-04-26,M002,7445749
2025-04-26,M003,6192231
2025-04-26,M004,13580295
2025-04-26,M005,7288657
2025-04-26,M006,14106209
2025-04-26,M007,10468122
2025-04-26,M008,10127120
2025-04-26,M009,5909623
2025-04-26,M010,10940888
2025-04-26,M011,8580006
2025-04-26,M012,15530816
2025-04-26,M013,8005427
2025-04-26,M014,16910835
2025-04-26,M015,7511585
2025-04-26,M016,15355553
2025-04-26,M017,7606892
2025-04-26,M018,14999797
2025-04-26,M019,10839640
2025-04-26,M020,17790812
2025-04-26,M021,9516703
2025-04-26,M022,12635860
2025-04-26,M023,10389623
2025-04-26,M024,16725861
2025-04-26,M025,9220781
2025-04-26,M026,18589620
2025-04-26,M027,14072128
2025-04-26,M028,21899265
2025-04-26,M029,7514472
2025-04-26,M030,14793413
2025-04-26,M031,11003840
2025-04-26,M032,20314587
2025-04-26,M033,10674049
2025-04-26,M034,19056117
2025-04-26,M035,15566242
2025-04-26,M036,18689815
2025-04-26,M037,9768708
2025-04-26,M038,17283610
2025-04-26,M039,13878106
2025-04-26,M040,24127017
2025-04-26,M041,13006624
2025-04-26,M042,24908832
2025-04-26,M043,13385316
2025-04-26,M044,23434643
2025-04-26,M045,12277733
2025-04-26,M046,20643688
2025-04-26,M047,14339056
2025-04-26,M048,27664080
2025-04-27,M001,5255348
2025-04-27,M002,6852801
2025-04-27,M003,8443862
2025-04-27,M004,7852652
2025-04-27,M005,10242695
2025-04-27,M006,12204408
2025-04-27,M007,14593259
2025-04-27,M008,6481326
2025-04-27,M009,8735180
2025-04-27,M010,9339569
2025-04-27,M011,12073208
2025-04-27,M012,9597749
2025-04-27,M013,12043896
2025-04-27,M014,14089948
2025-04-27,M015,11110175
2025-04-27,M016,9063013
2025-04-27,M017,11241763
2025-04-27,M018,13695408
2025-04-27,M019,13752888
2025-04-27,M020,11675042
2025-04-27,M021,13106445
2025-04-27,M022,11561745
2025-04-27,M023,13417809
2025-04-27,M024,11283686
2025-04-27,M025,13609277
2025-04-27,M026,16905142
2025-04-27,M027,20176324
2025-04-27,M028,14207957
2025-04-27,M029,10692621
2025-04-27,M030,13020676
2025-04-27,M031,15269543
2025-04-27,M032,12491618
2025-04-27,M033,15254594
2025-04-27,M034,20037228
2025-04-27,M035,20544712
2025-04-27,M036,13239138
2025-04-27,M037,12009267
2025-04-27,M038,15611480
2025-04-27,M039,17483034
2025-04-27,M040,15245377
2025-04-27,M041,16650044
2025-04-27,M042,19990860
2025-04-27,M043,18339881
2025-04-27,M044,15373392
2025-04-27,M045,15616274
2025-04-27,M046,17366464
2025-04-27,M047,22554334
2025-04-27,M048,17760115
2025-04-28,M001,7554871
2025-04-28,M002,7069039
2025-04-28,M003,8593834
2025-04-28,M004,8124379
2025-04-28,M005,13298526
2025-04-28,M006,11192518
2025-04-28,M007,14521665
2025-04-28,M008,6767996
2025-04-28,M009,11389252
2025-04-28,M010,9852504
2025-04-28,M011,11191788
2025-04-28,M012,9721478
2025-04-28,M013,16393524
2025-04-28,M014,13904834
2025-04-28,M015,10171830
2025-04-28,M016,8689551
2025-04-28,M017,16881198
2025-04-28,M018,13667745
2025-04-28,M019,14955442
2025-04-28,M020,11498155
2025-04-28,M021,19542410
2025-04-28,M022,10288209
2025-04-28,M023,13196228
2025-04-28,M024,10975209
2025-04-28,M025,20044011
2025-04-28,M026,16142146
2025-04-28,M027,17066911
2025-04-28,M028,13758939
2025-04-28,M029,15463544
2025-04-28,M030,12912222
2025-04-28,M031,16131253
2025-04-28,M032,13405035
2025-04-28,M033,24082418
2025-04-28,M034,19503657
2025-04-28,M035,21335291
2025-04-28,M036,13294685
2025-04-28,M037,18909406
2025-04-28,M038,15746784
2025-04-28,M039,17441097
2025-04-28,M040,14152305
2025-04-28,M041,24351881
2025-04-28,M042,20833761
2025-04-28,M043,17095712
2025-04-28,M044,14306211
2025-04-28,M045,24940485
2025-04-28,M046,18345997
2025-04-28,M047,21692109
2025-04-28,M048,15918135
2025-04-29,M001,7396228
2025-04-29,M002,6203374
2025-04-29,M003,8619597
2025-04-29,M004,9497669
2025-04-29,M005,13813257
2025-04-29,M006,9483257
2025-04-29,M007,14843420
2025-04-29,M008,9151808
2025-04-29,M009,12906438
2025-04-29,M010,8762205
2025-04-29,M011,10511870
2025-04-29,M012,13234796
2025-04-29,M013,16592412
2025-04-29,M014,11529072
2025-04-29,M015,9809677
2025-04-29,M016,10646946
2025-04-29,M017,15845632
2025-04-29,M018,11929345
2025-04-29,M019,13777680
2025-04-29,M020,14416247
2025-04-29,M021,19131648
2025-04-29,M022,9558821
2025-04-29,M023,11912700
2025-04-29,M024,14993256
2025-04-29,M025,20040508
2025-04-29,M026,13629001
2025-04-29,M027,16961991
2025-04-29,M028,17060305
2025-04-29,M029,16557234
2025-04-29,M030,11391198
2025-04-29,M031,14579189
2025-04-29,M032,17484415
2025-04-29,M033,23393229
2025-04-29,M034,16818603
2025-04-29,M035,20497772
2025-04-29,M036,14990896
2025-04-29,M037,17259913
2025-04-29,M038,13297088
2025-04-29,M039,16839221
2025-04-29,M040,20374723
2025-04-29,M041,25633627
2025-04-29,M042,19133340
2025-04-29,M043,17343486
2025-04-29,M044,18502151
2025-04-29,M045,25577046
2025-04-29,M046,14509062
2025-04-29,M047,20248164
2025-04-29,M048,22371074
2025-04-30,M001,4240670
2025-04-30,M002,8809160
2025-04-30,M003,6899106
2025-04-30,M004,15090329
2025-04-30,M005,7138154
2025-04-30,M006,14021283
2025-04-30,M007,12035638
2025-04-30,M008,11794550
2025-04-30,M009,7019673
2025-04-30,M010,11667673
2025-04-30,M011,9020879
2025-04-30,M012,17204783
2025-04-30,M013,9689967
2025-04-30,M014,17190679
2025-04-30,M015,8171805
2025-04-30,M016,17117020
2025-04-30,M017,8525038
2025-04-30,M018,15265087
2025-04-30,M019,10973222
2025-04-30,M020,21791670
2025-04-30,M021,10973152
2025-04-30,M022,13402758
2025-04-30,M023,11455735
2025-04-30,M024,19731660
2025-04-30,M025,10085169
2025-04-30,M026,19140356
2025-04-30,M027,15212928
2025-04-30,M028,26733416
2025-04-30,M029,8576739
2025-04-30,M030,17470581
2025-04-30,M031,13382847
2025-04-30,M032,25639761
2025-04-30,M033,12299842
2025-04-30,M034,23719956
2025-04-30,M035,19100600
2025-04-30,M036,21551930
2025-04-30,M037,11287522
2025-04-30,M038,20508587
2025-04-30,M039,16291206
2025-04-30,M040,29217612
2025-04-30,M041,14302335
2025-04-30,M042,27714108
2025-04-30,M043,15019815
2025-04-30,M044,27911344
2025-04-30,M045,12939983
2025-04-30,M046,20989445
2025-04-30,M047,17996484
2025-04-30,M048,28528077
2025-05-01,M001,7184623
2025-05-01,M002,6221114
2025-05-01,M003,7998729
2025-05-01,M004,9972039
2025-05-01,M005,13183850
2025-05-01,M006,10090885
2025-05-01,M007,13928839
2025-05-01,M008,8642409
2025-05-01,M009,12667649
2025-05-01,M010,7799551
2025-05-01,M011,12028791
2025-05-01,M012,13115909
2025-05-01,M013,16938050
2025-05-01,M014,12295788
2025-05-01,M015,10108881
2025-05-01,M016,10674224
2025-05-01,M017,15458164
2025-05-01,M018,10622355
2025-05-01,M019,13195893
2025-05-01,M020,15106912
2025-05-01,M021,20888909
2025-05-01,M022,9933398
2025-05-01,M023,12097095
2025-05-01,M024,14139023
2025-05-01,M025,19079625
2025-05-01,M026,12629325
2025-05-01,M027,17183967
2025-05-01,M028,18837285
2025-05-01,M029,16557208
2025-05-01,M030,11273469
2025-05-01,M031,16203757
2025-05-01,M032,16747888
2025-05-01,M033,23248793
2025-05-01,M034,15615651
2025-05-01,M035,20016042
2025-05-01,M036,14464909
2025-05-01,M037,18810028
2025-05-01,M038,13627329
2025-05-01,M039,18608247
2025-05-01,M040,17809373
2025-05-01,M041,23783376
2025-05-01,M042,16731098
2025-05-01,M043,16929323
2025-05-01,M044,19123764
2025-05-01,M045,23061254
2025-05-01,M046,14382139
2025-05-01,M047,18856477
2025-05-01,M048,20890085
2025-05-02,M001,4505357
2025-05-02,M002,8652807
2025-05-02,M003,7058139
2025-05-02,M004,14278616
2025-05-02,M005,7416812
2025-05-02,M006,14109539
2025-05-02,M007,10956419
2025-05-02,M008,11322664
2025-05-02,M009,6302468
2025-05-02,M010,12358469
2025-05-02,M011,9472445
2025-05-02,M012,16602303
2025-05-02,M013,9233293
2025-05-02,M014,18550076
2025-05-02,M015,8193295
2025-05-02,M016,16998590
2025-05-02,M017,8794780
2025-05-02,M018,16664590
2025-05-02,M019,11242994
2025-05-02,M020,19933977
2025-05-02,M021,11475240
2025-05-02,M022,14014756
2025-05-02,M023,11383319
2025-05-02,M024,18713310
2025-05-02,M025,9952935
2025-05-02,M026,19620946
2025-05-02,M027,16274272
2025-05-02,M028,25966325
2025-05-02,M029,8525623
2025-05-02,M030,16464468
2025-05-02,M031,12201899
2025-05-02,M032,25427019
2025-05-02,M033,12648059
2025-05-02,M034,23456014
2025-05-02,M035,17104565
2025-05-02,M036,21527511
2025-05-02,M037,10682300
2025-05-02,M038,19665716
2025-05-02,M039,15757264
2025-05-02,M040,28576025
2025-05-02,M041,13820880
2025-05-02,M042,24317761
2025-05-02,M043,15266241
2025-05-02,M044,27592320
2025-05-02,M045,12708908
2025-05-02,M046,22455061
2025-05-02,M047,17216040
2025-05-02,M048,30905381
2025-05-03,M001,5270689
2025-05-03,M002,7405803
2025-05-03,M003,8771951
2025-05-03,M004,8137128
2025-05-03,M005,9011648
2025-05-03,M006,12792256
2025-05-03,M007,13737394
2025-05-03,M008,6417853
2025-05-03,M009,8594062
2025-05-03,M010,8869286
2025-05-03,M011,11138408
2025-05-03,M012,10205307
2025-05-03,M013,10933204
2025-05-03,M014,14538355
2025-05-03,M015,11100166
2025-05-03,M016,9559588
2025-05-03,M017,10962384
2025-05-03,M018,12488230
2025-05-03,M019,13743110
2025-05-03,M020,12030506
2025-05-03,M021,13688337
2025-05-03,M022,11514237
2025-05-03,M023,13186130
2025-05-03,M024,10866646
2025-05-03,M025,12557584
2025-05-03,M026,16480637
2025-05-03,M027,19834171
2025-05-03,M028,14550024
2025-05-03,M029,10293491
2025-05-03,M030,14538896
2025-05-03,M031,16593298
2025-05-03,M032,12613044
2025-05-03,M033,15316014
2025-05-03,M034,18231444
2025-05-03,M035,21926517
2025-05-03,M036,11969984
2025-05-03,M037,12947675
2025-05-03,M038,17047524
2025-05-03,M039,17103542
2025-05-03,M040,14893077
2025-05-03,M041,17523679
2025-05-03,M042,22193053
2025-05-03,M043,17832026
2025-05-03,M044,13420517
2025-05-03,M045,15610939
2025-05-03,M046,16892945
2025-05-03,M047,20768843
2025-05-03,M048,17870748
2025-05-04,M001,6820719
2025-05-04,M002,6432091
2025-05-04,M003,7744569
2025-05-04,M004,6445645
2025-05-04,M005,13198652
2025-05-04,M006,11040492
2025-05-04,M007,11953268
2025-05-04,M008,5664610
2025-05-04,M009,11044422
2025-05-04,M010,9028278
2025-05-04,M011,10019150
2025-05-04,M012,9217029
2025-05-04,M013,14798299
2025-05-04,M014,12447893
2025-05-04,M015,8899456
2025-05-04,M016,7896872
2025-05-04,M017,13273515
2025-05-04,M018,11510700
2025-05-04,M019,12179302
2025-05-04,M020,10323365
2025-05-04,M021,17838875
2025-05-04,M022,9427549
2025-05-04,M023,11124397
2025-05-04,M024,10193028
2025-05-04,M025,16197601
2025-05-04,M026,13593560
2025-05-04,M027,16795893
2025-05-04,M028,11947185
2025-05-04,M029,13318019
2025-05-04,M030,12173123
2025-05-04,M031,13759224
2025-05-04,M032,12056710
2025-05-04,M033,19217785
2025-05-04,M034,16095259
2025-05-04,M035,19459484
2025-05-04,M036,11358011
2025-05-04,M037,15958244
2025-05-04,M038,14814535
2025-05-04,M039,15252688
2025-05-04,M040,14484870
2025-05-04,M041,22885349
2025-05-04,M042,20507466
2025-05-04,M043,15076501
2025-05-04,M044,12747125
2025-05-04,M045,20613175
2025-05-04,M046,17404575
2025-05-04,M047,17961775
2025-05-04,M048,15414636
2025-05-05,M001,7663777
2025-05-05,M002,5910812
2025-05-05,M003,8415132
2025-05-05,M004,10142459
2025-05-05,M005,13833957
2025-05-05,M006,9721749
2025-05-05,M007,13055017
2025-05-05,M008,8577616
2025-05-05,M009,12806279
2025-05-05,M010,7909975
2025-05-05,M011,11228298
2025-05-05,M012,12855747
2025-05-05,M013,15552538
2025-05-05,M014,11775127
2025-05-05,M015,10652674
2025-05-05,M016,11604663
2025-05-05,M017,16573995
2025-05-05,M018,12296928
2025-05-05,M019,14728617
2025-05-05,M020,15520939
2025-05-05,M021,18493812
2025-05-05,M022,8936299
2025-05-05,M023,13431356
2025-05-05,M024,13234788
2025-05-05,M025,19029378
2025-05-05,M026,13994666
2025-05-05,M027,17976881
2025-05-05,M028,18792664
2025-05-05,M029,14823550
2025-05-05,M030,11071429
2025-05-05,M031,14086816
2025-05-05,M032,16097051
2025-05-05,M033,23233611
2025-05-05,M034,16458241
2025-05-05,M035,21725729
2025-05-05,M036,16469401
2025-05-05,M037,17326636
2025-05-05,M038,13535527
2025-05-05,M039,18226720
2025-05-05,M040,18562882
2025-05-05,M041,25998876
2025-05-05,M042,18788746
2025-05-05,M043,17209583
2025-05-05,M044,18234988
2025-05-05,M045,23827094
2025-05-05,M046,15780288
2025-05-05,M047,19211710
2025-05-05,M048,20797768
2025-05-06,M001,4300029
2025-05-06,M002,7995949
2025-05-06,M003,6948342
2025-05-06,M004,13838211
2025-05-06,M005,7115086
2025-05-06,M006,13562946
2025-05-06,M007,10734694
2025-05-06,M008,12857632
2025-05-06,M009,6742201
2025-05-06,M010,11146845
2025-05-06,M011,10092908
2025-05-06,M012,18137722
2025-05-06,M013,9722550
2025-05-06,M014,18213576
2025-05-06,M015,9083119
2025-05-06,M016,15128993
2025-05-06,M017,8484725
2025-05-06,M018,15436133
2025-05-06,M019,12307002
2025-05-06,M020,19991859
2025-05-06,M021,10950394
2025-05-06,M022,13112973
2025-05-06,M023,11460892
2025-05-06,M024,18707895
2025-05-06,M025,10293598
2025-05-06,M026,18749951
2025-05-06,M027,15055329
2025-05-06,M028,25302024
2025-05-06,M029,8313626
2025-05-06,M030,15869680
2025-05-06,M031,13780655
2025-05-06,M032,22502151
2025-05-06,M033,12419073
2025-05-06,M034,22987274
2025-05-06,M035,17727828
2025-05-06,M036,22138287
2025-05-06,M037,10585073
2025-05-06,M038,18051064
2025-05-06,M039,16197179
2025-05-06,M040,25410437
2025-05-06,M041,14101903
2025-05-06,M042,27161399
2025-05-06,M043,14024082
2025-05-06,M044,26944281
2025-05-06,M045,13834691
2025-05-06,M046,23167618
2025-05-06,M047,16967882
2025-05-06,M048,28399995
2025-05-07,M001,5363261
2025-05-07,M002,7987762
2025-05-07,M003,9258148
2025-05-07,M004,8416466
2025-05-07,M005,10162978
2025-05-07,M006,14262948
2025-05-07,M007,16663353
2025-05-07,M008,7913716
2025-05-07,M009,9149092
2025-05-07,M010,10707060
2025-05-07,M011,13628298
2025-05-07,M012,10452163
2025-05-07,M013,12345390
2025-05-07,M014,17156497
2025-05-07,M015,11945018
2025-05-07,M016,9358949
2025-05-07,M017,11169842
2025-05-07,M018,13913519
2025-05-07,M019,15905478
2025-05-07,M020,13727260
2025-05-07,M021,16105282
2025-05-07,M022,12105502
2025-05-07,M023,14045627
2025-05-07,M024,12879272
2025-05-07,M025,14500374
2025-05-07,M026,17572536
2025-05-07,M027,20682312
2025-05-07,M028,14032251
2025-05-07,M029,12685927
2025-05-07,M030,15838849
2025-05-07,M031,18227577
2025-05-07,M032,14515169
2025-05-07,M033,17580245
2025-05-07,M034,19320631
2025-05-07,M035,24907633
2025-05-07,M036,13147055
2025-05-07,M037,13334186
2025-05-07,M038,17375372
2025-05-07,M039,21419261
2025-05-07,M040,15915833
2025-05-07,M041,19166588
2025-05-07,M042,22069429
2025-05-07,M043,20577959
2025-05-07,M044,15259800
2025-05-07,M045,19252412
2025-05-07,M046,19052961
2025-05-07,M047,24988448
2025-05-07,M048,17455877
2025-05-08,M001,8260515
2025-05-08,M002,7375796
2025-05-08,M003,8069556
2025-05-08,M004,8086374
2025-05-08,M005,14141538
2025-05-08,M006,12673572
2025-05-08,M007,14573856
2025-05-08,M008,7211740
2025-05-08,M009,11598555
2025-05-08,M010,9416188
2025-05-08,M011,11045485
2025-05-08,M012,9438084
2025-05-08,M013,16888702
2025-05-08,M014,15425872
2025-05-08,M015,10738798
2025-05-08,M016,8515143
2025-05-08,M017,16448685
2025-05-08,M018,13158321
2025-05-08,M019,14820851
2025-05-08,M020,11461286
2025-05-08,M021,21862504
2025-05-08,M022,10200871
2025-05-08,M023,12616255
2025-05-08,M024,11351313
2025-05-08,M025,20058788
2025-05-08,M026,15489172
2025-05-08,M027,17164714
2025-05-08,M028,14675924
2025-05-08,M029,16128099
2025-05-08,M030,13345548
2025-05-08,M031,16155734
2025-05-08,M032,13132708
2025-05-08,M033,21081451
2025-05-08,M034,18188207
2025-05-08,M035,20158573
2025-05-08,M036,11626190
2025-05-08,M037,19281158
2025-05-08,M038,16121904
2025-05-08,M039,18359383
2025-05-08,M040,15488540
2025-05-08,M041,26538933
2025-05-08,M042,19493554
2025-05-08,M043,16964700
2025-05-08,M044,14610906
2025-05-08,M045,26223244
2025-05-08,M046,17938533
2025-05-08,M047,20412687
2025-05-08,M048,16563073
2025-05-09,M001,6998975
2025-05-09,M002,6333386
2025-05-09,M003,8409659
2025-05-09,M004,10220454
2025-05-09,M005,13948329
2025-05-09,M006,9495270
2025-05-09,M007,13922351
2025-05-09,M008,8379648
2025-05-09,M009,11475395
2025-05-09,M010,8749769
2025-05-09,M011,11026597
2025-05-09,M012,12771219
2025-05-09,M013,17339926
2025-05-09,M014,12838622
2025-05-09,M015,9277335
2025-05-09,M016,11280218
2025-05-09,M017,16102008
2025-05-09,M018,11587717
2025-05-09,M019,14766008
2025-05-09,M020,15427002
2025-05-09,M021,20127938
2025-05-09,M022,9229491
2025-05-09,M023,11907919
2025-05-09,M024,14170579
2025-05-09,M025,17845725
2025-05-09,M026,14616524
2025-05-09,M027,16882429
2025-05-09,M028,18883311
2025-05-09,M029,14293498
2025-05-09,M030,11353118
2025-05-09,M031,14949966
2025-05-09,M032,18056564
2025-05-09,M033,23419204
2025-05-09,M034,16880514
2025-05-09,M035,20552594
2025-05-09,M036,14896080
2025-05-09,M037,17885973
2025-05-09,M038,13339567
2025-05-09,M039,17159265
2025-05-09,M040,19956882
2025-05-09,M041,23562350
2025-05-09,M042,17219925
2025-05-09,M043,17036914
2025-05-09,M044,19493028
2025-05-09,M045,25398048
2025-05-09,M046,14594811
2025-05-09,M047,20341060
2025-05-09,M048,20505290
2025-05-10,M001,3558937
2025-05-10,M002,7957504
2025-05-10,M003,6393021
2025-05-10,M004,12301475
2025-05-10,M005,6720189
2025-05-10,M006,12918800
2025-05-10,M007,9943563
2025-05-10,M008,10146879
2025-05-10,M009,5955011
2025-05-10,M010,10975142
2025-05-10,M011,8292012
2025-05-10,M012,16804592
2025-05-10,M013,8078104
2025-05-10,M014,14597561
2025-05-10,M015,7140034
2025-05-10,M016,13881282
2025-05-10,M017,7834805
2025-05-10,M018,14760387
2025-05-10,M019,9999484
2025-05-10,M020,18478385
2025-05-10,M021,10522553
2025-05-10,M022,12237750
2025-05-10,M023,10361637
2025-05-10,M024,19110620
2025-05-10,M025,9931805
2025-05-10,M026,16468128
2025-05-10,M027,13777812
2025-05-10,M028,24065049
2025-05-10,M029,8017974
2025-05-10,M030,13578274
2025-05-10,M031,12180035
2025-05-10,M032,21171664
2025-05-10,M033,11377562
2025-05-10,M034,20723990
2025-05-10,M035,16631724
2025-05-10,M036,20333358
2025-05-10,M037,9286527
2025-05-10,M038,16770440
2025-05-10,M039,13769599
2025-05-10,M040,23748416
2025-05-10,M041,11848648
2025-05-10,M042,23952738
2025-05-10,M043,12468862
2025-05-10,M044,21777627
2025-05-10,M045,11491790
2025-05-10,M046,21064333
2025-05-10,M047,14839604
2025-05-10,M048,27247895
2025-05-11,M001,5287632
2025-05-11,M002,7138862
2025-05-11,M003,9553331
2025-05-11,M004,8050726
2025-05-11,M005,10121262
2025-05-11,M006,11871012
2025-05-11,M007,14085820
2025-05-11,M008,6332764
2025-05-11,M009,7709216
2025-05-11,M010,9916867
2025-05-11,M011,11127995
2025-05-11,M012,9203923
2025-05-11,M013,12511149
2025-05-11,M014,14257845
2025-05-11,M015,9767745
2025-05-11,M016,8830393
2025-05-11,M017,11143827
2025-05-11,M018,12952572
2025-05-11,M019,14989536
2025-05-11,M020,12528441
2025-05-11,M021,12860501
2025-05-11,M022,11254477
2025-05-11,M023,13548829
2025-05-11,M024,11047301
2025-05-11,M025,13991116
2025-05-11,M026,16227110
2025-05-11,M027,18604267
2025-05-11,M028,13551533
2025-05-11,M029,9995677
2025-05-11,M030,13147006
2025-05-11,M031,14969425
2025-05-11,M032,13360666
2025-05-11,M033,14867149
2025-05-11,M034,20045692
2025-05-11,M035,20841145
2025-05-11,M036,11929345
2025-05-11,M037,12815736
2025-05-11,M038,16903141
2025-05-11,M039,17560385
2025-05-11,M040,13895235
2025-05-11,M041,16205920
2025-05-11,M042,21752028
2025-05-11,M043,18033721
2025-05-11,M044,14103584
2025-05-11,M045,15634866
2025-05-11,M046,18248412
2025-05-11,M047,19991100
2025-05-11,M048,15833341
2025-05-12,M001,7389158
2025-05-12,M002,7103354
2025-05-12,M003,8466696
2025-05-12,M004,8239326
2025-05-12,M005,13249300
2025-05-12,M006,12394494
2025-05-12,M007,14704045
2025-05-12,M008,6307708
2025-05-12,M009,12731750
2025-05-12,M010,9268791
2025-05-12,M011,11459252
2025-05-12,M012,9017023
2025-05-12,M013,17701977
2025-05-12,M014,13434277
2025-05-12,M015,10702600
2025-05-12,M016,8580947
2025-05-12,M017,15843513
2025-05-12,M018,13510896
2025-05-12,M019,13880652
2025-05-12,M020,11654526
2025-05-12,M021,18871802
2025-05-12,M022,11163341
2025-05-12,M023,12871614
2025-05-12,M024,11563404
2025-05-12,M025,19062402
2025-05-12,M026,15859100
2025-05-12,M027,19748953
2025-05-12,M028,13373549
2025-05-12,M029,16738387
2025-05-12,M030,14459958
2025-05-12,M031,15628117
2025-05-12,M032,12816837
2025-05-12,M033,23549655
2025-05-12,M034,17137790
2025-05-12,M035,21434139
2025-05-12,M036,12805906
2025-05-12,M037,18222804
2025-05-12,M038,14975778
2025-05-12,M039,19115517
2025-05-12,M040,15183238
2025-05-12,M041,24878040
2025-05-12,M042,19456140
2025-05-12,M043,18360181
2025-05-12,M044,13460373
2025-05-12,M045,23396718
2025-05-12,M046,17225555
2025-05-12,M047,20669237
2025-05-12,M048,16327791
2025-05-13,M001,7168940
2025-05-13,M002,6445528
2025-05-13,M003,8287329
2025-05-13,M004,10298860
2025-05-13,M005,14107412
2025-05-13,M006,10601325
2025-05-13,M007,13772540
2025-05-13,M008,8888104
2025-05-13,M009,12141313
2025-05-13,M010,8366969
2025-05-13,M011,11719368
2025-05-13,M012,11806017
2025-05-13,M013,17085401
2025-05-13,M014,12416278
2025-05-13,M015,10405760
2025-05-13,M016,11754221
2025-05-13,M017,16655701
2025-05-13,M018,10711556
2025-05-13,M019,13919907
2025-05-13,M020,14642872
2025-05-13,M021,21252380
2025-05-13,M022,8702459
2025-05-13,M023,12219657
2025-05-13,M024,14868700
2025-05-13,M025,17543097
2025-05-13,M026,12579531
2025-05-13,M027,19074563
2025-05-13,M028,17628645
2025-05-13,M029,15949457
2025-05-13,M030,10613739
2025-05-13,M031,16383104
2025-05-13,M032,16928208
2025-05-13,M033,22127290
2025-05-13,M034,16416026
2025-05-13,M035,21343460
2025-05-13,M036,16674399
2025-05-13,M037,18976149
2025-05-13,M038,13007950
2025-05-13,M039,17341675
2025-05-13,M040,18762247
2025-05-13,M041,25790868
2025-05-13,M042,18185207
2025-05-13,M043,17713673
2025-05-13,M044,19662309
2025-05-13,M045,24001491
2025-05-13,M046,16341684
2025-05-13,M047,19824938
2025-05-13,M048,23045553
2025-05-14,M001,4571388
2025-05-14,M002,9195755
2025-05-14,M003,7455705
2025-05-14,M004,14457512
2025-05-14,M005,7623043
2025-05-14,M006,14488675
2025-05-14,M007,12032023
2025-05-14,M008,12508625
2025-05-14,M009,6894776
2025-05-14,M010,11280222
2025-05-14,M011,9387334
2025-05-14,M012,17874688
2025-05-14,M013,9874674
2025-05-14,M014,16938505
2025-05-14,M015,7983484
2025-05-14,M016,14883993
2025-05-14,M017,8547187
2025-05-14,M018,15743319
2025-05-14,M019,11715286
2025-05-14,M020,21422240
2025-05-14,M021,11552607
2025-05-14,M022,13762181
2025-05-14,M023,11497447
2025-05-14,M024,19039666
2025-05-14,M025,10150317
2025-05-14,M026,20123303
2025-05-14,M027,15962964
2025-05-14,M028,24827361
2025-05-14,M029,9325878
2025-05-14,M030,17054677
2025-05-14,M031,12910434
2025-05-14,M032,23548263
2025-05-14,M033,11949888
2025-05-14,M034,21387681
2025-05-14,M035,17797823
2025-05-14,M036,22954553
2025-05-14,M037,11188713
2025-05-14,M038,19390500
2025-05-14,M039,14837174
2025-05-14,M040,27225267
2025-05-14,M041,13069018
2025-05-14,M042,24962029
2025-05-14,M043,13461155
2025-05-14,M044,24056850
2025-05-14,M045,13968916
2025-05-14,M046,22864921
2025-05-14,M047,16916072
2025-05-14,M048,29623785
2025-05-15,M001,5444112
2025-05-15,M002,8357160
2025-05-15,M003,10422741
2025-05-15,M004,8284185
2025-05-15,M005,10637072
2025-05-15,M006,13007216
2025-05-15,M007,14734547
2025-05-15,M008,7133641
2025-05-15,M009,8721392
2025-05-15,M010,11381274
2025-05-15,M011,13484590
2025-05-15,M012,11245544
2025-05-15,M013,12657868
2025-05-15,M014,15988102
2025-05-15,M015,12116529
2025-05-15,M016,10172497
2025-05-15,M017,10892946
2025-05-15,M018,14928064
2025-05-15,M019,14953467
2025-05-15,M020,12076177
2025-05-15,M021,15155478
2025-05-15,M022,13073776
2025-05-15,M023,15227950
2025-05-15,M024,12200738
2025-05-15,M025,14985830
2025-05-15,M026,18528267
2025-05-15,M027,22430882
2025-05-15,M028,14656715
2025-05-15,M029,12668572
2025-05-15,M030,16146200
2025-05-15,M031,16721944
2025-05-15,M032,14507740
2025-05-15,M033,16219215
2025-05-15,M034,21904687
2025-05-15,M035,23942196
2025-05-15,M036,13249486
2025-05-15,M037,14298547
2025-05-15,M038,18149122
2025-05-15,M039,19458643
2025-05-15,M040,15982223
2025-05-15,M041,19979515
2025-05-15,M042,24209796
2025-05-15,M043,18764802
2025-05-15,M044,16795372
2025-05-15,M045,17922325
2025-05-15,M046,20616024
2025-05-15,M047,24585282
2025-05-15,M048,17331324
2025-05-16,M001,7800563
2025-05-16,M002,6534410
2025-05-16,M003,9276103
2025-05-16,M004,8248694
2025-05-16,M005,13116438
2025-05-16,M006,12434279
2025-05-16,M007,13978387
2025-05-16,M008,6321333
2025-05-16,M009,12443885
2025-05-16,M010,9915221
2025-05-16,M011,11315356
2025-05-16,M012,10057743
2025-05-16,M013,17337438
2025-05-16,M014,14276930
2025-05-16,M015,9728741
2025-05-16,M016,9579934
2025-05-16,M017,14887751
2025-05-16,M018,13158680
2025-05-16,M019,12807090
2025-05-16,M020,11581589
2025-05-16,M021,21229374
2025-05-16,M022,10578972
2025-05-16,M023,12432394
2025-05-16,M024,11147094
2025-05-16,M025,19836161
2025-05-16,M026,15782026
2025-05-16,M027,17935105
2025-05-16,M028,14577167
2025-05-16,M029,16135378
2025-05-16,M030,12716832
2025-05-16,M031,15011757
2025-05-16,M032,13132801
2025-05-16,M033,23741131
2025-05-16,M034,18846601
2025-05-16,M035,21353296
2025-05-16,M036,13025746
2025-05-16,M037,17888224
2025-05-16,M038,16091578
2025-05-16,M039,18735035
2025-05-16,M040,15797212
2025-05-16,M041,24125613
2025-05-16,M042,21544342
2025-05-16,M043,17802665
2025-05-16,M044,13868968
2025-05-16,M045,25577850
2025-05-16,M046,19280407
2025-05-16,M047,22015058
2025-05-16,M048,16909076
2025-05-17,M001,6555322
2025-05-17,M002,5108467
2025-05-17,M003,7361549
2025-05-17,M004,8988409
2025-05-17,M005,12689798
2025-05-17,M006,8602433
2025-05-17,M007,11581468
2025-05-17,M008,7491196
2025-05-17,M009,10459900
2025-05-17,M010,7560496
2025-05-17,M011,10213862
2025-05-17,M012,11760262
2025-05-17,M013,14859827
2025-05-17,M014,10303484
2025-05-17,M015,8868362
2025-05-17,M016,10304541
2025-05-17,M017,14104126
2025-05-17,M018,10904490
2025-05-17,M019,12982806
2025-05-17,M020,13781571
2025-05-17,M021,19244334
2025-05-17,M022,8441982
2025-05-17,M023,11439658
2025-05-17,M024,13698211
2025-05-17,M025,15698650
2025-05-17,M026,13005761
2025-05-17,M027,15614028
2025-05-17,M028,16567323
2025-05-17,M029,14684548
2025-05-17,M030,9745410
2025-05-17,M031,13307565
2025-05-17,M032,14348675
2025-05-17,M033,19957256
2025-05-17,M034,13368754
2025-05-17,M035,17695029
2025-05-17,M036,14561230
2025-05-17,M037,16070678
2025-05-17,M038,11655835
2025-05-17,M039,15687362
2025-05-17,M040,18282577
2025-05-17,M041,22779322
2025-05-17,M042,16338641
2025-05-17,M043,15715379
2025-05-17,M044,15427167
2025-05-17,M045,23461538
2025-05-17,M046,14082367
2025-05-17,M047,18317103
2025-05-17,M048,20791705
2025-05-18,M001,3979456
2025-05-18,M002,7845645
2025-05-18,M003,6162553
2025-05-18,M004,12343552
2025-05-18,M005,7217140
2025-05-18,M006,12870833
2025-05-18,M007,10098380
2025-05-18,M008,10504525
2025-05-18,M009,5975522
2025-05-18,M010,9941369
2025-05-18,M011,8211755
2025-05-18,M012,15224217
2025-05-18,M013,8362060
2025-05-18,M014,14967624
2025-05-18,M015,7331124
2025-05-18,M016,14564870
2025-05-18,M017,7593580
2025-05-18,M018,13928606
2025-05-18,M019,10168774
2025-05-18,M020,19268095
2025-05-18,M021,10732606
2025-05-18,M022,12018806
2025-05-18,M023,9518087
2025-05-18,M024,17866836
2025-05-18,M025,9507264
2025-05-18,M026,16950040
2025-05-18,M027,14371778
2025-05-18,M028,23045269
2025-05-18,M029,7267991
2025-05-18,M030,14977418
2025-05-18,M031,11066005
2025-05-18,M032,21454734
2025-05-18,M033,11152665
2025-05-18,M034,18965781
2025-05-18,M035,16692620
2025-05-18,M036,19378342
2025-05-18,M037,9697459
2025-05-18,M038,18538177
2025-05-18,M039,13854948
2025-05-18,M040,26326453
2025-05-18,M041,11928295
2025-05-18,M042,22413435
2025-05-18,M043,13072192
2025-05-18,M044,24339155
2025-05-18,M045,12893346
2025-05-18,M046,20416218
2025-05-18,M047,15778231
2025-05-18,M048,26126570
2025-05-19,M001,5748456
2025-05-19,M002,7884763
2025-05-19,M003,9833409
2025-05-19,M004,8012090
2025-05-19,M005,10128998
2025-05-19,M006,13358824
2025-05-19,M007,15074110
2025-05-19,M008,7563852
2025-05-19,M009,8904154
2025-05-19,M010,10004120
2025-05-19,M011,12423733
2025-05-19,M012,10678669
2025-05-19,M013,12283208
2025-05-19,M014,16512204
2025-05-19,M015,12280012
2025-05-19,M016,9960743
2025-05-19,M017,12595877
2025-05-19,M018,15002693
2025-05-19,M019,15829700
2025-05-19,M020,13636364
2025-05-19,M021,14871228
2025-05-19,M022,12599439
2025-05-19,M023,15243648
2025-05-19,M024,11890410
2025-05-19,M025,14766403
2025-05-19,M026,17280008
2025-05-19,M027,20099008
2025-05-19,M028,15727925
2025-05-19,M029,12374206
2025-05-19,M030,15756170
2025-05-19,M031,17015312
2025-05-19,M032,14176247
2025-05-19,M033,15690469
2025-05-19,M034,20293487
2025-05-19,M035,24009871
2025-05-19,M036,14520160
2025-05-19,M037,15113140
2025-05-19,M038,18770368
2025-05-19,M039,18859856
2025-05-19,M040,16000421
2025-05-19,M041,18444797
2025-05-19,M042,24099326
2025-05-19,M043,19306415
2025-05-19,M044,14933388
2025-05-19,M045,19120600
2025-05-19,M046,20868221
2025-05-19,M047,21708278
2025-05-19,M048,18432618
2025-05-20,M001,7791544
2025-05-20,M002,7294724
2025-05-20,M003,9124701
2025-05-20,M004,7252308
2025-05-20,M005,14754047
2025-05-20,M006,11271453
2025-05-20,M007,14934680
2025-05-20,M008,6399848
2025-05-20,M009,12424146
2025-05-20,M010,9802948
2025-05-20,M011,10538919
2025-05-20,M012,9751308
2025-05-20,M013,18236296
2025-05-20,M014,15447218
2025-05-20,M015,9560833
2025-05-20,M016,8177498
2025-05-20,M017,14825177
2025-05-20,M018,12830421
2025-05-20,M019,14326327
2025-05-20,M020,11061002
2025-05-20,M021,19394559
2025-05-20,M022,10875478
2025-05-20,M023,12946686
2025-05-20,M024,10373964
2025-05-20,M025,20235003
2025-05-20,M026,17086355
2025-05-20,M027,19634339
2025-05-20,M028,12990468
2025-05-20,M029,14872421
2025-05-20,M030,14195142
2025-05-20,M031,16222904
2025-05-20,M032,12201068
2025-05-20,M033,20934643
2025-05-20,M034,18070267
2025-05-20,M035,22270850
2025-05-20,M036,12199435
2025-05-20,M037,18179152
2025-05-20,M038,15818385
2025-05-20,M039,17858400
2025-05-20,M040,16227412
2025-05-20,M041,27329231
2025-05-20,M042,22619491
2025-05-20,M043,15955791
2025-05-20,M044,14216676
2025-05-20,M045,26414244
2025-05-20,M046,17052599
2025-05-20,M047,19866564
2025-05-20,M048,16399522
2025-05-21,M001,7193088
2025-05-21,M002,6423231
2025-05-21,M003,8473848
2025-05-21,M004,9590934
2025-05-21,M005,13606887
2025-05-21,M006,10504617
2025-05-21,M007,14140031
2025-05-21,M008,8918071
2025-05-21,M009,11548368
2025-05-21,M010,8405747
2025-05-21,M011,10594805
2025-05-21,M012,12736999
2025-05-21,M013,16782073
2025-05-21,M014,11657432
2025-05-21,M015,10102136
2025-05-21,M016,11274599
2025-05-21,M017,16180618
2025-05-21,M018,11295237
2025-05-21,M019,14191426
2025-05-21,M020,15830034
2025-05-21,M021,19661325
2025-05-21,M022,9660008
2025-05-21,M023,13177712
2025-05-21,M024,13750953
2025-05-21,M025,18211923
2025-05-21,M026,12947812
2025-05-21,M027,17617411
2025-05-21,M028,16230197
2025-05-21,M029,14343390
2025-05-21,M030,10503548
2025-05-21,M031,15154486
2025-05-21,M032,15775196
2025-05-21,M033,21556647
2025-05-21,M034,15070349
2025-05-21,M035,19690880
2025-05-21,M036,14667325
2025-05-21,M037,18850664
2025-05-21,M038,13564729
2025-05-21,M039,17884995
2025-05-21,M040,19507146
2025-05-21,M041,25605968
2025-05-21,M042,17315669
2025-05-21,M043,16663111
2025-05-21,M044,18239597
2025-05-21,M045,23237327
2025-05-21,M046,15456345
2025-05-21,M047,20916964
2025-05-21,M048,22095379
2025-05-22,M001,4411052
2025-05-22,M002,8767318
2025-05-22,M003,7328271
2025-05-22,M004,13849328
2025-05-22,M005,8194462
2025-05-22,M006,13825901
2025-05-22,M007,11471571
2025-05-22,M008,12329544
2025-05-22,M009,6945603
2025-05-22,M010,11123628
2025-05-22,M011,8785473
2025-05-22,M012,18036909
2025-05-22,M013,10133314
2025-05-22,M014,16698567
2025-05-22,M015,8449596
2025-05-22,M016,15533130
2025-05-22,M017,8488029
2025-05-22,M018,16731946
2025-05-22,M019,12295692
2025-05-22,M020,20222493
2025-05-22,M021,12030391
2025-05-22,M022,13779964
2025-05-22,M023,10474649
2025-05-22,M024,21268245
2025-05-22,M025,10444601
2025-05-22,M026,20277401
2025-05-22,M027,16139063
2025-05-22,M028,24314241
2025-05-22,M029,8597925
2025-05-22,M030,17277990
2025-05-22,M031,12846092
2025-05-22,M032,24126293
2025-05-22,M033,12724780
2025-05-22,M034,21318515
2025-05-22,M035,18416661
2025-05-22,M036,22337906
2025-05-22,M037,9901046
2025-05-22,M038,18301144
2025-05-22,M039,14091670
2025-05-22,M040,26737714
2025-05-22,M041,14311432
2025-05-22,M042,24341489
2025-05-22,M043,13248691
2025-05-22,M044,24844168
2025-05-22,M045,13494496
2025-05-22,M046,21359259
2025-05-22,M047,17402503
2025-05-22,M048,31488331
2025-05-23,M001,5716363
2025-05-23,M002,8110064
2025-05-23,M003,10094022
2025-05-23,M004,8621272
2025-05-23,M005,10193574
2025-05-23,M006,13731097
2025-05-23,M007,14988544
2025-05-23,M008,7429676
2025-05-23,M009,8996060
2025-05-23,M010,10910577
2025-05-23,M011,11825006
2025-05-23,M012,11543166
2025-05-23,M013,12387801
2025-05-23,M014,16018135
2025-05-23,M015,12016395
2025-05-23,M016,9565104
2025-05-23,M017,11860582
2025-05-23,M018,15473150
2025-05-23,M019,15124361
2025-05-23,M020,12166525
2025-05-23,M021,15263367
2025-05-23,M022,11820819
2025-05-23,M023,13935911
2025-05-23,M024,11606612
2025-05-23,M025,14036397
2025-05-23,M026,19114797
2025-05-23,M027,19601362
2025-05-23,M028,14893516
2025-05-23,M029,11516039
2025-05-23,M030,14416320
2025-05-23,M031,18415421
2025-05-23,M032,13396816
2025-05-23,M033,15931069
2025-05-23,M034,21448280
2025-05-23,M035,25330830
2025-05-23,M036,12860647
2025-05-23,M037,14911653
2025-05-23,M038,19069898
2025-05-23,M039,21416595
2025-05-23,M040,16877814
2025-05-23,M041,20513390
2025-05-23,M042,23469881
2025-05-23,M043,18987349
2025-05-23,M044,17034263
2025-05-23,M045,19306433
2025-05-23,M046,21886738
2025-05-23,M047,23368756
2025-05-23,M048,18469570
2025-05-24,M001,6502019
2025-05-24,M002,6017808
2025-05-24,M003,8088357
2025-05-24,M004,7103390
2025-05-24,M005,12842860
2025-05-24,M006,10820242
2025-05-24,M007,13129518
2025-05-24,M008,6134257
2025-05-24,M009,10375562
2025-05-24,M010,8247236
2025-05-24,M011,10362072
2025-05-24,M012,8272950
2025-05-24,M013,16672604
2025-05-24,M014,13744474
2025-05-24,M015,8965413
2025-05-24,M016,8277200
2025-05-24,M017,13645431
2025-05-24,M018,13027629
2025-05-24,M019,11895936
2025-05-24,M020,10430114
2025-05-24,M021,17135358
2025-05-24,M022,10460567
2025-05-24,M023,11728469
2025-05-24,M024,9233956
2025-05-24,M025,17766358
2025-05-24,M026,15305198
2025-05-24,M027,17142456
2025-05-24,M028,11410292
2025-05-24,M029,13185729
2025-05-24,M030,12656149
2025-05-24,M031,13471116
2025-05-24,M032,10970709
2025-05-24,M033,21154848
2025-05-24,M034,16896692
2025-05-24,M035,19697034
2025-05-24,M036,10249219
2025-05-24,M037,16794742
2025-05-24,M038,14324311
2025-05-24,M039,16978457
2025-05-24,M040,13647361
2025-05-24,M041,23577733
2025-05-24,M042,20060406
2025-05-24,M043,14207233
2025-05-24,M044,12851644
2025-05-24,M045,21008490
2025-05-24,M046,16209127
2025-05-24,M047,19162051
2025-05-24,M048,14266284
2025-05-25,M001,7142331
2025-05-25,M002,5206394
2025-05-25,M003,7780806
2025-05-25,M004,8394207
2025-05-25,M005,12922019
2025-05-25,M006,8452497
2025-05-25,M007,11562748
2025-05-25,M008,8250945
2025-05-25,M009,10300674
2025-05-25,M010,7521599
2025-05-25,M011,9654689
2025-05-25,M012,10903103
2025-05-25,M013,15450160
2025-05-25,M014,11378595
2025-05-25,M015,8710565
2025-05-25,M016,10788377
2025-05-25,M017,12815638
2025-05-25,M018,10991437
2025-05-25,M019,12986438
2025-05-25,M020,12798209
2025-05-25,M021,17201987
2025-05-25,M022,8765605
2025-05-25,M023,12010655
2025-05-25,M024,11692279
2025-05-25,M025,16565695
2025-05-25,M026,13185990
2025-05-25,M027,15576194
2025-05-25,M028,16527924
2025-05-25,M029,13671941
2025-05-25,M030,10081625
2025-05-25,M031,13848282
2025-05-25,M032,15888639
2025-05-25,M033,19935285
2025-05-25,M034,15247229
2025-05-25,M035,19418415
2025-05-25,M036,13063428
2025-05-25,M037,16062682
2025-05-25,M038,11872864
2025-05-25,M039,17129207
2025-05-25,M040,17086638
2025-05-25,M041,24182044
2025-05-25,M042,15299052
2025-05-25,M043,14948555
2025-05-25,M044,15453665
2025-05-25,M045,21108443
2025-05-25,M046,14658481
2025-05-25,M047,17058916
2025-05-25,M048,20271368
2025-05-26,M001,4214955
2025-05-26,M002,8666072
2025-05-26,M003,6740250
2025-05-26,M004,13216475
2025-05-26,M005,7494151
2025-05-26,M006,14759609
2025-05-26,M007,12384608
2025-05-26,M008,12648575
2025-05-26,M009,7233889
2025-05-26,M010,12241367
2025-05-26,M011,9734542
2025-05-26,M012,16329724
2025-05-26,M013,10014988
2025-05-26,M014,16820589
2025-05-26,M015,7759514
2025-05-26,M016,15915593
2025-05-26,M017,9228632
2025-05-26,M018,16905552
2025-05-26,M019,10818460
2025-05-26,M020,19549519
2025-05-26,M021,10564320
2025-05-26,M022,13729186
2025-05-26,M023,11222576
2025-05-26,M024,20515241
2025-05-26,M025,10721048
2025-05-26,M026,20469512
2025-05-26,M027,15789656
2025-05-26,M028,23624456
2025-05-26,M029,8497869
2025-05-26,M030,15338510
2025-05-26,M031,12611940
2025-05-26,M032,23274277
2025-05-26,M033,12800471
2025-05-26,M034,22766058
2025-05-26,M035,18177309
2025-05-26,M036,21778852
2025-05-26,M037,10421991
2025-05-26,M038,19058244
2025-05-26,M039,15107754
2025-05-26,M040,28578503
2025-05-26,M041,13402249
2025-05-26,M042,24071884
2025-05-26,M043,13443775
2025-05-26,M044,26583620
2025-05-26,M045,14359075
2025-05-26,M046,22423574
2025-05-26,M047,18074021
2025-05-26,M048,28981316
2025-05-27,M001,5535996
2025-05-27,M002,7862172
2025-05-27,M003,9573007
2025-05-27,M004,8257800
2025-05-27,M005,10697850
2025-05-27,M006,14302484
2025-05-27,M007,16078719
2025-05-27,M008,7527340
2025-05-27,M009,8889848
2025-05-27,M010,9865681
2025-05-27,M011,12766916
2025-05-27,M012,10317681
2025-05-27,M013,12376279
2025-05-27,M014,15326046
2025-05-27,M015,11812741
2025-05-27,M016,10146120
2025-05-27,M017,12291622
2025-05-27,M018,14592257
2025-05-27,M019,14659766
2025-05-27,M020,13655265
2025-05-27,M021,14979776
2025-05-27,M022,12859882
2025-05-27,M023,14020518
2025-05-27,M024,11781120
2025-05-27,M025,14152736
2025-05-27,M026,18931874
2025-05-27,M027,20832191
2025-05-27,M028,15751805
2025-05-27,M029,12230059
2025-05-27,M030,14873775
2025-05-27,M031,16715635
2025-05-27,M032,13673644
2025-05-27,M033,18089832
2025-05-27,M034,22319352
2025-05-27,M035,25709452
2025-05-27,M036,13405383
2025-05-27,M037,14794312
2025-05-27,M038,16612361
2025-05-27,M039,20891823
2025-05-27,M040,17616838
2025-05-27,M041,19687413
2025-05-27,M042,23116987
2025-05-27,M043,18744229
2025-05-27,M044,16767007
2025-05-27,M045,18317887
2025-05-27,M046,20714583
2025-05-27,M047,24273493
2025-05-27,M048,20052754
2025-05-28,M001,7176845
2025-05-28,M002,7509295
2025-05-28,M003,8407005
2025-05-28,M004,8224065
2025-05-28,M005,14841742
2025-05-28,M006,11402696
2025-05-28,M007,14655206
2025-05-28,M008,6871741
2025-05-28,M009,11998538
2025-05-28,M010,9893253
2025-05-28,M011,11024319
2025-05-28,M012,10314903
2025-05-28,M013,17375599
2025-05-28,M014,15041672
2025-05-28,M015,10381431
2025-05-28,M016,8209437
2025-05-28,M017,16592680
2025-05-28,M018,14249221
2025-05-28,M019,12958311
2025-05-28,M020,11193249
2025-05-28,M021,20815296
2025-05-28,M022,10744710
2025-05-28,M023,13349394
2025-05-28,M024,11327311
2025-05-28,M025,19274794
2025-05-28,M026,15074720
2025-05-28,M027,18207799
2025-05-28,M028,13141966
2025-05-28,M029,16360768
2025-05-28,M030,13821972
2025-05-28,M031,14899798
2025-05-28,M032,13509252
2025-05-28,M033,22564437
2025-05-28,M034,18562729
2025-05-28,M035,19853899
2025-05-28,M036,13171032
2025-05-28,M037,19713618
2025-05-28,M038,16594433
2025-05-28,M039,18344712
2025-05-28,M040,15461458
2025-05-28,M041,25590782
2025-05-28,M042,21602084
2025-05-28,M043,16545634
2025-05-28,M044,14743756
2025-05-28,M045,23961380
2025-05-28,M046,18925223
2025-05-28,M047,19392584
2025-05-28,M048,17060818
2025-05-29,M001,7825816
2025-05-29,M002,6322707
2025-05-29,M003,8771679
2025-05-29,M004,10531411
2025-05-29,M005,12815091
2025-05-29,M006,10018589
2025-05-29,M007,13451995
2025-05-29,M008,8754428
2025-05-29,M009,12645656
2025-05-29,M010,7809743
2025-05-29,M011,10851740
2025-05-29,M012,12812422
2025-05-29,M013,17979631
2025-05-29,M014,13036764
2025-05-29,M015,9486225
2025-05-29,M016,10467916
2025-05-29,M017,16337902
2025-05-29,M018,11711499
2025-05-29,M019,14593516
2025-05-29,M020,15620680
2025-05-29,M021,20985583
2025-05-29,M022,9828580
2025-05-29,M023,13491307
2025-05-29,M024,14776592
2025-05-29,M025,20047068
2025-05-29,M026,14116745
2025-05-29,M027,19095698
2025-05-29,M028,17059811
2025-05-29,M029,15847507
2025-05-29,M030,11185630
2025-05-29,M031,14279208
2025-05-29,M032,15717967
2025-05-29,M033,21274602
2025-05-29,M034,15392773
2025-05-29,M035,21194624
2025-05-29,M036,16163213
2025-05-29,M037,19841114
2025-05-29,M038,13726146
2025-05-29,M039,19123877
2025-05-29,M040,20486391
2025-05-29,M041,25185685
2025-05-29,M042,17546148
2025-05-29,M043,17843998
2025-05-29,M044,19138800
2025-05-29,M045,25548020
2025-05-29,M046,14244538
2025-05-29,M047,21344605
2025-05-29,M048,21273186
2025-05-30,M001,4018701
2025-05-30,M002,8281871
2025-05-30,M003,6713448
2025-05-30,M004,14971132
2025-05-30,M005,8141707
2025-05-30,M006,13283737
2025-05-30,M007,12048397
2025-05-30,M008,12892275
2025-05-30,M009,6612419
2025-05-30,M010,11936195
2025-05-30,M011,9288632
2025-05-30,M012,18582156
2025-05-30,M013,8803539
2025-05-30,M014,18249168
2025-05-30,M015,8208539
2025-05-30,M016,15087732
2025-05-30,M017,8011620
2025-05-30,M018,16436254
2025-05-30,M019,12082517
2025-05-30,M020,22906265
2025-05-30,M021,11128970
2025-05-30,M022,13037036
2025-05-30,M023,11326018
2025-05-30,M024,20374687
2025-05-30,M025,10197743
2025-05-30,M026,19742439
2025-05-30,M027,15639516
2025-05-30,M028,26136808
2025-05-30,M029,8509186
2025-05-30,M030,17253105
2025-05-30,M031,13833310
2025-05-30,M032,23395511
2025-05-30,M033,12700901
2025-05-30,M034,22732601
2025-05-30,M035,17770536
2025-05-30,M036,23324060
2025-05-30,M037,10602047
2025-05-30,M038,20115007
2025-05-30,M039,13955147
2025-05-30,M040,28062027
2025-05-30,M041,14363886
2025-05-30,M042,26018245
2025-05-30,M043,13989942
2025-05-30,M044,24571215
2025-05-30,M045,12999647
2025-05-30,M046,20573749
2025-05-30,M047,17837013
2025-05-30,M048,29433143
2025-05-31,M001,5200866
2025-05-31,M002,7271156
2025-05-31,M003,9222042
2025-05-31,M004,7491937
2025-05-31,M005,9605308
2025-05-31,M006,12094595
2025-05-31,M007,14985461
2025-05-31,M008,6513397
2025-05-31,M009,8279769
2025-05-31,M010,9651917
2025-05-31,M011,12179944
2025-05-31,M012,10398555
2025-05-31,M013,11271418
2025-05-31,M014,14973474
2025-05-31,M015,9532007
2025-05-31,M016,8418477
2025-05-31,M017,9836316
2025-05-31,M018,14067493
2025-05-31,M019,14106290
2025-05-31,M020,11407058
2025-05-31,M021,14815021
2025-05-31,M022,11616953
2025-05-31,M023,12193638
2025-05-31,M024,10392109
2025-05-31,M025,13301656
2025-05-31,M026,16988945
2025-05-31,M027,19482492
2025-05-31,M028,12921353
2025-05-31,M029,10613340
2025-05-31,M030,13354626
2025-05-31,M031,16315433
2025-05-31,M032,12519001
2025-05-31,M033,14192521
2025-05-31,M034,19746735
2025-05-31,M035,20901380
2025-05-31,M036,11298097
2025-05-31,M037,12052850
2025-05-31,M038,15079082
2025-05-31,M039,17684247
2025-05-31,M040,14214343
2025-05-31,M041,16702021
2025-05-31,M042,21067438
2025-05-31,M043,18413372
2025-05-31,M044,15011788
2025-05-31,M045,16229972
2025-05-31,M046,17428659
2025-05-31,M047,19620312
2025-05-31,M048,16821852
2025-06-01,M001,8179963
2025-06-01,M002,6539396
2025-06-01,M003,8862166
2025-06-01,M004,11279985
2025-06-01,M005,14832757
2025-06-01,M006,11330016
2025-06-01,M007,13823912
2025-06-01,M008,8712918
2025-06-01,M009,13154149
2025-06-01,M010,9414766
2025-06-01,M011,12498841
2025-06-01,M012,13202588
2025-06-01,M013,16633990
2025-06-01,M014,13909764
2025-06-01,M015,10004655
2025-06-01,M016,12640842
2025-06-01,M017,16796624
2025-06-01,M018,12855059
2025-06-01,M019,14974325
2025-06-01,M020,16456512
2025-06-01,M021,21838537
2025-06-01,M022,9950391
2025-06-01,M023,14639536
2025-06-01,M024,14109639
2025-06-01,M025,18692626
2025-06-01,M026,14085933
2025-06-01,M027,20062970
2025-06-01,M028,17638009
2025-06-01,M029,16827412
2025-06-01,M030,11620659
2025-06-01,M031,17662201
2025-06-01,M032,18523389
2025-06-01,M033,23397500
2025-06-01,M034,18149024
2025-06-01,M035,23582737
2025-06-01,M036,15953820
2025-06-01,M037,19953374
2025-06-01,M038,13439833
2025-06-01,M039,17836098
2025-06-01,M040,21337593
2025-06-01,M041,26320815
2025-06-01,M042,18334155
2025-06-01,M043,17466995
2025-06-01,M044,19334815
2025-06-01,M045,24884843
2025-06-01,M046,15875315
2025-06-01,M047,20418807
2025-06-01,M048,24196868
2025-06-02,M001,5024581
2025-06-02,M002,10467083
2025-06-02,M003,9268972
2025-06-02,M004,16899823
2025-06-02,M005,8965020
2025-06-02,M006,17970634
2025-06-02,M007,14185438
2025-06-02,M008,14364680
2025-06-02,M009,7614683
2025-06-02,M010,12764497
2025-06-02,M011,11796709
2025-06-02,M012,20102403
2025-06-02,M013,11934881
2025-06-02,M014,20564694
2025-06-02,M015,9274436
2025-06-02,M016,18951264
2025-06-02,M017,9949596
2025-06-02,M018,18384124
2025-06-02,M019,13923078
2025-06-02,M020,24378303
2025-06-02,M021,14048513
2025-06-02,M022,15498328
2025-06-02,M023,12913087
2025-06-02,M024,24542421
2025-06-02,M025,11503196
2025-06-02,M026,23286223
2025-06-02,M027,18417542
2025-06-02,M028,29762455
2025-06-02,M029,10275153
2025-06-02,M030,18878070
2025-06-02,M031,14136634
2025-06-02,M032,27892894
2025-06-02,M033,14836350
2025-06-02,M034,28416847
2025-06-02,M035,19874385
2025-06-02,M036,28045047
2025-06-02,M037,11801421
2025-06-02,M038,22189195
2025-06-02,M039,16916632
2025-06-02,M040,30923770
2025-06-02,M041,17436475
2025-06-02,M042,29404899
2025-06-02,M043,17308990
2025-06-02,M044,31767130
2025-06-02,M045,15295805
2025-06-02,M046,25157827
2025-06-02,M047,20083987
2025-06-02,M048,39173474
2025-06-03,M001,6929647
2025-06-03,M002,9422781
2025-06-03,M003,11073646
2025-06-03,M004,9949785
2025-06-03,M005,13201229
2025-06-03,M006,15103239
2025-06-03,M007,20162880
2025-06-03,M008,9454588
2025-06-03,M009,11838619
2025-06-03,M010,12541863
2025-06-03,M011,15812111
2025-06-03,M012,12489476
2025-06-03,M013,16191996
2025-06-03,M014,18853430
2025-06-03,M015,14260350
2025-06-03,M016,11909569
2025-06-03,M017,14408657
2025-06-03,M018,16808131
2025-06-03,M019,18576142
2025-06-03,M020,15488729
2025-06-03,M021,18405219
2025-06-03,M022,13752464
2025-06-03,M023,16969105
2025-06-03,M024,15462081
2025-06-03,M025,18326476
2025-06-03,M026,21203579
2025-06-03,M027,24425422
2025-06-03,M028,19358786
2025-06-03,M029,14558682
2025-06-03,M030,18494523
2025-06-03,M031,19332952
2025-06-03,M032,15973780
2025-06-03,M033,20475289
2025-06-03,M034,25058728
2025-06-03,M035,29679784
2025-06-03,M036,15402938
2025-06-03,M037,18049912
2025-06-03,M038,19971755
2025-06-03,M039,24180241
2025-06-03,M040,18271790
2025-06-03,M041,22163451
2025-06-03,M042,26615787
2025-06-03,M043,22826659
2025-06-03,M044,17648424
2025-06-03,M045,20474361
2025-06-03,M046,25932262
2025-06-03,M047,27234646
2025-06-03,M048,23601327
2025-06-04,M001,9115735
2025-06-04,M002,8764020
2025-06-04,M003,9632186
2025-06-04,M004,8792387
2025-06-04,M005,16409820
2025-06-04,M006,14390618
2025-06-04,M007,17807155
2025-06-04,M008,8181841
2025-06-04,M009,13721950
2025-06-04,M010,10748570
2025-06-04,M011,12438827
2025-06-04,M012,10769023
2025-06-04,M013,19014376
2025-06-04,M014,16525338
2025-06-04,M015,11588537
2025-06-04,M016,10039824
2025-06-04,M017,17371711
2025-06-04,M018,15546702
2025-06-04,M019,16247737
2025-06-04,M020,13098205
2025-06-04,M021,25051884
2025-06-04,M022,13270028
2025-06-04,M023,15404423
2025-06-04,M024,12342127
2025-06-04,M025,21622578
2025-06-04,M026,18752992
2025-06-04,M027,22892922
2025-06-04,M028,16153808
2025-06-04,M029,19023680
2025-06-04,M030,15091241
2025-06-04,M031,19582230
2025-06-04,M032,16298187
2025-06-04,M033,27349647
2025-06-04,M034,23085143
2025-06-04,M035,25564735
2025-06-04,M036,13827453
2025-06-04,M037,21993566
2025-06-04,M038,19244348
2025-06-04,M039,20539124
2025-06-04,M040,17531689
2025-06-04,M041,31168094
2025-06-04,M042,23857665
2025-06-04,M043,19672131
2025-06-04,M044,17990460
2025-06-04,M045,30989143
2025-06-04,M046,21996570
2025-06-04,M047,25905365
2025-06-04,M048,20541203
2025-06-05,M001,9006869
2025-06-05,M002,6696783
2025-06-05,M003,10513115
2025-06-05,M004,11833226
2025-06-05,M005,16231648
2025-06-05,M006,12121321
2025-06-05,M007,15872904
2025-06-05,M008,10588048
2025-06-05,M009,14936205
2025-06-05,M010,8911867
2025-06-05,M011,13774109
2025-06-05,M012,13816738
2025-06-05,M013,18520151
2025-06-05,M014,15644116
2025-06-05,M015,11729547
2025-06-05,M016,12534158
2025-06-05,M017,19118204
2025-06-05,M018,12639853
2025-06-05,M019,15830898
2025-06-05,M020,18076018
2025-06-05,M021,21918238
2025-06-05,M022,10794725
2025-06-05,M023,15364874
2025-06-05,M024,17367293
2025-06-05,M025,21765750
2025-06-05,M026,15450696
2025-06-05,M027,22677577
2025-06-05,M028,20027560
2025-06-05,M029,18084262
2025-06-05,M030,14063373
2025-06-05,M031,19130547
2025-06-05,M032,18665123
2025-06-05,M033,26934097
2025-06-05,M034,18237607
2025-06-05,M035,26131248
2025-06-05,M036,18253554
2025-06-05,M037,21109140
2025-06-05,M038,15012534
2025-06-05,M039,22243011
2025-06-05,M040,24108925
2025-06-05,M041,28405403
2025-06-05,M042,19947876
2025-06-05,M043,20607656
2025-06-05,M044,22619878
2025-06-05,M045,28270806
2025-06-05,M046,18228894
2025-06-05,M047,25334320
2025-06-05,M048,26569834
2025-06-06,M001,4838506
2025-06-06,M002,10848286
2025-06-06,M003,8203350
2025-06-06,M004,16190275
2025-06-06,M005,8770450
2025-06-06,M006,17092012
2025-06-06,M007,12927319
2025-06-06,M008,13949343
2025-06-06,M009,8196539
2025-06-06,M010,14313954
2025-06-06,M011,11593602
2025-06-06,M012,21871434
2025-06-06,M013,11483749
2025-06-06,M014,21511580
2025-06-06,M015,10478395
2025-06-06,M016,19888180
2025-06-06,M017,10163700
2025-06-06,M018,18560044
2025-06-06,M019,13367199
2025-06-06,M020,26026622
2025-06-06,M021,13859768
2025-06-06,M022,16645199
2025-06-06,M023,13033079
2025-06-06,M024,23021110
2025-06-06,M025,12423024
2025-06-06,M026,24484764
2025-06-06,M027,19221919
2025-06-06,M028,29850091
2025-06-06,M029,9884631
2025-06-06,M030,18383834
2025-06-06,M031,15890217
2025-06-06,M032,28296887
2025-06-06,M033,14468604
2025-06-06,M034,26661401
2025-06-06,M035,21275086
2025-06-06,M036,26985312
2025-06-06,M037,12492369
2025-06-06,M038,22503632
2025-06-06,M039,18804123
2025-06-06,M040,34642320
2025-06-06,M041,17566715
2025-06-06,M042,28753622
2025-06-06,M043,17941291
2025-06-06,M044,33132237
2025-06-06,M045,16895636
2025-06-06,M046,26589064
2025-06-06,M047,19983682
2025-06-06,M048,35413497
2025-06-07,M001,6618950
2025-06-07,M002,8005499
2025-06-07,M003,10812602
2025-06-07,M004,9743864
2025-06-07,M005,11100996
2025-06-07,M006,13354505
2025-06-07,M007,16446358
2025-06-07,M008,7839224
2025-06-07,M009,9469099
2025-06-07,M010,11046946
2025-06-07,M011,14831836
2025-06-07,M012,12145594
2025-06-07,M013,13834969
2025-06-07,M014,17708606
2025-06-07,M015,12516246
2025-06-07,M016,10153097
2025-06-07,M017,12219205
2025-06-07,M018,15839607
2025-06-07,M019,15511523
2025-06-07,M020,14022629
2025-06-07,M021,15997975
2025-06-07,M022,12190324
2025-06-07,M023,15606512
2025-06-07,M024,12351807
2025-06-07,M025,15525965
2025-06-07,M026,18953669
2025-06-07,M027,23332129
2025-06-07,M028,16921138
2025-06-07,M029,12438471
2025-06-07,M030,16875145
2025-06-07,M031,17757678
2025-06-07,M032,14799001
2025-06-07,M033,19054574
2025-06-07,M034,22820624
2025-06-07,M035,27157691
2025-06-07,M036,15119866
2025-06-07,M037,14844430
2025-06-07,M038,18442497
2025-06-07,M039,23271930
2025-06-07,M040,17839838
2025-06-07,M041,19890649
2025-06-07,M042,23908453
2025-06-07,M043,22357989
2025-06-07,M044,16370465
2025-06-07,M045,19861806
2025-06-07,M046,20353750
2025-06-07,M047,24766781
2025-06-07,M048,20497465
2025-06-08,M001,7781226
2025-06-08,M002,7491762
2025-06-08,M003,9275171
2025-06-08,M004,8647762
2025-06-08,M005,13995410
2025-06-08,M006,13504259
2025-06-08,M007,15543592
2025-06-08,M008,6907046
2025-06-08,M009,12831893
2025-06-08,M010,11051975
2025-06-08,M011,12698843
2025-06-08,M012,9772629
2025-06-08,M013,17914839
2025-06-08,M014,14714291
2025-06-08,M015,10142381
2025-06-08,M016,9168206
2025-06-08,M017,16992473
2025-06-08,M018,13638560
2025-06-08,M019,15045096
2025-06-08,M020,12994835
2025-06-08,M021,22905772
2025-06-08,M022,12078015
2025-06-08,M023,12971642
2025-06-08,M024,12691684
2025-06-08,M025,19635112
2025-06-08,M026,17697882
2025-06-08,M027,19888136
2025-06-08,M028,14935475
2025-06-08,M029,17406798
2025-06-08,M030,14207704
2025-06-08,M031,16281130
2025-06-08,M032,14923843
2025-06-08,M033,22804445
2025-06-08,M034,20241645
2025-06-08,M035,23702637
2025-06-08,M036,14058945
2025-06-08,M037,19443248
2025-06-08,M038,17455281
2025-06-08,M039,20449433
2025-06-08,M040,16003722
2025-06-08,M041,25484392
2025-06-08,M042,22888280
2025-06-08,M043,17891156
2025-06-08,M044,15104960
2025-06-08,M045,26299182
2025-06-08,M046,19753737
2025-06-08,M047,21432436
2025-06-08,M048,17159503
2025-06-09,M001,8862893
2025-06-09,M002,7502620
2025-06-09,M003,10503467
2025-06-09,M004,11745179
2025-06-09,M005,17300502
2025-06-09,M006,12162875
2025-06-09,M007,16907271
2025-06-09,M008,10481409
2025-06-09,M009,14230533
2025-06-09,M010,9094831
2025-06-09,M011,13122837
2025-06-09,M012,15253905
2025-06-09,M013,19276823
2025-06-09,M014,14558410
2025-06-09,M015,11680173
2025-06-09,M016,14577169
2025-06-09,M017,17736588
2025-06-09,M018,14327791
2025-06-09,M019,16589514
2025-06-09,M020,19181050
2025-06-09,M021,23208119
2025-06-09,M022,11816215
2025-06-09,M023,15070051
2025-06-09,M024,17302165
2025-06-09,M025,22216173
2025-06-09,M026,16011182
2025-06-09,M027,20378623
2025-06-09,M028,21955984
2025-06-09,M029,18297342
2025-06-09,M030,13619460
2025-06-09,M031,18219659
2025-06-09,M032,19148558
2025-06-09,M033,25557901
2025-06-09,M034,18843652
2025-06-09,M035,23941682
2025-06-09,M036,19067886
2025-06-09,M037,23714777
2025-06-09,M038,15893733
2025-06-09,M039,22326898
2025-06-09,M040,21651530
2025-06-09,M041,30331893
2025-06-09,M042,21193684
2025-06-09,M043,18801272
2025-06-09,M044,20980518
2025-06-09,M045,27825639
2025-06-09,M046,19439617
2025-06-09,M047,23210318
2025-06-09,M048,24349232
2025-06-10,M001,5055744
2025-06-10,M002,9985820
2025-06-10,M003,8973816
2025-06-10,M004,15717361
2025-06-10,M005,8876244
2025-06-10,M006,17523276
2025-06-10,M007,13400563
2025-06-10,M008,14439111
2025-06-10,M009,7486987
2025-06-10,M010,13345008
2025-06-10,M011,11860043
2025-06-10,M012,22379549
2025-06-10,M013,11693233
2025-06-10,M014,21226975
2025-06-10,M015,10577392
2025-06-10,M016,18359121
2025-06-10,M017,10582527
2025-06-10,M018,17990424
2025-06-10,M019,12930643
2025-06-10,M020,26563829
2025-06-10,M021,13553511
2025-06-10,M022,14996595
2025-06-10,M023,12837216
2025-06-10,M024,23044609
2025-06-10,M025,12030338
2025-06-10,M026,24637014
2025-06-10,M027,17602225
2025-06-10,M028,31667501
2025-06-10,M029,10683436
2025-06-10,M030,17758994
2025-06-10,M031,14914094
2025-06-10,M032,25981080
2025-06-10,M033,13650553
2025-06-10,M034,27461983
2025-06-10,M035,19702764
2025-06-10,M036,25628805
2025-06-10,M037,11524358
2025-06-10,M038,22186469
2025-06-10,M039,16540671
2025-06-10,M040,32954233
2025-06-10,M041,16887536
2025-06-10,M042,28782406
2025-06-10,M043,18158312
2025-06-10,M044,32773959
2025-06-10,M045,16379247
2025-06-10,M046,27439623
2025-06-10,M047,21071633
2025-06-10,M048,36502808
2025-06-11,M001,7012363
2025-06-11,M002,9072433
2025-06-11,M003,12652801
2025-06-11,M004,9740787
2025-06-11,M005,11608848
2025-06-11,M006,15869997
2025-06-11,M007,20117785
2025-06-11,M008,9524784
2025-06-11,M009,11187988
2025-06-11,M010,12401800
2025-06-11,M011,15477537
2025-06-11,M012,13530420
2025-06-11,M013,14989139
2025-06-11,M014,20753408
2025-06-11,M015,12905447
2025-06-11,M016,12305965
2025-06-11,M017,14781100
2025-06-11,M018,18758176
2025-06-11,M019,18377750
2025-06-11,M020,14965905
2025-06-11,M021,17296489
2025-06-11,M022,14227440
2025-06-11,M023,18592029
2025-06-11,M024,13460776
2025-06-11,M025,15913063
2025-06-11,M026,21525874
2025-06-11,M027,24678969
2025-06-11,M028,17942645
2025-06-11,M029,14228135
2025-06-11,M030,18100874
2025-06-11,M031,21425568
2025-06-11,M032,18478586
2025-06-11,M033,19618192
2025-06-11,M034,22934733
2025-06-11,M035,29150553
2025-06-11,M036,15961237
2025-06-11,M037,17551041
2025-06-11,M038,20534321
2025-06-11,M039,25416525
2025-06-11,M040,20370469
2025-06-11,M041,21986539
2025-06-11,M042,29097742
2025-06-11,M043,24227963
2025-06-11,M044,20180149
2025-06-11,M045,23674425
2025-06-11,M046,24627686
2025-06-11,M047,26748108
2025-06-11,M048,22425560
2025-06-12,M001,9757833
2025-06-12,M002,8263352
2025-06-12,M003,11105117
2025-06-12,M004,9667079
2025-06-12,M005,17264584
2025-06-12,M006,13202289
2025-06-12,M007,15382552
2025-06-12,M008,7767395
2025-06-12,M009,15723088
2025-06-12,M010,11667230
2025-06-12,M011,14039167
2025-06-12,M012,11815080
2025-06-12,M013,20498061
2025-06-12,M014,15907248
2025-06-12,M015,11472125
2025-06-12,M016,10146462
2025-06-12,M017,18291767
2025-06-12,M018,15260161
2025-06-12,M019,16420729
2025-06-12,M020,14967759
2025-06-12,M021,22984735
2025-06-12,M022,12712856
2025-06-12,M023,16364224
2025-06-12,M024,12773821
2025-06-12,M025,24145511
2025-06-12,M026,18619440
2025-06-12,M027,22130770
2025-06-12,M028,17089460
2025-06-12,M029,18530432
2025-06-12,M030,15786483
2025-06-12,M031,17282767
2025-06-12,M032,15162639
2025-06-12,M033,25628282
2025-06-12,M034,21544044
2025-06-12,M035,23093575
2025-06-12,M036,13434499
2025-06-12,M037,23241108
2025-06-12,M038,19856779
2025-06-12,M039,20685667
2025-06-12,M040,19125368
2025-06-12,M041,28802992
2025-06-12,M042,24111692
2025-06-12,M043,20059579
2025-06-12,M044,18366019
2025-06-12,M045,29803055
2025-06-12,M046,19932152
2025-06-12,M047,25566832
2025-06-12,M048,21364600
2025-06-13,M001,9030104
2025-06-13,M002,7409290
2025-06-13,M003,11033304
2025-06-13,M004,11799921
2025-06-13,M005,17159378
2025-06-13,M006,11974163
2025-06-13,M007,17073117
2025-06-13,M008,10025365
2025-06-13,M009,14632055
2025-06-13,M010,9926183
2025-06-13,M011,13962206
2025-06-13,M012,15139374
2025-06-13,M013,18610183
2025-06-13,M014,13634511
2025-06-13,M015,11208206
2025-06-13,M016,13738365
2025-06-13,M017,18157836
2025-06-13,M018,13559593
2025-06-13,M019,15720506
2025-06-13,M020,17601050
2025-06-13,M021,24698371
2025-06-13,M022,10819135
2025-06-13,M023,15470597
2025-06-13,M024,17357665
2025-06-13,M025,20758289
2025-06-13,M026,15519411
2025-06-13,M027,20639447
2025-06-13,M028,20824906
2025-06-13,M029,16995821
2025-06-13,M030,13329502
2025-06-13,M031,19598863
2025-06-13,M032,19835317
2025-06-13,M033,26577223
2025-06-13,M034,19598116
2025-06-13,M035,23959138
2025-06-13,M036,20114095
2025-06-13,M037,21224544
2025-06-13,M038,14979532
2025-06-13,M039,22290188
2025-06-13,M040,23025077
2025-06-13,M041,31540032
2025-06-13,M042,22384425
2025-06-13,M043,21184400
2025-06-13,M044,23434161
2025-06-13,M045,30783813
2025-06-13,M046,17977471
2025-06-13,M047,25789537
2025-06-13,M048,26528952
2025-06-14,M001,4506325
2025-06-14,M002,9638620
2025-06-14,M003,7257545
2025-06-14,M004,14130170
2025-06-14,M005,8755710
2025-06-14,M006,15130226
2025-06-14,M007,11940518
2025-06-14,M008,13125400
2025-06-14,M009,7741686
2025-06-14,M010,12421378
2025-06-14,M011,10263076
2025-06-14,M012,19014027
2025-06-14,M013,9940252
2025-06-14,M014,17325070
2025-06-14,M015,8997994
2025-06-14,M016,16632041
2025-06-14,M017,8930349
2025-06-14,M018,17990779
2025-06-14,M019,12654728
2025-06-14,M020,22983648
2025-06-14,M021,11346481
2025-06-14,M022,15196203
2025-06-14,M023,11773803
2025-06-14,M024,21668538
2025-06-14,M025,11708622
2025-06-14,M026,21544745
2025-06-14,M027,16653821
2025-06-14,M028,25184386
2025-06-14,M029,9700186
2025-06-14,M030,16218109
2025-06-14,M031,14606103
2025-06-14,M032,24346596
2025-06-14,M033,12562321
2025-06-14,M034,25859359
2025-06-14,M035,18783404
2025-06-14,M036,22137216
2025-06-14,M037,11442302
2025-06-14,M038,19944096
2025-06-14,M039,17386920
2025-06-14,M040,30013958
2025-06-14,M041,15696515
2025-06-14,M042,25981371
2025-06-14,M043,15001818
2025-06-14,M044,26656540
2025-06-14,M045,13547936
2025-06-14,M046,23706721
2025-06-14,M047,18112968
2025-06-14,M048,34259312
2025-06-15,M001,6005755
2025-06-15,M002,7901374
2025-06-15,M003,11168227
2025-06-15,M004,8788864
2025-06-15,M005,10534499
2025-06-15,M006,14730348
2025-06-15,M007,15837694
2025-06-15,M008,7525475
2025-06-15,M009,10657832
2025-06-15,M010,12149075
2025-06-15,M011,13254399
2025-06-15,M012,11588802
2025-06-15,M013,14470845
2025-06-15,M014,18522630
2025-06-15,M015,12382469
2025-06-15,M016,9925089
2025-06-15,M017,12593286
2025-06-15,M018,16271663
2025-06-15,M019,17279723
2025-06-15,M020,13849707
2025-06-15,M021,17236248
2025-06-15,M022,13829927
2025-06-15,M023,16485917
2025-06-15,M024,12382563
2025-06-15,M025,15585547
2025-06-15,M026,20458790
2025-06-15,M027,23108293
2025-06-15,M028,15891586
2025-06-15,M029,13051649
2025-06-15,M030,17000534
2025-06-15,M031,17621448
2025-06-15,M032,15817019
2025-06-15,M033,17573366
2025-06-15,M034,23513697
2025-06-15,M035,26054132
2025-06-15,M036,15563042
2025-06-15,M037,15132942
2025-06-15,M038,18970093
2025-06-15,M039,20626628
2025-06-15,M040,17030764
2025-06-15,M041,22157710
2025-06-15,M042,24772443
2025-06-15,M043,22375124
2025-06-15,M044,17376836
2025-06-15,M045,20336926
2025-06-15,M046,22565108
2025-06-15,M047,26376159
2025-06-15,M048,21582938
2025-06-16,M001,9517909
2025-06-16,M002,8547121
2025-06-16,M003,10293975
2025-06-16,M004,9087565
2025-06-16,M005,16942336
2025-06-16,M006,14873815
2025-06-16,M007,17400487
2025-06-16,M008,8036405
2025-06-16,M009,14863548
2025-06-16,M010,11661311
2025-06-16,M011,13959188
2025-06-16,M012,11129671
2025-06-16,M013,19645364
2025-06-16,M014,16170364
2025-06-16,M015,12537819
2025-06-16,M016,10148335
2025-06-16,M017,18036917
2025-06-16,M018,15331349
2025-06-16,M019,15773228
2025-06-16,M020,15090777
2025-06-16,M021,22518791
2025-06-16,M022,13322915
2025-06-16,M023,14113849
2025-06-16,M024,13276397
2025-06-16,M025,23300888
2025-06-16,M026,18021824
2025-06-16,M027,23408892
2025-06-16,M028,16867993
2025-06-16,M029,18046412
2025-06-16,M030,15428163
2025-06-16,M031,19772013
2025-06-16,M032,14391310
2025-06-16,M033,28670332
2025-06-16,M034,21606717
2025-06-16,M035,23331072
2025-06-16,M036,14901177
2025-06-16,M037,20916765
2025-06-16,M038,19234732
2025-06-16,M039,21772287
2025-06-16,M040,17307357
2025-06-16,M041,32233598
2025-06-16,M042,25725460
2025-06-16,M043,20138578
2025-06-16,M044,17642604
2025-06-16,M045,29183543
2025-06-16,M046,20096954
2025-06-16,M047,25081147
2025-06-16,M048,19876511
2025-06-17,M001,9528888
2025-06-17,M002,7352576
2025-06-17,M003,9463551
2025-06-17,M004,11011497
2025-06-17,M005,16863508
2025-06-17,M006,12510535
2025-06-17,M007,17330861
2025-06-17,M008,9745961
2025-06-17,M009,13485395
2025-06-17,M010,9613884
2025-06-17,M011,13614764
2025-06-17,M012,15367186
2025-06-17,M013,21154726
2025-06-17,M014,13801774
2025-06-17,M015,12090630
2025-06-17,M016,14098246
2025-06-17,M017,19559335
2025-06-17,M018,14110524
2025-06-17,M019,15461209
2025-06-17,M020,17358423
2025-06-17,M021,24117581
2025-06-17,M022,10180985
2025-06-17,M023,14945288
2025-06-17,M024,17520065
2025-06-17,M025,23434841
2025-06-17,M026,15357172
2025-06-17,M027,22406160
2025-06-17,M028,19928053
2025-06-17,M029,18269037
2025-06-17,M030,14071996
2025-06-17,M031,16782677
2025-06-17,M032,21039932
2025-06-17,M033,27308618
2025-06-17,M034,20124822
2025-06-17,M035,23380892
2025-06-17,M036,18356164
2025-06-17,M037,21763257
2025-06-17,M038,16157368
2025-06-17,M039,20129425
2025-06-17,M040,22877128
2025-06-17,M041,31670279
2025-06-17,M042,21695750
2025-06-17,M043,19609228
2025-06-17,M044,20485688
2025-06-17,M045,27960541
2025-06-17,M046,17634209
2025-06-17,M047,25635810
2025-06-17,M048,25807924
2025-06-18,M001,4946571
2025-06-18,M002,10874587
2025-06-18,M003,8382079
2025-06-18,M004,16544364
2025-06-18,M005,8685968
2025-06-18,M006,16653932
2025-06-18,M007,14675096
2025-06-18,M008,14446365
2025-06-18,M009,7689095
2025-06-18,M010,14480196
2025-06-18,M011,11311603
2025-06-18,M012,21130626
2025-06-18,M013,10908124
2025-06-18,M014,20814214
2025-06-18,M015,10582830
2025-06-18,M016,19733861
2025-06-18,M017,9805433
2025-06-18,M018,18681980
2025-06-18,M019,13567141
2025-06-18,M020,25943285
2025-06-18,M021,13518038
2025-06-18,M022,14740366
2025-06-18,M023,13344582
2025-06-18,M024,25160746
2025-06-18,M025,11826514
2025-06-18,M026,24089778
2025-06-18,M027,19663897
2025-06-18,M028,29446262
2025-06-18,M029,10226355
2025-06-18,M030,20170680
2025-06-18,M031,16089202
2025-06-18,M032,30069973
2025-06-18,M033,14773026
2025-06-18,M034,28650009
2025-06-18,M035,21403908
2025-06-18,M036,27717539
2025-06-18,M037,13285997
2025-06-18,M038,24439286
2025-06-18,M039,18289578
2025-06-18,M040,30340427
2025-06-18,M041,17469757
2025-06-18,M042,28174029
2025-06-18,M043,16782014
2025-06-18,M044,31499937
2025-06-18,M045,16657145
2025-06-18,M046,27116299
2025-06-18,M047,20855224
2025-06-18,M048,33979125
2025-06-19,M001,6646512
2025-06-19,M002,10209841
2025-06-19,M003,11649546
2025-06-19,M004,9909231
2025-06-19,M005,12936722
2025-06-19,M006,16438149
2025-06-19,M007,17889616
2025-06-19,M008,8237505
2025-06-19,M009,11000818
2025-06-19,M010,12778433
2025-06-19,M011,15285236
2025-06-19,M012,12661873
2025-06-19,M013,15650363
2025-06-19,M014,19718581
2025-06-19,M015,13348138
2025-06-19,M016,12617545
2025-06-19,M017,14759388
2025-06-19,M018,16655551
2025-06-19,M019,17719510
2025-06-19,M020,14835577
2025-06-19,M021,18169128
2025-06-19,M022,15514947
2025-06-19,M023,18224437
2025-06-19,M024,14573586
2025-06-19,M025,17757623
2025-06-19,M026,22567465
2025-06-19,M027,23766617
2025-06-19,M028,19498894
2025-06-19,M029,13362303
2025-06-19,M030,18014241
2025-06-19,M031,20218381
2025-06-19,M032,16045093
2025-06-19,M033,21053339
2025-06-19,M034,23012416
2025-06-19,M035,27935574
2025-06-19,M036,16669608
2025-06-19,M037,16375058
2025-06-19,M038,19797721
2025-06-19,M039,23934085
2025-06-19,M040,21343676
2025-06-19,M041,22736488
2025-06-19,M042,29714530
2025-06-19,M043,23388430
2025-06-19,M044,19442222
2025-06-19,M045,20836486
2025-06-19,M046,23635296
2025-06-19,M047,27763331
2025-06-19,M048,20626420
2025-06-20,M001,8678756
2025-06-20,M002,8647242
2025-06-20,M003,10308467
2025-06-20,M004,9506471
2025-06-20,M005,16318791
2025-06-20,M006,13617052
2025-06-20,M007,16892851
2025-06-20,M008,7712574
2025-06-20,M009,15725437
2025-06-20,M010,11269284
2025-06-20,M011,12822237
2025-06-20,M012,11330449
2025-06-20,M013,21022612
2025-06-20,M014,17857906
2025-06-20,M015,12691905
2025-06-20,M016,10818819
2025-06-20,M017,18614068
2025-06-20,M018,15651201
2025-06-20,M019,16993725
2025-06-20,M020,13363787
2025-06-20,M021,24644340
2025-06-20,M022,13773552
2025-06-20,M023,14251839
2025-06-20,M024,13941783
2025-06-20,M025,23110381
2025-06-20,M026,19256747
2025-06-20,M027,20220881
2025-06-20,M028,15311888
2025-06-20,M029,17694066
2025-06-20,M030,16747354
2025-06-20,M031,19186835
2025-06-20,M032,16214339
2025-06-20,M033,27895335
2025-06-20,M034,22286709
2025-06-20,M035,25685018
2025-06-20,M036,13872588
2025-06-20,M037,21074083
2025-06-20,M038,18271982
2025-06-20,M039,20571246
2025-06-20,M040,18028295
2025-06-20,M041,28645525
2025-06-20,M042,25114585
2025-06-20,M043,21635699
2025-06-20,M044,16408224
2025-06-20,M045,29791155
2025-06-20,M046,22936840
2025-06-20,M047,23615543
2025-06-20,M048,20764075
2025-06-21,M001,6841947
2025-06-21,M002,5115693
2025-06-21,M003,7558030
2025-06-21,M004,8435674
2025-06-21,M005,11775674
2025-06-21,M006,8608194
2025-06-21,M007,11401948
2025-06-21,M008,8125714
2025-06-21,M009,9894474
2025-06-21,M010,7137995
2025-06-21,M011,9388052
2025-06-21,M012,11219490
2025-06-21,M013,15204436
2025-06-21,M014,11667184
2025-06-21,M015,8922315
2025-06-21,M016,10065635
2025-06-21,M017,12677687
2025-06-21,M018,10756576
2025-06-21,M019,11289996
2025-06-21,M020,13576270
2025-06-21,M021,18766453
2025-06-21,M022,8448717
2025-06-21,M023,11124953
2025-06-21,M024,11892634
2025-06-21,M025,16700177
2025-06-21,M026,12937199
2025-06-21,M027,15150487
2025-06-21,M028,15046755
2025-06-21,M029,13654997
2025-06-21,M030,9712130
2025-06-21,M031,12631226
2025-06-21,M032,14624137
2025-06-21,M033,20595301
2025-06-21,M034,13502209
2025-06-21,M035,19104045
2025-06-21,M036,14001270
2025-06-21,M037,17208142
2025-06-21,M038,10875599
2025-06-21,M039,15382746
2025-06-21,M040,16239613
2025-06-21,M041,23094124
2025-06-21,M042,16131538
2025-06-21,M043,14006066
2025-06-21,M044,17450303
2025-06-21,M045,22269809
2025-06-21,M046,14210755
2025-06-21,M047,16837325
2025-06-21,M048,20047926
2025-06-22,M001,3507241
2025-06-22,M002,7729736
2025-06-22,M003,5883269
2025-06-22,M004,12649198
2025-06-22,M005,6369406
2025-06-22,M006,11727814
2025-06-22,M007,9624795
2025-06-22,M008,10628732
2025-06-22,M009,6083677
2025-06-22,M010,9429985
2025-06-22,M011,8514594
2025-06-22,M012,16059911
2025-06-22,M013,8431967
2025-06-22,M014,16588392
2025-06-22,M015,7927673
2025-06-22,M016,13796660
2025-06-22,M017,7541430
2025-06-22,M018,13252247
2025-06-22,M019,10548486
2025-06-22,M020,18673345
2025-06-22,M021,9832855
2025-06-22,M022,11847766
2025-06-22,M023,8972533
2025-06-22,M024,18044932
2025-06-22,M025,8918891
2025-06-22,M026,17436755
2025-06-22,M027,12773093
2025-06-22,M028,21325257
2025-06-22,M029,7944544
2025-06-22,M030,15374055
2025-06-22,M031,12097323
2025-06-22,M032,22283477
2025-06-22,M033,10003818
2025-06-22,M034,20877825
2025-06-22,M035,15944062
2025-06-22,M036,19140230
2025-06-22,M037,8612481
2025-06-22,M038,17551251
2025-06-22,M039,13820166
2025-06-22,M040,23872179
2025-06-22,M041,11849313
2025-06-22,M042,21114831
2025-06-22,M043,12087686
2025-06-22,M044,24595379
2025-06-22,M045,12542954
2025-06-22,M046,19064250
2025-06-22,M047,15658300
2025-06-22,M048,26218089
2025-06-23,M001,5824329
2025-06-23,M002,8291429
2025-06-23,M003,9402769
2025-06-23,M004,8622219
2025-06-23,M005,9827322
2025-06-23,M006,13086930
2025-06-23,M007,14846138
2025-06-23,M008,7072847
2025-06-23,M009,8872161
2025-06-23,M010,10444607
2025-06-23,M011,11713929
2025-06-23,M012,9995048
2025-06-23,M013,13305789
2025-06-23,M014,16232202
2025-06-23,M015,10961050
2025-06-23,M016,9877652
2025-06-23,M017,12336231
2025-06-23,M018,15607881
2025-06-23,M019,15439145
2025-06-23,M020,12186223
2025-06-23,M021,13917010
2025-06-23,M022,12674889
2025-06-23,M023,14716287
2025-06-23,M024,11279342
2025-06-23,M025,13106625
2025-06-23,M026,18355472
2025-06-23,M027,18667986
2025-06-23,M028,15587493
2025-06-23,M029,11599726
2025-06-23,M030,15144273
2025-06-23,M031,16860578
2025-06-23,M032,13463289
2025-06-23,M033,16371566
2025-06-23,M034,20573814
2025-06-23,M035,23254938
2025-06-23,M036,13275832
2025-06-23,M037,14160056
2025-06-23,M038,18126544
2025-06-23,M039,20177622
2025-06-23,M040,16880616
2025-06-23,M041,20264019
2025-06-23,M042,21579707
2025-06-23,M043,17635571
2025-06-23,M044,15957139
2025-06-23,M045,18672090
2025-06-23,M046,20635938
2025-06-23,M047,23466132
2025-06-23,M048,17446634
2025-06-24,M001,7804171
2025-06-24,M002,7276607
2025-06-24,M003,8152930
2025-06-24,M004,7291649
2025-06-24,M005,13567580
2025-06-24,M006,11109024
2025-06-24,M007,14348313
2025-06-24,M008,6567022
2025-06-24,M009,11943329
2025-06-24,M010,9891251
2025-06-24,M011,10389278
2025-06-24,M012,9428767
2025-06-24,M013,15890329
2025-06-24,M014,13361735
2025-06-24,M015,10201582
2025-06-24,M016,8394491
2025-06-24,M017,14255913
2025-06-24,M018,12943309
2025-06-24,M019,13565519
2025-06-24,M020,11907212
2025-06-24,M021,21386692
2025-06-24,M022,10505632
2025-06-24,M023,11949161
2025-06-24,M024,10053951
2025-06-24,M025,17537219
2025-06-24,M026,14752036
2025-06-24,M027,16503630
2025-06-24,M028,12311887
2025-06-24,M029,15916768
2025-06-24,M030,12037457
2025-06-24,M031,15027178
2025-06-24,M032,13473735
2025-06-24,M033,23416512
2025-06-24,M034,17919559
2025-06-24,M035,20629455
2025-06-24,M036,11082394
2025-06-24,M037,17136276
2025-06-24,M038,15954433
2025-06-24,M039,17170611
2025-06-24,M040,15474147
2025-06-24,M041,24836290
2025-06-24,M042,21994843
2025-06-24,M043,17491986
2025-06-24,M044,15096684
2025-06-24,M045,24958310
2025-06-24,M046,16539401
2025-06-24,M047,21489842
2025-06-24,M048,16956747
2025-06-25,M001,7298218
2025-06-25,M002,5820390
2025-06-25,M003,8214101
2025-06-25,M004,10208819
2025-06-25,M005,13706969
2025-06-25,M006,9687394
2025-06-25,M007,14371768
2025-06-25,M008,8054044
2025-06-25,M009,12040202
2025-06-25,M010,7939243
2025-06-25,M011,10686866
2025-06-25,M012,12396222
2025-06-25,M013,17228183
2025-06-25,M014,11426040
2025-06-25,M015,10314542
2025-06-25,M016,10708739
2025-06-25,M017,15031448
2025-06-25,M018,11059991
2025-06-25,M019,14080528
2025-06-25,M020,15195202
2025-06-25,M021,19219479
2025-06-25,M022,9539038
2025-06-25,M023,12822408
2025-06-25,M024,14714792
2025-06-25,M025,18613676
2025-06-25,M026,13498450
2025-06-25,M027,17409197
2025-06-25,M028,16746878
2025-06-25,M029,14143584
2025-06-25,M030,11914020
2025-06-25,M031,14248640
2025-06-25,M032,15657411
2025-06-25,M033,22596635
2025-06-25,M034,14699548
2025-06-25,M035,21561045
2025-06-25,M036,15445002
2025-06-25,M037,17633347
2025-06-25,M038,12380874
2025-06-25,M039,17868108
2025-06-25,M040,19495891
2025-06-25,M041,23032758
2025-06-25,M042,17254609
2025-06-25,M043,16009505
2025-06-25,M044,17165012
2025-06-25,M045,21847264
2025-06-25,M046,15375597
2025-06-25,M047,20745494
2025-06-25,M048,19751402
2025-06-26,M001,3972392
2025-06-26,M002,8482097
2025-06-26,M003,7195748
2025-06-26,M004,14205797
2025-06-26,M005,7585928
2025-06-26,M006,13833819
2025-06-26,M007,12115666
2025-06-26,M008,11544678
2025-06-26,M009,6566705
2025-06-26,M010,11674603
2025-06-26,M011,8480183
2025-06-26,M012,16527572
2025-06-26,M013,9005421
2025-06-26,M014,17350097
2025-06-26,M015,7739479
2025-06-26,M016,16872280
2025-06-26,M017,8253735
2025-06-26,M018,16359379
2025-06-26,M019,11864930
2025-06-26,M020,20219577
2025-06-26,M021,11510255
2025-06-26,M022,13813851
2025-06-26,M023,10523804
2025-06-26,M024,17906723
2025-06-26,M025,10671500
2025-06-26,M026,20329545
2025-06-26,M027,14323006
2025-06-26,M028,22974779
2025-06-26,M029,8302529
2025-06-26,M030,15655797
2025-06-26,M031,12227972
2025-06-26,M032,23804783
2025-06-26,M033,12355247
2025-06-26,M034,21418076
2025-06-26,M035,18046419
2025-06-26,M036,22196106
2025-06-26,M037,10066318
2025-06-26,M038,18492993
2025-06-26,M039,15068940
2025-06-26,M040,26680889
2025-06-26,M041,13280992
2025-06-26,M042,25069224
2025-06-26,M043,14252155
2025-06-26,M044,25381618
2025-06-26,M045,13787996
2025-06-26,M046,20759981
2025-06-26,M047,16142211
2025-06-26,M048,30000403
2025-06-27,M001,5653471
2025-06-27,M002,8132473
2025-06-27,M003,9143103
2025-06-27,M004,8338909
2025-06-27,M005,9749914
2025-06-27,M006,13918440
2025-06-27,M007,15696662
2025-06-27,M008,7614951
2025-06-27,M009,9495077
2025-06-27,M010,9760962
2025-06-27,M011,11797690
2025-06-27,M012,10444545
2025-06-27,M013,12410788
2025-06-27,M014,16979410
2025-06-27,M015,11955368
2025-06-27,M016,10296807
2025-06-27,M017,11245217
2025-06-27,M018,14711799
2025-06-27,M019,14651350
2025-06-27,M020,12113989
2025-06-27,M021,14920762
2025-06-27,M022,12782927
2025-06-27,M023,14090809
2025-06-27,M024,11597925
2025-06-27,M025,12955681
2025-06-27,M026,17086931
2025-06-27,M027,18691908
2025-06-27,M028,13994340
2025-06-27,M029,11069891
2025-06-27,M030,13818385
2025-06-27,M031,17840838
2025-06-27,M032,13001895
2025-06-27,M033,15275417
2025-06-27,M034,21503431
2025-06-27,M035,22589539
2025-06-27,M036,13629078
2025-06-27,M037,14660599
2025-06-27,M038,17751642
2025-06-27,M039,18430270
2025-06-27,M040,17117663
2025-06-27,M041,18530057
2025-06-27,M042,21611542
2025-06-27,M043,18187402
2025-06-27,M044,14992742
2025-06-27,M045,18858459
2025-06-27,M046,19134170
2025-06-27,M047,22670359
2025-06-27,M048,17333802
2025-06-28,M001,7281956
2025-06-28,M002,6057718
2025-06-28,M003,8036157
2025-06-28,M004,6716439
2025-06-28,M005,12690698
2025-06-28,M006,10035004
2025-06-28,M007,12532455
2025-06-28,M008,5874932
2025-06-28,M009,11296737
2025-06-28,M010,8943429
2025-06-28,M011,9265261
2025-06-28,M012,8094852
2025-06-28,M013,15695175
2025-06-28,M014,13641600
2025-06-28,M015,8986645
2025-06-28,M016,8363880
2025-06-28,M017,13313184
2025-06-28,M018,11604241
2025-06-28,M019,12527697
2025-06-28,M020,9996097
2025-06-28,M021,18172385
2025-06-28,M022,9219832
2025-06-28,M023,10699068
2025-06-28,M024,9270489
2025-06-28,M025,17060496
2025-06-28,M026,13654807
2025-06-28,M027,16417578
2025-06-28,M028,11411484
2025-06-28,M029,14531921
2025-06-28,M030,11417073
2025-06-28,M031,13011753
2025-06-28,M032,11606789
2025-06-28,M033,20267294
2025-06-28,M034,16266088
2025-06-28,M035,19862878
2025-06-28,M036,11644235
2025-06-28,M037,16756054
2025-06-28,M038,13483192
2025-06-28,M039,16631559
2025-06-28,M040,12615489
2025-06-28,M041,23369526
2025-06-28,M042,19697711
2025-06-28,M043,14849923
2025-06-28,M044,13081732
2025-06-28,M045,20946002
2025-06-28,M046,14993151
2025-06-28,M047,17113462
2025-06-28,M048,15160995
2025-06-29,M001,6551129
2025-06-29,M002,5575032
2025-06-29,M003,7518286
2025-06-29,M004,8801021
2025-06-29,M005,11151488
2025-06-29,M006,9251986
2025-06-29,M007,11787646
2025-06-29,M008,8045788
2025-06-29,M009,10135050
2025-06-29,M010,6726076
2025-06-29,M011,10156345
2025-06-29,M012,10762758
2025-06-29,M013,15952020
2025-06-29,M014,11244835
2025-06-29,M015,8509532
2025-06-29,M016,10104771
2025-06-29,M017,14647430
2025-06-29,M018,10235586
2025-06-29,M019,12483621
2025-06-29,M020,12601508
2025-06-29,M021,18390390
2025-06-29,M022,8092299
2025-06-29,M023,10883839
2025-06-29,M024,11874126
2025-06-29,M025,15344251
2025-06-29,M026,12864188
2025-06-29,M027,16893185
2025-06-29,M028,15612832
2025-06-29,M029,14213823
2025-06-29,M030,9754728
2025-06-29,M031,12597576
2025-06-29,M032,14583140
2025-06-29,M033,19274980
2025-06-29,M034,13029436
2025-06-29,M035,19699620
2025-06-29,M036,13465874
2025-06-29,M037,15477245
2025-06-29,M038,11652316
2025-06-29,M039,15482043
2025-06-29,M040,17502293
2025-06-29,M041,23575821
2025-06-29,M042,16053475
2025-06-29,M043,13764157
2025-06-29,M044,17370142
2025-06-29,M045,21303059
2025-06-29,M046,13749419
2025-06-29,M047,16938319
2025-06-29,M048,19975702
2025-06-30,M001,4127736
2025-06-30,M002,8398254
2025-06-30,M003,7065523
2025-06-30,M004,14536289
2025-06-30,M005,7692046
2025-06-30,M006,14925105
2025-06-30,M007,11845204
2025-06-30,M008,11656853
2025-06-30,M009,6064291
2025-06-30,M010,11574606
2025-06-30,M011,8960334
2025-06-30,M012,18125889
2025-06-30,M013,8853883
2025-06-30,M014,18119479
2025-06-30,M015,8421305
2025-06-30,M016,15981308
2025-06-30,M017,8042688
2025-06-30,M018,17020932
2025-06-30,M019,11088706
2025-06-30,M020,21262602
2025-06-30,M021,10992636
2025-06-30,M022,12997558
2025-06-30,M023,10143217
2025-06-30,M024,20182923
2025-06-30,M025,9654368
2025-06-30,M026,18498863
2025-06-30,M027,15762265
2025-06-30,M028,24862964
2025-06-30,M029,8523729
2025-06-30,M030,14892075
2025-06-30,M031,13290129
2025-06-30,M032,21531338
2025-06-30,M033,11394186
2025-06-30,M034,20402117
2025-06-30,M035,17305992
2025-06-30,M036,20811261
2025-06-30,M037,9584140
2025-06-30,M038,17704459
2025-06-30,M039,15747240
2025-06-30,M040,25441436
2025-06-30,M041,14040432
2025-06-30,M042,23929602
2025-06-30,M043,14858992
2025-06-30,M044,24241753
2025-06-30,M045,13615719
2025-06-30,M046,21346134
2025-06-30,M047,15890508
2025-06-30,M048,29219881
2025-07-01,M001,7052724
2025-07-01,M002,5818258
2025-07-01,M003,7565163
2025-07-01,M004,8612203
2025-07-01,M005,12691664
2025-07-01,M006,9501403
2025-07-01,M007,13950764
2025-07-01,M008,7982520
2025-07-01,M009,10703842
2025-07-01,M010,7716767
2025-07-01,M011,10316993
2025-07-01,M012,11236569
2025-07-01,M013,15518373
2025-07-01,M014,12443906
2025-07-01,M015,9672063
2025-07-01,M016,10003254
2025-07-01,M017,15705537
2025-07-01,M018,10125763
2025-07-01,M019,12893439
2025-07-01,M020,14532732
2025-07-01,M021,19794297
2025-07-01,M022,8217622
2025-07-01,M023,12743781
2025-07-01,M024,13339019
2025-07-01,M025,17817954
2025-07-01,M026,12984366
2025-07-01,M027,16471986
2025-07-01,M028,15770904
2025-07-01,M029,14797891
2025-07-01,M030,10740977
2025-07-01,M031,14539646
2025-07-01,M032,15016708
2025-07-01,M033,21714160
2025-07-01,M034,14501913
2025-07-01,M035,20921991
2025-07-01,M036,15944641
2025-07-01,M037,16677150
2025-07-01,M038,12618288
2025-07-01,M039,16492114
2025-07-01,M040,18472404
2025-07-01,M041,24900477
2025-07-01,M042,16231999
2025-07-01,M043,16210547
2025-07-01,M044,18235547
2025-07-01,M045,22039247
2025-07-01,M046,14600468
2025-07-01,M047,19177071
2025-07-01,M048,19794073
2025-07-02,M001,3853538
2025-07-02,M002,8585397
2025-07-02,M003,6343107
2025-07-02,M004,13473257
2025-07-02,M005,7402033
2025-07-02,M006,12752211
2025-07-02,M007,11102299
2025-07-02,M008,11060222
2025-07-02,M009,6834566
2025-07-02,M010,10129277
2025-07-02,M011,9088149
2025-07-02,M012,16018335
2025-07-02,M013,8441734
2025-07-02,M014,16331256
2025-07-02,M015,7983318
2025-07-02,M016,15452463
2025-07-02,M017,8551918
2025-07-02,M018,15620436
2025-07-02,M019,11017945
2025-07-02,M020,18530892
2025-07-02,M021,10025345
2025-07-02,M022,12631421
2025-07-02,M023,9619339
2025-07-02,M024,18815349
2025-07-02,M025,10598547
2025-07-02,M026,18033145
2025-07-02,M027,13583571
2025-07-02,M028,23081993
2025-07-02,M029,8020305
2025-07-02,M030,16054446
2025-07-02,M031,12868491
2025-07-02,M032,23664372
2025-07-02,M033,10827608
2025-07-02,M034,20165276
2025-07-02,M035,17584129
2025-07-02,M036,21682264
2025-07-02,M037,10142617
2025-07-02,M038,18170797
2025-07-02,M039,13234192
2025-07-02,M040,24648399
2025-07-02,M041,14021147
2025-07-02,M042,24928087
2025-07-02,M043,12623053
2025-07-02,M044,22932148
2025-07-02,M045,12933420
2025-07-02,M046,19807479
2025-07-02,M047,15044072
2025-07-02,M048,28205535
2025-07-03,M001,5866836
2025-07-03,M002,7023584
2025-07-03,M003,10013311
2025-07-03,M004,7735313
2025-07-03,M005,10059299
2025-07-03,M006,12639994
2025-07-03,M007,15418073
2025-07-03,M008,7158024
2025-07-03,M009,9033228
2025-07-03,M010,10232342
2025-07-03,M011,11513089
2025-07-03,M012,10239320
2025-07-03,M013,12530195
2025-07-03,M014,15618024
2025-07-03,M015,10276942
2025-07-03,M016,9089431
2025-07-03,M017,11046916
2025-07-03,M018,13552345
2025-07-03,M019,15290977
2025-07-03,M020,12404615
2025-07-03,M021,13818446
2025-07-03,M022,12120828
2025-07-03,M023,12658535
2025-07-03,M024,11955156
2025-07-03,M025,14208783
2025-07-03,M026,17937558
2025-07-03,M027,19095082
2025-07-03,M028,14210898
2025-07-03,M029,10397478
2025-07-03,M030,13225180
2025-07-03,M031,16251330
2025-07-03,M032,12771719
2025-07-03,M033,17128675
2025-07-03,M034,18811587
2025-07-03,M035,20885445
2025-07-03,M036,12303098
2025-07-03,M037,13021369
2025-07-03,M038,16767458
2025-07-03,M039,19835203
2025-07-03,M040,16714918
2025-07-03,M041,18605871
2025-07-03,M042,22750313
2025-07-03,M043,18685410
2025-07-03,M044,14428374
2025-07-03,M045,16484069
2025-07-03,M046,17959716
2025-07-03,M047,21067923
2025-07-03,M048,18638034
2025-07-04,M001,7232504
2025-07-04,M002,6405778
2025-07-04,M003,7964670
2025-07-04,M004,7325104
2025-07-04,M005,13958503
2025-07-04,M006,10612896
2025-07-04,M007,13962087
2025-07-04,M008,6051498
2025-07-04,M009,12394455
2025-07-04,M010,9410183
2025-07-04,M011,10207838
2025-07-04,M012,9490532
2025-07-04,M013,16185688
2025-07-04,M014,12725461
2025-07-04,M015,10080348
2025-07-04,M016,7736206
2025-07-04,M017,15082078
2025-07-04,M018,12996202
2025-07-04,M019,12146321
2025-07-04,M020,11000932
2025-07-04,M021,20171700
2025-07-04,M022,9535620
2025-07-04,M023,11434473
2025-07-04,M024,9826025
2025-07-04,M025,16743671
2025-07-04,M026,16337264
2025-07-04,M027,17983065
2025-07-04,M028,13449003
2025-07-04,M029,13933123
2025-07-04,M030,13470396
2025-07-04,M031,14194345
2025-07-04,M032,11707392
2025-07-04,M033,22325585
2025-07-04,M034,17548679
2025-07-04,M035,21033143
2025-07-04,M036,10677236
2025-07-04,M037,17089322
2025-07-04,M038,15937617
2025-07-04,M039,18152601
2025-07-04,M040,13999750
2025-07-04,M041,23332576
2025-07-04,M042,18453302
2025-07-04,M043,14949619
2025-07-04,M044,14277624
2025-07-04,M045,21574489
2025-07-04,M046,17789396
2025-07-04,M047,19444922
2025-07-04,M048,16804827
2025-07-05,M001,5965692
2025-07-05,M002,4981819
2025-07-05,M003,7438764
2025-07-05,M004,8586051
2025-07-05,M005,11618360
2025-07-05,M006,8853479
2025-07-05,M007,11403965
2025-07-05,M008,6997556
2025-07-05,M009,9555035
2025-07-05,M010,7171825
2025-07-05,M011,9519416
2025-07-05,M012,10193882
2025-07-05,M013,14273835
2025-07-05,M014,10697267
2025-07-05,M015,8369785
2025-07-05,M016,9588549
2025-07-05,M017,12148519
2025-07-05,M018,9023924
2025-07-05,M019,12143144
2025-07-05,M020,11797967
2025-07-05,M021,16461108
2025-07-05,M022,7337521
2025-07-05,M023,11369534
2025-07-05,M024,12182949
2025-07-05,M025,16552702
2025-07-05,M026,11539312
2025-07-05,M027,16049126
2025-07-05,M028,15480672
2025-07-05,M029,13964474
2025-07-05,M030,9750076
2025-07-05,M031,13019327
2025-07-05,M032,13238387
2025-07-05,M033,18243685
2025-07-05,M034,13936619
2025-07-05,M035,18481218
2025-07-05,M036,13796341
2025-07-05,M037,15486035
2025-07-05,M038,11670212
2025-07-05,M039,15598875
2025-07-05,M040,17280044
2025-07-05,M041,20840048
2025-07-05,M042,16191529
2025-07-05,M043,13468081
2025-07-05,M044,14970172
2025-07-05,M045,21594229
2025-07-05,M046,12285049
2025-07-05,M047,18017799
2025-07-05,M048,18652086
2025-07-06,M001,3499704
2025-07-06,M002,7621219
2025-07-06,M003,5842575
2025-07-06,M004,11115085
2025-07-06,M005,6874122
2025-07-06,M006,12364105
2025-07-06,M007,9528581
2025-07-06,M008,10550444
2025-07-06,M009,6074694
2025-07-06,M010,9078923
2025-07-06,M011,7396706
2025-07-06,M012,15066276
2025-07-06,M013,7951886
2025-07-06,M014,14491565
2025-07-06,M015,7458668
2025-07-06,M016,13410298
2025-07-06,M017,6997705
2025-07-06,M018,13832380
2025-07-06,M019,10006998
2025-07-06,M020,16820862
2025-07-06,M021,9077937
2025-07-06,M022,10890675
2025-07-06,M023,9354675
2025-07-06,M024,15896712
2025-07-06,M025,8717631
2025-07-06,M026,15318434
2025-07-06,M027,13891148
2025-07-06,M028,21929433
2025-07-06,M029,7248940
2025-07-06,M030,13537874
2025-07-06,M031,11600700
2025-07-06,M032,21189074
2025-07-06,M033,10284789
2025-07-06,M034,20295653
2025-07-06,M035,14729999
2025-07-06,M036,19857729
2025-07-06,M037,8606026
2025-07-06,M038,17537731
2025-07-06,M039,12226021
2025-07-06,M040,21430226
2025-07-06,M041,11791949
2025-07-06,M042,22689650
2025-07-06,M043,11554107
2025-07-06,M044,21645736
2025-07-06,M045,11499900
2025-07-06,M046,18153846
2025-07-06,M047,15225079
2025-07-06,M048,24057849
2025-07-07,M001,5647583
2025-07-07,M002,8005141
2025-07-07,M003,8761127
2025-07-07,M004,8714895
2025-07-07,M005,9850514
2025-07-07,M006,12182880
2025-07-07,M007,15568940
2025-07-07,M008,7456898
2025-07-07,M009,9227886
2025-07-07,M010,10585973
2025-07-07,M011,12664943
2025-07-07,M012,11002745
2025-07-07,M013,11561384
2025-07-07,M014,16098430
2025-07-07,M015,10744028
2025-07-07,M016,9361718
2025-07-07,M017,11627657
2025-07-07,M018,14543840
2025-07-07,M019,15271990
2025-07-07,M020,11483511
2025-07-07,M021,13960611
2025-07-07,M022,11321152
2025-07-07,M023,13382494
2025-07-07,M024,11854200
2025-07-07,M025,14490352
2025-07-07,M026,16965552
2025-07-07,M027,20844813
2025-07-07,M028,14705646
2025-07-07,M029,11240067
2025-07-07,M030,13079720
2025-07-07,M031,15624110
2025-07-07,M032,14270202
2025-07-07,M033,16391679
2025-07-07,M034,20364984
2025-07-07,M035,22307328
2025-07-07,M036,12302736
2025-07-07,M037,14156322
2025-07-07,M038,15905321
2025-07-07,M039,17751720
2025-07-07,M040,14911478
2025-07-07,M041,16775031
2025-07-07,M042,23312916
2025-07-07,M043,17239223
2025-07-07,M044,13922509
2025-07-07,M045,17073156
2025-07-07,M046,19444866
2025-07-07,M047,22886695
2025-07-07,M048,16867221
2025-07-08,M001,7720144
2025-07-08,M002,6956794
2025-07-08,M003,8616802
2025-07-08,M004,7235542
2025-07-08,M005,12406082
2025-07-08,M006,11901403
2025-07-08,M007,12818754
2025-07-08,M008,6412186
2025-07-08,M009,10956237
2025-07-08,M010,8294735
2025-07-08,M011,11190340
2025-07-08,M012,9876465
2025-07-08,M013,15981663
2025-07-08,M014,14378521
2025-07-08,M015,9431480
2025-07-08,M016,8943247
2025-07-08,M017,14065515
2025-07-08,M018,11928076
2025-07-08,M019,13099725
2025-07-08,M020,10513863
2025-07-08,M021,17787150
2025-07-08,M022,10951962
2025-07-08,M023,12827928
2025-07-08,M024,11068200
2025-07-08,M025,16692879
2025-07-08,M026,13978164
2025-07-08,M027,18560336
2025-07-08,M028,12839627
2025-07-08,M029,14660048
2025-07-08,M030,13108346
2025-07-08,M031,15392811
2025-07-08,M032,12045680
2025-07-08,M033,21005957
2025-07-08,M034,17841295
2025-07-08,M035,20822983
2025-07-08,M036,11324883
2025-07-08,M037,19047393
2025-07-08,M038,14756963
2025-07-08,M039,18044656
2025-07-08,M040,15211208
2025-07-08,M041,25306761
2025-07-08,M042,19546778
2025-07-08,M043,16069664
2025-07-08,M044,14619866
2025-07-08,M045,25043154
2025-07-08,M046,15821826
2025-07-08,M047,20474840
2025-07-08,M048,14876185
2025-07-09,M001,7669125
2025-07-09,M002,5564682
2025-07-09,M003,8369319
2025-07-09,M004,9313185
2025-07-09,M005,12671282
2025-07-09,M006,8999386
2025-07-09,M007,12435921
2025-07-09,M008,8189464
2025-07-09,M009,10726600
2025-07-09,M010,8253206
2025-07-09,M011,10928437
2025-07-09,M012,10896116
2025-07-09,M013,16136316
2025-07-09,M014,11561909
2025-07-09,M015,10166307
2025-07-09,M016,9992138
2025-07-09,M017,14360276
2025-07-09,M018,9931300
2025-07-09,M019,13492604
2025-07-09,M020,14271840
2025-07-09,M021,18228300
2025-07-09,M022,8886882
2025-07-09,M023,11635591
2025-07-09,M024,13021741
2025-07-09,M025,17833910
2025-07-09,M026,13314576
2025-07-09,M027,17996494
2025-07-09,M028,15245098
2025-07-09,M029,15024535
2025-07-09,M030,10159511
2025-07-09,M031,15219530
2025-07-09,M032,15317456
2025-07-09,M033,22333425
2025-07-09,M034,14621863
2025-07-09,M035,19342933
2025-07-09,M036,15768301
2025-07-09,M037,16443739
2025-07-09,M038,12345253
2025-07-09,M039,17376445
2025-07-09,M040,18503121
2025-07-09,M041,25330694
2025-07-09,M042,16539300
2025-07-09,M043,15204272
2025-07-09,M044,17434350
2025-07-09,M045,22878986
2025-07-09,M046,15283109
2025-07-09,M047,18135857
2025-07-09,M048,22134847
2025-07-10,M001,4095240
2025-07-10,M002,8327591
2025-07-10,M003,7932610
2025-07-10,M004,13912028
2025-07-10,M005,7319955
2025-07-10,M006,15623727
2025-07-10,M007,12754855
2025-07-10,M008,12113595
2025-07-10,M009,7156956
2025-07-10,M010,11803864
2025-07-10,M011,9881014
2025-07-10,M012,16777099
2025-07-10,M013,9721027
2025-07-10,M014,17645773
2025-07-10,M015,8481271
2025-07-10,M016,15618698
2025-07-10,M017,9422977
2025-07-10,M018,17394582
2025-07-10,M019,12072445
2025-07-10,M020,20128811
2025-07-10,M021,11864687
2025-07-10,M022,12368137
2025-07-10,M023,10706150
2025-07-10,M024,18639870
2025-07-10,M025,10776649
2025-07-10,M026,21268130
2025-07-10,M027,14731343
2025-07-10,M028,24119595
2025-07-10,M029,8359387
2025-07-10,M030,16332736
2025-07-10,M031,12845757
2025-07-10,M032,23322967
2025-07-10,M033,12614066
2025-07-10,M034,23566373
2025-07-10,M035,18223033
2025-07-10,M036,22350280
2025-07-10,M037,10701841
2025-07-10,M038,18142073
2025-07-10,M039,15018572
2025-07-10,M040,26936075
2025-07-10,M041,15389481
2025-07-10,M042,26630349
2025-07-10,M043,14683158
2025-07-10,M044,28017944
2025-07-10,M045,14208289
2025-07-10,M046,21202361
2025-07-10,M047,16372743
2025-07-10,M048,31350590
2025-07-11,M001,6162494
2025-07-11,M002,7833534
2025-07-11,M003,9456129
2025-07-11,M004,8082201
2025-07-11,M005,10070150
2025-07-11,M006,12644243
2025-07-11,M007,16609039
2025-07-11,M008,7875072
2025-07-11,M009,9274539
2025-07-11,M010,11363790
2025-07-11,M011,12328599
2025-07-11,M012,11262418
2025-07-11,M013,13353642
2025-07-11,M014,16086030
2025-07-11,M015,11096449
2025-07-11,M016,9914189
2025-07-11,M017,11894016
2025-07-11,M018,16100258
2025-07-11,M019,17189831
2025-07-11,M020,12989035
2025-07-11,M021,14926623
2025-07-11,M022,11576183
2025-07-11,M023,15767353
2025-07-11,M024,11777851
2025-07-11,M025,14844265
2025-07-11,M026,16957816
2025-07-11,M027,20421993
2025-07-11,M028,16548102
2025-07-11,M029,11803559
2025-07-11,M030,16009086
2025-07-11,M031,17863178
2025-07-11,M032,15782150
2025-07-11,M033,15988447
2025-07-11,M034,22002342
2025-07-11,M035,25450556
2025-07-11,M036,12819093
2025-07-11,M037,13944120
2025-07-11,M038,18426425
2025-07-11,M039,19652937
2025-07-11,M040,17523116
2025-07-11,M041,19755708
2025-07-11,M042,24266912
2025-07-11,M043,20716824
2025-07-11,M044,16416024
2025-07-11,M045,19027950
2025-07-11,M046,21183751
2025-07-11,M047,25177889
2025-07-11,M048,17656038
2025-07-12,M001,7202545
2025-07-12,M002,6622882
2025-07-12,M003,7520785
2025-07-12,M004,7658869
2025-07-12,M005,12480167
2025-07-12,M006,11709033
2025-07-12,M007,13375888
2025-07-12,M008,5943240
2025-07-12,M009,10480011
2025-07-12,M010,9179669
2025-07-12,M011,10261782
2025-07-12,M012,9693798
2025-07-12,M013,15738076
2025-07-12,M014,13174971
2025-07-12,M015,9092062
2025-07-12,M016,8551292
2025-07-12,M017,15212689
2025-07-12,M018,12207248
2025-07-12,M019,11879060
2025-07-12,M020,10654805
2025-07-12,M021,18138342
2025-07-12,M022,10226896
2025-07-12,M023,11385139
2025-07-12,M024,9604603
2025-07-12,M025,18833095
2025-07-12,M026,14591422
2025-07-12,M027,16242656
2025-07-12,M028,13573753
2025-07-12,M029,13906574
2025-07-12,M030,12273084
2025-07-12,M031,13834928
2025-07-12,M032,12336905
2025-07-12,M033,20579824
2025-07-12,M034,16173318
2025-07-12,M035,19129028
2025-07-12,M036,11566350
2025-07-12,M037,17450273
2025-07-12,M038,13944562
2025-07-12,M039,15234274
2025-07-12,M040,12862705
2025-07-12,M041,23200529
2025-07-12,M042,20422800
2025-07-12,M043,14449887
2025-07-12,M044,13837558
2025-07-12,M045,21667670
2025-07-12,M046,16926490
2025-07-12,M047,20274643
2025-07-12,M048,16386471
2025-07-13,M001,6702797
2025-07-13,M002,5862690
2025-07-13,M003,8243562
2025-07-13,M004,9431653
2025-07-13,M005,13024102
2025-07-13,M006,9515829
2025-07-13,M007,12367394
2025-07-13,M008,7274976
2025-07-13,M009,11099839
2025-07-13,M010,7923173
2025-07-13,M011,10268692
2025-07-13,M012,10873222
2025-07-13,M013,15100022
2025-07-13,M014,10617861
2025-07-13,M015,8865623
2025-07-13,M016,10018309
2025-07-13,M017,13194125
2025-07-13,M018,10031245
2025-07-13,M019,13105342
2025-07-13,M020,13808347
2025-07-13,M021,18097712
2025-07-13,M022,8172770
2025-07-13,M023,12010235
2025-07-13,M024,12115946
2025-07-13,M025,17143861
2025-07-13,M026,12935675
2025-07-13,M027,16435365
2025-07-13,M028,15508490
2025-07-13,M029,13248646
2025-07-13,M030,11210697
2025-07-13,M031,14053674
2025-07-13,M032,16040191
2025-07-13,M033,18835683
2025-07-13,M034,14414644
2025-07-13,M035,19226512
2025-07-13,M036,14249107
2025-07-13,M037,16120560
2025-07-13,M038,12659970
2025-07-13,M039,16584355
2025-07-13,M040,19056536
2025-07-13,M041,22027590
2025-07-13,M042,16987147
2025-07-13,M043,16272525
2025-07-13,M044,16976292
2025-07-13,M045,22759809
2025-07-13,M046,15125673
2025-07-13,M047,19799636
2025-07-13,M048,19325661
2025-07-14,M001,4165498
2025-07-14,M002,9400057
2025-07-14,M003,7615980
2025-07-14,M004,14260148
2025-07-14,M005,8063326
2025-07-14,M006,14882192
2025-07-14,M007,11112909
2025-07-14,M008,12311857
2025-07-14,M009,6381624
2025-07-14,M010,12668601
2025-07-14,M011,8881825
2025-07-14,M012,18466326
2025-07-14,M013,9304099
2025-07-14,M014,16924693
2025-07-14,M015,8173668
2025-07-14,M016,15472118
2025-07-14,M017,8097314
2025-07-14,M018,16165494
2025-07-14,M019,12517392
2025-07-14,M020,23108243
2025-07-14,M021,10832885
2025-07-14,M022,12446377
2025-07-14,M023,10037238
2025-07-14,M024,20634090
2025-07-14,M025,11113431
2025-07-14,M026,20596350
2025-07-14,M027,15051777
2025-07-14,M028,26290159
2025-07-14,M029,8868263
2025-07-14,M030,15782627
2025-07-14,M031,13308596
2025-07-14,M032,24562146
2025-07-14,M033,13458043
2025-07-14,M034,24588680
2025-07-14,M035,17885268
2025-07-14,M036,23122985
2025-07-14,M037,10292867
2025-07-14,M038,19216878
2025-07-14,M039,16182078
2025-07-14,M040,26179640
2025-07-14,M041,13924942
2025-07-14,M042,25121072
2025-07-14,M043,14677428
2025-07-14,M044,25663973
2025-07-14,M045,14599521
2025-07-14,M046,22552376
2025-07-14,M047,17790674
2025-07-14,M048,31599845
2025-07-15,M001,5648113
2025-07-15,M002,7877903
2025-07-15,M003,10300500
2025-07-15,M004,9158935
2025-07-15,M005,11098287
2025-07-15,M006,14067635
2025-07-15,M007,15833018
2025-07-15,M008,7068797
2025-07-15,M009,9491822
2025-07-15,M010,11536989
2025-07-15,M011,12896653
2025-07-15,M012,11054123
2025-07-15,M013,12122372
2025-07-15,M014,17502997
2025-07-15,M015,11615650
2025-07-15,M016,10089025
2025-07-15,M017,12155243
2025-07-15,M018,14192223
2025-07-15,M019,15291172
2025-07-15,M020,12427677
2025-07-15,M021,15775328
2025-07-15,M022,13217504
2025-07-15,M023,14831298
2025-07-15,M024,12060175
2025-07-15,M025,15485953
2025-07-15,M026,17221335
2025-07-15,M027,22478742
2025-07-15,M028,16184688
2025-07-15,M029,11593713
2025-07-15,M030,14691936
2025-07-15,M031,18620604
2025-07-15,M032,15879364
2025-07-15,M033,16246263
2025-07-15,M034,20818477
2025-07-15,M035,24935471
2025-07-15,M036,13478187
2025-07-15,M037,13545999
2025-07-15,M038,17971975
2025-07-15,M039,21976928
2025-07-15,M040,16956363
2025-07-15,M041,20473357
2025-07-15,M042,22389940
2025-07-15,M043,19413824
2025-07-15,M044,16562616
2025-07-15,M045,19767962
2025-07-15,M046,20027969
2025-07-15,M047,25159606
2025-07-15,M048,18869462
2025-07-16,M001,8491414
2025-07-16,M002,6788603
2025-07-16,M003,8965104
2025-07-16,M004,7344275
2025-07-16,M005,14039882
2025-07-16,M006,11200433
2025-07-16,M007,13054931
2025-07-16,M008,6440516
2025-07-16,M009,12538267
2025-07-16,M010,9711179
2025-07-16,M011,10885951
2025-07-16,M012,10561320
2025-07-16,M013,18533800
2025-07-16,M014,14071106
2025-07-16,M015,10949056
2025-07-16,M016,9128540
2025-07-16,M017,15079646
2025-07-16,M018,13287999
2025-07-16,M019,13965694
2025-07-16,M020,11047402
2025-07-16,M021,21935274
2025-07-16,M022,11947323
2025-07-16,M023,13442649
2025-07-16,M024,10593663
2025-07-16,M025,18870456
2025-07-16,M026,16355878
2025-07-16,M027,18521217
2025-07-16,M028,13271067
2025-07-16,M029,14911933
2025-07-16,M030,13352909
2025-07-16,M031,16446055
2025-07-16,M032,12416434
2025-07-16,M033,21093561
2025-07-16,M034,17662071
2025-07-16,M035,22628164
2025-07-16,M036,12154520
2025-07-16,M037,17909644
2025-07-16,M038,15255690
2025-07-16,M039,18311644
2025-07-16,M040,15571212
2025-07-16,M041,25857294
2025-07-16,M042,21029629
2025-07-16,M043,18470603
2025-07-16,M044,14345774
2025-07-16,M045,23548012
2025-07-16,M046,19244019
2025-07-16,M047,21331766
2025-07-16,M048,17337925
2025-07-17,M001,7159531
2025-07-17,M002,6456924
2025-07-17,M003,8610303
2025-07-17,M004,10130136
2025-07-17,M005,14045643
2025-07-17,M006,11142222
2025-07-17,M007,15012689
2025-07-17,M008,8625901
2025-07-17,M009,12523570
2025-07-17,M010,8885013
2025-07-17,M011,10776321
2025-07-17,M012,13281875
2025-07-17,M013,17454882
2025-07-17,M014,12926932
2025-07-17,M015,9552525
2025-07-17,M016,11381326
2025-07-17,M017,16359257
2025-07-17,M018,11019471
2025-07-17,M019,13882252
2025-07-17,M020,16176377
2025-07-17,M021,19227423
2025-07-17,M022,9322645
2025-07-17,M023,12669989
2025-07-17,M024,13317927
2025-07-17,M025,19802158
2025-07-17,M026,13184040
2025-07-17,M027,18764817
2025-07-17,M028,18866824
2025-07-17,M029,14750267
2025-07-17,M030,11809188
2025-07-17,M031,16605426
2025-07-17,M032,16248576
2025-07-17,M033,24040557
2025-07-17,M034,15814479
2025-07-17,M035,20000364
2025-07-17,M036,16425526
2025-07-17,M037,18850758
2025-07-17,M038,13468282
2025-07-17,M039,18207969
2025-07-17,M040,21161348
2025-07-17,M041,24461549
2025-07-17,M042,18864459
2025-07-17,M043,17303877
2025-07-17,M044,19092054
2025-07-17,M045,23661809
2025-07-17,M046,15590694
2025-07-17,M047,20298587
2025-07-17,M048,21888645
2025-07-18,M001,4609136
2025-07-18,M002,8086282
2025-07-18,M003,7791651
2025-07-18,M004,14038254
2025-07-18,M005,8007921
2025-07-18,M006,15799185
2025-07-18,M007,11093334
2025-07-18,M008,11941820
2025-07-18,M009,7367246
2025-07-18,M010,12145469
2025-07-18,M011,9299656
2025-07-18,M012,17382947
2025-07-18,M013,8992677
2025-07-18,M014,17769350
2025-07-18,M015,8683185
2025-07-18,M016,15165125
2025-07-18,M017,9253740
2025-07-18,M018,17833343
2025-07-18,M019,12268075
2025-07-18,M020,20043071
2025-07-18,M021,11144320
2025-07-18,M022,13945125
2025-07-18,M023,10239051
2025-07-18,M024,18822998
2025-07-18,M025,9985102
2025-07-18,M026,19175368
2025-07-18,M027,15715849
2025-07-18,M028,25914350
2025-07-18,M029,8182484
2025-07-18,M030,17481049
2025-07-18,M031,12766630
2025-07-18,M032,25635966
2025-07-18,M033,12005325
2025-07-18,M034,21099387
2025-07-18,M035,18131574
2025-07-18,M036,23931747
2025-07-18,M037,10517420
2025-07-18,M038,19359258
2025-07-18,M039,16494501
2025-07-18,M040,28103331
2025-07-18,M041,13818121
2025-07-18,M042,24054417
2025-07-18,M043,13547563
2025-07-18,M044,28497787
2025-07-18,M045,13271257
2025-07-18,M046,22274868
2025-07-18,M047,18615149
2025-07-18,M048,30963027
2025-07-19,M001,5302493
2025-07-19,M002,7467733
2025-07-19,M003,9371445
2025-07-19,M004,7771919
2025-07-19,M005,9616851
2025-07-19,M006,12583227
2025-07-19,M007,15253813
2025-07-19,M008,6591055
2025-07-19,M009,7832256
2025-07-19,M010,9729827
2025-07-19,M011,12050601
2025-07-19,M012,10703509
2025-07-19,M013,11038863
2025-07-19,M014,14837846
2025-07-19,M015,11292089
2025-07-19,M016,9497181
2025-07-19,M017,11436216
2025-07-19,M018,14179531
2025-07-19,M019,14261261
2025-07-19,M020,12112038
2025-07-19,M021,13955989
2025-07-19,M022,11584714
2025-07-19,M023,13306969
2025-07-19,M024,11294508
2025-07-19,M025,13987315
2025-07-19,M026,16225339
2025-07-19,M027,20269448
2025-07-19,M028,14280906
2025-07-19,M029,11229143
2025-07-19,M030,13819309
2025-07-19,M031,16195407
2025-07-19,M032,12692308
2025-07-19,M033,14362946
2025-07-19,M034,19036261
2025-07-19,M035,21862800
2025-07-19,M036,12183627
2025-07-19,M037,13682553
2025-07-19,M038,17300872
2025-07-19,M039,19404531
2025-07-19,M040,16181174
2025-07-19,M041,17274098
2025-07-19,M042,19998043
2025-07-19,M043,18788791
2025-07-19,M044,15362468
2025-07-19,M045,15808014
2025-07-19,M046,18719322
2025-07-19,M047,20369762
2025-07-19,M048,16302288
2025-07-20,M001,7142823
2025-07-20,M002,6929470
2025-07-20,M003,7956707
2025-07-20,M004,7394320
2025-07-20,M005,13607216
2025-07-20,M006,10850246
2025-07-20,M007,13605327
2025-07-20,M008,6177807
2025-07-20,M009,11808734
2025-07-20,M010,8424833
2025-07-20,M011,9666825
2025-07-20,M012,9536491
2025-07-20,M013,14700375
2025-07-20,M014,12845018
2025-07-20,M015,9089781
2025-07-20,M016,8501269
2025-07-20,M017,15238470
2025-07-20,M018,13028721
2025-07-20,M019,13257486
2025-07-20,M020,10572726
2025-07-20,M021,18370152
2025-07-20,M022,10160656
2025-07-20,M023,10947404
2025-07-20,M024,10240445
2025-07-20,M025,16356380
2025-07-20,M026,13992045
2025-07-20,M027,17209149
2025-07-20,M028,11814280
2025-07-20,M029,15388208
2025-07-20,M030,11365873
2025-07-20,M031,14342756
2025-07-20,M032,11971931
2025-07-20,M033,20340200
2025-07-20,M034,16502525
2025-07-20,M035,19115264
2025-07-20,M036,11244105
2025-07-20,M037,17762679
2025-07-20,M038,14873356
2025-07-20,M039,17318676
2025-07-20,M040,12811158
2025-07-20,M041,25367594
2025-07-20,M042,18354747
2025-07-20,M043,15034704
2025-07-20,M044,14282102
2025-07-20,M045,23647927
2025-07-20,M046,16499043
2025-07-20,M047,20169065
2025-07-20,M048,16595388
2025-07-21,M001,7815899
2025-07-21,M002,5770432
2025-07-21,M003,9142393
2025-07-21,M004,10487933
2025-07-21,M005,14219550
2025-07-21,M006,10341568
2025-07-21,M007,13212830
2025-07-21,M008,8948424
2025-07-21,M009,12178089
2025-07-21,M010,8755444
2025-07-21,M011,11763852
2025-07-21,M012,11803813
2025-07-21,M013,18445196
2025-07-21,M014,11781036
2025-07-21,M015,9806361
2025-07-21,M016,11586058
2025-07-21,M017,16194395
2025-07-21,M018,11387411
2025-07-21,M019,14703298
2025-07-21,M020,15442590
2025-07-21,M021,21704920
2025-07-21,M022,9646875
2025-07-21,M023,13267829
2025-07-21,M024,13254172
2025-07-21,M025,17698873
2025-07-21,M026,14424706
2025-07-21,M027,17788486
2025-07-21,M028,16713816
2025-07-21,M029,14757316
2025-07-21,M030,12391896
2025-07-21,M031,14826284
2025-07-21,M032,15968602
2025-07-21,M033,22545747
2025-07-21,M034,16276320
2025-07-21,M035,19667382
2025-07-21,M036,17228503
2025-07-21,M037,18148922
2025-07-21,M038,13959689
2025-07-21,M039,18445578
2025-07-21,M040,20143779
2025-07-21,M041,27503067
2025-07-21,M042,16964822
2025-07-21,M043,15955080
2025-07-21,M044,20220314
2025-07-21,M045,24644275
2025-07-21,M046,15533270
2025-07-21,M047,21771236
2025-07-21,M048,23024444
2025-07-22,M001,4559319
2025-07-22,M002,8484327
2025-07-22,M003,7605660
2025-07-22,M004,13794351
2025-07-22,M005,7794838
2025-07-22,M006,15093530
2025-07-22,M007,11580568
2025-07-22,M008,11738800
2025-07-22,M009,6596895
2025-07-22,M010,11759732
2025-07-22,M011,8913043
2025-07-22,M012,17358324
2025-07-22,M013,8933375
2025-07-22,M014,16466945
2025-07-22,M015,9038073
2025-07-22,M016,17396033
2025-07-22,M017,9249558
2025-07-22,M018,17500925
2025-07-22,M019,12243389
2025-07-22,M020,20709954
2025-07-22,M021,10816443
2025-07-22,M022,13984227
2025-07-22,M023,10106059
2025-07-22,M024,20496651
2025-07-22,M025,11018487
2025-07-22,M026,21135685
2025-07-22,M027,15727104
2025-07-22,M028,26999765
2025-07-22,M029,8283689
2025-07-22,M030,15901710
2025-07-22,M031,12664372
2025-07-22,M032,24358716
2025-07-22,M033,13402933
2025-07-22,M034,22313192
2025-07-22,M035,17856914
2025-07-22,M036,22896496
2025-07-22,M037,10142119
2025-07-22,M038,20095312
2025-07-22,M039,14760377
2025-07-22,M040,28677520
2025-07-22,M041,15078331
2025-07-22,M042,26886771
2025-07-22,M043,13699005
2025-07-22,M044,27736520
2025-07-22,M045,13414178
2025-07-22,M046,22380166
2025-07-22,M047,17672820
2025-07-22,M048,31934765
2025-07-23,M001,5798041
2025-07-23,M002,7965374
2025-07-23,M003,10436744
2025-07-23,M004,8426312
2025-07-23,M005,10507093
2025-07-23,M006,12973966
2025-07-23,M007,15192741
2025-07-23,M008,7957586
2025-07-23,M009,8776621
2025-07-23,M010,10648890
2025-07-23,M011,12399996
2025-07-23,M012,11911052
2025-07-23,M013,13724410
2025-07-23,M014,17741532
2025-07-23,M015,11692215
2025-07-23,M016,9982722
2025-07-23,M017,11593494
2025-07-23,M018,15996489
2025-07-23,M019,16557842
2025-07-23,M020,13222240
2025-07-23,M021,14692714
2025-07-23,M022,12909366
2025-07-23,M023,14889423
2025-07-23,M024,11849908
2025-07-23,M025,15429309
2025-07-23,M026,18446366
2025-07-23,M027,22141473
2025-07-23,M028,14593721
2025-07-23,M029,11624059
2025-07-23,M030,14414630
2025-07-23,M031,18819629
2025-07-23,M032,14800614
2025-07-23,M033,16430072
2025-07-23,M034,22047763
2025-07-23,M035,25781879
2025-07-23,M036,14574131
2025-07-23,M037,14525330
2025-07-23,M038,18728626
2025-07-23,M039,21942637
2025-07-23,M040,17009160
2025-07-23,M041,18796065
2025-07-23,M042,24647223
2025-07-23,M043,20576883
2025-07-23,M044,17461710
2025-07-23,M045,20178302
2025-07-23,M046,21126924
2025-07-23,M047,23414739
2025-07-23,M048,17692253
2025-07-24,M001,7659849
2025-07-24,M002,7415155
2025-07-24,M003,9174634
2025-07-24,M004,7298900
2025-07-24,M005,13280615
2025-07-24,M006,12078352
2025-07-24,M007,14627490
2025-07-24,M008,6951158
2025-07-24,M009,13154104
2025-07-24,M010,10212785
2025-07-24,M011,11585921
2025-07-24,M012,10409006
2025-07-24,M013,18516925
2025-07-24,M014,15390186
2025-07-24,M015,9524561
2025-07-24,M016,9539431
2025-07-24,M017,17139095
2025-07-24,M018,14366385
2025-07-24,M019,13017048
2025-07-24,M020,12506825
2025-07-24,M021,20564748
2025-07-24,M022,11007533
2025-07-24,M023,12515295
2025-07-24,M024,11382894
2025-07-24,M025,19105940
2025-07-24,M026,16882416
2025-07-24,M027,19023140
2025-07-24,M028,13870129
2025-07-24,M029,15080207
2025-07-24,M030,14535193
2025-07-24,M031,16368782
2025-07-24,M032,13698410
2025-07-24,M033,23527313
2025-07-24,M034,20322506
2025-07-24,M035,20141321
2025-07-24,M036,12204891
2025-07-24,M037,18787092
2025-07-24,M038,16680220
2025-07-24,M039,17662106
2025-07-24,M040,14399102
2025-07-24,M041,27474966
2025-07-24,M042,22218682
2025-07-24,M043,18581552
2025-07-24,M044,14642868
2025-07-24,M045,25577762
2025-07-24,M046,17822003
2025-07-24,M047,19647009
2025-07-24,M048,18053496
2025-07-25,M001,7807359
2025-07-25,M002,5927732
2025-07-25,M003,8363627
2025-07-25,M004,10452935
2025-07-25,M005,13782581
2025-07-25,M006,10989084
2025-07-25,M007,14854278
2025-07-25,M008,9046024
2025-07-25,M009,12921125
2025-07-25,M010,8645982
2025-07-25,M011,11411702
2025-07-25,M012,12361515
2025-07-25,M013,18106937
2025-07-25,M014,12138514
2025-07-25,M015,9673265
2025-07-25,M016,11725229
2025-07-25,M017,16035941
2025-07-25,M018,11284105
2025-07-25,M019,13498943
2025-07-25,M020,14871577
2025-07-25,M021,19551477
2025-07-25,M022,10085382
2025-07-25,M023,13134581
2025-07-25,M024,13507514
2025-07-25,M025,18241776
2025-07-25,M026,13175928
2025-07-25,M027,19053464
2025-07-25,M028,19076194
2025-07-25,M029,16927324
2025-07-25,M030,11383409
2025-07-25,M031,16510391
2025-07-25,M032,17171170
2025-07-25,M033,21868465
2025-07-25,M034,15145346
2025-07-25,M035,21639033
2025-07-25,M036,16048612
2025-07-25,M037,19096901
2025-07-25,M038,14232506
2025-07-25,M039,17174331
2025-07-25,M040,20347375
2025-07-25,M041,26347667
2025-07-25,M042,18189178
2025-07-25,M043,16497904
2025-07-25,M044,18940051
2025-07-25,M045,26434648
2025-07-25,M046,15941804
2025-07-25,M047,20284720
2025-07-25,M048,22030083
2025-07-26,M001,4006101
2025-07-26,M002,8214170
2025-07-26,M003,6706530
2025-07-26,M004,12120805
2025-07-26,M005,7284532
2025-07-26,M006,13155637
2025-07-26,M007,11004914
2025-07-26,M008,11106052
2025-07-26,M009,6081850
2025-07-26,M010,11427191
2025-07-26,M011,8929982
2025-07-26,M012,17442625
2025-07-26,M013,8810346
2025-07-26,M014,16111150
2025-07-26,M015,7555766
2025-07-26,M016,15053237
2025-07-26,M017,7674080
2025-07-26,M018,15224585
2025-07-26,M019,10993138
2025-07-26,M020,19327980
2025-07-26,M021,9959959
2025-07-26,M022,11510417
2025-07-26,M023,9668191
2025-07-26,M024,17161886
2025-07-26,M025,9965620
2025-07-26,M026,17590753
2025-07-26,M027,15006222
2025-07-26,M028,24365243
2025-07-26,M029,7737994
2025-07-26,M030,15952085
2025-07-26,M031,11960376
2025-07-26,M032,19952030
2025-07-26,M033,11180772
2025-07-26,M034,22037486
2025-07-26,M035,15151536
2025-07-26,M036,21169087
2025-07-26,M037,9397667
2025-07-26,M038,18884020
2025-07-26,M039,14572782
2025-07-26,M040,26412978
2025-07-26,M041,12924637
2025-07-26,M042,24504409
2025-07-26,M043,12275702
2025-07-26,M044,23391424
2025-07-26,M045,13341307
2025-07-26,M046,19110074
2025-07-26,M047,14986324
2025-07-26,M048,28581639
2025-07-27,M001,4948155
2025-07-27,M002,7098245
2025-07-27,M003,9613704
2025-07-27,M004,7267123
2025-07-27,M005,9835394
2025-07-27,M006,11432594
2025-07-27,M007,14073179
2025-07-27,M008,7115057
2025-07-27,M009,8675433
2025-07-27,M010,9712582
2025-07-27,M011,11796523
2025-07-27,M012,9931847
2025-07-27,M013,11682222
2025-07-27,M014,14940965
2025-07-27,M015,11106868
2025-07-27,M016,8639919
2025-07-27,M017,10937880
2025-07-27,M018,13746667
2025-07-27,M019,15507706
2025-07-27,M020,12364513
2025-07-27,M021,14591025
2025-07-27,M022,11614526
2025-07-27,M023,12604969
2025-07-27,M024,10461874
2025-07-27,M025,12190755
2025-07-27,M026,15729432
2025-07-27,M027,20611196
2025-07-27,M028,14427128
2025-07-27,M029,11494453
2025-07-27,M030,12899737
2025-07-27,M031,17307937
2025-07-27,M032,13937225
2025-07-27,M033,16157594
2025-07-27,M034,20534794
2025-07-27,M035,21425916
2025-07-27,M036,13191084
2025-07-27,M037,12349755
2025-07-27,M038,16209614
2025-07-27,M039,20173716
2025-07-27,M040,16208344
2025-07-27,M041,17980925
2025-07-27,M042,21794957
2025-07-27,M043,17090615
2025-07-27,M044,14069768
2025-07-27,M045,17886794
2025-07-27,M046,18654939
2025-07-27,M047,22851940
2025-07-27,M048,16837649
2025-07-28,M001,8094144
2025-07-28,M002,7438124
2025-07-28,M003,9335906
2025-07-28,M004,7889366
2025-07-28,M005,14201315
2025-07-28,M006,12575755
2025-07-28,M007,15059804
2025-07-28,M008,6795295
2025-07-28,M009,11591183
2025-07-28,M010,9908268
2025-07-28,M011,11520391
2025-07-28,M012,9515991
2025-07-28,M013,16299100
2025-07-28,M014,14853835
2025-07-28,M015,9689555
2025-07-28,M016,8557469
2025-07-28,M017,15247454
2025-07-28,M018,12985169
2025-07-28,M019,14316735
2025-07-28,M020,11586188
2025-07-28,M021,20558911
2025-07-28,M022,10637902
2025-07-28,M023,13319245
2025-07-28,M024,10800643
2025-07-28,M025,19594990
2025-07-28,M026,16767307
2025-07-28,M027,17962293
2025-07-28,M028,13768901
2025-07-28,M029,16055585
2025-07-28,M030,13197369
2025-07-28,M031,15986780
2025-07-28,M032,13283103
2025-07-28,M033,22925569
2025-07-28,M034,18880424
2025-07-28,M035,22807841
2025-07-28,M036,12885565
2025-07-28,M037,19823585
2025-07-28,M038,16424580
2025-07-28,M039,18794524
2025-07-28,M040,16269482
2025-07-28,M041,27006827
2025-07-28,M042,21710815
2025-07-28,M043,17968223
2025-07-28,M044,15743109
2025-07-28,M045,25547861
2025-07-28,M046,18918196
2025-07-28,M047,19827997
2025-07-28,M048,18153748
2025-07-29,M001,7658105
2025-07-29,M002,5955650
2025-07-29,M003,8733663
2025-07-29,M004,10301948
2025-07-29,M005,13276211
2025-07-29,M006,9967906
2025-07-29,M007,14033033
2025-07-29,M008,8678296
2025-07-29,M009,12555004
2025-07-29,M010,7932280
2025-07-29,M011,10507661
2025-07-29,M012,13695991
2025-07-29,M013,15922121
2025-07-29,M014,12863784
2025-07-29,M015,9529778
2025-07-29,M016,12227887
2025-07-29,M017,16520721
2025-07-29,M018,11419034
2025-07-29,M019,14010367
2025-07-29,M020,14166384
2025-07-29,M021,21581789
2025-07-29,M022,8887038
2025-07-29,M023,13812260
2025-07-29,M024,13941184
2025-07-29,M025,17973867
2025-07-29,M026,14681449
2025-07-29,M027,18125700
2025-07-29,M028,16926722
2025-07-29,M029,14913378
2025-07-29,M030,11978943
2025-07-29,M031,15296774
2025-07-29,M032,15813444
2025-07-29,M033,22318664
2025-07-29,M034,16440668
2025-07-29,M035,21348919
2025-07-29,M036,15057040
2025-07-29,M037,18434708
2025-07-29,M038,12988136
2025-07-29,M039,18278432
2025-07-29,M040,20358194
2025-07-29,M041,26560534
2025-07-29,M042,17750615
2025-07-29,M043,17202683
2025-07-29,M044,19205904
2025-07-29,M045,25643541
2025-07-29,M046,15710106
2025-07-29,M047,20038203
2025-07-29,M048,22936740
2025-07-30,M001,4466836
2025-07-30,M002,9136814
2025-07-30,M003,7732131
2025-07-30,M004,14715781
2025-07-30,M005,7502123
2025-07-30,M006,15149092
2025-07-30,M007,12638932
2025-07-30,M008,12404391
2025-07-30,M009,7137604
2025-07-30,M010,11514683
2025-07-30,M011,9652890
2025-07-30,M012,19229138
2025-07-30,M013,9469325
2025-07-30,M014,19004547
2025-07-30,M015,8393368
2025-07-30,M016,15996694
2025-07-30,M017,8362953
2025-07-30,M018,15328932
2025-07-30,M019,12415217
2025-07-30,M020,21497432
2025-07-30,M021,10499140
2025-07-30,M022,12793084
2025-07-30,M023,11713547
2025-07-30,M024,19510246
2025-07-30,M025,11479619
2025-07-30,M026,20768478
2025-07-30,M027,15828437
2025-07-30,M028,24360034
2025-07-30,M029,9037449
2025-07-30,M030,15185536
2025-07-30,M031,12887003
2025-07-30,M032,25629582
2025-07-30,M033,12942396
2025-07-30,M034,21610068
2025-07-30,M035,16887198
2025-07-30,M036,23812812
2025-07-30,M037,10810449
2025-07-30,M038,20492015
2025-07-30,M039,15501245
2025-07-30,M040,29159906
2025-07-30,M041,14498207
2025-07-30,M042,24640737
2025-07-30,M043,13466955
2025-07-30,M044,28463913
2025-07-30,M045,14507867
2025-07-30,M046,21098468
2025-07-30,M047,16989984
2025-07-30,M048,32358930
2025-07-31,M001,6272467
2025-07-31,M002,8305266
2025-07-31,M003,10296061
2025-07-31,M004,8157380
2025-07-31,M005,10055190
2025-07-31,M006,12900943
2025-07-31,M007,15443189
2025-07-31,M008,7151607
2025-07-31,M009,8902791
2025-07-31,M010,10057190
2025-07-31,M011,12124411
2025-07-31,M012,10704806
2025-07-31,M013,12192442
2025-07-31,M014,17491186
2025-07-31,M015,11173383
2025-07-31,M016,10765813
2025-07-31,M017,11895024
2025-07-31,M018,16397630
2025-07-31,M019,16178716
2025-07-31,M020,12347262
2025-07-31,M021,16400047
2025-07-31,M022,12576511
2025-07-31,M023,14652042
2025-07-31,M024,13137313
2025-07-31,M025,13758553
2025-07-31,M026,19687262
2025-07-31,M027,19747765
2025-07-31,M028,15263914
2025-07-31,M029,11129461
2025-07-31,M030,14530641
2025-07-31,M031,18264924
2025-07-31,M032,13974220
2025-07-31,M033,18497377
2025-07-31,M034,21533579
2025-07-31,M035,24328878
2025-07-31,M036,14845974
2025-07-31,M037,14926787
2025-07-31,M038,18408641
2025-07-31,M039,22292800
2025-07-31,M040,16002856
2025-07-31,M041,19759664
2025-07-31,M042,24151398
2025-07-31,M043,19133876
2025-07-31,M044,16131848
2025-07-31,M045,20340885
2025-07-31,M046,20446486
2025-07-31,M047,23183099
2025-07-31,M048,20015591
2025-08-01,M001,7280597
2025-08-01,M002,5307930
2025-08-01,M003,7938555
2025-08-01,M004,8812072
2025-08-01,M005,11598472
2025-08-01,M006,9227244
2025-08-01,M007,11896074
2025-08-01,M008,8096348
2025-08-01,M009,10922134
2025-08-01,M010,7414605
2025-08-01,M011,10166169
2025-08-01,M012,10728851
2025-08-01,M013,16304352
2025-08-01,M014,10483001
2025-08-01,M015,9444846
2025-08-01,M016,9631229
2025-08-01,M017,14136729
2025-08-01,M018,10412005
2025-08-01,M019,12455695
2025-08-01,M020,13276994
2025-08-01,M021,18379866
2025-08-01,M022,8128602
2025-08-01,M023,11461125
2025-08-01,M024,12904638
2025-08-01,M025,16508994
2025-08-01,M026,12999117
2025-08-01,M027,17608974
2025-08-01,M028,15996114
2025-08-01,M029,15015929
2025-08-01,M030,10121610
2025-08-01,M031,14885147
2025-08-01,M032,16179529
2025-08-01,M033,20139351
2025-08-01,M034,13427406
2025-08-01,M035,19141913
2025-08-01,M036,14738775
2025-08-01,M037,16384679
2025-08-01,M038,11854176
2025-08-01,M039,16659813
2025-08-01,M040,17278442
2025-08-01,M041,24519338
2025-08-01,M042,15684920
2025-08-01,M043,16618541
2025-08-01,M044,18045985
2025-08-01,M045,20499502
2025-08-01,M046,13531655
2025-08-01,M047,19041616
2025-08-01,M048,19273353
2025-08-02,M001,3383155
2025-08-02,M002,7502465
2025-08-02,M003,6171702
2025-08-02,M004,12242674
2025-08-02,M005,5744425
2025-08-02,M006,11540007
2025-08-02,M007,9023144
2025-08-02,M008,10217828
2025-08-02,M009,5460744
2025-08-02,M010,8913970
2025-08-02,M011,7458388
2025-08-02,M012,14361736
2025-08-02,M013,7380831
2025-08-02,M014,13673158
2025-08-02,M015,6700555
2025-08-02,M016,13931415
2025-08-02,M017,6867574
2025-08-02,M018,12657678
2025-08-02,M019,9584391
2025-08-02,M020,16580516
2025-08-02,M021,9412846
2025-08-02,M022,10305299
2025-08-02,M023,8365665
2025-08-02,M024,17509125
2025-08-02,M025,8423570
2025-08-02,M026,15780885
2025-08-02,M027,12849045
2025-08-02,M028,20505707
2025-08-02,M029,7060050
2025-08-02,M030,13405015
2025-08-02,M031,10020285
2025-08-02,M032,20105041
2025-08-02,M033,10184371
2025-08-02,M034,18744032
2025-08-02,M035,15171248
2025-08-02,M036,17919464
2025-08-02,M037,8558855
2025-08-02,M038,15923915
2025-08-02,M039,11550599
2025-08-02,M040,23991776
2025-08-02,M041,11521218
2025-08-02,M042,21313283
2025-08-02,M043,11070219
2025-08-02,M044,22407039
2025-08-02,M045,11107954
2025-08-02,M046,17602664
2025-08-02,M047,14578718
2025-08-02,M048,23706156
2025-08-03,M001,4564903
2025-08-03,M002,6793673
2025-08-03,M003,8338110
2025-08-03,M004,6711659
2025-08-03,M005,8722362
2025-08-03,M006,10144085
2025-08-03,M007,13454079
2025-08-03,M008,6493979
2025-08-03,M009,7659216
2025-08-03,M010,8749923
2025-08-03,M011,10017610
2025-08-03,M012,8528736
2025-08-03,M013,10064803
2025-08-03,M014,12487762
2025-08-03,M015,9070627
2025-08-03,M016,7687865
2025-08-03,M017,10341840
2025-08-03,M018,12806861
2025-08-03,M019,12633830
2025-08-03,M020,10756559
2025-08-03,M021,13506311
2025-08-03,M022,10280655
2025-08-03,M023,10978110
2025-08-03,M024,10593596
2025-08-03,M025,11766526
2025-08-03,M026,14957720
2025-08-03,M027,18379100
2025-08-03,M028,13272458
2025-08-03,M029,10202058
2025-08-03,M030,11792872
2025-08-03,M031,13333973
2025-08-03,M032,11338715
2025-08-03,M033,12960820
2025-08-03,M034,17427595
2025-08-03,M035,19375040
2025-08-03,M036,11154520
2025-08-03,M037,11891312
2025-08-03,M038,13802756
2025-08-03,M039,15469569
2025-08-03,M040,14027031
2025-08-03,M041,15372258
2025-08-03,M042,20162649
2025-08-03,M043,14869580
2025-08-03,M044,13202956
2025-08-03,M045,14865882
2025-08-03,M046,17427655
2025-08-03,M047,19083834
2025-08-03,M048,16229215
2025-08-04,M001,6719779
2025-08-04,M002,6512421
2025-08-04,M003,7982661
2025-08-04,M004,7043202
2025-08-04,M005,12528862
2025-08-04,M006,11061020
2025-08-04,M007,13549962
2025-08-04,M008,6201784
2025-08-04,M009,11067164
2025-08-04,M010,8491994
2025-08-04,M011,9861373
2025-08-04,M012,9571019
2025-08-04,M013,14717472
2025-08-04,M014,13526789
2025-08-04,M015,8505453
2025-08-04,M016,8260527
2025-08-04,M017,14443202
2025-08-04,M018,11488037
2025-08-04,M019,13294269
2025-08-04,M020,9907161
2025-08-04,M021,18085476
2025-08-04,M022,9684488
2025-08-04,M023,11016627
2025-08-04,M024,9980555
2025-08-04,M025,18500818
2025-08-04,M026,15057744
2025-08-04,M027,15442661
2025-08-04,M028,11683757
2025-08-04,M029,14264287
2025-08-04,M030,12528454
2025-08-04,M031,14328450
2025-08-04,M032,11472884
2025-08-04,M033,19222591
2025-08-04,M034,16231518
2025-08-04,M035,19706431
2025-08-04,M036,11654345
2025-08-04,M037,16817426
2025-08-04,M038,14719934
2025-08-04,M039,17320070
2025-08-04,M040,14714850
2025-08-04,M041,23499991
2025-08-04,M042,20072842
2025-08-04,M043,16339870
2025-08-04,M044,13235364
2025-08-04,M045,21691164
2025-08-04,M046,16098644
2025-08-04,M047,17634040
2025-08-04,M048,16125768
2025-08-05,M001,6729148
2025-08-05,M002,5252864
2025-08-05,M003,7628127
2025-08-05,M004,9431574
2025-08-05,M005,12074901
2025-08-05,M006,8547370
2025-08-05,M007,12857184
2025-08-05,M008,8432838
2025-08-05,M009,10844793
2025-08-05,M010,7232088
2025-08-05,M011,10500079
2025-08-05,M012,10919470
2025-08-05,M013,14291350
2025-08-05,M014,12013952
2025-08-05,M015,9191484
2025-08-05,M016,9719746
2025-08-05,M017,14365490
2025-08-05,M018,10474673
2025-08-05,M019,11747342
2025-08-05,M020,13177666
2025-08-05,M021,17659573
2025-08-05,M022,8611788
2025-08-05,M023,11369568
2025-08-05,M024,11835878
2025-08-05,M025,15800094
2025-08-05,M026,11483936
2025-08-05,M027,16879143
2025-08-05,M028,15218467
2025-08-05,M029,14068843
2025-08-05,M030,10275435
2025-08-05,M031,14007153
2025-08-05,M032,14222858
2025-08-05,M033,21083760
2025-08-05,M034,13573306
2025-08-05,M035,19391141
2025-08-05,M036,13926712
2025-08-05,M037,17871224
2025-08-05,M038,12986908
2025-08-05,M039,15943915
2025-08-05,M040,16829708
2025-08-05,M041,22504331
2025-08-05,M042,16335888
2025-08-05,M043,14621989
2025-08-05,M044,16746669
2025-08-05,M045,21410923
2025-08-05,M046,13371969
2025-08-05,M047,18338904
2025-08-05,M048,21240782
2025-08-06,M001,3939498
2025-08-06,M002,8103869
2025-08-06,M003,6288768
2025-08-06,M004,12582770
2025-08-06,M005,7200795
2025-08-06,M006,12646128
2025-08-06,M007,11334994
2025-08-06,M008,10334345
2025-08-06,M009,5855580
2025-08-06,M010,11256280
2025-08-06,M011,7901285
2025-08-06,M012,15566280
2025-08-06,M013,9183321
2025-08-06,M014,14783227
2025-08-06,M015,7326433
2025-08-06,M016,13534023
2025-08-06,M017,8347863
2025-08-06,M018,15321094
2025-08-06,M019,9875837
2025-08-06,M020,19740371
2025-08-06,M021,9809467
2025-08-06,M022,11816733
2025-08-06,M023,10088727
2025-08-06,M024,19324599
2025-08-06,M025,8848286
2025-08-06,M026,17632652
2025-08-06,M027,14650508
2025-08-06,M028,22912074
2025-08-06,M029,8406773
2025-08-06,M030,13854917
2025-08-06,M031,12206021
2025-08-06,M032,21822169
2025-08-06,M033,10355166
2025-08-06,M034,19494472
2025-08-06,M035,15709058
2025-08-06,M036,20043895
2025-08-06,M037,9158368
2025-08-06,M038,17974853
2025-08-06,M039,13846378
2025-08-06,M040,24189983
2025-08-06,M041,13697049
2025-08-06,M042,23915990
2025-08-06,M043,13325303
2025-08-06,M044,24102323
2025-08-06,M045,12786410
2025-08-06,M046,19572787
2025-08-06,M047,15059976
2025-08-06,M048,29879294
2025-08-07,M001,5563905
2025-08-07,M002,7589703
2025-08-07,M003,8732271
2025-08-07,M004,7202390
2025-08-07,M005,10069376
2025-08-07,M006,12016792
2025-08-07,M007,13894615
2025-08-07,M008,6974817
2025-08-07,M009,8735270
2025-08-07,M010,9822703
2025-08-07,M011,11985794
2025-08-07,M012,9288497
2025-08-07,M013,11529741
2025-08-07,M014,15241876
2025-08-07,M015,10519578
2025-08-07,M016,9048125
2025-08-07,M017,11508324
2025-08-07,M018,13753398
2025-08-07,M019,14337163
2025-08-07,M020,11873192
2025-08-07,M021,13373934
2025-08-07,M022,10276430
2025-08-07,M023,14126313
2025-08-07,M024,11956555
2025-08-07,M025,12920644
2025-08-07,M026,15101664
2025-08-07,M027,20035413
2025-08-07,M028,14684909
2025-08-07,M029,11179813
2025-08-07,M030,14547206
2025-08-07,M031,15273213
2025-08-07,M032,12518352
2025-08-07,M033,14149424
2025-08-07,M034,19436013
2025-08-07,M035,21951550
2025-08-07,M036,12190358
2025-08-07,M037,13931758
2025-08-07,M038,15903752
2025-08-07,M039,18610555
2025-08-07,M040,16054108
2025-08-07,M041,17116470
2025-08-07,M042,21374655
2025-08-07,M043,18501176
2025-08-07,M044,14029462
2025-08-07,M045,15922938
2025-08-07,M046,19119881
2025-08-07,M047,21786357
2025-08-07,M048,17333922
2025-08-08,M001,6581709
2025-08-08,M002,6974312
2025-08-08,M003,8319541
2025-08-08,M004,7104879
2025-08-08,M005,13213441
2025-08-08,M006,11018478
2025-08-08,M007,12109472
2025-08-08,M008,5884543
2025-08-08,M009,11472449
2025-08-08,M010,8692063
2025-08-08,M011,10942871
2025-08-08,M012,8409572
2025-08-08,M013,14877698
2025-08-08,M014,12541957
2025-08-08,M015,9512167
2025-08-08,M016,7730492
2025-08-08,M017,15041972
2025-08-08,M018,11954223
2025-08-08,M019,11743952
2025-08-08,M020,10048553
2025-08-08,M021,19703491
2025-08-08,M022,10296210
2025-08-08,M023,12077416
2025-08-08,M024,10176234
2025-08-08,M025,17702505
2025-08-08,M026,14899030
2025-08-08,M027,17904502
2025-08-08,M028,13240130
2025-08-08,M029,13240447
2025-08-08,M030,11380858
2025-08-08,M031,14818641
2025-08-08,M032,11899973
2025-08-08,M033,19952070
2025-08-08,M034,17019000
2025-08-08,M035,17893453
2025-08-08,M036,11591760
2025-08-08,M037,18331900
2025-08-08,M038,13668352
2025-08-08,M039,17318297
2025-08-08,M040,13606448
2025-08-08,M041,24197112
2025-08-08,M042,20513078
2025-08-08,M043,15632848
2025-08-08,M044,12715986
2025-08-08,M045,22179973
2025-08-08,M046,17777754
2025-08-08,M047,18564980
2025-08-08,M048,14254287
2025-08-09,M001,6233001
2025-08-09,M002,4716003
2025-08-09,M003,6540595
2025-08-09,M004,7982877
2025-08-09,M005,10966084
2025-08-09,M006,7844201
2025-08-09,M007,11504134
2025-08-09,M008,6879369
2025-08-09,M009,9808882
2025-08-09,M010,7114275
2025-08-09,M011,8528819
2025-08-09,M012,9789203
2025-08-09,M013,12912133
2025-08-09,M014,9645173
2025-08-09,M015,8103756
2025-08-09,M016,9496191
2025-08-09,M017,12641745
2025-08-09,M018,9074962
2025-08-09,M019,10769867
2025-08-09,M020,12754424
2025-08-09,M021,16460221
2025-08-09,M022,8075505
2025-08-09,M023,11023976
2025-08-09,M024,12067942
2025-08-09,M025,15588327
2025-08-09,M026,10311256
2025-08-09,M027,15611496
2025-08-09,M028,14222119
2025-08-09,M029,13179841
2025-08-09,M030,9075714
2025-08-09,M031,12482966
2025-08-09,M032,12630121
2025-08-09,M033,17417422
2025-08-09,M034,12209984
2025-08-09,M035,17901096
2025-08-09,M036,13719944
2025-08-09,M037,16288602
2025-08-09,M038,10606072
2025-08-09,M039,14289697
2025-08-09,M040,14834164
2025-08-09,M041,20090819
2025-08-09,M042,13680863
2025-08-09,M043,12837870
2025-08-09,M044,13998711
2025-08-09,M045,18684798
2025-08-09,M046,12790763
2025-08-09,M047,15788198
2025-08-09,M048,18294695
2025-08-10,M001,3365410
2025-08-10,M002,7190763
2025-08-10,M003,5998471
2025-08-10,M004,11914041
2025-08-10,M005,6098097
2025-08-10,M006,11258612
2025-08-10,M007,8910202
2025-08-10,M008,9927856
2025-08-10,M009,5500296
2025-08-10,M010,9987780
2025-08-10,M011,7537806
2025-08-10,M012,14453731
2025-08-10,M013,7379874
2025-08-10,M014,13562036
2025-08-10,M015,6783462
2025-08-10,M016,12826372
2025-08-10,M017,7379186
2025-08-10,M018,14184747
2025-08-10,M019,9885340
2025-08-10,M020,16533454
2025-08-10,M021,9482757
2025-08-10,M022,10493866
2025-08-10,M023,9411957
2025-08-10,M024,16287166
2025-08-10,M025,9141796
2025-08-10,M026,14786487
2025-08-10,M027,12085259
2025-08-10,M028,20021702
2025-08-10,M029,7083965
2025-08-10,M030,12790429
2025-08-10,M031,11392592
2025-08-10,M032,19968209
2025-08-10,M033,10508865
2025-08-10,M034,19330650
2025-08-10,M035,14191528
2025-08-10,M036,17450846
2025-08-10,M037,7978292
2025-08-10,M038,14549528
2025-08-10,M039,12944201
2025-08-10,M040,22575277
2025-08-10,M041,11989040
2025-08-10,M042,21958133
2025-08-10,M043,12115386
2025-08-10,M044,19670241
2025-08-10,M045,11441817
2025-08-10,M046,16959198
2025-08-10,M047,14712562
2025-08-10,M048,23638306
2025-08-11,M001,5644627
2025-08-11,M002,7261496
2025-08-11,M003,9120228
2025-08-11,M004,8417477
2025-08-11,M005,9188064
2025-08-11,M006,11976470
2025-08-11,M007,14846779
2025-08-11,M008,6521524
2025-08-11,M009,8783959
2025-08-11,M010,10041267
2025-08-11,M011,10886740
2025-08-11,M012,10336348
2025-08-11,M013,12045668
2025-08-11,M014,14054802
2025-08-11,M015,10593305
2025-08-11,M016,8932417
2025-08-11,M017,10883913
2025-08-11,M018,13304504
2025-08-11,M019,15033856
2025-08-11,M020,11278965
2025-08-11,M021,14388318
2025-08-11,M022,10747660
2025-08-11,M023,12813133
2025-08-11,M024,11115132
2025-08-11,M025,13865754
2025-08-11,M026,17416784
2025-08-11,M027,20262910
2025-08-11,M028,13581139
2025-08-11,M029,11175410
2025-08-11,M030,13896121
2025-08-11,M031,16888162
2025-08-11,M032,13516292
2025-08-11,M033,16321337
2025-08-11,M034,19986762
2025-08-11,M035,21416872
2025-08-11,M036,11895977
2025-08-11,M037,13181296
2025-08-11,M038,17056992
2025-08-11,M039,18391380
2025-08-11,M040,15908921
2025-08-11,M041,16206604
2025-08-11,M042,22174442
2025-08-11,M043,16577439
2025-08-11,M044,14079051
2025-08-11,M045,16679871
2025-08-11,M046,19676347
2025-08-11,M047,22779334
2025-08-11,M048,17537771
2025-08-12,M001,7454579
2025-08-12,M002,6720760
2025-08-12,M003,7743963
2025-08-12,M004,6875844
2025-08-12,M005,11919079
2025-08-12,M006,10279910
2025-08-12,M007,12831962
2025-08-12,M008,5872926
2025-08-12,M009,10992339
2025-08-12,M010,8756630
2025-08-12,M011,10006868
2025-08-12,M012,9046323
2025-08-12,M013,16642923
2025-08-12,M014,13549343
2025-08-12,M015,9120633
2025-08-12,M016,7727415
2025-08-12,M017,13896954
2025-08-12,M018,11485311
2025-08-12,M019,12203311
2025-08-12,M020,10864947
2025-08-12,M021,17248251
2025-08-12,M022,9322217
2025-08-12,M023,12000353
2025-08-12,M024,10761894
2025-08-12,M025,18004347
2025-08-12,M026,15304100
2025-08-12,M027,16669876
2025-08-12,M028,11472659
2025-08-12,M029,13944975
2025-08-12,M030,11985280
2025-08-12,M031,15050827
2025-08-12,M032,12101939
2025-08-12,M033,21691426
2025-08-12,M034,16475092
2025-08-12,M035,17698804
2025-08-12,M036,10455903
2025-08-12,M037,16319512
2025-08-12,M038,15285649
2025-08-12,M039,15246901
2025-08-12,M040,13066322
2025-08-12,M041,23145357
2025-08-12,M042,19527866
2025-08-12,M043,15954866
2025-08-12,M044,12949129
2025-08-12,M045,21443364
2025-08-12,M046,17132677
2025-08-12,M047,19416401
2025-08-12,M048,16294789
2025-08-13,M001,6811346
2025-08-13,M002,5855577
2025-08-13,M003,7255899
2025-08-13,M004,9147629
2025-08-13,M005,13357400
2025-08-13,M006,9602049
2025-08-13,M007,12449840
2025-08-13,M008,7225052
2025-08-13,M009,11407980
2025-08-13,M010,7073080
2025-08-13,M011,10420681
2025-08-13,M012,12222643
2025-08-13,M013,16229189
2025-08-13,M014,11792067
2025-08-13,M015,8692781
2025-08-13,M016,11078297
2025-08-13,M017,15142507
2025-08-13,M018,10699639
2025-08-13,M019,12727909
2025-08-13,M020,12849069
2025-08-13,M021,18671493
2025-08-13,M022,8432329
2025-08-13,M023,11975560
2025-08-13,M024,13123246
2025-08-13,M025,16572828
2025-08-13,M026,13149944
2025-08-13,M027,15256763
2025-08-13,M028,15426889
2025-08-13,M029,14075702
2025-08-13,M030,11114045
2025-08-13,M031,14150247
2025-08-13,M032,14968185
2025-08-13,M033,20044057
2025-08-13,M034,15267053
2025-08-13,M035,18471255
2025-08-13,M036,13850978
2025-08-13,M037,15731504
2025-08-13,M038,13182692
2025-08-13,M039,16733142
2025-08-13,M040,16318862
2025-08-13,M041,23138275
2025-08-13,M042,17430208
2025-08-13,M043,15825920
2025-08-13,M044,15579028
2025-08-13,M045,23399245
2025-08-13,M046,12955960
2025-08-13,M047,18304290
2025-08-13,M048,19230803
2025-08-14,M001,3562821
2025-08-14,M002,7575183
2025-08-14,M003,6759234
2025-08-14,M004,13451351
2025-08-14,M005,7003652
2025-08-14,M006,13551819
2025-08-14,M007,11037544
2025-08-14,M008,11584835
2025-08-14,M009,6172466
2025-08-14,M010,10438351
2025-08-14,M011,8318995
2025-08-14,M012,15944789
2025-08-14,M013,9022897
2025-08-14,M014,16136270
2025-08-14,M015,7659709
2025-08-14,M016,15555052
2025-08-14,M017,7481037
2025-08-14,M018,13634084
2025-08-14,M019,9922992
2025-08-14,M020,18277181
2025-08-14,M021,10482325
2025-08-14,M022,11152408
2025-08-14,M023,9329870
2025-08-14,M024,17238783
2025-08-14,M025,9528856
2025-08-14,M026,18274698
2025-08-14,M027,14343740
2025-08-14,M028,23435782
2025-08-14,M029,8398889
2025-08-14,M030,15200624
2025-08-14,M031,12392028
2025-08-14,M032,22711772
2025-08-14,M033,10967211
2025-08-14,M034,20734246
2025-08-14,M035,15141649
2025-08-14,M036,19998935
2025-08-14,M037,9689231
2025-08-14,M038,17783662
2025-08-14,M039,14314912
2025-08-14,M040,25431200
2025-08-14,M041,12126372
2025-08-14,M042,23198094
2025-08-14,M043,12456911
2025-08-14,M044,24114604
2025-08-14,M045,11941859
2025-08-14,M046,19808215
2025-08-14,M047,15894192
2025-08-14,M048,28198240
2025-08-15,M001,5667628
2025-08-15,M002,7041387
2025-08-15,M003,9092944
2025-08-15,M004,7979098
2025-08-15,M005,9894956
2025-08-15,M006,11445872
2025-08-15,M007,15193952
2025-08-15,M008,7053715
2025-08-15,M009,8311297
2025-08-15,M010,9952666
2025-08-15,M011,11172365
2025-08-15,M012,9313853
2025-08-15,M013,11524007
2025-08-15,M014,14021820
2025-08-15,M015,10103424
2025-08-15,M016,8979588
2025-08-15,M017,11404161
2025-08-15,M018,13745968
2025-08-15,M019,13700702
2025-08-15,M020,11308474
2025-08-15,M021,13293390
2025-08-15,M022,10446743
2025-08-15,M023,14001239
2025-08-15,M024,10790862
2025-08-15,M025,12224117
2025-08-15,M026,17517828
2025-08-15,M027,20158450
2025-08-15,M028,13372201
2025-08-15,M029,10685338
2025-08-15,M030,13179620
2025-08-15,M031,16086377
2025-08-15,M032,13401794
2025-08-15,M033,16019731
2025-08-15,M034,18176526
2025-08-15,M035,20997532
2025-08-15,M036,11889493
2025-08-15,M037,13877699
2025-08-15,M038,16864531
2025-08-15,M039,19814248
2025-08-15,M040,15292609
2025-08-15,M041,18918756
2025-08-15,M042,21387796
2025-08-15,M043,16806530
2025-08-15,M044,14946947
2025-08-15,M045,16411945
2025-08-15,M046,18903352
2025-08-15,M047,20712528
2025-08-15,M048,18022088
2025-08-16,M001,6182573
2025-08-16,M002,5654938
2025-08-16,M003,7484860
2025-08-16,M004,6831948
2025-08-16,M005,11921954
2025-08-16,M006,10381942
2025-08-16,M007,11582409
2025-08-16,M008,5904277
2025-08-16,M009,10568186
2025-08-16,M010,7383344
2025-08-16,M011,9806921
2025-08-16,M012,8380011
2025-08-16,M013,14672077
2025-08-16,M014,12266845
2025-08-16,M015,8900450
2025-08-16,M016,7280751
2025-08-16,M017,12333788
2025-08-16,M018,11330260
2025-08-16,M019,10640450
2025-08-16,M020,9705945
2025-08-16,M021,17122965
2025-08-16,M022,8435470
2025-08-16,M023,9683048
2025-08-16,M024,8714767
2025-08-16,M025,16730481
2025-08-16,M026,12395492
2025-08-16,M027,15093972
2025-08-16,M028,11335963
2025-08-16,M029,12399165
2025-08-16,M030,11743625
2025-08-16,M031,13421893
2025-08-16,M032,10261538
2025-08-16,M033,18080078
2025-08-16,M034,14829425
2025-08-16,M035,18280189
2025-08-16,M036,10420433
2025-08-16,M037,14817391
2025-08-16,M038,13396214
2025-08-16,M039,15199148
2025-08-16,M040,11692096
2025-08-16,M041,21995686
2025-08-16,M042,16665443
2025-08-16,M043,14138645
2025-08-16,M044,11404946
2025-08-16,M045,21074318
2025-08-16,M046,15274474
2025-08-16,M047,16469827
2025-08-16,M048,13119484
2025-08-17,M001,6201212
2025-08-17,M002,4569147
2025-08-17,M003,6534056
2025-08-17,M004,7654842
2025-08-17,M005,11534083
2025-08-17,M006,8770844
2025-08-17,M007,10951754
2025-08-17,M008,6940842
2025-08-17,M009,10289624
2025-08-17,M010,6549215
2025-08-17,M011,9174998
2025-08-17,M012,10056477
2025-08-17,M013,14023908
2025-08-17,M014,10337334
2025-08-17,M015,7559747
2025-08-17,M016,9671966
2025-08-17,M017,12305809
2025-08-17,M018,9983835
2025-08-17,M019,11619044
2025-08-17,M020,11605634
2025-08-17,M021,16339560
2025-08-17,M022,7432708
2025-08-17,M023,11043450
2025-08-17,M024,10700476
2025-08-17,M025,15875891
2025-08-17,M026,12077592
2025-08-17,M027,14711885
2025-08-17,M028,14469089
2025-08-17,M029,12206609
2025-08-17,M030,9205155
2025-08-17,M031,12776204
2025-08-17,M032,14655989
2025-08-17,M033,18780861
2025-08-17,M034,12606082
2025-08-17,M035,18423157
2025-08-17,M036,13194768
2025-08-17,M037,14918841
2025-08-17,M038,11603318
2025-08-17,M039,14226346
2025-08-17,M040,15354573
2025-08-17,M041,20274824
2025-08-17,M042,14518050
2025-08-17,M043,12783940
2025-08-17,M044,15168724
2025-08-17,M045,20462536
2025-08-17,M046,13346519
2025-08-17,M047,15458289
2025-08-17,M048,19040671
2025-08-18,M001,4097182
2025-08-18,M002,7205425
2025-08-18,M003,6555843
2025-08-18,M004,12594834
2025-08-18,M005,6808683
2025-08-18,M006,13272136
2025-08-18,M007,10708899
2025-08-18,M008,11141698
2025-08-18,M009,5840193
2025-08-18,M010,11252952
2025-08-18,M011,7969467
2025-08-18,M012,16818699
2025-08-18,M013,8267834
2025-08-18,M014,17048616
2025-08-18,M015,7707091
2025-08-18,M016,15279805
2025-08-18,M017,8432126
2025-08-18,M018,14378174
2025-08-18,M019,10186816
2025-08-18,M020,19260697
2025-08-18,M021,10587113
2025-08-18,M022,11274192
2025-08-18,M023,9974652
2025-08-18,M024,17946904
2025-08-18,M025,10232542
2025-08-18,M026,19064911
2025-08-18,M027,14506017
2025-08-18,M028,22209628
2025-08-18,M029,7363345
2025-08-18,M030,14809033
2025-08-18,M031,11842142
2025-08-18,M032,19774455
2025-08-18,M033,10345677
2025-08-18,M034,20969180
2025-08-18,M035,16619725
2025-08-18,M036,21651371
2025-08-18,M037,8946725
2025-08-18,M038,18496872
2025-08-18,M039,13064119
2025-08-18,M040,26118904
2025-08-18,M041,13313905
2025-08-18,M042,22936641
2025-08-18,M043,13296720
2025-08-18,M044,24784482
2025-08-18,M045,11566803
2025-08-18,M046,19454052
2025-08-18,M047,15894770
2025-08-18,M048,26816984
2025-08-19,M001,5143383
2025-08-19,M002,7460598
2025-08-19,M003,9220692
2025-08-19,M004,7386599
2025-08-19,M005,9748992
2025-08-19,M006,11496738
2025-08-19,M007,15175687
2025-08-19,M008,6282556
2025-08-19,M009,8251140
2025-08-19,M010,9361711
2025-08-19,M011,11926242
2025-08-19,M012,9801939
2025-08-19,M013,12056417
2025-08-19,M014,15578084
2025-08-19,M015,10041693
2025-08-19,M016,9442405
2025-08-19,M017,10471197
2025-08-19,M018,14217949
2025-08-19,M019,13465404
2025-08-19,M020,11806847
2025-08-19,M021,12864410
2025-08-19,M022,10647544
2025-08-19,M023,13945285
2025-08-19,M024,11795794
2025-08-19,M025,13630210
2025-08-19,M026,17328266
2025-08-19,M027,18125416
2025-08-19,M028,12979843
2025-08-19,M029,10633480
2025-08-19,M030,12740382
2025-08-19,M031,17067161
2025-08-19,M032,13494313
2025-08-19,M033,16015997
2025-08-19,M034,17595043
2025-08-19,M035,21031540
2025-08-19,M036,12138536
2025-08-19,M037,11944022
2025-08-19,M038,15083478
2025-08-19,M039,17541973
2025-08-19,M040,14578037
2025-08-19,M041,17131649
2025-08-19,M042,21550192
2025-08-19,M043,18822358
2025-08-19,M044,15445593
2025-08-19,M045,17717481
2025-08-19,M046,19547698
2025-08-19,M047,22360365
2025-08-19,M048,17884061
2025-08-20,M001,7020873
2025-08-20,M002,6629659
2025-08-20,M003,7956873
2025-08-20,M004,7303039
2025-08-20,M005,13375495
2025-08-20,M006,11698514
2025-08-20,M007,12803877
2025-08-20,M008,5734041
2025-08-20,M009,10304866
2025-08-20,M010,9328061
2025-08-20,M011,9816860
2025-08-20,M012,8275790
2025-08-20,M013,14628521
2025-08-20,M014,13478320
2025-08-20,M015,9404510
2025-08-20,M016,7974104
2025-08-20,M017,13378004
2025-08-20,M018,11814739
2025-08-20,M019,11671249
2025-08-20,M020,10938546
2025-08-20,M021,19223895
2025-08-20,M022,10422971
2025-08-20,M023,12558400
2025-08-20,M024,9939801
2025-08-20,M025,16230275
2025-08-20,M026,14463019
2025-08-20,M027,17187969
2025-08-20,M028,11576557
2025-08-20,M029,13663397
2025-08-20,M030,12051816
2025-08-20,M031,13611874
2025-08-20,M032,12000813
2025-08-20,M033,19689737
2025-08-20,M034,17174728
2025-08-20,M035,19465950
2025-08-20,M036,11565056
2025-08-20,M037,16199117
2025-08-20,M038,13780487
2025-08-20,M039,15213299
2025-08-20,M040,13053870
2025-08-20,M041,25006182
2025-08-20,M042,17861656
2025-08-20,M043,15369408
2025-08-20,M044,12534612
2025-08-20,M045,22245628
2025-08-20,M046,17432344
2025-08-20,M047,18791850
2025-08-20,M048,14604891
2025-08-21,M001,6436201
2025-08-21,M002,5470687
2025-08-21,M003,7926354
2025-08-21,M004,8671139
2025-08-21,M005,12466204
2025-08-21,M006,9029482
2025-08-21,M007,13294808
2025-08-21,M008,7836344
2025-08-21,M009,11691399
2025-08-21,M010,7153557
2025-08-21,M011,10650369
2025-08-21,M012,11000075
2025-08-21,M013,15528961
2025-08-21,M014,10581447
2025-08-21,M015,9031843
2025-08-21,M016,9977715
2025-08-21,M017,13436349
2025-08-21,M018,11046645
2025-08-21,M019,12406120
2025-08-21,M020,13124139
2025-08-21,M021,19407815
2025-08-21,M022,8470255
2025-08-21,M023,11401320
2025-08-21,M024,13559205
2025-08-21,M025,17419553
2025-08-21,M026,11444787
2025-08-21,M027,16786959
2025-08-21,M028,14855896
2025-08-21,M029,15132686
2025-08-21,M030,11031070
2025-08-21,M031,14189063
2025-08-21,M032,14013301
2025-08-21,M033,18779542
2025-08-21,M034,13818695
2025-08-21,M035,18027225
2025-08-21,M036,14426848
2025-08-21,M037,16990022
2025-08-21,M038,11387573
2025-08-21,M039,15282971
2025-08-21,M040,18236154
2025-08-21,M041,23816395
2025-08-21,M042,17455649
2025-08-21,M043,16439132
2025-08-21,M044,15744744
2025-08-21,M045,23639070
2025-08-21,M046,13662502
2025-08-21,M047,18030352
2025-08-21,M048,21366395
2025-08-22,M001,3825358
2025-08-22,M002,7370485
2025-08-22,M003,7132274
2025-08-22,M004,13523055
2025-08-22,M005,6644494
2025-08-22,M006,12420172
2025-08-22,M007,10229919
2025-08-22,M008,11114347
2025-08-22,M009,6238681
2025-08-22,M010,10389136
2025-08-22,M011,9215167
2025-08-22,M012,15425944
2025-08-22,M013,8275984
2025-08-22,M014,15121261
2025-08-22,M015,7904729
2025-08-22,M016,14288179
2025-08-22,M017,8071368
2025-08-22,M018,15101231
2025-08-22,M019,10154562
2025-08-22,M020,19158123
2025-08-22,M021,10380026
2025-08-22,M022,11961899
2025-08-22,M023,9271097
2025-08-22,M024,18727833
2025-08-22,M025,9871331
2025-08-22,M026,16891915
2025-08-22,M027,13338819
2025-08-22,M028,22650253
2025-08-22,M029,7501228
2025-08-22,M030,13790223
2025-08-22,M031,11509304
2025-08-22,M032,20880260
2025-08-22,M033,10795650
2025-08-22,M034,21917782
2025-08-22,M035,16439627
2025-08-22,M036,20825038
2025-08-22,M037,8810080
2025-08-22,M038,16131866
2025-08-22,M039,13955166
2025-08-22,M040,25571577
2025-08-22,M041,13424906
2025-08-22,M042,24171391
2025-08-22,M043,13946704
2025-08-22,M044,23498697
2025-08-22,M045,12334761
2025-08-22,M046,19567787
2025-08-22,M047,15708805
2025-08-22,M048,27611586
2025-08-23,M001,4834396
2025-08-23,M002,6143602
2025-08-23,M003,7722686
2025-08-23,M004,7317127
2025-08-23,M005,8149934
2025-08-23,M006,10458913
2025-08-23,M007,12562899
2025-08-23,M008,6087711
2025-08-23,M009,7013742
2025-08-23,M010,8293902
2025-08-23,M011,10610104
2025-08-23,M012,8661330
2025-08-23,M013,10692232
2025-08-23,M014,13520554
2025-08-23,M015,9896824
2025-08-23,M016,7706380
2025-08-23,M017,9082307
2025-08-23,M018,12537303
2025-08-23,M019,12798958
2025-08-23,M020,10443736
2025-08-23,M021,11573691
2025-08-23,M022,10613944
2025-08-23,M023,12605224
2025-08-23,M024,9876063
2025-08-23,M025,11440851
2025-08-23,M026,14308153
2025-08-23,M027,15799179
2025-08-23,M028,12415130
2025-08-23,M029,9610460
2025-08-23,M030,11733660
2025-08-23,M031,14155467
2025-08-23,M032,12668588
2025-08-23,M033,14127224
2025-08-23,M034,17707492
2025-08-23,M035,20982770
2025-08-23,M036,10816151
2025-08-23,M037,11468439
2025-08-23,M038,14584505
2025-08-23,M039,17510878
2025-08-23,M040,12643843
2025-08-23,M041,15025237
2025-08-23,M042,20400686
2025-08-23,M043,16665231
2025-08-23,M044,13058368
2025-08-23,M045,14589161
2025-08-23,M046,16283726
2025-08-23,M047,19240469
2025-08-23,M048,15434301
2025-08-24,M001,6654169
2025-08-24,M002,5904214
2025-08-24,M003,6568983
2025-08-24,M004,6086281
2025-08-24,M005,11309898
2025-08-24,M006,10218408
2025-08-24,M007,10670341
2025-08-24,M008,5533970
2025-08-24,M009,9429862
2025-08-24,M010,7777862
2025-08-24,M011,8765386
2025-08-24,M012,8070066
2025-08-24,M013,13012451
2025-08-24,M014,11038753
2025-08-24,M015,8911322
2025-08-24,M016,7482462
2025-08-24,M017,13469843
2025-08-24,M018,10455478
2025-08-24,M019,12216852
2025-08-24,M020,10050292
2025-08-24,M021,16185701
2025-08-24,M022,9045974
2025-08-24,M023,11330798
2025-08-24,M024,9573373
2025-08-24,M025,14828804
2025-08-24,M026,12758244
2025-08-24,M027,13928868
2025-08-24,M028,10511711
2025-08-24,M029,13715501
2025-08-24,M030,10446807
2025-08-24,M031,12171383
2025-08-24,M032,11158408
2025-08-24,M033,19447652
2025-08-24,M034,14892205
2025-08-24,M035,18010179
2025-08-24,M036,10022522
2025-08-24,M037,15986557
2025-08-24,M038,12645572
2025-08-24,M039,13687874
2025-08-24,M040,11663338
2025-08-24,M041,22319658
2025-08-24,M042,17473155
2025-08-24,M043,13173912
2025-08-24,M044,12152218
2025-08-24,M045,20457750
2025-08-24,M046,14570402
2025-08-24,M047,17534142
2025-08-24,M048,14559745
2025-08-25,M001,6383663
2025-08-25,M002,5350681
2025-08-25,M003,7293663
2025-08-25,M004,8375807
2025-08-25,M005,13303498
2025-08-25,M006,8524009
2025-08-25,M007,13078599
2025-08-25,M008,8108154
2025-08-25,M009,10930071
2025-08-25,M010,7747982
2025-08-25,M011,9507888
2025-08-25,M012,10802846
2025-08-25,M013,14374898
2025-08-25,M014,10863183
2025-08-25,M015,9046331
2025-08-25,M016,10749531
2025-08-25,M017,13440104
2025-08-25,M018,9783512
2025-08-25,M019,11937052
2025-08-25,M020,14404355
2025-08-25,M021,19242599
2025-08-25,M022,8894432
2025-08-25,M023,11169697
2025-08-25,M024,12111357
2025-08-25,M025,15699705
2025-08-25,M026,11729585
2025-08-25,M027,16345977
2025-08-25,M028,17192560
2025-08-25,M029,14959780
2025-08-25,M030,10512477
2025-08-25,M031,14996335
2025-08-25,M032,15472047
2025-08-25,M033,20720296
2025-08-25,M034,15397814
2025-08-25,M035,19798300
2025-08-25,M036,13690641
2025-08-25,M037,17432798
2025-08-25,M038,11363150
2025-08-25,M039,15131808
2025-08-25,M040,18003120
2025-08-25,M041,24038992
2025-08-25,M042,15582094
2025-08-25,M043,16096072
2025-08-25,M044,16860803
2025-08-25,M045,21020269
2025-08-25,M046,14229759
2025-08-25,M047,19195006
2025-08-25,M048,19566763
2025-08-26,M001,3942935
2025-08-26,M002,7888727
2025-08-26,M003,6565036
2025-08-26,M004,12421085
2025-08-26,M005,7399947
2025-08-26,M006,13159943
2025-08-26,M007,10609814
2025-08-26,M008,11681335
2025-08-26,M009,5996361
2025-08-26,M010,10090682
2025-08-26,M011,9017160
2025-08-26,M012,16255326
2025-08-26,M013,8420790
2025-08-26,M014,14918210
2025-08-26,M015,7116386
2025-08-26,M016,13661697
2025-08-26,M017,8268280
2025-08-26,M018,15246360
2025-08-26,M019,10536879
2025-08-26,M020,18155430
2025-08-26,M021,9696854
2025-08-26,M022,12686422
2025-08-26,M023,9161178
2025-08-26,M024,18916678
2025-08-26,M025,9539104
2025-08-26,M026,17424228
2025-08-26,M027,12931637
2025-08-26,M028,23321278
2025-08-26,M029,7303243
2025-08-26,M030,13826646
2025-08-26,M031,12120062
2025-08-26,M032,21014137
2025-08-26,M033,10631555
2025-08-26,M034,19925165
2025-08-26,M035,14772224
2025-08-26,M036,18792471
2025-08-26,M037,8852990
2025-08-26,M038,16981192
2025-08-26,M039,12923230
2025-08-26,M040,26388077
2025-08-26,M041,12497636
2025-08-26,M042,22027305
2025-08-26,M043,13128517
2025-08-26,M044,22143406
2025-08-26,M045,11520975
2025-08-26,M046,20284920
2025-08-26,M047,16044200
2025-08-26,M048,28486044
2025-08-27,M001,5093502
2025-08-27,M002,6745300
2025-08-27,M003,8992097
2025-08-27,M004,8288930
2025-08-27,M005,9789493
2025-08-27,M006,13061110
2025-08-27,M007,14915418
2025-08-27,M008,6303183
2025-08-27,M009,8110401
2025-08-27,M010,9307519
2025-08-27,M011,11870753
2025-08-27,M012,10120087
2025-08-27,M013,11642142
2025-08-27,M014,15258176
2025-08-27,M015,9977335
2025-08-27,M016,8516961
2025-08-27,M017,10845164
2025-08-27,M018,13562354
2025-08-27,M019,13437004
2025-08-27,M020,12082791
2025-08-27,M021,13495138
2025-08-27,M022,10844148
2025-08-27,M023,13400274
2025-08-27,M024,11495359
2025-08-27,M025,12687469
2025-08-27,M026,17471563
2025-08-27,M027,19027295
2025-08-27,M028,14367146
2025-08-27,M029,10625404
2025-08-27,M030,13788355
2025-08-27,M031,14701772
2025-08-27,M032,13491796
2025-08-27,M033,16171640
2025-08-27,M034,19599080
2025-08-27,M035,20050620
2025-08-27,M036,12462247
2025-08-27,M037,12122851
2025-08-27,M038,16918666
2025-08-27,M039,17091553
2025-08-27,M040,14465453
2025-08-27,M041,16833868
2025-08-27,M042,22753334
2025-08-27,M043,18342314
2025-08-27,M044,13788996
2025-08-27,M045,15626539
2025-08-27,M046,17183808
2025-08-27,M047,22281110
2025-08-27,M048,17066335
2025-08-28,M001,6684014
2025-08-28,M002,6297530
2025-08-28,M003,8100036
2025-08-28,M004,6865238
2025-08-28,M005,12666997
2025-08-28,M006,10788252
2025-08-28,M007,11803612
2025-08-28,M008,6438199
2025-08-28,M009,10982576
2025-08-28,M010,8183007
2025-08-28,M011,9956814
2025-08-28,M012,8598661
2025-08-28,M013,15655965
2025-08-28,M014,12648499
2025-08-28,M015,9280655
2025-08-28,M016,8188688
2025-08-28,M017,15329141
2025-08-28,M018,12672467
2025-08-28,M019,12245667
2025-08-28,M020,11293730
2025-08-28,M021,17313624
2025-08-28,M022,9237448
2025-08-28,M023,11264611
2025-08-28,M024,9717588
2025-08-28,M025,16953324
2025-08-28,M026,14822960
2025-08-28,M027,17171791
2025-08-28,M028,11506352
2025-08-28,M029,13505754
2025-08-28,M030,11993518
2025-08-28,M031,13692069
2025-08-28,M032,10986339
2025-08-28,M033,21149411
2025-08-28,M034,16326805
2025-08-28,M035,18354812
2025-08-28,M036,10784962
2025-08-28,M037,18549048
2025-08-28,M038,13798291
2025-08-28,M039,15085596
2025-08-28,M040,14355885
2025-08-28,M041,24539147
2025-08-28,M042,20235724
2025-08-28,M043,14795538
2025-08-28,M044,12777939
2025-08-28,M045,22667564
2025-08-28,M046,17535133
2025-08-28,M047,17805566
2025-08-28,M048,14623640
2025-08-29,M001,6504258
2025-08-29,M002,5423574
2025-08-29,M003,7906500
2025-08-29,M004,8982706
2025-08-29,M005,12778513
2025-08-29,M006,8785188
2025-08-29,M007,13495562
2025-08-29,M008,8191028
2025-08-29,M009,11810831
2025-08-29,M010,6801775
2025-08-29,M011,9870693
2025-08-29,M012,11459265
2025-08-29,M013,15076198
2025-08-29,M014,12032420
2025-08-29,M015,9231778
2025-08-29,M016,9550486
2025-08-29,M017,13769184
2025-08-29,M018,9650618
2025-08-29,M019,12435055
2025-08-29,M020,13981067
2025-08-29,M021,19444374
2025-08-29,M022,8413846
2025-08-29,M023,11094110
2025-08-29,M024,13550255
2025-08-29,M025,15723843
2025-08-29,M026,11480216
2025-08-29,M027,15878435
2025-08-29,M028,15049804
2025-08-29,M029,13888294
2025-08-29,M030,10676767
2025-08-29,M031,14431354
2025-08-29,M032,15694802
2025-08-29,M033,21409468
2025-08-29,M034,13359848
2025-08-29,M035,17913738
2025-08-29,M036,13536916
2025-08-29,M037,17869261
2025-08-29,M038,12738384
2025-08-29,M039,15995674
2025-08-29,M040,18236512
2025-08-29,M041,24335427
2025-08-29,M042,15518052
2025-08-29,M043,14828396
2025-08-29,M044,17627949
2025-08-29,M045,22905142
2025-08-29,M046,14129001
2025-08-29,M047,18405385
2025-08-29,M048,19424537
2025-08-30,M001,3441364
2025-08-30,M002,6547084
2025-08-30,M003,5748776
2025-08-30,M004,10740441
2025-08-30,M005,5751933
2025-08-30,M006,11458242
2025-08-30,M007,9030404
2025-08-30,M008,10037074
2025-08-30,M009,5325513
2025-08-30,M010,8740592
2025-08-30,M011,7955737
2025-08-30,M012,14652551
2025-08-30,M013,7649688
2025-08-30,M014,13504264
2025-08-30,M015,6706527
2025-08-30,M016,13037157
2025-08-30,M017,7440041
2025-08-30,M018,12401419
2025-08-30,M019,10148076
2025-08-30,M020,17562163
2025-08-30,M021,9869157
2025-08-30,M022,11095107
2025-08-30,M023,8953238
2025-08-30,M024,16904988
2025-08-30,M025,9065022
2025-08-30,M026,17112692
2025-08-30,M027,12530636
2025-08-30,M028,21344403
2025-08-30,M029,7069973
2025-08-30,M030,14059060
2025-08-30,M031,10281782
2025-08-30,M032,19892216
2025-08-30,M033,9809139
2025-08-30,M034,17017767
2025-08-30,M035,15212409
2025-08-30,M036,17846219
2025-08-30,M037,8688002
2025-08-30,M038,16385321
2025-08-30,M039,12524281
2025-08-30,M040,23941398
2025-08-30,M041,10816955
2025-08-30,M042,20371135
2025-08-30,M043,10840832
2025-08-30,M044,20969032
2025-08-30,M045,11630525
2025-08-30,M046,18928755
2025-08-30,M047,15029119
2025-08-30,M048,25236123
2025-08-31,M001,4699623
2025-08-31,M002,6651928
2025-08-31,M003,8117488
2025-08-31,M004,7331177
2025-08-31,M005,8374376
2025-08-31,M006,10439038
2025-08-31,M007,13798201
2025-08-31,M008,6169442
2025-08-31,M009,7145316
2025-08-31,M010,8797096
2025-08-31,M011,10475199
2025-08-31,M012,9171480
2025-08-31,M013,9875978
2025-08-31,M014,12836747
2025-08-31,M015,9398877
2025-08-31,M016,8008849
2025-08-31,M017,9400032
2025-08-31,M018,11612960
2025-08-31,M019,13640982
2025-08-31,M020,10051718
2025-08-31,M021,12039902
2025-08-31,M022,10603668
2025-08-31,M023,12753999
2025-08-31,M024,9303452
2025-08-31,M025,11525475
2025-08-31,M026,13888476
2025-08-31,M027,16440371
2025-08-31,M028,12506931
2025-08-31,M029,10033396
2025-08-31,M030,12484056
2025-08-31,M031,13313038
2025-08-31,M032,12613135
2025-08-31,M033,13142485
2025-08-31,M034,18248937
2025-08-31,M035,20617154
2025-08-31,M036,11143713
2025-08-31,M037,12495520
2025-08-31,M038,15479305
2025-08-31,M039,17624096
2025-08-31,M040,12880012
2025-08-31,M041,15653591
2025-08-31,M042,18037998
2025-08-31,M043,16893330
2025-08-31,M044,12947584
2025-08-31,M045,16227463
2025-08-31,M046,17837689
2025-08-31,M047,18501155
2025-08-31,M048,15858564
2025-09-01,M001,6972675
2025-09-01,M002,5187620
2025-09-01,M003,7679934
2025-09-01,M004,9333417
2025-09-01,M005,11831361
2025-09-01,M006,9150481
2025-09-01,M007,12168076
2025-09-01,M008,8005309
2025-09-01,M009,10879033
2025-09-01,M010,7109333
2025-09-01,M011,9528961
2025-09-01,M012,10394088
2025-09-01,M013,14776908
2025-09-01,M014,10945192
2025-09-01,M015,8307188
2025-09-01,M016,9995061
2025-09-01,M017,13761271
2025-09-01,M018,10348287
2025-09-01,M019,12497499
2025-09-01,M020,12999377
2025-09-01,M021,17271217
2025-09-01,M022,8465355
2025-09-01,M023,11499461
2025-09-01,M024,12784236
2025-09-01,M025,15955746
2025-09-01,M026,11365532
2025-09-01,M027,15820937
2025-09-01,M028,15310809
2025-09-01,M029,14502754
2025-09-01,M030,9848698
2025-09-01,M031,14056259
2025-09-01,M032,14197732
2025-09-01,M033,18357357
2025-09-01,M034,14803069
2025-09-01,M035,17039886
2025-09-01,M036,13362534
2025-09-01,M037,17703011
2025-09-01,M038,12140415
2025-09-01,M039,16224579
2025-09-01,M040,16054131
2025-09-01,M041,22256160
2025-09-01,M042,16943793
2025-09-01,M043,14979109
2025-09-01,M044,16533396
2025-09-01,M045,21575284
2025-09-01,M046,13046268
2025-09-01,M047,17632350
2025-09-01,M048,19291682
2025-09-02,M001,3952562
2025-09-02,M002,7911391
2025-09-02,M003,6188957
2025-09-02,M004,11996507
2025-09-02,M005,6830594
2025-09-02,M006,12420413
2025-09-02,M007,9467852
2025-09-02,M008,10480012
2025-09-02,M009,5988755
2025-09-02,M010,10865627
2025-09-02,M011,7895993
2025-09-02,M012,16418791
2025-09-02,M013,8259789
2025-09-02,M014,16172407
2025-09-02,M015,7559824
2025-09-02,M016,13228982
2025-09-02,M017,7070859
2025-09-02,M018,13403140
2025-09-02,M019,9421477
2025-09-02,M020,17752893
2025-09-02,M021,10211285
2025-09-02,M022,11912287
2025-09-02,M023,8939197
2025-09-02,M024,17003335
2025-09-02,M025,8842385
2025-09-02,M026,15973872
2025-09-02,M027,13035075
2025-09-02,M028,22326944
2025-09-02,M029,7401580
2025-09-02,M030,15054373
2025-09-02,M031,11166133
2025-09-02,M032,21908132
2025-09-02,M033,11127368
2025-09-02,M034,20361634
2025-09-02,M035,14690373
2025-09-02,M036,19343163
2025-09-02,M037,8816273
2025-09-02,M038,15854660
2025-09-02,M039,14030133
2025-09-02,M040,25971750
2025-09-02,M041,13328117
2025-09-02,M042,21761120
2025-09-02,M043,12355712
2025-09-02,M044,22754036
2025-09-02,M045,11736964
2025-09-02,M046,18008662
2025-09-02,M047,14713270
2025-09-02,M048,25517652
2025-09-03,M001,4753139
2025-09-03,M002,7065941
2025-09-03,M003,8268724
2025-09-03,M004,7552947
2025-09-03,M005,9550449
2025-09-03,M006,12254385
2025-09-03,M007,13373930
2025-09-03,M008,6451614
2025-09-03,M009,7724946
2025-09-03,M010,9753687
2025-09-03,M011,11102951
2025-09-03,M012,9758709
2025-09-03,M013,11653712
2025-09-03,M014,13308003
2025-09-03,M015,10479025
2025-09-03,M016,8877813
2025-09-03,M017,10293627
2025-09-03,M018,13219182
2025-09-03,M019,14533173
2025-09-03,M020,12463355
2025-09-03,M021,14352202
2025-09-03,M022,10376200
2025-09-03,M023,12914660
2025-09-03,M024,11525504
2025-09-03,M025,13739811
2025-09-03,M026,14777345
2025-09-03,M027,18059357
2025-09-03,M028,13209551
2025-09-03,M029,10039951
2025-09-03,M030,12219663
2025-09-03,M031,14653265
2025-09-03,M032,12736534
2025-09-03,M033,14587834
2025-09-03,M034,18001139
2025-09-03,M035,22613596
2025-09-03,M036,12549155
2025-09-03,M037,12997733
2025-09-03,M038,16421157
2025-09-03,M039,16934355
2025-09-03,M040,13755696
2025-09-03,M041,18388726
2025-09-03,M042,21504660
2025-09-03,M043,17894044
2025-09-03,M044,13074988
2025-09-03,M045,16882277
2025-09-03,M046,18036523
2025-09-03,M047,20054671
2025-09-03,M048,17371561
2025-09-04,M001,6841400
2025-09-04,M002,6018418
2025-09-04,M003,7401187
2025-09-04,M004,6785574
2025-09-04,M005,12828669
2025-09-04,M006,11398505
2025-09-04,M007,12125019
2025-09-04,M008,5698120
2025-09-04,M009,11262489
2025-09-04,M010,9056899
2025-09-04,M011,10164084
2025-09-04,M012,8795045
2025-09-04,M013,14198924
2025-09-04,M014,12329435
2025-09-04,M015,8762040
2025-09-04,M016,7773266
2025-09-04,M017,13851251
2025-09-04,M018,11271954
2025-09-04,M019,13036739
2025-09-04,M020,10399106
2025-09-04,M021,18441945
2025-09-04,M022,9866583
2025-09-04,M023,11141476
2025-09-04,M024,9075473
2025-09-04,M025,15671427
2025-09-04,M026,13473504
2025-09-04,M027,15782740
2025-09-04,M028,12124784
2025-09-04,M029,14636177
2025-09-04,M030,11507312
2025-09-04,M031,12883780
2025-09-04,M032,10651541
2025-09-04,M033,19180215
2025-09-04,M034,16383847
2025-09-04,M035,19293252
2025-09-04,M036,11291747
2025-09-04,M037,16241956
2025-09-04,M038,13376880
2025-09-04,M039,15724391
2025-09-04,M040,13484538
2025-09-04,M041,22089151
2025-09-04,M042,17556777
2025-09-04,M043,15040881
2025-09-04,M044,11883461
2025-09-04,M045,23056419
2025-09-04,M046,16304249
2025-09-04,M047,18969510
2025-09-04,M048,16173142
2025-09-05,M001,6996768
2025-09-05,M002,5129432
2025-09-05,M003,8021763
2025-09-05,M004,9376050
2025-09-05,M005,12882308
2025-09-05,M006,9298160
2025-09-05,M007,12916763
2025-09-05,M008,7059966
2025-09-05,M009,9810850
2025-09-05,M010,7136592
2025-09-05,M011,9393448
2025-09-05,M012,11613654
2025-09-05,M013,15877553
2025-09-05,M014,10616240
2025-09-05,M015,9022817
2025-09-05,M016,10187283
2025-09-05,M017,12793433
2025-09-05,M018,9636130
2025-09-05,M019,11209635
2025-09-05,M020,13342740
2025-09-05,M021,18790792
2025-09-05,M022,8617557
2025-09-05,M023,10760331
2025-09-05,M024,12701122
2025-09-05,M025,17678923
2025-09-05,M026,11782250
2025-09-05,M027,16970744
2025-09-05,M028,14382557
2025-09-05,M029,13071072
2025-09-05,M030,10015578
2025-09-05,M031,13242474
2025-09-05,M032,15263756
2025-09-05,M033,19061219
2025-09-05,M034,13965650
2025-09-05,M035,19258530
2025-09-05,M036,13627868
2025-09-05,M037,15919332
2025-09-05,M038,11551493
2025-09-05,M039,16300818
2025-09-05,M040,15870168
2025-09-05,M041,20513199
2025-09-05,M042,15831859
2025-09-05,M043,15316584
2025-09-05,M044,16129018
2025-09-05,M045,21965551
2025-09-05,M046,14182633
2025-09-05,M047,18185986
2025-09-05,M048,20605143
2025-09-06,M001,3229500
2025-09-06,M002,7292273
2025-09-06,M003,5770280
2025-09-06,M004,10921703
2025-09-06,M005,5591010
2025-09-06,M006,11271280
2025-09-06,M007,9917053
2025-09-06,M008,9563607
2025-09-06,M009,5418820
2025-09-06,M010,9499512
2025-09-06,M011,7512661
2025-09-06,M012,14645906
2025-09-06,M013,7941788
2025-09-06,M014,13172832
2025-09-06,M015,6755240
2025-09-06,M016,13435167
2025-09-06,M017,6972043
2025-09-06,M018,12480098
2025-09-06,M019,8598088
2025-09-06,M020,18249561
2025-09-06,M021,8582939
2025-09-06,M022,9750005
2025-09-06,M023,9189457
2025-09-06,M024,14628041
2025-09-06,M025,8999382
2025-09-06,M026,15778180
2025-09-06,M027,12665790
2025-09-06,M028,19618674
2025-09-06,M029,6539250
2025-09-06,M030,12225622
2025-09-06,M031,10418396
2025-09-06,M032,20021002
2025-09-06,M033,10493848
2025-09-06,M034,17801786
2025-09-06,M035,14657424
2025-09-06,M036,17690361
2025-09-06,M037,7637992
2025-09-06,M038,14106047
2025-09-06,M039,12062451
2025-09-06,M040,23111406
2025-09-06,M041,10848576
2025-09-06,M042,21019870
2025-09-06,M043,11968611
2025-09-06,M044,21624940
2025-09-06,M045,11362133
2025-09-06,M046,17508190
2025-09-06,M047,13338751
2025-09-06,M048,23158548
2025-09-07,M001,4324260
2025-09-07,M002,6613734
2025-09-07,M003,8105787
2025-09-07,M004,7205044
2025-09-07,M005,8676634
2025-09-07,M006,10380922
2025-09-07,M007,13266561
2025-09-07,M008,6011720
2025-09-07,M009,7916932
2025-09-07,M010,8795851
2025-09-07,M011,10591050
2025-09-07,M012,8971719
2025-09-07,M013,9942160
2025-09-07,M014,12128324
2025-09-07,M015,9433060
2025-09-07,M016,7535482
2025-09-07,M017,9340548
2025-09-07,M018,11458089
2025-09-07,M019,11961561
2025-09-07,M020,11003028
2025-09-07,M021,12691749
2025-09-07,M022,9018973
2025-09-07,M023,12094204
2025-09-07,M024,9845064
2025-09-07,M025,11745590
2025-09-07,M026,14525958
2025-09-07,M027,16004393
2025-09-07,M028,12571043
2025-09-07,M029,8771796
2025-09-07,M030,11097261
2025-09-07,M031,15022100
2025-09-07,M032,11976965
2025-09-07,M033,12592089
2025-09-07,M034,15617062
2025-09-07,M035,19097098
2025-09-07,M036,11694540
2025-09-07,M037,10736653
2025-09-07,M038,13444031
2025-09-07,M039,17463636
2025-09-07,M040,13486909
2025-09-07,M041,16124445
2025-09-07,M042,20253674
2025-09-07,M043,16038699
2025-09-07,M044,12438176
2025-09-07,M045,14778210
2025-09-07,M046,16757866
2025-09-07,M047,19183792
2025-09-07,M048,14975770
2025-09-08,M001,6429607
2025-09-08,M002,6556491
2025-09-08,M003,7332967
2025-09-08,M004,6598912
2025-09-08,M005,12142798
2025-09-08,M006,9943480
2025-09-08,M007,11642864
2025-09-08,M008,5809452
2025-09-08,M009,11339351
2025-09-08,M010,8731589
2025-09-08,M011,10331074
2025-09-08,M012,9122652
2025-09-08,M013,15794459
2025-09-08,M014,13138695
2025-09-08,M015,9582083
2025-09-08,M016,7694121
2025-09-08,M017,14217824
2025-09-08,M018,12696084
2025-09-08,M019,11412874
2025-09-08,M020,10780331
2025-09-08,M021,19329387
2025-09-08,M022,9083905
2025-09-08,M023,11886435
2025-09-08,M024,10362565
2025-09-08,M025,17787424
2025-09-08,M026,13850935
2025-09-08,M027,17272286
2025-09-08,M028,11586817
2025-09-08,M029,13184586
2025-09-08,M030,11565978
2025-09-08,M031,13020945
2025-09-08,M032,11074638
2025-09-08,M033,19199554
2025-09-08,M034,16016335
2025-09-08,M035,17876592
2025-09-08,M036,10753689
2025-09-08,M037,15412729
2025-09-08,M038,14086818
2025-09-08,M039,15456120
2025-09-08,M040,13821877
2025-09-08,M041,24027517
2025-09-08,M042,18581128
2025-09-08,M043,15564760
2025-09-08,M044,12474944
2025-09-08,M045,22833061
2025-09-08,M046,14990982
2025-09-08,M047,19131673
2025-09-08,M048,15775617
2025-09-09,M001,6949303
2025-09-09,M002,4959585
2025-09-09,M003,7651178
2025-09-09,M004,8919637
2025-09-09,M005,12453231
2025-09-09,M006,9360258
2025-09-09,M007,12043459
2025-09-09,M008,7679640
2025-09-09,M009,10216969
2025-09-09,M010,7153837
2025-09-09,M011,9835761
2025-09-09,M012,10307082
2025-09-09,M013,14515596
2025-09-09,M014,10289856
2025-09-09,M015,8377311
2025-09-09,M016,10863634
2025-09-09,M017,13031400
2025-09-09,M018,9742028
2025-09-09,M019,11892178
2025-09-09,M020,12848345
2025-09-09,M021,18393994
2025-09-09,M022,8563379
2025-09-09,M023,12067309
2025-09-09,M024,12266230
2025-09-09,M025,15972878
2025-09-09,M026,12199265
2025-09-09,M027,14890281
2025-09-09,M028,15962471
2025-09-09,M029,13363416
2025-09-09,M030,9733395
2025-09-09,M031,13712999
2025-09-09,M032,14433787
2025-09-09,M033,18703432
2025-09-09,M034,13399746
2025-09-09,M035,17097453
2025-09-09,M036,15021026
2025-09-09,M037,17594960
2025-09-09,M038,12525402
2025-09-09,M039,15439515
2025-09-09,M040,16196973
2025-09-09,M041,23505575
2025-09-09,M042,15490998
2025-09-09,M043,15165976
2025-09-09,M044,15729295
2025-09-09,M045,20384522
2025-09-09,M046,14419122
2025-09-09,M047,18895877
2025-09-09,M048,18940926
2025-09-10,M001,4019440
2025-09-10,M002,7491172
2025-09-10,M003,5946117
2025-09-10,M004,12236604
2025-09-10,M005,6910520
2025-09-10,M006,13166457
2025-09-10,M007,9887692
2025-09-10,M008,10056178
2025-09-10,M009,5935641
2025-09-10,M010,10862004
2025-09-10,M011,8665710
2025-09-10,M012,14929368
2025-09-10,M013,8935170
2025-09-10,M014,14368761
2025-09-10,M015,7245357
2025-09-10,M016,14641060
2025-09-10,M017,7749585
2025-09-10,M018,14517975
2025-09-10,M019,10740111
2025-09-10,M020,18919860
2025-09-10,M021,9659919
2025-09-10,M022,11106623
2025-09-10,M023,8746607
2025-09-10,M024,17570254
2025-09-10,M025,9974637
2025-09-10,M026,18068308
2025-09-10,M027,14198586
2025-09-10,M028,22333837
2025-09-10,M029,7764713
2025-09-10,M030,15090885
2025-09-10,M031,10889186
2025-09-10,M032,20076136
2025-09-10,M033,10660852
2025-09-10,M034,21061300
2025-09-10,M035,14635139
2025-09-10,M036,21109839
2025-09-10,M037,9298709
2025-09-10,M038,16234575
2025-09-10,M039,13663743
2025-09-10,M040,24890295
2025-09-10,M041,11971862
2025-09-10,M042,23545981
2025-09-10,M043,11858726
2025-09-10,M044,24537387
2025-09-10,M045,12183718
2025-09-10,M046,19172361
2025-09-10,M047,15065734
2025-09-10,M048,27209495
2025-09-11,M001,4826508
2025-09-11,M002,7346210
2025-09-11,M003,8309218
2025-09-11,M004,7372928
2025-09-11,M005,8655091
2025-09-11,M006,11865653
2025-09-11,M007,13848988
2025-09-11,M008,6874792
2025-09-11,M009,8118351
2025-09-11,M010,8941410
2025-09-11,M011,12062625
2025-09-11,M012,9283870
2025-09-11,M013,11725051
2025-09-11,M014,14709192
2025-09-11,M015,9392106
2025-09-11,M016,8140004
2025-09-11,M017,10743876
2025-09-11,M018,13596035
2025-09-11,M019,13087969
2025-09-11,M020,12028966
2025-09-11,M021,14030575
2025-09-11,M022,10867686
2025-09-11,M023,12643269
2025-09-11,M024,10959161
2025-09-11,M025,13355120
2025-09-11,M026,15228728
2025-09-11,M027,18856936
2025-09-11,M028,12612769
2025-09-11,M029,10022346
2025-09-11,M030,14044974
2025-09-11,M031,16179206
2025-09-11,M032,11816200
2025-09-11,M033,14500880
2025-09-11,M034,19228415
2025-09-11,M035,20616982
2025-09-11,M036,12165709
2025-09-11,M037,13035361
2025-09-11,M038,15478882
2025-09-11,M039,19442910
2025-09-11,M040,14733852
2025-09-11,M041,18041053
2025-09-11,M042,20182615
2025-09-11,M043,17773499
2025-09-11,M044,13234783
2025-09-11,M045,17471637
2025-09-11,M046,18115012
2025-09-11,M047,20249312
2025-09-11,M048,17807472
2025-09-12,M001,7388373
2025-09-12,M002,5797958
2025-09-12,M003,8107557
2025-09-12,M004,7225324
2025-09-12,M005,13184227
2025-09-12,M006,10857178
2025-09-12,M007,11523271
2025-09-12,M008,6048494
2025-09-12,M009,11349863
2025-09-12,M010,8966598
2025-09-12,M011,10636288
2025-09-12,M012,8207091
2025-09-12,M013,15459169
2025-09-12,M014,13572739
2025-09-12,M015,9456320
2025-09-12,M016,7829656
2025-09-12,M017,14551197
2025-09-12,M018,12128033
2025-09-12,M019,11319539
2025-09-12,M020,10585805
2025-09-12,M021,17518161
2025-09-12,M022,10110332
2025-09-12,M023,10471095
2025-09-12,M024,9111024
2025-09-12,M025,17980825
2025-09-12,M026,13890095
2025-09-12,M027,17459315
2025-09-12,M028,12020885
2025-09-12,M029,13927653
2025-09-12,M030,12552718
2025-09-12,M031,13572130
2025-09-12,M032,12250018
2025-09-12,M033,19265170
2025-09-12,M034,17383826
2025-09-12,M035,18234950
2025-09-12,M036,10730756
2025-09-12,M037,17023489
2025-09-12,M038,13096428
2025-09-12,M039,15901936
2025-09-12,M040,14176267
2025-09-12,M041,22585573
2025-09-12,M042,18568336
2025-09-12,M043,14378829
2025-09-12,M044,12172940
2025-09-12,M045,21557071
2025-09-12,M046,14835330
2025-09-12,M047,16900743
2025-09-12,M048,14732779
2025-09-13,M001,6149876
2025-09-13,M002,4619360
2025-09-13,M003,6513208
2025-09-13,M004,8320890
2025-09-13,M005,11339285
2025-09-13,M006,7894894
2025-09-13,M007,11405697
2025-09-13,M008,6824900
2025-09-13,M009,9181672
2025-09-13,M010,6901819
2025-09-13,M011,9272809
2025-09-13,M012,10156453
2025-09-13,M013,12569312
2025-09-13,M014,9941409
2025-09-13,M015,7684136
2025-09-13,M016,8586453
2025-09-13,M017,12646604
2025-09-13,M018,9379307
2025-09-13,M019,11017197
2025-09-13,M020,12331454
2025-09-13,M021,14906374
2025-09-13,M022,7734133
2025-09-13,M023,10834165
2025-09-13,M024,10929340
2025-09-13,M025,14488784
2025-09-13,M026,10229627
2025-09-13,M027,13487886
2025-09-13,M028,13500045
2025-09-13,M029,11685132
2025-09-13,M030,8991741
2025-09-13,M031,12114709
2025-09-13,M032,12671376
2025-09-13,M033,17006070
2025-09-13,M034,12344468
2025-09-13,M035,15448740
2025-09-13,M036,13424784
2025-09-13,M037,13691832
2025-09-13,M038,10346010
2025-09-13,M039,13269798
2025-09-13,M040,16259096
2025-09-13,M041,20903150
2025-09-13,M042,14871281
2025-09-13,M043,14487581
2025-09-13,M044,14276966
2025-09-13,M045,18828743
2025-09-13,M046,13183851
2025-09-13,M047,17359172
2025-09-13,M048,18728448
2025-09-14,M001,3176632
2025-09-14,M002,7038719
2025-09-14,M003,5662581
2025-09-14,M004,11524810
2025-09-14,M005,6068707
2025-09-14,M006,11438906
2025-09-14,M007,9585461
2025-09-14,M008,9604192
2025-09-14,M009,5187072
2025-09-14,M010,9291946
2025-09-14,M011,7960285
2025-09-14,M012,14681964
2025-09-14,M013,7293409
2025-09-14,M014,13172967
2025-09-14,M015,6363476
2025-09-14,M016,13028412
2025-09-14,M017,6360348
2025-09-14,M018,13263228
2025-09-14,M019,8721964
2025-09-14,M020,16770767
2025-09-14,M021,8834459
2025-09-14,M022,10519620
2025-09-14,M023,8251195
2025-09-14,M024,15704948
2025-09-14,M025,8435346
2025-09-14,M026,16370672
2025-09-14,M027,12335532
2025-09-14,M028,19779450
2025-09-14,M029,6557471
2025-09-14,M030,13279436
2025-09-14,M031,10204333
2025-09-14,M032,19272046
2025-09-14,M033,10561579
2025-09-14,M034,17428535
2025-09-14,M035,12975358
2025-09-14,M036,18749151
2025-09-14,M037,8770193
2025-09-14,M038,15010461
2025-09-14,M039,11842665
2025-09-14,M040,20519565
2025-09-14,M041,10627237
2025-09-14,M042,21583577
2025-09-14,M043,10740212
2025-09-14,M044,19178872
2025-09-14,M045,11507259
2025-09-14,M046,16570662
2025-09-14,M047,12974938
2025-09-14,M048,24398183
2025-09-15,M001,5463570
2025-09-15,M002,7439265
2025-09-15,M003,8327878
2025-09-15,M004,7228919
2025-09-15,M005,9178410
2025-09-15,M006,12621736
2025-09-15,M007,13289495
2025-09-15,M008,6715690
2025-09-15,M009,8319105
2025-09-15,M010,9662920
2025-09-15,M011,11492788
2025-09-15,M012,8867893
2025-09-15,M013,10781269
2025-09-15,M014,14739820
2025-09-15,M015,10492305
2025-09-15,M016,8200327
2025-09-15,M017,10469469
2025-09-15,M018,13299842
2025-09-15,M019,14402573
2025-09-15,M020,11843537
2025-09-15,M021,13794053
2025-09-15,M022,10415144
2025-09-15,M023,13061182
2025-09-15,M024,10861900
2025-09-15,M025,12959732
2025-09-15,M026,16215280
2025-09-15,M027,17971035
2025-09-15,M028,13736953
2025-09-15,M029,10846097
2025-09-15,M030,14057864
2025-09-15,M031,16497199
2025-09-15,M032,13000704
2025-09-15,M033,15247580
2025-09-15,M034,17772310
2025-09-15,M035,22336032
2025-09-15,M036,12090609
2025-09-15,M037,13466026
2025-09-15,M038,15913853
2025-09-15,M039,18977414
2025-09-15,M040,14520188
2025-09-15,M041,18328213
2025-09-15,M042,19658942
2025-09-15,M043,16226966
2025-09-15,M044,14339159
2025-09-15,M045,17567957
2025-09-15,M046,16826141
2025-09-15,M047,21852143
2025-09-15,M048,17176608
2025-09-16,M001,6421709
2025-09-16,M002,6505817
2025-09-16,M003,7264166
2025-09-16,M004,7391765
2025-09-16,M005,11662168
2025-09-16,M006,10882524
2025-09-16,M007,12358611
2025-09-16,M008,6087245
2025-09-16,M009,10883747
2025-09-16,M010,7824498
2025-09-16,M011,10435670
2025-09-16,M012,8988435
2025-09-16,M013,16089967
2025-09-16,M014,13625992
2025-09-16,M015,8405417
2025-09-16,M016,7966457
2025-09-16,M017,13615612
2025-09-16,M018,12741627
2025-09-16,M019,12270059
2025-09-16,M020,9605111
2025-09-16,M021,18867710
2025-09-16,M022,9024673
2025-09-16,M023,11968103
2025-09-16,M024,9517108
2025-09-16,M025,17169516
2025-09-16,M026,15258754
2025-09-16,M027,16120487
2025-09-16,M028,11597320
2025-09-16,M029,13358404
2025-09-16,M030,11376287
2025-09-16,M031,12814475
2025-09-16,M032,12128717
2025-09-16,M033,18322927
2025-09-16,M034,16773467
2025-09-16,M035,17658272
2025-09-16,M036,10839901
2025-09-16,M037,17826656
2025-09-16,M038,13083559
2025-09-16,M039,15629100
2025-09-16,M040,12932543
2025-09-16,M041,24245900
2025-09-16,M042,18647819
2025-09-16,M043,14008330
2025-09-16,M044,12003256
2025-09-16,M045,22745264
2025-09-16,M046,16280903
2025-09-16,M047,16961141
2025-09-16,M048,16248026
2025-09-17,M001,7067689
2025-09-17,M002,5558736
2025-09-17,M003,7739544
2025-09-17,M004,8457683
2025-09-17,M005,13003631
2025-09-17,M006,9234586
2025-09-17,M007,12018952
2025-09-17,M008,8152673
2025-09-17,M009,10348295
2025-09-17,M010,7206546
2025-09-17,M011,10607908
2025-09-17,M012,11957568
2025-09-17,M013,14337954
2025-09-17,M014,11172791
2025-09-17,M015,8227663
2025-09-17,M016,10496353
2025-09-17,M017,12988892
2025-09-17,M018,9864756
2025-09-17,M019,12520343
2025-09-17,M020,13744942
2025-09-17,M021,18249864
2025-09-17,M022,7947432
2025-09-17,M023,10545085
2025-09-17,M024,13335516
2025-09-17,M025,15792555
2025-09-17,M026,11323021
2025-09-17,M027,15609869
2025-09-17,M028,15134483
2025-09-17,M029,14634585
2025-09-17,M030,10772965
2025-09-17,M031,13086655
2025-09-17,M032,14505750
2025-09-17,M033,19871843
2025-09-17,M034,13794417
2025-09-17,M035,17827661
2025-09-17,M036,14364077
2025-09-17,M037,15356882
2025-09-17,M038,11985206
2025-09-17,M039,16721217
2025-09-17,M040,16337531
2025-09-17,M041,22928747
2025-09-17,M042,16833360
2025-09-17,M043,13860992
2025-09-17,M044,16659399
2025-09-17,M045,22025974
2025-09-17,M046,13404257
2025-09-17,M047,19144124
2025-09-17,M048,20071967
2025-09-18,M001,4020263
2025-09-18,M002,7164280
2025-09-18,M003,6279661
2025-09-18,M004,13110747
2025-09-18,M005,6962679
2025-09-18,M006,11930325
2025-09-18,M007,10438168
2025-09-18,M008,9950720
2025-09-18,M009,6250209
2025-09-18,M010,10254079
2025-09-18,M011,8162260
2025-09-18,M012,16370961
2025-09-18,M013,8721836
2025-09-18,M014,16510196
2025-09-18,M015,7648071
2025-09-18,M016,13673650
2025-09-18,M017,7727927
2025-09-18,M018,13623937
2025-09-18,M019,10867390
2025-09-18,M020,18128052
2025-09-18,M021,10332438
2025-09-18,M022,11789672
2025-09-18,M023,8975312
2025-09-18,M024,18608410
2025-09-18,M025,10020844
2025-09-18,M026,16361681
2025-09-18,M027,14434065
2025-09-18,M028,20323321
2025-09-18,M029,7805474
2025-09-18,M030,14968053
2025-09-18,M031,11518867
2025-09-18,M032,21685623
2025-09-18,M033,10778085
2025-09-18,M034,20578534
2025-09-18,M035,15979558
2025-09-18,M036,20802820
2025-09-18,M037,9111719
2025-09-18,M038,17175617
2025-09-18,M039,13889604
2025-09-18,M040,23294215
2025-09-18,M041,11550264
2025-09-18,M042,20880214
2025-09-18,M043,13119274
2025-09-18,M044,21235044
2025-09-18,M045,12151566
2025-09-18,M046,19446401
2025-09-18,M047,15419417
2025-09-18,M048,28676282
2025-09-19,M001,4953397
2025-09-19,M002,7574777
2025-09-19,M003,9153988
2025-09-19,M004,7752312
2025-09-19,M005,9648210
2025-09-19,M006,11448680
2025-09-19,M007,13502199
2025-09-19,M008,6967015
2025-09-19,M009,8079224
2025-09-19,M010,9887198
2025-09-19,M011,10886436
2025-09-19,M012,9991198
2025-09-19,M013,11792438
2025-09-19,M014,14862553
2025-09-19,M015,9898096
2025-09-19,M016,8882128
2025-09-19,M017,9910096
2025-09-19,M018,12867669
2025-09-19,M019,13089296
2025-09-19,M020,11621934
2025-09-19,M021,13872354
2025-09-19,M022,10924828
2025-09-19,M023,12727961
2025-09-19,M024,11488920
2025-09-19,M025,13008092
2025-09-19,M026,16244710
2025-09-19,M027,17985409
2025-09-19,M028,14103428
2025-09-19,M029,10600535
2025-09-19,M030,12816173
2025-09-19,M031,15040830
2025-09-19,M032,13696690
2025-09-19,M033,14324862
2025-09-19,M034,17365510
2025-09-19,M035,19913105
2025-09-19,M036,12444184
2025-09-19,M037,11680311
2025-09-19,M038,15245010
2025-09-19,M039,18482272
2025-09-19,M040,13849178
2025-09-19,M041,16928633
2025-09-19,M042,19919301
2025-09-19,M043,18041786
2025-09-19,M044,13464418
2025-09-19,M045,16740527
2025-09-19,M046,19011609
2025-09-19,M047,21114864
2025-09-19,M048,15994373
2025-09-20,M001,5741258
2025-09-20,M002,5727691
2025-09-20,M003,6954588
2025-09-20,M004,6136525
2025-09-20,M005,11044494
2025-09-20,M006,10175865
2025-09-20,M007,10527098
2025-09-20,M008,4953364
2025-09-20,M009,10389432
2025-09-20,M010,7989885
2025-09-20,M011,9589246
2025-09-20,M012,7682829
2025-09-20,M013,13758925
2025-09-20,M014,10777007
2025-09-20,M015,8412776
2025-09-20,M016,7169193
2025-09-20,M017,11698429
2025-09-20,M018,11348630
2025-09-20,M019,10589446
2025-09-20,M020,8933100
2025-09-20,M021,16102300
2025-09-20,M022,8171849
2025-09-20,M023,10218108
2025-09-20,M024,8690891
2025-09-20,M025,14259624
2025-09-20,M026,13246241
2025-09-20,M027,13799278
2025-09-20,M028,10234916
2025-09-20,M029,13163256
2025-09-20,M030,11064354
2025-09-20,M031,12527075
2025-09-20,M032,10547311
2025-09-20,M033,18051632
2025-09-20,M034,13962211
2025-09-20,M035,15479603
2025-09-20,M036,9019675
2025-09-20,M037,15245698
2025-09-20,M038,11929588
2025-09-20,M039,14160679
2025-09-20,M040,12228945
2025-09-20,M041,20361216
2025-09-20,M042,16314018
2025-09-20,M043,13583850
2025-09-20,M044,11784516
2025-09-20,M045,19798112
2025-09-20,M046,14162869
2025-09-20,M047,16899822
2025-09-20,M048,14421458
2025-09-21,M001,6532326
2025-09-21,M002,4668123
2025-09-21,M003,6588801
2025-09-21,M004,8356998
2025-09-21,M005,11263350
2025-09-21,M006,7835383
2025-09-21,M007,10921727
2025-09-21,M008,6493290
2025-09-21,M009,10366111
2025-09-21,M010,6669739
2025-09-21,M011,8331250
2025-09-21,M012,9718130
2025-09-21,M013,13285240
2025-09-21,M014,9427628
2025-09-21,M015,7965601
2025-09-21,M016,9146689
2025-09-21,M017,11731884
2025-09-21,M018,9421967
2025-09-21,M019,10937866
2025-09-21,M020,11255012
2025-09-21,M021,16105551
2025-09-21,M022,7331754
2025-09-21,M023,10593036
2025-09-21,M024,11369638
2025-09-21,M025,14989351
2025-09-21,M026,10832452
2025-09-21,M027,13541788
2025-09-21,M028,15082011
2025-09-21,M029,12186837
2025-09-21,M030,9306135
2025-09-21,M031,12075899
2025-09-21,M032,13126445
2025-09-21,M033,17388804
2025-09-21,M034,12785078
2025-09-21,M035,16176909
2025-09-21,M036,11776698
2025-09-21,M037,15907946
2025-09-21,M038,11016830
2025-09-21,M039,15086359
2025-09-21,M040,14360939
2025-09-21,M041,21622493
2025-09-21,M042,13792097
2025-09-21,M043,12862318
2025-09-21,M044,13781778
2025-09-21,M045,20796097
2025-09-21,M046,13071770
2025-09-21,M047,16151213
2025-09-21,M048,17915824
2025-09-22,M001,3648278
2025-09-22,M002,7214039
2025-09-22,M003,6700851
2025-09-22,M004,13349729
2025-09-22,M005,6614919
2025-09-22,M006,13532446
2025-09-22,M007,10525173
2025-09-22,M008,11370876
2025-09-22,M009,6353006
2025-09-22,M010,9523022
2025-09-22,M011,8316458
2025-09-22,M012,15876407
2025-09-22,M013,8870172
2025-09-22,M014,15730435
2025-09-22,M015,7497339
2025-09-22,M016,14725658
2025-09-22,M017,7512141
2025-09-22,M018,14372661
2025-09-22,M019,10952366
2025-09-22,M020,17487033
2025-09-22,M021,9778473
2025-09-22,M022,11894308
2025-09-22,M023,9155011
2025-09-22,M024,17464603
2025-09-22,M025,9292849
2025-09-22,M026,16057448
2025-09-22,M027,13425660
2025-09-22,M028,21877915
2025-09-22,M029,7976558
2025-09-22,M030,13659938
2025-09-22,M031,11640248
2025-09-22,M032,20061347
2025-09-22,M033,11646734
2025-09-22,M034,20480986
2025-09-22,M035,16048127
2025-09-22,M036,20161083
2025-09-22,M037,8518324
2025-09-22,M038,17812251
2025-09-22,M039,12250962
2025-09-22,M040,25759860
2025-09-22,M041,13144269
2025-09-22,M042,23022881
2025-09-22,M043,12848901
2025-09-22,M044,22087780
2025-09-22,M045,12852630
2025-09-22,M046,20695432
2025-09-22,M047,15986185
2025-09-22,M048,29013011
2025-09-23,M001,5546196
2025-09-23,M002,6998661
2025-09-23,M003,8155975
2025-09-23,M004,7838136
2025-09-23,M005,9525572
2025-09-23,M006,12534628
2025-09-23,M007,14549057
2025-09-23,M008,6310414
2025-09-23,M009,7635711
2025-09-23,M010,8820025
2025-09-23,M011,10650669
2025-09-23,M012,9046013
2025-09-23,M013,10536237
2025-09-23,M014,13245273
2025-09-23,M015,10343498
2025-09-23,M016,8285040
2025-09-23,M017,10734924
2025-09-23,M018,13292878
2025-09-23,M019,14317949
2025-09-23,M020,10766514
2025-09-23,M021,12761991
2025-09-23,M022,10609744
2025-09-23,M023,13228847
2025-09-23,M024,10586782
2025-09-23,M025,12677586
2025-09-23,M026,15641974
2025-09-23,M027,17598279
2025-09-23,M028,14387504
2025-09-23,M029,10504349
2025-09-23,M030,12283910
2025-09-23,M031,16366798
2025-09-23,M032,12335026
2025-09-23,M033,15870841
2025-09-23,M034,17578218
2025-09-23,M035,19666426
2025-09-23,M036,11855809
2025-09-23,M037,12789029
2025-09-23,M038,16496418
2025-09-23,M039,17998253
2025-09-23,M040,14690053
2025-09-23,M041,18017489
2025-09-23,M042,20740566
2025-09-23,M043,16036515
2025-09-23,M044,13258612
2025-09-23,M045,15220749
2025-09-23,M046,17247732
2025-09-23,M047,22163125
2025-09-23,M048,17499861
2025-09-24,M001,6452400
2025-09-24,M002,5914524
2025-09-24,M003,7662025
2025-09-24,M004,7259301
2025-09-24,M005,12295299
2025-09-24,M006,9829641
2025-09-24,M007,12947052
2025-09-24,M008,5657970
2025-09-24,M009,11695082
2025-09-24,M010,8021267
2025-09-24,M011,9530087
2025-09-24,M012,8192307
2025-09-24,M013,15780099
2025-09-24,M014,12394942
2025-09-24,M015,8378323
2025-09-24,M016,7879778
2025-09-24,M017,14794645
2025-09-24,M018,11766379
2025-09-24,M019,12649618
2025-09-24,M020,10937323
2025-09-24,M021,16605461
2025-09-24,M022,9036969
2025-09-24,M023,10881174
2025-09-24,M024,9810690
2025-09-24,M025,17905037
2025-09-24,M026,13992070
2025-09-24,M027,15274300
2025-09-24,M028,12366604
2025-09-24,M029,14211264
2025-09-24,M030,11086192
2025-09-24,M031,13768247
2025-09-24,M032,11068110
2025-09-24,M033,20972577
2025-09-24,M034,17676346
2025-09-24,M035,18690004
2025-09-24,M036,10139863
2025-09-24,M037,17852993
2025-09-24,M038,14862870
2025-09-24,M039,15687891
2025-09-24,M040,13652035
2025-09-24,M041,22886160
2025-09-24,M042,18039704
2025-09-24,M043,15580421
2025-09-24,M044,13270262
2025-09-24,M045,23536183
2025-09-24,M046,15788337
2025-09-24,M047,16908550
2025-09-24,M048,14056722
2025-09-25,M001,7135423
2025-09-25,M002,5473486
2025-09-25,M003,8112611
2025-09-25,M004,9451110
2025-09-25,M005,11864696
2025-09-25,M006,9268524
2025-09-25,M007,11999894
2025-09-25,M008,8000647
2025-09-25,M009,10203744
2025-09-25,M010,7666173
2025-09-25,M011,10005838
2025-09-25,M012,10250902
2025-09-25,M013,13730652
2025-09-25,M014,11545082
2025-09-25,M015,8346084
2025-09-25,M016,9477298
2025-09-25,M017,14140280
2025-09-25,M018,9316519
2025-09-25,M019,12290156
2025-09-25,M020,12931061
2025-09-25,M021,16461480
2025-09-25,M022,8553594
2025-09-25,M023,12099373
2025-09-25,M024,12824107
2025-09-25,M025,16249313
2025-09-25,M026,12255604
2025-09-25,M027,14913527
2025-09-25,M028,15193173
2025-09-25,M029,13524184
2025-09-25,M030,10011609
2025-09-25,M031,14337971
2025-09-25,M032,14965924
2025-09-25,M033,20955253
2025-09-25,M034,13571278
2025-09-25,M035,19429441
2025-09-25,M036,13969742
2025-09-25,M037,16032984
2025-09-25,M038,11988916
2025-09-25,M039,16031365
2025-09-25,M040,16476658
2025-09-25,M041,21669563
2025-09-25,M042,15835626
2025-09-25,M043,14147419
2025-09-25,M044,15384243
2025-09-25,M045,22628365
2025-09-25,M046,12583775
2025-09-25,M047,18586597
2025-09-25,M048,20381494
2025-09-26,M001,3964555
2025-09-26,M002,7607985
2025-09-26,M003,6824031
2025-09-26,M004,12096918
2025-09-26,M005,6530083
2025-09-26,M006,13063149
2025-09-26,M007,10524788
2025-09-26,M008,9979468
2025-09-26,M009,5894127
2025-09-26,M010,9683203
2025-09-26,M011,7856607
2025-09-26,M012,16747751
2025-09-26,M013,8476836
2025-09-26,M014,15290281
2025-09-26,M015,6989326
2025-09-26,M016,13963475
2025-09-26,M017,7770265
2025-09-26,M018,14357258
2025-09-26,M019,10836272
2025-09-26,M020,18402660
2025-09-26,M021,9244021
2025-09-26,M022,11806226
2025-09-26,M023,9675848
2025-09-26,M024,17545018
2025-09-26,M025,8764806
2025-09-26,M026,16910370
2025-09-26,M027,12984649
2025-09-26,M028,20440619
2025-09-26,M029,7251712
2025-09-26,M030,13984007
2025-09-26,M031,11108982
2025-09-26,M032,19585124
2025-09-26,M033,11047322
2025-09-26,M034,18804448
2025-09-26,M035,14332702
2025-09-26,M036,19778900
2025-09-26,M037,9313034
2025-09-26,M038,16314271
2025-09-26,M039,13302633
2025-09-26,M040,22821378
2025-09-26,M041,11953299
2025-09-26,M042,20962510
2025-09-26,M043,13505055
2025-09-26,M044,24224564
2025-09-26,M045,12231078
2025-09-26,M046,18519828
2025-09-26,M047,16340526
2025-09-26,M048,25466367
2025-09-27,M001,4826124
2025-09-27,M002,6462166
2025-09-27,M003,7861814
2025-09-27,M004,6657013
2025-09-27,M005,7991468
2025-09-27,M006,9905852
2025-09-27,M007,13589279
2025-09-27,M008,6252012
2025-09-27,M009,6949322
2025-09-27,M010,8422042
2025-09-27,M011,9867931
2025-09-27,M012,8203792
2025-09-27,M013,10788010
2025-09-27,M014,13266496
2025-09-27,M015,8509405
2025-09-27,M016,8249440
2025-09-27,M017,8924666
2025-09-27,M018,12315619
2025-09-27,M019,13520600
2025-09-27,M020,10875445
2025-09-27,M021,11247370
2025-09-27,M022,10226448
2025-09-27,M023,10832979
2025-09-27,M024,10329150
2025-09-27,M025,12114697
2025-09-27,M026,15105601
2025-09-27,M027,16160376
2025-09-27,M028,12439544
2025-09-27,M029,9313479
2025-09-27,M030,11263311
2025-09-27,M031,12929599
2025-09-27,M032,10701502
2025-09-27,M033,12461001
2025-09-27,M034,16182433
2025-09-27,M035,17618593
2025-09-27,M036,10132390
2025-09-27,M037,11281098
2025-09-27,M038,14302004
2025-09-27,M039,16661712
2025-09-27,M040,13010940
2025-09-27,M041,14879924
2025-09-27,M042,18702296
2025-09-27,M043,15129993
2025-09-27,M044,12091616
2025-09-27,M045,14881049
2025-09-27,M046,16278686
2025-09-27,M047,18391350
2025-09-27,M048,15518787
2025-09-28,M001,5735280
2025-09-28,M002,5621016
2025-09-28,M003,6599643
2025-09-28,M004,6387831
2025-09-28,M005,11532551
2025-09-28,M006,8888280
2025-09-28,M007,10682445
2025-09-28,M008,5123054
2025-09-28,M009,10530227
2025-09-28,M010,7726289
2025-09-28,M011,9013473
2025-09-28,M012,8102748
2025-09-28,M013,13485100
2025-09-28,M014,11739182
2025-09-28,M015,8544336
2025-09-28,M016,7308869
2025-09-28,M017,12434539
2025-09-28,M018,10544119
2025-09-28,M019,11596284
2025-09-28,M020,9641414
2025-09-28,M021,16980885
2025-09-28,M022,9237618
2025-09-28,M023,10657469
2025-09-28,M024,8103221
2025-09-28,M025,16299773
2025-09-28,M026,12859372
2025-09-28,M027,14157990
2025-09-28,M028,10958963
2025-09-28,M029,12743471
2025-09-28,M030,10347477
2025-09-28,M031,12262546
2025-09-28,M032,11070488
2025-09-28,M033,19126653
2025-09-28,M034,14327962
2025-09-28,M035,16905128
2025-09-28,M036,9043227
2025-09-28,M037,15607395
2025-09-28,M038,13011113
2025-09-28,M039,13238088
2025-09-28,M040,11800196
2025-09-28,M041,20250004
2025-09-28,M042,16172042
2025-09-28,M043,12777186
2025-09-28,M044,11003500
2025-09-28,M045,19188619
2025-09-28,M046,13736572
2025-09-28,M047,16224861
2025-09-28,M048,14476826
2025-09-29,M001,6445505
2025-09-29,M002,5765508
2025-09-29,M003,7387359
2025-09-29,M004,8838724
2025-09-29,M005,11454368
2025-09-29,M006,8668572
2025-09-29,M007,11675597
2025-09-29,M008,7905993
2025-09-29,M009,10665545
2025-09-29,M010,7466362
2025-09-29,M011,9204470
2025-09-29,M012,10221907
2025-09-29,M013,14694570
2025-09-29,M014,10129620
2025-09-29,M015,8193740
2025-09-29,M016,10129003
2025-09-29,M017,13815564
2025-09-29,M018,10006908
2025-09-29,M019,12032381
2025-09-29,M020,12760959
2025-09-29,M021,18550756
2025-09-29,M022,8778133
2025-09-29,M023,10576924
2025-09-29,M024,13160242
2025-09-29,M025,17388417
2025-09-29,M026,12280692
2025-09-29,M027,15906647
2025-09-29,M028,15939886
2025-09-29,M029,12924498
2025-09-29,M030,10018760
2025-09-29,M031,13538186
2025-09-29,M032,14714789
2025-09-29,M033,18712024
2025-09-29,M034,14366110
2025-09-29,M035,18012368
2025-09-29,M036,14449929
2025-09-29,M037,16752605
2025-09-29,M038,12225399
2025-09-29,M039,14605038
2025-09-29,M040,16008829
2025-09-29,M041,23648790
2025-09-29,M042,15136069
2025-09-29,M043,15308469
2025-09-29,M044,17046286
2025-09-29,M045,21418799
2025-09-29,M046,13085657
2025-09-29,M047,18841022
2025-09-29,M048,20681873
2025-09-30,M001,3573262
2025-09-30,M002,7384519
2025-09-30,M003,6777988
2025-09-30,M004,11930675
2025-09-30,M005,6515477
2025-09-30,M006,12721406
2025-09-30,M007,10857834
2025-09-30,M008,10792180
2025-09-30,M009,5971587
2025-09-30,M010,10346493
2025-09-30,M011,7960604
2025-09-30,M012,15539218
2025-09-30,M013,8410536
2025-09-30,M014,14499513
2025-09-30,M015,8037960
2025-09-30,M016,13383007
2025-09-30,M017,7935353
2025-09-30,M018,13979859
2025-09-30,M019,9641453
2025-09-30,M020,17752986
2025-09-30,M021,10214546
2025-09-30,M022,12576090
2025-09-30,M023,9903132
2025-09-30,M024,16963473
2025-09-30,M025,9228136
2025-09-30,M026,16085917
2025-09-30,M027,13078561
2025-09-30,M028,22064443
2025-09-30,M029,7987413
2025-09-30,M030,14873932
2025-09-30,M031,12065076
2025-09-30,M032,21739714
2025-09-30,M033,11228054
2025-09-30,M034,20030119
2025-09-30,M035,15817460
2025-09-30,M036,18142146
2025-09-30,M037,8447240
2025-09-30,M038,16376360
2025-09-30,M039,12966042
2025-09-30,M040,23280185
2025-09-30,M041,12464579
2025-09-30,M042,23039966
2025-09-30,M043,11968985
2025-09-30,M044,22484724
2025-09-30,M045,12686691
2025-09-30,M046,20586962
2025-09-30,M047,15320457
2025-09-30,M048,27238760
2025-10-01,M001,6301609
2025-10-01,M002,4869454
2025-10-01,M003,7253241
2025-10-01,M004,8665626
2025-10-01,M005,11503870
2025-10-01,M006,9239304
2025-10-01,M007,11633129
2025-10-01,M008,7498975
2025-10-01,M009,11286648
2025-10-01,M010,7430406
2025-10-01,M011,9863750
2025-10-01,M012,10724610
2025-10-01,M013,14024204
2025-10-01,M014,10078024
2025-10-01,M015,9034666
2025-10-01,M016,10607393
2025-10-01,M017,13427777
2025-10-01,M018,10615553
2025-10-01,M019,12880810
2025-10-01,M020,13942033
2025-10-01,M021,16325961
2025-10-01,M022,8231540
2025-10-01,M023,11560344
2025-10-01,M024,12798430
2025-10-01,M025,15162925
2025-10-01,M026,12308491
2025-10-01,M027,16676160
2025-10-01,M028,16082929
2025-10-01,M029,13045852
2025-10-01,M030,10598620
2025-10-01,M031,14167704
2025-10-01,M032,13930290
2025-10-01,M033,18247526
2025-10-01,M034,14178141
2025-10-01,M035,18947578
2025-10-01,M036,14650326
2025-10-01,M037,17505410
2025-10-01,M038,12489964
2025-10-01,M039,16648343
2025-10-01,M040,16448135
2025-10-01,M041,23113952
2025-10-01,M042,16095946
2025-10-01,M043,13786653
2025-10-01,M044,16756820
2025-10-01,M045,21772085
2025-10-01,M046,13468265
2025-10-01,M047,16829677
2025-10-01,M048,18209382
2025-10-02,M001,3807931
2025-10-02,M002,7195956
2025-10-02,M003,6124935
2025-10-02,M004,12149666
2025-10-02,M005,6914025
2025-10-02,M006,12303376
2025-10-02,M007,10251999
2025-10-02,M008,11255472
2025-10-02,M009,6057085
2025-10-02,M010,10865890
2025-10-02,M011,8549060
2025-10-02,M012,15212850
2025-10-02,M013,8774760
2025-10-02,M014,14408169
2025-10-02,M015,7815238
2025-10-02,M016,13795569
2025-10-02,M017,7376415
2025-10-02,M018,13812930
2025-10-02,M019,9598209
2025-10-02,M020,17280602
2025-10-02,M021,9430893
2025-10-02,M022,11257799
2025-10-02,M023,9759702
2025-10-02,M024,16580728
2025-10-02,M025,8807276
2025-10-02,M026,16486276
2025-10-02,M027,12910421
2025-10-02,M028,20676105
2025-10-02,M029,7250062
2025-10-02,M030,13731390
2025-10-02,M031,10728039
2025-10-02,M032,19161975
2025-10-02,M033,11075725
2025-10-02,M034,19553809
2025-10-02,M035,14538824
2025-10-02,M036,19756258
2025-10-02,M037,9723701
2025-10-02,M038,17133810
2025-10-02,M039,12800826
2025-10-02,M040,22446014
2025-10-02,M041,11760009
2025-10-02,M042,24131030
2025-10-02,M043,12531356
2025-10-02,M044,21154740
2025-10-02,M045,11707661
2025-10-02,M046,19394359
2025-10-02,M047,13938660
2025-10-02,M048,27800776
2025-10-03,M001,5202341
2025-10-03,M002,7240060
2025-10-03,M003,9188685
2025-10-03,M004,7930565
2025-10-03,M005,8548372
2025-10-03,M006,12470667
2025-10-03,M007,13833802
2025-10-03,M008,6566716
2025-10-03,M009,7870885
2025-10-03,M010,8998392
2025-10-03,M011,11534843
2025-10-03,M012,9440640
2025-10-03,M013,11731906
2025-10-03,M014,13889395
2025-10-03,M015,10299329
2025-10-03,M016,8893206
2025-10-03,M017,10756384
2025-10-03,M018,13709023
2025-10-03,M019,14020010
2025-10-03,M020,11212334
2025-10-03,M021,14165079
2025-10-03,M022,10681476
2025-10-03,M023,11718084
2025-10-03,M024,11406351
2025-10-03,M025,12556062
2025-10-03,M026,15598907
2025-10-03,M027,18321999
2025-10-03,M028,13115931
2025-10-03,M029,10058378
2025-10-03,M030,13066929
2025-10-03,M031,15561425
2025-10-03,M032,13042139
2025-10-03,M033,13820811
2025-10-03,M034,19247345
2025-10-03,M035,20103872
2025-10-03,M036,12066312
2025-10-03,M037,12413651
2025-10-03,M038,14367336
2025-10-03,M039,18462554
2025-10-03,M040,14518173
2025-10-03,M041,18209689
2025-10-03,M042,19225244
2025-10-03,M043,16278108
2025-10-03,M044,14387243
2025-10-03,M045,17271683
2025-10-03,M046,16371484
2025-10-03,M047,20376271
2025-10-03,M048,15987699
2025-10-04,M001,5686935
2025-10-04,M002,5337584
2025-10-04,M003,6414366
2025-10-04,M004,6183164
2025-10-04,M005,10880066
2025-10-04,M006,9990369
2025-10-04,M007,10233564
2025-10-04,M008,5572088
2025-10-04,M009,9120928
2025-10-04,M010,7664987
2025-10-04,M011,9100631
2025-10-04,M012,7780430
2025-10-04,M013,14122427
2025-10-04,M014,10886167
2025-10-04,M015,8438893
2025-10-04,M016,7318282
2025-10-04,M017,12550467
2025-10-04,M018,10418906
2025-10-04,M019,11472765
2025-10-04,M020,9536513
2025-10-04,M021,17214577
2025-10-04,M022,9213792
2025-10-04,M023,10923477
2025-10-04,M024,8374972
2025-10-04,M025,14411429
2025-10-04,M026,12885171
2025-10-04,M027,14073180
2025-10-04,M028,10352710
2025-10-04,M029,13160601
2025-10-04,M030,9991638
2025-10-04,M031,12109791
2025-10-04,M032,9724411
2025-10-04,M033,18292655
2025-10-04,M034,15085418
2025-10-04,M035,15714916
2025-10-04,M036,10182320
2025-10-04,M037,15658911
2025-10-04,M038,13194363
2025-10-04,M039,13796586
2025-10-04,M040,11664985
2025-10-04,M041,19969551
2025-10-04,M042,17023779
2025-10-04,M043,12900908
2025-10-04,M044,10892198
2025-10-04,M045,20827600
2025-10-04,M046,14553028
2025-10-04,M047,16824335
2025-10-04,M048,13248348
2025-10-05,M001,6275618
2025-10-05,M002,4675709
2025-10-05,M003,7042325
2025-10-05,M004,8202035
2025-10-05,M005,10124542
2025-10-05,M006,7801759
2025-10-05,M007,11465749
2025-10-05,M008,7142722
2025-10-05,M009,9414939
2025-10-05,M010,6901073
2025-10-05,M011,8887142
2025-10-05,M012,9841769
2025-10-05,M013,13854921
2025-10-05,M014,8950753
2025-10-05,M015,7643868
2025-10-05,M016,9308413
2025-10-05,M017,11863907
2025-10-05,M018,8452145
2025-10-05,M019,10084798
2025-10-05,M020,11221078
2025-10-05,M021,14719537
2025-10-05,M022,7381268
2025-10-05,M023,9498047
2025-10-05,M024,11016811
2025-10-05,M025,14380193
2025-10-05,M026,10612144
2025-10-05,M027,14964626
2025-10-05,M028,14382173
2025-10-05,M029,11703898
2025-10-05,M030,8743824
2025-10-05,M031,12262907
2025-10-05,M032,12189706
2025-10-05,M033,17613617
2025-10-05,M034,12948758
2025-10-05,M035,15699136
2025-10-05,M036,12780081
2025-10-05,M037,14989646
2025-10-05,M038,10411910
2025-10-05,M039,14508117
2025-10-05,M040,15549900
2025-10-05,M041,19596269
2025-10-05,M042,14491710
2025-10-05,M043,12817688
2025-10-05,M044,15217178
2025-10-05,M045,19571160
2025-10-05,M046,12481777
2025-10-05,M047,15362474
2025-10-05,M048,17896880
2025-10-06,M001,3951833
2025-10-06,M002,8009992
2025-10-06,M003,6218868
2025-10-06,M004,11454443
2025-10-06,M005,6650350
2025-10-06,M006,11950032
2025-10-06,M007,10681455
2025-10-06,M008,10705390
2025-10-06,M009,5873910
2025-10-06,M010,10731140
2025-10-06,M011,7790088
2025-10-06,M012,14432904
2025-10-06,M013,8451542
2025-10-06,M014,16562619
2025-10-06,M015,6887468
2025-10-06,M016,14308155
2025-10-06,M017,7097136
2025-10-06,M018,15120607
2025-10-06,M019,10169375
2025-10-06,M020,17665801
2025-10-06,M021,9633855
2025-10-06,M022,11214272
2025-10-06,M023,9403196
2025-10-06,M024,17294137
2025-10-06,M025,9840209
2025-10-06,M026,15963116
2025-10-06,M027,13619874
2025-10-06,M028,20420637
2025-10-06,M029,7123556
2025-10-06,M030,14570418
2025-10-06,M031,10857741
2025-10-06,M032,19928227
2025-10-06,M033,11427080
2025-10-06,M034,20192084
2025-10-06,M035,15873679
2025-10-06,M036,18325888
2025-10-06,M037,9752208
2025-10-06,M038,15600441
2025-10-06,M039,12706403
2025-10-06,M040,23453371
2025-10-06,M041,12482486
2025-10-06,M042,23570652
2025-10-06,M043,13045062
2025-10-06,M044,22739611
2025-10-06,M045,11374673
2025-10-06,M046,17985453
2025-10-06,M047,16031064
2025-10-06,M048,27776734
2025-10-07,M001,4948751
2025-10-07,M002,7168801
2025-10-07,M003,9033588
2025-10-07,M004,7094091
2025-10-07,M005,9017344
2025-10-07,M006,12220399
2025-10-07,M007,13604839
2025-10-07,M008,6789682
2025-10-07,M009,7727738
2025-10-07,M010,8914259
2025-10-07,M011,11656383
2025-10-07,M012,9484550
2025-10-07,M013,11818340
2025-10-07,M014,14307580
2025-10-07,M015,10666538
2025-10-07,M016,8744498
2025-10-07,M017,10505540
2025-10-07,M018,13422757
2025-10-07,M019,14508441
2025-10-07,M020,10766787
2025-10-07,M021,14231568
2025-10-07,M022,10981927
2025-10-07,M023,12002563
2025-10-07,M024,10653945
2025-10-07,M025,13162290
2025-10-07,M026,15793722
2025-10-07,M027,19020136
2025-10-07,M028,12749308
2025-10-07,M029,10377673
2025-10-07,M030,14156679
2025-10-07,M031,14992593
2025-10-07,M032,12117637
2025-10-07,M033,15688540
2025-10-07,M034,18860403
2025-10-07,M035,21899910
2025-10-07,M036,11385010
2025-10-07,M037,11939102
2025-10-07,M038,16513948
2025-10-07,M039,19205095
2025-10-07,M040,13611290
2025-10-07,M041,17824362
2025-10-07,M042,20374389
2025-10-07,M043,16058546
2025-10-07,M044,14081747
2025-10-07,M045,15221903
2025-10-07,M046,17158029
2025-10-07,M047,21442793
2025-10-07,M048,16570063
2025-10-08,M001,6838661
2025-10-08,M002,6637543
2025-10-08,M003,8056087
2025-10-08,M004,6455066
2025-10-08,M005,11216530
2025-10-08,M006,10770410
2025-10-08,M007,12476996
2025-10-08,M008,5549664
2025-10-08,M009,10390693
2025-10-08,M010,8905923
2025-10-08,M011,10395998
2025-10-08,M012,7929614
2025-10-08,M013,14728678
2025-10-08,M014,11853494
2025-10-08,M015,8484124
2025-10-08,M016,7429309
2025-10-08,M017,13744060
2025-10-08,M018,11608582
2025-10-08,M019,11933207
2025-10-08,M020,10228591
2025-10-08,M021,16501990
2025-10-08,M022,10227706
2025-10-08,M023,11596678
2025-10-08,M024,10091354
2025-10-08,M025,15473261
2025-10-08,M026,14799056
2025-10-08,M027,16593362
2025-10-08,M028,12650550
2025-10-08,M029,14730684
2025-10-08,M030,11346798
2025-10-08,M031,13078820
2025-10-08,M032,12168592
2025-10-08,M033,18854955
2025-10-08,M034,16639608
2025-10-08,M035,18312696
2025-10-08,M036,10750661
2025-10-08,M037,15480037
2025-10-08,M038,14137216
2025-10-08,M039,15806601
2025-10-08,M040,13925228
2025-10-08,M041,23971718
2025-10-08,M042,17167962
2025-10-08,M043,14610624
2025-10-08,M044,13124084
2025-10-08,M045,22093179
2025-10-08,M046,14634652
2025-10-08,M047,17732988
2025-10-08,M048,15940790
2025-10-09,M001,6352173
2025-10-09,M002,5649330
2025-10-09,M003,7880652
2025-10-09,M004,8849548
2025-10-09,M005,11933308
2025-10-09,M006,8264692
2025-10-09,M007,12826707
2025-10-09,M008,7796224
2025-10-09,M009,9838149
2025-10-09,M010,6746350
2025-10-09,M011,9792274
2025-10-09,M012,11694166
2025-10-09,M013,15873070
2025-10-09,M014,11236995
2025-10-09,M015,8777572
2025-10-09,M016,10502641
2025-10-09,M017,13559734
2025-10-09,M018,9415779
2025-10-09,M019,12841854
2025-10-09,M020,13408423
2025-10-09,M021,16472860
2025-10-09,M022,8233095
2025-10-09,M023,10635464
2025-10-09,M024,12746338
2025-10-09,M025,16297007
2025-10-09,M026,11908636
2025-10-09,M027,15674692
2025-10-09,M028,15677215
2025-10-09,M029,14112308
2025-10-09,M030,9471372
2025-10-09,M031,12396230
2025-10-09,M032,14193045
2025-10-09,M033,19593163
2025-10-09,M034,14636110
2025-10-09,M035,19492096
2025-10-09,M036,13455381
2025-10-09,M037,15929527
2025-10-09,M038,10926869
2025-10-09,M039,16283136
2025-10-09,M040,17777969
2025-10-09,M041,20968580
2025-10-09,M042,16722262
2025-10-09,M043,14870687
2025-10-09,M044,15566876
2025-10-09,M045,21818381
2025-10-09,M046,14472448
2025-10-09,M047,17713251
2025-10-09,M048,20390265
2025-10-10,M001,3541250
2025-10-10,M002,6964743
2025-10-10,M003,5937960
2025-10-10,M004,12789452
2025-10-10,M005,6500003
2025-10-10,M006,11971237
2025-10-10,M007,9783029
2025-10-10,M008,11329674
2025-10-10,M009,6018146
2025-10-10,M010,10702738
2025-10-10,M011,8457294
2025-10-10,M012,14439073
2025-10-10,M013,8738926
2025-10-10,M014,14803244
2025-10-10,M015,7190097
2025-10-10,M016,13488979
2025-10-10,M017,7082661
2025-10-10,M018,13563719
2025-10-10,M019,10292553
2025-10-10,M020,17453844
2025-10-10,M021,10185541
2025-10-10,M022,11777499
2025-10-10,M023,9895577
2025-10-10,M024,18255838
2025-10-10,M025,9829427
2025-10-10,M026,17971364
2025-10-10,M027,12636626
2025-10-10,M028,20840482
2025-10-10,M029,7717265
2025-10-10,M030,13185660
2025-10-10,M031,11255745
2025-10-10,M032,21283577
2025-10-10,M033,10635297
2025-10-10,M034,19655993
2025-10-10,M035,15588664
2025-10-10,M036,20617853
2025-10-10,M037,8806947
2025-10-10,M038,17671222
2025-10-10,M039,12947592
2025-10-10,M040,25075152
2025-10-10,M041,11949322
2025-10-10,M042,20648976
2025-10-10,M043,12116254
2025-10-10,M044,22663692
2025-10-10,M045,11835042
2025-10-10,M046,20203911
2025-10-10,M047,14848900
2025-10-10,M048,26790538
2025-10-11,M001,4637133
2025-10-11,M002,5962975
2025-10-11,M003,8259579
2025-10-11,M004,6710996
2025-10-11,M005,8483614
2025-10-11,M006,10287499
2025-10-11,M007,12692058
2025-10-11,M008,6051232
2025-10-11,M009,6772916
2025-10-11,M010,8109618
2025-10-11,M011,9841682
2025-10-11,M012,8301127
2025-10-11,M013,9731493
2025-10-11,M014,12333658
2025-10-11,M015,9383825
2025-10-11,M016,8262494
2025-10-11,M017,9077906
2025-10-11,M018,11341651
2025-10-11,M019,12763388
2025-10-11,M020,10406161
2025-10-11,M021,12256364
2025-10-11,M022,10403466
2025-10-11,M023,10839020
2025-10-11,M024,9980291
2025-10-11,M025,10955133
2025-10-11,M026,13122711
2025-10-11,M027,17217882
2025-10-11,M028,12443795
2025-10-11,M029,9333078
2025-10-11,M030,11155141
2025-10-11,M031,13110230
2025-10-11,M032,12086320
2025-10-11,M033,12846692
2025-10-11,M034,17328216
2025-10-11,M035,20253975
2025-10-11,M036,10934373
2025-10-11,M037,11988464
2025-10-11,M038,13773731
2025-10-11,M039,17211535
2025-10-11,M040,14131484
2025-10-11,M041,15288925
2025-10-11,M042,18150551
2025-10-11,M043,15445121
2025-10-11,M044,12687745
2025-10-11,M045,15193928
2025-10-11,M046,15246287
2025-10-11,M047,17833157
2025-10-11,M048,15943350
2025-10-12,M001,6120460
2025-10-12,M002,5931417
2025-10-12,M003,6781621
2025-10-12,M004,6382841
2025-10-12,M005,10692283
2025-10-12,M006,8690845
2025-10-12,M007,11051670
2025-10-12,M008,5616908
2025-10-12,M009,10333826
2025-10-12,M010,8131820
2025-10-12,M011,8539094
2025-10-12,M012,7183957
2025-10-12,M013,14353855
2025-10-12,M014,11116190
2025-10-12,M015,8576670
2025-10-12,M016,7108934
2025-10-12,M017,11527842
2025-10-12,M018,10032776
2025-10-12,M019,11059075
2025-10-12,M020,9087881
2025-10-12,M021,15894403
2025-10-12,M022,8902219
2025-10-12,M023,10048389
2025-10-12,M024,8676642
2025-10-12,M025,13953122
2025-10-12,M026,13435466
2025-10-12,M027,14091103
2025-10-12,M028,10794618
2025-10-12,M029,11945609
2025-10-12,M030,10905946
2025-10-12,M031,13089065
2025-10-12,M032,10550318
2025-10-12,M033,18432315
2025-10-12,M034,15177715
2025-10-12,M035,16380436
2025-10-12,M036,9034548
2025-10-12,M037,15474863
2025-10-12,M038,12524319
2025-10-12,M039,13468003
2025-10-12,M040,12340164
2025-10-12,M041,21718964
2025-10-12,M042,16583762
2025-10-12,M043,13352706
2025-10-12,M044,11871775
2025-10-12,M045,20151914
2025-10-12,M046,14876912
2025-10-12,M047,16454306
2025-10-12,M048,13875963
2025-10-13,M001,6537285
2025-10-13,M002,5304629
2025-10-13,M003,7029145
2025-10-13,M004,8772613
2025-10-13,M005,11799931
2025-10-13,M006,8765768
2025-10-13,M007,12600921
2025-10-13,M008,7115139
2025-10-13,M009,11186384
2025-10-13,M010,6724896
2025-10-13,M011,10432204
2025-10-13,M012,11834134
2025-10-13,M013,15056565
2025-10-13,M014,11321788
2025-10-13,M015,9278948
2025-10-13,M016,9691810
2025-10-13,M017,13757186
2025-10-13,M018,10792890
2025-10-13,M019,12852481
2025-10-13,M020,12833665
2025-10-13,M021,17537548
2025-10-13,M022,7744998
2025-10-13,M023,10720519
2025-10-13,M024,12907723
2025-10-13,M025,16289888
2025-10-13,M026,12464824
2025-10-13,M027,15246567
2025-10-13,M028,15595344
2025-10-13,M029,14029699
2025-10-13,M030,10633729
2025-10-13,M031,12854441
2025-10-13,M032,14281910
2025-10-13,M033,19498801
2025-10-13,M034,14609563
2025-10-13,M035,19527652
2025-10-13,M036,14059337
2025-10-13,M037,17333845
2025-10-13,M038,11339406
2025-10-13,M039,16081407
2025-10-13,M040,16256555
2025-10-13,M041,23703905
2025-10-13,M042,15354636
2025-10-13,M043,14430389
2025-10-13,M044,15441357
2025-10-13,M045,19555444
2025-10-13,M046,14225051
2025-10-13,M047,18981909
2025-10-13,M048,17776866
2025-10-14,M001,3640172
2025-10-14,M002,8009902
2025-10-14,M003,6038163
2025-10-14,M004,13016149
2025-10-14,M005,6710097
2025-10-14,M006,12420241
2025-10-14,M007,9447441
2025-10-14,M008,11429691
2025-10-14,M009,6142992
2025-10-14,M010,10467961
2025-10-14,M011,8535871
2025-10-14,M012,16720354
2025-10-14,M013,7774981
2025-10-14,M014,15541586
2025-10-14,M015,7294663
2025-10-14,M016,13400931
2025-10-14,M017,7742345
2025-10-14,M018,13807524
2025-10-14,M019,10908821
2025-10-14,M020,19977762
2025-10-14,M021,10178985
2025-10-14,M022,12319400
2025-10-14,M023,9049197
2025-10-14,M024,17147442
2025-10-14,M025,9239990
2025-10-14,M026,18363878
2025-10-14,M027,12652780
2025-10-14,M028,20033790
2025-10-14,M029,7686355
2025-10-14,M030,15141377
2025-10-14,M031,10668144
2025-10-14,M032,19495395
2025-10-14,M033,11571239
2025-10-14,M034,20645957
2025-10-14,M035,16129705
2025-10-14,M036,20882611
2025-10-14,M037,8541282
2025-10-14,M038,17117264
2025-10-14,M039,12481751
2025-10-14,M040,22705253
2025-10-14,M041,12817292
2025-10-14,M042,22273520
2025-10-14,M043,12263063
2025-10-14,M044,23022117
2025-10-14,M045,12101974
2025-10-14,M046,18984526
2025-10-14,M047,15404267
2025-10-14,M048,27514637
2025-10-15,M001,5131955
2025-10-15,M002,7396294
2025-10-15,M003,8967876
2025-10-15,M004,7374001
2025-10-15,M005,8731749
2025-10-15,M006,12113727
2025-10-15,M007,13726797
2025-10-15,M008,6915834
2025-10-15,M009,8429667
2025-10-15,M010,8879525
2025-10-15,M011,11170917
2025-10-15,M012,9259203
2025-10-15,M013,11896181
2025-10-15,M014,13115694
2025-10-15,M015,9295214
2025-10-15,M016,8025201
2025-10-15,M017,10215120
2025-10-15,M018,13289318
2025-10-15,M019,14231766
2025-10-15,M020,12028819
2025-10-15,M021,12791431
2025-10-15,M022,11406447
2025-10-15,M023,11913811
2025-10-15,M024,11135947
2025-10-15,M025,11804373
2025-10-15,M026,14583548
2025-10-15,M027,18273195
2025-10-15,M028,14100346
2025-10-15,M029,10803871
2025-10-15,M030,13305921
2025-10-15,M031,14621185
2025-10-15,M032,12713725
2025-10-15,M033,15520733
2025-10-15,M034,19204116
2025-10-15,M035,22588172
2025-10-15,M036,11618777
2025-10-15,M037,11876201
2025-10-15,M038,15525467
2025-10-15,M039,18198243
2025-10-15,M040,15209494
2025-10-15,M041,16226137
2025-10-15,M042,19509442
2025-10-15,M043,17317395
2025-10-15,M044,13197152
2025-10-15,M045,16963778
2025-10-15,M046,16432467
2025-10-15,M047,21503326
2025-10-15,M048,17650539
2025-10-16,M001,6273434
2025-10-16,M002,6367819
2025-10-16,M003,7381884
2025-10-16,M004,6473876
2025-10-16,M005,12698203
2025-10-16,M006,9906546
2025-10-16,M007,11967238
2025-10-16,M008,5420440
2025-10-16,M009,11226576
2025-10-16,M010,8436312
2025-10-16,M011,9124765
2025-10-16,M012,8803509
2025-10-16,M013,14363604
2025-10-16,M014,13484218
2025-10-16,M015,8574730
2025-10-16,M016,8357944
2025-10-16,M017,13842776
2025-10-16,M018,12015237
2025-10-16,M019,12676770
2025-10-16,M020,9959144
2025-10-16,M021,16587540
2025-10-16,M022,10100619
2025-10-16,M023,10659640
2025-10-16,M024,9269098
2025-10-16,M025,17126740
2025-10-16,M026,13496144
2025-10-16,M027,16473251
2025-10-16,M028,12258508
2025-10-16,M029,13290093
2025-10-16,M030,11684071
2025-10-16,M031,13964614
2025-10-16,M032,11710592
2025-10-16,M033,18512677
2025-10-16,M034,16481731
2025-10-16,M035,18566619
2025-10-16,M036,11435610
2025-10-16,M037,15598850
2025-10-16,M038,12760369
2025-10-16,M039,14696307
2025-10-16,M040,13389946
2025-10-16,M041,22339147
2025-10-16,M042,19626389
2025-10-16,M043,15270662
2025-10-16,M044,12473395
2025-10-16,M045,20421805
2025-10-16,M046,15008307
2025-10-16,M047,17265367
2025-10-16,M048,14890787
2025-10-17,M001,6950234
2025-10-17,M002,5260190
2025-10-17,M003,7700183
2025-10-17,M004,8608836
2025-10-17,M005,12535541
2025-10-17,M006,8354120
2025-10-17,M007,11184427
2025-10-17,M008,7036792
2025-10-17,M009,11152287
2025-10-17,M010,7211105
2025-10-17,M011,10587911
2025-10-17,M012,11761716
2025-10-17,M013,13736569
2025-10-17,M014,10486594
2025-10-17,M015,8223370
2025-10-17,M016,10431678
2025-10-17,M017,13785870
2025-10-17,M018,10285074
2025-10-17,M019,11193152
2025-10-17,M020,13813600
2025-10-17,M021,18316545
2025-10-17,M022,7974324
2025-10-17,M023,10948797
2025-10-17,M024,11479903
2025-10-17,M025,15331104
2025-10-17,M026,12119940
2025-10-17,M027,15188778
2025-10-17,M028,16351082
2025-10-17,M029,12669087
2025-10-17,M030,9430780
2025-10-17,M031,13068640
2025-10-17,M032,14184918
2025-10-17,M033,18127253
2025-10-17,M034,14299651
2025-10-17,M035,18986261
2025-10-17,M036,13669531
2025-10-17,M037,15565945
2025-10-17,M038,12671085
2025-10-17,M039,15234351
2025-10-17,M040,17559874
2025-10-17,M041,22306813
2025-10-17,M042,16007396
2025-10-17,M043,14726047
2025-10-17,M044,15656107
2025-10-17,M045,21931685
2025-10-17,M046,13861371
2025-10-17,M047,17708917
2025-10-17,M048,20526054
2025-10-18,M001,3459863
2025-10-18,M002,7100769
2025-10-18,M003,6171348
2025-10-18,M004,10707944
2025-10-18,M005,6285117
2025-10-18,M006,11013199
2025-10-18,M007,8741289
2025-10-18,M008,8971611
2025-10-18,M009,5413552
2025-10-18,M010,9656276
2025-10-18,M011,7646258
2025-10-18,M012,13904406
2025-10-18,M013,7601076
2025-10-18,M014,13612037
2025-10-18,M015,6523273
2025-10-18,M016,12111955
2025-10-18,M017,6432553
2025-10-18,M018,12213862
2025-10-18,M019,9720396
2025-10-18,M020,16971454
2025-10-18,M021,8722461
2025-10-18,M022,9778032
2025-10-18,M023,7814868
2025-10-18,M024,14989759
2025-10-18,M025,7898635
2025-10-18,M026,14907618
2025-10-18,M027,11587825
2025-10-18,M028,18913769
2025-10-18,M029,7157173
2025-10-18,M030,13068183
2025-10-18,M031,10695999
2025-10-18,M032,17291463
2025-10-18,M033,9028648
2025-10-18,M034,18871155
2025-10-18,M035,13922392
2025-10-18,M036,17569137
2025-10-18,M037,8392904
2025-10-18,M038,14808764
2025-10-18,M039,12359895
2025-10-18,M040,20425767
2025-10-18,M041,11248488
2025-10-18,M042,21038978
2025-10-18,M043,11640010
2025-10-18,M044,19217383
2025-10-18,M045,10608552
2025-10-18,M046,18643153
2025-10-18,M047,13276164
2025-10-18,M048,23177682
2025-10-19,M001,4748738
2025-10-19,M002,6575714
2025-10-19,M003,7254539
2025-10-19,M004,6687148
2025-10-19,M005,8421137
2025-10-19,M006,10764289
2025-10-19,M007,12196294
2025-10-19,M008,6050162
2025-10-19,M009,7805214
2025-10-19,M010,8067645
2025-10-19,M011,10250206
2025-10-19,M012,8703364
2025-10-19,M013,10867452
2025-10-19,M014,12428178
2025-10-19,M015,8359235
2025-10-19,M016,7739580
2025-10-19,M017,8628666
2025-10-19,M018,11071561
2025-10-19,M019,11995981
2025-10-19,M020,10511956
2025-10-19,M021,11830989
2025-10-19,M022,9204885
2025-10-19,M023,11217592
2025-10-19,M024,9812045
2025-10-19,M025,11763231
2025-10-19,M026,14404808
2025-10-19,M027,15265873
2025-10-19,M028,12130395
2025-10-19,M029,9967643
2025-10-19,M030,11560822
2025-10-19,M031,13073104
2025-10-19,M032,12237770
2025-10-19,M033,13195525
2025-10-19,M034,16768886
2025-10-19,M035,19270933
2025-10-19,M036,11310582
2025-10-19,M037,11820892
2025-10-19,M038,14457370
2025-10-19,M039,16889079
2025-10-19,M040,12342491
2025-10-19,M041,14308441
2025-10-19,M042,17440763
2025-10-19,M043,16192272
2025-10-19,M044,12622654
2025-10-19,M045,14205046
2025-10-19,M046,16046378
2025-10-19,M047,19074615
2025-10-19,M048,15303536
2025-10-20,M001,6271334
2025-10-20,M002,5951302
2025-10-20,M003,7374165
2025-10-20,M004,6653734
2025-10-20,M005,11421808
2025-10-20,M006,10648216
2025-10-20,M007,13021977
2025-10-20,M008,5810306
2025-10-20,M009,10421943
2025-10-20,M010,8566631
2025-10-20,M011,9914451
2025-10-20,M012,7978193
2025-10-20,M013,13829855
2025-10-20,M014,13141480
2025-10-20,M015,8731601
2025-10-20,M016,7329642
2025-10-20,M017,14898164
2025-10-20,M018,12314941
2025-10-20,M019,11580415
2025-10-20,M020,10222516
2025-10-20,M021,18125196
2025-10-20,M022,9422641
2025-10-20,M023,11782605
2025-10-20,M024,10279194
2025-10-20,M025,16222256
2025-10-20,M026,15046119
2025-10-20,M027,16669062
2025-10-20,M028,11476944
2025-10-20,M029,13061296
2025-10-20,M030,10941624
2025-10-20,M031,13145026
2025-10-20,M032,11205056
2025-10-20,M033,19812432
2025-10-20,M034,15928957
2025-10-20,M035,19849963
2025-10-20,M036,11049521
2025-10-20,M037,17094993
2025-10-20,M038,13685417
2025-10-20,M039,16681350
2025-10-20,M040,13148435
2025-10-20,M041,23851234
2025-10-20,M042,18392640
2025-10-20,M043,15315336
2025-10-20,M044,12584690
2025-10-20,M045,19912740
2025-10-20,M046,17063247
2025-10-20,M047,19020363
2025-10-20,M048,13738671
2025-10-21,M001,6379394
2025-10-21,M002,5028926
2025-10-21,M003,7224095
2025-10-21,M004,8903419
2025-10-21,M005,12717579
2025-10-21,M006,8317278
2025-10-21,M007,12305207
2025-10-21,M008,7524816
2025-10-21,M009,9993005
2025-10-21,M010,6886585
2025-10-21,M011,9115638
2025-10-21,M012,11224611
2025-10-21,M013,14483291
2025-10-21,M014,11185096
2025-10-21,M015,9376688
2025-10-21,M016,10197189
2025-10-21,M017,12540744
2025-10-21,M018,9707850
2025-10-21,M019,11724495
2025-10-21,M020,13306762
2025-10-21,M021,18648738
2025-10-21,M022,7709199
2025-10-21,M023,11629972
2025-10-21,M024,12471357
2025-10-21,M025,16110671
2025-10-21,M026,11398449
2025-10-21,M027,15860356
2025-10-21,M028,15724102
2025-10-21,M029,13769121
2025-10-21,M030,10753920
2025-10-21,M031,13934430
2025-10-21,M032,13502325
2025-10-21,M033,19605758
2025-10-21,M034,14049362
2025-10-21,M035,17386115
2025-10-21,M036,14678401
2025-10-21,M037,16233808
2025-10-21,M038,11945182
2025-10-21,M039,15306654
2025-10-21,M040,17581564
2025-10-21,M041,21528246
2025-10-21,M042,15704190
2025-10-21,M043,14624319
2025-10-21,M044,15840977
2025-10-21,M045,20179176
2025-10-21,M046,14285173
2025-10-21,M047,18832273
2025-10-21,M048,18329529
2025-10-22,M001,3860286
2025-10-22,M002,7808809
2025-10-22,M003,6477567
2025-10-22,M004,12705857
2025-10-22,M005,6188493
2025-10-22,M006,13304785
2025-10-22,M007,10907992
2025-10-22,M008,9790868
2025-10-22,M009,6204438
2025-10-22,M010,10454416
2025-10-22,M011,8919413
2025-10-22,M012,16360552
2025-10-22,M013,8059888
2025-10-22,M014,15873148
2025-10-22,M015,7192565
2025-10-22,M016,13544855
2025-10-22,M017,8034264
2025-10-22,M018,15134126
2025-10-22,M019,10044457
2025-10-22,M020,17463746
2025-10-22,M021,9703364
2025-10-22,M022,12100865
2025-10-22,M023,9997619
2025-10-22,M024,17919245
2025-10-22,M025,9522455
2025-10-22,M026,17098464
2025-10-22,M027,14135124
2025-10-22,M028,23310462
2025-10-22,M029,7543599
2025-10-22,M030,13888147
2025-10-22,M031,10978874
2025-10-22,M032,21848846
2025-10-22,M033,10570921
2025-10-22,M034,21310767
2025-10-22,M035,14413617
2025-10-22,M036,19526218
2025-10-22,M037,9546180
2025-10-22,M038,15597301
2025-10-22,M039,12289629
2025-10-22,M040,24180878
2025-10-22,M041,13223083
2025-10-22,M042,21385878
2025-10-22,M043,13166922
2025-10-22,M044,21613343
2025-10-22,M045,10943658
2025-10-22,M046,20263788
2025-10-22,M047,15509344
2025-10-22,M048,25422125
2025-10-23,M001,4823872
2025-10-23,M002,7029957
2025-10-23,M003,8786255
2025-10-23,M004,7366828
2025-10-23,M005,9150736
2025-10-23,M006,12235542
2025-10-23,M007,14111111
2025-10-23,M008,7013753
2025-10-23,M009,8699736
2025-10-23,M010,9802405
2025-10-23,M011,10521149
2025-10-23,M012,9411780
2025-10-23,M013,10701413
2025-10-23,M014,13337648
2025-10-23,M015,9455591
2025-10-23,M016,8803414
2025-10-23,M017,11022652
2025-10-23,M018,13679842
2025-10-23,M019,14051891
2025-10-23,M020,11605663
2025-10-23,M021,13665666
2025-10-23,M022,10256803
2025-10-23,M023,13522023
2025-10-23,M024,10123506
2025-10-23,M025,13581552
2025-10-23,M026,15539472
2025-10-23,M027,17390508
2025-10-23,M028,13277916
2025-10-23,M029,10060431
2025-10-23,M030,13843207
2025-10-23,M031,16109989
2025-10-23,M032,12236064
2025-10-23,M033,14767475
2025-10-23,M034,18819331
2025-10-23,M035,21576980
2025-10-23,M036,11677211
2025-10-23,M037,12835608
2025-10-23,M038,16648327
2025-10-23,M039,16947701
2025-10-23,M040,14752067
2025-10-23,M041,16666419
2025-10-23,M042,22022234
2025-10-23,M043,15722479
2025-10-23,M044,15050824
2025-10-23,M045,15788725
2025-10-23,M046,18225537
2025-10-23,M047,18758581
2025-10-23,M048,16891235
2025-10-24,M001,7305321
2025-10-24,M002,6441705
2025-10-24,M003,7786299
2025-10-24,M004,6565616
2025-10-24,M005,11341765
2025-10-24,M006,9651923
2025-10-24,M007,11594998
2025-10-24,M008,6255199
2025-10-24,M009,10401737
2025-10-24,M010,8399509
2025-10-24,M011,9844645
2025-10-24,M012,8300536
2025-10-24,M013,14151387
2025-10-24,M014,13683247
2025-10-24,M015,8619664
2025-10-24,M016,7929842
2025-10-24,M017,13673240
2025-10-24,M018,12208109
2025-10-24,M019,12552574
2025-10-24,M020,10443086
2025-10-24,M021,16515450
2025-10-24,M022,9473502
2025-10-24,M023,10944584
2025-10-24,M024,9105376
2025-10-24,M025,15908395
2025-10-24,M026,13895312
2025-10-24,M027,14824095
2025-10-24,M028,12636387
2025-10-24,M029,13260313
2025-10-24,M030,10874193
2025-10-24,M031,14291281
2025-10-24,M032,11299549
2025-10-24,M033,19349855
2025-10-24,M034,17341941
2025-10-24,M035,19819633
2025-10-24,M036,11357730
2025-10-24,M037,16533421
2025-10-24,M038,13061925
2025-10-24,M039,15525691
2025-10-24,M040,12868937
2025-10-24,M041,23291683
2025-10-24,M042,17921373
2025-10-24,M043,14420364
2025-10-24,M044,12459985
2025-10-24,M045,22599810
2025-10-24,M046,15160819
2025-10-24,M047,17571216
2025-10-24,M048,15700848
2025-10-25,M001,6022754
2025-10-25,M002,5152503
2025-10-25,M003,6384003
2025-10-25,M004,7336636
2025-10-25,M005,10013687
2025-10-25,M006,8104052
2025-10-25,M007,10920523
2025-10-25,M008,7141542
2025-10-25,M009,10258705
2025-10-25,M010,6134912
2025-10-25,M011,9036794
2025-10-25,M012,9932391
2025-10-25,M013,12527973
2025-10-25,M014,9841118
2025-10-25,M015,8206296
2025-10-25,M016,8420922
2025-10-25,M017,12302456
2025-10-25,M018,9055282
2025-10-25,M019,10069952
2025-10-25,M020,11291568
2025-10-25,M021,15672323
2025-10-25,M022,7763711
2025-10-25,M023,10703378
2025-10-25,M024,11797289
2025-10-25,M025,14441177
2025-10-25,M026,11219477
2025-10-25,M027,14152889
2025-10-25,M028,13891099
2025-10-25,M029,12776094
2025-10-25,M030,8549643
2025-10-25,M031,11146555
2025-10-25,M032,12734426
2025-10-25,M033,17428376
2025-10-25,M034,12284699
2025-10-25,M035,15917700
2025-10-25,M036,13067111
2025-10-25,M037,14675362
2025-10-25,M038,10626770
2025-10-25,M039,13840648
2025-10-25,M040,15900250
2025-10-25,M041,20883498
2025-10-25,M042,13247559
2025-10-25,M043,13691951
2025-10-25,M044,13477347
2025-10-25,M045,18808062
2025-10-25,M046,12195452
2025-10-25,M047,17245221
2025-10-25,M048,16042613
2025-10-26,M001,3270432
2025-10-26,M002,7077855
2025-10-26,M003,6029918
2025-10-26,M004,11656525
2025-10-26,M005,6423082
2025-10-26,M006,11309950
2025-10-26,M007,9449123
2025-10-26,M008,9358830
2025-10-26,M009,5462190
2025-10-26,M010,8910962
2025-10-26,M011,7226145
2025-10-26,M012,13508832
2025-10-26,M013,7779723
2025-10-26,M014,13422955
2025-10-26,M015,7116035
2025-10-26,M016,13072848
2025-10-26,M017,6523132
2025-10-26,M018,12172803
2025-10-26,M019,8907606
2025-10-26,M020,17846405
2025-10-26,M021,8857030
2025-10-26,M022,10670368
2025-10-26,M023,8387474
2025-10-26,M024,14505068
2025-10-26,M025,8897669
2025-10-26,M026,14722537
2025-10-26,M027,12978633
2025-10-26,M028,20575906
2025-10-26,M029,7204129
2025-10-26,M030,12578097
2025-10-26,M031,9602065
2025-10-26,M032,20007064
2025-10-26,M033,9947913
2025-10-26,M034,17140983
2025-10-26,M035,14057296
2025-10-26,M036,18883703
2025-10-26,M037,8236147
2025-10-26,M038,14893302
2025-10-26,M039,10941605
2025-10-26,M040,22482786
2025-10-26,M041,11157352
2025-10-26,M042,19860656
2025-10-26,M043,11195932
2025-10-26,M044,20123728
2025-10-26,M045,11134046
2025-10-26,M046,17950759
2025-10-26,M047,13132449
2025-10-26,M048,26198863
2025-10-27,M001,4803129
2025-10-27,M002,6645312
2025-10-27,M003,9094535
2025-10-27,M004,7289622
2025-10-27,M005,8792251
2025-10-27,M006,12180141
2025-10-27,M007,12747254
2025-10-27,M008,6277232
2025-10-27,M009,7561157
2025-10-27,M010,9968277
2025-10-27,M011,10767759
2025-10-27,M012,9873502
2025-10-27,M013,11771732
2025-10-27,M014,14974415
2025-10-27,M015,9921653
2025-10-27,M016,8514814
2025-10-27,M017,9657938
2025-10-27,M018,13355612
2025-10-27,M019,14195418
2025-10-27,M020,11598568
2025-10-27,M021,14052139
2025-10-27,M022,11531204
2025-10-27,M023,11802878
2025-10-27,M024,11402092
2025-10-27,M025,13572421
2025-10-27,M026,16663084
2025-10-27,M027,19198618
2025-10-27,M028,12383884
2025-10-27,M029,9823935
2025-10-27,M030,12746580
2025-10-27,M031,16141158
2025-10-27,M032,13068879
2025-10-27,M033,14969906
2025-10-27,M034,17311904
2025-10-27,M035,20337016
2025-10-27,M036,12608289
2025-10-27,M037,11492152
2025-10-27,M038,15028133
2025-10-27,M039,18070012
2025-10-27,M040,14061082
2025-10-27,M041,17823816
2025-10-27,M042,21710100
2025-10-27,M043,16548848
2025-10-27,M044,14109158
2025-10-27,M045,15859113
2025-10-27,M046,18702305
2025-10-27,M047,18928403
2025-10-27,M048,15807757
2025-10-28,M001,7253015
2025-10-28,M002,6413545
2025-10-28,M003,7222256
2025-10-28,M004,6411328
2025-10-28,M005,11534914
2025-10-28,M006,11245249
2025-10-28,M007,12196038
2025-10-28,M008,5975156
2025-10-28,M009,10334663
2025-10-28,M010,8290193
2025-10-28,M011,10472386
2025-10-28,M012,8407876
2025-10-28,M013,16130613
2025-10-28,M014,13347806
2025-10-28,M015,9175466
2025-10-28,M016,7445837
2025-10-28,M017,13951115
2025-10-28,M018,12477743
2025-10-28,M019,11292207
2025-10-28,M020,10178071
2025-10-28,M021,16648113
2025-10-28,M022,9000790
2025-10-28,M023,11454960
2025-10-28,M024,9651249
2025-10-28,M025,17447436
2025-10-28,M026,13350012
2025-10-28,M027,14943621
2025-10-28,M028,12181543
2025-10-28,M029,14850860
2025-10-28,M030,11882493
2025-10-28,M031,13588226
2025-10-28,M032,11772964
2025-10-28,M033,21058260
2025-10-28,M034,17074580
2025-10-28,M035,17095360
2025-10-28,M036,10013162
2025-10-28,M037,16399030
2025-10-28,M038,13659628
2025-10-28,M039,15771812
2025-10-28,M040,12933284
2025-10-28,M041,21208936
2025-10-28,M042,18760569
2025-10-28,M043,13954935
2025-10-28,M044,11719186
2025-10-28,M045,22917648
2025-10-28,M046,16248110
2025-10-28,M047,18626164
2025-10-28,M048,15753403
2025-10-29,M001,6777201
2025-10-29,M002,5158320
2025-10-29,M003,7402563
2025-10-29,M004,9099232
2025-10-29,M005,11462937
2025-10-29,M006,8519980
2025-10-29,M007,11514318
2025-10-29,M008,7886884
2025-10-29,M009,10441942
2025-10-29,M010,7451137
2025-10-29,M011,9457140
2025-10-29,M012,11800332
2025-10-29,M013,14230077
2025-10-29,M014,11453366
2025-10-29,M015,9271011
2025-10-29,M016,9318923
2025-10-29,M017,13922371
2025-10-29,M018,10531203
2025-10-29,M019,11557377
2025-10-29,M020,12250606
2025-10-29,M021,16279761
2025-10-29,M022,8139075
2025-10-29,M023,10218730
2025-10-29,M024,12106291
2025-10-29,M025,15293350
2025-10-29,M026,11756696
2025-10-29,M027,17154364
2025-10-29,M028,16160544
2025-10-29,M029,13966112
2025-10-29,M030,9633855
2025-10-29,M031,12931375
2025-10-29,M032,13584577
2025-10-29,M033,19200483
2025-10-29,M034,13515067
2025-10-29,M035,19715531
2025-10-29,M036,13969019
2025-10-29,M037,16238965
2025-10-29,M038,10883736
2025-10-29,M039,16645416
2025-10-29,M040,17753283
2025-10-29,M041,20385269
2025-10-29,M042,15806680
2025-10-29,M043,15686952
2025-10-29,M044,15764328
2025-10-29,M045,20511107
2025-10-29,M046,14217001
2025-10-29,M047,17350876
2025-10-29,M048,20060309
2025-10-30,M001,3742876
2025-10-30,M002,7251340
2025-10-30,M003,6712321
2025-10-30,M004,12417464
2025-10-30,M005,6841489
2025-10-30,M006,12083720
2025-10-30,M007,9597397
2025-10-30,M008,11183380
2025-10-30,M009,5601162
2025-10-30,M010,10670374
2025-10-30,M011,8470237
2025-10-30,M012,15755940
2025-10-30,M013,7791937
2025-10-30,M014,15582378
2025-10-30,M015,7003049
2025-10-30,M016,14285548
2025-10-30,M017,7575285
2025-10-30,M018,13862972
2025-10-30,M019,10772718
2025-10-30,M020,19011001
2025-10-30,M021,9523627
2025-10-30,M022,10710987
2025-10-30,M023,10063588
2025-10-30,M024,18717542
2025-10-30,M025,9082141
2025-10-30,M026,17328522
2025-10-30,M027,12646495
2025-10-30,M028,21378677
2025-10-30,M029,7836309
2025-10-30,M030,14468611
2025-10-30,M031,11255617
2025-10-30,M032,20335453
2025-10-30,M033,10922896
2025-10-30,M034,18794227
2025-10-30,M035,15267753
2025-10-30,M036,19368711
2025-10-30,M037,9188306
2025-10-30,M038,17717266
2025-10-30,M039,12978171
2025-10-30,M040,23307972
2025-10-30,M041,12683390
2025-10-30,M042,22387405
2025-10-30,M043,12797834
2025-10-30,M044,22385571
2025-10-30,M045,10995791
2025-10-30,M046,20339844
2025-10-30,M047,14028590
2025-10-30,M048,28791032
2025-10-31,M001,4893077
2025-10-31,M002,6471817
2025-10-31,M003,8563643
2025-10-31,M004,7552072
2025-10-31,M005,9333846
2025-10-31,M006,11769572
2025-10-31,M007,14401982
2025-10-31,M008,6676930
2025-10-31,M009,8302363
2025-10-31,M010,9503455
2025-10-31,M011,10618336
2025-10-31,M012,8901351
2025-10-31,M013,10913528
2025-10-31,M014,13801220
2025-10-31,M015,10241701
2025-10-31,M016,8754384
2025-10-31,M017,9796999
2025-10-31,M018,13653298
2025-10-31,M019,13758523
2025-10-31,M020,11521663
2025-10-31,M021,12886665
2025-10-31,M022,10852059
2025-10-31,M023,13733086
2025-10-31,M024,11116290
2025-10-31,M025,13432360
2025-10-31,M026,14799960
2025-10-31,M027,17782531
2025-10-31,M028,13676107
2025-10-31,M029,10729620
2025-10-31,M030,13843892
2025-10-31,M031,15447765
2025-10-31,M032,11699897
2025-10-31,M033,14906890
2025-10-31,M034,19297634
2025-10-31,M035,21716872
2025-10-31,M036,10974033
2025-10-31,M037,12040410
2025-10-31,M038,15604752
2025-10-31,M039,18946933
2025-10-31,M040,13982853
2025-10-31,M041,15958830
2025-10-31,M042,20786311
2025-10-31,M043,17528066
2025-10-31,M044,14813308
2025-10-31,M045,17371673
2025-10-31,M046,16719033
2025-10-31,M047,19989694
2025-10-31,M048,16622782
2025-11-01,M001,6411124
2025-11-01,M002,4436681
2025-11-01,M003,6395404
2025-11-01,M004,7839960
2025-11-01,M005,10276722
2025-11-01,M006,8415459
2025-11-01,M007,11463121
2025-11-01,M008,6458097
2025-11-01,M009,10184823
2025-11-01,M010,6501199
2025-11-01,M011,9645790
2025-11-01,M012,9447715
2025-11-01,M013,13499022
2025-11-01,M014,9231528
2025-11-01,M015,8167801
2025-11-01,M016,9727728
2025-11-01,M017,12723828
2025-11-01,M018,9509976
2025-11-01,M019,11711929
2025-11-01,M020,12711122
2025-11-01,M021,15334792
2025-11-01,M022,7457477
2025-11-01,M023,10227827
2025-11-01,M024,11057670
2025-11-01,M025,13951185
2025-11-01,M026,10677360
2025-11-01,M027,14567383
2025-11-01,M028,14063082
2025-11-01,M029,12743152
2025-11-01,M030,8770769
2025-11-01,M031,12197656
2025-11-01,M032,14078049
2025-11-01,M033,16462173
2025-11-01,M034,12637316
2025-11-01,M035,16320108
2025-11-01,M036,11729115
2025-11-01,M037,15389243
2025-11-01,M038,10165881
2025-11-01,M039,13468503
2025-11-01,M040,16323017
2025-11-01,M041,19456195
2025-11-01,M042,13464306
2025-11-01,M043,14205208
2025-11-01,M044,14401027
2025-11-01,M045,18371879
2025-11-01,M046,12786196
2025-11-01,M047,15737787
2025-11-01,M048,17757709
2025-11-02,M001,3217958
2025-11-02,M002,6597686
2025-11-02,M003,6155944
2025-11-02,M004,10528239
2025-11-02,M005,5862709
2025-11-02,M006,10811962
2025-11-02,M007,9321303
2025-11-02,M008,10071066
2025-11-02,M009,5441590
2025-11-02,M010,9560626
2025-11-02,M011,7221608
2025-11-02,M012,14257209
2025-11-02,M013,8098590
2025-11-02,M014,15040182
2025-11-02,M015,7067268
2025-11-02,M016,13672101
2025-11-02,M017,7169215
2025-11-02,M018,13783960
2025-11-02,M019,8671056
2025-11-02,M020,17821554
2025-11-02,M021,8196471
2025-11-02,M022,11033371
2025-11-02,M023,8275462
2025-11-02,M024,17093857
2025-11-02,M025,8969554
2025-11-02,M026,16553540
2025-11-02,M027,11560433
2025-11-02,M028,19852429
2025-11-02,M029,6467002
2025-11-02,M030,13846625
2025-11-02,M031,10824800
2025-11-02,M032,17606399
2025-11-02,M033,9535365
2025-11-02,M034,17738690
2025-11-02,M035,14793313
2025-11-02,M036,18906917
2025-11-02,M037,8343803
2025-11-02,M038,16377749
2025-11-02,M039,11335387
2025-11-02,M040,21034682
2025-11-02,M041,10387882
2025-11-02,M042,19133211
2025-11-02,M043,11249581
2025-11-02,M044,19378591
2025-11-02,M045,11213740
2025-11-02,M046,16529950
2025-11-02,M047,14567059
2025-11-02,M048,24895643
2025-11-03,M001,4990880
2025-11-03,M002,6869724
2025-11-03,M003,9347430
2025-11-03,M004,7211071
2025-11-03,M005,9399605
2025-11-03,M006,11237145
2025-11-03,M007,14564824
2025-11-03,M008,6854644
2025-11-03,M009,8061948
2025-11-03,M010,9646049
2025-11-03,M011,11238219
2025-11-03,M012,10110147
2025-11-03,M013,10997709
2025-11-03,M014,15318226
2025-11-03,M015,9464938
2025-11-03,M016,9352050
2025-11-03,M017,10033666
2025-11-03,M018,14323827
2025-11-03,M019,13888469
2025-11-03,M020,11323698
2025-11-03,M021,14378085
2025-11-03,M022,11423429
2025-11-03,M023,13263390
2025-11-03,M024,10399225
2025-11-03,M025,13384727
2025-11-03,M026,15214565
2025-11-03,M027,18739477
2025-11-03,M028,12509979
2025-11-03,M029,10074712
2025-11-03,M030,12242617
2025-11-03,M031,15759417
2025-11-03,M032,12929246
2025-11-03,M033,14354849
2025-11-03,M034,18902827
2025-11-03,M035,21182402
2025-11-03,M036,12484260
2025-11-03,M037,12400217
2025-11-03,M038,15381708
2025-11-03,M039,18471247
2025-11-03,M040,13703223
2025-11-03,M041,17812483
2025-11-03,M042,19639165
2025-11-03,M043,16625768
2025-11-03,M044,15068214
2025-11-03,M045,16296866
2025-11-03,M046,19131350
2025-11-03,M047,20005901
2025-11-03,M048,16611960
2025-11-04,M001,6944584
2025-11-04,M002,6483448
2025-11-04,M003,8101711
2025-11-04,M004,6527665
2025-11-04,M005,12488934
2025-11-04,M006,11076390
2025-11-04,M007,12357419
2025-11-04,M008,5489434
2025-11-04,M009,10832687
2025-11-04,M010,9100198
2025-11-04,M011,9315145
2025-11-04,M012,8801208
2025-11-04,M013,14640101
2025-11-04,M014,13431274
2025-11-04,M015,8804197
2025-11-04,M016,8249014
2025-11-04,M017,13709067
2025-11-04,M018,11192787
2025-11-04,M019,12795012
2025-11-04,M020,10969116
2025-11-04,M021,17176903
2025-11-04,M022,9646954
2025-11-04,M023,11167975
2025-11-04,M024,9894180
2025-11-04,M025,16022362
2025-11-04,M026,13149519
2025-11-04,M027,16543306
2025-11-04,M028,12930735
2025-11-04,M029,13809277
2025-11-04,M030,12161121
2025-11-04,M031,13429811
2025-11-04,M032,11938120
2025-11-04,M033,21094180
2025-11-04,M034,15665463
2025-11-04,M035,18350900
2025-11-04,M036,10849908
2025-11-04,M037,15626456
2025-11-04,M038,14243602
2025-11-04,M039,17122367
2025-11-04,M040,12671598
2025-11-04,M041,21629377
2025-11-04,M042,20015275
2025-11-04,M043,14294492
2025-11-04,M044,13580428
2025-11-04,M045,22698306
2025-11-04,M046,14948226
2025-11-04,M047,18703340
2025-11-04,M048,15840115
2025-11-05,M001,7196658
2025-11-05,M002,5185978
2025-11-05,M003,7901948
2025-11-05,M004,9468852
2025-11-05,M005,11489537
2025-11-05,M006,8617843
2025-11-05,M007,12615511
2025-11-05,M008,7151428
2025-11-05,M009,10114089
2025-11-05,M010,7346726
2025-11-05,M011,10578328
2025-11-05,M012,11915092
2025-11-05,M013,14675200
2025-11-05,M014,10355897
2025-11-05,M015,8445362
2025-11-05,M016,10422856
2025-11-05,M017,13897053
2025-11-05,M018,10665322
2025-11-05,M019,11388251
2025-11-05,M020,12755553
2025-11-05,M021,17507306
2025-11-05,M022,8792207
2025-11-05,M023,12077375
2025-11-05,M024,12806126
2025-11-05,M025,16306367
2025-11-05,M026,12876028
2025-11-05,M027,15191989
2025-11-05,M028,15768577
2025-11-05,M029,13306913
2025-11-05,M030,9914678
2025-11-05,M031,13307035
2025-11-05,M032,13677836
2025-11-05,M033,20375516
2025-11-05,M034,13516601
2025-11-05,M035,18515928
2025-11-05,M036,14109565
2025-11-05,M037,15532432
2025-11-05,M038,11885521
2025-11-05,M039,15522907
2025-11-05,M040,16471243
2025-11-05,M041,20517066
2025-11-05,M042,15082800
2025-11-05,M043,14263046
2025-11-05,M044,17411398
2025-11-05,M045,22132800
2025-11-05,M046,14621716
2025-11-05,M047,16566212
2025-11-05,M048,18491413
2025-11-06,M001,3616268
2025-11-06,M002,8048062
2025-11-06,M003,6166872
2025-11-06,M004,13096864
2025-11-06,M005,6815093
2025-11-06,M006,13254438
2025-11-06,M007,9710514
2025-11-06,M008,10683414
2025-11-06,M009,6202445
2025-11-06,M010,10963114
2025-11-06,M011,7945445
2025-11-06,M012,15472508
2025-11-06,M013,8329058
2025-11-06,M014,15205228
2025-11-06,M015,7933220
2025-11-06,M016,13292286
2025-11-06,M017,7143454
2025-11-06,M018,14834109
2025-11-06,M019,9844525
2025-11-06,M020,19818597
2025-11-06,M021,10169934
2025-11-06,M022,12239183
2025-11-06,M023,9016350
2025-11-06,M024,18274350
2025-11-06,M025,8816831
2025-11-06,M026,15892203
2025-11-06,M027,13782947
2025-11-06,M028,23068350
2025-11-06,M029,7663414
2025-11-06,M030,14197430
2025-11-06,M031,11974906
2025-11-06,M032,20017619
2025-11-06,M033,11705800
2025-11-06,M034,20440992
2025-11-06,M035,15421435
2025-11-06,M036,20944813
2025-11-06,M037,8656039
2025-11-06,M038,17878813
2025-11-06,M039,13307424
2025-11-06,M040,25009589
2025-11-06,M041,11864602
2025-11-06,M042,23972387
2025-11-06,M043,13237342
2025-11-06,M044,24756644
2025-11-06,M045,12269986
2025-11-06,M046,20435717
2025-11-06,M047,13925369
2025-11-06,M048,26070625
2025-11-07,M001,4905007
2025-11-07,M002,7473285
2025-11-07,M003,9064536
2025-11-07,M004,7718111
2025-11-07,M005,9663828
2025-11-07,M006,11834844
2025-11-07,M007,13745754
2025-11-07,M008,6264992
2025-11-07,M009,8004023
2025-11-07,M010,9710243
2025-11-07,M011,10988327
2025-11-07,M012,9381022
2025-11-07,M013,12286951
2025-11-07,M014,14066897
2025-11-07,M015,10477456
2025-11-07,M016,8127152
2025-11-07,M017,10736603
2025-11-07,M018,13494864
2025-11-07,M019,12963151
2025-11-07,M020,12020912
2025-11-07,M021,13852819
2025-11-07,M022,10881363
2025-11-07,M023,13799323
2025-11-07,M024,10628382
2025-11-07,M025,13446349
2025-11-07,M026,15618080
2025-11-07,M027,19086146
2025-11-07,M028,13886407
2025-11-07,M029,10710389
2025-11-07,M030,13353603
2025-11-07,M031,15197012
2025-11-07,M032,12580845
2025-11-07,M033,14475676
2025-11-07,M034,17457789
2025-11-07,M035,21715360
2025-11-07,M036,12012478
2025-11-07,M037,13343013
2025-11-07,M038,16173294
2025-11-07,M039,16702227
2025-11-07,M040,14986283
2025-11-07,M041,16934812
2025-11-07,M042,20201445
2025-11-07,M043,16483442
2025-11-07,M044,14309002
2025-11-07,M045,16087754
2025-11-07,M046,18020704
2025-11-07,M047,21556666
2025-11-07,M048,17364300
2025-11-08,M001,5714067
2025-11-08,M002,5289588
2025-11-08,M003,6426399
2025-11-08,M004,6655378
2025-11-08,M005,10312138
2025-11-08,M006,9234065
2025-11-08,M007,11534263
2025-11-08,M008,5212866
2025-11-08,M009,9850719
2025-11-08,M010,7424035
2025-11-08,M011,8620032
2025-11-08,M012,7463220
2025-11-08,M013,14497420
2025-11-08,M014,11554733
2025-11-08,M015,8623368
2025-11-08,M016,7071882
2025-11-08,M017,13048916
2025-11-08,M018,11225883
2025-11-08,M019,11838893
2025-11-08,M020,8840476
2025-11-08,M021,16807042
2025-11-08,M022,8172558
2025-11-08,M023,10713076
2025-11-08,M024,8336150
2025-11-08,M025,15672593
2025-11-08,M026,11853168
2025-11-08,M027,14977252
2025-11-08,M028,10590833
2025-11-08,M029,11980351
2025-11-08,M030,9960567
2025-11-08,M031,12605522
2025-11-08,M032,10760579
2025-11-08,M033,17193439
2025-11-08,M034,15981775
2025-11-08,M035,18094876
2025-11-08,M036,10360508
2025-11-08,M037,14022995
2025-11-08,M038,13395555
2025-11-08,M039,15119549
2025-11-08,M040,11120892
2025-11-08,M041,19016612
2025-11-08,M042,17119433
2025-11-08,M043,13749272
2025-11-08,M044,10757962
2025-11-08,M045,20853598
2025-11-08,M046,13946599
2025-11-08,M047,16452203
2025-11-08,M048,13638969
2025-11-09,M001,6228589
2025-11-09,M002,4644743
2025-11-09,M003,6596662
2025-11-09,M004,8495093
2025-11-09,M005,10901954
2025-11-09,M006,8426161
2025-11-09,M007,11773912
2025-11-09,M008,7277662
2025-11-09,M009,8986075
2025-11-09,M010,6236514
2025-11-09,M011,9073162
2025-11-09,M012,9504778
2025-11-09,M013,13541452
2025-11-09,M014,10246231
2025-11-09,M015,7840370
2025-11-09,M016,9414142
2025-11-09,M017,12902816
2025-11-09,M018,8964166
2025-11-09,M019,10967809
2025-11-09,M020,12975844
2025-11-09,M021,15925796
2025-11-09,M022,6830129
2025-11-09,M023,10093782
2025-11-09,M024,10656135
2025-11-09,M025,14038679
2025-11-09,M026,10890433
2025-11-09,M027,13951983
2025-11-09,M028,14510150
2025-11-09,M029,12159592
2025-11-09,M030,8503077
2025-11-09,M031,11848140
2025-11-09,M032,12721441
2025-11-09,M033,18732811
2025-11-09,M034,12777545
2025-11-09,M035,17753852
2025-11-09,M036,12454852
2025-11-09,M037,15354495
2025-11-09,M038,10627026
2025-11-09,M039,13152568
2025-11-09,M040,15169469
2025-11-09,M041,18672450
2025-11-09,M042,13525219
2025-11-09,M043,12696432
2025-11-09,M044,14312807
2025-11-09,M045,20298962
2025-11-09,M046,13135138
2025-11-09,M047,16649496
2025-11-09,M048,17997820
2025-11-10,M001,3826073
2025-11-10,M002,7922510
2025-11-10,M003,6856340
2025-11-10,M004,12624729
2025-11-10,M005,6632424
2025-11-10,M006,13763411
2025-11-10,M007,10329568
2025-11-10,M008,11520935
2025-11-10,M009,5842056
2025-11-10,M010,10166931
2025-11-10,M011,8963421
2025-11-10,M012,16793310
2025-11-10,M013,8290005
2025-11-10,M014,15899030
2025-11-10,M015,7796950
2025-11-10,M016,14973017
2025-11-10,M017,7867237
2025-11-10,M018,15250521
2025-11-10,M019,10849820
2025-11-10,M020,18421659
2025-11-10,M021,9767337
2025-11-10,M022,11598198
2025-11-10,M023,9047366
2025-11-10,M024,16548730
2025-11-10,M025,8665453
2025-11-10,M026,16851727
2025-11-10,M027,14464638
2025-11-10,M028,21603504
2025-11-10,M029,8280182
2025-11-10,M030,14315839
2025-11-10,M031,11936958
2025-11-10,M032,19721058
2025-11-10,M033,11235043
2025-11-10,M034,18714373
2025-11-10,M035,15535748
2025-11-10,M036,19166898
2025-11-10,M037,9559570
2025-11-10,M038,17043786
2025-11-10,M039,13925074
2025-11-10,M040,23248586
2025-11-10,M041,12883403
2025-11-10,M042,22761652
2025-11-10,M043,12607886
2025-11-10,M044,22224740
2025-11-10,M045,12852149
2025-11-10,M046,20464385
2025-11-10,M047,15174577
2025-11-10,M048,28006912
2025-11-11,M001,5544924
2025-11-11,M002,7067903
2025-11-11,M003,8158788
2025-11-11,M004,8009266
2025-11-11,M005,9807237
2025-11-11,M006,10938489
2025-11-11,M007,14608712
2025-11-11,M008,6395634
2025-11-11,M009,7723048
2025-11-11,M010,9519284
2025-11-11,M011,11503029
2025-11-11,M012,8946410
2025-11-11,M013,11795143
2025-11-11,M014,13420972
2025-11-11,M015,9737437
2025-11-11,M016,8097900
2025-11-11,M017,10550730
2025-11-11,M018,13792036
2025-11-11,M019,12958053
2025-11-11,M020,11972346
2025-11-11,M021,12901449
2025-11-11,M022,11654883
2025-11-11,M023,13143956
2025-11-11,M024,10519425
2025-11-11,M025,13543100
2025-11-11,M026,16413327
2025-11-11,M027,19342893
2025-11-11,M028,14214502
2025-11-11,M029,10793663
2025-11-11,M030,12228616
2025-11-11,M031,14748943
2025-11-11,M032,12391268
2025-11-11,M033,16058011
2025-11-11,M034,17463666
2025-11-11,M035,20107182
2025-11-11,M036,11669307
2025-11-11,M037,13429455
2025-11-11,M038,14507848
2025-11-11,M039,17850653
2025-11-11,M040,14164254
2025-11-11,M041,16418311
2025-11-11,M042,20333485
2025-11-11,M043,17062945
2025-11-11,M044,14069588
2025-11-11,M045,16538541
2025-11-11,M046,17821613
2025-11-11,M047,21312109
2025-11-11,M048,18009556
2025-11-12,M001,7343618
2025-11-12,M002,5992007
2025-11-12,M003,8199665
2025-11-12,M004,6577262
2025-11-12,M005,11712395
2025-11-12,M006,9862649
2025-11-12,M007,12258510
2025-11-12,M008,5782895
2025-11-12,M009,11026095
2025-11-12,M010,8867264
2025-11-12,M011,9601282
2025-11-12,M012,9131475
2025-11-12,M013,14826073
2025-11-12,M014,13597068
2025-11-12,M015,8926440
2025-11-12,M016,8136102
2025-11-12,M017,14305005
2025-11-12,M018,12292219
2025-11-12,M019,12233260
2025-11-12,M020,10618894
2025-11-12,M021,18414248
2025-11-12,M022,9413952
2025-11-12,M023,11904984
2025-11-12,M024,8990915
2025-11-12,M025,17714977
2025-11-12,M026,13233564
2025-11-12,M027,17449282
2025-11-12,M028,12575407
2025-11-12,M029,14137751
2025-11-12,M030,11042739
2025-11-12,M031,14625414
2025-11-12,M032,12333134
2025-11-12,M033,20957688
2025-11-12,M034,17636887
2025-11-12,M035,18694798
2025-11-12,M036,11346618
2025-11-12,M037,17912556
2025-11-12,M038,13948496
2025-11-12,M039,14717442
2025-11-12,M040,13777476
2025-11-12,M041,22531119
2025-11-12,M042,19082184
2025-11-12,M043,14191956
2025-11-12,M044,13579669
2025-11-12,M045,21724447
2025-11-12,M046,16204787
2025-11-12,M047,18134553
2025-11-12,M048,13943326
2025-11-13,M001,6316269
2025-11-13,M002,5203934
2025-11-13,M003,8056332
2025-11-13,M004,8629941
2025-11-13,M005,11779752
2025-11-13,M006,8687459
2025-11-13,M007,11607749
2025-11-13,M008,7013463
2025-11-13,M009,10929872
2025-11-13,M010,7619037
2025-11-13,M011,10032284
2025-11-13,M012,11305999
2025-11-13,M013,15701397
2025-11-13,M014,11685982
2025-11-13,M015,9114522
2025-11-13,M016,9313648
2025-11-13,M017,14089788
2025-11-13,M018,9310225
2025-11-13,M019,12314799
2025-11-13,M020,13961068
2025-11-13,M021,16404214
2025-11-13,M022,8770136
2025-11-13,M023,10769008
2025-11-13,M024,12335882
2025-11-13,M025,15708699
2025-11-13,M026,12774375
2025-11-13,M027,17145337
2025-11-13,M028,15528749
2025-11-13,M029,14225718
2025-11-13,M030,9800748
2025-11-13,M031,13549764
2025-11-13,M032,13663029
2025-11-13,M033,19527927
2025-11-13,M034,14857786
2025-11-13,M035,18194768
2025-11-13,M036,13893798
2025-11-13,M037,15222503
2025-11-13,M038,12572784
2025-11-13,M039,16665522
2025-11-13,M040,18381283
2025-11-13,M041,23848679
2025-11-13,M042,15041544
2025-11-13,M043,13924671
2025-11-13,M044,16606238
2025-11-13,M045,22635397
2025-11-13,M046,13589070
2025-11-13,M047,18693070
2025-11-13,M048,20471828
2025-11-14,M001,3996648
2025-11-14,M002,7815680
2025-11-14,M003,6782679
2025-11-14,M004,13093267
2025-11-14,M005,6732264
2025-11-14,M006,12945299
2025-11-14,M007,10012335
2025-11-14,M008,10336514
2025-11-14,M009,6175348
2025-11-14,M010,10246466
2025-11-14,M011,8741578
2025-11-14,M012,16655743
2025-11-14,M013,8471779
2025-11-14,M014,16543753
2025-11-14,M015,7404249
2025-11-14,M016,14162670
2025-11-14,M017,8106084
2025-11-14,M018,15403801
2025-11-14,M019,10728326
2025-11-14,M020,19131470
2025-11-14,M021,9600503
2025-11-14,M022,11586323
2025-11-14,M023,10024357
2025-11-14,M024,16276312
2025-11-14,M025,9370524
2025-11-14,M026,16342987
2025-11-14,M027,13782283
2025-11-14,M028,22499994
2025-11-14,M029,7128568
2025-11-14,M030,15450420
2025-11-14,M031,11928490
2025-11-14,M032,19839064
2025-11-14,M033,11050240
2025-11-14,M034,18588605
2025-11-14,M035,14482543
2025-11-14,M036,20609678
2025-11-14,M037,9063317
2025-11-14,M038,16089541
2025-11-14,M039,13377134
2025-11-14,M040,24962532
2025-11-14,M041,12301012
2025-11-14,M042,21194647
2025-11-14,M043,13172700
2025-11-14,M044,21856155
2025-11-14,M045,11427126
2025-11-14,M046,20077422
2025-11-14,M047,15246515
2025-11-14,M048,29130149
2025-11-15,M001,4953027
2025-11-15,M002,6097857
2025-11-15,M003,7455331
2025-11-15,M004,7010829
2025-11-15,M005,8616350
2025-11-15,M006,11079943
2025-11-15,M007,11767570
2025-11-15,M008,6243981
2025-11-15,M009,6868104
2025-11-15,M010,8852697
2025-11-15,M011,9703640
2025-11-15,M012,8290998
2025-11-15,M013,10691943
2025-11-15,M014,12649516
2025-11-15,M015,9861826
2025-11-15,M016,7577573
2025-11-15,M017,9712292
2025-11-15,M018,11163567
2025-11-15,M019,12774065
2025-11-15,M020,10098374
2025-11-15,M021,12350986
2025-11-15,M022,9833946
2025-11-15,M023,12125213
2025-11-15,M024,10284062
2025-11-15,M025,11776511
2025-11-15,M026,15046824
2025-11-15,M027,17383394
2025-11-15,M028,12720219
2025-11-15,M029,9418452
2025-11-15,M030,12836234
2025-11-15,M031,13974639
2025-11-15,M032,10943929
2025-11-15,M033,13745533
2025-11-15,M034,16771918
2025-11-15,M035,19248702
2025-11-15,M036,10383223
2025-11-15,M037,12202970
2025-11-15,M038,13342906
2025-11-15,M039,15667944
2025-11-15,M040,13059299
2025-11-15,M041,15551035
2025-11-15,M042,17903709
2025-11-15,M043,14801580
2025-11-15,M044,11836445
2025-11-15,M045,14716666
2025-11-15,M046,16711157
2025-11-15,M047,17802655
2025-11-15,M048,15544398
2025-11-16,M001,6455990
2025-11-16,M002,6047070
2025-11-16,M003,7040814
2025-11-16,M004,6475837
2025-11-16,M005,11696410
2025-11-16,M006,9827709
2025-11-16,M007,11472064
2025-11-16,M008,5078337
2025-11-16,M009,9874970
2025-11-16,M010,7526905
2025-11-16,M011,9480546
2025-11-16,M012,7352578
2025-11-16,M013,14171365
2025-11-16,M014,11303583
2025-11-16,M015,7920946
2025-11-16,M016,7569171
2025-11-16,M017,13067762
2025-11-16,M018,10905465
2025-11-16,M019,11040188
2025-11-16,M020,9899117
2025-11-16,M021,15973324
2025-11-16,M022,8238989
2025-11-16,M023,10343905
2025-11-16,M024,8519713
2025-11-16,M025,15870076
2025-11-16,M026,12057043
2025-11-16,M027,15026579
2025-11-16,M028,11078017
2025-11-16,M029,12301960
2025-11-16,M030,11028802
2025-11-16,M031,13201962
2025-11-16,M032,10843112
2025-11-16,M033,19177631
2025-11-16,M034,15013431
2025-11-16,M035,17679420
2025-11-16,M036,10456495
2025-11-16,M037,14427156
2025-11-16,M038,12734825
2025-11-16,M039,13481655
2025-11-16,M040,11813184
2025-11-16,M041,21290994
2025-11-16,M042,16887826
2025-11-16,M043,13139310
2025-11-16,M044,10684112
2025-11-16,M045,20538107
2025-11-16,M046,14344834
2025-11-16,M047,16186301
2025-11-16,M048,14570361
2025-11-17,M001,6803397
2025-11-17,M002,5441914
2025-11-17,M003,7856129
2025-11-17,M004,8528748
2025-11-17,M005,12211309
2025-11-17,M006,8770150
2025-11-17,M007,11579428
2025-11-17,M008,8108502
2025-11-17,M009,11162158
2025-11-17,M010,7035258
2025-11-17,M011,9999429
2025-11-17,M012,11800554
2025-11-17,M013,14820673
2025-11-17,M014,11619779
2025-11-17,M015,8378103
2025-11-17,M016,9535970
2025-11-17,M017,12583160
2025-11-17,M018,10900025
2025-11-17,M019,12176016
2025-11-17,M020,13839126
2025-11-17,M021,18568097
2025-11-17,M022,8837884
2025-11-17,M023,11945385
2025-11-17,M024,11985363
2025-11-17,M025,16799914
2025-11-17,M026,11572435
2025-11-17,M027,16339746
2025-11-17,M028,15241113
2025-11-17,M029,12930335
2025-11-17,M030,9500833
2025-11-17,M031,13441607
2025-11-17,M032,14920681
2025-11-17,M033,19387864
2025-11-17,M034,13403509
2025-11-17,M035,19452574
2025-11-17,M036,14059018
2025-11-17,M037,17158350
2025-11-17,M038,11978596
2025-11-17,M039,16920180
2025-11-17,M040,18063852
2025-11-17,M041,22439651
2025-11-17,M042,15517448
2025-11-17,M043,14943049
2025-11-17,M044,17540827
2025-11-17,M045,21928473
2025-11-17,M046,14536267
2025-11-17,M047,17920768
2025-11-17,M048,18755668
2025-11-18,M001,3807236
2025-11-18,M002,7967787
2025-11-18,M003,6521730
2025-11-18,M004,13150024
2025-11-18,M005,6938482
2025-11-18,M006,13769332
2025-11-18,M007,10564286
2025-11-18,M008,10264093
2025-11-18,M009,5764207
2025-11-18,M010,10968063
2025-11-18,M011,8574301
2025-11-18,M012,15605314
2025-11-18,M013,8133701
2025-11-18,M014,15754682
2025-11-18,M015,7080099
2025-11-18,M016,13697065
2025-11-18,M017,7443750
2025-11-18,M018,14917398
2025-11-18,M019,10756066
2025-11-18,M020,18984936
2025-11-18,M021,9705608
2025-11-18,M022,10786782
2025-11-18,M023,9824805
2025-11-18,M024,16336254
2025-11-18,M025,8752001
2025-11-18,M026,16766446
2025-11-18,M027,14242515
2025-11-18,M028,20826875
2025-11-18,M029,8074320
2025-11-18,M030,13430775
2025-11-18,M031,10666342
2025-11-18,M032,20703567
2025-11-18,M033,10892179
2025-11-18,M034,19856283
2025-11-18,M035,14815460
2025-11-18,M036,20401877
2025-11-18,M037,8789959
2025-11-18,M038,16260323
2025-11-18,M039,14111501
2025-11-18,M040,23806012
2025-11-18,M041,13033997
2025-11-18,M042,21139337
2025-11-18,M043,13098483
2025-11-18,M044,21733628
2025-11-18,M045,12490257
2025-11-18,M046,20053468
2025-11-18,M047,14440886
2025-11-18,M048,25369868
2025-11-19,M001,4892002
2025-11-19,M002,6535770
2025-11-19,M003,8108690
2025-11-19,M004,7449361
2025-11-19,M005,9563963
2025-11-19,M006,12552664
2025-11-19,M007,13509959
2025-11-19,M008,6862258
2025-11-19,M009,8409864
2025-11-19,M010,10173040
2025-11-19,M011,12240173
2025-11-19,M012,9569487
2025-11-19,M013,11142570
2025-11-19,M014,14975424
2025-11-19,M015,9332026
2025-11-19,M016,8853244
2025-11-19,M017,10598579
2025-11-19,M018,12879932
2025-11-19,M019,14306102
2025-11-19,M020,10970636
2025-11-19,M021,13147263
2025-11-19,M022,11489051
2025-11-19,M023,12292783
2025-11-19,M024,10232499
2025-11-19,M025,13396360
2025-11-19,M026,14893285
2025-11-19,M027,17879950
2025-11-19,M028,14496007
2025-11-19,M029,9902568
2025-11-19,M030,13437780
2025-11-19,M031,14632029
2025-11-19,M032,12684790
2025-11-19,M033,15043736
2025-11-19,M034,18789433
2025-11-19,M035,22819566
2025-11-19,M036,12664268
2025-11-19,M037,11915038
2025-11-19,M038,14527233
2025-11-19,M039,16902749
2025-11-19,M040,15246458
2025-11-19,M041,17125242
2025-11-19,M042,21736348
2025-11-19,M043,16909398
2025-11-19,M044,15059396
2025-11-19,M045,17384823
2025-11-19,M046,16644177
2025-11-19,M047,21065587
2025-11-19,M048,15439146
2025-11-20,M001,6804227
2025-11-20,M002,5938995
2025-11-20,M003,7424721
2025-11-20,M004,6997867
2025-11-20,M005,11453984
2025-11-20,M006,10100563
2025-11-20,M007,12068344
2025-11-20,M008,5587186
2025-11-20,M009,11167350
2025-11-20,M010,8734775
2025-11-20,M011,9558210
2025-11-20,M012,8762918
2025-11-20,M013,15721102
2025-11-20,M014,11986496
2025-11-20,M015,8965482
2025-11-20,M016,7329217
2025-11-20,M017,14158881
2025-11-20,M018,11651076
2025-11-20,M019,12060537
2025-11-20,M020,11110179
2025-11-20,M021,18970325
2025-11-20,M022,10378852
2025-11-20,M023,11362309
2025-11-20,M024,9342696
2025-11-20,M025,16423585
2025-11-20,M026,14964427
2025-11-20,M027,16805101
2025-11-20,M028,11573263
2025-11-20,M029,13836948
2025-11-20,M030,11375413
2025-11-20,M031,12716940
2025-11-20,M032,11767848
2025-11-20,M033,19043302
2025-11-20,M034,17396670
2025-11-20,M035,17727810
2025-11-20,M036,10015315
2025-11-20,M037,17416830
2025-11-20,M038,14733052
2025-11-20,M039,15433983
2025-11-20,M040,14290213
2025-11-20,M041,22880353
2025-11-20,M042,19797551
2025-11-20,M043,15326524
2025-11-20,M044,12063593
2025-11-20,M045,22309029
2025-11-20,M046,15759688
2025-11-20,M047,18149044
2025-11-20,M048,14107228
2025-11-21,M001,7064689
2025-11-21,M002,5006182
2025-11-21,M003,7515685
2025-11-21,M004,9208725
2025-11-21,M005,11554830
2025-11-21,M006,8662578
2025-11-21,M007,11229140
2025-11-21,M008,7173620
2025-11-21,M009,11109712
2025-11-21,M010,6979110
2025-11-21,M011,9981675
2025-11-21,M012,11914947
2025-11-21,M013,15913887
2025-11-21,M014,11626378
2025-11-21,M015,8624232
2025-11-21,M016,9539170
2025-11-21,M017,12841388
2025-11-21,M018,10248489
2025-11-21,M019,12814304
2025-11-21,M020,12889147
2025-11-21,M021,17292657
2025-11-21,M022,8596391
2025-11-21,M023,10943629
2025-11-21,M024,13109659
2025-11-21,M025,16993069
2025-11-21,M026,12749144
2025-11-21,M027,14933876
2025-11-21,M028,16341791
2025-11-21,M029,13732242
2025-11-21,M030,10087242
2025-11-21,M031,13510240
2025-11-21,M032,15012801
2025-11-21,M033,19231470
2025-11-21,M034,14145681
2025-11-21,M035,19552782
2025-11-21,M036,13470734
2025-11-21,M037,16571873
2025-11-21,M038,12433730
2025-11-21,M039,16934184
2025-11-21,M040,16607495
2025-11-21,M041,20607361
2025-11-21,M042,16153512
2025-11-21,M043,15381442
2025-11-21,M044,16381549
2025-11-21,M045,20479236
2025-11-21,M046,13217951
2025-11-21,M047,17442964
2025-11-21,M048,20777255
2025-11-22,M001,3531844
2025-11-22,M002,6660571
2025-11-22,M003,6014592
2025-11-22,M004,11942165
2025-11-22,M005,5678853
2025-11-22,M006,11232098
2025-11-22,M007,9737434
2025-11-22,M008,9782282
2025-11-22,M009,5476954
2025-11-22,M010,9011950
2025-11-22,M011,8021631
2025-11-22,M012,14898882
2025-11-22,M013,7297300
2025-11-22,M014,14024708
2025-11-22,M015,6891897
2025-11-22,M016,13378428
2025-11-22,M017,7089341
2025-11-22,M018,13299775
2025-11-22,M019,9014659
2025-11-22,M020,16910193
2025-11-22,M021,8940996
2025-11-22,M022,10327945
2025-11-22,M023,7924446
2025-11-22,M024,15451027
2025-11-22,M025,8462644
2025-11-22,M026,15337654
2025-11-22,M027,13170866
2025-11-22,M028,19983725
2025-11-22,M029,6943165
2025-11-22,M030,13508439
2025-11-22,M031,10355134
2025-11-22,M032,20309775
2025-11-22,M033,9899724
2025-11-22,M034,18219735
2025-11-22,M035,12980858
2025-11-22,M036,17797913
2025-11-22,M037,8588160
2025-11-22,M038,16008758
2025-11-22,M039,11090372
2025-11-22,M040,20852025
2025-11-22,M041,11974790
2025-11-22,M042,20750058
2025-11-22,M043,11189489
2025-11-22,M044,20187632
2025-11-22,M045,11486561
2025-11-22,M046,17099241
2025-11-22,M047,13414082
2025-11-22,M048,23608056
2025-11-23,M001,4474110
2025-11-23,M002,6669861
2025-11-23,M003,7978789
2025-11-23,M004,6301546
2025-11-23,M005,8498852
2025-11-23,M006,10460780
2025-11-23,M007,11635354
2025-11-23,M008,5983776
2025-11-23,M009,6824130
2025-11-23,M010,7987081
2025-11-23,M011,10331486
2025-11-23,M012,8723211
2025-11-23,M013,10590428
2025-11-23,M014,12956388
2025-11-23,M015,9325190
2025-11-23,M016,8268941
2025-11-23,M017,9237493
2025-11-23,M018,12839676
2025-11-23,M019,12154674
2025-11-23,M020,10339288
2025-11-23,M021,11720763
2025-11-23,M022,8985417
2025-11-23,M023,11257586
2025-11-23,M024,10030598
2025-11-23,M025,11208318
2025-11-23,M026,13296129
2025-11-23,M027,16026708
2025-11-23,M028,11541916
2025-11-23,M029,9786798
2025-11-23,M030,12553872
2025-11-23,M031,14693010
2025-11-23,M032,10698587
2025-11-23,M033,12676494
2025-11-23,M034,17061882
2025-11-23,M035,17787759
2025-11-23,M036,10213816
2025-11-23,M037,11363658
2025-11-23,M038,13038102
2025-11-23,M039,15329592
2025-11-23,M040,12947342
2025-11-23,M041,14239479
2025-11-23,M042,20088312
2025-11-23,M043,15064547
2025-11-23,M044,12262412
2025-11-23,M045,14396625
2025-11-23,M046,15685185
2025-11-23,M047,17293832
2025-11-23,M048,13948266
2025-11-24,M001,6379085
2025-11-24,M002,6645922
2025-11-24,M003,8132075
2025-11-24,M004,7236545
2025-11-24,M005,11944415
2025-11-24,M006,10660033
2025-11-24,M007,12535844
2025-11-24,M008,5652903
2025-11-24,M009,9994661
2025-11-24,M010,7905528
2025-11-24,M011,9927182
2025-11-24,M012,8140625
2025-11-24,M013,15607953
2025-11-24,M014,12181677
2025-11-24,M015,8323719
2025-11-24,M016,7897828
2025-11-24,M017,13202280
2025-11-24,M018,11336282
2025-11-24,M019,12687356
2025-11-24,M020,10738295
2025-11-24,M021,17464221
2025-11-24,M022,9361125
2025-11-24,M023,12117970
2025-11-24,M024,9048521
2025-11-24,M025,18175845
2025-11-24,M026,14944047
2025-11-24,M027,15595075
2025-11-24,M028,11686876
2025-11-24,M029,13034819
2025-11-24,M030,11526659
2025-11-24,M031,13576472
2025-11-24,M032,12130051
2025-11-24,M033,21150122
2025-11-24,M034,16557690
2025-11-24,M035,19267884
2025-11-24,M036,11527885
2025-11-24,M037,15962039
2025-11-24,M038,13025444
2025-11-24,M039,16652525
2025-11-24,M040,13677998
2025-11-24,M041,23582763
2025-11-24,M042,19268517
2025-11-24,M043,14435516
2025-11-24,M044,12245781
2025-11-24,M045,22453869
2025-11-24,M046,16131112
2025-11-24,M047,19060779
2025-11-24,M048,15658876
2025-11-25,M001,6200616
2025-11-25,M002,5030716
2025-11-25,M003,7980732
2025-11-25,M004,8339070
2025-11-25,M005,11482689
2025-11-25,M006,8367049
2025-11-25,M007,12194386
2025-11-25,M008,7700672
2025-11-25,M009,11411696
2025-11-25,M010,7537396
2025-11-25,M011,9433600
2025-11-25,M012,10646282
2025-11-25,M013,15297749
2025-11-25,M014,11381580
2025-11-25,M015,8619577
2025-11-25,M016,9768008
2025-11-25,M017,12603540
2025-11-25,M018,9394743
2025-11-25,M019,12259621
2025-11-25,M020,13578821
2025-11-25,M021,16332048
2025-11-25,M022,7821698
2025-11-25,M023,11975240
2025-11-25,M024,11561007
2025-11-25,M025,17196548
2025-11-25,M026,11869096
2025-11-25,M027,15658873
2025-11-25,M028,14985408
2025-11-25,M029,13651098
2025-11-25,M030,9296699
2025-11-25,M031,14432598
2025-11-25,M032,15025784
2025-11-25,M033,18767132
2025-11-25,M034,13339509
2025-11-25,M035,17946200
2025-11-25,M036,14491393
2025-11-25,M037,15540053
2025-11-25,M038,12574310
2025-11-25,M039,15537470
2025-11-25,M040,16268325
2025-11-25,M041,21515133
2025-11-25,M042,16770077
2025-11-25,M043,15650587
2025-11-25,M044,15091914
2025-11-25,M045,20550802
2025-11-25,M046,14721546
2025-11-25,M047,16953929
2025-11-25,M048,19036225
2025-11-26,M001,3766521
2025-11-26,M002,8036158
2025-11-26,M003,6158988
2025-11-26,M004,12760101
2025-11-26,M005,6537427
2025-11-26,M006,12310290
2025-11-26,M007,9968389
2025-11-26,M008,10595306
2025-11-26,M009,5741378
2025-11-26,M010,10959877
2025-11-26,M011,8785946
2025-11-26,M012,15159389
2025-11-26,M013,8472949
2025-11-26,M014,14687793
2025-11-26,M015,7320357
2025-11-26,M016,15300259
2025-11-26,M017,7879120
2025-11-26,M018,14012514
2025-11-26,M019,10850280
2025-11-26,M020,18439157
2025-11-26,M021,10602314
2025-11-26,M022,11452593
2025-11-26,M023,8888658
2025-11-26,M024,18054259
2025-11-26,M025,8763312
2025-11-26,M026,15948044
2025-11-26,M027,14048632
2025-11-26,M028,20987880
2025-11-26,M029,7891789
2025-11-26,M030,14774220
2025-11-26,M031,11647143
2025-11-26,M032,21304743
2025-11-26,M033,10470187
2025-11-26,M034,20526784
2025-11-26,M035,16510815
2025-11-26,M036,21042806
2025-11-26,M037,8905007
2025-11-26,M038,17120173
2025-11-26,M039,13368669
2025-11-26,M040,23187682
2025-11-26,M041,13199801
2025-11-26,M042,23976857
2025-11-26,M043,13435157
2025-11-26,M044,21332748
2025-11-26,M045,12787440
2025-11-26,M046,20003424
2025-11-26,M047,15315674
2025-11-26,M048,25846327
2025-11-27,M001,5494047
2025-11-27,M002,6472388
2025-11-27,M003,8949377
2025-11-27,M004,7960363
2025-11-27,M005,9581469
2025-11-27,M006,11512246
2025-11-27,M007,14732796
2025-11-27,M008,6201290
2025-11-27,M009,7752599
2025-11-27,M010,8790450
2025-11-27,M011,11041093
2025-11-27,M012,9652029
2025-11-27,M013,10535467
2025-11-27,M014,14995159
2025-11-27,M015,9891087
2025-11-27,M016,8500993
2025-11-27,M017,10533294
2025-11-27,M018,13011945
2025-11-27,M019,13840878
2025-11-27,M020,12134229
2025-11-27,M021,12832657
2025-11-27,M022,11615525
2025-11-27,M023,11844290
2025-11-27,M024,10273736
2025-11-27,M025,11777220
2025-11-27,M026,15805340
2025-11-27,M027,18833749
2025-11-27,M028,13200533
2025-11-27,M029,10247429
2025-11-27,M030,13746748
2025-11-27,M031,15345686
2025-11-27,M032,13730753
2025-11-27,M033,16091279
2025-11-27,M034,19249128
2025-11-27,M035,21235208
2025-11-27,M036,11132968
2025-11-27,M037,12665671
2025-11-27,M038,15655417
2025-11-27,M039,17386545
2025-11-27,M040,13865777
2025-11-27,M041,16637144
2025-11-27,M042,20579154
2025-11-27,M043,15872127
2025-11-27,M044,15163112
2025-11-27,M045,16087343
2025-11-27,M046,19369735
2025-11-27,M047,21286561
2025-11-27,M048,16827726
2025-11-28,M001,6319377
2025-11-28,M002,6682214
2025-11-28,M003,7229082
2025-11-28,M004,6507765
2025-11-28,M005,13032561
2025-11-28,M006,10973830
2025-11-28,M007,12642908
2025-11-28,M008,6218093
2025-11-28,M009,11141573
2025-11-28,M010,8798649
2025-11-28,M011,10520609
2025-11-28,M012,9249713
2025-11-28,M013,14432102
2025-11-28,M014,13327082
2025-11-28,M015,9005609
2025-11-28,M016,7375172
2025-11-28,M017,14137667
2025-11-28,M018,10964334
2025-11-28,M019,13079215
2025-11-28,M020,11113017
2025-11-28,M021,18492319
2025-11-28,M022,9171603
2025-11-28,M023,10760031
2025-11-28,M024,9171589
2025-11-28,M025,17873369
2025-11-28,M026,15241697
2025-11-28,M027,17220417
2025-11-28,M028,11839062
2025-11-28,M029,14087565
2025-11-28,M030,11153714
2025-11-28,M031,13215411
2025-11-28,M032,11332930
2025-11-28,M033,20057703
2025-11-28,M034,16154141
2025-11-28,M035,18065057
2025-11-28,M036,10134307
2025-11-28,M037,15658629
2025-11-28,M038,14077500
2025-11-28,M039,15737712
2025-11-28,M040,13732227
2025-11-28,M041,24172033
2025-11-28,M042,17388255
2025-11-28,M043,15878608
2025-11-28,M044,12729844
2025-11-28,M045,22704238
2025-11-28,M046,16177376
2025-11-28,M047,17929846
2025-11-28,M048,14350109
2025-11-29,M001,5654068
2025-11-29,M002,5005002
2025-11-29,M003,6650183
2025-11-29,M004,7602865
2025-11-29,M005,11006366
2025-11-29,M006,7552572
2025-11-29,M007,10761750
2025-11-29,M008,7187086
2025-11-29,M009,9286580
2025-11-29,M010,6812565
2025-11-29,M011,9092991
2025-11-29,M012,9613119
2025-11-29,M013,13681286
2025-11-29,M014,9914901
2025-11-29,M015,7528556
2025-11-29,M016,9090948
2025-11-29,M017,13217462
2025-11-29,M018,9703568
2025-11-29,M019,10129988
2025-11-29,M020,11617308
2025-11-29,M021,16145637
2025-11-29,M022,6869055
2025-11-29,M023,9937733
2025-11-29,M024,10417355
2025-11-29,M025,14890172
2025-11-29,M026,10178466
2025-11-29,M027,14966248
2025-11-29,M028,14940335
2025-11-29,M029,11583714
2025-11-29,M030,9731335
2025-11-29,M031,12472782
2025-11-29,M032,14115911
2025-11-29,M033,17750639
2025-11-29,M034,12214673
2025-11-29,M035,15686539
2025-11-29,M036,12632394
2025-11-29,M037,14109315
2025-11-29,M038,10204720
2025-11-29,M039,15010163
2025-11-29,M040,16090775
2025-11-29,M041,19541542
2025-11-29,M042,15031164
2025-11-29,M043,13562743
2025-11-29,M044,13977963
2025-11-29,M045,20594362
2025-11-29,M046,11948700
2025-11-29,M047,16054131
2025-11-29,M048,17050917
2025-11-30,M001,3279197
2025-11-30,M002,7331353
2025-11-30,M003,5900452
2025-11-30,M004,12004123
2025-11-30,M005,6237992
2025-11-30,M006,11824114
2025-11-30,M007,8849780
2025-11-30,M008,10072404
2025-11-30,M009,4973139
2025-11-30,M010,8537166
2025-11-30,M011,7585486
2025-11-30,M012,14761962
2025-11-30,M013,7215479
2025-11-30,M014,13156046
2025-11-30,M015,6464215
2025-11-30,M016,12801607
2025-11-30,M017,6392906
2025-11-30,M018,13450114
2025-11-30,M019,9473166
2025-11-30,M020,16927602
2025-11-30,M021,8331614
2025-11-30,M022,10781553
2025-11-30,M023,8148820
2025-11-30,M024,15503443
2025-11-30,M025,9002296
2025-11-30,M026,14575646
2025-11-30,M027,11339381
2025-11-30,M028,19276890
2025-11-30,M029,7088135
2025-11-30,M030,12233094
2025-11-30,M031,10039965
2025-11-30,M032,19978719
2025-11-30,M033,9707890
2025-11-30,M034,17131146
2025-11-30,M035,14125972
2025-11-30,M036,16425359
2025-11-30,M037,8553935
2025-11-30,M038,15419858
2025-11-30,M039,12064479
2025-11-30,M040,23277104
2025-11-30,M041,11321129
2025-11-30,M042,19573952
2025-11-30,M043,10691934
2025-11-30,M044,20720456
2025-11-30,M045,11282849
2025-11-30,M046,18037124
2025-11-30,M047,14092577
2025-11-30,M048,22773729
2025-12-01,M001,6357800
2025-12-01,M002,5850828
2025-12-01,M003,7538411
2025-12-01,M004,8397797
2025-12-01,M005,13231035
2025-12-01,M006,9428359
2025-12-01,M007,11754603
2025-12-01,M008,7928884
2025-12-01,M009,10224980
2025-12-01,M010,7935799
2025-12-01,M011,10490381
2025-12-01,M012,12265627
2025-12-01,M013,14604795
2025-12-01,M014,11062651
2025-12-01,M015,9372471
2025-12-01,M016,9791338
2025-12-01,M017,13316015
2025-12-01,M018,10198844
2025-12-01,M019,12658888
2025-12-01,M020,13118526
2025-12-01,M021,18558063
2025-12-01,M022,7814627
2025-12-01,M023,11396722
2025-12-01,M024,12397224
2025-12-01,M025,16636922
2025-12-01,M026,11669844
2025-12-01,M027,16077494
2025-12-01,M028,16927391
2025-12-01,M029,14496947
2025-12-01,M030,9652480
2025-12-01,M031,14764048
2025-12-01,M032,15223116
2025-12-01,M033,21589510
2025-12-01,M034,14493645
2025-12-01,M035,20353143
2025-12-01,M036,15337503
2025-12-01,M037,17229957
2025-12-01,M038,12424871
2025-12-01,M039,15009946
2025-12-01,M040,16337836
2025-12-01,M041,21812556
2025-12-01,M042,15096218
2025-12-01,M043,16171856
2025-12-01,M044,16005587
2025-12-01,M045,21292547
2025-12-01,M046,15074358
2025-12-01,M047,18017409
2025-12-01,M048,20528622
2025-12-02,M001,3715099
2025-12-02,M002,7222814
2025-12-02,M003,6848875
2025-12-02,M004,12287397
2025-12-02,M005,7031566
2025-12-02,M006,13272082
2025-12-02,M007,10573733
2025-12-02,M008,11368122
2025-12-02,M009,5648415
2025-12-02,M010,10994191
2025-12-02,M011,8238267
2025-12-02,M012,16616606
2025-12-02,M013,8536688
2025-12-02,M014,16417280
2025-12-02,M015,7711661
2025-12-02,M016,14775065
2025-12-02,M017,7354076
2025-12-02,M018,15342653
2025-12-02,M019,10909672
2025-12-02,M020,20291037
2025-12-02,M021,10224900
2025-12-02,M022,11337476
2025-12-02,M023,9739436
2025-12-02,M024,16883031
2025-12-02,M025,9557939
2025-12-02,M026,18109719
2025-12-02,M027,13657200
2025-12-02,M028,20964027
2025-12-02,M029,7879172
2025-12-02,M030,14080601
2025-12-02,M031,12166371
2025-12-02,M032,21542932
2025-12-02,M033,10807964
2025-12-02,M034,18927894
2025-12-02,M035,14959282
2025-12-02,M036,18939092
2025-12-02,M037,9040742
2025-12-02,M038,16305732
2025-12-02,M039,13565497
2025-12-02,M040,25647957
2025-12-02,M041,12938628
2025-12-02,M042,21883282
2025-12-02,M043,11955374
2025-12-02,M044,24992992
2025-12-02,M045,12194852
2025-12-02,M046,19767563
2025-12-02,M047,15003574
2025-12-02,M048,26767152
2025-12-03,M001,4931350
2025-12-03,M002,6897935
2025-12-03,M003,9344390
2025-12-03,M004,8359540
2025-12-03,M005,9803194
2025-12-03,M006,12106656
2025-12-03,M007,13360487
2025-12-03,M008,6801839
2025-12-03,M009,8261494
2025-12-03,M010,9415212
2025-12-03,M011,12462565
2025-12-03,M012,10135565
2025-12-03,M013,12374009
2025-12-03,M014,14950020
2025-12-03,M015,10623124
2025-12-03,M016,9339992
2025-12-03,M017,10703819
2025-12-03,M018,12730556
2025-12-03,M019,14940071
2025-12-03,M020,12122207
2025-12-03,M021,13969409
2025-12-03,M022,10247298
2025-12-03,M023,13924185
2025-12-03,M024,11415163
2025-12-03,M025,14041901
2025-12-03,M026,17573356
2025-12-03,M027,19177606
2025-12-03,M028,12854470
2025-12-03,M029,10058844
2025-12-03,M030,14234839
2025-12-03,M031,15563749
2025-12-03,M032,13617628
2025-12-03,M033,16352504
2025-12-03,M034,20024389
2025-12-03,M035,20834944
2025-12-03,M036,11821484
2025-12-03,M037,13587248
2025-12-03,M038,15378321
2025-12-03,M039,18263697
2025-12-03,M040,15078452
2025-12-03,M041,17108628
2025-12-03,M042,20464267
2025-12-03,M043,17541062
2025-12-03,M044,13659842
2025-12-03,M045,17183128
2025-12-03,M046,17486567
2025-12-03,M047,19662228
2025-12-03,M048,17591228
2025-12-04,M001,7422588
2025-12-04,M002,6819179
2025-12-04,M003,8147292
2025-12-04,M004,6683165
2025-12-04,M005,13503896
2025-12-04,M006,11147796
2025-12-04,M007,12933540
2025-12-04,M008,6333230
2025-12-04,M009,11636194
2025-12-04,M010,8529341
2025-12-04,M011,10398615
2025-12-04,M012,8872951
2025-12-04,M013,14506762
2025-12-04,M014,13923250
2025-12-04,M015,9596787
2025-12-04,M016,7883440
2025-12-04,M017,13983991
2025-12-04,M018,12442086
2025-12-04,M019,13503859
2025-12-04,M020,10552068
2025-12-04,M021,18840204
2025-12-04,M022,10111568
2025-12-04,M023,12244230
2025-12-04,M024,10167126
2025-12-04,M025,18259042
2025-12-04,M026,13705946
2025-12-04,M027,16113093
2025-12-04,M028,13123917
2025-12-04,M029,13710215
2025-12-04,M030,12983490
2025-12-04,M031,13504164
2025-12-04,M032,12355210
2025-12-04,M033,21110452
2025-12-04,M034,16412481
2025-12-04,M035,20162732
2025-12-04,M036,10594244
2025-12-04,M037,16712328
2025-12-04,M038,13773382
2025-12-04,M039,16839326
2025-12-04,M040,14480051
2025-12-04,M041,21721230
2025-12-04,M042,18361058
2025-12-04,M043,16770844
2025-12-04,M044,12174491
2025-12-04,M045,23318678
2025-12-04,M046,17457767
2025-12-04,M047,19920641
2025-12-04,M048,14915021
2025-12-05,M001,7329665
2025-12-05,M002,5529798
2025-12-05,M003,7445005
2025-12-05,M004,9488582
2025-12-05,M005,11546324
2025-12-05,M006,9291353
2025-12-05,M007,12179420
2025-12-05,M008,8137036
2025-12-05,M009,10545065
2025-12-05,M010,7272964
2025-12-05,M011,9527672
2025-12-05,M012,11293300
2025-12-05,M013,14725937
2025-12-05,M014,11606143
2025-12-05,M015,8490434
2025-12-05,M016,9836281
2025-12-05,M017,13921214
2025-12-05,M018,10689633
2025-12-05,M019,11958938
2025-12-05,M020,13138881
2025-12-05,M021,17724331
2025-12-05,M022,7849389
2025-12-05,M023,11221731
2025-12-05,M024,13201631
2025-12-05,M025,15839705
2025-12-05,M026,12332626
2025-12-05,M027,17117482
2025-12-05,M028,15617774
2025-12-05,M029,13675080
2025-12-05,M030,10316208
2025-12-05,M031,13401659
2025-12-05,M032,14425832
2025-12-05,M033,20682682
2025-12-05,M034,14219929
2025-12-05,M035,19730552
2025-12-05,M036,13254869
2025-12-05,M037,16031356
2025-12-05,M038,12106494
2025-12-05,M039,17022064
2025-12-05,M040,18060336
2025-12-05,M041,23515943
2025-12-05,M042,17230978
2025-12-05,M043,15216617
2025-12-05,M044,16911013
2025-12-05,M045,21277489
2025-12-05,M046,14598709
2025-12-05,M047,17673444
2025-12-05,M048,19664037
2025-12-06,M001,3273764
2025-12-06,M002,7524343
2025-12-06,M003,5871650
2025-12-06,M004,10797706
2025-12-06,M005,5988557
2025-12-06,M006,10912029
2025-12-06,M007,9426983
2025-12-06,M008,10580367
2025-12-06,M009,5600442
2025-12-06,M010,9127968
2025-12-06,M011,8216851
2025-12-06,M012,15032169
2025-12-06,M013,7324953
2025-12-06,M014,15233361
2025-12-06,M015,6818506
2025-12-06,M016,13160572
2025-12-06,M017,7518481
2025-12-06,M018,13009610
2025-12-06,M019,9264771
2025-12-06,M020,16143611
2025-12-06,M021,8682772
2025-12-06,M022,11037590
2025-12-06,M023,9445500
2025-12-06,M024,17159908
2025-12-06,M025,8362134
2025-12-06,M026,15101864
2025-12-06,M027,12355284
2025-12-06,M028,20635182
2025-12-06,M029,7523564
2025-12-06,M030,13658973
2025-12-06,M031,11182089
2025-12-06,M032,19360863
2025-12-06,M033,9718757
2025-12-06,M034,18370213
2025-12-06,M035,15069711
2025-12-06,M036,18074425
2025-12-06,M037,7971689
2025-12-06,M038,16902214
2025-12-06,M039,11869672
2025-12-06,M040,20905658
2025-12-06,M041,10735152
2025-12-06,M042,21749424
2025-12-06,M043,11832428
2025-12-06,M044,20602220
2025-12-06,M045,10757367
2025-12-06,M046,17085042
2025-12-06,M047,13258541
2025-12-06,M048,26519652
2025-12-07,M001,5066474
2025-12-07,M002,6327771
2025-12-07,M003,7785441
2025-12-07,M004,7560076
2025-12-07,M005,7875541
2025-12-07,M006,10946473
2025-12-07,M007,13779255
2025-12-07,M008,6262830
2025-12-07,M009,7558796
2025-12-07,M010,9009266
2025-12-07,M011,9883366
2025-12-07,M012,8455089
2025-12-07,M013,10552127
2025-12-07,M014,13852532
2025-12-07,M015,9393880
2025-12-07,M016,7504003
2025-12-07,M017,9066847
2025-12-07,M018,12350431
2025-12-07,M019,11867174
2025-12-07,M020,10152888
2025-12-07,M021,12419405
2025-12-07,M022,9987340
2025-12-07,M023,12833063
2025-12-07,M024,9496085
2025-12-07,M025,11664163
2025-12-07,M026,14392858
2025-12-07,M027,16771938
2025-12-07,M028,13004624
2025-12-07,M029,10105144
2025-12-07,M030,13026351
2025-12-07,M031,14601496
2025-12-07,M032,12034735
2025-12-07,M033,12820119
2025-12-07,M034,16985120
2025-12-07,M035,21045900
2025-12-07,M036,11634403
2025-12-07,M037,11920021
2025-12-07,M038,14414268
2025-12-07,M039,15537803
2025-12-07,M040,13000103
2025-12-07,M041,16819970
2025-12-07,M042,20451389
2025-12-07,M043,15766229
2025-12-07,M044,12741181
2025-12-07,M045,15050886
2025-12-07,M046,16065145
2025-12-07,M047,19849657
2025-12-07,M048,16602757
2025-12-08,M001,7207894
2025-12-08,M002,6851103
2025-12-08,M003,8209479
2025-12-08,M004,7467206
2025-12-08,M005,11891059
2025-12-08,M006,10529698
2025-12-08,M007,12891048
2025-12-08,M008,5993420
2025-12-08,M009,11913590
2025-12-08,M010,9039784
2025-12-08,M011,10844270
2025-12-08,M012,8300535
2025-12-08,M013,15906306
2025-12-08,M014,13278516
2025-12-08,M015,8851017
2025-12-08,M016,7546757
2025-12-08,M017,13223492
2025-12-08,M018,11633409
2025-12-08,M019,12532585
2025-12-08,M020,11299462
2025-12-08,M021,19627329
2025-12-08,M022,10533747
2025-12-08,M023,11286442
2025-12-08,M024,10287080
2025-12-08,M025,16242983
2025-12-08,M026,13580969
2025-12-08,M027,16963461
2025-12-08,M028,12362412
2025-12-08,M029,13699565
2025-12-08,M030,11796978
2025-12-08,M031,14660103
2025-12-08,M032,11751394
2025-12-08,M033,21945374
2025-12-08,M034,18093038
2025-12-08,M035,20643102
2025-12-08,M036,11400669
2025-12-08,M037,17134957
2025-12-08,M038,13418898
2025-12-08,M039,17340680
2025-12-08,M040,13372961
2025-12-08,M041,22437829
2025-12-08,M042,18322851
2025-12-08,M043,15191572
2025-12-08,M044,12622520
2025-12-08,M045,22904514
2025-12-08,M046,16073221
2025-12-08,M047,17718617
2025-12-08,M048,15304725
2025-12-09,M001,6973176
2025-12-09,M002,5476077
2025-12-09,M003,7318241
2025-12-09,M004,9474526
2025-12-09,M005,12401345
2025-12-09,M006,9427377
2025-12-09,M007,12315585
2025-12-09,M008,8376241
2025-12-09,M009,11287823
2025-12-09,M010,7748601
2025-12-09,M011,9579840
2025-12-09,M012,11582208
2025-12-09,M013,15457019
2025-12-09,M014,10628932
2025-12-09,M015,9504714
2025-12-09,M016,9869639
2025-12-09,M017,14456156
2025-12-09,M018,11081465
2025-12-09,M019,11738689
2025-12-09,M020,14238154
2025-12-09,M021,18791067
2025-12-09,M022,8232197
2025-12-09,M023,11641528
2025-12-09,M024,12311456
2025-12-09,M025,18214801
2025-12-09,M026,13160076
2025-12-09,M027,17039562
2025-12-09,M028,16228078
2025-12-09,M029,13818150
2025-12-09,M030,10341181
2025-12-09,M031,13205676
2025-12-09,M032,14924652
2025-12-09,M033,18897057
2025-12-09,M034,15470338
2025-12-09,M035,19640431
2025-12-09,M036,13895922
2025-12-09,M037,16130177
2025-12-09,M038,12361894
2025-12-09,M039,16394718
2025-12-09,M040,18336926
2025-12-09,M041,22538814
2025-12-09,M042,17316553
2025-12-09,M043,15520342
2025-12-09,M044,17465281
2025-12-09,M045,21552096
2025-12-09,M046,14495623
2025-12-09,M047,18399261
2025-12-09,M048,19934016
2025-12-10,M001,4021969
2025-12-10,M002,7191217
2025-12-10,M003,7006601
2025-12-10,M004,13002929
2025-12-10,M005,7140846
2025-12-10,M006,12758526
2025-12-10,M007,10659831
2025-12-10,M008,10132828
2025-12-10,M009,6490872
2025-12-10,M010,10485146
2025-12-10,M011,9020203
2025-12-10,M012,15511346
2025-12-10,M013,7937039
2025-12-10,M014,16743236
2025-12-10,M015,7363558
2025-12-10,M016,14945103
2025-12-10,M017,8094670
2025-12-10,M018,15338408
2025-12-10,M019,10537856
2025-12-10,M020,20033757
2025-12-10,M021,9742994
2025-12-10,M022,12233235
2025-12-10,M023,9465778
2025-12-10,M024,17776674
2025-12-10,M025,9709105
2025-12-10,M026,18339124
2025-12-10,M027,13439792
2025-12-10,M028,23572926
2025-12-10,M029,8106475
2025-12-10,M030,13564561
2025-12-10,M031,11102950
2025-12-10,M032,19848323
2025-12-10,M033,10775045
2025-12-10,M034,21421110
2025-12-10,M035,17104044
2025-12-10,M036,18894790
2025-12-10,M037,9045175
2025-12-10,M038,17756088
2025-12-10,M039,13883579
2025-12-10,M040,23906316
2025-12-10,M041,11967303
2025-12-10,M042,24962637
2025-12-10,M043,12481649
2025-12-10,M044,23246066
2025-12-10,M045,12592850
2025-12-10,M046,20051410
2025-12-10,M047,16285347
2025-12-10,M048,29913419
2025-12-11,M001,5254026
2025-12-11,M002,7391505
2025-12-11,M003,8992848
2025-12-11,M004,7354060
2025-12-11,M005,9184378
2025-12-11,M006,12798911
2025-12-11,M007,14419798
2025-12-11,M008,6410040
2025-12-11,M009,8956980
2025-12-11,M010,9393462
2025-12-11,M011,11763343
2025-12-11,M012,10140569
2025-12-11,M013,11170550
2025-12-11,M014,13814944
2025-12-11,M015,9804530
2025-12-11,M016,8644534
2025-12-11,M017,10590810
2025-12-11,M018,14474864
2025-12-11,M019,14672705
2025-12-11,M020,11044899
2025-12-11,M021,13560081
2025-12-11,M022,10904139
2025-12-11,M023,14075630
2025-12-11,M024,10848850
2025-12-11,M025,12121162
2025-12-11,M026,16863038
2025-12-11,M027,18966484
2025-12-11,M028,14726756
2025-12-11,M029,10161242
2025-12-11,M030,13383950
2025-12-11,M031,16413033
2025-12-11,M032,12419619
2025-12-11,M033,15572102
2025-12-11,M034,18623952
2025-12-11,M035,23188442
2025-12-11,M036,11547073
2025-12-11,M037,13660317
2025-12-11,M038,15039031
2025-12-11,M039,17228409
2025-12-11,M040,16203687
2025-12-11,M041,18630187
2025-12-11,M042,22298551
2025-12-11,M043,17101555
2025-12-11,M044,13678088
2025-12-11,M045,15603756
2025-12-11,M046,17691303
2025-12-11,M047,22511161
2025-12-11,M048,16050770
2025-12-12,M001,6531480
2025-12-12,M002,6796981
2025-12-12,M003,8500843
2025-12-12,M004,6808728
2025-12-12,M005,12175217
2025-12-12,M006,11436115
2025-12-12,M007,13499196
2025-12-12,M008,6327366
2025-12-12,M009,10507733
2025-12-12,M010,8373273
2025-12-12,M011,9545018
2025-12-12,M012,8525306
2025-12-12,M013,16220503
2025-12-12,M014,12726072
2025-12-12,M015,9363523
2025-12-12,M016,8124916
2025-12-12,M017,14220458
2025-12-12,M018,12538765
2025-12-12,M019,12620067
2025-12-12,M020,10187839
2025-12-12,M021,17053911
2025-12-12,M022,9380645
2025-12-12,M023,11187721
2025-12-12,M024,9764645
2025-12-12,M025,16125720
2025-12-12,M026,15667488
2025-12-12,M027,15718914
2025-12-12,M028,12255687
2025-12-12,M029,14455234
2025-12-12,M030,12859059
2025-12-12,M031,13877562
2025-12-12,M032,11177261
2025-12-12,M033,19715126
2025-12-12,M034,15770754
2025-12-12,M035,19138152
2025-12-12,M036,10621865
2025-12-12,M037,15942091
2025-12-12,M038,14590398
2025-12-12,M039,17214466
2025-12-12,M040,13965444
2025-12-12,M041,24526220
2025-12-12,M042,20732891
2025-12-12,M043,16565652
2025-12-12,M044,13881107
2025-12-12,M045,21582529
2025-12-12,M046,17297325
2025-12-12,M047,18792205
2025-12-12,M048,16089763
2025-12-13,M001,6613921
2025-12-13,M002,5292497
2025-12-13,M003,7421020
2025-12-13,M004,7988136
2025-12-13,M005,11392131
2025-12-13,M006,8241931
2025-12-13,M007,11769809
2025-12-13,M008,6803960
2025-12-13,M009,9163218
2025-12-13,M010,6785520
2025-12-13,M011,8487304
2025-12-13,M012,10240528
2025-12-13,M013,13834117
2025-12-13,M014,10705977
2025-12-13,M015,7631031
2025-12-13,M016,9442125
2025-12-13,M017,13556704
2025-12-13,M018,9743639
2025-12-13,M019,11061476
2025-12-13,M020,11646450
2025-12-13,M021,15280728
2025-12-13,M022,7859258
2025-12-13,M023,10568261
2025-12-13,M024,12039749
2025-12-13,M025,14732000
2025-12-13,M026,11676632
2025-12-13,M027,15533915
2025-12-13,M028,15142127
2025-12-13,M029,11808892
2025-12-13,M030,10041860
2025-12-13,M031,13089084
2025-12-13,M032,14751164
2025-12-13,M033,18160957
2025-12-13,M034,12733534
2025-12-13,M035,17933919
2025-12-13,M036,13078420
2025-12-13,M037,15236714
2025-12-13,M038,10352416
2025-12-13,M039,15760542
2025-12-13,M040,17017001
2025-12-13,M041,19568438
2025-12-13,M042,14481935
2025-12-13,M043,13486995
2025-12-13,M044,15694053
2025-12-13,M045,19012557
2025-12-13,M046,12137158
2025-12-13,M047,15428792
2025-12-13,M048,18526035
2025-12-14,M001,3604615
2025-12-14,M002,6514715
2025-12-14,M003,5787110
2025-12-14,M004,10617587
2025-12-14,M005,6465770
2025-12-14,M006,12134431
2025-12-14,M007,9187041
2025-12-14,M008,10171216
2025-12-14,M009,5946067
2025-12-14,M010,10105018
2025-12-14,M011,7247383
2025-12-14,M012,15389635
2025-12-14,M013,7359458
2025-12-14,M014,15201239
2025-12-14,M015,7347529
2025-12-14,M016,13977355
2025-12-14,M017,7422183
2025-12-14,M018,13115202
2025-12-14,M019,8878486
2025-12-14,M020,16118577
2025-12-14,M021,9077251
2025-12-14,M022,11685585
2025-12-14,M023,8142867
2025-12-14,M024,16535186
2025-12-14,M025,9186814
2025-12-14,M026,16388718
2025-12-14,M027,11569567
2025-12-14,M028,20520564
2025-12-14,M029,7149694
2025-12-14,M030,12876146
2025-12-14,M031,9745689
2025-12-14,M032,19986661
2025-12-14,M033,9496330
2025-12-14,M034,19766012
2025-12-14,M035,13512444
2025-12-14,M036,17436690
2025-12-14,M037,8560011
2025-12-14,M038,15737637
2025-12-14,M039,12347623
2025-12-14,M040,23220565
2025-12-14,M041,11598412
2025-12-14,M042,20333951
2025-12-14,M043,11178812
2025-12-14,M044,20836720
2025-12-14,M045,10510849
2025-12-14,M046,16986703
2025-12-14,M047,14735904
2025-12-14,M048,25069886
2025-12-15,M001,5454040
2025-12-15,M002,7732163
2025-12-15,M003,8506515
2025-12-15,M004,7450346
2025-12-15,M005,9787162
2025-12-15,M006,12529525
2025-12-15,M007,14997987
2025-12-15,M008,7132559
2025-12-15,M009,8663799
2025-12-15,M010,9043598
2025-12-15,M011,12150993
2025-12-15,M012,9566957
2025-12-15,M013,11337374
2025-12-15,M014,14175225
2025-12-15,M015,10943214
2025-12-15,M016,8858964
2025-12-15,M017,10510466
2025-12-15,M018,13911741
2025-12-15,M019,14457441
2025-12-15,M020,12122332
2025-12-15,M021,14586734
2025-12-15,M022,11243158
2025-12-15,M023,13336994
2025-12-15,M024,11479315
2025-12-15,M025,13522151
2025-12-15,M026,16412764
2025-12-15,M027,20226888
2025-12-15,M028,14295881
2025-12-15,M029,11587238
2025-12-15,M030,12642536
2025-12-15,M031,15604969
2025-12-15,M032,13234763
2025-12-15,M033,15112307
2025-12-15,M034,18085281
2025-12-15,M035,20035287
2025-12-15,M036,11720124
2025-12-15,M037,13645772
2025-12-15,M038,16724657
2025-12-15,M039,17152031
2025-12-15,M040,14754125
2025-12-15,M041,17345515
2025-12-15,M042,21381935
2025-12-15,M043,18025302
2025-12-15,M044,13711383
2025-12-15,M045,16022946
2025-12-15,M046,18090325
2025-12-15,M047,20633253
2025-12-15,M048,16853328
2025-12-16,M001,7275642
2025-12-16,M002,6618912
2025-12-16,M003,8251422
2025-12-16,M004,7123131
2025-12-16,M005,13483803
2025-12-16,M006,10789410
2025-12-16,M007,13405405
2025-12-16,M008,5742173
2025-12-16,M009,10822464
2025-12-16,M010,8692816
2025-12-16,M011,10079838
2025-12-16,M012,9520027
2025-12-16,M013,15696609
2025-12-16,M014,13028888
2025-12-16,M015,9162337
2025-12-16,M016,7475096
2025-12-16,M017,13658648
2025-12-16,M018,11599916
2025-12-16,M019,13567936
2025-12-16,M020,10799509
2025-12-16,M021,18823390
2025-12-16,M022,10198176
2025-12-16,M023,10875720
2025-12-16,M024,9877530
2025-12-16,M025,18444897
2025-12-16,M026,14043902
2025-12-16,M027,15832084
2025-12-16,M028,12560919
2025-12-16,M029,14890529
2025-12-16,M030,12877326
2025-12-16,M031,15149203
2025-12-16,M032,11147556
2025-12-16,M033,21400300
2025-12-16,M034,15731194
2025-12-16,M035,17951002
2025-12-16,M036,11590974
2025-12-16,M037,16678723
2025-12-16,M038,15407355
2025-12-16,M039,16126392
2025-12-16,M040,13623860
2025-12-16,M041,22305169
2025-12-16,M042,20260886
2025-12-16,M043,15474475
2025-12-16,M044,13663288
2025-12-16,M045,23769462
2025-12-16,M046,15383027
2025-12-16,M047,18459742
2025-12-16,M048,14591704
2025-12-17,M001,6541632
2025-12-17,M002,5498517
2025-12-17,M003,8157974
2025-12-17,M004,9465231
2025-12-17,M005,12121256
2025-12-17,M006,9846960
2025-12-17,M007,13448585
2025-12-17,M008,7756481
2025-12-17,M009,10420500
2025-12-17,M010,6886025
2025-12-17,M011,10259675
2025-12-17,M012,11591823
2025-12-17,M013,16005793
2025-12-17,M014,10929260
2025-12-17,M015,9396310
2025-12-17,M016,10897125
2025-12-17,M017,13779464
2025-12-17,M018,10468107
2025-12-17,M019,13076922
2025-12-17,M020,14314405
2025-12-17,M021,17281971
2025-12-17,M022,9037621
2025-12-17,M023,10820327
2025-12-17,M024,12803425
2025-12-17,M025,16954419
2025-12-17,M026,12927645
2025-12-17,M027,16862903
2025-12-17,M028,17165648
2025-12-17,M029,13461777
2025-12-17,M030,10550118
2025-12-17,M031,14712086
2025-12-17,M032,15519129
2025-12-17,M033,18703204
2025-12-17,M034,13728631
2025-12-17,M035,18652285
2025-12-17,M036,15321102
2025-12-17,M037,15924678
2025-12-17,M038,12382663
2025-12-17,M039,16948638
2025-12-17,M040,17463267
2025-12-17,M041,21237765
2025-12-17,M042,16371656
2025-12-17,M043,16217368
2025-12-17,M044,15925254
2025-12-17,M045,21209346
2025-12-17,M046,15050070
2025-12-17,M047,17633031
2025-12-17,M048,20152197
2025-12-18,M001,3864900
2025-12-18,M002,8250311
2025-12-18,M003,6538277
2025-12-18,M004,12981493
2025-12-18,M005,6411541
2025-12-18,M006,13079436
2025-12-18,M007,11243455
2025-12-18,M008,11067467
2025-12-18,M009,6529926
2025-12-18,M010,10343997
2025-12-18,M011,8779013
2025-12-18,M012,16986130
2025-12-18,M013,8764693
2025-12-18,M014,16916695
2025-12-18,M015,8041200
2025-12-18,M016,15171920
2025-12-18,M017,7742790
2025-12-18,M018,14613700
2025-12-18,M019,10906604
2025-12-18,M020,19819801
2025-12-18,M021,10521964
2025-12-18,M022,11201574
2025-12-18,M023,9890193
2025-12-18,M024,17727775
2025-12-18,M025,9802357
2025-12-18,M026,18128593
2025-12-18,M027,13204256
2025-12-18,M028,21659174
2025-12-18,M029,7394452
2025-12-18,M030,15089425
2025-12-18,M031,12093522
2025-12-18,M032,22793924
2025-12-18,M033,11345706
2025-12-18,M034,20022203
2025-12-18,M035,16633885
2025-12-18,M036,19976764
2025-12-18,M037,9246072
2025-12-18,M038,18551253
2025-12-18,M039,13483372
2025-12-18,M040,26436982
2025-12-18,M041,13372644
2025-12-18,M042,22069797
2025-12-18,M043,12547680
2025-12-18,M044,22123785
2025-12-18,M045,12629510
2025-12-18,M046,19227767
2025-12-18,M047,14853592
2025-12-18,M048,26566187
2025-12-19,M001,4886766
2025-12-19,M002,6946941
2025-12-19,M003,8767491
2025-12-19,M004,7835874
2025-12-19,M005,9209426
2025-12-19,M006,11846693
2025-12-19,M007,14566125
2025-12-19,M008,6656092
2025-12-19,M009,8286632
2025-12-19,M010,10020943
2025-12-19,M011,12330322
2025-12-19,M012,10207782
2025-12-19,M013,11742202
2025-12-19,M014,15673088
2025-12-19,M015,10033686
2025-12-19,M016,8871628
2025-12-19,M017,11463904
2025-12-19,M018,12664709
2025-12-19,M019,14702698
2025-12-19,M020,11005375
2025-12-19,M021,13101969
2025-12-19,M022,11932823
2025-12-19,M023,14176116
2025-12-19,M024,11169909
2025-12-19,M025,12930233
2025-12-19,M026,15218822
2025-12-19,M027,20225793
2025-12-19,M028,12715867
2025-12-19,M029,11250750
2025-12-19,M030,12942134
2025-12-19,M031,16586232
2025-12-19,M032,12267821
2025-12-19,M033,15424199
2025-12-19,M034,17639273
2025-12-19,M035,20565080
2025-12-19,M036,11474262
2025-12-19,M037,13786855
2025-12-19,M038,16153559
2025-12-19,M039,18819773
2025-12-19,M040,15548206
2025-12-19,M041,18416111
2025-12-19,M042,21838808
2025-12-19,M043,16635575
2025-12-19,M044,13979148
2025-12-19,M045,17094501
2025-12-19,M046,19494490
2025-12-19,M047,22057553
2025-12-19,M048,17942708
2025-12-20,M001,6502994
2025-12-20,M002,5973029
2025-12-20,M003,7699095
2025-12-20,M004,6623761
2025-12-20,M005,10531275
2025-12-20,M006,10272738
2025-12-20,M007,10994730
2025-12-20,M008,5457751
2025-12-20,M009,10333274
2025-12-20,M010,8086996
2025-12-20,M011,8765355
2025-12-20,M012,7999989
2025-12-20,M013,14535842
2025-12-20,M014,12355075
2025-12-20,M015,8137625
2025-12-20,M016,7254235
2025-12-20,M017,13229203
2025-12-20,M018,10260845
2025-12-20,M019,11442498
2025-12-20,M020,10113734
2025-12-20,M021,16484421
2025-12-20,M022,9252173
2025-12-20,M023,9914529
2025-12-20,M024,8874144
2025-12-20,M025,14642815
2025-12-20,M026,12893556
2025-12-20,M027,15981610
2025-12-20,M028,10350171
2025-12-20,M029,13675615
2025-12-20,M030,11107365
2025-12-20,M031,13443062
2025-12-20,M032,11389402
2025-12-20,M033,19023168
2025-12-20,M034,14851778
2025-12-20,M035,15884158
2025-12-20,M036,9742230
2025-12-20,M037,14755187
2025-12-20,M038,13968421
2025-12-20,M039,15581688
2025-12-20,M040,12443678
2025-12-20,M041,22212999
2025-12-20,M042,18275552
2025-12-20,M043,14889521
2025-12-20,M044,11676727
2025-12-20,M045,19067340
2025-12-20,M046,15105879
2025-12-20,M047,18005363
2025-12-20,M048,12834901
2025-12-21,M001,5993804
2025-12-21,M002,5193980
2025-12-21,M003,7002694
2025-12-21,M004,7683479
2025-12-21,M005,11937083
2025-12-21,M006,8625865
2025-12-21,M007,11603717
2025-12-21,M008,6904397
2025-12-21,M009,9369622
2025-12-21,M010,6583329
2025-12-21,M011,9875689
2025-12-21,M012,10957122
2025-12-21,M013,14865553
2025-12-21,M014,9931263
2025-12-21,M015,8501142
2025-12-21,M016,9101723
2025-12-21,M017,11734919
2025-12-21,M018,9021122
2025-12-21,M019,10826006
2025-12-21,M020,13203356
2025-12-21,M021,17227949
2025-12-21,M022,7809962
2025-12-21,M023,9879051
2025-12-21,M024,11836968
2025-12-21,M025,15043691
2025-12-21,M026,11992994
2025-12-21,M027,15764505
2025-12-21,M028,14242148
2025-12-21,M029,11781558
2025-12-21,M030,8721479
2025-12-21,M031,13494106
2025-12-21,M032,14038194
2025-12-21,M033,19173968
2025-12-21,M034,13026180
2025-12-21,M035,16986170
2025-12-21,M036,12125936
2025-12-21,M037,16179425
2025-12-21,M038,10705093
2025-12-21,M039,15761776
2025-12-21,M040,16832256
2025-12-21,M041,19228741
2025-12-21,M042,15184519
2025-12-21,M043,13073521
2025-12-21,M044,14596807
2025-12-21,M045,21137482
2025-12-21,M046,11885854
2025-12-21,M047,16788143
2025-12-21,M048,17474412
2025-12-22,M001,3862384
2025-12-22,M002,7845906
2025-12-22,M003,6080783
2025-12-22,M004,12616202
2025-12-22,M005,7329516
2025-12-22,M006,12170449
2025-12-22,M007,10137746
2025-12-22,M008,11038469
2025-12-22,M009,5738278
2025-12-22,M010,10601141
2025-12-22,M011,8139971
2025-12-22,M012,15706468
2025-12-22,M013,8994854
2025-12-22,M014,16374644
2025-12-22,M015,7132542
2025-12-22,M016,15162309
2025-12-22,M017,7624723
2025-12-22,M018,15579733
2025-12-22,M019,10308431
2025-12-22,M020,19851516
2025-12-22,M021,9496131
2025-12-22,M022,12949301
2025-12-22,M023,9968697
2025-12-22,M024,19412893
2025-12-22,M025,10116946
2025-12-22,M026,17014708
2025-12-22,M027,13722278
2025-12-22,M028,21654069
2025-12-22,M029,7801529
2025-12-22,M030,15701916
2025-12-22,M031,12381996
2025-12-22,M032,22827239
2025-12-22,M033,11534012
2025-12-22,M034,19330600
2025-12-22,M035,15548556
2025-12-22,M036,20998743
2025-12-22,M037,8715634
2025-12-22,M038,17031971
2025-12-22,M039,14455794
2025-12-22,M040,25887162
2025-12-22,M041,11965501
2025-12-22,M042,23828721
2025-12-22,M043,13095398
2025-12-22,M044,22306172
2025-12-22,M045,11491570
2025-12-22,M046,20313517
2025-12-22,M047,16571955
2025-12-22,M048,25723752
2025-12-23,M001,4993172
2025-12-23,M002,6761920
2025-12-23,M003,8511177
2025-12-23,M004,7451667
2025-12-23,M005,8875309
2025-12-23,M006,13031601
2025-12-23,M007,13940475
2025-12-23,M008,6442874
2025-12-23,M009,8151142
2025-12-23,M010,9850417
2025-12-23,M011,12072181
2025-12-23,M012,10564580
2025-12-23,M013,12501853
2025-12-23,M014,15506898
2025-12-23,M015,11018911
2025-12-23,M016,9222302
2025-12-23,M017,10922723
2025-12-23,M018,14030845
2025-12-23,M019,14245568
2025-12-23,M020,11549827
2025-12-23,M021,14959759
2025-12-23,M022,10899733
2025-12-23,M023,13231637
2025-12-23,M024,11200472
2025-12-23,M025,12819562
2025-12-23,M026,17472460
2025-12-23,M027,18143279
2025-12-23,M028,13679685
2025-12-23,M029,9968995
2025-12-23,M030,13146948
2025-12-23,M031,16659825
2025-12-23,M032,13999031
2025-12-23,M033,15932035
2025-12-23,M034,17661907
2025-12-23,M035,20324223
2025-12-23,M036,11843125
2025-12-23,M037,12556379
2025-12-23,M038,16593174
2025-12-23,M039,17111238
2025-12-23,M040,15748108
2025-12-23,M041,18918213
2025-12-23,M042,22979657
2025-12-23,M043,16270439
2025-12-23,M044,15074145
2025-12-23,M045,15816041
2025-12-23,M046,18147506
2025-12-23,M047,22454305
2025-12-23,M048,17167206
2025-12-24,M001,7528632
2025-12-24,M002,6560823
2025-12-24,M003,7423926
2025-12-24,M004,7236582
2025-12-24,M005,11842856
2025-12-24,M006,10327689
2025-12-24,M007,13415395
2025-12-24,M008,5980029
2025-12-24,M009,10645732
2025-12-24,M010,8468554
2025-12-24,M011,10343103
2025-12-24,M012,8376215
2025-12-24,M013,16073268
2025-12-24,M014,13381300
2025-12-24,M015,9883754
2025-12-24,M016,7704255
2025-12-24,M017,15122965
2025-12-24,M018,12155208
2025-12-24,M019,13141911
2025-12-24,M020,11245723
2025-12-24,M021,17027448
2025-12-24,M022,9164786
2025-12-24,M023,12446032
2025-12-24,M024,9376128
2025-12-24,M025,16336797
2025-12-24,M026,15552521
2025-12-24,M027,16911476
2025-12-24,M028,12385937
2025-12-24,M029,13766242
2025-12-24,M030,12557209
2025-12-24,M031,13392781
2025-12-24,M032,11510827
2025-12-24,M033,21902227
2025-12-24,M034,17126164
2025-12-24,M035,19283452
2025-12-24,M036,10861243
2025-12-24,M037,17085241
2025-12-24,M038,14338164
2025-12-24,M039,16536105
2025-12-24,M040,13956799
2025-12-24,M041,22818803
2025-12-24,M042,19074790
2025-12-24,M043,16477703
2025-12-24,M044,13254288
2025-12-24,M045,21734167
2025-12-24,M046,15489192
2025-12-24,M047,18556484
2025-12-24,M048,15344126
2025-12-25,M001,7252756
2025-12-25,M002,5225171
2025-12-25,M003,8339247
2025-12-25,M004,9133296
2025-12-25,M005,13157607
2025-12-25,M006,8922343
2025-12-25,M007,11905892
2025-12-25,M008,7307822
2025-12-25,M009,11274033
2025-12-25,M010,7070965
2025-12-25,M011,10919948
2025-12-25,M012,12165837
2025-12-25,M013,16128290
2025-12-25,M014,11298426
2025-12-25,M015,8530725
2025-12-25,M016,11034230
2025-12-25,M017,14853955
2025-12-25,M018,9919857
2025-12-25,M019,12433181
2025-12-25,M020,13246293
2025-12-25,M021,19014276
2025-12-25,M022,8055596
2025-12-25,M023,11135411
2025-12-25,M024,12877761
2025-12-25,M025,16598545
2025-12-25,M026,11448491
2025-12-25,M027,17151024
2025-12-25,M028,15546518
2025-12-25,M029,15102687
2025-12-25,M030,10846449
2025-12-25,M031,14589365
2025-12-25,M032,15958621
2025-12-25,M033,20233790
2025-12-25,M034,15453563
2025-12-25,M035,20413371
2025-12-25,M036,13174994
2025-12-25,M037,15864900
2025-12-25,M038,11329438
2025-12-25,M039,16367026
2025-12-25,M040,17597569
2025-12-25,M041,21689110
2025-12-25,M042,15588985
2025-12-25,M043,15251314
2025-12-25,M044,15697385
2025-12-25,M045,20322213
2025-12-25,M046,14010268
2025-12-25,M047,18772177
2025-12-25,M048,20662611
2025-12-26,M001,3902202
2025-12-26,M002,7933912
2025-12-26,M003,7120602
2025-12-26,M004,13132047
2025-12-26,M005,6521827
2025-12-26,M006,13481170
2025-12-26,M007,10713693
2025-12-26,M008,10168967
2025-12-26,M009,6480995
2025-12-26,M010,9854280
2025-12-26,M011,8218540
2025-12-26,M012,15828167
2025-12-26,M013,8554801
2025-12-26,M014,16204455
2025-12-26,M015,7704734
2025-12-26,M016,14883650
2025-12-26,M017,8426142
2025-12-26,M018,14080211
2025-12-26,M019,10878504
2025-12-26,M020,18271772
2025-12-26,M021,9844757
2025-12-26,M022,12271517
2025-12-26,M023,9296337
2025-12-26,M024,18220832
2025-12-26,M025,8802992
2025-12-26,M026,18190038
2025-12-26,M027,13224464
2025-12-26,M028,21281179
2025-12-26,M029,7888939
2025-12-26,M030,14378115
2025-12-26,M031,10805550
2025-12-26,M032,21163212
2025-12-26,M033,11428826
2025-12-26,M034,19124218
2025-12-26,M035,15276655
2025-12-26,M036,20881265
2025-12-26,M037,8765578
2025-12-26,M038,17768828
2025-12-26,M039,14682975
2025-12-26,M040,23081921
2025-12-26,M041,13193645
2025-12-26,M042,24265711
2025-12-26,M043,13729413
2025-12-26,M044,22326273
2025-12-26,M045,12265212
2025-12-26,M046,19007091
2025-12-26,M047,16607255
2025-12-26,M048,29119393
2025-12-27,M001,5077852
2025-12-27,M002,6440439
2025-12-27,M003,8602573
2025-12-27,M004,6710779
2025-12-27,M005,9049984
2025-12-27,M006,11652683
2025-12-27,M007,12072376
2025-12-27,M008,6415929
2025-12-27,M009,7967616
2025-12-27,M010,9124442
2025-12-27,M011,9886149
2025-12-27,M012,8617347
2025-12-27,M013,10964741
2025-12-27,M014,13613165
2025-12-27,M015,9855214
2025-12-27,M016,7471711
2025-12-27,M017,9660560
2025-12-27,M018,12609189
2025-12-27,M019,12647241
2025-12-27,M020,10805134
2025-12-27,M021,13486261
2025-12-27,M022,9455083
2025-12-27,M023,11925607
2025-12-27,M024,9766674
2025-12-27,M025,11676605
2025-12-27,M026,14258236
2025-12-27,M027,17568104
2025-12-27,M028,11669556
2025-12-27,M029,9548064
2025-12-27,M030,11463547
2025-12-27,M031,13232086
2025-12-27,M032,11266151
2025-12-27,M033,14433371
2025-12-27,M034,15758194
2025-12-27,M035,20505028
2025-12-27,M036,10730789
2025-12-27,M037,11969812
2025-12-27,M038,15570843
2025-12-27,M039,17723256
2025-12-27,M040,14138532
2025-12-27,M041,15934558
2025-12-27,M042,18108222
2025-12-27,M043,15786728
2025-12-27,M044,13772547
2025-12-27,M045,14631089
2025-12-27,M046,16637572
2025-12-27,M047,18346847
2025-12-27,M048,15122357
2025-12-28,M001,6534039
2025-12-28,M002,5972393
2025-12-28,M003,6848401
2025-12-28,M004,6091365
2025-12-28,M005,10749223
2025-12-28,M006,10522465
2025-12-28,M007,11228339
2025-12-28,M008,5440923
2025-12-28,M009,10147297
2025-12-28,M010,7388576
2025-12-28,M011,8998641
2025-12-28,M012,7670533
2025-12-28,M013,14252253
2025-12-28,M014,11542175
2025-12-28,M015,7663646
2025-12-28,M016,7056738
2025-12-28,M017,12054674
2025-12-28,M018,11645075
2025-12-28,M019,11682667
2025-12-28,M020,9336047
2025-12-28,M021,16466667
2025-12-28,M022,9280480
2025-12-28,M023,11119206
2025-12-28,M024,8421451
2025-12-28,M025,16063612
2025-12-28,M026,13908396
2025-12-28,M027,15958067
2025-12-28,M028,12010809
2025-12-28,M029,12962894
2025-12-28,M030,10595021
2025-12-28,M031,13049994
2025-12-28,M032,10054745
2025-12-28,M033,17003351
2025-12-28,M034,15457216
2025-12-28,M035,16309812
2025-12-28,M036,9478760
2025-12-28,M037,16170969
2025-12-28,M038,13373434
2025-12-28,M039,14993611
2025-12-28,M040,13005381
2025-12-28,M041,20307340
2025-12-28,M042,16750517
2025-12-28,M043,13399042
2025-12-28,M044,11067050
2025-12-28,M045,21530898
2025-12-28,M046,13858770
2025-12-28,M047,16782616
2025-12-28,M048,13739241
2025-12-29,M001,7161847
2025-12-29,M002,5837391
2025-12-29,M003,7394616
2025-12-29,M004,8625182
2025-12-29,M005,13212537
2025-12-29,M006,9828317
2025-12-29,M007,12342943
2025-12-29,M008,7969580
2025-12-29,M009,11808071
2025-12-29,M010,7922011
2025-12-29,M011,10735408
2025-12-29,M012,11060940
2025-12-29,M013,16324385
2025-12-29,M014,11522041
2025-12-29,M015,9681118
2025-12-29,M016,10094183
2025-12-29,M017,13333198
2025-12-29,M018,10983959
2025-12-29,M019,13020090
2025-12-29,M020,12858612
2025-12-29,M021,17307927
2025-12-29,M022,7803362
2025-12-29,M023,11919589
2025-12-29,M024,12615404
2025-12-29,M025,16660597
2025-12-29,M026,13210046
2025-12-29,M027,17114780
2025-12-29,M028,16771152
2025-12-29,M029,13724387
2025-12-29,M030,10622412
2025-12-29,M031,14756465
2025-12-29,M032,16051841
2025-12-29,M033,21416497
2025-12-29,M034,13821541
2025-12-29,M035,17477516
2025-12-29,M036,14053256
2025-12-29,M037,16740860
2025-12-29,M038,12103567
2025-12-29,M039,15539373
2025-12-29,M040,18374158
2025-12-29,M041,21258242
2025-12-29,M042,15733511
2025-12-29,M043,15535487
2025-12-29,M044,15508051
2025-12-29,M045,20886985
2025-12-29,M046,14456801
2025-12-29,M047,19734505
2025-12-29,M048,19962780
2025-12-30,M001,3882900
2025-12-30,M002,7781157
2025-12-30,M003,6305175
2025-12-30,M004,13232550
2025-12-30,M005,6546767
2025-12-30,M006,12716241
2025-12-30,M007,9728437
2025-12-30,M008,10498242
2025-12-30,M009,6144992
2025-12-30,M010,10631617
2025-12-30,M011,8202116
2025-12-30,M012,15068494
2025-12-30,M013,7996057
2025-12-30,M014,14936621
2025-12-30,M015,7563294
2025-12-30,M016,13494873
2025-12-30,M017,7683761
2025-12-30,M018,14713490
2025-12-30,M019,10063874
2025-12-30,M020,18899368
2025-12-30,M021,9705606
2025-12-30,M022,12049925
2025-12-30,M023,10403148
2025-12-30,M024,17561749
2025-12-30,M025,8829665
2025-12-30,M026,17828683
2025-12-30,M027,14260226
2025-12-30,M028,24040595
2025-12-30,M029,8187049
2025-12-30,M030,15205108
2025-12-30,M031,10950016
2025-12-30,M032,19769046
2025-12-30,M033,11664251
2025-12-30,M034,19168428
2025-12-30,M035,17244174
2025-12-30,M036,21691433
2025-12-30,M037,9775232
2025-12-30,M038,16555896
2025-12-30,M039,13987937
2025-12-30,M040,23395472
2025-12-30,M041,12454948
2025-12-30,M042,22869721
2025-12-30,M043,12220566
2025-12-30,M044,25102638
2025-12-30,M045,13051684
2025-12-30,M046,19508461
2025-12-30,M047,14724206
2025-12-30,M048,26456365
2025-12-31,M001,5430721
2025-12-31,M002,6690328
2025-12-31,M003,9664830
2025-12-31,M004,7989968
2025-12-31,M005,10092057
2025-12-31,M006,11632686
2025-12-31,M007,15305824
2025-12-31,M008,6250455
2025-12-31,M009,8237810
2025-12-31,M010,10171912
2025-12-31,M011,11051256
2025-12-31,M012,10403449
2025-12-31,M013,12521197
2025-12-31,M014,15569269
2025-12-31,M015,10495304
2025-12-31,M016,8716665
2025-12-31,M017,10296842
2025-12-31,M018,14506134
2025-12-31,M019,14958240
2025-12-31,M020,11416495
2025-12-31,M021,14878644
2025-12-31,M022,11048431
2025-12-31,M023,13700202
2025-12-31,M024,10624518
2025-12-31,M025,12193664
2025-12-31,M026,16123248
2025-12-31,M027,20052662
2025-12-31,M028,14326679
2025-12-31,M029,11465614
2025-12-31,M030,14346851
2025-12-31,M031,16336500
2025-12-31,M032,12331593
2025-12-31,M033,14742115
2025-12-31,M034,18788663
2025-12-31,M035,20400805
2025-12-31,M036,12574304
2025-12-31,M037,13588804
2025-12-31,M038,17263867
2025-12-31,M039,19777124
2025-12-31,M040,15333400
2025-12-31,M041,18660418
2025-12-31,M042,20457368
2025-12-31,M043,17690564
2025-12-31,M044,14400545
2025-12-31,M045,17340371
2025-12-31,M046,19716149
2025-12-31,M047,20956493
2025-12-31,M048,16742576
2026-01-01,M001,8344224
2026-01-01,M002,5741592
2026-01-01,M003,8465491
2026-01-01,M004,10529794
2026-01-01,M005,14298190
2026-01-01,M006,10908781
2026-01-01,M007,14033285
2026-01-01,M008,8944001
2026-01-01,M009,11725700
2026-01-01,M010,8696353
2026-01-01,M011,12059224
2026-01-01,M012,13689243
2026-01-01,M013,18291157
2026-01-01,M014,11745851
2026-01-01,M015,10145190
2026-01-01,M016,10910145
2026-01-01,M017,15681285
2026-01-01,M018,12009243
2026-01-01,M019,13006158
2026-01-01,M020,14993275
2026-01-01,M021,18929409
2026-01-01,M022,10099147
2026-01-01,M023,13916777
2026-01-01,M024,14604176
2026-01-01,M025,17899684
2026-01-01,M026,13861730
2026-01-01,M027,17315514
2026-01-01,M028,18147145
2026-01-01,M029,15267389
2026-01-01,M030,11755848
2026-01-01,M031,14902628
2026-01-01,M032,17009817
2026-01-01,M033,22675628
2026-01-01,M034,15645091
2026-01-01,M035,20568167
2026-01-01,M036,15515826
2026-01-01,M037,19906065
2026-01-01,M038,14417957
2026-01-01,M039,18803949
2026-01-01,M040,21155976
2026-01-01,M041,27174424
2026-01-01,M042,17530599
2026-01-01,M043,16191318
2026-01-01,M044,19236216
2026-01-01,M045,25285403
2026-01-01,M046,15230465
2026-01-01,M047,21072052
2026-01-01,M048,20727744
2026-01-02,M001,4297934
2026-01-02,M002,8795039
2026-01-02,M003,7252617
2026-01-02,M004,14812571
2026-01-02,M005,7426463
2026-01-02,M006,13595948
2026-01-02,M007,12575148
2026-01-02,M008,13197380
2026-01-02,M009,7206096
2026-01-02,M010,11877276
2026-01-02,M011,10282873
2026-01-02,M012,18426927
2026-01-02,M013,9905191
2026-01-02,M014,19302904
2026-01-02,M015,9159526
2026-01-02,M016,15379103
2026-01-02,M017,8435598
2026-01-02,M018,15872547
2026-01-02,M019,11390645
2026-01-02,M020,21622367
2026-01-02,M021,11658340
2026-01-02,M022,13238859
2026-01-02,M023,10178830
2026-01-02,M024,20660493
2026-01-02,M025,10375263
2026-01-02,M026,20247769
2026-01-02,M027,16388730
2026-01-02,M028,25873587
2026-01-02,M029,8557442
2026-01-02,M030,16666430
2026-01-02,M031,12366013
2026-01-02,M032,22424645
2026-01-02,M033,11676837
2026-01-02,M034,23729685
2026-01-02,M035,18385900
2026-01-02,M036,21191106
2026-01-02,M037,11153295
2026-01-02,M038,18270298
2026-01-02,M039,16263895
2026-01-02,M040,28002927
2026-01-02,M041,13894108
2026-01-02,M042,27337859
2026-01-02,M043,13988923
2026-01-02,M044,24770960
2026-01-02,M045,14730736
2026-01-02,M046,22301151
2026-01-02,M047,16476873
2026-01-02,M048,31294999
2026-01-03,M001,5461648
2026-01-03,M002,7862585
2026-01-03,M003,9468409
2026-01-03,M004,8511651
2026-01-03,M005,10059085
2026-01-03,M006,12325145
2026-01-03,M007,13464756
2026-01-03,M008,7144479
2026-01-03,M009,8526929
2026-01-03,M010,10241841
2026-01-03,M011,11844246
2026-01-03,M012,9905505
2026-01-03,M013,12065905
2026-01-03,M014,15029124
2026-01-03,M015,10573396
2026-01-03,M016,8382248
2026-01-03,M017,11734515
2026-01-03,M018,13405464
2026-01-03,M019,15607798
2026-01-03,M020,12191249
2026-01-03,M021,14852037
2026-01-03,M022,10816972
2026-01-03,M023,13623452
2026-01-03,M024,11227236
2026-01-03,M025,12579884
2026-01-03,M026,16248756
2026-01-03,M027,19451786
2026-01-03,M028,13686361
2026-01-03,M029,11686416
2026-01-03,M030,13319490
2026-01-03,M031,17192702
2026-01-03,M032,13532241
2026-01-03,M033,15761642
2026-01-03,M034,17721897
2026-01-03,M035,20853842
2026-01-03,M036,12900028
2026-01-03,M037,13457947
2026-01-03,M038,15335641
2026-01-03,M039,19042317
2026-01-03,M040,15839694
2026-01-03,M041,17403120
2026-01-03,M042,20319175
2026-01-03,M043,18116457
2026-01-03,M044,13571844
2026-01-03,M045,17801525
2026-01-03,M046,18493003
2026-01-03,M047,22816014
2026-01-03,M048,16674147
2026-01-04,M001,7652025
2026-01-04,M002,6509715
2026-01-04,M003,8511810
2026-01-04,M004,7174760
2026-01-04,M005,12234134
2026-01-04,M006,10924609
2026-01-04,M007,13057627
2026-01-04,M008,6309416
2026-01-04,M009,12144733
2026-01-04,M010,8219717
2026-01-04,M011,11198038
2026-01-04,M012,9455498
2026-01-04,M013,15258941
2026-01-04,M014,13360126
2026-01-04,M015,9530738
2026-01-04,M016,8497362
2026-01-04,M017,14957291
2026-01-04,M018,12247149
2026-01-04,M019,12282053
2026-01-04,M020,11016898
2026-01-04,M021,18737259
2026-01-04,M022,10643427
2026-01-04,M023,12743919
2026-01-04,M024,10845946
2026-01-04,M025,17970837
2026-01-04,M026,13993874
2026-01-04,M027,18167323
2026-01-04,M028,13394718
2026-01-04,M029,14461784
2026-01-04,M030,11952900
2026-01-04,M031,15216070
2026-01-04,M032,12955683
2026-01-04,M033,20541594
2026-01-04,M034,16438342
2026-01-04,M035,19634937
2026-01-04,M036,11431186
2026-01-04,M037,16596464
2026-01-04,M038,15747621
2026-01-04,M039,17296670
2026-01-04,M040,14703848
2026-01-04,M041,24358155
2026-01-04,M042,18457391
2026-01-04,M043,15331020
2026-01-04,M044,13947418
2026-01-04,M045,24140732
2026-01-04,M046,17535665
2026-01-04,M047,18181887
2026-01-04,M048,14853268
2026-01-05,M001,7836264
2026-01-05,M002,5721505
2026-01-05,M003,9374756
2026-01-05,M004,9389630
2026-01-05,M005,13865259
2026-01-05,M006,9771322
2026-01-05,M007,13506092
2026-01-05,M008,9195747
2026-01-05,M009,11865029
2026-01-05,M010,8548483
2026-01-05,M011,11730001
2026-01-05,M012,13575324
2026-01-05,M013,16802164
2026-01-05,M014,12464679
2026-01-05,M015,10138813
2026-01-05,M016,12234276
2026-01-05,M017,16993800
2026-01-05,M018,11659290
2026-01-05,M019,14073543
2026-01-05,M020,16117814
2026-01-05,M021,21888989
2026-01-05,M022,10001824
2026-01-05,M023,13515006
2026-01-05,M024,13561569
2026-01-05,M025,18655665
2026-01-05,M026,14610024
2026-01-05,M027,19947755
2026-01-05,M028,16779497
2026-01-05,M029,15348567
2026-01-05,M030,11916208
2026-01-05,M031,14819385
2026-01-05,M032,16619177
2026-01-05,M033,21693857
2026-01-05,M034,16355001
2026-01-05,M035,20296751
2026-01-05,M036,16034136
2026-01-05,M037,18862694
2026-01-05,M038,14176488
2026-01-05,M039,17412139
2026-01-05,M040,19026438
2026-01-05,M041,23931637
2026-01-05,M042,17738695
2026-01-05,M043,16641030
2026-01-05,M044,18727497
2026-01-05,M045,23113713
2026-01-05,M046,15398771
2026-01-05,M047,21218111
2026-01-05,M048,20598201
2026-01-06,M001,4007823
2026-01-06,M002,9212257
2026-01-06,M003,6999327
2026-01-06,M004,13154327
2026-01-06,M005,8245981
2026-01-06,M006,13649789
2026-01-06,M007,12640407
2026-01-06,M008,12589560
2026-01-06,M009,6631325
2026-01-06,M010,12070472
2026-01-06,M011,9331805
2026-01-06,M012,19426860
2026-01-06,M013,8873300
2026-01-06,M014,17013033
2026-01-06,M015,7978167
2026-01-06,M016,16878880
2026-01-06,M017,8411258
2026-01-06,M018,16579713
2026-01-06,M019,12108552
2026-01-06,M020,21505131
2026-01-06,M021,11846873
2026-01-06,M022,13213752
2026-01-06,M023,10445559
2026-01-06,M024,21274697
2026-01-06,M025,10374811
2026-01-06,M026,20832335
2026-01-06,M027,16556711
2026-01-06,M028,24152952
2026-01-06,M029,9446590
2026-01-06,M030,17713114
2026-01-06,M031,12680826
2026-01-06,M032,25691916
2026-01-06,M033,13303039
2026-01-06,M034,23265564
2026-01-06,M035,18770107
2026-01-06,M036,23770147
2026-01-06,M037,10252736
2026-01-06,M038,19780783
2026-01-06,M039,14824221
2026-01-06,M040,26885126
2026-01-06,M041,13573730
2026-01-06,M042,26301346
2026-01-06,M043,14141954
2026-01-06,M044,25248838
2026-01-06,M045,14162854
2026-01-06,M046,21745819
2026-01-06,M047,17053097
2026-01-06,M048,31058298
2026-01-07,M001,5788753
2026-01-07,M002,7894994
2026-01-07,M003,9698341
2026-01-07,M004,9284673
2026-01-07,M005,10175828
2026-01-07,M006,12987876
2026-01-07,M007,15892331
2026-01-07,M008,7562560
2026-01-07,M009,9112986
2026-01-07,M010,10110497
2026-01-07,M011,12726349
2026-01-07,M012,11957688
2026-01-07,M013,14005232
2026-01-07,M014,16842708
2026-01-07,M015,10885158
2026-01-07,M016,9879126
2026-01-07,M017,11753405
2026-01-07,M018,14949943
2026-01-07,M019,15367280
2026-01-07,M020,12511484
2026-01-07,M021,15004289
2026-01-07,M022,11908506
2026-01-07,M023,13744355
2026-01-07,M024,12899512
2026-01-07,M025,13704225
2026-01-07,M026,19752751
2026-01-07,M027,22699905
2026-01-07,M028,16419469
2026-01-07,M029,11412819
2026-01-07,M030,15896326
2026-01-07,M031,18066237
2026-01-07,M032,14563573
2026-01-07,M033,18517263
2026-01-07,M034,21230656
2026-01-07,M035,25782628
2026-01-07,M036,13975812
2026-01-07,M037,14319025
2026-01-07,M038,17996141
2026-01-07,M039,19880727
2026-01-07,M040,16018171
2026-01-07,M041,21175129
2026-01-07,M042,23183304
2026-01-07,M043,18392830
2026-01-07,M044,15245099
2026-01-07,M045,18678382
2026-01-07,M046,21904963
2026-01-07,M047,22500967
2026-01-07,M048,18312906
2026-01-08,M001,7871050
2026-01-08,M002,7801091
2026-01-08,M003,9097119
2026-01-08,M004,7496930
2026-01-08,M005,14895702
2026-01-08,M006,11861715
2026-01-08,M007,14247208
2026-01-08,M008,6487016
2026-01-08,M009,11849819
2026-01-08,M010,10311901
2026-01-08,M011,12040437
2026-01-08,M012,9928989
2026-01-08,M013,16347107
2026-01-08,M014,15475485
2026-01-08,M015,10264537
2026-01-08,M016,9110778
2026-01-08,M017,15873934
2026-01-08,M018,14549458
2026-01-08,M019,15046562
2026-01-08,M020,11789904
2026-01-08,M021,22176024
2026-01-08,M022,11393528
2026-01-08,M023,13803518
2026-01-08,M024,11775686
2026-01-08,M025,18734240
2026-01-08,M026,17562027
2026-01-08,M027,19868626
2026-01-08,M028,14744945
2026-01-08,M029,16106248
2026-01-08,M030,13497864
2026-01-08,M031,16481977
2026-01-08,M032,12420842
2026-01-08,M033,23738503
2026-01-08,M034,19522205
2026-01-08,M035,21961468
2026-01-08,M036,13338801
2026-01-08,M037,18751606
2026-01-08,M038,15525028
2026-01-08,M039,17471687
2026-01-08,M040,15088138
2026-01-08,M041,24789359
2026-01-08,M042,22188991
2026-01-08,M043,17655998
2026-01-08,M044,15784022
2026-01-08,M045,24194030
2026-01-08,M046,18161893
2026-01-08,M047,19490418
2026-01-08,M048,18234339
2026-01-09,M001,8151232
2026-01-09,M002,6047932
2026-01-09,M003,9007167
2026-01-09,M004,10298500
2026-01-09,M005,13613630
2026-01-09,M006,10846476
2026-01-09,M007,15000083
2026-01-09,M008,8613168
2026-01-09,M009,11539799
2026-01-09,M010,8272478
2026-01-09,M011,11714903
2026-01-09,M012,13348778
2026-01-09,M013,17117837
2026-01-09,M014,11580438
2026-01-09,M015,10174152
2026-01-09,M016,11919869
2026-01-09,M017,16546136
2026-01-09,M018,11369536
2026-01-09,M019,14756990
2026-01-09,M020,16311473
2026-01-09,M021,21610193
2026-01-09,M022,9736241
2026-01-09,M023,13425419
2026-01-09,M024,14289485
2026-01-09,M025,18453444
2026-01-09,M026,13255796
2026-01-09,M027,18429235
2026-01-09,M028,17652540
2026-01-09,M029,16851237
2026-01-09,M030,10905042
2026-01-09,M031,15700422
2026-01-09,M032,16386440
2026-01-09,M033,23126497
2026-01-09,M034,15148299
2026-01-09,M035,22845271
2026-01-09,M036,15153433
2026-01-09,M037,17674957
2026-01-09,M038,14114370
2026-01-09,M039,19271690
2026-01-09,M040,20410039
2026-01-09,M041,27338114
2026-01-09,M042,17487941
2026-01-09,M043,16232026
2026-01-09,M044,17875172
2026-01-09,M045,26444324
2026-01-09,M046,14745040
2026-01-09,M047,20700159
2026-01-09,M048,23775232
2026-01-10,M001,4220900
2026-01-10,M002,8171654
2026-01-10,M003,6437324
2026-01-10,M004,12083705
2026-01-10,M005,7159403
2026-01-10,M006,13592187
2026-01-10,M007,11365912
2026-01-10,M008,11570473
2026-01-10,M009,6509091
2026-01-10,M010,10774302
2026-01-10,M011,9213163
2026-01-10,M012,15609513
2026-01-10,M013,9320406
2026-01-10,M014,17304236
2026-01-10,M015,8130141
2026-01-10,M016,14820709
2026-01-10,M017,7464816
2026-01-10,M018,15667341
2026-01-10,M019,11290187
2026-01-10,M020,19388390
2026-01-10,M021,10447644
2026-01-10,M022,11391367
2026-01-10,M023,10635031
2026-01-10,M024,18265861
2026-01-10,M025,9861860
2026-01-10,M026,18275060
2026-01-10,M027,14270512
2026-01-10,M028,21814732
2026-01-10,M029,7447422
2026-01-10,M030,16048831
2026-01-10,M031,12496379
2026-01-10,M032,20629729
2026-01-10,M033,10869170
2026-01-10,M034,21586343
2026-01-10,M035,16304872
2026-01-10,M036,21374428
2026-01-10,M037,8897732
2026-01-10,M038,18360868
2026-01-10,M039,14357030
2026-01-10,M040,26915103
2026-01-10,M041,12535675
2026-01-10,M042,24089303
2026-01-10,M043,12464960
2026-01-10,M044,22451766
2026-01-10,M045,13437221
2026-01-10,M046,19069864
2026-01-10,M047,14757045
2026-01-10,M048,27122789
2026-01-11,M001,5671017
2026-01-11,M002,6795652
2026-01-11,M003,8891181
2026-01-11,M004,7471521
2026-01-11,M005,9927676
2026-01-11,M006,12627463
2026-01-11,M007,13891590
2026-01-11,M008,6429440
2026-01-11,M009,8118190
2026-01-11,M010,10495750
2026-01-11,M011,12439798
2026-01-11,M012,10569866
2026-01-11,M013,12123531
2026-01-11,M014,15878758
2026-01-11,M015,10753005
2026-01-11,M016,9656453
2026-01-11,M017,10948157
2026-01-11,M018,12897988
2026-01-11,M019,13735544
2026-01-11,M020,11520277
2026-01-11,M021,13910613
2026-01-11,M022,12001579
2026-01-11,M023,13826339
2026-01-11,M024,10960588
2026-01-11,M025,14257485
2026-01-11,M026,15888188
2026-01-11,M027,19109372
2026-01-11,M028,14407002
2026-01-11,M029,11794578
2026-01-11,M030,14816891
2026-01-11,M031,16430039
2026-01-11,M032,13102232
2026-01-11,M033,15579644
2026-01-11,M034,18167779
2026-01-11,M035,21627717
2026-01-11,M036,11776807
2026-01-11,M037,12354094
2026-01-11,M038,15174770
2026-01-11,M039,19748078
2026-01-11,M040,16061294
2026-01-11,M041,18651924
2026-01-11,M042,21126191
2026-01-11,M043,18862511
2026-01-11,M044,14627916
2026-01-11,M045,17610938
2026-01-11,M046,18574263
2026-01-11,M047,22104639
2026-01-11,M048,18444947
2026-01-12,M001,7495694
2026-01-12,M002,6726430
2026-01-12,M003,9298515
2026-01-12,M004,7888341
2026-01-12,M005,14488803
2026-01-12,M006,12580690
2026-01-12,M007,14658079
2026-01-12,M008,6359431
2026-01-12,M009,11655865
2026-01-12,M010,10017129
2026-01-12,M011,11464353
2026-01-12,M012,9845545
2026-01-12,M013,18493786
2026-01-12,M014,14834475
2026-01-12,M015,9664661
2026-01-12,M016,8551528
2026-01-12,M017,17248629
2026-01-12,M018,14133014
2026-01-12,M019,13676345
2026-01-12,M020,11753127
2026-01-12,M021,20524194
2026-01-12,M022,11931415
2026-01-12,M023,13312993
2026-01-12,M024,11961636
2026-01-12,M025,18226379
2026-01-12,M026,16748431
2026-01-12,M027,18223196
2026-01-12,M028,14094145
2026-01-12,M029,17159512
2026-01-12,M030,13616051
2026-01-12,M031,16468169
2026-01-12,M032,13720144
2026-01-12,M033,22586840
2026-01-12,M034,17930726
2026-01-12,M035,20460428
2026-01-12,M036,12583413
2026-01-12,M037,19917678
2026-01-12,M038,16234234
2026-01-12,M039,19090489
2026-01-12,M040,16457403
2026-01-12,M041,27207193
2026-01-12,M042,21901174
2026-01-12,M043,17121058
2026-01-12,M044,14424784
2026-01-12,M045,26813427
2026-01-12,M046,17855171
2026-01-12,M047,20050597
2026-01-12,M048,18680888
2026-01-13,M001,8114600
2026-01-13,M002,5728978
2026-01-13,M003,9393353
2026-01-13,M004,10942623
2026-01-13,M005,13838803
2026-01-13,M006,10099663
2026-01-13,M007,13507617
2026-01-13,M008,8088638
2026-01-13,M009,12451523
2026-01-13,M010,8000862
2026-01-13,M011,11967710
2026-01-13,M012,12311851
2026-01-13,M013,16705946
2026-01-13,M014,12723117
2026-01-13,M015,9870157
2026-01-13,M016,10847583
2026-01-13,M017,15559494
2026-01-13,M018,11450175
2026-01-13,M019,13934062
2026-01-13,M020,14471457
2026-01-13,M021,19846958
2026-01-13,M022,8961551
2026-01-13,M023,12137834
2026-01-13,M024,14376708
2026-01-13,M025,19908042
2026-01-13,M026,13775072
2026-01-13,M027,17158238
2026-01-13,M028,18436309
2026-01-13,M029,16718475
2026-01-13,M030,11610281
2026-01-13,M031,16650116
2026-01-13,M032,17082468
2026-01-13,M033,23376760
2026-01-13,M034,17182009
2026-01-13,M035,20907714
2026-01-13,M036,15975401
2026-01-13,M037,19912099
2026-01-13,M038,12880730
2026-01-13,M039,17214705
2026-01-13,M040,18899751
2026-01-13,M041,25027887
2026-01-13,M042,18672841
2026-01-13,M043,17140225
2026-01-13,M044,19407301
2026-01-13,M045,23158123
2026-01-13,M046,15090434
2026-01-13,M047,21437560
2026-01-13,M048,22590035
2026-01-14,M001,4314470
2026-01-14,M002,8917235
2026-01-14,M003,7122093
2026-01-14,M004,13866993
2026-01-14,M005,7446291
2026-01-14,M006,15451672
2026-01-14,M007,12093098
2026-01-14,M008,13247552
2026-01-14,M009,6972964
2026-01-14,M010,11206092
2026-01-14,M011,9521101
2026-01-14,M012,18233122
2026-01-14,M013,8922073
2026-01-14,M014,17344156
2026-01-14,M015,8615968
2026-01-14,M016,16548512
2026-01-14,M017,9033353
2026-01-14,M018,16170935
2026-01-14,M019,10929354
2026-01-14,M020,22302037
2026-01-14,M021,11141774
2026-01-14,M022,13556481
2026-01-14,M023,11020362
2026-01-14,M024,20259951
2026-01-14,M025,11470339
2026-01-14,M026,18694068
2026-01-14,M027,16320941
2026-01-14,M028,26440547
2026-01-14,M029,8549171
2026-01-14,M030,16291670
2026-01-14,M031,13433561
2026-01-14,M032,23639034
2026-01-14,M033,11766554
2026-01-14,M034,22873219
2026-01-14,M035,18697120
2026-01-14,M036,22922010
2026-01-14,M037,11236344
2026-01-14,M038,18793395
2026-01-14,M039,14963855
2026-01-14,M040,27192622
2026-01-14,M041,13586698
2026-01-14,M042,25316427
2026-01-14,M043,15219286
2026-01-14,M044,26729547
2026-01-14,M045,12931672
2026-01-14,M046,22046318
2026-01-14,M047,16872816
2026-01-14,M048,31526553
2026-01-15,M001,6170722
2026-01-15,M002,8274737
2026-01-15,M003,9478811
2026-01-15,M004,9304686
2026-01-15,M005,9902936
2026-01-15,M006,14389718
2026-01-15,M007,17143890
2026-01-15,M008,8197176
2026-01-15,M009,9070291
2026-01-15,M010,10952933
2026-01-15,M011,14009655
2026-01-15,M012,11024764
2026-01-15,M013,12785939
2026-01-15,M014,15468487
2026-01-15,M015,12362124
2026-01-15,M016,10036585
2026-01-15,M017,11745689
2026-01-15,M018,16575878
2026-01-15,M019,17306137
2026-01-15,M020,13171155
2026-01-15,M021,15850416
2026-01-15,M022,12653411
2026-01-15,M023,15890466
2026-01-15,M024,12807363
2026-01-15,M025,14541697
2026-01-15,M026,17871309
2026-01-15,M027,20174433
2026-01-15,M028,14536106
2026-01-15,M029,11235088
2026-01-15,M030,15915806
2026-01-15,M031,18750243
2026-01-15,M032,13860684
2026-01-15,M033,17224013
2026-01-15,M034,21547427
2026-01-15,M035,23515393
2026-01-15,M036,13857449
2026-01-15,M037,14299983
2026-01-15,M038,17407991
2026-01-15,M039,21185946
2026-01-15,M040,17968405
2026-01-15,M041,20524386
2026-01-15,M042,24663229
2026-01-15,M043,18820486
2026-01-15,M044,15710708
2026-01-15,M045,20208090
2026-01-15,M046,21026660
2026-01-15,M047,22940366
2026-01-15,M048,17968906
2026-01-16,M001,7347364
2026-01-16,M002,7214550
2026-01-16,M003,8395566
2026-01-16,M004,8107898
2026-01-16,M005,13730295
2026-01-16,M006,11889749
2026-01-16,M007,13275796
2026-01-16,M008,6936088
2026-01-16,M009,13466684
2026-01-16,M010,10085084
2026-01-16,M011,11759188
2026-01-16,M012,10622335
2026-01-16,M013,17388388
2026-01-16,M014,14545533
2026-01-16,M015,10593229
2026-01-16,M016,9111319
2026-01-16,M017,15264857
2026-01-16,M018,13470025
2026-01-16,M019,13672488
2026-01-16,M020,12537358
2026-01-16,M021,19542023
2026-01-16,M022,10424886
2026-01-16,M023,13325489
2026-01-16,M024,11424309
2026-01-16,M025,19747895
2026-01-16,M026,16687069
2026-01-16,M027,17982831
2026-01-16,M028,13522945
2026-01-16,M029,16322105
2026-01-16,M030,13798609
2026-01-16,M031,15921514
2026-01-16,M032,12375047
2026-01-16,M033,24624397
2026-01-16,M034,20480696
2026-01-16,M035,20555680
2026-01-16,M036,11833916
2026-01-16,M037,18460188
2026-01-16,M038,15238942
2026-01-16,M039,18603418
2026-01-16,M040,15790539
2026-01-16,M041,24271942
2026-01-16,M042,20917887
2026-01-16,M043,18240038
2026-01-16,M044,14696592
2026-01-16,M045,26347564
2026-01-16,M046,17995540
2026-01-16,M047,20586245
2026-01-16,M048,17680670
2026-01-17,M001,6798727
2026-01-17,M002,5917722
2026-01-17,M003,7876503
2026-01-17,M004,9398815
2026-01-17,M005,12424575
2026-01-17,M006,9047152
2026-01-17,M007,13264445
2026-01-17,M008,8272339
2026-01-17,M009,10720038
2026-01-17,M010,8000605
2026-01-17,M011,11086011
2026-01-17,M012,11700873
2026-01-17,M013,14276433
2026-01-17,M014,12126147
2026-01-17,M015,9851173
2026-01-17,M016,10108325
2026-01-17,M017,14956638
2026-01-17,M018,10807546
2026-01-17,M019,13191601
2026-01-17,M020,13519075
2026-01-17,M021,18440544
2026-01-17,M022,8151142
2026-01-17,M023,10973740
2026-01-17,M024,12807659
2026-01-17,M025,17040347
2026-01-17,M026,12074455
2026-01-17,M027,16016142
2026-01-17,M028,15044421
2026-01-17,M029,14008420
2026-01-17,M030,10905921
2026-01-17,M031,13397791
2026-01-17,M032,14511104
2026-01-17,M033,20332619
2026-01-17,M034,15100887
2026-01-17,M035,20746197
2026-01-17,M036,15352967
2026-01-17,M037,15999161
2026-01-17,M038,13021772
2026-01-17,M039,16936023
2026-01-17,M040,16718947
2026-01-17,M041,22795729
2026-01-17,M042,17147144
2026-01-17,M043,14509043
2026-01-17,M044,16051584
2026-01-17,M045,20507402
2026-01-17,M046,14822365
2026-01-17,M047,17928917
2026-01-17,M048,19735346
2026-01-18,M001,3698962
2026-01-18,M002,8320761
2026-01-18,M003,7199140
2026-01-18,M004,13854495
2026-01-18,M005,6712565
2026-01-18,M006,13898793
2026-01-18,M007,11000424
2026-01-18,M008,11866603
2026-01-18,M009,6592560
2026-01-18,M010,9811875
2026-01-18,M011,8403788
2026-01-18,M012,15959947
2026-01-18,M013,8971305
2026-01-18,M014,15311656
2026-01-18,M015,7828719
2026-01-18,M016,14354598
2026-01-18,M017,7880684
2026-01-18,M018,14562875
2026-01-18,M019,10937254
2026-01-18,M020,18798611
2026-01-18,M021,9913817
2026-01-18,M022,12364953
2026-01-18,M023,10181149
2026-01-18,M024,19115417
2026-01-18,M025,9207313
2026-01-18,M026,18566326
2026-01-18,M027,14070408
2026-01-18,M028,24246706
2026-01-18,M029,8605555
2026-01-18,M030,13963080
2026-01-18,M031,11621792
2026-01-18,M032,21904837
2026-01-18,M033,11868266
2026-01-18,M034,19486712
2026-01-18,M035,15482699
2026-01-18,M036,20447792
2026-01-18,M037,10030212
2026-01-18,M038,17037196
2026-01-18,M039,13337035
2026-01-18,M040,24698483
2026-01-18,M041,13627948
2026-01-18,M042,22344267
2026-01-18,M043,12196733
2026-01-18,M044,24176383
2026-01-18,M045,11858311
2026-01-18,M046,20307279
2026-01-18,M047,16078783
2026-01-18,M048,30585869
2026-01-19,M001,5739653
2026-01-19,M002,8442617
2026-01-19,M003,10324275
2026-01-19,M004,8683294
2026-01-19,M005,10450527
2026-01-19,M006,14518708
2026-01-19,M007,16304342
2026-01-19,M008,8052721
2026-01-19,M009,9347817
2026-01-19,M010,10802091
2026-01-19,M011,12641089
2026-01-19,M012,10864302
2026-01-19,M013,12620385
2026-01-19,M014,16666923
2026-01-19,M015,11237435
2026-01-19,M016,10830883
2026-01-19,M017,12365876
2026-01-19,M018,15115650
2026-01-19,M019,15217328
2026-01-19,M020,12960537
2026-01-19,M021,14871909
2026-01-19,M022,13223314
2026-01-19,M023,14608838
2026-01-19,M024,13077077
2026-01-19,M025,13585239
2026-01-19,M026,19431530
2026-01-19,M027,22754596
2026-01-19,M028,15686346
2026-01-19,M029,11652822
2026-01-19,M030,16158149
2026-01-19,M031,18387957
2026-01-19,M032,15076797
2026-01-19,M033,18430736
2026-01-19,M034,20472134
2026-01-19,M035,25615453
2026-01-19,M036,13848894
2026-01-19,M037,14615508
2026-01-19,M038,17098756
2026-01-19,M039,20185756
2026-01-19,M040,17030171
2026-01-19,M041,19728169
2026-01-19,M042,25409531
2026-01-19,M043,20879376
2026-01-19,M044,15742065
2026-01-19,M045,18121797
2026-01-19,M046,20705117
2026-01-19,M047,22802420
2026-01-19,M048,20051906
2026-01-20,M001,8211299
2026-01-20,M002,7392585
2026-01-20,M003,9136608
2026-01-20,M004,7936284
2026-01-20,M005,15310589
2026-01-20,M006,11793713
2026-01-20,M007,14866842
2026-01-20,M008,6751893
2026-01-20,M009,11607697
2026-01-20,M010,9114859
2026-01-20,M011,11654889
2026-01-20,M012,10448169
2026-01-20,M013,17933233
2026-01-20,M014,14754998
2026-01-20,M015,11052798
2026-01-20,M016,8539262
2026-01-20,M017,17026848
2026-01-20,M018,14687672
2026-01-20,M019,13179997
2026-01-20,M020,11851570
2026-01-20,M021,19478465
2026-01-20,M022,11462391
2026-01-20,M023,13513792
2026-01-20,M024,10937937
2026-01-20,M025,18889508
2026-01-20,M026,16757181
2026-01-20,M027,18968636
2026-01-20,M028,13727876
2026-01-20,M029,16444987
2026-01-20,M030,14587245
2026-01-20,M031,16579771
2026-01-20,M032,13669593
2026-01-20,M033,23623418
2026-01-20,M034,19446491
2026-01-20,M035,22731968
2026-01-20,M036,11859266
2026-01-20,M037,18671008
2026-01-20,M038,15596212
2026-01-20,M039,19721277
2026-01-20,M040,14224475
2026-01-20,M041,26154725
2026-01-20,M042,23231137
2026-01-20,M043,16362081
2026-01-20,M044,15235988
2026-01-20,M045,27078495
2026-01-20,M046,18711895
2026-01-20,M047,19506604
2026-01-20,M048,16267326
2026-01-21,M001,7168470
2026-01-21,M002,6162342
2026-01-21,M003,8477403
2026-01-21,M004,9341176
2026-01-21,M005,13169996
2026-01-21,M006,10377765
2026-01-21,M007,13891880
2026-01-21,M008,8191948
2026-01-21,M009,12698627
2026-01-21,M010,8493877
2026-01-21,M011,11918440
2026-01-21,M012,11805457
2026-01-21,M013,18162718
2026-01-21,M014,13218401
2026-01-21,M015,10538042
2026-01-21,M016,12391166
2026-01-21,M017,16706052
2026-01-21,M018,11100392
2026-01-21,M019,14522519
2026-01-21,M020,15395987
2026-01-21,M021,19543693
2026-01-21,M022,9904865
2026-01-21,M023,13564041
2026-01-21,M024,13757125
2026-01-21,M025,18540321
2026-01-21,M026,13566474
2026-01-21,M027,19634482
2026-01-21,M028,18862693
2026-01-21,M029,16845714
2026-01-21,M030,12010376
2026-01-21,M031,14477857
2026-01-21,M032,15988098
2026-01-21,M033,23711698
2026-01-21,M034,15649900
2026-01-21,M035,22074748
2026-01-21,M036,17065482
2026-01-21,M037,20385832
2026-01-21,M038,13269084
2026-01-21,M039,19218135
2026-01-21,M040,20945921
2026-01-21,M041,27435826
2026-01-21,M042,17297693
2026-01-21,M043,18226424
2026-01-21,M044,17918896
2026-01-21,M045,22849590
2026-01-21,M046,14908248
2026-01-21,M047,21347639
2026-01-21,M048,23839896
2026-01-22,M001,4328736
2026-01-22,M002,8968484
2026-01-22,M003,7966479
2026-01-22,M004,13326866
2026-01-22,M005,7163277
2026-01-22,M006,14774491
2026-01-22,M007,12537822
2026-01-22,M008,11993648
2026-01-22,M009,6792037
2026-01-22,M010,11937441
2026-01-22,M011,9869627
2026-01-22,M012,17366782
2026-01-22,M013,10085778
2026-01-22,M014,18214048
2026-01-22,M015,8848176
2026-01-22,M016,16903475
2026-01-22,M017,8322467
2026-01-22,M018,15820958
2026-01-22,M019,11173254
2026-01-22,M020,23342585
2026-01-22,M021,10768456
2026-01-22,M022,14448350
2026-01-22,M023,10915598
2026-01-22,M024,20191301
2026-01-22,M025,10281331
2026-01-22,M026,19793476
2026-01-22,M027,16220349
2026-01-22,M028,25542315
2026-01-22,M029,8287433
2026-01-22,M030,17692629
2026-01-22,M031,14009646
2026-01-22,M032,23532578
2026-01-22,M033,11928135
2026-01-22,M034,24399763
2026-01-22,M035,17104939
2026-01-22,M036,23356345
2026-01-22,M037,11351819
2026-01-22,M038,19418819
2026-01-22,M039,16194042
2026-01-22,M040,25943646
2026-01-22,M041,14791118
2026-01-22,M042,25297984
2026-01-22,M043,14844412
2026-01-22,M044,24864762
2026-01-22,M045,12863060
2026-01-22,M046,23697935
2026-01-22,M047,17572082
2026-01-22,M048,29737048
2026-01-23,M001,5876553
2026-01-23,M002,7662961
2026-01-23,M003,10014508
2026-01-23,M004,8160938
2026-01-23,M005,10852692
2026-01-23,M006,13562941
2026-01-23,M007,17195000
2026-01-23,M008,7245904
2026-01-23,M009,9030578
2026-01-23,M010,11356311
2026-01-23,M011,12255273
2026-01-23,M012,11867530
2026-01-23,M013,13233489
2026-01-23,M014,16751919
2026-01-23,M015,12459069
2026-01-23,M016,9284289
2026-01-23,M017,12067772
2026-01-23,M018,15030454
2026-01-23,M019,16621503
2026-01-23,M020,13624026
2026-01-23,M021,15148215
2026-01-23,M022,12856220
2026-01-23,M023,13862751
2026-01-23,M024,12311927
2026-01-23,M025,15625738
2026-01-23,M026,17223516
2026-01-23,M027,20633564
2026-01-23,M028,15742155
2026-01-23,M029,11623255
2026-01-23,M030,16096188
2026-01-23,M031,18524281
2026-01-23,M032,15426387
2026-01-23,M033,18229899
2026-01-23,M034,19625048
2026-01-23,M035,25890712
2026-01-23,M036,14886043
2026-01-23,M037,14555750
2026-01-23,M038,16818554
2026-01-23,M039,19289681
2026-01-23,M040,17380830
2026-01-23,M041,20665567
2026-01-23,M042,22990820
2026-01-23,M043,18804383
2026-01-23,M044,17503742
2026-01-23,M045,19458464
2026-01-23,M046,19861210
2026-01-23,M047,24357733
2026-01-23,M048,18707304
2026-01-24,M001,7523920
2026-01-24,M002,6411382
2026-01-24,M003,7832153
2026-01-24,M004,6812228
2026-01-24,M005,13243864
2026-01-24,M006,10559410
2026-01-24,M007,13843240
2026-01-24,M008,6495065
2026-01-24,M009,11486094
2026-01-24,M010,9456688
2026-01-24,M011,10355824
2026-01-24,M012,8957981
2026-01-24,M013,15284729
2026-01-24,M014,13230694
2026-01-24,M015,9214106
2026-01-24,M016,7711323
2026-01-24,M017,14594130
2026-01-24,M018,11606981
2026-01-24,M019,13576140
2026-01-24,M020,11429913
2026-01-24,M021,17897008
2026-01-24,M022,9838297
2026-01-24,M023,12085689
2026-01-24,M024,10648619
2026-01-24,M025,17755403
2026-01-24,M026,13850679
2026-01-24,M027,16984591
2026-01-24,M028,13560981
2026-01-24,M029,14833770
2026-01-24,M030,13292190
2026-01-24,M031,14903069
2026-01-24,M032,12705629
2026-01-24,M033,20510738
2026-01-24,M034,16187916
2026-01-24,M035,18701727
2026-01-24,M036,11904352
2026-01-24,M037,17921243
2026-01-24,M038,14069717
2026-01-24,M039,15724997
2026-01-24,M040,13804313
2026-01-24,M041,23429227
2026-01-24,M042,18078761
2026-01-24,M043,16251957
2026-01-24,M044,14250539
2026-01-24,M045,24113908
2026-01-24,M046,17289033
2026-01-24,M047,19410185
2026-01-24,M048,15136272
2026-01-25,M001,6669633
2026-01-25,M002,5620707
2026-01-25,M003,7909269
2026-01-25,M004,9855882
2026-01-25,M005,12076911
2026-01-25,M006,9695708
2026-01-25,M007,12577246
2026-01-25,M008,8154061
2026-01-25,M009,10242042
2026-01-25,M010,7104180
2026-01-25,M011,10998292
2026-01-25,M012,10779654
2026-01-25,M013,15094515
2026-01-25,M014,10570504
2026-01-25,M015,8684071
2026-01-25,M016,10999523
2026-01-25,M017,15042097
2026-01-25,M018,10143619
2026-01-25,M019,13102423
2026-01-25,M020,13949567
2026-01-25,M021,18632877
2026-01-25,M022,8728992
2026-01-25,M023,11385804
2026-01-25,M024,13751424
2026-01-25,M025,17168093
2026-01-25,M026,13017071
2026-01-25,M027,15986686
2026-01-25,M028,16601457
2026-01-25,M029,14566999
2026-01-25,M030,10476729
2026-01-25,M031,14917735
2026-01-25,M032,15239800
2026-01-25,M033,20412053
2026-01-25,M034,14542523
2026-01-25,M035,19633888
2026-01-25,M036,14095776
2026-01-25,M037,16098933
2026-01-25,M038,12616752
2026-01-25,M039,17370681
2026-01-25,M040,18753719
2026-01-25,M041,22833308
2026-01-25,M042,17270670
2026-01-25,M043,16757574
2026-01-25,M044,15895415
2026-01-25,M045,23737705
2026-01-25,M046,13839708
2026-01-25,M047,17396861
2026-01-25,M048,19507870
2026-01-26,M001,4583158
2026-01-26,M002,8437547
2026-01-26,M003,7548471
2026-01-26,M004,13459682
2026-01-26,M005,7218266
2026-01-26,M006,14949861
2026-01-26,M007,12019300
2026-01-26,M008,12342088
2026-01-26,M009,6435574
2026-01-26,M010,12375148
2026-01-26,M011,9192928
2026-01-26,M012,19033671
2026-01-26,M013,9914687
2026-01-26,M014,17742607
2026-01-26,M015,8608384
2026-01-26,M016,17269345
2026-01-26,M017,8777560
2026-01-26,M018,17866731
2026-01-26,M019,11225723
2026-01-26,M020,21772937
2026-01-26,M021,12177472
2026-01-26,M022,13117912
2026-01-26,M023,10772137
2026-01-26,M024,19947458
2026-01-26,M025,10216050
2026-01-26,M026,20464772
2026-01-26,M027,15501808
2026-01-26,M028,25131319
2026-01-26,M029,8497380
2026-01-26,M030,17636643
2026-01-26,M031,13958464
2026-01-26,M032,23214087
2026-01-26,M033,12977021
2026-01-26,M034,22724077
2026-01-26,M035,17687049
2026-01-26,M036,24321573
2026-01-26,M037,10628552
2026-01-26,M038,19059956
2026-01-26,M039,16434146
2026-01-26,M040,29815211
2026-01-26,M041,14160630
2026-01-26,M042,26786030
2026-01-26,M043,14237183
2026-01-26,M044,25757675
2026-01-26,M045,14679992
2026-01-26,M046,21619494
2026-01-26,M047,16966950
2026-01-26,M048,29303768
2026-01-27,M001,5553715
2026-01-27,M002,8604961
2026-01-27,M003,9387720
2026-01-27,M004,8503275
2026-01-27,M005,9974010
2026-01-27,M006,12740597
2026-01-27,M007,15847647
2026-01-27,M008,7985642
2026-01-27,M009,8916539
2026-01-27,M010,10154400
2026-01-27,M011,12096234
2026-01-27,M012,10286000
2026-01-27,M013,13799107
2026-01-27,M014,16100885
2026-01-27,M015,11903874
2026-01-27,M016,10496793
2026-01-27,M017,13051357
2026-01-27,M018,14330380
2026-01-27,M019,16434268
2026-01-27,M020,13061436
2026-01-27,M021,15624047
2026-01-27,M022,12120110
2026-01-27,M023,14035915
2026-01-27,M024,12597791
2026-01-27,M025,14565602
2026-01-27,M026,18781836
2026-01-27,M027,22549080
2026-01-27,M028,15205763
2026-01-27,M029,11650496
2026-01-27,M030,15179483
2026-01-27,M031,16599921
2026-01-27,M032,13973444
2026-01-27,M033,18581466
2026-01-27,M034,19732830
2026-01-27,M035,25845910
2026-01-27,M036,14153134
2026-01-27,M037,13862608
2026-01-27,M038,18174422
2026-01-27,M039,21475375
2026-01-27,M040,15856130
2026-01-27,M041,18999314
2026-01-27,M042,25508675
2026-01-27,M043,19575469
2026-01-27,M044,17263944
2026-01-27,M045,19707333
2026-01-27,M046,20975912
2026-01-27,M047,22450357
2026-01-27,M048,19347023
2026-01-28,M001,8364150
2026-01-28,M002,6815280
2026-01-28,M003,8367047
2026-01-28,M004,7899045
2026-01-28,M005,13290490
2026-01-28,M006,12313330
2026-01-28,M007,15178651
2026-01-28,M008,7083531
2026-01-28,M009,12269879
2026-01-28,M010,9180064
2026-01-28,M011,12258755
2026-01-28,M012,9283536
2026-01-28,M013,18136111
2026-01-28,M014,15172771
2026-01-28,M015,10092398
2026-01-28,M016,9263957
2026-01-28,M017,16163487
2026-01-28,M018,13782508
2026-01-28,M019,13658705
2026-01-28,M020,12716222
2026-01-28,M021,21891323
2026-01-28,M022,10620198
2026-01-28,M023,13909076
2026-01-28,M024,11583301
2026-01-28,M025,18431335
2026-01-28,M026,16464000
2026-01-28,M027,18761506
2026-01-28,M028,14561159
2026-01-28,M029,17343502
2026-01-28,M030,14133270
2026-01-28,M031,16121726
2026-01-28,M032,14097307
2026-01-28,M033,22796171
2026-01-28,M034,17616346
2026-01-28,M035,21880248
2026-01-28,M036,12624029
2026-01-28,M037,18112141
2026-01-28,M038,16000719
2026-01-28,M039,17666226
2026-01-28,M040,16148872
2026-01-28,M041,24552909
2026-01-28,M042,21411837
2026-01-28,M043,18386716
2026-01-28,M044,13651188
2026-01-28,M045,26970065
2026-01-28,M046,17911893
2026-01-28,M047,22191083
2026-01-28,M048,17281677
2026-01-29,M001,8264104
2026-01-29,M002,6300559
2026-01-29,M003,8401808
2026-01-29,M004,9609436
2026-01-29,M005,14870974
2026-01-29,M006,10206957
2026-01-29,M007,13762516
2026-01-29,M008,8367524
2026-01-29,M009,11440354
2026-01-29,M010,8007172
2026-01-29,M011,11314076
2026-01-29,M012,13388222
2026-01-29,M013,17801519
2026-01-29,M014,12544476
2026-01-29,M015,10110582
2026-01-29,M016,10867800
2026-01-29,M017,14852735
2026-01-29,M018,11407328
2026-01-29,M019,12918993
2026-01-29,M020,14551227
2026-01-29,M021,20002344
2026-01-29,M022,10081042
2026-01-29,M023,13748641
2026-01-29,M024,13549245
2026-01-29,M025,19940039
2026-01-29,M026,13339726
2026-01-29,M027,19113629
2026-01-29,M028,17025589
2026-01-29,M029,16261503
2026-01-29,M030,12141372
2026-01-29,M031,16016611
2026-01-29,M032,16856073
2026-01-29,M033,21145539
2026-01-29,M034,17213854
2026-01-29,M035,20979972
2026-01-29,M036,14945849
2026-01-29,M037,19275428
2026-01-29,M038,13500301
2026-01-29,M039,17444586
2026-01-29,M040,19640765
2026-01-29,M041,23698454
2026-01-29,M042,18002768
2026-01-29,M043,18344973
2026-01-29,M044,17863532
2026-01-29,M045,25977143
2026-01-29,M046,15006088
2026-01-29,M047,19519151
2026-01-29,M048,20661127
2026-01-30,M001,4236101
2026-01-30,M002,8106831
2026-01-30,M003,7889470
2026-01-30,M004,14023264
2026-01-30,M005,7677860
2026-01-30,M006,14864889
2026-01-30,M007,12290154
2026-01-30,M008,12736139
2026-01-30,M009,6800919
2026-01-30,M010,12307134
2026-01-30,M011,9988514
2026-01-30,M012,18794569
2026-01-30,M013,8909298
2026-01-30,M014,18209950
2026-01-30,M015,9270650
2026-01-30,M016,17662885
2026-01-30,M017,9193388
2026-01-30,M018,17076567
2026-01-30,M019,12429342
2026-01-30,M020,20039442
2026-01-30,M021,11614588
2026-01-30,M022,12917783
2026-01-30,M023,11285987
2026-01-30,M024,20245623
2026-01-30,M025,9900510
2026-01-30,M026,19178979
2026-01-30,M027,15474435
2026-01-30,M028,24911704
2026-01-30,M029,9351442
2026-01-30,M030,16277855
2026-01-30,M031,12996585
2026-01-30,M032,25749816
2026-01-30,M033,13285532
2026-01-30,M034,23606191
2026-01-30,M035,18344403
2026-01-30,M036,23021850
2026-01-30,M037,11420927
2026-01-30,M038,20449774
2026-01-30,M039,16152173
2026-01-30,M040,29315239
2026-01-30,M041,14006422
2026-01-30,M042,25117062
2026-01-30,M043,13442369
2026-01-30,M044,24897188
2026-01-30,M045,14885299
2026-01-30,M046,22269843
2026-01-30,M047,16786461
2026-01-30,M048,30610177
2026-01-31,M001,5511225
2026-01-31,M002,6873519
2026-01-31,M003,9228192
2026-01-31,M004,7341121
2026-01-31,M005,9478563
2026-01-31,M006,12896986
2026-01-31,M007,15587722
2026-01-31,M008,7298683
2026-01-31,M009,8114246
2026-01-31,M010,10161404
2026-01-31,M011,12276449
2026-01-31,M012,10507477
2026-01-31,M013,12450746
2026-01-31,M014,14425547
2026-01-31,M015,10378040
2026-01-31,M016,9142538
2026-01-31,M017,10074044
2026-01-31,M018,14705699
2026-01-31,M019,14770152
2026-01-31,M020,11993452
2026-01-31,M021,13076079
2026-01-31,M022,11499775
2026-01-31,M023,14170588
2026-01-31,M024,11812553
2026-01-31,M025,13314285
2026-01-31,M026,17785646
2026-01-31,M027,19306895
2026-01-31,M028,14493142
2026-01-31,M029,10426212
2026-01-31,M030,14089638
2026-01-31,M031,16543650
2026-01-31,M032,13420875
2026-01-31,M033,15351403
2026-01-31,M034,20498774
2026-01-31,M035,21974212
2026-01-31,M036,11952208
2026-01-31,M037,12950829
2026-01-31,M038,17131482
2026-01-31,M039,19897589
2026-01-31,M040,15326187
2026-01-31,M041,16762940
2026-01-31,M042,20361720
2026-01-31,M043,17131932
2026-01-31,M044,14454068
2026-01-31,M045,17258184
2026-01-31,M046,18447917
2026-01-31,M047,21574346
2026-01-31,M048,16601070
2026-02-01,M001,6975473
2026-02-01,M002,6187939
2026-02-01,M003,8751923
2026-02-01,M004,9685762
2026-02-01,M005,13359322
2026-02-01,M006,10223690
2026-02-01,M007,13252043
2026-02-01,M008,7830350
2026-02-01,M009,12041340
2026-02-01,M010,8244661
2026-02-01,M011,10012284
2026-02-01,M012,12683413
2026-02-01,M013,17305295
2026-02-01,M014,12104739
2026-02-01,M015,9499862
2026-02-01,M016,11709715
2026-02-01,M017,15855736
2026-02-01,M018,11147735
2026-02-01,M019,13498083
2026-02-01,M020,13580639
2026-02-01,M021,20066227
2026-02-01,M022,9218963
2026-02-01,M023,11729274
2026-02-01,M024,14331372
2026-02-01,M025,19191992
2026-02-01,M026,13785034
2026-02-01,M027,18238185
2026-02-01,M028,17271753
2026-02-01,M029,15123851
2026-02-01,M030,10268354
2026-02-01,M031,13691694
2026-02-01,M032,16277447
2026-02-01,M033,21851932
2026-02-01,M034,15557424
2026-02-01,M035,21090370
2026-02-01,M036,15160073
2026-02-01,M037,18809059
2026-02-01,M038,13082431
2026-02-01,M039,18276120
2026-02-01,M040,18039788
2026-02-01,M041,25557347
2026-02-01,M042,16256491
2026-02-01,M043,15139672
2026-02-01,M044,16435474
2026-02-01,M045,21805046
2026-02-01,M046,15568820
2026-02-01,M047,19199909
2026-02-01,M048,21791088
2026-02-02,M001,4596020
2026-02-02,M002,8923034
2026-02-02,M003,8256070
2026-02-02,M004,15693958
2026-02-02,M005,8323415
2026-02-02,M006,15275810
2026-02-02,M007,12097175
2026-02-02,M008,13480824
2026-02-02,M009,7463991
2026-02-02,M010,12340311
2026-02-02,M011,10108858
2026-02-02,M012,18044825
2026-02-02,M013,9406558
2026-02-02,M014,19737962
2026-02-02,M015,9149503
2026-02-02,M016,17065648
2026-02-02,M017,9697890
2026-02-02,M018,16570135
2026-02-02,M019,12279235
2026-02-02,M020,21101034
2026-02-02,M021,10966323
2026-02-02,M022,14668227
2026-02-02,M023,10893193
2026-02-02,M024,20342808
2026-02-02,M025,10241889
2026-02-02,M026,19344271
2026-02-02,M027,15240900
2026-02-02,M028,25875512
2026-02-02,M029,9361793
2026-02-02,M030,18031009
2026-02-02,M031,14022138
2026-02-02,M032,25865009
2026-02-02,M033,12854056
2026-02-02,M034,24627475
2026-02-02,M035,18817948
2026-02-02,M036,22493363
2026-02-02,M037,10153802
2026-02-02,M038,19638714
2026-02-02,M039,15882553
2026-02-02,M040,27466321
2026-02-02,M041,14945799
2026-02-02,M042,27865107
2026-02-02,M043,14334519
2026-02-02,M044,25539677
2026-02-02,M045,14590629
2026-02-02,M046,22986409
2026-02-02,M047,18909035
2026-02-02,M048,33882485
2026-02-03,M001,6318843
2026-02-03,M002,8454719
2026-02-03,M003,10050782
2026-02-03,M004,8875258
2026-02-03,M005,11879935
2026-02-03,M006,14839728
2026-02-03,M007,15709580
2026-02-03,M008,7433381
2026-02-03,M009,9058074
2026-02-03,M010,11369344
2026-02-03,M011,13978235
2026-02-03,M012,10708603
2026-02-03,M013,13719175
2026-02-03,M014,16540889
2026-02-03,M015,11482512
2026-02-03,M016,11122384
2026-02-03,M017,12171878
2026-02-03,M018,15172370
2026-02-03,M019,17798464
2026-02-03,M020,13723436
2026-02-03,M021,15554584
2026-02-03,M022,11997082
2026-02-03,M023,14890196
2026-02-03,M024,12567721
2026-02-03,M025,14839427
2026-02-03,M026,18041326
2026-02-03,M027,23433365
2026-02-03,M028,15665784
2026-02-03,M029,13472012
2026-02-03,M030,14826308
2026-02-03,M031,17158435
2026-02-03,M032,16170271
2026-02-03,M033,18937222
2026-02-03,M034,23251139
2026-02-03,M035,24361498
2026-02-03,M036,14333556
2026-02-03,M037,14559017
2026-02-03,M038,19748310
2026-02-03,M039,22047700
2026-02-03,M040,16557641
2026-02-03,M041,20759666
2026-02-03,M042,26875671
2026-02-03,M043,19123046
2026-02-03,M044,17219162
2026-02-03,M045,20131854
2026-02-03,M046,22442567
2026-02-03,M047,24833289
2026-02-03,M048,20212871
2026-02-04,M001,8385438
2026-02-04,M002,7230528
2026-02-04,M003,9050920
2026-02-04,M004,8026288
2026-02-04,M005,14466684
2026-02-04,M006,12693963
2026-02-04,M007,13836283
2026-02-04,M008,7543840
2026-02-04,M009,11946278
2026-02-04,M010,9746047
2026-02-04,M011,11067013
2026-02-04,M012,10966461
2026-02-04,M013,18121740
2026-02-04,M014,14377617
2026-02-04,M015,9939148
2026-02-04,M016,10127247
2026-02-04,M017,17446713
2026-02-04,M018,13828480
2026-02-04,M019,15708605
2026-02-04,M020,12819698
2026-02-04,M021,19966272
2026-02-04,M022,12032204
2026-02-04,M023,12621204
2026-02-04,M024,11858999
2026-02-04,M025,19698217
2026-02-04,M026,17070359
2026-02-04,M027,19548791
2026-02-04,M028,15374124
2026-02-04,M029,17146693
2026-02-04,M030,13498748
2026-02-04,M031,16910297
2026-02-04,M032,14271431
2026-02-04,M033,23873232
2026-02-04,M034,18585375
2026-02-04,M035,21571647
2026-02-04,M036,13262990
2026-02-04,M037,20888407
2026-02-04,M038,17084564
2026-02-04,M039,18806997
2026-02-04,M040,15311077
2026-02-04,M041,28016883
2026-02-04,M042,24085501
2026-02-04,M043,16732877
2026-02-04,M044,14879810
2026-02-04,M045,24443149
2026-02-04,M046,18756555
2026-02-04,M047,21117269
2026-02-04,M048,18408577
2026-02-05,M001,7846407
2026-02-05,M002,6257217
2026-02-05,M003,9794898
2026-02-05,M004,10861577
2026-02-05,M005,14377366
2026-02-05,M006,10123156
2026-02-05,M007,15571453
2026-02-05,M008,9170225
2026-02-05,M009,11755035
2026-02-05,M010,9117841
2026-02-05,M011,11755218
2026-02-05,M012,12589492
2026-02-05,M013,17122543
2026-02-05,M014,13020808
2026-02-05,M015,10961010
2026-02-05,M016,11322084
2026-02-05,M017,15446769
2026-02-05,M018,11980344
2026-02-05,M019,14731144
2026-02-05,M020,16743132
2026-02-05,M021,20898520
2026-02-05,M022,9922050
2026-02-05,M023,13127710
2026-02-05,M024,15518211
2026-02-05,M025,21347255
2026-02-05,M026,14547583
2026-02-05,M027,19814667
2026-02-05,M028,17383802
2026-02-05,M029,16349396
2026-02-05,M030,11184307
2026-02-05,M031,16133246
2026-02-05,M032,16922185
2026-02-05,M033,23955081
2026-02-05,M034,15419701
2026-02-05,M035,21785620
2026-02-05,M036,15788386
2026-02-05,M037,18096448
2026-02-05,M038,14940694
2026-02-05,M039,20229741
2026-02-05,M040,21629238
2026-02-05,M041,24509789
2026-02-05,M042,18461937
2026-02-05,M043,18457228
2026-02-05,M044,19650512
2026-02-05,M045,27160566
2026-02-05,M046,15818173
2026-02-05,M047,23105316
2026-02-05,M048,24113724
2026-02-06,M001,4783489
2026-02-06,M002,8516499
2026-02-06,M003,7442049
2026-02-06,M004,15161865
2026-02-06,M005,7413724
2026-02-06,M006,16334754
2026-02-06,M007,11946057
2026-02-06,M008,12778367
2026-02-06,M009,6901532
2026-02-06,M010,12432965
2026-02-06,M011,10693377
2026-02-06,M012,18286876
2026-02-06,M013,10030799
2026-02-06,M014,17467145
2026-02-06,M015,9230673
2026-02-06,M016,15882232
2026-02-06,M017,8578764
2026-02-06,M018,17617888
2026-02-06,M019,12621044
2026-02-06,M020,24048497
2026-02-06,M021,11988329
2026-02-06,M022,13825977
2026-02-06,M023,10637174
2026-02-06,M024,22427971
2026-02-06,M025,11521969
2026-02-06,M026,19473132
2026-02-06,M027,15023513
2026-02-06,M028,27894285
2026-02-06,M029,8637455
2026-02-06,M030,16943600
2026-02-06,M031,12959459
2026-02-06,M032,26667530
2026-02-06,M033,12585283
2026-02-06,M034,24494279
2026-02-06,M035,18469959
2026-02-06,M036,23341844
2026-02-06,M037,10864367
2026-02-06,M038,18932450
2026-02-06,M039,16608476
2026-02-06,M040,29526229
2026-02-06,M041,15989582
2026-02-06,M042,25132400
2026-02-06,M043,14206835
2026-02-06,M044,28678324
2026-02-06,M045,14332539
2026-02-06,M046,22307858
2026-02-06,M047,19044305
2026-02-06,M048,34192679
2026-02-07,M001,5818041
2026-02-07,M002,7811972
2026-02-07,M003,9380790
2026-02-07,M004,7916552
2026-02-07,M005,10497605
2026-02-07,M006,12392051
2026-02-07,M007,16074852
2026-02-07,M008,6717016
2026-02-07,M009,8578292
2026-02-07,M010,10534648
2026-02-07,M011,12626454
2026-02-07,M012,10931384
2026-02-07,M013,12524699
2026-02-07,M014,15328368
2026-02-07,M015,10606447
2026-02-07,M016,9053838
2026-02-07,M017,11048122
2026-02-07,M018,13846075
2026-02-07,M019,15779503
2026-02-07,M020,11975123
2026-02-07,M021,15642211
2026-02-07,M022,12091483
2026-02-07,M023,13369703
2026-02-07,M024,11952751
2026-02-07,M025,13800649
2026-02-07,M026,17116664
2026-02-07,M027,18666556
2026-02-07,M028,13885434
2026-02-07,M029,12099855
2026-02-07,M030,13380486
2026-02-07,M031,17324731
2026-02-07,M032,13218648
2026-02-07,M033,14865528
2026-02-07,M034,19810042
2026-02-07,M035,21485056
2026-02-07,M036,13941866
2026-02-07,M037,12726879
2026-02-07,M038,16619349
2026-02-07,M039,18726055
2026-02-07,M040,16916425
2026-02-07,M041,19351424
2026-02-07,M042,21844001
2026-02-07,M043,19621398
2026-02-07,M044,16035768
2026-02-07,M045,17553413
2026-02-07,M046,19761289
2026-02-07,M047,21497594
2026-02-07,M048,17330718
2026-02-08,M001,7720720
2026-02-08,M002,6673012
2026-02-08,M003,8091288
2026-02-08,M004,7158126
2026-02-08,M005,12719281
2026-02-08,M006,11724754
2026-02-08,M007,13522243
2026-02-08,M008,6898679
2026-02-08,M009,11325560
2026-02-08,M010,9235543
2026-02-08,M011,11146708
2026-02-08,M012,8976135
2026-02-08,M013,16362535
2026-02-08,M014,13905147
2026-02-08,M015,9422148
2026-02-08,M016,8169625
2026-02-08,M017,14396808
2026-02-08,M018,12093847
2026-02-08,M019,14027707
2026-02-08,M020,11675176
2026-02-08,M021,19070926
2026-02-08,M022,10601385
2026-02-08,M023,11937410
2026-02-08,M024,10510219
2026-02-08,M025,17907647
2026-02-08,M026,16558785
2026-02-08,M027,18722107
2026-02-08,M028,12243150
2026-02-08,M029,16200573
2026-02-08,M030,13299534
2026-02-08,M031,13584090
2026-02-08,M032,11850009
2026-02-08,M033,22889894
2026-02-08,M034,17093147
2026-02-08,M035,19026330
2026-02-08,M036,11084427
2026-02-08,M037,17999607
2026-02-08,M038,15003759
2026-02-08,M039,18175167
2026-02-08,M040,13636756
2026-02-08,M041,22629596
2026-02-08,M042,19351319
2026-02-08,M043,15711010
2026-02-08,M044,14155141
2026-02-08,M045,24276903
2026-02-08,M046,18064511
2026-02-08,M047,19909944
2026-02-08,M048,16367835
2026-02-09,M001,8354432
2026-02-09,M002,6346025
2026-02-09,M003,8578910
2026-02-09,M004,9736368
2026-02-09,M005,13550349
2026-02-09,M006,10884105
2026-02-09,M007,14022289
2026-02-09,M008,9524097
2026-02-09,M009,13321495
2026-02-09,M010,8429289
2026-02-09,M011,11321254
2026-02-09,M012,12674559
2026-02-09,M013,18391233
2026-02-09,M014,13517547
2026-02-09,M015,10157588
2026-02-09,M016,12472404
2026-02-09,M017,16234668
2026-02-09,M018,11610800
2026-02-09,M019,15570801
2026-02-09,M020,15371214
2026-02-09,M021,22312280
2026-02-09,M022,10543955
2026-02-09,M023,13338155
2026-02-09,M024,14425518
2026-02-09,M025,19841914
2026-02-09,M026,15081611
2026-02-09,M027,20262069
2026-02-09,M028,19469020
2026-02-09,M029,15246619
2026-02-09,M030,11726859
2026-02-09,M031,15838305
2026-02-09,M032,18331797
2026-02-09,M033,21508523
2026-02-09,M034,16232829
2026-02-09,M035,22200402
2026-02-09,M036,17913389
2026-02-09,M037,20702379
2026-02-09,M038,13444670
2026-02-09,M039,18063719
2026-02-09,M040,19139453
2026-02-09,M041,25359177
2026-02-09,M042,19914752
2026-02-09,M043,18829527
2026-02-09,M044,19893312
2026-02-09,M045,25730204
2026-02-09,M046,15530875
2026-02-09,M047,21700932
2026-02-09,M048,21367758
2026-02-10,M001,4358775
2026-02-10,M002,8456112
2026-02-10,M003,7553197
2026-02-10,M004,15317972
2026-02-10,M005,8477172
2026-02-10,M006,15557889
2026-02-10,M007,11933978
2026-02-10,M008,12076801
2026-02-10,M009,7178185
2026-02-10,M010,12858304
2026-02-10,M011,10118318
2026-02-10,M012,19658819
2026-02-10,M013,9239011
2026-02-10,M014,18495747
2026-02-10,M015,8797659
2026-02-10,M016,18153606
2026-02-10,M017,8535070
2026-02-10,M018,18441816
2026-02-10,M019,11610174
2026-02-10,M020,22352602
2026-02-10,M021,11018055
2026-02-10,M022,14992580
2026-02-10,M023,11310646
2026-02-10,M024,20514304
2026-02-10,M025,11306388
2026-02-10,M026,21684671
2026-02-10,M027,17063484
2026-02-10,M028,28140626
2026-02-10,M029,9629491
2026-02-10,M030,17703037
2026-02-10,M031,14025316
2026-02-10,M032,25485954
2026-02-10,M033,12658810
2026-02-10,M034,24006552
2026-02-10,M035,17636776
2026-02-10,M036,21616937
2026-02-10,M037,11425812
2026-02-10,M038,20026657
2026-02-10,M039,14691159
2026-02-10,M040,28255606
2026-02-10,M041,15676366
2026-02-10,M042,24852836
2026-02-10,M043,15082166
2026-02-10,M044,26273081
2026-02-10,M045,15137963
2026-02-10,M046,24334893
2026-02-10,M047,17397406
2026-02-10,M048,34130865
2026-02-11,M001,6047894
2026-02-11,M002,8129796
2026-02-11,M003,10729645
2026-02-11,M004,8661210
2026-02-11,M005,10189992
2026-02-11,M006,13385564
2026-02-11,M007,15614124
2026-02-11,M008,8137229
2026-02-11,M009,9338319
2026-02-11,M010,11327174
2026-02-11,M011,13126679
2026-02-11,M012,11460672
2026-02-11,M013,14494582
2026-02-11,M014,16915104
2026-02-11,M015,11785392
2026-02-11,M016,10895403
2026-02-11,M017,12363080
2026-02-11,M018,15434704
2026-02-11,M019,17159904
2026-02-11,M020,14044558
2026-02-11,M021,15130011
2026-02-11,M022,12214536
2026-02-11,M023,15373209
2026-02-11,M024,12258331
2026-02-11,M025,14550672
2026-02-11,M026,17642756
2026-02-11,M027,21473290
2026-02-11,M028,15412921
2026-02-11,M029,11772886
2026-02-11,M030,16130407
2026-02-11,M031,18922530
2026-02-11,M032,14764819
2026-02-11,M033,18906256
2026-02-11,M034,20907876
2026-02-11,M035,23947503
2026-02-11,M036,14356351
2026-02-11,M037,14313383
2026-02-11,M038,19989510
2026-02-11,M039,20759603
2026-02-11,M040,18502922
2026-02-11,M041,21712473
2026-02-11,M042,23811864
2026-02-11,M043,19712786
2026-02-11,M044,18154748
2026-02-11,M045,19021230
2026-02-11,M046,22102729
2026-02-11,M047,25463743
2026-02-11,M048,18364938
2026-02-12,M001,8651216
2026-02-12,M002,7065730
2026-02-12,M003,9538620
2026-02-12,M004,8326341
2026-02-12,M005,14119148
2026-02-12,M006,13424430
2026-02-12,M007,13829589
2026-02-12,M008,6588612
2026-02-12,M009,12311262
2026-02-12,M010,10541988
2026-02-12,M011,12000514
2026-02-12,M012,10496100
2026-02-12,M013,19565796
2026-02-12,M014,16272819
2026-02-12,M015,10452996
2026-02-12,M016,8971240
2026-02-12,M017,17359073
2026-02-12,M018,13494011
2026-02-12,M019,15278982
2026-02-12,M020,13280839
2026-02-12,M021,23133930
2026-02-12,M022,11282203
2026-02-12,M023,13498031
2026-02-12,M024,10987355
2026-02-12,M025,21746126
2026-02-12,M026,17501757
2026-02-12,M027,18717618
2026-02-12,M028,14340820
2026-02-12,M029,17936556
2026-02-12,M030,14372825
2026-02-12,M031,16582113
2026-02-12,M032,13560868
2026-02-12,M033,24241481
2026-02-12,M034,18705764
2026-02-12,M035,22532399
2026-02-12,M036,13914139
2026-02-12,M037,21165160
2026-02-12,M038,15681649
2026-02-12,M039,17615344
2026-02-12,M040,16693984
2026-02-12,M041,27450316
2026-02-12,M042,22809137
2026-02-12,M043,18576922
2026-02-12,M044,15031735
2026-02-12,M045,25166107
2026-02-12,M046,19373587
2026-02-12,M047,20863176
2026-02-12,M048,18782766
2026-02-13,M001,8341577
2026-02-13,M002,5995776
2026-02-13,M003,8401576
2026-02-13,M004,10327839
2026-02-13,M005,13952329
2026-02-13,M006,9951000
2026-02-13,M007,14487591
2026-02-13,M008,9263409
2026-02-13,M009,11931213
2026-02-13,M010,9163984
2026-02-13,M011,11915029
2026-02-13,M012,13090438
2026-02-13,M013,16992036
2026-02-13,M014,12149657
2026-02-13,M015,11117034
2026-02-13,M016,11135969
2026-02-13,M017,16202854
2026-02-13,M018,11373113
2026-02-13,M019,15133116
2026-02-13,M020,15345619
2026-02-13,M021,22613208
2026-02-13,M022,9203413
2026-02-13,M023,14296610
2026-02-13,M024,14582651
2026-02-13,M025,21278683
2026-02-13,M026,13917088
2026-02-13,M027,18899425
2026-02-13,M028,18340468
2026-02-13,M029,16055637
2026-02-13,M030,11123400
2026-02-13,M031,15374223
2026-02-13,M032,18170777
2026-02-13,M033,22182050
2026-02-13,M034,17880497
2026-02-13,M035,22447268
2026-02-13,M036,16389167
2026-02-13,M037,18352464
2026-02-13,M038,14266632
2026-02-13,M039,20182597
2026-02-13,M040,20621805
2026-02-13,M041,27338956
2026-02-13,M042,20352359
2026-02-13,M043,17262004
2026-02-13,M044,18480499
2026-02-13,M045,24929721
2026-02-13,M046,16350823
2026-02-13,M047,20417314
2026-02-13,M048,23162337
2026-02-14,M001,4372386
2026-02-14,M002,8248871
2026-02-14,M003,6960217
2026-02-14,M004,12784210
2026-02-14,M005,6736730
2026-02-14,M006,14557593
2026-02-14,M007,11566037
2026-02-14,M008,12422420
2026-02-14,M009,6664305
2026-02-14,M010,11437493
2026-02-14,M011,8943790
2026-02-14,M012,18153551
2026-02-14,M013,8494736
2026-02-14,M014,15994577
2026-02-14,M015,8058874
2026-02-14,M016,15374607
2026-02-14,M017,8677931
2026-02-14,M018,16593513
2026-02-14,M019,11388225
2026-02-14,M020,21860107
2026-02-14,M021,10041099
2026-02-14,M022,12286227
2026-02-14,M023,10963912
2026-02-14,M024,18030603
2026-02-14,M025,9851561
2026-02-14,M026,18029880
2026-02-14,M027,15200156
2026-02-14,M028,22820406
2026-02-14,M029,8294515
2026-02-14,M030,15099678
2026-02-14,M031,12622396
2026-02-14,M032,23160833
2026-02-14,M033,12015672
2026-02-14,M034,21086548
2026-02-14,M035,17992838
2026-02-14,M036,19640951
2026-02-14,M037,10278508
2026-02-14,M038,18836802
2026-02-14,M039,14009934
2026-02-14,M040,23903113
2026-02-14,M041,13743887
2026-02-14,M042,23408444
2026-02-14,M043,14032251
2026-02-14,M044,23639508
2026-02-14,M045,13769091
2026-02-14,M046,22407472
2026-02-14,M047,15157859
2026-02-14,M048,31034322
2026-02-15,M001,5244738
2026-02-15,M002,8072827
2026-02-15,M003,9618799
2026-02-15,M004,8649691
2026-02-15,M005,9425912
2026-02-15,M006,11909249
2026-02-15,M007,14883208
2026-02-15,M008,7485692
2026-02-15,M009,9001596
2026-02-15,M010,9639054
2026-02-15,M011,12995416
2026-02-15,M012,10579762
2026-02-15,M013,11862000
2026-02-15,M014,16265694
2026-02-15,M015,10529796
2026-02-15,M016,9515090
2026-02-15,M017,11213566
2026-02-15,M018,15057552
2026-02-15,M019,14344042
2026-02-15,M020,12130890
2026-02-15,M021,15112911
2026-02-15,M022,10911939
2026-02-15,M023,12925954
2026-02-15,M024,12204577
2026-02-15,M025,13881122
2026-02-15,M026,16320734
2026-02-15,M027,20091435
2026-02-15,M028,15059086
2026-02-15,M029,12183926
2026-02-15,M030,15288433
2026-02-15,M031,17681969
2026-02-15,M032,12934214
2026-02-15,M033,17242308
2026-02-15,M034,20870789
2026-02-15,M035,22429330
2026-02-15,M036,11949469
2026-02-15,M037,13538940
2026-02-15,M038,16808799
2026-02-15,M039,20519301
2026-02-15,M040,16810654
2026-02-15,M041,18361160
2026-02-15,M042,24171164
2026-02-15,M043,19582930
2026-02-15,M044,16254538
2026-02-15,M045,16777735
2026-02-15,M046,18165027
2026-02-15,M047,20971931
2026-02-15,M048,17472224
2026-02-16,M001,8768485
2026-02-16,M002,7089214
2026-02-16,M003,9680559
2026-02-16,M004,8782740
2026-02-16,M005,13847516
2026-02-16,M006,12746530
2026-02-16,M007,15573905
2026-02-16,M008,7624770
2026-02-16,M009,13283445
2026-02-16,M010,10096586
2026-02-16,M011,11743401
2026-02-16,M012,10516315
2026-02-16,M013,18036253
2026-02-16,M014,16343083
2026-02-16,M015,10651093
2026-02-16,M016,10017116
2026-02-16,M017,17370060
2026-02-16,M018,15119444
2026-02-16,M019,14191348
2026-02-16,M020,12254456
2026-02-16,M021,21213297
2026-02-16,M022,10972614
2026-02-16,M023,13955514
2026-02-16,M024,12317749
2026-02-16,M025,20357590
2026-02-16,M026,15956929
2026-02-16,M027,18725600
2026-02-16,M028,13979856
2026-02-16,M029,17445767
2026-02-16,M030,15161436
2026-02-16,M031,15687658
2026-02-16,M032,13348268
2026-02-16,M033,23646419
2026-02-16,M034,20633381
2026-02-16,M035,21761900
2026-02-16,M036,12436768
2026-02-16,M037,19106985
2026-02-16,M038,17962655
2026-02-16,M039,17786829
2026-02-16,M040,15911221
2026-02-16,M041,25430605
2026-02-16,M042,21170509
2026-02-16,M043,18700071
2026-02-16,M044,14620658
2026-02-16,M045,26007322
2026-02-16,M046,17849665
2026-02-16,M047,22412938
2026-02-16,M048,18613875
2026-02-17,M001,7667744
2026-02-17,M002,6621238
2026-02-17,M003,9519056
2026-02-17,M004,11296224
2026-02-17,M005,15389630
2026-02-17,M006,10402504
2026-02-17,M007,13568368
2026-02-17,M008,9130659
2026-02-17,M009,11959739
2026-02-17,M010,8955179
2026-02-17,M011,11819260
2026-02-17,M012,13953940
2026-02-17,M013,16747765
2026-02-17,M014,13505954
2026-02-17,M015,11000496
2026-02-17,M016,11423070
2026-02-17,M017,16580743
2026-02-17,M018,11614611
2026-02-17,M019,14836106
2026-02-17,M020,17091293
2026-02-17,M021,22362301
2026-02-17,M022,10335363
2026-02-17,M023,14083569
2026-02-17,M024,14697287
2026-02-17,M025,20602120
2026-02-17,M026,14604842
2026-02-17,M027,18514639
2026-02-17,M028,17560648
2026-02-17,M029,15365228
2026-02-17,M030,11471023
2026-02-17,M031,16731880
2026-02-17,M032,18738790
2026-02-17,M033,24651053
2026-02-17,M034,16608173
2026-02-17,M035,21336067
2026-02-17,M036,17709081
2026-02-17,M037,18111829
2026-02-17,M038,14613402
2026-02-17,M039,19165275
2026-02-17,M040,18906323
2026-02-17,M041,28252090
2026-02-17,M042,19800458
2026-02-17,M043,18465665
2026-02-17,M044,18305992
2026-02-17,M045,24043262
2026-02-17,M046,16745282
2026-02-17,M047,22073570
2026-02-17,M048,24320205
2026-02-18,M001,4770103
2026-02-18,M002,8636770
2026-02-18,M003,7863575
2026-02-18,M004,13955124
2026-02-18,M005,8184149
2026-02-18,M006,15998976
2026-02-18,M007,11707468
2026-02-18,M008,13205555
2026-02-18,M009,7092015
2026-02-18,M010,12406156
2026-02-18,M011,10692749
2026-02-18,M012,18825102
2026-02-18,M013,10532424
2026-02-18,M014,18639962
2026-02-18,M015,8229737
2026-02-18,M016,17074505
2026-02-18,M017,8737539
2026-02-18,M018,18050078
2026-02-18,M019,11693632
2026-02-18,M020,22401001
2026-02-18,M021,11308968
2026-02-18,M022,14957904
2026-02-18,M023,11905090
2026-02-18,M024,21414003
2026-02-18,M025,11131344
2026-02-18,M026,22187752
2026-02-18,M027,15593292
2026-02-18,M028,27748669
2026-02-18,M029,9262705
2026-02-18,M030,17321493
2026-02-18,M031,12812486
2026-02-18,M032,26576630
2026-02-18,M033,12077037
2026-02-18,M034,22945719
2026-02-18,M035,19420425
2026-02-18,M036,24125971
2026-02-18,M037,11394340
2026-02-18,M038,18945524
2026-02-18,M039,15688365
2026-02-18,M040,27593380
2026-02-18,M041,15596172
2026-02-18,M042,25005998
2026-02-18,M043,15791339
2026-02-18,M044,28265642
2026-02-18,M045,13953887
2026-02-18,M046,23740938
2026-02-18,M047,18743562
2026-02-18,M048,32559367
2026-02-19,M001,6450157
2026-02-19,M002,8420168
2026-02-19,M003,9784794
2026-02-19,M004,8689613
2026-02-19,M005,10532644
2026-02-19,M006,14464497
2026-02-19,M007,17242628
2026-02-19,M008,7637764
2026-02-19,M009,9471978
2026-02-19,M010,10710407
2026-02-19,M011,12575600
2026-02-19,M012,11153818
2026-02-19,M013,13773867
2026-02-19,M014,17824015
2026-02-19,M015,12531747
2026-02-19,M016,10025619
2026-02-19,M017,12754848
2026-02-19,M018,16727804
2026-02-19,M019,16527811
2026-02-19,M020,12948019
2026-02-19,M021,16555946
2026-02-19,M022,11905817
2026-02-19,M023,14940824
2026-02-19,M024,13579979
2026-02-19,M025,14117837
2026-02-19,M026,19523717
2026-02-19,M027,22414317
2026-02-19,M028,14960481
2026-02-19,M029,12152983
2026-02-19,M030,15020076
2026-02-19,M031,19254267
2026-02-19,M032,14891520
2026-02-19,M033,17110428
2026-02-19,M034,20679561
2026-02-19,M035,24682485
2026-02-19,M036,13892343
2026-02-19,M037,13897798
2026-02-19,M038,17436803
2026-02-19,M039,20349795
2026-02-19,M040,18246607
2026-02-19,M041,20120625
2026-02-19,M042,26742474
2026-02-19,M043,21767251
2026-02-19,M044,17535826
2026-02-19,M045,19572184
2026-02-19,M046,19807997
2026-02-19,M047,25522996
2026-02-19,M048,19529490
2026-02-20,M001,8150477
2026-02-20,M002,7821028
2026-02-20,M003,8775838
2026-02-20,M004,8103451
2026-02-20,M005,13768024
2026-02-20,M006,13261916
2026-02-20,M007,14486195
2026-02-20,M008,6618024
2026-02-20,M009,12313349
2026-02-20,M010,10421252
2026-02-20,M011,12274965
2026-02-20,M012,10285753
2026-02-20,M013,18634218
2026-02-20,M014,16183649
2026-02-20,M015,11272677
2026-02-20,M016,9953766
2026-02-20,M017,17281148
2026-02-20,M018,13883968
2026-02-20,M019,15421272
2026-02-20,M020,12495443
2026-02-20,M021,22532157
2026-02-20,M022,11764967
2026-02-20,M023,14465926
2026-02-20,M024,11536050
2026-02-20,M025,20019976
2026-02-20,M026,17209580
2026-02-20,M027,18524851
2026-02-20,M028,14740927
2026-02-20,M029,15542267
2026-02-20,M030,15006949
2026-02-20,M031,17134973
2026-02-20,M032,14427947
2026-02-20,M033,24444501
2026-02-20,M034,20340266
2026-02-20,M035,23637996
2026-02-20,M036,12999383
2026-02-20,M037,21133655
2026-02-20,M038,17578076
2026-02-20,M039,20103064
2026-02-20,M040,15126079
2026-02-20,M041,26782003
2026-02-20,M042,22230709
2026-02-20,M043,16767454
2026-02-20,M044,16440374
2026-02-20,M045,24937571
2026-02-20,M046,20335858
2026-02-20,M047,23286033
2026-02-20,M048,19123682
2026-02-21,M001,6756110
2026-02-21,M002,5506552
2026-02-21,M003,8814542
2026-02-21,M004,9202548
2026-02-21,M005,12533675
2026-02-21,M006,10431365
2026-02-21,M007,14072746
2026-02-21,M008,8050188
2026-02-21,M009,11864068
2026-02-21,M010,8281098
2026-02-21,M011,10846252
2026-02-21,M012,11817488
2026-02-21,M013,14905334
2026-02-21,M014,12403760
2026-02-21,M015,8781723
2026-02-21,M016,10024687
2026-02-21,M017,13737722
2026-02-21,M018,11657303
2026-02-21,M019,12660245
2026-02-21,M020,15038974
2026-02-21,M021,18795346
2026-02-21,M022,8274857
2026-02-21,M023,12950245
2026-02-21,M024,13638012
2026-02-21,M025,17886687
2026-02-21,M026,12887708
2026-02-21,M027,16406674
2026-02-21,M028,18046843
2026-02-21,M029,15109598
2026-02-21,M030,10524147
2026-02-21,M031,14956796
2026-02-21,M032,16277444
2026-02-21,M033,21030326
2026-02-21,M034,15644969
2026-02-21,M035,20213483
2026-02-21,M036,15218682
2026-02-21,M037,16999850
2026-02-21,M038,13697604
2026-02-21,M039,16375013
2026-02-21,M040,18640076
2026-02-21,M041,24726906
2026-02-21,M042,17351928
2026-02-21,M043,16645463
2026-02-21,M044,17272272
2026-02-21,M045,21897622
2026-02-21,M046,14804508
2026-02-21,M047,19126387
2026-02-21,M048,22413452
2026-02-22,M001,4336656
2026-02-22,M002,8016183
2026-02-22,M003,7343500
2026-02-22,M004,13610627
2026-02-22,M005,7050451
2026-02-22,M006,13315383
2026-02-22,M007,10543859
2026-02-22,M008,11467564
2026-02-22,M009,6436231
2026-02-22,M010,11429143
2026-02-22,M011,8646382
2026-02-22,M012,15552791
2026-02-22,M013,8475257
2026-02-22,M014,17527236
2026-02-22,M015,7497052
2026-02-22,M016,14936776
2026-02-22,M017,8891528
2026-02-22,M018,15553936
2026-02-22,M019,11788922
2026-02-22,M020,21656488
2026-02-22,M021,10775589
2026-02-22,M022,13404202
2026-02-22,M023,9699744
2026-02-22,M024,19343677
2026-02-22,M025,9781069
2026-02-22,M026,18930524
2026-02-22,M027,14015916
2026-02-22,M028,23840847
2026-02-22,M029,7809268
2026-02-22,M030,15872640
2026-02-22,M031,12317090
2026-02-22,M032,20852374
2026-02-22,M033,11382863
2026-02-22,M034,19891057
2026-02-22,M035,17943720
2026-02-22,M036,20862068
2026-02-22,M037,10252304
2026-02-22,M038,19044450
2026-02-22,M039,13896359
2026-02-22,M040,25731446
2026-02-22,M041,12974214
2026-02-22,M042,24842514
2026-02-22,M043,14078846
2026-02-22,M044,25883730
2026-02-22,M045,13137935
2026-02-22,M046,20375097
2026-02-22,M047,16861620
2026-02-22,M048,30557677
2026-02-23,M001,5832505
2026-02-23,M002,8069620
2026-02-23,M003,10360507
2026-02-23,M004,8620458
2026-02-23,M005,11399829
2026-02-23,M006,14704540
2026-02-23,M007,17886000
2026-02-23,M008,8176276
2026-02-23,M009,10146133
2026-02-23,M010,11111398
2026-02-23,M011,12550770
2026-02-23,M012,12269796
2026-02-23,M013,12932052
2026-02-23,M014,17725229
2026-02-23,M015,12941678
2026-02-23,M016,10142674
2026-02-23,M017,13295056
2026-02-23,M018,15715219
2026-02-23,M019,16334708
2026-02-23,M020,14211700
2026-02-23,M021,15182235
2026-02-23,M022,13754131
2026-02-23,M023,15015360
2026-02-23,M024,13622398
2026-02-23,M025,14975034
2026-02-23,M026,18086860
2026-02-23,M027,22274162
2026-02-23,M028,15834085
2026-02-23,M029,12483959
2026-02-23,M030,15754701
2026-02-23,M031,19960687
2026-02-23,M032,15403196
2026-02-23,M033,17977408
2026-02-23,M034,21928717
2026-02-23,M035,27066748
2026-02-23,M036,14124539
2026-02-23,M037,14816459
2026-02-23,M038,19613704
2026-02-23,M039,21198259
2026-02-23,M040,18657161
2026-02-23,M041,21847515
2026-02-23,M042,24739268
2026-02-23,M043,18951968
2026-02-23,M044,16405241
2026-02-23,M045,20826196
2026-02-23,M046,22364420
2026-02-23,M047,22707198
2026-02-23,M048,20538771
2026-02-24,M001,7821968
2026-02-24,M002,8080976
2026-02-24,M003,9491453
2026-02-24,M004,8728319
2026-02-24,M005,14989576
2026-02-24,M006,11718406
2026-02-24,M007,14652572
2026-02-24,M008,7579472
2026-02-24,M009,12566945
2026-02-24,M010,10491877
2026-02-24,M011,11726128
2026-02-24,M012,10974601
2026-02-24,M013,16825548
2026-02-24,M014,14883407
2026-02-24,M015,10675271
2026-02-24,M016,9725365
2026-02-24,M017,17176961
2026-02-24,M018,13204954
2026-02-24,M019,13913597
2026-02-24,M020,12939189
2026-02-24,M021,22551834
2026-02-24,M022,11958791
2026-02-24,M023,12607653
2026-02-24,M024,10724817
2026-02-24,M025,20530978
2026-02-24,M026,15790924
2026-02-24,M027,20129019
2026-02-24,M028,13791734
2026-02-24,M029,15591242
2026-02-24,M030,15253205
2026-02-24,M031,16800485
2026-02-24,M032,14074479
2026-02-24,M033,23285390
2026-02-24,M034,19266986
2026-02-24,M035,22048481
2026-02-24,M036,13242738
2026-02-24,M037,19454846
2026-02-24,M038,17407172
2026-02-24,M039,19819538
2026-02-24,M040,15440688
2026-02-24,M041,28427573
2026-02-24,M042,21146775
2026-02-24,M043,18870814
2026-02-24,M044,15808052
2026-02-24,M045,27856049
2026-02-24,M046,18922224
2026-02-24,M047,22017130
2026-02-24,M048,16741490
2026-02-25,M001,7776872
2026-02-25,M002,6483114
2026-02-25,M003,9288514
2026-02-25,M004,10293233
2026-02-25,M005,14328293
2026-02-25,M006,10376571
2026-02-25,M007,15187549
2026-02-25,M008,9044543
2026-02-25,M009,13663111
2026-02-25,M010,8670383
2026-02-25,M011,11677918
2026-02-25,M012,13846767
2026-02-25,M013,17078973
2026-02-25,M014,14042737
2026-02-25,M015,10041271
2026-02-25,M016,12149126
2026-02-25,M017,16573616
2026-02-25,M018,11499171
2026-02-25,M019,14641514
2026-02-25,M020,17080141
2026-02-25,M021,19460700
2026-02-25,M022,10421724
2026-02-25,M023,13697192
2026-02-25,M024,15076800
2026-02-25,M025,20081998
2026-02-25,M026,14471407
2026-02-25,M027,19465439
2026-02-25,M028,19190053
2026-02-25,M029,15805993
2026-02-25,M030,11448050
2026-02-25,M031,17394789
2026-02-25,M032,17408103
2026-02-25,M033,24993216
2026-02-25,M034,17203856
2026-02-25,M035,21347260
2026-02-25,M036,16636404
2026-02-25,M037,18226237
2026-02-25,M038,14039476
2026-02-25,M039,18294183
2026-02-25,M040,20793897
2026-02-25,M041,24939838
2026-02-25,M042,19927319
2026-02-25,M043,17608307
2026-02-25,M044,20013924
2026-02-25,M045,26005726
2026-02-25,M046,15536395
2026-02-25,M047,21728127
2026-02-25,M048,21835509
2026-02-26,M001,4564032
2026-02-26,M002,9654305
2026-02-26,M003,8040383
2026-02-26,M004,14211473
2026-02-26,M005,8113482
2026-02-26,M006,14988299
2026-02-26,M007,12337046
2026-02-26,M008,11961554
2026-02-26,M009,6914953
2026-02-26,M010,12787412
2026-02-26,M011,10105198
2026-02-26,M012,19159966
2026-02-26,M013,9458720
2026-02-26,M014,19629345
2026-02-26,M015,8282025
2026-02-26,M016,16071532
2026-02-26,M017,8846715
2026-02-26,M018,18301331
2026-02-26,M019,12432519
2026-02-26,M020,22719443
2026-02-26,M021,11233003
2026-02-26,M022,14393344
2026-02-26,M023,12144640
2026-02-26,M024,20798409
2026-02-26,M025,11866410
2026-02-26,M026,19456357
2026-02-26,M027,15189851
2026-02-26,M028,27351954
2026-02-26,M029,8700902
2026-02-26,M030,17957557
2026-02-26,M031,12912135
2026-02-26,M032,26084911
2026-02-26,M033,13142382
2026-02-26,M034,22039048
2026-02-26,M035,19889617
2026-02-26,M036,23213373
2026-02-26,M037,10254823
2026-02-26,M038,19404373
2026-02-26,M039,16181560
2026-02-26,M040,29355969
2026-02-26,M041,14385977
2026-02-26,M042,26280603
2026-02-26,M043,14697058
2026-02-26,M044,29185230
2026-02-26,M045,14770749
2026-02-26,M046,21379877
2026-02-26,M047,19196066
2026-02-26,M048,31465226
2026-02-27,M001,5823369
2026-02-27,M002,7784291
2026-02-27,M003,9825353
2026-02-27,M004,8883114
2026-02-27,M005,11184688
2026-02-27,M006,14054592
2026-02-27,M007,16023983
2026-02-27,M008,7616264
2026-02-27,M009,9704111
2026-02-27,M010,10674570
2026-02-27,M011,13959529
2026-02-27,M012,11659837
2026-02-27,M013,14309397
2026-02-27,M014,17945796
2026-02-27,M015,12109498
2026-02-27,M016,10158282
2026-02-27,M017,12051356
2026-02-27,M018,15358721
2026-02-27,M019,16512634
2026-02-27,M020,13850295
2026-02-27,M021,17109360
2026-02-27,M022,12568633
2026-02-27,M023,15525393
2026-02-27,M024,13456378
2026-02-27,M025,14800509
2026-02-27,M026,19904264
2026-02-27,M027,20786338
2026-02-27,M028,16607240
2026-02-27,M029,11700389
2026-02-27,M030,16910131
2026-02-27,M031,17693193
2026-02-27,M032,15294861
2026-02-27,M033,16723394
2026-02-27,M034,21507346
2026-02-27,M035,25084904
2026-02-27,M036,15053359
2026-02-27,M037,14669634
2026-02-27,M038,17998524
2026-02-27,M039,19887159
2026-02-27,M040,17458306
2026-02-27,M041,20572187
2026-02-27,M042,23911309
2026-02-27,M043,21222246
2026-02-27,M044,17531778
2026-02-27,M045,20540318
2026-02-27,M046,23014707
2026-02-27,M047,23925926
2026-02-27,M048,19168455
2026-02-28,M001,7089780
2026-02-28,M002,6554484
2026-02-28,M003,7648512
2026-02-28,M004,7858109
2026-02-28,M005,12897714
2026-02-28,M006,10933564
2026-02-28,M007,13551168
2026-02-28,M008,6224333
2026-02-28,M009,11697737
2026-02-28,M010,8822832
2026-02-28,M011,10848366
2026-02-28,M012,10046585
2026-02-28,M013,15946134
2026-02-28,M014,14434850
2026-02-28,M015,10101997
2026-02-28,M016,8854921
2026-02-28,M017,14804542
2026-02-28,M018,11909150
2026-02-28,M019,13182623
2026-02-28,M020,10362563
2026-02-28,M021,18341480
2026-02-28,M022,10322993
2026-02-28,M023,12741710
2026-02-28,M024,9806172
2026-02-28,M025,17547445
2026-02-28,M026,14359161
2026-02-28,M027,18086826
2026-02-28,M028,13860731
2026-02-28,M029,15261509
2026-02-28,M030,13777143
2026-02-28,M031,14527994
2026-02-28,M032,12756536
2026-02-28,M033,22416574
2026-02-28,M034,18749205
2026-02-28,M035,20051709
2026-02-28,M036,12583444
2026-02-28,M037,16821527
2026-02-28,M038,14676041
2026-02-28,M039,15808084
2026-02-28,M040,14472423
2026-02-28,M041,24797093
2026-02-28,M042,19715895
2026-02-28,M043,16859582
2026-02-28,M044,14259383
2026-02-28,M045,24624313
2026-02-28,M046,16383918
2026-02-28,M047,19713876
2026-02-28,M048,16388467
2026-03-01,M001,7840043
2026-03-01,M002,5474065
2026-03-01,M003,8671761
2026-03-01,M004,9384679
2026-03-01,M005,13938886
2026-03-01,M006,9741994
2026-03-01,M007,13904673
2026-03-01,M008,8877799
2026-03-01,M009,12153436
2026-03-01,M010,7843606
2026-03-01,M011,11755133
2026-03-01,M012,11486447
2026-03-01,M013,15213312
2026-03-01,M014,11861372
2026-03-01,M015,9805868
2026-03-01,M016,10747201
2026-03-01,M017,15878852
2026-03-01,M018,11489507
2026-03-01,M019,13901814
2026-03-01,M020,15341907
2026-03-01,M021,19904785
2026-03-01,M022,9022061
2026-03-01,M023,11772407
2026-03-01,M024,14345883
2026-03-01,M025,17278996
2026-03-01,M026,13223449
2026-03-01,M027,19150723
2026-03-01,M028,16953755
2026-03-01,M029,15457533
2026-03-01,M030,12014764
2026-03-01,M031,15127872
2026-03-01,M032,16298342
2026-03-01,M033,20223027
2026-03-01,M034,14901994
2026-03-01,M035,20896444
2026-03-01,M036,16210626
2026-03-01,M037,18900767
2026-03-01,M038,12194425
2026-03-01,M039,17369759
2026-03-01,M040,18816847
2026-03-01,M041,25406143
2026-03-01,M042,18929259
2026-03-01,M043,17601191
2026-03-01,M044,19417895
2026-03-01,M045,25477199
2026-03-01,M046,14635459
2026-03-01,M047,19976224
2026-03-01,M048,19704310
2026-03-02,M001,4702446
2026-03-02,M002,8879774
2026-03-02,M003,7422722
2026-03-02,M004,14239630
2026-03-02,M005,8253945
2026-03-02,M006,15492262
2026-03-02,M007,13387504
2026-03-02,M008,14135816
2026-03-02,M009,6918636
2026-03-02,M010,11608203
2026-03-02,M011,9994087
2026-03-02,M012,18055113
2026-03-02,M013,10162026
2026-03-02,M014,18381580
2026-03-02,M015,9518042
2026-03-02,M016,17844614
2026-03-02,M017,9667139
2026-03-02,M018,18865621
2026-03-02,M019,12351160
2026-03-02,M020,21632491
2026-03-02,M021,13041448
2026-03-02,M022,13799069
2026-03-02,M023,11400151
2026-03-02,M024,22542131
2026-03-02,M025,11933439
2026-03-02,M026,21426346
2026-03-02,M027,16990274
2026-03-02,M028,26047016
2026-03-02,M029,9475168
2026-03-02,M030,18941463
2026-03-02,M031,14134402
2026-03-02,M032,27560180
2026-03-02,M033,13917402
2026-03-02,M034,24843163
2026-03-02,M035,17778790
2026-03-02,M036,23661383
2026-03-02,M037,11149801
2026-03-02,M038,19196515
2026-03-02,M039,16206792
2026-03-02,M040,29781599
2026-03-02,M041,16255501
2026-03-02,M042,27506770
2026-03-02,M043,14644565
2026-03-02,M044,29477368
2026-03-02,M045,13777319
2026-03-02,M046,22659534
2026-03-02,M047,17082260
2026-03-02,M048,35231704
2026-03-03,M001,6618432
2026-03-03,M002,9140965
2026-03-03,M003,10286012
2026-03-03,M004,8784013
2026-03-03,M005,10811741
2026-03-03,M006,15528268
2026-03-03,M007,17903074
2026-03-03,M008,8073796
2026-03-03,M009,10161233
2026-03-03,M010,11834167
2026-03-03,M011,14166324
2026-03-03,M012,11709391
2026-03-03,M013,12925091
2026-03-03,M014,18420029
2026-03-03,M015,12511074
2026-03-03,M016,10306208
2026-03-03,M017,12533681
2026-03-03,M018,16640860
2026-03-03,M019,15770267
2026-03-03,M020,14852650
2026-03-03,M021,16978753
2026-03-03,M022,14192924
2026-03-03,M023,16928244
2026-03-03,M024,14013951
2026-03-03,M025,14634305
2026-03-03,M026,20580439
2026-03-03,M027,24298388
2026-03-03,M028,17013990
2026-03-03,M029,12173124
2026-03-03,M030,15218483
2026-03-03,M031,19446318
2026-03-03,M032,16572947
2026-03-03,M033,19358052
2026-03-03,M034,22803863
2026-03-03,M035,27707677
2026-03-03,M036,14637608
2026-03-03,M037,16167026
2026-03-03,M038,18159200
2026-03-03,M039,22278431
2026-03-03,M040,19177219
2026-03-03,M041,19940521
2026-03-03,M042,26950662
2026-03-03,M043,19903399
2026-03-03,M044,17266352
2026-03-03,M045,19714452
2026-03-03,M046,21616543
2026-03-03,M047,25406732
2026-03-03,M048,20186709
2026-03-04,M001,9033059
2026-03-04,M002,8000386
2026-03-04,M003,9841546
2026-03-04,M004,7802860
2026-03-04,M005,16034895
2026-03-04,M006,13514755
2026-03-04,M007,15562040
2026-03-04,M008,6906148
2026-03-04,M009,13131627
2026-03-04,M010,9734063
2026-03-04,M011,13050315
2026-03-04,M012,10303475
2026-03-04,M013,19897249
2026-03-04,M014,15042805
2026-03-04,M015,10780697
2026-03-04,M016,9096169
2026-03-04,M017,17952323
2026-03-04,M018,13597167
2026-03-04,M019,15872852
2026-03-04,M020,13318548
2026-03-04,M021,21719508
2026-03-04,M022,12576765
2026-03-04,M023,14760292
2026-03-04,M024,11720304
2026-03-04,M025,20604163
2026-03-04,M026,16951329
2026-03-04,M027,21190857
2026-03-04,M028,15180531
2026-03-04,M029,16318168
2026-03-04,M030,15518629
2026-03-04,M031,16656357
2026-03-04,M032,14886192
2026-03-04,M033,25194816
2026-03-04,M034,18586837
2026-03-04,M035,24404757
2026-03-04,M036,13147926
2026-03-04,M037,19227922
2026-03-04,M038,17587533
2026-03-04,M039,18370196
2026-03-04,M040,15617937
2026-03-04,M041,29662846
2026-03-04,M042,21072706
2026-03-04,M043,17421892
2026-03-04,M044,14906865
2026-03-04,M045,28134826
2026-03-04,M046,19554281
2026-03-04,M047,22332770
2026-03-04,M048,19651575
2026-03-05,M001,8504064
2026-03-05,M002,6250096
2026-03-05,M003,9366656
2026-03-05,M004,11522446
2026-03-05,M005,14755574
2026-03-05,M006,10218452
2026-03-05,M007,15884569
2026-03-05,M008,9953378
2026-03-05,M009,13885504
2026-03-05,M010,8869681
2026-03-05,M011,11341813
2026-03-05,M012,14304087
2026-03-05,M013,16845405
2026-03-05,M014,14363150
2026-03-05,M015,10785190
2026-03-05,M016,12532731
2026-03-05,M017,17184281
2026-03-05,M018,11986191
2026-03-05,M019,15510993
2026-03-05,M020,17244985
2026-03-05,M021,22929888
2026-03-05,M022,10330853
2026-03-05,M023,14021827
2026-03-05,M024,15107817
2026-03-05,M025,21785679
2026-03-05,M026,14078848
2026-03-05,M027,20389144
2026-03-05,M028,19224855
2026-03-05,M029,16840741
2026-03-05,M030,12031267
2026-03-05,M031,15305754
2026-03-05,M032,19022535
2026-03-05,M033,25334205
2026-03-05,M034,18302347
2026-03-05,M035,22257467
2026-03-05,M036,17551401
2026-03-05,M037,19931544
2026-03-05,M038,14507888
2026-03-05,M039,18417663
2026-03-05,M040,20666519
2026-03-05,M041,26207805
2026-03-05,M042,19801083
2026-03-05,M043,17953032
2026-03-05,M044,20381289
2026-03-05,M045,26646274
2026-03-05,M046,16001013
2026-03-05,M047,21289505
2026-03-05,M048,22272210
2026-03-06,M001,4774875
2026-03-06,M002,9229612
2026-03-06,M003,7860956
2026-03-06,M004,15630789
2026-03-06,M005,8337098
2026-03-06,M006,16819280
2026-03-06,M007,12306225
2026-03-06,M008,12773010
2026-03-06,M009,6892253
2026-03-06,M010,11802973
2026-03-06,M011,10135567
2026-03-06,M012,19209621
2026-03-06,M013,9489836
2026-03-06,M014,19680617
2026-03-06,M015,8839008
2026-03-06,M016,16258224
2026-03-06,M017,9220378
2026-03-06,M018,16825116
2026-03-06,M019,12471936
2026-03-06,M020,23336814
2026-03-06,M021,13010051
2026-03-06,M022,13260837
2026-03-06,M023,11240181
2026-03-06,M024,22031746
2026-03-06,M025,11767426
2026-03-06,M026,21504304
2026-03-06,M027,17260807
2026-03-06,M028,26190554
2026-03-06,M029,9794865
2026-03-06,M030,17676111
2026-03-06,M031,14553824
2026-03-06,M032,26314435
2026-03-06,M033,12555079
2026-03-06,M034,24112113
2026-03-06,M035,19844537
2026-03-06,M036,23422126
2026-03-06,M037,11000041
2026-03-06,M038,20547347
2026-03-06,M039,15096776
2026-03-06,M040,30205384
2026-03-06,M041,15591770
2026-03-06,M042,26090995
2026-03-06,M043,16722352
2026-03-06,M044,27157644
2026-03-06,M045,14466446
2026-03-06,M046,24701250
2026-03-06,M047,18664873
2026-03-06,M048,34807013
2026-03-07,M001,6043610
2026-03-07,M002,7227693
2026-03-07,M003,9648532
2026-03-07,M004,8621728
2026-03-07,M005,9865451
2026-03-07,M006,13745918
2026-03-07,M007,14633450
2026-03-07,M008,6742155
2026-03-07,M009,9351317
2026-03-07,M010,11225538
2026-03-07,M011,12491289
2026-03-07,M012,10260962
2026-03-07,M013,13536245
2026-03-07,M014,14713847
2026-03-07,M015,11640697
2026-03-07,M016,9972327
2026-03-07,M017,10984397
2026-03-07,M018,14059763
2026-03-07,M019,16543178
2026-03-07,M020,13100379
2026-03-07,M021,15289725
2026-03-07,M022,11748311
2026-03-07,M023,14692380
2026-03-07,M024,12567181
2026-03-07,M025,14784381
2026-03-07,M026,18357736
2026-03-07,M027,18859793
2026-03-07,M028,14111787
2026-03-07,M029,12048915
2026-03-07,M030,14903482
2026-03-07,M031,18051378
2026-03-07,M032,13063773
2026-03-07,M033,15511771
2026-03-07,M034,19895401
2026-03-07,M035,23517115
2026-03-07,M036,12908054
2026-03-07,M037,14989833
2026-03-07,M038,17843635
2026-03-07,M039,18944317
2026-03-07,M040,17347333
2026-03-07,M041,19382314
2026-03-07,M042,23877428
2026-03-07,M043,18134635
2026-03-07,M044,15789972
2026-03-07,M045,17524398
2026-03-07,M046,19680403
2026-03-07,M047,21162066
2026-03-07,M048,19739773
2026-03-08,M001,7976356
2026-03-08,M002,7371766
2026-03-08,M003,8763992
2026-03-08,M004,7724560
2026-03-08,M005,12891591
2026-03-08,M006,12435950
2026-03-08,M007,13485763
2026-03-08,M008,6126887
2026-03-08,M009,11487483
2026-03-08,M010,9400173
2026-03-08,M011,10916101
2026-03-08,M012,10132457
2026-03-08,M013,17689328
2026-03-08,M014,13115245
2026-03-08,M015,9984916
2026-03-08,M016,8011190
2026-03-08,M017,15136739
2026-03-08,M018,14119976
2026-03-08,M019,13350864
2026-03-08,M020,11511796
2026-03-08,M021,18694035
2026-03-08,M022,10756460
2026-03-08,M023,12867557
2026-03-08,M024,10523489
2026-03-08,M025,17852559
2026-03-08,M026,14842045
2026-03-08,M027,18954930
2026-03-08,M028,14275179
2026-03-08,M029,15851245
2026-03-08,M030,12987146
2026-03-08,M031,15919875
2026-03-08,M032,11922130
2026-03-08,M033,21317304
2026-03-08,M034,19095497
2026-03-08,M035,21803404
2026-03-08,M036,12737675
2026-03-08,M037,18941139
2026-03-08,M038,14468466
2026-03-08,M039,16561358
2026-03-08,M040,14545092
2026-03-08,M041,25620966
2026-03-08,M042,20243938
2026-03-08,M043,16109020
2026-03-08,M044,14336148
2026-03-08,M045,25535381
2026-03-08,M046,16374456
2026-03-08,M047,19110972
2026-03-08,M048,17141039
2026-03-09,M001,7648499
2026-03-09,M002,6917463
2026-03-09,M003,9188215
2026-03-09,M004,11101069
2026-03-09,M005,14481097
2026-03-09,M006,11125888
2026-03-09,M007,13988975
2026-03-09,M008,8680324
2026-03-09,M009,13320548
2026-03-09,M010,9103893
2026-03-09,M011,12373031
2026-03-09,M012,14118408
2026-03-09,M013,17205641
2026-03-09,M014,13476599
2026-03-09,M015,11705177
2026-03-09,M016,12334340
2026-03-09,M017,16528619
2026-03-09,M018,11782711
2026-03-09,M019,15994767
2026-03-09,M020,16966253
2026-03-09,M021,21672629
2026-03-09,M022,10869235
2026-03-09,M023,12972625
2026-03-09,M024,15583057
2026-03-09,M025,21518015
2026-03-09,M026,14592110
2026-03-09,M027,19209756
2026-03-09,M028,18122512
2026-03-09,M029,17823420
2026-03-09,M030,12043140
2026-03-09,M031,16890825
2026-03-09,M032,19543092
2026-03-09,M033,23799017
2026-03-09,M034,15865197
2026-03-09,M035,21847235
2026-03-09,M036,17550316
2026-03-09,M037,19029941
2026-03-09,M038,13671164
2026-03-09,M039,19970841
2026-03-09,M040,20286432
2026-03-09,M041,25903678
2026-03-09,M042,20674317
2026-03-09,M043,19231429
2026-03-09,M044,20135416
2026-03-09,M045,24161863
2026-03-09,M046,17608981
2026-03-09,M047,20456352
2026-03-09,M048,22153795
2026-03-10,M001,4351599
2026-03-10,M002,9556029
2026-03-10,M003,7486302
2026-03-10,M004,15154065
2026-03-10,M005,7796618
2026-03-10,M006,16524923
2026-03-10,M007,12002465
2026-03-10,M008,13832900
2026-03-10,M009,7191704
2026-03-10,M010,11836390
2026-03-10,M011,10627618
2026-03-10,M012,19311702
2026-03-10,M013,10983669
2026-03-10,M014,19186102
2026-03-10,M015,9444619
2026-03-10,M016,16164999
2026-03-10,M017,9068808
2026-03-10,M018,18998383
2026-03-10,M019,12290496
2026-03-10,M020,23984653
2026-03-10,M021,12617089
2026-03-10,M022,14669553
2026-03-10,M023,11191936
2026-03-10,M024,20942675
2026-03-10,M025,12034588
2026-03-10,M026,22664717
2026-03-10,M027,17695937
2026-03-10,M028,28969252
2026-03-10,M029,9286818
2026-03-10,M030,18882026
2026-03-10,M031,13892473
2026-03-10,M032,24424612
2026-03-10,M033,14146229
2026-03-10,M034,23430503
2026-03-10,M035,19099819
2026-03-10,M036,24111305
2026-03-10,M037,11689112
2026-03-10,M038,22123546
2026-03-10,M039,16754374
2026-03-10,M040,31640717
2026-03-10,M041,14667020
2026-03-10,M042,28135330
2026-03-10,M043,14474413
2026-03-10,M044,26190151
2026-03-10,M045,14052749
2026-03-10,M046,21971807
2026-03-10,M047,19375226
2026-03-10,M048,31092435
2026-03-11,M001,6346272
2026-03-11,M002,8022163
2026-03-11,M003,11354601
2026-03-11,M004,9377662
2026-03-11,M005,10684104
2026-03-11,M006,15216440
2026-03-11,M007,16203819
2026-03-11,M008,8295277
2026-03-11,M009,9785639
2026-03-11,M010,11307927
2026-03-11,M011,13352415
2026-03-11,M012,10985769
2026-03-11,M013,14307379
2026-03-11,M014,17795091
2026-03-11,M015,11945503
2026-03-11,M016,11088100
2026-03-11,M017,13313777
2026-03-11,M018,16990892
2026-03-11,M019,16101801
2026-03-11,M020,15043993
2026-03-11,M021,16208366
2026-03-11,M022,13880801
2026-03-11,M023,14895847
2026-03-11,M024,13808569
2026-03-11,M025,14471338
2026-03-11,M026,19203104
2026-03-11,M027,23801117
2026-03-11,M028,16649263
2026-03-11,M029,11976364
2026-03-11,M030,16333199
2026-03-11,M031,19189474
2026-03-11,M032,14584386
2026-03-11,M033,18782839
2026-03-11,M034,24236726
2026-03-11,M035,27399559
2026-03-11,M036,14835499
2026-03-11,M037,15505515
2026-03-11,M038,19052614
2026-03-11,M039,21606740
2026-03-11,M040,17564186
2026-03-11,M041,20593115
2026-03-11,M042,24495814
2026-03-11,M043,19362068
2026-03-11,M044,17109602
2026-03-11,M045,18629065
2026-03-11,M046,21128793
2026-03-11,M047,26943249
2026-03-11,M048,21856635
2026-03-12,M001,8571849
2026-03-12,M002,7984698
2026-03-12,M003,8765019
2026-03-12,M004,8793310
2026-03-12,M005,15616656
2026-03-12,M006,11920997
2026-03-12,M007,14450063
2026-03-12,M008,7429476
2026-03-12,M009,13947394
2026-03-12,M010,11185595
2026-03-12,M011,11574469
2026-03-12,M012,11247924
2026-03-12,M013,17161604
2026-03-12,M014,15427819
2026-03-12,M015,10937460
2026-03-12,M016,9517399
2026-03-12,M017,17763393
2026-03-12,M018,14783796
2026-03-12,M019,16106769
2026-03-12,M020,12842091
2026-03-12,M021,20838402
2026-03-12,M022,11844550
2026-03-12,M023,12966972
2026-03-12,M024,11419249
2026-03-12,M025,20361075
2026-03-12,M026,18118053
2026-03-12,M027,18401985
2026-03-12,M028,13679318
2026-03-12,M029,18048056
2026-03-12,M030,13441339
2026-03-12,M031,17334292
2026-03-12,M032,14994321
2026-03-12,M033,22971702
2026-03-12,M034,18608748
2026-03-12,M035,23713490
2026-03-12,M036,14151569
2026-03-12,M037,19778569
2026-03-12,M038,16191527
2026-03-12,M039,20084614
2026-03-12,M040,17625772
2026-03-12,M041,28228501
2026-03-12,M042,23858654
2026-03-12,M043,19705222
2026-03-12,M044,15190958
2026-03-12,M045,26470015
2026-03-12,M046,18839432
2026-03-12,M047,22285367
2026-03-12,M048,18719229
2026-03-13,M001,8381365
2026-03-13,M002,6283476
2026-03-13,M003,8728040
2026-03-13,M004,11228050
2026-03-13,M005,13808613
2026-03-13,M006,11022695
2026-03-13,M007,16022162
2026-03-13,M008,9687318
2026-03-13,M009,12754174
2026-03-13,M010,9421592
2026-03-13,M011,11783350
2026-03-13,M012,13406222
2026-03-13,M013,18969733
2026-03-13,M014,13062717
2026-03-13,M015,10237439
2026-03-13,M016,11477534
2026-03-13,M017,17616539
2026-03-13,M018,11814017
2026-03-13,M019,14771992
2026-03-13,M020,16369758
2026-03-13,M021,20150363
2026-03-13,M022,10608624
2026-03-13,M023,14126695
2026-03-13,M024,16082348
2026-03-13,M025,20251887
2026-03-13,M026,15495734
2026-03-13,M027,18958813
2026-03-13,M028,20326301
2026-03-13,M029,17304424
2026-03-13,M030,11830549
2026-03-13,M031,17289605
2026-03-13,M032,18925562
2026-03-13,M033,24651610
2026-03-13,M034,18175210
2026-03-13,M035,24179824
2026-03-13,M036,16660684
2026-03-13,M037,18734982
2026-03-13,M038,13922016
2026-03-13,M039,18503944
2026-03-13,M040,20397244
2026-03-13,M041,25931778
2026-03-13,M042,18374423
2026-03-13,M043,19768153
2026-03-13,M044,19036719
2026-03-13,M045,24939676
2026-03-13,M046,16090021
2026-03-13,M047,22734416
2026-03-13,M048,22752753
2026-03-14,M001,4394821
2026-03-14,M002,9021921
2026-03-14,M003,7108240
2026-03-14,M004,13607002
2026-03-14,M005,7542357
2026-03-14,M006,13030246
2026-03-14,M007,11528391
2026-03-14,M008,11970596
2026-03-14,M009,7099610
2026-03-14,M010,11313531
2026-03-14,M011,9916587
2026-03-14,M012,17619147
2026-03-14,M013,9184693
2026-03-14,M014,16877391
2026-03-14,M015,8645658
2026-03-14,M016,14486717
2026-03-14,M017,8314851
2026-03-14,M018,15205668
2026-03-14,M019,11417793
2026-03-14,M020,21007754
2026-03-14,M021,11704457
2026-03-14,M022,12411682
2026-03-14,M023,11156475
2026-03-14,M024,20195593
2026-03-14,M025,10783065
2026-03-14,M026,17946156
2026-03-14,M027,14684018
2026-03-14,M028,25975932
2026-03-14,M029,8843697
2026-03-14,M030,15654949
2026-03-14,M031,12148511
2026-03-14,M032,23871909
2026-03-14,M033,11901037
2026-03-14,M034,23761349
2026-03-14,M035,17860359
2026-03-14,M036,20682462
2026-03-14,M037,10533237
2026-03-14,M038,17568986
2026-03-14,M039,15678124
2026-03-14,M040,27562761
2026-03-14,M041,14665533
2026-03-14,M042,24905149
2026-03-14,M043,13346049
2026-03-14,M044,25727162
2026-03-14,M045,13188633
2026-03-14,M046,21258900
2026-03-14,M047,15864285
2026-03-14,M048,30846065
2026-03-15,M001,5818724
2026-03-15,M002,7702518
2026-03-15,M003,9862707
2026-03-15,M004,8110564
2026-03-15,M005,9714110
2026-03-15,M006,12711138
2026-03-15,M007,14913464
2026-03-15,M008,7140996
2026-03-15,M009,9698506
2026-03-15,M010,10733901
2026-03-15,M011,12396244
2026-03-15,M012,10073886
2026-03-15,M013,12500454
2026-03-15,M014,16315804
2026-03-15,M015,11504292
2026-03-15,M016,8898789
2026-03-15,M017,11236163
2026-03-15,M018,15418205
2026-03-15,M019,16206487
2026-03-15,M020,13527228
2026-03-15,M021,16047623
2026-03-15,M022,12658485
2026-03-15,M023,15200736
2026-03-15,M024,12365298
2026-03-15,M025,13436037
2026-03-15,M026,16808971
2026-03-15,M027,19106865
2026-03-15,M028,14655030
2026-03-15,M029,11830654
2026-03-15,M030,14396301
2026-03-15,M031,16140033
2026-03-15,M032,15211619
2026-03-15,M033,16233331
2026-03-15,M034,21011522
2026-03-15,M035,22857682
2026-03-15,M036,12339299
2026-03-15,M037,14268657
2026-03-15,M038,17686677
2026-03-15,M039,20719131
2026-03-15,M040,17303663
2026-03-15,M041,19696168
2026-03-15,M042,22154623
2026-03-15,M043,17775211
2026-03-15,M044,15036827
2026-03-15,M045,18428829
2026-03-15,M046,19180154
2026-03-15,M047,22110668
2026-03-15,M048,18364221
2026-03-16,M001,8651145
2026-03-16,M002,8178800
2026-03-16,M003,9972421
2026-03-16,M004,8516395
2026-03-16,M005,14848066
2026-03-16,M006,12839583
2026-03-16,M007,15614298
2026-03-16,M008,7124030
2026-03-16,M009,13201005
2026-03-16,M010,10716662
2026-03-16,M011,12187819
2026-03-16,M012,11238076
2026-03-16,M013,19220581
2026-03-16,M014,16635700
2026-03-16,M015,10850933
2026-03-16,M016,9881703
2026-03-16,M017,17283475
2026-03-16,M018,15577921
2026-03-16,M019,16105600
2026-03-16,M020,12544867
2026-03-16,M021,20451722
2026-03-16,M022,12290235
2026-03-16,M023,13764894
2026-03-16,M024,12460033
2026-03-16,M025,19580069
2026-03-16,M026,18329070
2026-03-16,M027,19278090
2026-03-16,M028,13776232
2026-03-16,M029,16166464
2026-03-16,M030,15667620
2026-03-16,M031,16124723
2026-03-16,M032,13804031
2026-03-16,M033,24371089
2026-03-16,M034,21190773
2026-03-16,M035,22044455
2026-03-16,M036,12537948
2026-03-16,M037,21952310
2026-03-16,M038,17129079
2026-03-16,M039,19204777
2026-03-16,M040,16624147
2026-03-16,M041,26661838
2026-03-16,M042,22645633
2026-03-16,M043,18498765
2026-03-16,M044,15610312
2026-03-16,M045,25758903
2026-03-16,M046,19970220
2026-03-16,M047,20698042
2026-03-16,M048,17150097
2026-03-17,M001,8015541
2026-03-17,M002,6630328
2026-03-17,M003,9483928
2026-03-17,M004,10155732
2026-03-17,M005,13714898
2026-03-17,M006,10633095
2026-03-17,M007,15099496
2026-03-17,M008,9784716
2026-03-17,M009,12974428
2026-03-17,M010,9140705
2026-03-17,M011,11692879
2026-03-17,M012,14289857
2026-03-17,M013,17098302
2026-03-17,M014,13044563
2026-03-17,M015,10781502
2026-03-17,M016,11789557
2026-03-17,M017,16677324
2026-03-17,M018,11576403
2026-03-17,M019,14670493
2026-03-17,M020,16508350
2026-03-17,M021,22343437
2026-03-17,M022,10011957
2026-03-17,M023,14323303
2026-03-17,M024,15754901
2026-03-17,M025,21691842
2026-03-17,M026,14589264
2026-03-17,M027,18367142
2026-03-17,M028,20313836
2026-03-17,M029,16613925
2026-03-17,M030,13023095
2026-03-17,M031,17723244
2026-03-17,M032,18480385
2026-03-17,M033,25042108
2026-03-17,M034,18298356
2026-03-17,M035,20786729
2026-03-17,M036,16299144
2026-03-17,M037,21310108
2026-03-17,M038,14983591
2026-03-17,M039,20572329
2026-03-17,M040,21932850
2026-03-17,M041,26139057
2026-03-17,M042,20648457
2026-03-17,M043,18439709
2026-03-17,M044,18590368
2026-03-17,M045,27215298
2026-03-17,M046,17240964
2026-03-17,M047,22592780
2026-03-17,M048,22584329
2026-03-18,M001,4445446
2026-03-18,M002,9751957
2026-03-18,M003,8036133
2026-03-18,M004,15069040
2026-03-18,M005,7927163
2026-03-18,M006,16493147
2026-03-18,M007,12279803
2026-03-18,M008,13783211
2026-03-18,M009,7097734
2026-03-18,M010,12473255
2026-03-18,M011,10399987
2026-03-18,M012,18655375
2026-03-18,M013,10043815
2026-03-18,M014,18280994
2026-03-18,M015,9336011
2026-03-18,M016,17970758
2026-03-18,M017,9299056
2026-03-18,M018,18394832
2026-03-18,M019,11761706
2026-03-18,M020,24202932
2026-03-18,M021,12438714
2026-03-18,M022,15335988
2026-03-18,M023,11593682
2026-03-18,M024,19974621
2026-03-18,M025,10602676
2026-03-18,M026,21503720
2026-03-18,M027,17121340
2026-03-18,M028,25068912
2026-03-18,M029,8898667
2026-03-18,M030,18856816
2026-03-18,M031,13335144
2026-03-18,M032,24922210
2026-03-18,M033,14171110
2026-03-18,M034,26039753
2026-03-18,M035,19724618
2026-03-18,M036,23011098
2026-03-18,M037,11939655
2026-03-18,M038,19382648
2026-03-18,M039,15191496
2026-03-18,M040,31782997
2026-03-18,M041,14771740
2026-03-18,M042,25983148
2026-03-18,M043,15302220
2026-03-18,M044,28046649
2026-03-18,M045,13726645
2026-03-18,M046,23331686
2026-03-18,M047,18178418
2026-03-18,M048,33108804
2026-03-19,M001,6687560
2026-03-19,M002,8450147
2026-03-19,M003,10504593
2026-03-19,M004,8732105
2026-03-19,M005,10813936
2026-03-19,M006,13723312
2026-03-19,M007,17297190
2026-03-19,M008,7765689
2026-03-19,M009,9657118
2026-03-19,M010,11541635
2026-03-19,M011,13516145
2026-03-19,M012,11744740
2026-03-19,M013,13772511
2026-03-19,M014,16730581
2026-03-19,M015,12749100
2026-03-19,M016,10701846
2026-03-19,M017,13446585
2026-03-19,M018,15760440
2026-03-19,M019,18127101
2026-03-19,M020,13838147
2026-03-19,M021,17058255
2026-03-19,M022,14290723
2026-03-19,M023,16043286
2026-03-19,M024,13968812
2026-03-19,M025,15776583
2026-03-19,M026,19603428
2026-03-19,M027,22884762
2026-03-19,M028,15499441
2026-03-19,M029,12257172
2026-03-19,M030,16154226
2026-03-19,M031,19544673
2026-03-19,M032,16610001
2026-03-19,M033,17682943
2026-03-19,M034,20932436
2026-03-19,M035,25932152
2026-03-19,M036,15092380
2026-03-19,M037,14534939
2026-03-19,M038,19269170
2026-03-19,M039,22170302
2026-03-19,M040,18234513
2026-03-19,M041,20790436
2026-03-19,M042,27469895
2026-03-19,M043,20201305
2026-03-19,M044,16932966
2026-03-19,M045,20397672
2026-03-19,M046,20572876
2026-03-19,M047,23984196
2026-03-19,M048,20913010
2026-03-20,M001,8393688
2026-03-20,M002,8008752
2026-03-20,M003,9154868
2026-03-20,M004,8452260
2026-03-20,M005,16047516
2026-03-20,M006,12651433
2026-03-20,M007,16079760
2026-03-20,M008,7829749
2026-03-20,M009,14228307
2026-03-20,M010,11171527
2026-03-20,M011,12697399
2026-03-20,M012,10470096
2026-03-20,M013,19254016
2026-03-20,M014,16095149
2026-03-20,M015,11657504
2026-03-20,M016,9807761
2026-03-20,M017,16371600
2026-03-20,M018,14524900
2026-03-20,M019,14628137
2026-03-20,M020,12109229
2026-03-20,M021,21720208
2026-03-20,M022,12389297
2026-03-20,M023,14106925
2026-03-20,M024,11175236
2026-03-20,M025,21629958
2026-03-20,M026,16388221
2026-03-20,M027,20971685
2026-03-20,M028,14959649
2026-03-20,M029,15791830
2026-03-20,M030,14946704
2026-03-20,M031,17985025
2026-03-20,M032,14756829
2026-03-20,M033,24522177
2026-03-20,M034,21271718
2026-03-20,M035,21442867
2026-03-20,M036,13427739
2026-03-20,M037,20619366
2026-03-20,M038,17350887
2026-03-20,M039,18180395
2026-03-20,M040,17509632
2026-03-20,M041,26474698
2026-03-20,M042,23360132
2026-03-20,M043,19704131
2026-03-20,M044,16267356
2026-03-20,M045,26779137
2026-03-20,M046,19069592
2026-03-20,M047,22542289
2026-03-20,M048,17157618
2026-03-21,M001,7761633
2026-03-21,M002,5843913
2026-03-21,M003,9093594
2026-03-21,M004,9959835
2026-03-21,M005,12326820
2026-03-21,M006,9878948
2026-03-21,M007,14087520
2026-03-21,M008,8501971
2026-03-21,M009,12046573
2026-03-21,M010,7330862
2026-03-21,M011,10592095
2026-03-21,M012,12671896
2026-03-21,M013,16618000
2026-03-21,M014,12050166
2026-03-21,M015,9964112
2026-03-21,M016,11992711
2026-03-21,M017,16157910
2026-03-21,M018,11177021
2026-03-21,M019,13342387
2026-03-21,M020,14568631
2026-03-21,M021,18950900
2026-03-21,M022,8456024
2026-03-21,M023,11950976
2026-03-21,M024,14430139
2026-03-21,M025,18887712
2026-03-21,M026,12634008
2026-03-21,M027,18813650
2026-03-21,M028,15921226
2026-03-21,M029,16167983
2026-03-21,M030,11702273
2026-03-21,M031,13848415
2026-03-21,M032,15112107
2026-03-21,M033,21722552
2026-03-21,M034,14953134
2026-03-21,M035,20204600
2026-03-21,M036,15002792
2026-03-21,M037,19133927
2026-03-21,M038,12371351
2026-03-21,M039,16133505
2026-03-21,M040,20094501
2026-03-21,M041,23540164
2026-03-21,M042,18709916
2026-03-21,M043,15771655
2026-03-21,M044,16974825
2026-03-21,M045,24480972
2026-03-21,M046,15497086
2026-03-21,M047,20230258
2026-03-21,M048,19758529
2026-03-22,M001,4433537
2026-03-22,M002,7816611
2026-03-22,M003,6903825
2026-03-22,M004,13688022
2026-03-22,M005,7452908
2026-03-22,M006,13647893
2026-03-22,M007,11726101
2026-03-22,M008,12549398
2026-03-22,M009,6087708
2026-03-22,M010,10503528
2026-03-22,M011,9543863
2026-03-22,M012,16038222
2026-03-22,M013,8563306
2026-03-22,M014,16223419
2026-03-22,M015,8422344
2026-03-22,M016,16331782
2026-03-22,M017,8977663
2026-03-22,M018,16065501
2026-03-22,M019,11798178
2026-03-22,M020,20581005
2026-03-22,M021,10751979
2026-03-22,M022,13756580
2026-03-22,M023,10382552
2026-03-22,M024,18323047
2026-03-22,M025,10960305
2026-03-22,M026,19650916
2026-03-22,M027,16120396
2026-03-22,M028,25178351
2026-03-22,M029,9090405
2026-03-22,M030,15382209
2026-03-22,M031,12227292
2026-03-22,M032,21312455
2026-03-22,M033,12819480
2026-03-22,M034,23112507
2026-03-22,M035,17118080
2026-03-22,M036,22724937
2026-03-22,M037,9719077
2026-03-22,M038,20105375
2026-03-22,M039,14270700
2026-03-22,M040,27187316
2026-03-22,M041,13874238
2026-03-22,M042,26383276
2026-03-22,M043,14368673
2026-03-22,M044,23765816
2026-03-22,M045,13860084
2026-03-22,M046,20038786
2026-03-22,M047,16227029
2026-03-22,M048,29355966
2026-03-23,M001,6572698
2026-03-23,M002,8506472
2026-03-23,M003,10817069
2026-03-23,M004,9169172
2026-03-23,M005,10540299
2026-03-23,M006,15007211
2026-03-23,M007,16977152
2026-03-23,M008,8154029
2026-03-23,M009,10684194
2026-03-23,M010,11777546
2026-03-23,M011,13268316
2026-03-23,M012,12070451
2026-03-23,M013,14578583
2026-03-23,M014,18900974
2026-03-23,M015,12888096
2026-03-23,M016,11111112
2026-03-23,M017,11823847
2026-03-23,M018,15362801
2026-03-23,M019,16089260
2026-03-23,M020,14039988
2026-03-23,M021,16582069
2026-03-23,M022,12201901
2026-03-23,M023,15971297
2026-03-23,M024,14207703
2026-03-23,M025,15619349
2026-03-23,M026,19689187
2026-03-23,M027,20822570
2026-03-23,M028,15319302
2026-03-23,M029,12831542
2026-03-23,M030,15623664
2026-03-23,M031,18555561
2026-03-23,M032,15840895
2026-03-23,M033,18624861
2026-03-23,M034,22666569
2026-03-23,M035,25603018
2026-03-23,M036,14471002
2026-03-23,M037,14941197
2026-03-23,M038,18284413
2026-03-23,M039,22660475
2026-03-23,M040,16750909
2026-03-23,M041,20367270
2026-03-23,M042,26496523
2026-03-23,M043,22545433
2026-03-23,M044,18601755
2026-03-23,M045,20149201
2026-03-23,M046,22781402
2026-03-23,M047,26355501
2026-03-23,M048,20705608
2026-03-24,M001,8046814
2026-03-24,M002,7547906
2026-03-24,M003,9842131
2026-03-24,M004,8233606
2026-03-24,M005,13924132
2026-03-24,M006,13313223
2026-03-24,M007,14207634
2026-03-24,M008,7535185
2026-03-24,M009,12435947
2026-03-24,M010,10604442
2026-03-24,M011,12803089
2026-03-24,M012,10987257
2026-03-24,M013,19622083
2026-03-24,M014,16297439
2026-03-24,M015,11496183
2026-03-24,M016,9400011
2026-03-24,M017,16052939
2026-03-24,M018,14675851
2026-03-24,M019,15272603
2026-03-24,M020,13719406
2026-03-24,M021,20895443
2026-03-24,M022,11805080
2026-03-24,M023,13708743
2026-03-24,M024,11502678
2026-03-24,M025,19651820
2026-03-24,M026,18031059
2026-03-24,M027,20954279
2026-03-24,M028,15453130
2026-03-24,M029,18156722
2026-03-24,M030,14122413
2026-03-24,M031,15988833
2026-03-24,M032,15222575
2026-03-24,M033,22913229
2026-03-24,M034,18928377
2026-03-24,M035,21490433
2026-03-24,M036,12463458
2026-03-24,M037,21182706
2026-03-24,M038,15806613
2026-03-24,M039,20970667
2026-03-24,M040,15116086
2026-03-24,M041,27913152
2026-03-24,M042,21252739
2026-03-24,M043,17198529
2026-03-24,M044,14629395
2026-03-24,M045,27492568
2026-03-24,M046,21172460
2026-03-24,M047,22151407
2026-03-24,M048,19416988
2026-03-25,M001,8208268
2026-03-25,M002,6878377
2026-03-25,M003,8865666
2026-03-25,M004,10098904
2026-03-25,M005,13961557
2026-03-25,M006,10340120
2026-03-25,M007,13895089
2026-03-25,M008,9101216
2026-03-25,M009,13362986
2026-03-25,M010,9123555
2026-03-25,M011,12945736
2026-03-25,M012,14213594
2026-03-25,M013,18605833
2026-03-25,M014,14161547
2026-03-25,M015,10645128
2026-03-25,M016,12006035
2026-03-25,M017,17679262
2026-03-25,M018,12015049
2026-03-25,M019,15646199
2026-03-25,M020,16042697
2026-03-25,M021,20885053
2026-03-25,M022,10528292
2026-03-25,M023,14581138
2026-03-25,M024,14251975
2026-03-25,M025,19876169
2026-03-25,M026,14964347
2026-03-25,M027,20908510
2026-03-25,M028,20500654
2026-03-25,M029,15703309
2026-03-25,M030,12285183
2026-03-25,M031,17627150
2026-03-25,M032,17138499
2026-03-25,M033,25194563
2026-03-25,M034,16344084
2026-03-25,M035,22817824
2026-03-25,M036,16336318
2026-03-25,M037,21027941
2026-03-25,M038,14149448
2026-03-25,M039,18101187
2026-03-25,M040,20340222
2026-03-25,M041,27411389
2026-03-25,M042,20571864
2026-03-25,M043,18045525
2026-03-25,M044,20886079
2026-03-25,M045,27740051
2026-03-25,M046,17416431
2026-03-25,M047,20254611
2026-03-25,M048,23168117
2026-03-26,M001,4964490
2026-03-26,M002,9173640
2026-03-26,M003,8018493
2026-03-26,M004,14040527
2026-03-26,M005,8142524
2026-03-26,M006,15092216
2026-03-26,M007,13337859
2026-03-26,M008,13291994
2026-03-26,M009,7297543
2026-03-26,M010,12539361
2026-03-26,M011,10948896
2026-03-26,M012,19316385
2026-03-26,M013,10853376
2026-03-26,M014,17611627
2026-03-26,M015,9618849
2026-03-26,M016,16973958
2026-03-26,M017,9379833
2026-03-26,M018,16515242
2026-03-26,M019,11930678
2026-03-26,M020,23613442
2026-03-26,M021,12341062
2026-03-26,M022,14838077
2026-03-26,M023,11507506
2026-03-26,M024,20307348
2026-03-26,M025,11249447
2026-03-26,M026,19551901
2026-03-26,M027,16396624
2026-03-26,M028,25537419
2026-03-26,M029,9735444
2026-03-26,M030,16457733
2026-03-26,M031,15085445
2026-03-26,M032,27345667
2026-03-26,M033,13938630
2026-03-26,M034,24724229
2026-03-26,M035,20130233
2026-03-26,M036,23067402
2026-03-26,M037,11235787
2026-03-26,M038,20359327
2026-03-26,M039,15108836
2026-03-26,M040,30536916
2026-03-26,M041,15783435
2026-03-26,M042,27196707
2026-03-26,M043,15874359
2026-03-26,M044,26139838
2026-03-26,M045,14669548
2026-03-26,M046,25350710
2026-03-26,M047,18553297
2026-03-26,M048,34439988
2026-03-27,M001,5892285
2026-03-27,M002,8399923
2026-03-27,M003,9849375
2026-03-27,M004,9485121
2026-03-27,M005,10495149
2026-03-27,M006,13406457
2026-03-27,M007,17574334
2026-03-27,M008,7630828
2026-03-27,M009,9450375
2026-03-27,M010,12064178
2026-03-27,M011,14798864
2026-03-27,M012,12237230
2026-03-27,M013,13898342
2026-03-27,M014,17515951
2026-03-27,M015,11913719
2026-03-27,M016,11225720
2026-03-27,M017,13436500
2026-03-27,M018,15131863
2026-03-27,M019,17322798
2026-03-27,M020,14590139
2026-03-27,M021,16678524
2026-03-27,M022,12775976
2026-03-27,M023,16770824
2026-03-27,M024,13177195
2026-03-27,M025,15169870
2026-03-27,M026,19120712
2026-03-27,M027,21741282
2026-03-27,M028,16612790
2026-03-27,M029,13762935
2026-03-27,M030,15716692
2026-03-27,M031,18487414
2026-03-27,M032,15064843
2026-03-27,M033,18238684
2026-03-27,M034,23690053
2026-03-27,M035,25529115
2026-03-27,M036,14602614
2026-03-27,M037,16177253
2026-03-27,M038,18695566
2026-03-27,M039,20655910
2026-03-27,M040,18114100
2026-03-27,M041,19792477
2026-03-27,M042,27348472
2026-03-27,M043,22296839
2026-03-27,M044,18280308
2026-03-27,M045,18859428
2026-03-27,M046,23687972
2026-03-27,M047,25418146
2026-03-27,M048,21918453
2026-03-28,M001,8148691
2026-03-28,M002,7034520
2026-03-28,M003,9137669
2026-03-28,M004,6970728
2026-03-28,M005,13212527
2026-03-28,M006,11447671
2026-03-28,M007,14408701
2026-03-28,M008,6333200
2026-03-28,M009,12877908
2026-03-28,M010,9061163
2026-03-28,M011,11189383
2026-03-28,M012,9137097
2026-03-28,M013,16401498
2026-03-28,M014,13088952
2026-03-28,M015,9108552
2026-03-28,M016,8619134
2026-03-28,M017,16623654
2026-03-28,M018,13612044
2026-03-28,M019,13916336
2026-03-28,M020,11177975
2026-03-28,M021,20050273
2026-03-28,M022,11331744
2026-03-28,M023,13255900
2026-03-28,M024,10627435
2026-03-28,M025,19279970
2026-03-28,M026,15746835
2026-03-28,M027,16685442
2026-03-28,M028,13183717
2026-03-28,M029,15237295
2026-03-28,M030,12130536
2026-03-28,M031,15427511
2026-03-28,M032,13303519
2026-03-28,M033,22892510
2026-03-28,M034,19595337
2026-03-28,M035,21536744
2026-03-28,M036,11458812
2026-03-28,M037,17512689
2026-03-28,M038,15487205
2026-03-28,M039,17839515
2026-03-28,M040,15343149
2026-03-28,M041,23141948
2026-03-28,M042,20042041
2026-03-28,M043,16636196
2026-03-28,M044,13854292
2026-03-28,M045,24318913
2026-03-28,M046,19156954
2026-03-28,M047,20370829
2026-03-28,M048,16213312
2026-03-29,M001,7030160
2026-03-29,M002,5483570
2026-03-29,M003,8861088
2026-03-29,M004,9847069
2026-03-29,M005,12930629
2026-03-29,M006,9891579
2026-03-29,M007,12471056
2026-03-29,M008,8799399
2026-03-29,M009,11484585
2026-03-29,M010,7635684
2026-03-29,M011,10852933
2026-03-29,M012,12396947
2026-03-29,M013,15766181
2026-03-29,M014,12452488
2026-03-29,M015,9723154
2026-03-29,M016,10491696
2026-03-29,M017,15397246
2026-03-29,M018,11775684
2026-03-29,M019,13243644
2026-03-29,M020,14939655
2026-03-29,M021,19863834
2026-03-29,M022,8620456
2026-03-29,M023,11543022
2026-03-29,M024,12759144
2026-03-29,M025,18452247
2026-03-29,M026,12554704
2026-03-29,M027,18159731
2026-03-29,M028,17680061
2026-03-29,M029,15993757
2026-03-29,M030,10705216
2026-03-29,M031,14058014
2026-03-29,M032,15604189
2026-03-29,M033,21640429
2026-03-29,M034,14781466
2026-03-29,M035,21304733
2026-03-29,M036,16163392
2026-03-29,M037,18782737
2026-03-29,M038,12860505
2026-03-29,M039,17194504
2026-03-29,M040,18709489
2026-03-29,M041,25918037
2026-03-29,M042,17582939
2026-03-29,M043,15494192
2026-03-29,M044,17088860
2026-03-29,M045,22404287
2026-03-29,M046,14303114
2026-03-29,M047,21364047
2026-03-29,M048,19833752
2026-03-30,M001,4629889
2026-03-30,M002,8719871
2026-03-30,M003,7846962
2026-03-30,M004,15628516
2026-03-30,M005,8215354
2026-03-30,M006,14740952
2026-03-30,M007,12487306
2026-03-30,M008,13277199
2026-03-30,M009,7597863
2026-03-30,M010,13383651
2026-03-30,M011,10888126
2026-03-30,M012,17801060
2026-03-30,M013,10596316
2026-03-30,M014,17732922
2026-03-30,M015,8853480
2026-03-30,M016,17858540
2026-03-30,M017,9144884
2026-03-30,M018,16729466
2026-03-30,M019,13130964
2026-03-30,M020,23059333
2026-03-30,M021,12575427
2026-03-30,M022,13911115
2026-03-30,M023,10704938
2026-03-30,M024,22488371
2026-03-30,M025,10892328
2026-03-30,M026,21048339
2026-03-30,M027,17669416
2026-03-30,M028,28893559
2026-03-30,M029,9207416
2026-03-30,M030,16185012
2026-03-30,M031,13007476
2026-03-30,M032,25187503
2026-03-30,M033,14094834
2026-03-30,M034,22838384
2026-03-30,M035,17636892
2026-03-30,M036,23869088
2026-03-30,M037,10984657
2026-03-30,M038,19189144
2026-03-30,M039,16753083
2026-03-30,M040,29875170
2026-03-30,M041,15756714
2026-03-30,M042,28695410
2026-03-30,M043,15844199
2026-03-30,M044,28670271
2026-03-30,M045,15611788
2026-03-30,M046,25556630
2026-03-30,M047,19047880
2026-03-30,M048,33152486
2026-03-31,M001,6357129
2026-03-31,M002,9013635
2026-03-31,M003,10976914
2026-03-31,M004,10024252
2026-03-31,M005,11851984
2026-03-31,M006,14092999
2026-03-31,M007,17767276
2026-03-31,M008,8210913
2026-03-31,M009,10074084
2026-03-31,M010,10908112
2026-03-31,M011,13557361
2026-03-31,M012,11192028
2026-03-31,M013,14214610
2026-03-31,M014,18215156
2026-03-31,M015,13253193
2026-03-31,M016,10886321
2026-03-31,M017,13606830
2026-03-31,M018,16487797
2026-03-31,M019,18298942
2026-03-31,M020,14194641
2026-03-31,M021,16232713
2026-03-31,M022,13885251
2026-03-31,M023,16381421
2026-03-31,M024,13896238
2026-03-31,M025,15055770
2026-03-31,M026,18991701
2026-03-31,M027,22271203
2026-03-31,M028,16585282
2026-03-31,M029,13277241
2026-03-31,M030,16033372
2026-03-31,M031,18949963
2026-03-31,M032,15353860
2026-03-31,M033,17181687
2026-03-31,M034,22994539
2026-03-31,M035,27912380
2026-03-31,M036,15134270
2026-03-31,M037,16045174
2026-03-31,M038,19007452
2026-03-31,M039,20520088
2026-03-31,M040,17553593
2026-03-31,M041,22194490
2026-03-31,M042,25509850
2026-03-31,M043,19697269
2026-03-31,M044,18510600
2026-03-31,M045,19158836
2026-03-31,M046,20384899
2026-03-31,M047,27082038
2026-03-31,M048,20889265
2026-04-01,M001,8710517
2026-04-01,M002,6368118
2026-04-01,M003,9864984
2026-04-01,M004,10050797
2026-04-01,M005,15361124
2026-04-01,M006,10579795
2026-04-01,M007,14608980
2026-04-01,M008,9689404
2026-04-01,M009,12278575
2026-04-01,M010,9108261
2026-04-01,M011,12052868
2026-04-01,M012,13381602
2026-04-01,M013,18278490
2026-04-01,M014,14004914
2026-04-01,M015,10954537
2026-04-01,M016,13311108
2026-04-01,M017,16302764
2026-04-01,M018,12644311
2026-04-01,M019,16144315
2026-04-01,M020,17698414
2026-04-01,M021,20567170
2026-04-01,M022,10115999
2026-04-01,M023,13293384
2026-04-01,M024,14204419
2026-04-01,M025,20256278
2026-04-01,M026,15772346
2026-04-01,M027,19977626
2026-04-01,M028,20204691
2026-04-01,M029,18085997
2026-04-01,M030,12731329
2026-04-01,M031,15968266
2026-04-01,M032,18426962
2026-04-01,M033,22269301
2026-04-01,M034,17975779
2026-04-01,M035,23672624
2026-04-01,M036,17861376
2026-04-01,M037,20340121
2026-04-01,M038,13766252
2026-04-01,M039,18001399
2026-04-01,M040,21822928
2026-04-01,M041,25668809
2026-04-01,M042,19405550
2026-04-01,M043,17716130
2026-04-01,M044,20308392
2026-04-01,M045,25914101
2026-04-01,M046,15922971
2026-04-01,M047,20619683
2026-04-01,M048,24244665
2026-04-02,M001,4927279
2026-04-02,M002,9641225
2026-04-02,M003,8075599
2026-04-02,M004,16364189
2026-04-02,M005,8029848
2026-04-02,M006,16359841
2026-04-02,M007,12078531
2026-04-02,M008,12272856
2026-04-02,M009,6894126
2026-04-02,M010,12594827
2026-04-02,M011,9789360
2026-04-02,M012,20195982
2026-04-02,M013,9675923
2026-04-02,M014,19285163
2026-04-02,M015,9391633
2026-04-02,M016,17024270
2026-04-02,M017,9630548
2026-04-02,M018,16692552
2026-04-02,M019,11847278
2026-04-02,M020,24814626
2026-04-02,M021,12373446
2026-04-02,M022,14639106
2026-04-02,M023,11246822
2026-04-02,M024,21341807
2026-04-02,M025,10825607
2026-04-02,M026,21261207
2026-04-02,M027,16166916
2026-04-02,M028,27049705
2026-04-02,M029,9817720
2026-04-02,M030,16599677
2026-04-02,M031,14147761
2026-04-02,M032,24308754
2026-04-02,M033,13283254
2026-04-02,M034,24530305
2026-04-02,M035,19391752
2026-04-02,M036,22970564
2026-04-02,M037,10551298
2026-04-02,M038,20117382
2026-04-02,M039,16168021
2026-04-02,M040,30232636
2026-04-02,M041,16283050
2026-04-02,M042,30047652
2026-04-02,M043,16660554
2026-04-02,M044,29101912
2026-04-02,M045,15368374
2026-04-02,M046,22803772
2026-04-02,M047,18537799
2026-04-02,M048,31878494
2026-04-03,M001,6228962
2026-04-03,M002,8801754
2026-04-03,M003,10649146
2026-04-03,M004,10095287
2026-04-03,M005,11902751
2026-04-03,M006,14965910
2026-04-03,M007,17758458
2026-04-03,M008,8036012
2026-04-03,M009,10218985
2026-04-03,M010,11234852
2026-04-03,M011,13755421
2026-04-03,M012,12374899
2026-04-03,M013,15006926
2026-04-03,M014,17534576
2026-04-03,M015,11782893
2026-04-03,M016,11466564
2026-04-03,M017,12503792
2026-04-03,M018,17684144
2026-04-03,M019,16738585
2026-04-03,M020,13854261
2026-04-03,M021,16138182
2026-04-03,M022,13610746
2026-04-03,M023,15381566
2026-04-03,M024,14050895
2026-04-03,M025,16870968
2026-04-03,M026,19164568
2026-04-03,M027,22230769
2026-04-03,M028,16105932
2026-04-03,M029,13799212
2026-04-03,M030,15241661
2026-04-03,M031,19137438
2026-04-03,M032,16461374
2026-04-03,M033,17072283
2026-04-03,M034,22514838
2026-04-03,M035,27825284
2026-04-03,M036,15316591
2026-04-03,M037,16033325
2026-04-03,M038,18460637
2026-04-03,M039,22548156
2026-04-03,M040,16848929
2026-04-03,M041,21331677
2026-04-03,M042,27747319
2026-04-03,M043,21555661
2026-04-03,M044,16881088
2026-04-03,M045,18786173
2026-04-03,M046,20966150
2026-04-03,M047,25701327
2026-04-03,M048,21701540
2026-04-04,M001,7869517
2026-04-04,M002,7316479
2026-04-04,M003,8220201
2026-04-04,M004,7298722
2026-04-04,M005,13080946
2026-04-04,M006,11758349
2026-04-04,M007,13279683
2026-04-04,M008,6348534
2026-04-04,M009,13063076
2026-04-04,M010,9928041
2026-04-04,M011,11652990
2026-04-04,M012,9443433
2026-04-04,M013,17254908
2026-04-04,M014,13190793
2026-04-04,M015,9852459
2026-04-04,M016,8068099
2026-04-04,M017,14639436
2026-04-04,M018,12825177
2026-04-04,M019,14666684
2026-04-04,M020,11245316
2026-04-04,M021,20011470
2026-04-04,M022,10960181
2026-04-04,M023,11970656
2026-04-04,M024,10295188
2026-04-04,M025,18431349
2026-04-04,M026,15426154
2026-04-04,M027,17999253
2026-04-04,M028,13687846
2026-04-04,M029,15212368
2026-04-04,M030,13128318
2026-04-04,M031,15664982
2026-04-04,M032,13019263
2026-04-04,M033,20889952
2026-04-04,M034,18636531
2026-04-04,M035,20248238
2026-04-04,M036,13040229
2026-04-04,M037,18294086
2026-04-04,M038,14646402
2026-04-04,M039,17533887
2026-04-04,M040,14524306
2026-04-04,M041,25238089
2026-04-04,M042,22368481
2026-04-04,M043,17232648
2026-04-04,M044,14354139
2026-04-04,M045,24077724
2026-04-04,M046,17899155
2026-04-04,M047,20823881
2026-04-04,M048,15476678
2026-04-05,M001,6925872
2026-04-05,M002,5943995
2026-04-05,M003,9136797
2026-04-05,M004,10162570
2026-04-05,M005,14376563
2026-04-05,M006,9807379
2026-04-05,M007,14188776
2026-04-05,M008,8774417
2026-04-05,M009,12683761
2026-04-05,M010,7476132
2026-04-05,M011,11254024
2026-04-05,M012,11627554
2026-04-05,M013,15621539
2026-04-05,M014,12020386
2026-04-05,M015,10238875
2026-04-05,M016,11274966
2026-04-05,M017,14901490
2026-04-05,M018,10989052
2026-04-05,M019,14337069
2026-04-05,M020,15504915
2026-04-05,M021,21203394
2026-04-05,M022,8625333
2026-04-05,M023,13418941
2026-04-05,M024,13227607
2026-04-05,M025,18968328
2026-04-05,M026,13995532
2026-04-05,M027,16919621
2026-04-05,M028,16821544
2026-04-05,M029,16038600
2026-04-05,M030,11223120
2026-04-05,M031,15340885
2026-04-05,M032,16295604
2026-04-05,M033,22104370
2026-04-05,M034,15712054
2026-04-05,M035,20524967
2026-04-05,M036,16291937
2026-04-05,M037,18637561
2026-04-05,M038,13036813
2026-04-05,M039,18686643
2026-04-05,M040,18387462
2026-04-05,M041,25252714
2026-04-05,M042,19122315
2026-04-05,M043,16211101
2026-04-05,M044,17996004
2026-04-05,M045,24635087
2026-04-05,M046,15157149
2026-04-05,M047,20541773
2026-04-05,M048,21868884
2026-04-06,M001,4284582
2026-04-06,M002,10001303
2026-04-06,M003,7908641
2026-04-06,M004,14223969
2026-04-06,M005,8450103
2026-04-06,M006,15366223
2026-04-06,M007,12210496
2026-04-06,M008,13455851
2026-04-06,M009,7223119
2026-04-06,M010,12471133
2026-04-06,M011,10088087
2026-04-06,M012,18254233
2026-04-06,M013,10062509
2026-04-06,M014,17655718
2026-04-06,M015,8732949
2026-04-06,M016,17848115
2026-04-06,M017,9731044
2026-04-06,M018,18233818
2026-04-06,M019,11902506
2026-04-06,M020,21558955
2026-04-06,M021,11659137
2026-04-06,M022,14739465
2026-04-06,M023,11911972
2026-04-06,M024,21575505
2026-04-06,M025,11170335
2026-04-06,M026,21072864
2026-04-06,M027,16527828
2026-04-06,M028,29115283
2026-04-06,M029,8805852
2026-04-06,M030,18490758
2026-04-06,M031,14225910
2026-04-06,M032,27497577
2026-04-06,M033,13918372
2026-04-06,M034,23353486
2026-04-06,M035,19248823
2026-04-06,M036,25788054
2026-04-06,M037,11323797
2026-04-06,M038,19489827
2026-04-06,M039,17129439
2026-04-06,M040,31198920
2026-04-06,M041,14377168
2026-04-06,M042,27400940
2026-04-06,M043,15795741
2026-04-06,M044,29402729
2026-04-06,M045,15848506
2026-04-06,M046,25733503
2026-04-06,M047,19037126
2026-04-06,M048,33126796
2026-04-07,M001,6189921
2026-04-07,M002,8008278
2026-04-07,M003,10242827
2026-04-07,M004,8728712
2026-04-07,M005,11270712
2026-04-07,M006,14664485
2026-04-07,M007,16090164
2026-04-07,M008,8706321
2026-04-07,M009,10581665
2026-04-07,M010,11105550
2026-04-07,M011,13362192
2026-04-07,M012,11875468
2026-04-07,M013,15075469
2026-04-07,M014,18596536
2026-04-07,M015,12403665
2026-04-07,M016,11349604
2026-04-07,M017,12019424
2026-04-07,M018,16409716
2026-04-07,M019,17252615
2026-04-07,M020,14256720
2026-04-07,M021,15901942
2026-04-07,M022,12821809
2026-04-07,M023,15798210
2026-04-07,M024,13228321
2026-04-07,M025,16916533
2026-04-07,M026,19659649
2026-04-07,M027,21389455
2026-04-07,M028,17752866
2026-04-07,M029,13434240
2026-04-07,M030,16854339
2026-04-07,M031,19200985
2026-04-07,M032,16289374
2026-04-07,M033,18714683
2026-04-07,M034,24429492
2026-04-07,M035,24985215
2026-04-07,M036,15539075
2026-04-07,M037,14877953
2026-04-07,M038,19156796
2026-04-07,M039,23493740
2026-04-07,M040,19701603
2026-04-07,M041,20066084
2026-04-07,M042,25796310
2026-04-07,M043,20833835
2026-04-07,M044,17821519
2026-04-07,M045,19488428
2026-04-07,M046,22400804
2026-04-07,M047,24699866
2026-04-07,M048,21772528
2026-04-08,M001,8251312
2026-04-08,M002,7901478
2026-04-08,M003,9521528
2026-04-08,M004,9045345
2026-04-08,M005,15778702
2026-04-08,M006,13699710
2026-04-08,M007,14239639
2026-04-08,M008,7145110
2026-04-08,M009,12392201
2026-04-08,M010,10116666
2026-04-08,M011,12002730
2026-04-08,M012,11229581
2026-04-08,M013,18062647
2026-04-08,M014,14614023
2026-04-08,M015,11533246
2026-04-08,M016,9205440
2026-04-08,M017,18384140
2026-04-08,M018,15194494
2026-04-08,M019,15946590
2026-04-08,M020,12384172
2026-04-08,M021,22062190
2026-04-08,M022,11285659
2026-04-08,M023,14097976
2026-04-08,M024,12675649
2026-04-08,M025,19928810
2026-04-08,M026,16292231
2026-04-08,M027,20465668
2026-04-08,M028,14640166
2026-04-08,M029,18187661
2026-04-08,M030,13823245
2026-04-08,M031,17992137
2026-04-08,M032,13675766
2026-04-08,M033,24297509
2026-04-08,M034,20524643
2026-04-08,M035,22070189
2026-04-08,M036,12421318
2026-04-08,M037,21003258
2026-04-08,M038,16119017
2026-04-08,M039,20443685
2026-04-08,M040,17473236
2026-04-08,M041,27174341
2026-04-08,M042,21854586
2026-04-08,M043,17987540
2026-04-08,M044,14786806
2026-04-08,M045,26622747
2026-04-08,M046,20762751
2026-04-08,M047,21726389
2026-04-08,M048,18001993
2026-04-09,M001,8374389
2026-04-09,M002,6651559
2026-04-09,M003,9675115
2026-04-09,M004,11626321
2026-04-09,M005,15347658
2026-04-09,M006,10716836
2026-04-09,M007,14324199
2026-04-09,M008,9600422
2026-04-09,M009,12724916
2026-04-09,M010,9236798
2026-04-09,M011,11406624
2026-04-09,M012,13565771
2026-04-09,M013,19252268
2026-04-09,M014,12746608
2026-04-09,M015,11610799
2026-04-09,M016,13242842
2026-04-09,M017,16480146
2026-04-09,M018,13031183
2026-04-09,M019,14966081
2026-04-09,M020,17506129
2026-04-09,M021,21295369
2026-04-09,M022,10367005
2026-04-09,M023,14709825
2026-04-09,M024,14852762
2026-04-09,M025,21270300
2026-04-09,M026,15967284
2026-04-09,M027,19021319
2026-04-09,M028,20465070
2026-04-09,M029,17368434
2026-04-09,M030,12719232
2026-04-09,M031,16377868
2026-04-09,M032,18056741
2026-04-09,M033,24261481
2026-04-09,M034,17725715
2026-04-09,M035,22727781
2026-04-09,M036,16658929
2026-04-09,M037,20460933
2026-04-09,M038,15803581
2026-04-09,M039,20986908
2026-04-09,M040,21912166
2026-04-09,M041,27751508
2026-04-09,M042,20862784
2026-04-09,M043,18201087
2026-04-09,M044,19878258
2026-04-09,M045,27759066
2026-04-09,M046,17685971
2026-04-09,M047,23154974
2026-04-09,M048,23436439
2026-04-10,M001,4297158
2026-04-10,M002,8840833
2026-04-10,M003,8401918
2026-04-10,M004,14897960
2026-04-10,M005,8433158
2026-04-10,M006,16209350
2026-04-10,M007,11762042
2026-04-10,M008,14241784
2026-04-10,M009,7051331
2026-04-10,M010,13135795
2026-04-10,M011,10478191
2026-04-10,M012,18949579
2026-04-10,M013,10787419
2026-04-10,M014,17626051
2026-04-10,M015,8876712
2026-04-10,M016,16341308
2026-04-10,M017,9040479
2026-04-10,M018,18627045
2026-04-10,M019,12901311
2026-04-10,M020,22479936
2026-04-10,M021,12031039
2026-04-10,M022,13846461
2026-04-10,M023,12516510
2026-04-10,M024,22249386
2026-04-10,M025,11564697
2026-04-10,M026,21119104
2026-04-10,M027,15949571
2026-04-10,M028,25898772
2026-04-10,M029,10172144
2026-04-10,M030,18524991
2026-04-10,M031,14439276
2026-04-10,M032,27065217
2026-04-10,M033,13722415
2026-04-10,M034,25036349
2026-04-10,M035,19156087
2026-04-10,M036,22993456
2026-04-10,M037,11413047
2026-04-10,M038,20913218
2026-04-10,M039,17433369
2026-04-10,M040,30239422
2026-04-10,M041,14264437
2026-04-10,M042,29060221
2026-04-10,M043,16361025
2026-04-10,M044,28919404
2026-04-10,M045,14155176
2026-04-10,M046,22361343
2026-04-10,M047,19405654
2026-04-10,M048,34173360
2026-04-11,M001,5935997
2026-04-11,M002,8428018
2026-04-11,M003,10309788
2026-04-11,M004,8846495
2026-04-11,M005,10524246
2026-04-11,M006,12469625
2026-04-11,M007,16651274
2026-04-11,M008,7079725
2026-04-11,M009,9149781
2026-04-11,M010,10891206
2026-04-11,M011,12852618
2026-04-11,M012,10188133
2026-04-11,M013,11736827
2026-04-11,M014,16021257
2026-04-11,M015,11932795
2026-04-11,M016,10126077
2026-04-11,M017,10775956
2026-04-11,M018,14708163
2026-04-11,M019,16378147
2026-04-11,M020,13373914
2026-04-11,M021,15990033
2026-04-11,M022,12156442
2026-04-11,M023,14365053
2026-04-11,M024,12417153
2026-04-11,M025,15224532
2026-04-11,M026,18693431
2026-04-11,M027,19981907
2026-04-11,M028,15147713
2026-04-11,M029,11977527
2026-04-11,M030,14211940
2026-04-11,M031,17436981
2026-04-11,M032,14023005
2026-04-11,M033,17431282
2026-04-11,M034,21455443
2026-04-11,M035,24281923
2026-04-11,M036,14400336
2026-04-11,M037,13226761
2026-04-11,M038,16921523
2026-04-11,M039,19038978
2026-04-11,M040,15438374
2026-04-11,M041,17617944
2026-04-11,M042,23683014
2026-04-11,M043,20159159
2026-04-11,M044,14680254
2026-04-11,M045,19333855
2026-04-11,M046,21115509
2026-04-11,M047,22174705
2026-04-11,M048,19992993
2026-04-12,M001,7260395
2026-04-12,M002,7342140
2026-04-12,M003,8399940
2026-04-12,M004,7719741
2026-04-12,M005,13838454
2026-04-12,M006,12068628
2026-04-12,M007,14369817
2026-04-12,M008,6410678
2026-04-12,M009,12119780
2026-04-12,M010,9688445
2026-04-12,M011,11973484
2026-04-12,M012,9471990
2026-04-12,M013,16547319
2026-04-12,M014,13519797
2026-04-12,M015,9510563
2026-04-12,M016,9083786
2026-04-12,M017,15689427
2026-04-12,M018,13226242
2026-04-12,M019,13332986
2026-04-12,M020,11670044
2026-04-12,M021,19384937
2026-04-12,M022,11434281
2026-04-12,M023,13136006
2026-04-12,M024,11413017
2026-04-12,M025,17543526
2026-04-12,M026,15590076
2026-04-12,M027,18638543
2026-04-12,M028,13674454
2026-04-12,M029,16045405
2026-04-12,M030,13255593
2026-04-12,M031,14363059
2026-04-12,M032,12517018
2026-04-12,M033,20933175
2026-04-12,M034,18746249
2026-04-12,M035,21806348
2026-04-12,M036,12197534
2026-04-12,M037,19237870
2026-04-12,M038,14786348
2026-04-12,M039,18845582
2026-04-12,M040,14221291
2026-04-12,M041,26492470
2026-04-12,M042,21676132
2026-04-12,M043,17720608
2026-04-12,M044,14541030
2026-04-12,M045,24804885
2026-04-12,M046,16795854
2026-04-12,M047,20024994
2026-04-12,M048,17190906
2026-04-13,M001,7677066
2026-04-13,M002,6521108
2026-04-13,M003,8797235
2026-04-13,M004,10571244
2026-04-13,M005,15356354
2026-04-13,M006,11282087
2026-04-13,M007,14523232
2026-04-13,M008,9395339
2026-04-13,M009,12704227
2026-04-13,M010,8542673
2026-04-13,M011,12077176
2026-04-13,M012,14790159
2026-04-13,M013,17640738
2026-04-13,M014,13611155
2026-04-13,M015,10591382
2026-04-13,M016,11919226
2026-04-13,M017,15940726
2026-04-13,M018,12508599
2026-04-13,M019,13950079
2026-04-13,M020,15869927
2026-04-13,M021,22869055
2026-04-13,M022,10774534
2026-04-13,M023,14901243
2026-04-13,M024,15619339
2026-04-13,M025,20518062
2026-04-13,M026,15740362
2026-04-13,M027,21067141
2026-04-13,M028,20692780
2026-04-13,M029,17741485
2026-04-13,M030,11901776
2026-04-13,M031,15516046
2026-04-13,M032,18159338
2026-04-13,M033,24406710
2026-04-13,M034,18624034
2026-04-13,M035,24143396
2026-04-13,M036,17789991
2026-04-13,M037,20152394
2026-04-13,M038,15250896
2026-04-13,M039,18481128
2026-04-13,M040,20974205
2026-04-13,M041,29249297
2026-04-13,M042,20732638
2026-04-13,M043,18018341
2026-04-13,M044,20562872
2026-04-13,M045,27892677
2026-04-13,M046,15651883
2026-04-13,M047,21110970
2026-04-13,M048,24214046
2026-04-14,M001,4569078
2026-04-14,M002,9168740
2026-04-14,M003,7973373
2026-04-14,M004,14374754
2026-04-14,M005,7875568
2026-04-14,M006,15008763
2026-04-14,M007,12627328
2026-04-14,M008,13229665
2026-04-14,M009,7879477
2026-04-14,M010,12816939
2026-04-14,M011,10812777
2026-04-14,M012,18952485
2026-04-14,M013,10936344
2026-04-14,M014,17678279
2026-04-14,M015,8548263
2026-04-14,M016,16217441
2026-04-14,M017,9147963
2026-04-14,M018,18007459
2026-04-14,M019,12967436
2026-04-14,M020,22750036
2026-04-14,M021,13007145
2026-04-14,M022,14071197
2026-04-14,M023,11690729
2026-04-14,M024,23077107
2026-04-14,M025,10594079
2026-04-14,M026,22692088
2026-04-14,M027,17111577
2026-04-14,M028,27882771
2026-04-14,M029,8843261
2026-04-14,M030,18583539
2026-04-14,M031,13278355
2026-04-14,M032,25867655
2026-04-14,M033,12789643
2026-04-14,M034,23535332
2026-04-14,M035,20332187
2026-04-14,M036,25199005
2026-04-14,M037,10786552
2026-04-14,M038,20912431
2026-04-14,M039,17631209
2026-04-14,M040,28716919
2026-04-14,M041,15756166
2026-04-14,M042,29754016
2026-04-14,M043,16161657
2026-04-14,M044,27787988
2026-04-14,M045,15578994
2026-04-14,M046,23271650
2026-04-14,M047,18747271
2026-04-14,M048,31583529
2026-04-15,M001,6369004
2026-04-15,M002,8184703
2026-04-15,M003,10008051
2026-04-15,M004,9345042
2026-04-15,M005,11993503
2026-04-15,M006,15275015
2026-04-15,M007,17704454
2026-04-15,M008,7632578
2026-04-15,M009,10315361
2026-04-15,M010,10860721
2026-04-15,M011,13496333
2026-04-15,M012,10912985
2026-04-15,M013,14377828
2026-04-15,M014,18510990
2026-04-15,M015,11844376
2026-04-15,M016,10702585
2026-04-15,M017,13123699
2026-04-15,M018,16958812
2026-04-15,M019,16170163
2026-04-15,M020,13356569
2026-04-15,M021,16748451
2026-04-15,M022,12555817
2026-04-15,M023,15278252
2026-04-15,M024,12928463
2026-04-15,M025,14851489
2026-04-15,M026,19132939
2026-04-15,M027,23844298
2026-04-15,M028,17386071
2026-04-15,M029,13093805
2026-04-15,M030,15925797
2026-04-15,M031,18040088
2026-04-15,M032,17017038
2026-04-15,M033,17484224
2026-04-15,M034,22994946
2026-04-15,M035,27256743
2026-04-15,M036,15383756
2026-04-15,M037,16495504
2026-04-15,M038,20872726
2026-04-15,M039,22566369
2026-04-15,M040,18319207
2026-04-15,M041,21915773
2026-04-15,M042,26851808
2026-04-15,M043,20826205
2026-04-15,M044,17727505
2026-04-15,M045,20942667
2026-04-15,M046,20778872
2026-04-15,M047,24227042
2026-04-15,M048,22222172
2026-04-16,M001,8610015
2026-04-16,M002,7933033
2026-04-16,M003,9918222
2026-04-16,M004,7946388
2026-04-16,M005,14628907
2026-04-16,M006,12787049
2026-04-16,M007,14353442
2026-04-16,M008,7478108
2026-04-16,M009,13326269
2026-04-16,M010,10028795
2026-04-16,M011,13047936
2026-04-16,M012,9912840
2026-04-16,M013,18555707
2026-04-16,M014,15729293
2026-04-16,M015,10325764
2026-04-16,M016,9164849
2026-04-16,M017,17339613
2026-04-16,M018,14718446
2026-04-16,M019,15347061
2026-04-16,M020,13772371
2026-04-16,M021,22310659
2026-04-16,M022,12362858
2026-04-16,M023,13846176
2026-04-16,M024,12799831
2026-04-16,M025,21595248
2026-04-16,M026,16660123
2026-04-16,M027,21169922
2026-04-16,M028,15555640
2026-04-16,M029,18499778
2026-04-16,M030,15356673
2026-04-16,M031,18115788
2026-04-16,M032,14683940
2026-04-16,M033,24032204
2026-04-16,M034,18893068
2026-04-16,M035,22920112
2026-04-16,M036,13202892
2026-04-16,M037,21115917
2026-04-16,M038,17681038
2026-04-16,M039,18738810
2026-04-16,M040,16025603
2026-04-16,M041,30139460
2026-04-16,M042,22573336
2026-04-16,M043,19719532
2026-04-16,M044,15129487
2026-04-16,M045,25787994
2026-04-16,M046,21090270
2026-04-16,M047,23686213
2026-04-16,M048,17303589
2026-04-17,M001,8582284
2026-04-17,M002,7093099
2026-04-17,M003,9538345
2026-04-17,M004,10848919
2026-04-17,M005,14032330
2026-04-17,M006,11881435
2026-04-17,M007,14192326
2026-04-17,M008,9127200
2026-04-17,M009,12926666
2026-04-17,M010,9292553
2026-04-17,M011,11518940
2026-04-17,M012,13004176
2026-04-17,M013,18676034
2026-04-17,M014,13974760
2026-04-17,M015,10142751
2026-04-17,M016,12856531
2026-04-17,M017,16491349
2026-04-17,M018,12786673
2026-04-17,M019,13893877
2026-04-17,M020,16378878
2026-04-17,M021,20351584
2026-04-17,M022,10730042
2026-04-17,M023,13471878
2026-04-17,M024,14327255
2026-04-17,M025,21279201
2026-04-17,M026,14838251
2026-04-17,M027,18422041
2026-04-17,M028,20045324
2026-04-17,M029,16722616
2026-04-17,M030,11484450
2026-04-17,M031,16593574
2026-04-17,M032,17854562
2026-04-17,M033,23521942
2026-04-17,M034,16504072
2026-04-17,M035,22247704
2026-04-17,M036,17101094
2026-04-17,M037,19850902
2026-04-17,M038,13953680
2026-04-17,M039,20316765
2026-04-17,M040,22466070
2026-04-17,M041,27047747
2026-04-17,M042,21101577
2026-04-17,M043,17100271
2026-04-17,M044,19208525
2026-04-17,M045,24909563
2026-04-17,M046,16679148
2026-04-17,M047,22028048
2026-04-17,M048,24666461
2026-04-18,M001,4476189
2026-04-18,M002,8389527
2026-04-18,M003,7133571
2026-04-18,M004,13469888
2026-04-18,M005,7976882
2026-04-18,M006,14509407
2026-04-18,M007,10670874
2026-04-18,M008,12654684
2026-04-18,M009,7067653
2026-04-18,M010,11518437
2026-04-18,M011,10011145
2026-04-18,M012,17950407
2026-04-18,M013,8913327
2026-04-18,M014,17153919
2026-04-18,M015,8558734
2026-04-18,M016,15946029
2026-04-18,M017,8528477
2026-04-18,M018,14859406
2026-04-18,M019,11652473
2026-04-18,M020,21869891
2026-04-18,M021,11056516
2026-04-18,M022,12201391
2026-04-18,M023,10654565
2026-04-18,M024,20156026
2026-04-18,M025,11023965
2026-04-18,M026,18525568
2026-04-18,M027,16198723
2026-04-18,M028,24302154
2026-04-18,M029,9105584
2026-04-18,M030,16059567
2026-04-18,M031,12324222
2026-04-18,M032,22556949
2026-04-18,M033,12349958
2026-04-18,M034,23440156
2026-04-18,M035,16597688
2026-04-18,M036,20839220
2026-04-18,M037,9710005
2026-04-18,M038,18490717
2026-04-18,M039,15167598
2026-04-18,M040,25021196
2026-04-18,M041,13122289
2026-04-18,M042,26040811
2026-04-18,M043,15213397
2026-04-18,M044,25516872
2026-04-18,M045,12391837
2026-04-18,M046,20652324
2026-04-18,M047,17939372
2026-04-18,M048,31910088
2026-04-19,M001,5785749
2026-04-19,M002,7449121
2026-04-19,M003,10101642
2026-04-19,M004,8616670
2026-04-19,M005,11015286
2026-04-19,M006,13841035
2026-04-19,M007,14787720
2026-04-19,M008,6950747
2026-04-19,M009,9829354
2026-04-19,M010,10261726
2026-04-19,M011,11987196
2026-04-19,M012,10880073
2026-04-19,M013,12921796
2026-04-19,M014,15792241
2026-04-19,M015,11149384
2026-04-19,M016,9580658
2026-04-19,M017,11549418
2026-04-19,M018,13770272
2026-04-19,M019,15183113
2026-04-19,M020,12961504
2026-04-19,M021,15257517
2026-04-19,M022,12719401
2026-04-19,M023,13470011
2026-04-19,M024,11329310
2026-04-19,M025,13407190
2026-04-19,M026,18708391
2026-04-19,M027,20064236
2026-04-19,M028,15232382
2026-04-19,M029,11244473
2026-04-19,M030,13991203
2026-04-19,M031,16349870
2026-04-19,M032,13469830
2026-04-19,M033,17187096
2026-04-19,M034,21012837
2026-04-19,M035,21805916
2026-04-19,M036,13255530
2026-04-19,M037,14841876
2026-04-19,M038,17549607
2026-04-19,M039,21290538
2026-04-19,M040,17338752
2026-04-19,M041,17709997
2026-04-19,M042,21598007
2026-04-19,M043,20416004
2026-04-19,M044,16087276
2026-04-19,M045,18720417
2026-04-19,M046,19353286
2026-04-19,M047,21701014
2026-04-19,M048,17327804
2026-04-20,M001,8845726
2026-04-20,M002,7517960
2026-04-20,M003,9031053
2026-04-20,M004,8509139
2026-04-20,M005,14550445
2026-04-20,M006,13084719
2026-04-20,M007,16181313
2026-04-20,M008,7123611
2026-04-20,M009,14085614
2026-04-20,M010,10400192
2026-04-20,M011,11821144
2026-04-20,M012,10748503
2026-04-20,M013,17853104
2026-04-20,M014,15996910
2026-04-20,M015,11468854
2026-04-20,M016,10470442
2026-04-20,M017,15939444
2026-04-20,M018,13732387
2026-04-20,M019,15183583
2026-04-20,M020,13300482
2026-04-20,M021,20979867
2026-04-20,M022,12352951
2026-04-20,M023,13311518
2026-04-20,M024,11682463
2026-04-20,M025,22002519
2026-04-20,M026,16252909
2026-04-20,M027,19812161
2026-04-20,M028,15865974
2026-04-20,M029,16328350
2026-04-20,M030,15285511
2026-04-20,M031,16506455
2026-04-20,M032,13376893
2026-04-20,M033,25816810
2026-04-20,M034,21023004
2026-04-20,M035,21521560
2026-04-20,M036,13457953
2026-04-20,M037,21227951
2026-04-20,M038,17744139
2026-04-20,M039,19301421
2026-04-20,M040,17179091
2026-04-20,M041,27849584
2026-04-20,M042,21779994
2026-04-20,M043,18928893
2026-04-20,M044,16254181
2026-04-20,M045,25935185
2026-04-20,M046,18778330
2026-04-20,M047,23892846
2026-04-20,M048,18499955
2026-04-21,M001,8318173
2026-04-21,M002,6966416
2026-04-21,M003,9578641
2026-04-21,M004,10551590
2026-04-21,M005,14207351
2026-04-21,M006,11876315
2026-04-21,M007,15242411
2026-04-21,M008,8776012
2026-04-21,M009,12661975
2026-04-21,M010,9422717
2026-04-21,M011,11443618
2026-04-21,M012,14613740
2026-04-21,M013,17957464
2026-04-21,M014,12571799
2026-04-21,M015,11057039
2026-04-21,M016,11844675
2026-04-21,M017,15844838
2026-04-21,M018,12472633
2026-04-21,M019,15347620
2026-04-21,M020,17597736
2026-04-21,M021,22804287
2026-04-21,M022,10823392
2026-04-21,M023,14520668
2026-04-21,M024,14701677
2026-04-21,M025,19326017
2026-04-21,M026,13905473
2026-04-21,M027,20745308
2026-04-21,M028,20314161
2026-04-21,M029,16118295
2026-04-21,M030,11574438
2026-04-21,M031,15433346
2026-04-21,M032,18443963
2026-04-21,M033,24052264
2026-04-21,M034,17465732
2026-04-21,M035,22484825
2026-04-21,M036,18227524
2026-04-21,M037,18970942
2026-04-21,M038,14240828
2026-04-21,M039,18272824
2026-04-21,M040,20223622
2026-04-21,M041,28299735
2026-04-21,M042,19692060
2026-04-21,M043,19994234
2026-04-21,M044,20420355
2026-04-21,M045,27657567
2026-04-21,M046,17254318
2026-04-21,M047,20965549
2026-04-21,M048,24238139
2026-04-22,M001,4746868
2026-04-22,M002,8828363
2026-04-22,M003,8489832
2026-04-22,M004,16134016
2026-04-22,M005,8696409
2026-04-22,M006,14907106
2026-04-22,M007,12934165
2026-04-22,M008,12622112
2026-04-22,M009,7467120
2026-04-22,M010,13343794
2026-04-22,M011,10654391
2026-04-22,M012,18769154
2026-04-22,M013,11002783
2026-04-22,M014,19216563
2026-04-22,M015,9769985
2026-04-22,M016,18131097
2026-04-22,M017,9001904
2026-04-22,M018,17911009
2026-04-22,M019,12021051
2026-04-22,M020,22757954
2026-04-22,M021,11600247
2026-04-22,M022,13341886
2026-04-22,M023,12057725
2026-04-22,M024,21012377
2026-04-22,M025,10656659
2026-04-22,M026,22323054
2026-04-22,M027,17595395
2026-04-22,M028,27545809
2026-04-22,M029,8982638
2026-04-22,M030,17284860
2026-04-22,M031,13326703
2026-04-22,M032,24410966
2026-04-22,M033,13815463
2026-04-22,M034,23646456
2026-04-22,M035,18053391
2026-04-22,M036,25805425
2026-04-22,M037,11863916
2026-04-22,M038,20348728
2026-04-22,M039,17060264
2026-04-22,M040,30283415
2026-04-22,M041,15704966
2026-04-22,M042,28664488
2026-04-22,M043,15276769
2026-04-22,M044,29703712
2026-04-22,M045,14071023
2026-04-22,M046,23322091
2026-04-22,M047,19318304
2026-04-22,M048,31739398
2026-04-23,M001,6465591
2026-04-23,M002,8593125
2026-04-23,M003,10538475
2026-04-23,M004,9192428
2026-04-23,M005,10915953
2026-04-23,M006,14335814
2026-04-23,M007,17861506
2026-04-23,M008,8630613
2026-04-23,M009,9453434
2026-04-23,M010,11436927
2026-04-23,M011,14578635
2026-04-23,M012,12452775
2026-04-23,M013,14832457
2026-04-23,M014,17945409
2026-04-23,M015,12464826
2026-04-23,M016,10588384
2026-04-23,M017,12605133
2026-04-23,M018,17006146
2026-04-23,M019,17604019
2026-04-23,M020,15386603
2026-04-23,M021,15417663
2026-04-23,M022,13329342
2026-04-23,M023,16629151
2026-04-23,M024,14100065
2026-04-23,M025,15507061
2026-04-23,M026,19937441
2026-04-23,M027,23730973
2026-04-23,M028,15778095
2026-04-23,M029,14010584
2026-04-23,M030,15634851
2026-04-23,M031,20000639
2026-04-23,M032,17021292
2026-04-23,M033,17823925
2026-04-23,M034,22809389
2026-04-23,M035,24979587
2026-04-23,M036,14674807
2026-04-23,M037,16282455
2026-04-23,M038,20647707
2026-04-23,M039,23968750
2026-04-23,M040,19084847
2026-04-23,M041,19667487
2026-04-23,M042,23920428
2026-04-23,M043,22271397
2026-04-23,M044,17399412
2026-04-23,M045,21264079
2026-04-23,M046,22636624
2026-04-23,M047,23798923
2026-04-23,M048,21888636
2026-04-24,M001,7999832
2026-04-24,M002,7661945
2026-04-24,M003,9869801
2026-04-24,M004,8240425
2026-04-24,M005,14538879
2026-04-24,M006,13386793
2026-04-24,M007,15924618
2026-04-24,M008,7504991
2026-04-24,M009,13261635
2026-04-24,M010,10646458
2026-04-24,M011,11700646
2026-04-24,M012,9961465
2026-04-24,M013,17489776
2026-04-24,M014,14852129
2026-04-24,M015,11560254
2026-04-24,M016,9410117
2026-04-24,M017,17510216
2026-04-24,M018,15412251
2026-04-24,M019,13951594
2026-04-24,M020,12593098
2026-04-24,M021,22243953
2026-04-24,M022,11265693
2026-04-24,M023,13525876
2026-04-24,M024,11970158
2026-04-24,M025,20121405
2026-04-24,M026,17476964
2026-04-24,M027,21003024
2026-04-24,M028,14262242
2026-04-24,M029,16139937
2026-04-24,M030,15011060
2026-04-24,M031,18070361
2026-04-24,M032,13949253
2026-04-24,M033,24435815
2026-04-24,M034,21000264
2026-04-24,M035,24051220
2026-04-24,M036,13258762
2026-04-24,M037,22058253
2026-04-24,M038,17280073
2026-04-24,M039,18897315
2026-04-24,M040,17209447
2026-04-24,M041,27721173
2026-04-24,M042,22511459
2026-04-24,M043,18637337
2026-04-24,M044,16307688
2026-04-24,M045,27497331
2026-04-24,M046,21007454
2026-04-24,M047,21552950
2026-04-24,M048,19984856
2026-04-25,M001,7702254
2026-04-25,M002,5708209
2026-04-25,M003,8399441
2026-04-25,M004,10041905
2026-04-25,M005,13459115
2026-04-25,M006,10048395
2026-04-25,M007,14240009
2026-04-25,M008,8747285
2026-04-25,M009,11015790
2026-04-25,M010,7631574
2026-04-25,M011,10838185
2026-04-25,M012,13036723
2026-04-25,M013,16376391
2026-04-25,M014,12425416
2026-04-25,M015,10429643
2026-04-25,M016,11784736
2026-04-25,M017,14020319
2026-04-25,M018,10618507
2026-04-25,M019,13192082
2026-04-25,M020,13784276
2026-04-25,M021,19338663
2026-04-25,M022,9789917
2026-04-25,M023,12472350
2026-04-25,M024,14666035
2026-04-25,M025,19735717
2026-04-25,M026,14159130
2026-04-25,M027,18441126
2026-04-25,M028,17307098
2026-04-25,M029,15915695
2026-04-25,M030,11408559
2026-04-25,M031,15284705
2026-04-25,M032,16308722
2026-04-25,M033,23147538
2026-04-25,M034,16717676
2026-04-25,M035,21510284
2026-04-25,M036,16282453
2026-04-25,M037,17088351
2026-04-25,M038,13222585
2026-04-25,M039,17488266
2026-04-25,M040,20019077
2026-04-25,M041,25731528
2026-04-25,M042,18899069
2026-04-25,M043,16516175
2026-04-25,M044,17953949
2026-04-25,M045,22592435
2026-04-25,M046,16088583
2026-04-25,M047,19980405
2026-04-25,M048,20743351
2026-04-26,M001,3891980
2026-04-26,M002,7947538
2026-04-26,M003,7356012
2026-04-26,M004,13881515
2026-04-26,M005,7665654
2026-04-26,M006,15106568
2026-04-26,M007,11089350
2026-04-26,M008,12023868
2026-04-26,M009,6771787
2026-04-26,M010,12297106
2026-04-26,M011,8630735
2026-04-26,M012,17830692
2026-04-26,M013,8603303
2026-04-26,M014,17094539
2026-04-26,M015,8640498
2026-04-26,M016,15566886
2026-04-26,M017,8358980
2026-04-26,M018,15426739
2026-04-26,M019,10953033
2026-04-26,M020,21035019
2026-04-26,M021,10774098
2026-04-26,M022,12414558
2026-04-26,M023,10922520
2026-04-26,M024,18178393
2026-04-26,M025,10955193
2026-04-26,M026,18229517
2026-04-26,M027,14571778
2026-04-26,M028,24631243
2026-04-26,M029,9083511
2026-04-26,M030,15916805
2026-04-26,M031,12026802
2026-04-26,M032,22477411
2026-04-26,M033,11945146
2026-04-26,M034,22815321
2026-04-26,M035,17761472
2026-04-26,M036,22201260
2026-04-26,M037,9984266
2026-04-26,M038,20095747
2026-04-26,M039,15225638
2026-04-26,M040,26655495
2026-04-26,M041,14178575
2026-04-26,M042,26221734
2026-04-26,M043,14674099
2026-04-26,M044,26189448
2026-04-26,M045,12737940
2026-04-26,M046,21209700
2026-04-26,M047,16444280
2026-04-26,M048,32300379
2026-04-27,M001,5950657
2026-04-27,M002,8206736
2026-04-27,M003,10705153
2026-04-27,M004,8676222
2026-04-27,M005,11407911
2026-04-27,M006,14885301
2026-04-27,M007,18511024
2026-04-27,M008,8282708
2026-04-27,M009,10609365
2026-04-27,M010,11393231
2026-04-27,M011,13895796
2026-04-27,M012,11729395
2026-04-27,M013,13472668
2026-04-27,M014,18908059
2026-04-27,M015,11681674
2026-04-27,M016,11024416
2026-04-27,M017,12183676
2026-04-27,M018,16971911
2026-04-27,M019,16293132
2026-04-27,M020,14381115
2026-04-27,M021,17515417
2026-04-27,M022,13742717
2026-04-27,M023,15652926
2026-04-27,M024,13299815
2026-04-27,M025,14942337
2026-04-27,M026,18892565
2026-04-27,M027,24097522
2026-04-27,M028,15480737
2026-04-27,M029,13602605
2026-04-27,M030,15567735
2026-04-27,M031,18085224
2026-04-27,M032,14830417
2026-04-27,M033,19221146
2026-04-27,M034,22587115
2026-04-27,M035,26631347
2026-04-27,M036,14699450
2026-04-27,M037,16741776
2026-04-27,M038,18690437
2026-04-27,M039,23109183
2026-04-27,M040,17512455
2026-04-27,M041,21344560
2026-04-27,M042,27179514
2026-04-27,M043,20051682
2026-04-27,M044,16359724
2026-04-27,M045,20445731
2026-04-27,M046,20903547
2026-04-27,M047,26828036
2026-04-27,M048,20186645
2026-04-28,M001,8015062
2026-04-28,M002,7294576
2026-04-28,M003,9264668
2026-04-28,M004,8501339
2026-04-28,M005,14354950
2026-04-28,M006,13880326
2026-04-28,M007,16318874
2026-04-28,M008,7904958
2026-04-28,M009,12700676
2026-04-28,M010,10428008
2026-04-28,M011,11894469
2026-04-28,M012,10963797
2026-04-28,M013,18679502
2026-04-28,M014,15567448
2026-04-28,M015,10969253
2026-04-28,M016,9299412
2026-04-28,M017,16824392
2026-04-28,M018,13552240
2026-04-28,M019,15445935
2026-04-28,M020,11983811
2026-04-28,M021,22217129
2026-04-28,M022,12680653
2026-04-28,M023,14047752
2026-04-28,M024,11086342
2026-04-28,M025,21568661
2026-04-28,M026,17314963
2026-04-28,M027,20015753
2026-04-28,M028,15709032
2026-04-28,M029,16525541
2026-04-28,M030,14728466
2026-04-28,M031,17108805
2026-04-28,M032,14513474
2026-04-28,M033,26208846
2026-04-28,M034,20151019
2026-04-28,M035,23870676
2026-04-28,M036,12592366
2026-04-28,M037,21678066
2026-04-28,M038,17395308
2026-04-28,M039,19147727
2026-04-28,M040,16318623
2026-04-28,M041,25922920
2026-04-28,M042,21577909
2026-04-28,M043,19789168
2026-04-28,M044,15620021
2026-04-28,M045,25302425
2026-04-28,M046,18812202
2026-04-28,M047,21523345
2026-04-28,M048,19202021
2026-04-29,M001,8256872
2026-04-29,M002,6832078
2026-04-29,M003,9575437
2026-04-29,M004,10865592
2026-04-29,M005,14122394
2026-04-29,M006,11625807
2026-04-29,M007,14354251
2026-04-29,M008,9500008
2026-04-29,M009,12198663
2026-04-29,M010,8500432
2026-04-29,M011,12273662
2026-04-29,M012,14455673
2026-04-29,M013,17840177
2026-04-29,M014,12445249
2026-04-29,M015,11205857
2026-04-29,M016,11729284
2026-04-29,M017,16060557
2026-04-29,M018,13084525
2026-04-29,M019,14078761
2026-04-29,M020,17052240
2026-04-29,M021,23392983
2026-04-29,M022,9903580
2026-04-29,M023,14612969
2026-04-29,M024,15995644
2026-04-29,M025,20368758
2026-04-29,M026,15515309
2026-04-29,M027,20753358
2026-04-29,M028,17836519
2026-04-29,M029,15841343
2026-04-29,M030,12917927
2026-04-29,M031,16324873
2026-04-29,M032,17969483
2026-04-29,M033,22883860
2026-04-29,M034,18547487
2026-04-29,M035,23643829
2026-04-29,M036,17686111
2026-04-29,M037,19874990
2026-04-29,M038,14881830
2026-04-29,M039,20559608
2026-04-29,M040,21376840
2026-04-29,M041,26760754
2026-04-29,M042,19093123
2026-04-29,M043,18957622
2026-04-29,M044,19588885
2026-04-29,M045,27794635
2026-04-29,M046,16627493
2026-04-29,M047,21382736
2026-04-29,M048,24492399
2026-04-30,M001,4424485
2026-04-30,M002,9350509
2026-04-30,M003,8437788
2026-04-30,M004,14564058
2026-04-30,M005,8707629
2026-04-30,M006,16558924
2026-04-30,M007,11886102
2026-04-30,M008,13311732
2026-04-30,M009,7367681
2026-04-30,M010,13543375
2026-04-30,M011,9833543
2026-04-30,M012,20537462
2026-04-30,M013,10537408
2026-04-30,M014,19598672
2026-04-30,M015,9289360
2026-04-30,M016,17151198
2026-04-30,M017,9240840
2026-04-30,M018,18255974
2026-04-30,M019,11994193
2026-04-30,M020,24004246
2026-04-30,M021,11969423
2026-04-30,M022,15316669
2026-04-30,M023,12627547
2026-04-30,M024,21490368
2026-04-30,M025,12292960
2026-04-30,M026,19828303
2026-04-30,M027,17456693
2026-04-30,M028,25092955
2026-04-30,M029,8891242
2026-04-30,M030,17207527
2026-04-30,M031,13021972
2026-04-30,M032,25860863
2026-04-30,M033,12822111
2026-04-30,M034,24764763
2026-04-30,M035,18396369
2026-04-30,M036,25293693
2026-04-30,M037,10700933
2026-04-30,M038,21047270
2026-04-30,M039,16756522
2026-04-30,M040,28244025
2026-04-30,M041,14554327
2026-04-30,M042,26170143
2026-04-30,M043,15794928
2026-04-30,M044,27042112
2026-04-30,M045,14756878
2026-04-30,M046,25741177
2026-04-30,M047,20026694
2026-04-30,M048,35374430
2026-05-01,M001,7949937
2026-05-01,M002,6598258
2026-05-01,M003,8697546
2026-05-01,M004,10842207
2026-05-01,M005,15584994
2026-05-01,M006,10885484
2026-05-01,M007,14109144
2026-05-01,M008,9426748
2026-05-01,M009,12136304
2026-05-01,M010,8511751
2026-05-01,M011,11197033
2026-05-01,M012,13712092
2026-05-01,M013,18223986
2026-05-01,M014,12819834
2026-05-01,M015,10136500
2026-05-01,M016,12023965
2026-05-01,M017,16689448
2026-05-01,M018,12612275
2026-05-01,M019,14713334
2026-05-01,M020,16302658
2026-05-01,M021,20253399
2026-05-01,M022,10481831
2026-05-01,M023,13893977
2026-05-01,M024,14545838
2026-05-01,M025,19314435
2026-05-01,M026,13685894
2026-05-01,M027,20850948
2026-05-01,M028,17932774
2026-05-01,M029,16322353
2026-05-01,M030,13145671
2026-05-01,M031,17306392
2026-05-01,M032,18907111
2026-05-01,M033,22361341
2026-05-01,M034,17869583
2026-05-01,M035,22407595
2026-05-01,M036,18395130
2026-05-01,M037,19033676
2026-05-01,M038,13948872
2026-05-01,M039,19407185
2026-05-01,M040,21862376
2026-05-01,M041,25751169
2026-05-01,M042,18427060
2026-05-01,M043,17608267
2026-05-01,M044,18520825
2026-05-01,M045,25548109
2026-05-01,M046,15391838
2026-05-01,M047,22361218
2026-05-01,M048,22050818
2026-05-02,M001,4206970
2026-05-02,M002,8843824
2026-05-02,M003,7268946
2026-05-02,M004,14128795
2026-05-02,M005,7361357
2026-05-02,M006,14930479
2026-05-02,M007,11119036
2026-05-02,M008,12765123
2026-05-02,M009,6194660
2026-05-02,M010,10708760
2026-05-02,M011,8626996
2026-05-02,M012,17735253
2026-05-02,M013,9174638
2026-05-02,M014,16929808
2026-05-02,M015,8417047
2026-05-02,M016,14983878
2026-05-02,M017,8734848
2026-05-02,M018,14708903
2026-05-02,M019,10880673
2026-05-02,M020,20746943
2026-05-02,M021,10205000
2026-05-02,M022,13461781
2026-05-02,M023,9731916
2026-05-02,M024,20268620
2026-05-02,M025,10798670
2026-05-02,M026,19483788
2026-05-02,M027,14325135
2026-05-02,M028,25117677
2026-05-02,M029,8136030
2026-05-02,M030,16195587
2026-05-02,M031,12872500
2026-05-02,M032,23649280
2026-05-02,M033,12045727
2026-05-02,M034,21409832
2026-05-02,M035,17630738
2026-05-02,M036,22529774
2026-05-02,M037,10263820
2026-05-02,M038,17667741
2026-05-02,M039,15389558
2026-05-02,M040,27766685
2026-05-02,M041,14534509
2026-05-02,M042,23251255
2026-05-02,M043,13899561
2026-05-02,M044,24576158
2026-05-02,M045,12903010
2026-05-02,M046,19916842
2026-05-02,M047,16962223
2026-05-02,M048,31546359
2026-05-03,M001,6134526
2026-05-03,M002,7705755
2026-05-03,M003,9831783
2026-05-03,M004,8674424
2026-05-03,M005,9522278
2026-05-03,M006,14005113
2026-05-03,M007,15887541
2026-05-03,M008,7012825
2026-05-03,M009,9590720
2026-05-03,M010,9814233
2026-05-03,M011,11975209
2026-05-03,M012,11388132
2026-05-03,M013,12891940
2026-05-03,M014,15890947
2026-05-03,M015,10388933
2026-05-03,M016,9840392
2026-05-03,M017,11967166
2026-05-03,M018,14869068
2026-05-03,M019,16369348
2026-05-03,M020,11919329
2026-05-03,M021,13935260
2026-05-03,M022,11941288
2026-05-03,M023,14163481
2026-05-03,M024,12801754
2026-05-03,M025,14324668
2026-05-03,M026,16605894
2026-05-03,M027,18902651
2026-05-03,M028,14442971
2026-05-03,M029,11000279
2026-05-03,M030,15151855
2026-05-03,M031,15971324
2026-05-03,M032,14070854
2026-05-03,M033,15231836
2026-05-03,M034,19695765
2026-05-03,M035,23315380
2026-05-03,M036,12411712
2026-05-03,M037,13112135
2026-05-03,M038,18078894
2026-05-03,M039,20101299
2026-05-03,M040,16032081
2026-05-03,M041,17744318
2026-05-03,M042,21693866
2026-05-03,M043,19262747
2026-05-03,M044,16243744
2026-05-03,M045,17118291
2026-05-03,M046,21006955
2026-05-03,M047,21381163
2026-05-03,M048,17247764
2026-05-04,M001,8608213
2026-05-04,M002,7387405
2026-05-04,M003,9996240
2026-05-04,M004,7868213
2026-05-04,M005,15034661
2026-05-04,M006,12408408
2026-05-04,M007,15625306
2026-05-04,M008,6844492
2026-05-04,M009,13000689
2026-05-04,M010,10967557
2026-05-04,M011,13146129
2026-05-04,M012,10018737
2026-05-04,M013,17838419
2026-05-04,M014,14485048
2026-05-04,M015,10639042
2026-05-04,M016,9051621
2026-05-04,M017,16957650
2026-05-04,M018,14945182
2026-05-04,M019,14898946
2026-05-04,M020,12517262
2026-05-04,M021,23605368
2026-05-04,M022,11316665
2026-05-04,M023,14031507
2026-05-04,M024,11678296
2026-05-04,M025,19970664
2026-05-04,M026,16873013
2026-05-04,M027,19772688
2026-05-04,M028,15066370
2026-05-04,M029,15768401
2026-05-04,M030,14024951
2026-05-04,M031,16606848
2026-05-04,M032,13882706
2026-05-04,M033,25512497
2026-05-04,M034,20783593
2026-05-04,M035,23145901
2026-05-04,M036,12477419
2026-05-04,M037,20294200
2026-05-04,M038,16786249
2026-05-04,M039,19307010
2026-05-04,M040,17188075
2026-05-04,M041,28004984
2026-05-04,M042,21364604
2026-05-04,M043,18047569
2026-05-04,M044,14489216
2026-05-04,M045,25521145
2026-05-04,M046,18439771
2026-05-04,M047,21422245
2026-05-04,M048,18851909
2026-05-05,M001,7924407
2026-05-05,M002,6613565
2026-05-05,M003,9223890
2026-05-05,M004,10952099
2026-05-05,M005,14374345
2026-05-05,M006,10206446
2026-05-05,M007,14434327
2026-05-05,M008,9313724
2026-05-05,M009,13258245
2026-05-05,M010,8143112
2026-05-05,M011,11625237
2026-05-05,M012,13823038
2026-05-05,M013,18020524
2026-05-05,M014,13788252
2026-05-05,M015,11048175
2026-05-05,M016,11527887
2026-05-05,M017,16041729
2026-05-05,M018,11438758
2026-05-05,M019,14122374
2026-05-05,M020,15542922
2026-05-05,M021,20872710
2026-05-05,M022,10044121
2026-05-05,M023,13868194
2026-05-05,M024,15047550
2026-05-05,M025,19470618
2026-05-05,M026,14394085
2026-05-05,M027,19601607
2026-05-05,M028,18489342
2026-05-05,M029,16796046
2026-05-05,M030,11785897
2026-05-05,M031,15909749
2026-05-05,M032,17984525
2026-05-05,M033,25135607
2026-05-05,M034,17285808
2026-05-05,M035,23913338
2026-05-05,M036,18079340
2026-05-05,M037,19360379
2026-05-05,M038,15236653
2026-05-05,M039,19630918
2026-05-05,M040,21856741
2026-05-05,M041,25160615
2026-05-05,M042,20325941
2026-05-05,M043,18887933
2026-05-05,M044,19378428
2026-05-05,M045,27654197
2026-05-05,M046,16033373
2026-05-05,M047,20704790
2026-05-05,M048,22436495
2026-05-06,M001,4772474
2026-05-06,M002,8749451
2026-05-06,M003,7649755
2026-05-06,M004,14430754
2026-05-06,M005,7919943
2026-05-06,M006,14744313
2026-05-06,M007,12599306
2026-05-06,M008,12910692
2026-05-06,M009,7784957
2026-05-06,M010,12595462
2026-05-06,M011,10481004
2026-05-06,M012,19262659
2026-05-06,M013,10527198
2026-05-06,M014,19981365
2026-05-06,M015,9867772
2026-05-06,M016,18559134
2026-05-06,M017,9007771
2026-05-06,M018,16555243
2026-05-06,M019,12800039
2026-05-06,M020,23887746
2026-05-06,M021,11226843
2026-05-06,M022,13305766
2026-05-06,M023,11429063
2026-05-06,M024,19915693
2026-05-06,M025,11140255
2026-05-06,M026,19985605
2026-05-06,M027,15394458
2026-05-06,M028,25904369
2026-05-06,M029,8825915
2026-05-06,M030,18583396
2026-05-06,M031,14484844
2026-05-06,M032,26546835
2026-05-06,M033,13204014
2026-05-06,M034,26141648
2026-05-06,M035,18875640
2026-05-06,M036,25285671
2026-05-06,M037,10510304
2026-05-06,M038,21732749
2026-05-06,M039,15015487
2026-05-06,M040,27777880
2026-05-06,M041,14531568
2026-05-06,M042,26433633
2026-05-06,M043,14825613
2026-05-06,M044,29426824
2026-05-06,M045,15225544
2026-05-06,M046,25090256
2026-05-06,M047,17809044
2026-05-06,M048,33560162
2026-05-07,M001,6421684
2026-05-07,M002,8374709
2026-05-07,M003,11425993
2026-05-07,M004,9231066
2026-05-07,M005,10959463
2026-05-07,M006,13908439
2026-05-07,M007,17583567
2026-05-07,M008,7646636
2026-05-07,M009,9845877
2026-05-07,M010,10997096
2026-05-07,M011,13259271
2026-05-07,M012,11914007
2026-05-07,M013,13926379
2026-05-07,M014,18352317
2026-05-07,M015,11681792
2026-05-07,M016,10052826
2026-05-07,M017,12821977
2026-05-07,M018,15503446
2026-05-07,M019,15955557
2026-05-07,M020,15081772
2026-05-07,M021,17360400
2026-05-07,M022,13795174
2026-05-07,M023,14846505
2026-05-07,M024,13009665
2026-05-07,M025,16420521
2026-05-07,M026,18636311
2026-05-07,M027,23674303
2026-05-07,M028,15586069
2026-05-07,M029,11973373
2026-05-07,M030,16033892
2026-05-07,M031,20310455
2026-05-07,M032,15821322
2026-05-07,M033,18796823
2026-05-07,M034,21159388
2026-05-07,M035,25381664
2026-05-07,M036,14534709
2026-05-07,M037,15860569
2026-05-07,M038,17916422
2026-05-07,M039,21387562
2026-05-07,M040,17305603
2026-05-07,M041,20953423
2026-05-07,M042,25938137
2026-05-07,M043,20899510
2026-05-07,M044,17184936
2026-05-07,M045,19286120
2026-05-07,M046,22083957
2026-05-07,M047,27005290
2026-05-07,M048,20836781
2026-05-08,M001,8000406
2026-05-08,M002,7414146
2026-05-08,M003,9631149
2026-05-08,M004,8346054
2026-05-08,M005,14540941
2026-05-08,M006,12983462
2026-05-08,M007,15646759
2026-05-08,M008,7448648
2026-05-08,M009,13716309
2026-05-08,M010,9890013
2026-05-08,M011,11411096
2026-05-08,M012,10850334
2026-05-08,M013,18067929
2026-05-08,M014,16550589
2026-05-08,M015,11585610
2026-05-08,M016,8950049
2026-05-08,M017,17137854
2026-05-08,M018,15554061
2026-05-08,M019,15776947
2026-05-08,M020,13007583
2026-05-08,M021,21103166
2026-05-08,M022,11224175
2026-05-08,M023,13531996
2026-05-08,M024,11162478
2026-05-08,M025,21477974
2026-05-08,M026,16055980
2026-05-08,M027,20640750
2026-05-08,M028,15528963
2026-05-08,M029,18335651
2026-05-08,M030,14916304
2026-05-08,M031,16614689
2026-05-08,M032,13956823
2026-05-08,M033,22524615
2026-05-08,M034,20113212
2026-05-08,M035,23557760
2026-05-08,M036,12441534
2026-05-08,M037,21952596
2026-05-08,M038,17506032
2026-05-08,M039,20632472
2026-05-08,M040,16891864
2026-05-08,M041,29004357
2026-05-08,M042,22619332
2026-05-08,M043,17532526
2026-05-08,M044,15632800
2026-05-08,M045,25381119
2026-05-08,M046,19795887
2026-05-08,M047,20787658
2026-05-08,M048,18016324
2026-05-09,M001,7726401
2026-05-09,M002,5449454
2026-05-09,M003,7840319
2026-05-09,M004,9638234
2026-05-09,M005,12680590
2026-05-09,M006,10593023
2026-05-09,M007,12966451
2026-05-09,M008,8529020
2026-05-09,M009,12576437
2026-05-09,M010,7471029
2026-05-09,M011,11250914
2026-05-09,M012,11667663
2026-05-09,M013,15892194
2026-05-09,M014,11355896
2026-05-09,M015,10002249
2026-05-09,M016,10800464
2026-05-09,M017,14174456
2026-05-09,M018,10496662
2026-05-09,M019,12685485
2026-05-09,M020,15433228
2026-05-09,M021,20210396
2026-05-09,M022,8708387
2026-05-09,M023,12989886
2026-05-09,M024,14820238
2026-05-09,M025,19176745
2026-05-09,M026,13608368
2026-05-09,M027,17878897
2026-05-09,M028,17511545
2026-05-09,M029,14639545
2026-05-09,M030,11415457
2026-05-09,M031,16059834
2026-05-09,M032,17109300
2026-05-09,M033,20282468
2026-05-09,M034,15821137
2026-05-09,M035,20778135
2026-05-09,M036,15050764
2026-05-09,M037,17664396
2026-05-09,M038,13151760
2026-05-09,M039,17625940
2026-05-09,M040,19128014
2026-05-09,M041,23596173
2026-05-09,M042,18482256
2026-05-09,M043,16000655
2026-05-09,M044,18484309
2026-05-09,M045,25089376
2026-05-09,M046,14142424
2026-05-09,M047,21227933
2026-05-09,M048,22952133
2026-05-10,M001,4292199
2026-05-10,M002,8677524
2026-05-10,M003,7082870
2026-05-10,M004,12747947
2026-05-10,M005,7413774
2026-05-10,M006,14339992
2026-05-10,M007,12099804
2026-05-10,M008,11440846
2026-05-10,M009,6547163
2026-05-10,M010,10451988
2026-05-10,M011,9915822
2026-05-10,M012,16505733
2026-05-10,M013,9779677
2026-05-10,M014,16507530
2026-05-10,M015,8678457
2026-05-10,M016,15617004
2026-05-10,M017,8149325
2026-05-10,M018,15828311
2026-05-10,M019,10510739
2026-05-10,M020,20357027
2026-05-10,M021,11057082
2026-05-10,M022,12003354
2026-05-10,M023,10838350
2026-05-10,M024,19689796
2026-05-10,M025,10169916
2026-05-10,M026,19826052
2026-05-10,M027,13997048
2026-05-10,M028,25388129
2026-05-10,M029,9145552
2026-05-10,M030,16332415
2026-05-10,M031,12760931
2026-05-10,M032,21461071
2026-05-10,M033,12056337
2026-05-10,M034,23496637
2026-05-10,M035,16070937
2026-05-10,M036,21375128
2026-05-10,M037,10039505
2026-05-10,M038,18239939
2026-05-10,M039,14132391
2026-05-10,M040,25601863
2026-05-10,M041,14745771
2026-05-10,M042,23051357
2026-05-10,M043,13404161
2026-05-10,M044,26776604
2026-05-10,M045,12374941
2026-05-10,M046,21128227
2026-05-10,M047,16125617
2026-05-10,M048,29218716
2026-05-11,M001,6534560
2026-05-11,M002,7942115
2026-05-11,M003,10464014
2026-05-11,M004,9831480
2026-05-11,M005,11278265
2026-05-11,M006,13908804
2026-05-11,M007,16718397
2026-05-11,M008,8320152
2026-05-11,M009,9384024
2026-05-11,M010,11374282
2026-05-11,M011,13222947
2026-05-11,M012,11454267
2026-05-11,M013,14261816
2026-05-11,M014,16613248
2026-05-11,M015,12711779
2026-05-11,M016,11195688
2026-05-11,M017,11822922
2026-05-11,M018,15719682
2026-05-11,M019,18012534
2026-05-11,M020,13869371
2026-05-11,M021,15330966
2026-05-11,M022,13204510
2026-05-11,M023,16672974
2026-05-11,M024,12569955
2026-05-11,M025,15493279
2026-05-11,M026,18432724
2026-05-11,M027,22086968
2026-05-11,M028,16161817
2026-05-11,M029,13099066
2026-05-11,M030,17143479
2026-05-11,M031,17840584
2026-05-11,M032,16709350
2026-05-11,M033,17061028
2026-05-11,M034,23385975
2026-05-11,M035,25336718
2026-05-11,M036,14552524
2026-05-11,M037,16260340
2026-05-11,M038,18281805
2026-05-11,M039,22740488
2026-05-11,M040,18912723
2026-05-11,M041,21919748
2026-05-11,M042,23682241
2026-05-11,M043,20732795
2026-05-11,M044,17970807
2026-05-11,M045,18945150
2026-05-11,M046,21749186
2026-05-11,M047,23869206
2026-05-11,M048,21289084
2026-05-12,M001,8815476
2026-05-12,M002,7422838
2026-05-12,M003,8996355
2026-05-12,M004,8804006
2026-05-12,M005,16248250
2026-05-12,M006,12899705
2026-05-12,M007,14158319
2026-05-12,M008,7496243
2026-05-12,M009,14217262
2026-05-12,M010,10703695
2026-05-12,M011,12070196
2026-05-12,M012,11407229
2026-05-12,M013,19539729
2026-05-12,M014,15082646
2026-05-12,M015,11173701
2026-05-12,M016,9353439
2026-05-12,M017,17724803
2026-05-12,M018,14306768
2026-05-12,M019,14787047
2026-05-12,M020,13471551
2026-05-12,M021,22821489
2026-05-12,M022,12509184
2026-05-12,M023,13237284
2026-05-12,M024,11132500
2026-05-12,M025,21749438
2026-05-12,M026,18712907
2026-05-12,M027,21372711
2026-05-12,M028,13906424
2026-05-12,M029,16369320
2026-05-12,M030,13562085
2026-05-12,M031,17655237
2026-05-12,M032,14530117
2026-05-12,M033,22932368
2026-05-12,M034,19785632
2026-05-12,M035,21043090
2026-05-12,M036,12669750
2026-05-12,M037,21376601
2026-05-12,M038,17312617
2026-05-12,M039,20238554
2026-05-12,M040,17433335
2026-05-12,M041,26053132
2026-05-12,M042,22573944
2026-05-12,M043,17125412
2026-05-12,M044,14867238
2026-05-12,M045,26550539
2026-05-12,M046,20082285
2026-05-12,M047,23032389
2026-05-12,M048,19913922
2026-05-13,M001,7981825
2026-05-13,M002,7018615
2026-05-13,M003,8679045
2026-05-13,M004,10747596
2026-05-13,M005,13731717
2026-05-13,M006,10568673
2026-05-13,M007,15108121
2026-05-13,M008,9402321
2026-05-13,M009,12558885
2026-05-13,M010,8187512
2026-05-13,M011,12600615
2026-05-13,M012,14314350
2026-05-13,M013,17780204
2026-05-13,M014,13888335
2026-05-13,M015,11602553
2026-05-13,M016,12581899
2026-05-13,M017,17805931
2026-05-13,M018,13280939
2026-05-13,M019,13748514
2026-05-13,M020,15144111
2026-05-13,M021,21493770
2026-05-13,M022,9724769
2026-05-13,M023,13089494
2026-05-13,M024,14886332
2026-05-13,M025,21722875
2026-05-13,M026,15556943
2026-05-13,M027,19390766
2026-05-13,M028,18447576
2026-05-13,M029,15980489
2026-05-13,M030,13297032
2026-05-13,M031,15819814
2026-05-13,M032,19152836
2026-05-13,M033,22130283
2026-05-13,M034,17239986
2026-05-13,M035,23311137
2026-05-13,M036,16883765
2026-05-13,M037,21680002
2026-05-13,M038,14270513
2026-05-13,M039,17971511
2026-05-13,M040,19610618
2026-05-13,M041,25744907
2026-05-13,M042,18908556
2026-05-13,M043,18103549
2026-05-13,M044,18681869
2026-05-13,M045,27629343
2026-05-13,M046,17452548
2026-05-13,M047,20859395
2026-05-13,M048,22371150
2026-05-14,M001,4865074
2026-05-14,M002,8643217
2026-05-14,M003,7742054
2026-05-14,M004,14912421
2026-05-14,M005,8399888
2026-05-14,M006,15416163
2026-05-14,M007,13135871
2026-05-14,M008,12657255
2026-05-14,M009,7610832
2026-05-14,M010,12405352
2026-05-14,M011,10033822
2026-05-14,M012,18997822
2026-05-14,M013,10344116
2026-05-14,M014,18032304
2026-05-14,M015,8805870
2026-05-14,M016,18494404
2026-05-14,M017,10048631
2026-05-14,M018,18401905
2026-05-14,M019,12809245
2026-05-14,M020,22870436
2026-05-14,M021,12134853
2026-05-14,M022,14578430
2026-05-14,M023,11002134
2026-05-14,M024,20908822
2026-05-14,M025,11787346
2026-05-14,M026,22242492
2026-05-14,M027,17715871
2026-05-14,M028,26409945
2026-05-14,M029,9004733
2026-05-14,M030,18785266
2026-05-14,M031,13157748
2026-05-14,M032,24785804
2026-05-14,M033,13837446
2026-05-14,M034,24120797
2026-05-14,M035,18259036
2026-05-14,M036,23722134
2026-05-14,M037,10445079
2026-05-14,M038,22221647
2026-05-14,M039,16009488
2026-05-14,M040,28508102
2026-05-14,M041,14149677
2026-05-14,M042,27912365
2026-05-14,M043,16478421
2026-05-14,M044,26893716
2026-05-14,M045,14415385
2026-05-14,M046,24870367
2026-05-14,M047,18784626
2026-05-14,M048,32910013
2026-05-15,M001,6067950
2026-05-15,M002,8532536
2026-05-15,M003,10022170
2026-05-15,M004,9331191
2026-05-15,M005,10584973
2026-05-15,M006,13573787
2026-05-15,M007,16699904
2026-05-15,M008,8619753
2026-05-15,M009,9463884
2026-05-15,M010,11694991
2026-05-15,M011,13217106
2026-05-15,M012,11447669
2026-05-15,M013,13087196
2026-05-15,M014,17336528
2026-05-15,M015,13353841
2026-05-15,M016,11498134
2026-05-15,M017,12048441
2026-05-15,M018,15577003
2026-05-15,M019,17368311
2026-05-15,M020,13382304
2026-05-15,M021,17280816
2026-05-15,M022,12765704
2026-05-15,M023,15584674
2026-05-15,M024,12914175
2026-05-15,M025,16539304
2026-05-15,M026,20895180
2026-05-15,M027,23309526
2026-05-15,M028,15659368
2026-05-15,M029,13758444
2026-05-15,M030,15074475
2026-05-15,M031,18262881
2026-05-15,M032,15049439
2026-05-15,M033,18206233
2026-05-15,M034,21035841
2026-05-15,M035,24173964
2026-05-15,M036,15315009
2026-05-15,M037,16573904
2026-05-15,M038,20102606
2026-05-15,M039,20401320
2026-05-15,M040,17986972
2026-05-15,M041,20013515
2026-05-15,M042,25295321
2026-05-15,M043,19834075
2026-05-15,M044,18683755
2026-05-15,M045,19882405
2026-05-15,M046,20922636
2026-05-15,M047,25632007
2026-05-15,M048,21501308
2026-05-16,M001,7795832
2026-05-16,M002,6786588
2026-05-16,M003,8894919
2026-05-16,M004,7307089
2026-05-16,M005,14282092
2026-05-16,M006,12156803
2026-05-16,M007,13743163
2026-05-16,M008,6713807
2026-05-16,M009,12473367
2026-05-16,M010,9003690
2026-05-16,M011,10369762
2026-05-16,M012,10029699
2026-05-16,M013,17259444
2026-05-16,M014,15087979
2026-05-16,M015,9793007
2026-05-16,M016,8981396
2026-05-16,M017,14716490
2026-05-16,M018,13117710
2026-05-16,M019,13531775
2026-05-16,M020,11097176
2026-05-16,M021,21381017
2026-05-16,M022,10930523
2026-05-16,M023,11674291
2026-05-16,M024,11167515
2026-05-16,M025,18912568
2026-05-16,M026,15812245
2026-05-16,M027,16921785
2026-05-16,M028,13445982
2026-05-16,M029,15240359
2026-05-16,M030,13251120
2026-05-16,M031,14527487
2026-05-16,M032,13771897
2026-05-16,M033,21578746
2026-05-16,M034,18008465
2026-05-16,M035,19617457
2026-05-16,M036,12852504
2026-05-16,M037,18023786
2026-05-16,M038,15321923
2026-05-16,M039,16917782
2026-05-16,M040,15641325
2026-05-16,M041,24000092
2026-05-16,M042,21580681
2026-05-16,M043,15664835
2026-05-16,M044,14422931
2026-05-16,M045,22696501
2026-05-16,M046,17116454
2026-05-16,M047,18491113
2026-05-16,M048,16263110
2026-05-17,M001,7442046
2026-05-17,M002,6161371
2026-05-17,M003,7879179
2026-05-17,M004,10144060
2026-05-17,M005,13426151
2026-05-17,M006,10497261
2026-05-17,M007,13565150
2026-05-17,M008,8671376
2026-05-17,M009,11028589
2026-05-17,M010,7665334
2026-05-17,M011,11678492
2026-05-17,M012,13173164
2026-05-17,M013,15377299
2026-05-17,M014,11618175
2026-05-17,M015,9651390
2026-05-17,M016,11793469
2026-05-17,M017,14392140
2026-05-17,M018,10465525
2026-05-17,M019,12972139
2026-05-17,M020,15259031
2026-05-17,M021,20244750
2026-05-17,M022,9759529
2026-05-17,M023,11675131
2026-05-17,M024,14649281
2026-05-17,M025,17433185
2026-05-17,M026,13905566
2026-05-17,M027,16883951
2026-05-17,M028,17621007
2026-05-17,M029,15397559
2026-05-17,M030,11715441
2026-05-17,M031,14686293
2026-05-17,M032,17151257
2026-05-17,M033,20130715
2026-05-17,M034,15996631
2026-05-17,M035,20298588
2026-05-17,M036,14965364
2026-05-17,M037,18630885
2026-05-17,M038,12939471
2026-05-17,M039,18647614
2026-05-17,M040,17805994
2026-05-17,M041,23153330
2026-05-17,M042,17974875
2026-05-17,M043,16376942
2026-05-17,M044,18257821
2026-05-17,M045,23673578
2026-05-17,M046,14672924
2026-05-17,M047,18674694
2026-05-17,M048,19795029
2026-05-18,M001,4739148
2026-05-18,M002,9085457
2026-05-18,M003,8423591
2026-05-18,M004,15014341
2026-05-18,M005,8563027
2026-05-18,M006,15096630
2026-05-18,M007,13169929
2026-05-18,M008,13238026
2026-05-18,M009,7125648
2026-05-18,M010,11669469
2026-05-18,M011,10795407
2026-05-18,M012,20037486
2026-05-18,M013,10988337
2026-05-18,M014,18933985
2026-05-18,M015,9011832
2026-05-18,M016,16783376
2026-05-18,M017,9731280
2026-05-18,M018,17137856
2026-05-18,M019,11847632
2026-05-18,M020,21518771
2026-05-18,M021,12251247
2026-05-18,M022,14951131
2026-05-18,M023,11751457
2026-05-18,M024,20419611
2026-05-18,M025,11988218
2026-05-18,M026,22267749
2026-05-18,M027,15552526
2026-05-18,M028,24776848
2026-05-18,M029,8876416
2026-05-18,M030,16213407
2026-05-18,M031,15034420
2026-05-18,M032,25383465
2026-05-18,M033,14285731
2026-05-18,M034,25500892
2026-05-18,M035,19676012
2026-05-18,M036,22935680
2026-05-18,M037,10816715
2026-05-18,M038,20170100
2026-05-18,M039,15641501
2026-05-18,M040,28260564
2026-05-18,M041,14261654
2026-05-18,M042,26070833
2026-05-18,M043,14726203
2026-05-18,M044,27284295
2026-05-18,M045,14106825
2026-05-18,M046,24080449
2026-05-18,M047,17548670
2026-05-18,M048,32565544
2026-05-19,M001,6608852
2026-05-19,M002,8347467
2026-05-19,M003,11509107
2026-05-19,M004,9085072
2026-05-19,M005,11683615
2026-05-19,M006,15197665
2026-05-19,M007,16179017
2026-05-19,M008,7426024
2026-05-19,M009,10233720
2026-05-19,M010,12014923
2026-05-19,M011,13933339
2026-05-19,M012,11387718
2026-05-19,M013,13714008
2026-05-19,M014,18526510
2026-05-19,M015,11596373
2026-05-19,M016,10047137
2026-05-19,M017,13375396
2026-05-19,M018,17196318
2026-05-19,M019,17772462
2026-05-19,M020,14723797
2026-05-19,M021,15978568
2026-05-19,M022,14301806
2026-05-19,M023,15642857
2026-05-19,M024,12626411
2026-05-19,M025,16653965
2026-05-19,M026,20858374
2026-05-19,M027,22669230
2026-05-19,M028,16332886
2026-05-19,M029,12991087
2026-05-19,M030,16474778
2026-05-19,M031,17534430
2026-05-19,M032,14472668
2026-05-19,M033,17287901
2026-05-19,M034,22105743
2026-05-19,M035,24422234
2026-05-19,M036,14514526
2026-05-19,M037,15714939
2026-05-19,M038,19886361
2026-05-19,M039,23715060
2026-05-19,M040,18515179
2026-05-19,M041,21082619
2026-05-19,M042,26878891
2026-05-19,M043,20703165
2026-05-19,M044,17334434
2026-05-19,M045,21409075
2026-05-19,M046,20261012
2026-05-19,M047,26762787
2026-05-19,M048,21344997
2026-05-20,M001,8966462
2026-05-20,M002,7716627
2026-05-20,M003,9126915
2026-05-20,M004,8863322
2026-05-20,M005,14797670
2026-05-20,M006,13257717
2026-05-20,M007,14847743
2026-05-20,M008,7122496
2026-05-20,M009,12342289
2026-05-20,M010,11056573
2026-05-20,M011,12584210
2026-05-20,M012,10709940
2026-05-20,M013,20063358
2026-05-20,M014,16462941
2026-05-20,M015,10749658
2026-05-20,M016,9256290
2026-05-20,M017,16110314
2026-05-20,M018,13814737
2026-05-20,M019,14848784
2026-05-20,M020,12392757
2026-05-20,M021,21974631
2026-05-20,M022,11142272
2026-05-20,M023,13805821
2026-05-20,M024,11070075
2026-05-20,M025,21868206
2026-05-20,M026,16877683
2026-05-20,M027,18961820
2026-05-20,M028,15285564
2026-05-20,M029,18216012
2026-05-20,M030,15368673
2026-05-20,M031,16694945
2026-05-20,M032,14360127
2026-05-20,M033,22959178
2026-05-20,M034,18860791
2026-05-20,M035,22425629
2026-05-20,M036,13470855
2026-05-20,M037,20150777
2026-05-20,M038,16603591
2026-05-20,M039,18142759
2026-05-20,M040,17147385
2026-05-20,M041,28502875
2026-05-20,M042,21763407
2026-05-20,M043,18963916
2026-05-20,M044,16407714
2026-05-20,M045,27917793
2026-05-20,M046,21081626
2026-05-20,M047,22104700
2026-05-20,M048,17104165
2026-05-21,M001,8519867
2026-05-21,M002,6759450
2026-05-21,M003,9982071
2026-05-21,M004,10883449
2026-05-21,M005,15424591
2026-05-21,M006,10130792
2026-05-21,M007,14274262
2026-05-21,M008,9723896
2026-05-21,M009,13244410
2026-05-21,M010,8905620
2026-05-21,M011,11284238
2026-05-21,M012,13149977
2026-05-21,M013,17729577
2026-05-21,M014,13339471
2026-05-21,M015,10039446
2026-05-21,M016,11755138
2026-05-21,M017,16798969
2026-05-21,M018,12698826
2026-05-21,M019,14015245
2026-05-21,M020,15072536
2026-05-21,M021,21863150
2026-05-21,M022,9440297
2026-05-21,M023,13683025
2026-05-21,M024,14846202
2026-05-21,M025,21178474
2026-05-21,M026,13857432
2026-05-21,M027,20886502
2026-05-21,M028,19987859
2026-05-21,M029,17527224
2026-05-21,M030,12220571
2026-05-21,M031,15786662
2026-05-21,M032,19519233
2026-05-21,M033,25437020
2026-05-21,M034,16175126
2026-05-21,M035,23602848
2026-05-21,M036,16273145
2026-05-21,M037,21068821
2026-05-21,M038,14524028
2026-05-21,M039,19260615
2026-05-21,M040,20544988
2026-05-21,M041,26395304
2026-05-21,M042,19024032
2026-05-21,M043,17612586
2026-05-21,M044,18740772
2026-05-21,M045,24728041
2026-05-21,M046,16817150
2026-05-21,M047,23448933
2026-05-21,M048,23458435
2026-05-22,M001,4575530
2026-05-22,M002,9504218
2026-05-22,M003,7485965
2026-05-22,M004,14652776
2026-05-22,M005,8434143
2026-05-22,M006,14980009
2026-05-22,M007,13093186
2026-05-22,M008,13502683
2026-05-22,M009,7804373
2026-05-22,M010,12657172
2026-05-22,M011,10258836
2026-05-22,M012,18201465
2026-05-22,M013,10490671
2026-05-22,M014,18989924
2026-05-22,M015,9459783
2026-05-22,M016,16102587
2026-05-22,M017,9471674
2026-05-22,M018,18045927
2026-05-22,M019,11613421
2026-05-22,M020,23285474
2026-05-22,M021,11328830
2026-05-22,M022,14668494
2026-05-22,M023,11171926
2026-05-22,M024,20868053
2026-05-22,M025,11892213
2026-05-22,M026,20691469
2026-05-22,M027,15395051
2026-05-22,M028,25901395
2026-05-22,M029,9143049
2026-05-22,M030,16180041
2026-05-22,M031,14888584
2026-05-22,M032,24236526
2026-05-22,M033,13626444
2026-05-22,M034,25413562
2026-05-22,M035,18983072
2026-05-22,M036,23427642
2026-05-22,M037,11295279
2026-05-22,M038,19856104
2026-05-22,M039,15044475
2026-05-22,M040,27469775
2026-05-22,M041,14708306
2026-05-22,M042,26406276
2026-05-22,M043,16452140
2026-05-22,M044,27836658
2026-05-22,M045,15632790
2026-05-22,M046,22280330
2026-05-22,M047,19444414
2026-05-22,M048,31144473
2026-05-23,M001,5683985
2026-05-23,M002,7713012
2026-05-23,M003,10074114
2026-05-23,M004,8885091
2026-05-23,M005,9497047
2026-05-23,M006,12119877
2026-05-23,M007,16169500
2026-05-23,M008,6689194
2026-05-23,M009,9187436
2026-05-23,M010,10418536
2026-05-23,M011,13372183
2026-05-23,M012,10497470
2026-05-23,M013,13460296
2026-05-23,M014,15741501
2026-05-23,M015,11336703
2026-05-23,M016,9203281
2026-05-23,M017,10756688
2026-05-23,M018,14888296
2026-05-23,M019,15915592
2026-05-23,M020,12463286
2026-05-23,M021,15439587
2026-05-23,M022,12342314
2026-05-23,M023,14255994
2026-05-23,M024,11308330
2026-05-23,M025,14372116
2026-05-23,M026,16718699
2026-05-23,M027,18744823
2026-05-23,M028,15073183
2026-05-23,M029,12003627
2026-05-23,M030,15689697
2026-05-23,M031,16539310
2026-05-23,M032,13982312
2026-05-23,M033,15926422
2026-05-23,M034,19334984
2026-05-23,M035,23483316
2026-05-23,M036,13432815
2026-05-23,M037,13071696
2026-05-23,M038,17019246
2026-05-23,M039,19864638
2026-05-23,M040,17544194
2026-05-23,M041,18440043
2026-05-23,M042,24524027
2026-05-23,M043,18373160
2026-05-23,M044,15825691
2026-05-23,M045,19106755
2026-05-23,M046,18599854
2026-05-23,M047,21457797
2026-05-23,M048,18020003
2026-05-24,M001,8033317
2026-05-24,M002,7164859
2026-05-24,M003,8904248
2026-05-24,M004,7740776
2026-05-24,M005,14081560
2026-05-24,M006,10884052
2026-05-24,M007,12960856
2026-05-24,M008,6086218
2026-05-24,M009,11924726
2026-05-24,M010,9874012
2026-05-24,M011,10792097
2026-05-24,M012,9520395
2026-05-24,M013,17280215
2026-05-24,M014,14493807
2026-05-24,M015,10378366
2026-05-24,M016,9045135
2026-05-24,M017,15584940
2026-05-24,M018,13964522
2026-05-24,M019,13309546
2026-05-24,M020,11849845
2026-05-24,M021,18586726
2026-05-24,M022,9866372
2026-05-24,M023,11960351
2026-05-24,M024,10204027
2026-05-24,M025,18452643
2026-05-24,M026,16176656
2026-05-24,M027,17044077
2026-05-24,M028,12504318
2026-05-24,M029,15801086
2026-05-24,M030,12346406
2026-05-24,M031,14700320
2026-05-24,M032,11804164
2026-05-24,M033,21045747
2026-05-24,M034,17063152
2026-05-24,M035,19989646
2026-05-24,M036,12273597
2026-05-24,M037,17427492
2026-05-24,M038,16126898
2026-05-24,M039,17820912
2026-05-24,M040,14138992
2026-05-24,M041,23805695
2026-05-24,M042,19423423
2026-05-24,M043,16108825
2026-05-24,M044,13989467
2026-05-24,M045,22632121
2026-05-24,M046,18483556
2026-05-24,M047,20379676
2026-05-24,M048,17201217
2026-05-25,M001,8496136
2026-05-25,M002,6716089
2026-05-25,M003,8651444
2026-05-25,M004,11300396
2026-05-25,M005,14108039
2026-05-25,M006,10432146
2026-05-25,M007,14000364
2026-05-25,M008,10008899
2026-05-25,M009,12303437
2026-05-25,M010,8694500
2026-05-25,M011,12374156
2026-05-25,M012,13654001
2026-05-25,M013,19663562
2026-05-25,M014,12734700
2026-05-25,M015,11341707
2026-05-25,M016,12153278
2026-05-25,M017,18020287
2026-05-25,M018,12567022
2026-05-25,M019,15912840
2026-05-25,M020,15922116
2026-05-25,M021,20988162
2026-05-25,M022,10668717
2026-05-25,M023,14424664
2026-05-25,M024,15421460
2026-05-25,M025,19102717
2026-05-25,M026,15616573
2026-05-25,M027,19094897
2026-05-25,M028,19921267
2026-05-25,M029,16589738
2026-05-25,M030,11726217
2026-05-25,M031,17512423
2026-05-25,M032,17970204
2026-05-25,M033,24754579
2026-05-25,M034,17996374
2026-05-25,M035,24045932
2026-05-25,M036,17275701
2026-05-25,M037,20853970
2026-05-25,M038,13625426
2026-05-25,M039,20074694
2026-05-25,M040,19815740
2026-05-25,M041,29171125
2026-05-25,M042,19758456
2026-05-25,M043,19686559
2026-05-25,M044,18611832
2026-05-25,M045,27919199
2026-05-25,M046,15864800
2026-05-25,M047,20956299
2026-05-25,M048,24795028
2026-05-26,M001,4717151
2026-05-26,M002,8767491
2026-05-26,M003,8384406
2026-05-26,M004,15488629
2026-05-26,M005,8008992
2026-05-26,M006,16853797
2026-05-26,M007,12900484
2026-05-26,M008,13267096
2026-05-26,M009,7151048
2026-05-26,M010,12766371
2026-05-26,M011,9921907
2026-05-26,M012,19274463
2026-05-26,M013,10144003
2026-05-26,M014,18676564
2026-05-26,M015,8700015
2026-05-26,M016,17640771
2026-05-26,M017,9425290
2026-05-26,M018,18573893
2026-05-26,M019,11992909
2026-05-26,M020,23392887
2026-05-26,M021,12645090
2026-05-26,M022,13851101
2026-05-26,M023,10734240
2026-05-26,M024,22808437
2026-05-26,M025,11063280
2026-05-26,M026,20457001
2026-05-26,M027,16383342
2026-05-26,M028,28564475
2026-05-26,M029,9418250
2026-05-26,M030,17392471
2026-05-26,M031,14225538
2026-05-26,M032,25296191
2026-05-26,M033,13824638
2026-05-26,M034,23109451
2026-05-26,M035,20287716
2026-05-26,M036,22596305
2026-05-26,M037,10576688
2026-05-26,M038,21796577
2026-05-26,M039,16568599
2026-05-26,M040,28749198
2026-05-26,M041,15559044
2026-05-26,M042,26072603
2026-05-26,M043,15543108
2026-05-26,M044,30245501
2026-05-26,M045,14200173
2026-05-26,M046,21963789
2026-05-26,M047,18100862
2026-05-26,M048,34909544
2026-05-27,M001,6055934
2026-05-27,M002,9262139
2026-05-27,M003,10384749
2026-05-27,M004,9578298
2026-05-27,M005,11398730
2026-05-27,M006,14853070
2026-05-27,M007,16911584
2026-05-27,M008,7813209
2026-05-27,M009,9858945
2026-05-27,M010,10784349
2026-05-27,M011,13116269
2026-05-27,M012,12557959
2026-05-27,M013,14756720
2026-05-27,M014,18416850
2026-05-27,M015,13040915
2026-05-27,M016,11457233
2026-05-27,M017,12833569
2026-05-27,M018,16082146
2026-05-27,M019,16052259
2026-05-27,M020,13476316
2026-05-27,M021,17046245
2026-05-27,M022,13583012
2026-05-27,M023,16635813
2026-05-27,M024,12673590
2026-05-27,M025,16095556
2026-05-27,M026,18376213
2026-05-27,M027,21323802
2026-05-27,M028,15681908
2026-05-27,M029,12019134
2026-05-27,M030,15524685
2026-05-27,M031,18099260
2026-05-27,M032,15212488
2026-05-27,M033,16925060
2026-05-27,M034,21314439
2026-05-27,M035,24411838
2026-05-27,M036,14609040
2026-05-27,M037,15245379
2026-05-27,M038,18136432
2026-05-27,M039,23407365
2026-05-27,M040,18306697
2026-05-27,M041,21741019
2026-05-27,M042,24234047
2026-05-27,M043,20955691
2026-05-27,M044,16172780
2026-05-27,M045,20712992
2026-05-27,M046,22130923
2026-05-27,M047,26370631
2026-05-27,M048,18927293
2026-05-28,M001,8453386
2026-05-28,M002,7787950
2026-05-28,M003,9915790
2026-05-28,M004,7996212
2026-05-28,M005,15602061
2026-05-28,M006,13209958
2026-05-28,M007,15233660
2026-05-28,M008,7433276
2026-05-28,M009,12698011
2026-05-28,M010,9860360
2026-05-28,M011,11628776
2026-05-28,M012,10120479
2026-05-28,M013,19802745
2026-05-28,M014,16172823
2026-05-28,M015,11497572
2026-05-28,M016,9961868
2026-05-28,M017,16754463
2026-05-28,M018,13674501
2026-05-28,M019,14529316
2026-05-28,M020,13476478
2026-05-28,M021,23105411
2026-05-28,M022,11840144
2026-05-28,M023,13315320
2026-05-28,M024,11238353
2026-05-28,M025,20804874
2026-05-28,M026,16811993
2026-05-28,M027,21004257
2026-05-28,M028,14584952
2026-05-28,M029,18011388
2026-05-28,M030,15634865
2026-05-28,M031,15444076
2026-05-28,M032,13915038
2026-05-28,M033,25352198
2026-05-28,M034,21362865
2026-05-28,M035,23451499
2026-05-28,M036,13494141
2026-05-28,M037,20648608
2026-05-28,M038,15878441
2026-05-28,M039,17975532
2026-05-28,M040,16741003
2026-05-28,M041,28278353
2026-05-28,M042,22962689
2026-05-28,M043,17103813
2026-05-28,M044,15518044
2026-05-28,M045,25575450
2026-05-28,M046,19427684
2026-05-28,M047,23490409
2026-05-28,M048,17787412
2026-05-29,M001,8220689
2026-05-29,M002,7017141
2026-05-29,M003,9298665
2026-05-29,M004,10530681
2026-05-29,M005,14849234
2026-05-29,M006,10317350
2026-05-29,M007,15413580
2026-05-29,M008,9682752
2026-05-29,M009,13555312
2026-05-29,M010,8772540
2026-05-29,M011,11627986
2026-05-29,M012,13365834
2026-05-29,M013,18040342
2026-05-29,M014,14400573
2026-05-29,M015,10108303
2026-05-29,M016,11931556
2026-05-29,M017,17315820
2026-05-29,M018,12762475
2026-05-29,M019,13905840
2026-05-29,M020,16345094
2026-05-29,M021,20028100
2026-05-29,M022,9699427
2026-05-29,M023,12951004
2026-05-29,M024,15408254
2026-05-29,M025,20090409
2026-05-29,M026,15514151
2026-05-29,M027,18400756
2026-05-29,M028,18504659
2026-05-29,M029,15477251
2026-05-29,M030,13287261
2026-05-29,M031,15904504
2026-05-29,M032,19428961
2026-05-29,M033,22675306
2026-05-29,M034,18456710
2026-05-29,M035,22499128
2026-05-29,M036,18329869
2026-05-29,M037,18912702
2026-05-29,M038,13508421
2026-05-29,M039,18277479
2026-05-29,M040,20647857
2026-05-29,M041,26274033
2026-05-29,M042,17967730
2026-05-29,M043,18863062
2026-05-29,M044,19143746
2026-05-29,M045,26521024
2026-05-29,M046,17629383
2026-05-29,M047,23640829
2026-05-29,M048,22573286
2026-05-30,M001,4166585
2026-05-30,M002,8495334
2026-05-30,M003,7625691
2026-05-30,M004,12986310
2026-05-30,M005,7085501
2026-05-30,M006,14657089
2026-05-30,M007,11257357
2026-05-30,M008,12502964
2026-05-30,M009,6221562
2026-05-30,M010,10982417
2026-05-30,M011,8635933
2026-05-30,M012,18195870
2026-05-30,M013,9416377
2026-05-30,M014,16338700
2026-05-30,M015,7928577
2026-05-30,M016,16691199
2026-05-30,M017,8836588
2026-05-30,M018,16875714
2026-05-30,M019,12187809
2026-05-30,M020,20314631
2026-05-30,M021,10709998
2026-05-30,M022,13268406
2026-05-30,M023,10196348
2026-05-30,M024,20813059
2026-05-30,M025,9522453
2026-05-30,M026,19975544
2026-05-30,M027,13879989
2026-05-30,M028,24641682
2026-05-30,M029,8656645
2026-05-30,M030,15483255
2026-05-30,M031,13244858
2026-05-30,M032,22458590
2026-05-30,M033,11590711
2026-05-30,M034,23326616
2026-05-30,M035,18264392
2026-05-30,M036,21521941
2026-05-30,M037,10727940
2026-05-30,M038,17565306
2026-05-30,M039,14320853
2026-05-30,M040,28561376
2026-05-30,M041,13515569
2026-05-30,M042,26067103
2026-05-30,M043,14715016
2026-05-30,M044,26259687
2026-05-30,M045,12675289
2026-05-30,M046,19903568
2026-05-30,M047,17866112
2026-05-30,M048,31395660
2026-05-31,M001,5592678
2026-05-31,M002,8111251
2026-05-31,M003,10296349
2026-05-31,M004,8268162
2026-05-31,M005,10884387
2026-05-31,M006,12197679
2026-05-31,M007,14889547
2026-05-31,M008,7183848
2026-05-31,M009,9541655
2026-05-31,M010,11244441
2026-05-31,M011,12498219
2026-05-31,M012,10944694
2026-05-31,M013,12069363
2026-05-31,M014,16218120
2026-05-31,M015,11896066
2026-05-31,M016,9937453
2026-05-31,M017,11422605
2026-05-31,M018,14576448
2026-05-31,M019,14184911
2026-05-31,M020,12819931
2026-05-31,M021,14145696
2026-05-31,M022,11202238
2026-05-31,M023,14977643
2026-05-31,M024,12375810
2026-05-31,M025,14790714
2026-05-31,M026,17310738
2026-05-31,M027,20832796
2026-05-31,M028,14561950
2026-05-31,M029,11444788
2026-05-31,M030,14265550
2026-05-31,M031,17149415
2026-05-31,M032,14200394
2026-05-31,M033,16048409
2026-05-31,M034,18825759
2026-05-31,M035,24103133
2026-05-31,M036,12615133
2026-05-31,M037,14260061
2026-05-31,M038,16130870
2026-05-31,M039,21498143
2026-05-31,M040,15928228
2026-05-31,M041,19424304
2026-05-31,M042,21817731
2026-05-31,M043,18525715
2026-05-31,M044,14818596
2026-05-31,M045,19179673
2026-05-31,M046,18942637
2026-05-31,M047,23167198
2026-05-31,M048,19026781
2026-06-01,M001,10256487
2026-06-01,M002,7277835
2026-06-01,M003,11005695
2026-06-01,M004,12024279
2026-06-01,M005,17727944
2026-06-01,M006,12419787
2026-06-01,M007,17237060
2026-06-01,M008,11114543
2026-06-01,M009,15316476
2026-06-01,M010,10088887
2026-06-01,M011,15330077
2026-06-01,M012,15532159
2026-06-01,M013,21187039
2026-06-01,M014,15565237
2026-06-01,M015,11893758
2026-06-01,M016,14640140
2026-06-01,M017,18853754
2026-06-01,M018,14999580
2026-06-01,M019,17381575
2026-06-01,M020,18202835
2026-06-01,M021,27081966
2026-06-01,M022,12048788
2026-06-01,M023,17362824
2026-06-01,M024,16774387
2026-06-01,M025,23875914
2026-06-01,M026,16461184
2026-06-01,M027,24163688
2026-06-01,M028,22756721
2026-06-01,M029,20214432
2026-06-01,M030,13660512
2026-06-01,M031,21284457
2026-06-01,M032,22294063
2026-06-01,M033,30053061
2026-06-01,M034,19898265
2026-06-01,M035,27547612
2026-06-01,M036,20650908
2026-06-01,M037,24797761
2026-06-01,M038,17567187
2026-06-01,M039,23655273
2026-06-01,M040,23511668
2026-06-01,M041,31226393
2026-06-01,M042,24494226
2026-06-01,M043,21248489
2026-06-01,M044,24930168
2026-06-01,M045,29908241
2026-06-01,M046,20120890
2026-06-01,M047,25449363
2026-06-01,M048,26628769
2026-06-02,M001,5834130
2026-06-02,M002,10620838
2026-06-02,M003,10106865
2026-06-02,M004,17112229
2026-06-02,M005,9900643
2026-06-02,M006,17746331
2026-06-02,M007,15062012
2026-06-02,M008,15532600
2026-06-02,M009,8294353
2026-06-02,M010,14552071
2026-06-02,M011,13095464
2026-06-02,M012,22481042
2026-06-02,M013,12252945
2026-06-02,M014,21984651
2026-06-02,M015,11207634
2026-06-02,M016,20287424
2026-06-02,M017,10759608
2026-06-02,M018,19648825
2026-06-02,M019,15849247
2026-06-02,M020,28185034
2026-06-02,M021,13381952
2026-06-02,M022,16041602
2026-06-02,M023,12997633
2026-06-02,M024,23949857
2026-06-02,M025,14426115
2026-06-02,M026,26678812
2026-06-02,M027,20528643
2026-06-02,M028,30372208
2026-06-02,M029,10934797
2026-06-02,M030,20898069
2026-06-02,M031,17216910
2026-06-02,M032,31341917
2026-06-02,M033,15596208
2026-06-02,M034,28190329
2026-06-02,M035,20971276
2026-06-02,M036,27745479
2026-06-02,M037,13712901
2026-06-02,M038,25819372
2026-06-02,M039,17914011
2026-06-02,M040,32942714
2026-06-02,M041,17421037
2026-06-02,M042,33418223
2026-06-02,M043,19117620
2026-06-02,M044,32784976
2026-06-02,M045,18034820
2026-06-02,M046,30057073
2026-06-02,M047,23006638
2026-06-02,M048,36750039
2026-06-03,M001,7446930
2026-06-03,M002,10567353
2026-06-03,M003,13087549
2026-06-03,M004,10552296
2026-06-03,M005,13544643
2026-06-03,M006,16772715
2026-06-03,M007,19603633
2026-06-03,M008,8977054
2026-06-03,M009,11591007
2026-06-03,M010,13240491
2026-06-03,M011,16082093
2026-06-03,M012,13524493
2026-06-03,M013,15816020
2026-06-03,M014,19775488
2026-06-03,M015,15483266
2026-06-03,M016,11926415
2026-06-03,M017,15200092
2026-06-03,M018,19862397
2026-06-03,M019,21822547
2026-06-03,M020,15965412
2026-06-03,M021,20624820
2026-06-03,M022,15998518
2026-06-03,M023,19743310
2026-06-03,M024,15161668
2026-06-03,M025,18717205
2026-06-03,M026,23482737
2026-06-03,M027,26809320
2026-06-03,M028,18389408
2026-06-03,M029,15214678
2026-06-03,M030,20468817
2026-06-03,M031,22348278
2026-06-03,M032,18370978
2026-06-03,M033,22607855
2026-06-03,M034,25449083
2026-06-03,M035,32864517
2026-06-03,M036,18101632
2026-06-03,M037,19450619
2026-06-03,M038,23474305
2026-06-03,M039,26440853
2026-06-03,M040,21472824
2026-06-03,M041,24403452
2026-06-03,M042,32608871
2026-06-03,M043,25205189
2026-06-03,M044,19904872
2026-06-03,M045,23902154
2026-06-03,M046,27954920
2026-06-03,M047,30368838
2026-06-03,M048,24421961
2026-06-04,M001,9735858
2026-06-04,M002,9842756
2026-06-04,M003,11532730
2026-06-04,M004,10516761
2026-06-04,M005,16653091
2026-06-04,M006,15683919
2026-06-04,M007,16717102
2026-06-04,M008,8073388
2026-06-04,M009,16495029
2026-06-04,M010,11713000
2026-06-04,M011,14377181
2026-06-04,M012,11842276
2026-06-04,M013,22165296
2026-06-04,M014,18545570
2026-06-04,M015,13924842
2026-06-04,M016,12040630
2026-06-04,M017,18936072
2026-06-04,M018,18035981
2026-06-04,M019,17169767
2026-06-04,M020,14755113
2026-06-04,M021,26950543
2026-06-04,M022,14055136
2026-06-04,M023,16834576
2026-06-04,M024,14009382
2026-06-04,M025,26123659
2026-06-04,M026,19134308
2026-06-04,M027,24234634
2026-06-04,M028,16998255
2026-06-04,M029,19952700
2026-06-04,M030,16272042
2026-06-04,M031,19765031
2026-06-04,M032,17993644
2026-06-04,M033,30129624
2026-06-04,M034,23986613
2026-06-04,M035,25571320
2026-06-04,M036,16356990
2026-06-04,M037,25340527
2026-06-04,M038,19753894
2026-06-04,M039,24246965
2026-06-04,M040,18251939
2026-06-04,M041,33485715
2026-06-04,M042,28902392
2026-06-04,M043,20793819
2026-06-04,M044,19101149
2026-06-04,M045,34312371
2026-06-04,M046,22588406
2026-06-04,M047,26758160
2026-06-04,M048,21612810
2026-06-05,M001,9899262
2026-06-05,M002,8111143
2026-06-05,M003,10474893
2026-06-05,M004,13750928
2026-06-05,M005,17278592
2026-06-05,M006,12113328
2026-06-05,M007,16408101
2026-06-05,M008,10414347
2026-06-05,M009,14351430
2026-06-05,M010,11215822
2026-06-05,M011,15362896
2026-06-05,M012,15627489
2026-06-05,M013,20105953
2026-06-05,M014,16737965
2026-06-05,M015,12905862
2026-06-05,M016,15346092
2026-06-05,M017,20863979
2026-06-05,M018,13764465
2026-06-05,M019,17483433
2026-06-05,M020,19008898
2026-06-05,M021,23835975
2026-06-05,M022,12246820
2026-06-05,M023,15345007
2026-06-05,M024,19074307
2026-06-05,M025,24029050
2026-06-05,M026,17187396
2026-06-05,M027,23208392
2026-06-05,M028,24452596
2026-06-05,M029,20759086
2026-06-05,M030,15817935
2026-06-05,M031,20440249
2026-06-05,M032,22386759
2026-06-05,M033,28118053
2026-06-05,M034,19118644
2026-06-05,M035,27259449
2026-06-05,M036,20078113
2026-06-05,M037,24451595
2026-06-05,M038,17030505
2026-06-05,M039,21479224
2026-06-05,M040,23664126
2026-06-05,M041,34217340
2026-06-05,M042,21380150
2026-06-05,M043,21829799
2026-06-05,M044,22556932
2026-06-05,M045,33531348
2026-06-05,M046,19348186
2026-06-05,M047,24349067
2026-06-05,M048,26051167
2026-06-06,M001,4842279
2026-06-06,M002,9951852
2026-06-06,M003,8182947
2026-06-06,M004,17219488
2026-06-06,M005,9192117
2026-06-06,M006,15731202
2026-06-06,M007,14508637
2026-06-06,M008,13360595
2026-06-06,M009,7871136
2026-06-06,M010,13093613
2026-06-06,M011,11114260
2026-06-06,M012,22068788
2026-06-06,M013,11089536
2026-06-06,M014,21987331
2026-06-06,M015,9764679
2026-06-06,M016,19365971
2026-06-06,M017,9377676
2026-06-06,M018,18824732
2026-06-06,M019,12596815
2026-06-06,M020,23361512
2026-06-06,M021,13284078
2026-06-06,M022,16548712
2026-06-06,M023,12325213
2026-06-06,M024,21623607
2026-06-06,M025,11259462
2026-06-06,M026,23408658
2026-06-06,M027,17251004
2026-06-06,M028,27525037
2026-06-06,M029,10389968
2026-06-06,M030,19046571
2026-06-06,M031,15345688
2026-06-06,M032,29399841
2026-06-06,M033,13846537
2026-06-06,M034,26965343
2026-06-06,M035,20653954
2026-06-06,M036,24089007
2026-06-06,M037,12617138
2026-06-06,M038,21219397
2026-06-06,M039,17124648
2026-06-06,M040,31987411
2026-06-06,M041,16688922
2026-06-06,M042,29253681
2026-06-06,M043,15344553
2026-06-06,M044,32286644
2026-06-06,M045,16664974
2026-06-06,M046,24212353
2026-06-06,M047,19752586
2026-06-06,M048,37924295
2026-06-07,M001,7147543
2026-06-07,M002,9369025
2026-06-07,M003,12327432
2026-06-07,M004,10726760
2026-06-07,M005,12949288
2026-06-07,M006,15636151
2026-06-07,M007,17537904
2026-06-07,M008,8951571
2026-06-07,M009,10878406
2026-06-07,M010,12133918
2026-06-07,M011,16030750
2026-06-07,M012,13484916
2026-06-07,M013,14436040
2026-06-07,M014,19102771
2026-06-07,M015,12323848
2026-06-07,M016,12340624
2026-06-07,M017,13038748
2026-06-07,M018,17660489
2026-06-07,M019,17148748
2026-06-07,M020,14913824
2026-06-07,M021,19171270
2026-06-07,M022,14391062
2026-06-07,M023,17256945
2026-06-07,M024,13317303
2026-06-07,M025,16738581
2026-06-07,M026,21653585
2026-06-07,M027,22725090
2026-06-07,M028,18103530
2026-06-07,M029,12989352
2026-06-07,M030,16551357
2026-06-07,M031,20590097
2026-06-07,M032,15885189
2026-06-07,M033,21147416
2026-06-07,M034,24634406
2026-06-07,M035,26526099
2026-06-07,M036,14881861
2026-06-07,M037,17414560
2026-06-07,M038,21425673
2026-06-07,M039,25229103
2026-06-07,M040,18428764
2026-06-07,M041,21800979
2026-06-07,M042,27041857
2026-06-07,M043,20895380
2026-06-07,M044,17923843
2026-06-07,M045,21719627
2026-06-07,M046,25385268
2026-06-07,M047,25435601
2026-06-07,M048,23130714
2026-06-08,M001,10510188
2026-06-08,M002,9252994
2026-06-08,M003,11202500
2026-06-08,M004,9771696
2026-06-08,M005,18252240
2026-06-08,M006,14232990
2026-06-08,M007,17614185
2026-06-08,M008,8970335
2026-06-08,M009,16366502
2026-06-08,M010,12296962
2026-06-08,M011,15474509
2026-06-08,M012,11791173
2026-06-08,M013,22428228
2026-06-08,M014,17307572
2026-06-08,M015,13237592
2026-06-08,M016,12150917
2026-06-08,M017,21752898
2026-06-08,M018,16031722
2026-06-08,M019,17954740
2026-06-08,M020,14409892
2026-06-08,M021,24837580
2026-06-08,M022,13316302
2026-06-08,M023,17365649
2026-06-08,M024,13587942
2026-06-08,M025,23787103
2026-06-08,M026,20828271
2026-06-08,M027,22619164
2026-06-08,M028,16456344
2026-06-08,M029,21579181
2026-06-08,M030,18574624
2026-06-08,M031,19762472
2026-06-08,M032,17531727
2026-06-08,M033,28212011
2026-06-08,M034,25718832
2026-06-08,M035,28542961
2026-06-08,M036,15720347
2026-06-08,M037,24268051
2026-06-08,M038,18996064
2026-06-08,M039,21944731
2026-06-08,M040,19479705
2026-06-08,M041,35487632
2026-06-08,M042,25593494
2026-06-08,M043,20538856
2026-06-08,M044,20045487
2026-06-08,M045,33587115
2026-06-08,M046,23299507
2026-06-08,M047,26002623
2026-06-08,M048,21284973
2026-06-09,M001,10096242
2026-06-09,M002,7205619
2026-06-09,M003,10573344
2026-06-09,M004,12941062
2026-06-09,M005,18423718
2026-06-09,M006,13281544
2026-06-09,M007,17581311
2026-06-09,M008,11164254
2026-06-09,M009,16255698
2026-06-09,M010,11320157
2026-06-09,M011,15553724
2026-06-09,M012,15957875
2026-06-09,M013,22042811
2026-06-09,M014,16994794
2026-06-09,M015,11965903
2026-06-09,M016,13656424
2026-06-09,M017,18685160
2026-06-09,M018,15798474
2026-06-09,M019,18540840
2026-06-09,M020,20574470
2026-06-09,M021,27723494
2026-06-09,M022,12387521
2026-06-09,M023,17175188
2026-06-09,M024,19049427
2026-06-09,M025,25159041
2026-06-09,M026,17181152
2026-06-09,M027,22514922
2026-06-09,M028,20915879
2026-06-09,M029,19545842
2026-06-09,M030,15146403
2026-06-09,M031,19791564
2026-06-09,M032,21299522
2026-06-09,M033,26332701
2026-06-09,M034,19493218
2026-06-09,M035,25802278
2026-06-09,M036,21690762
2026-06-09,M037,23890677
2026-06-09,M038,17088558
2026-06-09,M039,22416294
2026-06-09,M040,24360450
2026-06-09,M041,31287065
2026-06-09,M042,24948170
2026-06-09,M043,21353534
2026-06-09,M044,22397338
2026-06-09,M045,31982729
2026-06-09,M046,21456540
2026-06-09,M047,25254021
2026-06-09,M048,28140292
2026-06-10,M001,5608021
2026-06-10,M002,11730372
2026-06-10,M003,9582505
2026-06-10,M004,17211387
2026-06-10,M005,9570259
2026-06-10,M006,19360618
2026-06-10,M007,14944710
2026-06-10,M008,16524082
2026-06-10,M009,8475273
2026-06-10,M010,15791980
2026-06-10,M011,11550099
2026-06-10,M012,22843383
2026-06-10,M013,12087318
2026-06-10,M014,22079550
2026-06-10,M015,10692051
2026-06-10,M016,21329568
2026-06-10,M017,11540932
2026-06-10,M018,20859230
2026-06-10,M019,16016564
2026-06-10,M020,27315525
2026-06-10,M021,13434614
2026-06-10,M022,16833734
2026-06-10,M023,13899481
2026-06-10,M024,25943165
2026-06-10,M025,14071121
2026-06-10,M026,25304500
2026-06-10,M027,19397171
2026-06-10,M028,30839730
2026-06-10,M029,11436876
2026-06-10,M030,20117411
2026-06-10,M031,17181102
2026-06-10,M032,32077841
2026-06-10,M033,15579788
2026-06-10,M034,26783370
2026-06-10,M035,22010820
2026-06-10,M036,30145109
2026-06-10,M037,12635894
2026-06-10,M038,25575853
2026-06-10,M039,20686719
2026-06-10,M040,36478695
2026-06-10,M041,18949197
2026-06-10,M042,33976170
2026-06-10,M043,17158174
2026-06-10,M044,32458611
2026-06-10,M045,17521336
2026-06-10,M046,28308872
2026-06-10,M047,23051817
2026-06-10,M048,37648607
2026-06-11,M001,7383463
2026-06-11,M002,9579359
2026-06-11,M003,13094154
2026-06-11,M004,11889545
2026-06-11,M005,14510402
2026-06-11,M006,18243168
2026-06-11,M007,18927320
2026-06-11,M008,9177854
2026-06-11,M009,11159606
2026-06-11,M010,12810569
2026-06-11,M011,17784986
2026-06-11,M012,13171359
2026-06-11,M013,16001699
2026-06-11,M014,21196110
2026-06-11,M015,15205030
2026-06-11,M016,13081607
2026-06-11,M017,15334288
2026-06-11,M018,18181782
2026-06-11,M019,19036134
2026-06-11,M020,15703850
2026-06-11,M021,18469609
2026-06-11,M022,16168917
2026-06-11,M023,20155657
2026-06-11,M024,15098429
2026-06-11,M025,18057281
2026-06-11,M026,24453583
2026-06-11,M027,28205398
2026-06-11,M028,18948218
2026-06-11,M029,14402418
2026-06-11,M030,18094839
2026-06-11,M031,22534197
2026-06-11,M032,19631146
2026-06-11,M033,22585298
2026-06-11,M034,24766073
2026-06-11,M035,32357057
2026-06-11,M036,18863965
2026-06-11,M037,18475401
2026-06-11,M038,23528452
2026-06-11,M039,27316379
2026-06-11,M040,19857185
2026-06-11,M041,23361304
2026-06-11,M042,28307533
2026-06-11,M043,23758866
2026-06-11,M044,19160326
2026-06-11,M045,22915017
2026-06-11,M046,24508967
2026-06-11,M047,28069247
2026-06-11,M048,25551556
2026-06-12,M001,9760550
2026-06-12,M002,8470266
2026-06-12,M003,10522419
2026-06-12,M004,9773157
2026-06-12,M005,17397407
2026-06-12,M006,14959902
2026-06-12,M007,19229869
2026-06-12,M008,8894576
2026-06-12,M009,16861095
2026-06-12,M010,12294173
2026-06-12,M011,14762526
2026-06-12,M012,12641559
2026-06-12,M013,23351286
2026-06-12,M014,19179884
2026-06-12,M015,13717657
2026-06-12,M016,12353587
2026-06-12,M017,19356679
2026-06-12,M018,16774505
2026-06-12,M019,16790821
2026-06-12,M020,15894294
2026-06-12,M021,24220083
2026-06-12,M022,13032996
2026-06-12,M023,17795631
2026-06-12,M024,13222073
2026-06-12,M025,26417374
2026-06-12,M026,20630210
2026-06-12,M027,21894276
2026-06-12,M028,18473778
2026-06-12,M029,19598400
2026-06-12,M030,16846600
2026-06-12,M031,20539639
2026-06-12,M032,18028333
2026-06-12,M033,29188007
2026-06-12,M034,22323187
2026-06-12,M035,26408408
2026-06-12,M036,15368238
2026-06-12,M037,24655022
2026-06-12,M038,19359520
2026-06-12,M039,22676638
2026-06-12,M040,19648862
2026-06-12,M041,33728469
2026-06-12,M042,28085749
2026-06-12,M043,22758330
2026-06-12,M044,19893260
2026-06-12,M045,34160784
2026-06-12,M046,22023324
2026-06-12,M047,25674178
2026-06-12,M048,23431541
2026-06-13,M001,9286703
2026-06-13,M002,7357314
2026-06-13,M003,9988356
2026-06-13,M004,11631436
2026-06-13,M005,17055668
2026-06-13,M006,12196737
2026-06-13,M007,16914802
2026-06-13,M008,9257611
2026-06-13,M009,14905697
2026-06-13,M010,9791680
2026-06-13,M011,13531736
2026-06-13,M012,14873802
2026-06-13,M013,20178811
2026-06-13,M014,13490433
2026-06-13,M015,11618294
2026-06-13,M016,13661932
2026-06-13,M017,17444928
2026-06-13,M018,12824772
2026-06-13,M019,16866695
2026-06-13,M020,16424528
2026-06-13,M021,21993192
2026-06-13,M022,10771264
2026-06-13,M023,14338997
2026-06-13,M024,15334555
2026-06-13,M025,22940677
2026-06-13,M026,15022827
2026-06-13,M027,22099571
2026-06-13,M028,21784169
2026-06-13,M029,19443750
2026-06-13,M030,12212422
2026-06-13,M031,18648563
2026-06-13,M032,20790142
2026-06-13,M033,25384763
2026-06-13,M034,18715742
2026-06-13,M035,24274545
2026-06-13,M036,17277537
2026-06-13,M037,23052191
2026-06-13,M038,14412352
2026-06-13,M039,19106288
2026-06-13,M040,24054196
2026-06-13,M041,31221792
2026-06-13,M042,20841865
2026-06-13,M043,18748116
2026-06-13,M044,20892372
2026-06-13,M045,29111362
2026-06-13,M046,19124674
2026-06-13,M047,24792568
2026-06-13,M048,23610648
2026-06-14,M001,4559584
2026-06-14,M002,9763242
2026-06-14,M003,8342025
2026-06-14,M004,16655064
2026-06-14,M005,8988148
2026-06-14,M006,17310337
2026-06-14,M007,13243018
2026-06-14,M008,14802792
2026-06-14,M009,8038870
2026-06-14,M010,12974900
2026-06-14,M011,10297825
2026-06-14,M012,19169322
2026-06-14,M013,11586713
2026-06-14,M014,20758577
2026-06-14,M015,10260963
2026-06-14,M016,18252731
2026-06-14,M017,10621150
2026-06-14,M018,19487597
2026-06-14,M019,13730495
2026-06-14,M020,24627174
2026-06-14,M021,13426223
2026-06-14,M022,15424230
2026-06-14,M023,13113943
2026-06-14,M024,23143617
2026-06-14,M025,13166963
2026-06-14,M026,23885317
2026-06-14,M027,19035383
2026-06-14,M028,30925492
2026-06-14,M029,10193807
2026-06-14,M030,20205065
2026-06-14,M031,13844606
2026-06-14,M032,27163557
2026-06-14,M033,13559618
2026-06-14,M034,24123421
2026-06-14,M035,21173308
2026-06-14,M036,27806057
2026-06-14,M037,11608595
2026-06-14,M038,21322840
2026-06-14,M039,18239152
2026-06-14,M040,32464873
2026-06-14,M041,16338679
2026-06-14,M042,29345628
2026-06-14,M043,16358390
2026-06-14,M044,30539740
2026-06-14,M045,15710785
2026-06-14,M046,26400574
2026-06-14,M047,19117693
2026-06-14,M048,37332125
2026-06-15,M001,8068056
2026-06-15,M002,9894414
2026-06-15,M003,12892657
2026-06-15,M004,10409241
2026-06-15,M005,14252872
2026-06-15,M006,17172823
2026-06-15,M007,21137525
2026-06-15,M008,8932984
2026-06-15,M009,11723605
2026-06-15,M010,14681589
2026-06-15,M011,15660756
2026-06-15,M012,14630931
2026-06-15,M013,16740070
2026-06-15,M014,22133284
2026-06-15,M015,14646446
2026-06-15,M016,12804015
2026-06-15,M017,14495920
2026-06-15,M018,20878738
2026-06-15,M019,19336590
2026-06-15,M020,17618025
2026-06-15,M021,19327712
2026-06-15,M022,14955948
2026-06-15,M023,19288088
2026-06-15,M024,15102194
2026-06-15,M025,19695982
2026-06-15,M026,24988288
2026-06-15,M027,27149039
2026-06-15,M028,20439845
2026-06-15,M029,15720341
2026-06-15,M030,19315289
2026-06-15,M031,21678426
2026-06-15,M032,17391148
2026-06-15,M033,21227527
2026-06-15,M034,25606694
2026-06-15,M035,30549468
2026-06-15,M036,17910606
2026-06-15,M037,19456838
2026-06-15,M038,23201817
2026-06-15,M039,25147276
2026-06-15,M040,21676524
2026-06-15,M041,24747742
2026-06-15,M042,29334693
2026-06-15,M043,25656743
2026-06-15,M044,19970322
2026-06-15,M045,22370879
2026-06-15,M046,27550371
2026-06-15,M047,28642474
2026-06-15,M048,23768649
2026-06-16,M001,9214716
2026-06-16,M002,8572873
2026-06-16,M003,11970507
2026-06-16,M004,9274723
2026-06-16,M005,16626937
2026-06-16,M006,14316612
2026-06-16,M007,16659414
2026-06-16,M008,8848014
2026-06-16,M009,15757062
2026-06-16,M010,12963802
2026-06-16,M011,13564370
2026-06-16,M012,13247672
2026-06-16,M013,23490835
2026-06-16,M014,18630922
2026-06-16,M015,12861796
2026-06-16,M016,11914787
2026-06-16,M017,19429419
2026-06-16,M018,18022487
2026-06-16,M019,18052911
2026-06-16,M020,15670197
2026-06-16,M021,24355983
2026-06-16,M022,14483557
2026-06-16,M023,15282960
2026-06-16,M024,14468281
2026-06-16,M025,26333681
2026-06-16,M026,19946811
2026-06-16,M027,24851118
2026-06-16,M028,17691720
2026-06-16,M029,20419747
2026-06-16,M030,16966843
2026-06-16,M031,20361207
2026-06-16,M032,18006297
2026-06-16,M033,27983068
2026-06-16,M034,23728329
2026-06-16,M035,27139175
2026-06-16,M036,14642429
2026-06-16,M037,24669642
2026-06-16,M038,21824845
2026-06-16,M039,24219781
2026-06-16,M040,18496734
2026-06-16,M041,33806863
2026-06-16,M042,27590396
2026-06-16,M043,23721500
2026-06-16,M044,18391057
2026-06-16,M045,30357998
2026-06-16,M046,22118461
2026-06-16,M047,25435441
2026-06-16,M048,22236234
2026-06-17,M001,10448736
2026-06-17,M002,8099059
2026-06-17,M003,10313020
2026-06-17,M004,13506031
2026-06-17,M005,16466131
2026-06-17,M006,13853095
2026-06-17,M007,17782615
2026-06-17,M008,11878096
2026-06-17,M009,16736753
2026-06-17,M010,10037493
2026-06-17,M011,14065744
2026-06-17,M012,15096945
2026-06-17,M013,23255204
2026-06-17,M014,17001092
2026-06-17,M015,12140785
2026-06-17,M016,15848672
2026-06-17,M017,19791908
2026-06-17,M018,15539180
2026-06-17,M019,18802969
2026-06-17,M020,20481067
2026-06-17,M021,27054645
2026-06-17,M022,11518160
2026-06-17,M023,16367516
2026-06-17,M024,17672678
2026-06-17,M025,25721015
2026-06-17,M026,16921826
2026-06-17,M027,25086527
2026-06-17,M028,21429728
2026-06-17,M029,21458772
2026-06-17,M030,15868824
2026-06-17,M031,18247494
2026-06-17,M032,19967003
2026-06-17,M033,29576963
2026-06-17,M034,19625434
2026-06-17,M035,25186513
2026-06-17,M036,19072925
2026-06-17,M037,25487172
2026-06-17,M038,17753892
2026-06-17,M039,24349360
2026-06-17,M040,23848200
2026-06-17,M041,33811006
2026-06-17,M042,23741367
2026-06-17,M043,20354646
2026-06-17,M044,24396629
2026-06-17,M045,29248411
2026-06-17,M046,20346040
2026-06-17,M047,24837684
2026-06-17,M048,27905686
2026-06-18,M001,5392093
2026-06-18,M002,11075351
2026-06-18,M003,9833842
2026-06-18,M004,19379979
2026-06-18,M005,10141229
2026-06-18,M006,19876219
2026-06-18,M007,15448669
2026-06-18,M008,16087011
2026-06-18,M009,8406261
2026-06-18,M010,15164341
2026-06-18,M011,12515412
2026-06-18,M012,23686226
2026-06-18,M013,12128560
2026-06-18,M014,23415116
2026-06-18,M015,11431652
2026-06-18,M016,19875097
2026-06-18,M017,10884952
2026-06-18,M018,21210292
2026-06-18,M019,14204878
2026-06-18,M020,29428431
2026-06-18,M021,14514976
2026-06-18,M022,18180386
2026-06-18,M023,13875714
2026-06-18,M024,26466862
2026-06-18,M025,13269199
2026-06-18,M026,24401112
2026-06-18,M027,18802597
2026-06-18,M028,33242983
2026-06-18,M029,10568362
2026-06-18,M030,21338568
2026-06-18,M031,15889660
2026-06-18,M032,28210335
2026-06-18,M033,15032939
2026-06-18,M034,28433344
2026-06-18,M035,21245674
2026-06-18,M036,28708551
2026-06-18,M037,13008377
2026-06-18,M038,22969773
2026-06-18,M039,18306736
2026-06-18,M040,36720802
2026-06-18,M041,16743837
2026-06-18,M042,31227383
2026-06-18,M043,17691246
2026-06-18,M044,33423736
2026-06-18,M045,18389551
2026-06-18,M046,27595405
2026-06-18,M047,23026730
2026-06-18,M048,38441001
2026-06-19,M001,7048677
2026-06-19,M002,10117392
2026-06-19,M003,13452688
2026-06-19,M004,10710408
2026-06-19,M005,12468391
2026-06-19,M006,17092265
2026-06-19,M007,20440507
2026-06-19,M008,9452543
2026-06-19,M009,12277671
2026-06-19,M010,14686493
2026-06-19,M011,16979396
2026-06-19,M012,13717499
2026-06-19,M013,17802277
2026-06-19,M014,20551400
2026-06-19,M015,13901161
2026-06-19,M016,12475195
2026-06-19,M017,16482234
2026-06-19,M018,20129170
2026-06-19,M019,20834079
2026-06-19,M020,15898906
2026-06-19,M021,19445259
2026-06-19,M022,17038612
2026-06-19,M023,17362940
2026-06-19,M024,15529995
2026-06-19,M025,18611569
2026-06-19,M026,23311252
2026-06-19,M027,28879797
2026-06-19,M028,18168164
2026-06-19,M029,15907936
2026-06-19,M030,20568134
2026-06-19,M031,23796259
2026-06-19,M032,19871598
2026-06-19,M033,20882241
2026-06-19,M034,27388629
2026-06-19,M035,33121890
2026-06-19,M036,18279379
2026-06-19,M037,18120019
2026-06-19,M038,23043702
2026-06-19,M039,24558949
2026-06-19,M040,22119124
2026-06-19,M041,23732645
2026-06-19,M042,28577007
2026-06-19,M043,24170791
2026-06-19,M044,19244548
2026-06-19,M045,23570902
2026-06-19,M046,26438267
2026-06-19,M047,30940044
2026-06-19,M048,23337606
2026-06-20,M001,8487345
2026-06-20,M002,8286488
2026-06-20,M003,10094379
2026-06-20,M004,8827224
2026-06-20,M005,15297304
2026-06-20,M006,14533541
2026-06-20,M007,16123866
2026-06-20,M008,7293911
2026-06-20,M009,13810309
2026-06-20,M010,11690690
2026-06-20,M011,13551375
2026-06-20,M012,11937926
2026-06-20,M013,21551627
2026-06-20,M014,16749840
2026-06-20,M015,11224470
2026-06-20,M016,11134666
2026-06-20,M017,19458180
2026-06-20,M018,15711327
2026-06-20,M019,15122868
2026-06-20,M020,14642490
2026-06-20,M021,24778224
2026-06-20,M022,12448653
2026-06-20,M023,15971060
2026-06-20,M024,12299043
2026-06-20,M025,22798263
2026-06-20,M026,19643112
2026-06-20,M027,22236913
2026-06-20,M028,15830212
2026-06-20,M029,18947369
2026-06-20,M030,15261386
2026-06-20,M031,18712721
2026-06-20,M032,14022526
2026-06-20,M033,27202188
2026-06-20,M034,20654140
2026-06-20,M035,23255816
2026-06-20,M036,15048660
2026-06-20,M037,22836284
2026-06-20,M038,17884349
2026-06-20,M039,21569630
2026-06-20,M040,17252471
2026-06-20,M041,31155514
2026-06-20,M042,22702643
2026-06-20,M043,20767234
2026-06-20,M044,15457732
2026-06-20,M045,27441083
2026-06-20,M046,21756893
2026-06-20,M047,23798345
2026-06-20,M048,19263685
2026-06-21,M001,7730018
2026-06-21,M002,5777470
2026-06-21,M003,8079172
2026-06-21,M004,9073287
2026-06-21,M005,12261664
2026-06-21,M006,9581949
2026-06-21,M007,12319895
2026-06-21,M008,8193379
2026-06-21,M009,12392595
2026-06-21,M010,8001551
2026-06-21,M011,10460927
2026-06-21,M012,11776254
2026-06-21,M013,16505330
2026-06-21,M014,10986684
2026-06-21,M015,10010897
2026-06-21,M016,11455518
2026-06-21,M017,13784455
2026-06-21,M018,10396187
2026-06-21,M019,13466199
2026-06-21,M020,14750243
2026-06-21,M021,17819132
2026-06-21,M022,8342748
2026-06-21,M023,12107290
2026-06-21,M024,13063936
2026-06-21,M025,17396321
2026-06-21,M026,13752988
2026-06-21,M027,17971243
2026-06-21,M028,17096157
2026-06-21,M029,15841518
2026-06-21,M030,10130922
2026-06-21,M031,13490240
2026-06-21,M032,16773028
2026-06-21,M033,22412069
2026-06-21,M034,15074599
2026-06-21,M035,21355882
2026-06-21,M036,14431927
2026-06-21,M037,17839292
2026-06-21,M038,13253439
2026-06-21,M039,15950451
2026-06-21,M040,17923025
2026-06-21,M041,22333709
2026-06-21,M042,17793330
2026-06-21,M043,17263418
2026-06-21,M044,18502198
2026-06-21,M045,21974909
2026-06-21,M046,15071567
2026-06-21,M047,20768190
2026-06-21,M048,19514550
2026-06-22,M001,4460648
2026-06-22,M002,8916501
2026-06-22,M003,7739297
2026-06-22,M004,14917219
2026-06-22,M005,7874147
2026-06-22,M006,14075128
2026-06-22,M007,12424305
2026-06-22,M008,12933184
2026-06-22,M009,7212733
2026-06-22,M010,11419198
2026-06-22,M011,9744610
2026-06-22,M012,19817279
2026-06-22,M013,9202857
2026-06-22,M014,17224105
2026-06-22,M015,8456233
2026-06-22,M016,17244728
2026-06-22,M017,9108601
2026-06-22,M018,16394753
2026-06-22,M019,12609581
2026-06-22,M020,23958796
2026-06-22,M021,12270328
2026-06-22,M022,14206002
2026-06-22,M023,10922429
2026-06-22,M024,20475906
2026-06-22,M025,10257115
2026-06-22,M026,19850656
2026-06-22,M027,17040567
2026-06-22,M028,26805537
2026-06-22,M029,9783816
2026-06-22,M030,16295405
2026-06-22,M031,14142191
2026-06-22,M032,26445336
2026-06-22,M033,13613908
2026-06-22,M034,23053934
2026-06-22,M035,18801216
2026-06-22,M036,23561691
2026-06-22,M037,10490636
2026-06-22,M038,19222914
2026-06-22,M039,15378192
2026-06-22,M040,30578732
2026-06-22,M041,14667330
2026-06-22,M042,28743629
2026-06-22,M043,14623663
2026-06-22,M044,26080945
2026-06-22,M045,14231016
2026-06-22,M046,23903488
2026-06-22,M047,18057477
2026-06-22,M048,34216509
2026-06-23,M001,6633639
2026-06-23,M002,8915243
2026-06-23,M003,10736025
2026-06-23,M004,8462616
2026-06-23,M005,11353050
2026-06-23,M006,14942688
2026-06-23,M007,17228444
2026-06-23,M008,7925596
2026-06-23,M009,9223132
2026-06-23,M010,11693505
2026-06-23,M011,13931072
2026-06-23,M012,11069448
2026-06-23,M013,14423865
2026-06-23,M014,18309550
2026-06-23,M015,11638350
2026-06-23,M016,10422340
2026-06-23,M017,11563627
2026-06-23,M018,15974199
2026-06-23,M019,17902790
2026-06-23,M020,14538799
2026-06-23,M021,15838704
2026-06-23,M022,13666391
2026-06-23,M023,14700169
2026-06-23,M024,13063403
2026-06-23,M025,16302207
2026-06-23,M026,18456302
2026-06-23,M027,20719968
2026-06-23,M028,14919986
2026-06-23,M029,11701305
2026-06-23,M030,14749862
2026-06-23,M031,17348744
2026-06-23,M032,14652546
2026-06-23,M033,16675193
2026-06-23,M034,22076397
2026-06-23,M035,23585314
2026-06-23,M036,13833770
2026-06-23,M037,14991836
2026-06-23,M038,18969991
2026-06-23,M039,23102750
2026-06-23,M040,16791822
2026-06-23,M041,19026164
2026-06-23,M042,25602560
2026-06-23,M043,19573645
2026-06-23,M044,16841553
2026-06-23,M045,19539597
2026-06-23,M046,21867380
2026-06-23,M047,26168024
2026-06-23,M048,21044553
2026-06-24,M001,8170673
2026-06-24,M002,7794758
2026-06-24,M003,9088995
2026-06-24,M004,8715454
2026-06-24,M005,15234272
2026-06-24,M006,13528045
2026-06-24,M007,15031133
2026-06-24,M008,6982461
2026-06-24,M009,12241900
2026-06-24,M010,9647639
2026-06-24,M011,12081956
2026-06-24,M012,9707662
2026-06-24,M013,17687323
2026-06-24,M014,15580228
2026-06-24,M015,10041546
2026-06-24,M016,9119161
2026-06-24,M017,15440759
2026-06-24,M018,14575150
2026-06-24,M019,14705769
2026-06-24,M020,12453637
2026-06-24,M021,20970510
2026-06-24,M022,11185748
2026-06-24,M023,12928784
2026-06-24,M024,11936624
2026-06-24,M025,18655154
2026-06-24,M026,17471862
2026-06-24,M027,19428732
2026-06-24,M028,14840301
2026-06-24,M029,16713332
2026-06-24,M030,13798136
2026-06-24,M031,15408743
2026-06-24,M032,12728043
2026-06-24,M033,25336567
2026-06-24,M034,19508410
2026-06-24,M035,23952653
2026-06-24,M036,13343226
2026-06-24,M037,21042873
2026-06-24,M038,17075054
2026-06-24,M039,19910009
2026-06-24,M040,15527525
2026-06-24,M041,25358032
2026-06-24,M042,22876622
2026-06-24,M043,19331034
2026-06-24,M044,14827441
2026-06-24,M045,26246600
2026-06-24,M046,20691439
2026-06-24,M047,20134706
2026-06-24,M048,18693801
2026-06-25,M001,8501555
2026-06-25,M002,6576776
2026-06-25,M003,9164138
2026-06-25,M004,9924304
2026-06-25,M005,14418988
2026-06-25,M006,10011556
2026-06-25,M007,15045487
2026-06-25,M008,8400461
2026-06-25,M009,12222716
2026-06-25,M010,8937121
2026-06-25,M011,12772734
2026-06-25,M012,13855587
2026-06-25,M013,17379294
2026-06-25,M014,13912890
2026-06-25,M015,11169951
2026-06-25,M016,11390265
2026-06-25,M017,15639739
2026-06-25,M018,11412580
2026-06-25,M019,14243720
2026-06-25,M020,17008322
2026-06-25,M021,20439688
2026-06-25,M022,9682541
2026-06-25,M023,12439513
2026-06-25,M024,15043827
2026-06-25,M025,20376296
2026-06-25,M026,15172960
2026-06-25,M027,18561063
2026-06-25,M028,18878367
2026-06-25,M029,15616134
2026-06-25,M030,11568647
2026-06-25,M031,16007677
2026-06-25,M032,18326572
2026-06-25,M033,22162651
2026-06-25,M034,15622235
2026-06-25,M035,21923264
2026-06-25,M036,16881394
2026-06-25,M037,20767979
2026-06-25,M038,13372756
2026-06-25,M039,18193999
2026-06-25,M040,21731190
2026-06-25,M041,25086403
2026-06-25,M042,19168030
2026-06-25,M043,16622567
2026-06-25,M044,20942292
2026-06-25,M045,24353592
2026-06-25,M046,15646460
2026-06-25,M047,21626169
2026-06-25,M048,22864760
2026-06-26,M001,4368768
2026-06-26,M002,8553610
2026-06-26,M003,7220082
2026-06-26,M004,14413901
2026-06-26,M005,7981588
2026-06-26,M006,14856124
2026-06-26,M007,11834300
2026-06-26,M008,12613808
2026-06-26,M009,7689363
2026-06-26,M010,13145537
2026-06-26,M011,10340559
2026-06-26,M012,19247868
2026-06-26,M013,9343574
2026-06-26,M014,17852874
2026-06-26,M015,9371044
2026-06-26,M016,16194171
2026-06-26,M017,8665455
2026-06-26,M018,18351719
2026-06-26,M019,12986808
2026-06-26,M020,20858740
2026-06-26,M021,11342860
2026-06-26,M022,13921353
2026-06-26,M023,11206091
2026-06-26,M024,20243169
2026-06-26,M025,11232460
2026-06-26,M026,20349038
2026-06-26,M027,17060816
2026-06-26,M028,26361266
2026-06-26,M029,8953134
2026-06-26,M030,18113615
2026-06-26,M031,12780457
2026-06-26,M032,25687600
2026-06-26,M033,13837306
2026-06-26,M034,25410732
2026-06-26,M035,19028707
2026-06-26,M036,23589639
2026-06-26,M037,11209255
2026-06-26,M038,20318167
2026-06-26,M039,16669713
2026-06-26,M040,28529211
2026-06-26,M041,14368711
2026-06-26,M042,26803731
2026-06-26,M043,14048226
2026-06-26,M044,25879988
2026-06-26,M045,15366902
2026-06-26,M046,24563588
2026-06-26,M047,18589473
2026-06-26,M048,34678305
2026-06-27,M001,5987770
2026-06-27,M002,7844825
2026-06-27,M003,9377547
2026-06-27,M004,8236620
2026-06-27,M005,9644571
2026-06-27,M006,11966558
2026-06-27,M007,16136239
2026-06-27,M008,7541132
2026-06-27,M009,8217171
2026-06-27,M010,9558579
2026-06-27,M011,12934577
2026-06-27,M012,9970626
2026-06-27,M013,11916179
2026-06-27,M014,14690861
2026-06-27,M015,10280130
2026-06-27,M016,8944984
2026-06-27,M017,10692665
2026-06-27,M018,13539160
2026-06-27,M019,13814430
2026-06-27,M020,12446473
2026-06-27,M021,15126867
2026-06-27,M022,11893180
2026-06-27,M023,13086642
2026-06-27,M024,12023612
2026-06-27,M025,14294244
2026-06-27,M026,16891483
2026-06-27,M027,19191811
2026-06-27,M028,14032224
2026-06-27,M029,10922027
2026-06-27,M030,14327409
2026-06-27,M031,15996962
2026-06-27,M032,14617131
2026-06-27,M033,15541702
2026-06-27,M034,18894144
2026-06-27,M035,21602520
2026-06-27,M036,13084074
2026-06-27,M037,13792657
2026-06-27,M038,16334558
2026-06-27,M039,19278385
2026-06-27,M040,17069927
2026-06-27,M041,19488942
2026-06-27,M042,24200443
2026-06-27,M043,17212053
2026-06-27,M044,15037754
2026-06-27,M045,16355307
2026-06-27,M046,18961555
2026-06-27,M047,21976128
2026-06-27,M048,18413936
2026-06-28,M001,7186834
2026-06-28,M002,6911081
2026-06-28,M003,7711545
2026-06-28,M004,6967300
2026-06-28,M005,14108796
2026-06-28,M006,11595385
2026-06-28,M007,14171044
2026-06-28,M008,6571303
2026-06-28,M009,12556622
2026-06-28,M010,8454084
2026-06-28,M011,10104506
2026-06-28,M012,9900985
2026-06-28,M013,16471302
2026-06-28,M014,13908368
2026-06-28,M015,9147973
2026-06-28,M016,7840411
2026-06-28,M017,16222047
2026-06-28,M018,13550296
2026-06-28,M019,13892074
2026-06-28,M020,11449166
2026-06-28,M021,19937158
2026-06-28,M022,9785532
2026-06-28,M023,12517997
2026-06-28,M024,10352619
2026-06-28,M025,19543170
2026-06-28,M026,16399428
2026-06-28,M027,17875548
2026-06-28,M028,13491913
2026-06-28,M029,14559548
2026-06-28,M030,12058914
2026-06-28,M031,15413548
2026-06-28,M032,11789028
2026-06-28,M033,20859763
2026-06-28,M034,17513371
2026-06-28,M035,18918286
2026-06-28,M036,12413865
2026-06-28,M037,16977807
2026-06-28,M038,14360031
2026-06-28,M039,17469696
2026-06-28,M040,13264479
2026-06-28,M041,25369607
2026-06-28,M042,21670010
2026-06-28,M043,16307408
2026-06-28,M044,14118744
2026-06-28,M045,22413228
2026-06-28,M046,16219953
2026-06-28,M047,20097046
2026-06-28,M048,15309729
2026-06-29,M001,8535873
2026-06-29,M002,6389208
2026-06-29,M003,8882740
2026-06-29,M004,10639870
2026-06-29,M005,14465540
2026-06-29,M006,10415530
2026-06-29,M007,14256558
2026-06-29,M008,9089224
2026-06-29,M009,12775524
2026-06-29,M010,8866995
2026-06-29,M011,11317268
2026-06-29,M012,12847344
2026-06-29,M013,17951240
2026-06-29,M014,12709842
2026-06-29,M015,10689689
2026-06-29,M016,11816494
2026-06-29,M017,15897998
2026-06-29,M018,12345529
2026-06-29,M019,13409731
2026-06-29,M020,16227596
2026-06-29,M021,20672574
2026-06-29,M022,9962604
2026-06-29,M023,13862895
2026-06-29,M024,14784476
2026-06-29,M025,19604324
2026-06-29,M026,15378835
2026-06-29,M027,19801283
2026-06-29,M028,19101584
2026-06-29,M029,15429323
2026-06-29,M030,11827922
2026-06-29,M031,16312257
2026-06-29,M032,16724898
2026-06-29,M033,23100838
2026-06-29,M034,16620895
2026-06-29,M035,20550597
2026-06-29,M036,15788191
2026-06-29,M037,20899507
2026-06-29,M038,13187595
2026-06-29,M039,18809970
2026-06-29,M040,20244753
2026-06-29,M041,27745842
2026-06-29,M042,18495044
2026-06-29,M043,17069779
2026-06-29,M044,20594616
2026-06-29,M045,24806344
2026-06-29,M046,15090618
2026-06-29,M047,19920525
2026-06-29,M048,23493252
2026-06-30,M001,4734559
2026-06-30,M002,8818409
2026-06-30,M003,7554904
2026-06-30,M004,15371160
2026-06-30,M005,7850233
2026-06-30,M006,16055005
2026-06-30,M007,11528142
2026-06-30,M008,11886924
2026-06-30,M009,6899058
2026-06-30,M010,12027209
2026-06-30,M011,9670966
2026-06-30,M012,17912559
2026-06-30,M013,10089602
2026-06-30,M014,18505473
2026-06-30,M015,8645567
2026-06-30,M016,17314188
2026-06-30,M017,8485324
2026-06-30,M018,17738640
2026-06-30,M019,11687186
2026-06-30,M020,21299837
2026-06-30,M021,11607093
2026-06-30,M022,13570603
2026-06-30,M023,11669877
2026-06-30,M024,20026138
2026-06-30,M025,10443479
2026-06-30,M026,20201788
2026-06-30,M027,15636966
2026-06-30,M028,24203548
2026-06-30,M029,9628802
2026-06-30,M030,16630810
2026-06-30,M031,13456232
2026-06-30,M032,24573182
2026-06-30,M033,12674972
2026-06-30,M034,24495132
2026-06-30,M035,19472837
2026-06-30,M036,22520933
2026-06-30,M037,10941191
2026-06-30,M038,21527101
2026-06-30,M039,15123417
2026-06-30,M040,29335270
2026-06-30,M041,15176203
2026-06-30,M042,28188168
2026-06-30,M043,15283872
2026-06-30,M044,25973906
2026-06-30,M045,15434588
2026-06-30,M046,23070743
2026-06-30,M047,16685766
2026-06-30,M048,33733834
2026-07-01,M001,9524885
2026-07-01,M002,5541129
2026-07-01,M003,8891241
2026-07-01,M004,9893527
2026-07-01,M005,14592697
2026-07-01,M006,9789450
2026-07-01,M007,15602118
2026-07-01,M008,7859972
2026-07-01,M009,12183157
2026-07-01,M010,8905708
2026-07-01,M011,10603773
2026-07-01,M012,13442920
2026-07-01,M013,20977428
2026-07-01,M014,10597328
2026-07-01,M015,9477191
2026-07-01,M016,12387173
2026-07-01,M017,16191280
2026-07-01,M018,11253143
2026-07-01,M019,17036788
2026-07-01,M020,13998414
2026-07-01,M021,20041079
2026-07-01,M022,10080854
2026-07-01,M023,13786083
2026-07-01,M024,14446606
2026-07-01,M025,21938414
2026-07-01,M026,11640601
2026-07-01,M027,18612559
2026-07-01,M028,19158860
2026-07-01,M029,16795327
2026-07-01,M030,12355994
2026-07-01,M031,19370903
2026-07-01,M032,13779190
2026-07-01,M033,21654230
2026-07-01,M034,16876265
2026-07-01,M035,20389214
2026-07-01,M036,16551025
2026-07-01,M037,23458166
2026-07-01,M038,12855551
2026-07-01,M039,18518313
2026-07-01,M040,19137778
2026-07-01,M041,26226229
2026-07-01,M042,17466212
2026-07-01,M043,20474237
2026-07-01,M044,16597249
2026-07-01,M045,23129078
2026-07-01,M046,15943939
2026-07-01,M047,21082580
2026-07-01,M048,21661034
2026-07-02,M001,5247748
2026-07-02,M002,7819293
2026-07-02,M003,6921192
2026-07-02,M004,13930985
2026-07-02,M005,7781744
2026-07-02,M006,14190706
2026-07-02,M007,14187517
2026-07-02,M008,11008214
2026-07-02,M009,7112409
2026-07-02,M010,10915864
2026-07-02,M011,9040249
2026-07-02,M012,17248746
2026-07-02,M013,11322210
2026-07-02,M014,16635906
2026-07-02,M015,8390874
2026-07-02,M016,16370389
2026-07-02,M017,8785341
2026-07-02,M018,15855690
2026-07-02,M019,13079261
2026-07-02,M020,19812928
2026-07-02,M021,10659531
2026-07-02,M022,12703800
2026-07-02,M023,10348802
2026-07-02,M024,20786866
2026-07-02,M025,13596929
2026-07-02,M026,18433023
2026-07-02,M027,14831723
2026-07-02,M028,23556754
2026-07-02,M029,8842476
2026-07-02,M030,15908654
2026-07-02,M031,15127486
2026-07-02,M032,19751950
2026-07-02,M033,11623667
2026-07-02,M034,23181363
2026-07-02,M035,18954017
2026-07-02,M036,23321393
2026-07-02,M037,12423540
2026-07-02,M038,16668942
2026-07-02,M039,15730385
2026-07-02,M040,29781758
2026-07-02,M041,13899368
2026-07-02,M042,25410726
2026-07-02,M043,17758541
2026-07-02,M044,22337784
2026-07-02,M045,14229505
2026-07-02,M046,20718805
2026-07-02,M047,17975666
2026-07-02,M048,32840307
2026-07-03,M001,7077494
2026-07-03,M002,7340620
2026-07-03,M003,9417040
2026-07-03,M004,8993876
2026-07-03,M005,11299112
2026-07-03,M006,14459118
2026-07-03,M007,19543787
2026-07-03,M008,6099981
2026-07-03,M009,9944829
2026-07-03,M010,10214127
2026-07-03,M011,12882203
2026-07-03,M012,10212633
2026-07-03,M013,16740546
2026-07-03,M014,13981629
2026-07-03,M015,10890496
2026-07-03,M016,9388122
2026-07-03,M017,11907237
2026-07-03,M018,14940984
2026-07-03,M019,19181737
2026-07-03,M020,11021440
2026-07-03,M021,16712127
2026-07-03,M022,12798919
2026-07-03,M023,15789822
2026-07-03,M024,13373880
2026-07-03,M025,18463651
2026-07-03,M026,15615310
2026-07-03,M027,21309363
2026-07-03,M028,16599234
2026-07-03,M029,12861820
2026-07-03,M030,15450315
2026-07-03,M031,20486367
2026-07-03,M032,13685809
2026-07-03,M033,16920652
2026-07-03,M034,22071911
2026-07-03,M035,23992341
2026-07-03,M036,14144970
2026-07-03,M037,18500150
2026-07-03,M038,16916571
2026-07-03,M039,21983978
2026-07-03,M040,15974801
2026-07-03,M041,18810564
2026-07-03,M042,24213954
2026-07-03,M043,22642208
2026-07-03,M044,13922630
2026-07-03,M045,19391004
2026-07-03,M046,22167125
2026-07-03,M047,22711168
2026-07-03,M048,20189082
2026-07-04,M001,8526463
2026-07-04,M002,5805362
2026-07-04,M003,8582666
2026-07-04,M004,7372517
2026-07-04,M005,13638902
2026-07-04,M006,10619263
2026-07-04,M007,16337045
2026-07-04,M008,5571540
2026-07-04,M009,11168635
2026-07-04,M010,8800623
2026-07-04,M011,10286821
2026-07-04,M012,8332035
2026-07-04,M013,19350529
2026-07-04,M014,11814736
2026-07-04,M015,9607234
2026-07-04,M016,8483655
2026-07-04,M017,15639633
2026-07-04,M018,11428949
2026-07-04,M019,15636479
2026-07-04,M020,8735944
2026-07-04,M021,17939634
2026-07-04,M022,9483590
2026-07-04,M023,11468093
2026-07-04,M024,9761919
2026-07-04,M025,21748910
2026-07-04,M026,12725680
2026-07-04,M027,17337751
2026-07-04,M028,13340707
2026-07-04,M029,14079866
2026-07-04,M030,12255101
2026-07-04,M031,15801841
2026-07-04,M032,11027705
2026-07-04,M033,19055516
2026-07-04,M034,17457156
2026-07-04,M035,20452477
2026-07-04,M036,11596779
2026-07-04,M037,20759159
2026-07-04,M038,12987697
2026-07-04,M039,16321011
2026-07-04,M040,13717560
2026-07-04,M041,23297443
2026-07-04,M042,18861198
2026-07-04,M043,19699604
2026-07-04,M044,11356921
2026-07-04,M045,21713969
2026-07-04,M046,17770019
2026-07-04,M047,19372038
2026-07-04,M048,14707653
2026-07-05,M001,8081685
2026-07-05,M002,4565383
2026-07-05,M003,7749527
2026-07-05,M004,9723041
2026-07-05,M005,12450916
2026-07-05,M006,9932688
2026-07-05,M007,15347201
2026-07-05,M008,6770136
2026-07-05,M009,11663755
2026-07-05,M010,6969421
2026-07-05,M011,11016536
2026-07-05,M012,11949991
2026-07-05,M013,17651433
2026-07-05,M014,10195235
2026-07-05,M015,9919808
2026-07-05,M016,11187276
2026-07-05,M017,13998784
2026-07-05,M018,10708608
2026-07-05,M019,15557359
2026-07-05,M020,12786317
2026-07-05,M021,18936633
2026-07-05,M022,8380840
2026-07-05,M023,12307182
2026-07-05,M024,13169837
2026-07-05,M025,21482413
2026-07-05,M026,11712928
2026-07-05,M027,16240602
2026-07-05,M028,14927191
2026-07-05,M029,14208704
2026-07-05,M030,10788814
2026-07-05,M031,15473883
2026-07-05,M032,13378689
2026-07-05,M033,19491704
2026-07-05,M034,14725729
2026-07-05,M035,19339348
2026-07-05,M036,15358077
2026-07-05,M037,20487355
2026-07-05,M038,9932268
2026-07-05,M039,15225161
2026-07-05,M040,19210222
2026-07-05,M041,23879778
2026-07-05,M042,15688504
2026-07-05,M043,19174420
2026-07-05,M044,15633849
2026-07-05,M045,20545138
2026-07-05,M046,13670566
2026-07-05,M047,17541828
2026-07-05,M048,19931561
2026-07-06,M001,4852753
2026-07-06,M002,8091905
2026-07-06,M003,7772934
2026-07-06,M004,15050001
2026-07-06,M005,8208686
2026-07-06,M006,15406206
2026-07-06,M007,13147567
2026-07-06,M008,10265165
2026-07-06,M009,7069593
2026-07-06,M010,11277979
2026-07-06,M011,9188318
2026-07-06,M012,17928513
2026-07-06,M013,11112826
2026-07-06,M014,15131754
2026-07-06,M015,8356968
2026-07-06,M016,15570805
2026-07-06,M017,8415909
2026-07-06,M018,15372844
2026-07-06,M019,14889803
2026-07-06,M020,19158345
2026-07-06,M021,11257161
2026-07-06,M022,12518741
2026-07-06,M023,10718526
2026-07-06,M024,20637743
2026-07-06,M025,11808530
2026-07-06,M026,18546816
2026-07-06,M027,16019514
2026-07-06,M028,26527843
2026-07-06,M029,8795300
2026-07-06,M030,17267739
2026-07-06,M031,16507173
2026-07-06,M032,22304245
2026-07-06,M033,11835071
2026-07-06,M034,21668046
2026-07-06,M035,19158400
2026-07-06,M036,21178742
2026-07-06,M037,12987173
2026-07-06,M038,17965650
2026-07-06,M039,15845116
2026-07-06,M040,26555714
2026-07-06,M041,15128068
2026-07-06,M042,26669291
2026-07-06,M043,16088405
2026-07-06,M044,22695083
2026-07-06,M045,13928700
2026-07-06,M046,20929124
2026-07-06,M047,18692280
2026-07-06,M048,31314051
2026-07-07,M001,6549195
2026-07-07,M002,7526682
2026-07-07,M003,10142510
2026-07-07,M004,9344206
2026-07-07,M005,10446674
2026-07-07,M006,14017273
2026-07-07,M007,18925119
2026-07-07,M008,6735717
2026-07-07,M009,9418709
2026-07-07,M010,10621405
2026-07-07,M011,12906706
2026-07-07,M012,11146689
2026-07-07,M013,14815709
2026-07-07,M014,14707413
2026-07-07,M015,12649647
2026-07-07,M016,9884313
2026-07-07,M017,12841005
2026-07-07,M018,16002214
2026-07-07,M019,19399152
2026-07-07,M020,11856592
2026-07-07,M021,16267706
2026-07-07,M022,13002963
2026-07-07,M023,14111968
2026-07-07,M024,12003196
2026-07-07,M025,16380132
2026-07-07,M026,17013756
2026-07-07,M027,22739016
2026-07-07,M028,14302865
2026-07-07,M029,12910495
2026-07-07,M030,14197998
2026-07-07,M031,22676987
2026-07-07,M032,13157215
2026-07-07,M033,17263679
2026-07-07,M034,21842548
2026-07-07,M035,22948182
2026-07-07,M036,12919625
2026-07-07,M037,16792994
2026-07-07,M038,14754042
2026-07-07,M039,20709693
2026-07-07,M040,16018009
2026-07-07,M041,20346945
2026-07-07,M042,25089655
2026-07-07,M043,21891604
2026-07-07,M044,14843594
2026-07-07,M045,17652570
2026-07-07,M046,21123354
2026-07-07,M047,23461005
2026-07-07,M048,18030520
2026-07-08,M001,9024955
2026-07-08,M002,6196948
2026-07-08,M003,8498670
2026-07-08,M004,7357835
2026-07-08,M005,14769209
2026-07-08,M006,12479753
2026-07-08,M007,15693813
2026-07-08,M008,6263929
2026-07-08,M009,12758864
2026-07-08,M010,9611853
2026-07-08,M011,11360942
2026-07-08,M012,10776994
2026-07-08,M013,22241472
2026-07-08,M014,13171289
2026-07-08,M015,9982395
2026-07-08,M016,8396266
2026-07-08,M017,17037754
2026-07-08,M018,12727650
2026-07-08,M019,16322729
2026-07-08,M020,10186492
2026-07-08,M021,19282007
2026-07-08,M022,11201478
2026-07-08,M023,12768197
2026-07-08,M024,10441562
2026-07-08,M025,23290464
2026-07-08,M026,14736698
2026-07-08,M027,19997147
2026-07-08,M028,12987410
2026-07-08,M029,16112577
2026-07-08,M030,12762966
2026-07-08,M031,17500425
2026-07-08,M032,10987074
2026-07-08,M033,22909371
2026-07-08,M034,19739503
2026-07-08,M035,19926524
2026-07-08,M036,13352548
2026-07-08,M037,24450708
2026-07-08,M038,13148350
2026-07-08,M039,18869064
2026-07-08,M040,15721015
2026-07-08,M041,26294393
2026-07-08,M042,22441926
2026-07-08,M043,20468060
2026-07-08,M044,11869621
2026-07-08,M045,23305629
2026-07-08,M046,19116746
2026-07-08,M047,21802986
2026-07-08,M048,16735776
2026-07-09,M001,8763901
2026-07-09,M002,5536306
2026-07-09,M003,9132629
2026-07-09,M004,9991626
2026-07-09,M005,12978535
2026-07-09,M006,10236624
2026-07-09,M007,16605613
2026-07-09,M008,7509898
2026-07-09,M009,13080517
2026-07-09,M010,8056498
2026-07-09,M011,12304603
2026-07-09,M012,12251376
2026-07-09,M013,19600600
2026-07-09,M014,10789550
2026-07-09,M015,10468088
2026-07-09,M016,11868184
2026-07-09,M017,16971050
2026-07-09,M018,10930799
2026-07-09,M019,16313450
2026-07-09,M020,13439560
2026-07-09,M021,20649991
2026-07-09,M022,9449716
2026-07-09,M023,12130873
2026-07-09,M024,13914547
2026-07-09,M025,21743840
2026-07-09,M026,12359039
2026-07-09,M027,18605712
2026-07-09,M028,18231249
2026-07-09,M029,15760551
2026-07-09,M030,10964700
2026-07-09,M031,18028093
2026-07-09,M032,16068424
2026-07-09,M033,22555323
2026-07-09,M034,15068184
2026-07-09,M035,19766076
2026-07-09,M036,15102920
2026-07-09,M037,23569283
2026-07-09,M038,11612062
2026-07-09,M039,18896831
2026-07-09,M040,21199321
2026-07-09,M041,26758005
2026-07-09,M042,17065188
2026-07-09,M043,21918237
2026-07-09,M044,16739789
2026-07-09,M045,24643997
2026-07-09,M046,15541164
2026-07-09,M047,21384400
2026-07-09,M048,22386382
2026-07-10,M001,5640567
2026-07-10,M002,7757121
2026-07-10,M003,7905335
2026-07-10,M004,15224554
2026-07-10,M005,8439719
2026-07-10,M006,15375504
2026-07-10,M007,14134959
2026-07-10,M008,11497010
2026-07-10,M009,7161225
2026-07-10,M010,12703487
2026-07-10,M011,10474096
2026-07-10,M012,19877385
2026-07-10,M013,12257107
2026-07-10,M014,16215585
2026-07-10,M015,8593991
2026-07-10,M016,17150243
2026-07-10,M017,8970352
2026-07-10,M018,16604447
2026-07-10,M019,16081965
2026-07-10,M020,18833890
2026-07-10,M021,12287235
2026-07-10,M022,13964440
2026-07-10,M023,11121601
2026-07-10,M024,20403482
2026-07-10,M025,13215918
2026-07-10,M026,17526828
2026-07-10,M027,15676707
2026-07-10,M028,25509878
2026-07-10,M029,9776451
2026-07-10,M030,18823681
2026-07-10,M031,15714921
2026-07-10,M032,23506186
2026-07-10,M033,12985418
2026-07-10,M034,25649981
2026-07-10,M035,19224736
2026-07-10,M036,23661102
2026-07-10,M037,12660527
2026-07-10,M038,18816558
2026-07-10,M039,17145838
2026-07-10,M040,28480906
2026-07-10,M041,15693825
2026-07-10,M042,28189583
2026-07-10,M043,19060943
2026-07-10,M044,23175616
2026-07-10,M045,14877705
2026-07-10,M046,22934265
2026-07-10,M047,20099723
2026-07-10,M048,34589739
2026-07-11,M001,7272652
2026-07-11,M002,6624920
2026-07-11,M003,9590610
2026-07-11,M004,9186410
2026-07-11,M005,9648933
2026-07-11,M006,12753900
2026-07-11,M007,18952946
2026-07-11,M008,6173556
2026-07-11,M009,9919969
2026-07-11,M010,10556619
2026-07-11,M011,12317823
2026-07-11,M012,11380581
2026-07-11,M013,15833498
2026-07-11,M014,13393863
2026-07-11,M015,10726355
2026-07-11,M016,9574297
2026-07-11,M017,11718764
2026-07-11,M018,13809751
2026-07-11,M019,19299837
2026-07-11,M020,12135194
2026-07-11,M021,15922229
2026-07-11,M022,12985915
2026-07-11,M023,15030948
2026-07-11,M024,11949619
2026-07-11,M025,17344610
2026-07-11,M026,15028944
2026-07-11,M027,22181396
2026-07-11,M028,15171392
2026-07-11,M029,12564656
2026-07-11,M030,14448028
2026-07-11,M031,20461988
2026-07-11,M032,12913720
2026-07-11,M033,18043415
2026-07-11,M034,21918412
2026-07-11,M035,24186957
2026-07-11,M036,12864124
2026-07-11,M037,16441842
2026-07-11,M038,16323845
2026-07-11,M039,20005359
2026-07-11,M040,17749676
2026-07-11,M041,20234170
2026-07-11,M042,23502555
2026-07-11,M043,23797382
2026-07-11,M044,14170499
2026-07-11,M045,19044174
2026-07-11,M046,21673427
2026-07-11,M047,23637027
2026-07-11,M048,18660429
2026-07-12,M001,9383033
2026-07-12,M002,6566026
2026-07-12,M003,8362284
2026-07-12,M004,8085294
2026-07-12,M005,13747838
2026-07-12,M006,12024225
2026-07-12,M007,15874204
2026-07-12,M008,5987660
2026-07-12,M009,13163284
2026-07-12,M010,9771955
2026-07-12,M011,12159698
2026-07-12,M012,9478308
2026-07-12,M013,20917651
2026-07-12,M014,12529545
2026-07-12,M015,10746469
2026-07-12,M016,8221499
2026-07-12,M017,14512167
2026-07-12,M018,14390516
2026-07-12,M019,16166520
2026-07-12,M020,9490770
2026-07-12,M021,19250889
2026-07-12,M022,11255191
2026-07-12,M023,12965517
2026-07-12,M024,10159615
2026-07-12,M025,23862871
2026-07-12,M026,13522879
2026-07-12,M027,17404721
2026-07-12,M028,13323135
2026-07-12,M029,14671358
2026-07-12,M030,12869875
2026-07-12,M031,18661845
2026-07-12,M032,12078410
2026-07-12,M033,21485653
2026-07-12,M034,19728335
2026-07-12,M035,21935900
2026-07-12,M036,11272195
2026-07-12,M037,21546605
2026-07-12,M038,12897885
2026-07-12,M039,17111796
2026-07-12,M040,13885706
2026-07-12,M041,24101365
2026-07-12,M042,20529127
2026-07-12,M043,18631606
2026-07-12,M044,11764701
2026-07-12,M045,25949030
2026-07-12,M046,18307675
2026-07-12,M047,21703725
2026-07-12,M048,18049611
2026-07-13,M001,8631375
2026-07-13,M002,6090416
2026-07-13,M003,8788341
2026-07-13,M004,10113540
2026-07-13,M005,13548642
2026-07-13,M006,11280742
2026-07-13,M007,15226570
2026-07-13,M008,7750406
2026-07-13,M009,11382967
2026-07-13,M010,9478864
2026-07-13,M011,11522678
2026-07-13,M012,14335743
2026-07-13,M013,19615539
2026-07-13,M014,11073313
2026-07-13,M015,10652271
2026-07-13,M016,13496779
2026-07-13,M017,14199628
2026-07-13,M018,13508809
2026-07-13,M019,15938577
2026-07-13,M020,13595521
2026-07-13,M021,19228781
2026-07-13,M022,9703696
2026-07-13,M023,12187186
2026-07-13,M024,16057534
2026-07-13,M025,21073771
2026-07-13,M026,14063300
2026-07-13,M027,17233969
2026-07-13,M028,19425610
2026-07-13,M029,14836821
2026-07-13,M030,12010953
2026-07-13,M031,19173786
2026-07-13,M032,16483204
2026-07-13,M033,21892665
2026-07-13,M034,16373038
2026-07-13,M035,20606104
2026-07-13,M036,16518095
2026-07-13,M037,20051669
2026-07-13,M038,13771157
2026-07-13,M039,18506439
2026-07-13,M040,20718918
2026-07-13,M041,23027308
2026-07-13,M042,20031467
2026-07-13,M043,19125200
2026-07-13,M044,16486008
2026-07-13,M045,25570700
2026-07-13,M046,15929240
2026-07-13,M047,18830881
2026-07-13,M048,22279017
2026-07-14,M001,5611850
2026-07-14,M002,8417047
2026-07-14,M003,8262359
2026-07-14,M004,16259137
2026-07-14,M005,8678656
2026-07-14,M006,16842173
2026-07-14,M007,14562905
2026-07-14,M008,12220832
2026-07-14,M009,7549980
2026-07-14,M010,12337438
2026-07-14,M011,9837263
2026-07-14,M012,18396639
2026-07-14,M013,13197426
2026-07-14,M014,17128444
2026-07-14,M015,9434053
2026-07-14,M016,17091667
2026-07-14,M017,8852163
2026-07-14,M018,16828330
2026-07-14,M019,15982955
2026-07-14,M020,20442633
2026-07-14,M021,13172675
2026-07-14,M022,14757376
2026-07-14,M023,10960150
2026-07-14,M024,22429641
2026-07-14,M025,14431285
2026-07-14,M026,18512750
2026-07-14,M027,17650021
2026-07-14,M028,29101946
2026-07-14,M029,9194578
2026-07-14,M030,18074583
2026-07-14,M031,16175605
2026-07-14,M032,22644998
2026-07-14,M033,13951580
2026-07-14,M034,23205991
2026-07-14,M035,19065616
2026-07-14,M036,25647852
2026-07-14,M037,13916141
2026-07-14,M038,19476116
2026-07-14,M039,15589014
2026-07-14,M040,29942338
2026-07-14,M041,14755033
2026-07-14,M042,27324268
2026-07-14,M043,19772075
2026-07-14,M044,26612488
2026-07-14,M045,14827263
2026-07-14,M046,22583208
2026-07-14,M047,19182181
2026-07-14,M048,31507842
2026-07-15,M001,7378707
2026-07-15,M002,6799304
2026-07-15,M003,11354562
2026-07-15,M004,8027913
2026-07-15,M005,10945705
2026-07-15,M006,12912088
2026-07-15,M007,20378734
2026-07-15,M008,6380292
2026-07-15,M009,9427662
2026-07-15,M010,10176210
2026-07-15,M011,13460494
2026-07-15,M012,9948948
2026-07-15,M013,15533980
2026-07-15,M014,14902300
2026-07-15,M015,11965210
2026-07-15,M016,9093955
2026-07-15,M017,13943536
2026-07-15,M018,15357883
2026-07-15,M019,20280584
2026-07-15,M020,11404310
2026-07-15,M021,16364946
2026-07-15,M022,11275601
2026-07-15,M023,15099448
2026-07-15,M024,11588855
2026-07-15,M025,19387973
2026-07-15,M026,15602524
2026-07-15,M027,22381821
2026-07-15,M028,15447208
2026-07-15,M029,12596841
2026-07-15,M030,15653657
2026-07-15,M031,23201880
2026-07-15,M032,12805212
2026-07-15,M033,18815702
2026-07-15,M034,22014339
2026-07-15,M035,25541528
2026-07-15,M036,13231089
2026-07-15,M037,19292737
2026-07-15,M038,14463397
2026-07-15,M039,21519408
2026-07-15,M040,16868992
2026-07-15,M041,22980424
2026-07-15,M042,23911282
2026-07-15,M043,23549774
2026-07-15,M044,14702299
2026-07-15,M045,20570103
2026-07-15,M046,19717437
2026-07-15,M047,26640566
2026-07-15,M048,19238974
2026-07-16,M001,10845569
2026-07-16,M002,6483186
2026-07-16,M003,9091653
2026-07-16,M004,8607708
2026-07-16,M005,15495554
2026-07-16,M006,13813664
2026-07-16,M007,19108959
2026-07-16,M008,5929411
2026-07-16,M009,13433703
2026-07-16,M010,10383003
2026-07-16,M011,12138956
2026-07-16,M012,10446426
2026-07-16,M013,21227641
2026-07-16,M014,13114505
2026-07-16,M015,11464750
2026-07-16,M016,9418690
2026-07-16,M017,17254068
2026-07-16,M018,14279234
2026-07-16,M019,19111802
2026-07-16,M020,12150042
2026-07-16,M021,23768994
2026-07-16,M022,12510565
2026-07-16,M023,14043385
2026-07-16,M024,11190487
2026-07-16,M025,24502279
2026-07-16,M026,16582416
2026-07-16,M027,20583489
2026-07-16,M028,15311054
2026-07-16,M029,17493649
2026-07-16,M030,13725144
2026-07-16,M031,19829321
2026-07-16,M032,12653520
2026-07-16,M033,25627804
2026-07-16,M034,22164309
2026-07-16,M035,23562178
2026-07-16,M036,13466607
2026-07-16,M037,24828337
2026-07-16,M038,14189924
2026-07-16,M039,19120962
2026-07-16,M040,15970377
2026-07-16,M041,29641161
2026-07-16,M042,23890540
2026-07-16,M043,20594228
2026-07-16,M044,12774964
2026-07-16,M045,27446066
2026-07-16,M046,20523737
2026-07-16,M047,22021469
2026-07-16,M048,18910672
2026-07-17,M001,9476940
2026-07-17,M002,5729424
2026-07-17,M003,7954473
2026-07-17,M004,11556456
2026-07-17,M005,14010775
2026-07-17,M006,11594204
2026-07-17,M007,15828581
2026-07-17,M008,8416089
2026-07-17,M009,11497137
2026-07-17,M010,9298915
2026-07-17,M011,10845661
2026-07-17,M012,14453829
2026-07-17,M013,19176524
2026-07-17,M014,11632961
2026-07-17,M015,9979351
2026-07-17,M016,13390181
2026-07-17,M017,16160728
2026-07-17,M018,13566260
2026-07-17,M019,17250805
2026-07-17,M020,15385391
2026-07-17,M021,18909858
2026-07-17,M022,10239164
2026-07-17,M023,12816516
2026-07-17,M024,14352563
2026-07-17,M025,22092216
2026-07-17,M026,12873396
2026-07-17,M027,17627212
2026-07-17,M028,20217137
2026-07-17,M029,16535763
2026-07-17,M030,12690033
2026-07-17,M031,17680408
2026-07-17,M032,15420413
2026-07-17,M033,21205479
2026-07-17,M034,18569659
2026-07-17,M035,20086757
2026-07-17,M036,16856428
2026-07-17,M037,23445264
2026-07-17,M038,13237616
2026-07-17,M039,18525159
2026-07-17,M040,21752688
2026-07-17,M041,25797564
2026-07-17,M042,19526918
2026-07-17,M043,18461581
2026-07-17,M044,18958109
2026-07-17,M045,25627323
2026-07-17,M046,17034226
2026-07-17,M047,19965578
2026-07-17,M048,24864169
2026-07-18,M001,4613508
2026-07-18,M002,7320409
2026-07-18,M003,7505564
2026-07-18,M004,14601550
2026-07-18,M005,7588265
2026-07-18,M006,14896276
2026-07-18,M007,13569850
2026-07-18,M008,10585440
2026-07-18,M009,6770674
2026-07-18,M010,11434397
2026-07-18,M011,8929806
2026-07-18,M012,16564199
2026-07-18,M013,10704747
2026-07-18,M014,14102622
2026-07-18,M015,9033746
2026-07-18,M016,15468072
2026-07-18,M017,8921402
2026-07-18,M018,17070209
2026-07-18,M019,13422207
2026-07-18,M020,18357477
2026-07-18,M021,10247333
2026-07-18,M022,13762032
2026-07-18,M023,11269304
2026-07-18,M024,20713817
2026-07-18,M025,12654327
2026-07-18,M026,18091504
2026-07-18,M027,15955082
2026-07-18,M028,24454221
2026-07-18,M029,7973021
2026-07-18,M030,15197337
2026-07-18,M031,14389793
2026-07-18,M032,21920749
2026-07-18,M033,12090765
2026-07-18,M034,24069627
2026-07-18,M035,17759784
2026-07-18,M036,22094276
2026-07-18,M037,12977980
2026-07-18,M038,17377076
2026-07-18,M039,14389976
2026-07-18,M040,25549733
2026-07-18,M041,15100958
2026-07-18,M042,25742442
2026-07-18,M043,17964411
2026-07-18,M044,23523527
2026-07-18,M045,13252712
2026-07-18,M046,23545028
2026-07-18,M047,16802910
2026-07-18,M048,31718907
2026-07-19,M001,6578154
2026-07-19,M002,6686336
2026-07-19,M003,9042759
2026-07-19,M004,7483093
2026-07-19,M005,11014625
2026-07-19,M006,12770724
2026-07-19,M007,19286319
2026-07-19,M008,5614838
2026-07-19,M009,8483979
2026-07-19,M010,9006297
2026-07-19,M011,12790387
2026-07-19,M012,10458057
2026-07-19,M013,14459199
2026-07-19,M014,13165526
2026-07-19,M015,11470208
2026-07-19,M016,8601948
2026-07-19,M017,10948792
2026-07-19,M018,12873595
2026-07-19,M019,17095196
2026-07-19,M020,10127449
2026-07-19,M021,15851528
2026-07-19,M022,10676347
2026-07-19,M023,14056138
2026-07-19,M024,10755786
2026-07-19,M025,15704674
2026-07-19,M026,14905232
2026-07-19,M027,19828200
2026-07-19,M028,13434171
2026-07-19,M029,11832059
2026-07-19,M030,13044585
2026-07-19,M031,19893535
2026-07-19,M032,10979888
2026-07-19,M033,15856911
2026-07-19,M034,18666648
2026-07-19,M035,22425624
2026-07-19,M036,11289061
2026-07-19,M037,16924968
2026-07-19,M038,12963739
2026-07-19,M039,20366143
2026-07-19,M040,14268248
2026-07-19,M041,20134790
2026-07-19,M042,20721614
2026-07-19,M043,22925024
2026-07-19,M044,13299238
2026-07-19,M045,19127045
2026-07-19,M046,19393599
2026-07-19,M047,22597963
2026-07-19,M048,16245117
2026-07-20,M001,10148931
2026-07-20,M002,6891626
2026-07-20,M003,10100447
2026-07-20,M004,7905685
2026-07-20,M005,16542097
2026-07-20,M006,14597246
2026-07-20,M007,17509345
2026-07-20,M008,6698907
2026-07-20,M009,14355064
2026-07-20,M010,10370575
2026-07-20,M011,14559858
2026-07-20,M012,11198442
2026-07-20,M013,23750576
2026-07-20,M014,13025008
2026-07-20,M015,11217718
2026-07-20,M016,9428855
2026-07-20,M017,18577222
2026-07-20,M018,17752485
2026-07-20,M019,17635128
2026-07-20,M020,11752601
2026-07-20,M021,22622359
2026-07-20,M022,11165582
2026-07-20,M023,16690478
2026-07-20,M024,13485530
2026-07-20,M025,24250061
2026-07-20,M026,16385889
2026-07-20,M027,21131263
2026-07-20,M028,13981873
2026-07-20,M029,20909212
2026-07-20,M030,15329838
2026-07-20,M031,18589729
2026-07-20,M032,12025357
2026-07-20,M033,25337733
2026-07-20,M034,21030264
2026-07-20,M035,24507149
2026-07-20,M036,14968263
2026-07-20,M037,22760524
2026-07-20,M038,15021863
2026-07-20,M039,21228900
2026-07-20,M040,17364202
2026-07-20,M041,32997361
2026-07-20,M042,25935078
2026-07-20,M043,22376088
2026-07-20,M044,12851590
2026-07-20,M045,26235545
2026-07-20,M046,19934783
2026-07-20,M047,25931479
2026-07-20,M048,21810149
2026-07-21,M001,8377422
2026-07-21,M002,5717832
2026-07-21,M003,8126168
2026-07-21,M004,10665133
2026-07-21,M005,15769747
2026-07-21,M006,12914890
2026-07-21,M007,15099917
2026-07-21,M008,8419923
2026-07-21,M009,12811951
2026-07-21,M010,9344896
2026-07-21,M011,13032048
2026-07-21,M012,15010820
2026-07-21,M013,19099642
2026-07-21,M014,12740940
2026-07-21,M015,9569004
2026-07-21,M016,12418065
2026-07-21,M017,18225210
2026-07-21,M018,13123387
2026-07-21,M019,16582150
2026-07-21,M020,14554368
2026-07-21,M021,19498152
2026-07-21,M022,9911171
2026-07-21,M023,14314890
2026-07-21,M024,18600962
2026-07-21,M025,23747811
2026-07-21,M026,12205232
2026-07-21,M027,16934276
2026-07-21,M028,19280094
2026-07-21,M029,15988273
2026-07-21,M030,14348543
2026-07-21,M031,16945256
2026-07-21,M032,16671373
2026-07-21,M033,21202257
2026-07-21,M034,17649435
2026-07-21,M035,22925082
2026-07-21,M036,18469543
2026-07-21,M037,21484919
2026-07-21,M038,12949846
2026-07-21,M039,18146418
2026-07-21,M040,22966144
2026-07-21,M041,26440802
2026-07-21,M042,23447934
2026-07-21,M043,18769865
2026-07-21,M044,18614694
2026-07-21,M045,24650936
2026-07-21,M046,17062903
2026-07-21,M047,20960570
2026-07-21,M048,27194751
2026-07-22,M001,5658430
2026-07-22,M002,8144823
2026-07-22,M003,8270710
2026-07-22,M004,15755154
2026-07-22,M005,9034475
2026-07-22,M006,18744716
2026-07-22,M007,15471653
2026-07-22,M008,11059741
2026-07-22,M009,7024399
2026-07-22,M010,12309319
2026-07-22,M011,12375466
2026-07-22,M012,20626314
2026-07-22,M013,11764140
2026-07-22,M014,16398042
2026-07-22,M015,9735314
2026-07-22,M016,17357004
2026-07-22,M017,10792636
2026-07-22,M018,18519831
2026-07-22,M019,14426636
2026-07-22,M020,20031615
2026-07-22,M021,12929595
2026-07-22,M022,15479531
2026-07-22,M023,14047336
2026-07-22,M024,22984252
2026-07-22,M025,13830417
2026-07-22,M026,20044333
2026-07-22,M027,16548279
2026-07-22,M028,26403227
2026-07-22,M029,11449339
2026-07-22,M030,20057393
2026-07-22,M031,17647515
2026-07-22,M032,22814480
2026-07-22,M033,12559085
2026-07-22,M034,26741122
2026-07-22,M035,22438085
2026-07-22,M036,25842298
2026-07-22,M037,12552987
2026-07-22,M038,18185832
2026-07-22,M039,16797299
2026-07-22,M040,28597598
2026-07-22,M041,16532723
2026-07-22,M042,31434653
2026-07-22,M043,19215271
2026-07-22,M044,24013955
2026-07-22,M045,14774289
2026-07-22,M046,23745530
2026-07-22,M047,19714371
2026-07-22,M048,36056100
2026-07-23,M001,7111714
2026-07-23,M002,6919207
2026-07-23,M003,10226049
2026-07-23,M004,8693706
2026-07-23,M005,13537743
2026-07-23,M006,14653175
2026-07-23,M007,19521331
2026-07-23,M008,6868615
2026-07-23,M009,10198793
2026-07-23,M010,10105459
2026-07-23,M011,16379076
2026-07-23,M012,12669762
2026-07-23,M013,15504520
2026-07-23,M014,13036709
2026-07-23,M015,12790064
2026-07-23,M016,10081713
2026-07-23,M017,13692252
2026-07-23,M018,17115734
2026-07-23,M019,19673200
2026-07-23,M020,10665535
2026-07-23,M021,17391213
2026-07-23,M022,12158162
2026-07-23,M023,17144464
2026-07-23,M024,14283631
2026-07-23,M025,19139929
2026-07-23,M026,14369825
2026-07-23,M027,22118212
2026-07-23,M028,16076829
2026-07-23,M029,14810476
2026-07-23,M030,17408190
2026-07-23,M031,22131507
2026-07-23,M032,13013204
2026-07-23,M033,19670762
2026-07-23,M034,20607828
2026-07-23,M035,29741960
2026-07-23,M036,13841671
2026-07-23,M037,18711038
2026-07-23,M038,14479081
2026-07-23,M039,22679016
2026-07-23,M040,17519554
2026-07-23,M041,24600558
2026-07-23,M042,24017613
2026-07-23,M043,26521255
2026-07-23,M044,14833816
2026-07-23,M045,19164369
2026-07-23,M046,20545771
2026-07-23,M047,27437025
2026-07-23,M048,21628958
2026-07-24,M001,9704689
2026-07-24,M002,6569565
2026-07-24,M003,9831675
2026-07-24,M004,8057580
2026-07-24,M005,16031825
2026-07-24,M006,14367541
2026-07-24,M007,18867877
2026-07-24,M008,6617998
2026-07-24,M009,13321817
2026-07-24,M010,11115616
2026-07-24,M011,13872071
2026-07-24,M012,11091297
2026-07-24,M013,22897783
2026-07-24,M014,14600213
2026-07-24,M015,10718924
2026-07-24,M016,10221731
2026-07-24,M017,19443742
2026-07-24,M018,17573810
2026-07-24,M019,16994744
2026-07-24,M020,11629008
2026-07-24,M021,20658259
2026-07-24,M022,12514355
2026-07-24,M023,15367789
2026-07-24,M024,14345940
2026-07-24,M025,23260474
2026-07-24,M026,14881441
2026-07-24,M027,20206273
2026-07-24,M028,15610247
2026-07-24,M029,19776116
2026-07-24,M030,16455169
2026-07-24,M031,19477431
2026-07-24,M032,11977621
2026-07-24,M033,26044426
2026-07-24,M034,19581056
2026-07-24,M035,27597985
2026-07-24,M036,13864556
2026-07-24,M037,24175069
2026-07-24,M038,14885038
2026-07-24,M039,19175816
2026-07-24,M040,16299858
2026-07-24,M041,32933075
2026-07-24,M042,26630658
2026-07-24,M043,23302420
2026-07-24,M044,14714825
2026-07-24,M045,25449944
2026-07-24,M046,19226985
2026-07-24,M047,23171544
2026-07-24,M048,19321903
2026-07-25,M001,8271981
2026-07-25,M002,5148446
2026-07-25,M003,8255616
2026-07-25,M004,9995003
2026-07-25,M005,12788840
2026-07-25,M006,11608537
2026-07-25,M007,13962682
2026-07-25,M008,7445167
2026-07-25,M009,11518020
2026-07-25,M010,8328308
2026-07-25,M011,11971070
2026-07-25,M012,13981473
2026-07-25,M013,17796334
2026-07-25,M014,10876271
2026-07-25,M015,9597274
2026-07-25,M016,10946394
2026-07-25,M017,14931878
2026-07-25,M018,12206561
2026-07-25,M019,14384275
2026-07-25,M020,13434967
2026-07-25,M021,18632611
2026-07-25,M022,9873920
2026-07-25,M023,13097541
2026-07-25,M024,15097906
2026-07-25,M025,18441115
2026-07-25,M026,11228838
2026-07-25,M027,15980960
2026-07-25,M028,16949705
2026-07-25,M029,15663346
2026-07-25,M030,12786870
2026-07-25,M031,15560708
2026-07-25,M032,15232719
2026-07-25,M033,19998633
2026-07-25,M034,16649578
2026-07-25,M035,21980319
2026-07-25,M036,17897284
2026-07-25,M037,19123835
2026-07-25,M038,12267618
2026-07-25,M039,16695975
2026-07-25,M040,18546764
2026-07-25,M041,25030152
2026-07-25,M042,19492210
2026-07-25,M043,18258770
2026-07-25,M044,16494320
2026-07-25,M045,20904783
2026-07-25,M046,14199790
2026-07-25,M047,19298677
2026-07-25,M048,24790298
