date,merchant_id,declared_budget
2025-01-01,M001,80600.0
2025-01-01,M002,94674.0
2025-01-01,M003,108748.0
2025-01-01,M004,122822.0
2025-01-01,M005,136896.0
2025-01-01,M006,150970.0
2025-01-01,M007,165044.0
2025-01-01,M008,100998.0
2025-01-01,M009,115072.0
2025-01-01,M010,129146.0
2025-01-01,M011,143220.0
2025-01-01,M012,157294.0
2025-01-01,M013,171368.0
2025-01-01,M014,185442.0
2025-01-01,M015,121396.0
2025-01-01,M016,135470.0
2025-01-01,M017,149544.0
2025-01-01,M018,163618.0
2025-01-01,M019,177692.0
2025-01-01,M020,191766.0
2025-01-01,M021,205840.0
2025-01-01,M022,141794.0
2025-01-01,M023,155868.0
2025-01-01,M024,169942.0
2025-01-01,M025,184016.0
2025-01-01,M026,198090.0
2025-01-01,M027,212164.0
2025-01-01,M028,226238.0
2025-01-01,M029,162192.0
2025-01-01,M030,176266.0
2025-01-01,M031,190340.0
2025-01-01,M032,204414.0
2025-01-01,M033,218488.0
2025-01-01,M034,232562.0
2025-01-01,M035,246636.0
2025-01-01,M036,182590.0
2025-01-01,M037,196664.0
2025-01-01,M038,210738.0
2025-01-01,M039,224812.0
2025-01-01,M040,238886.0
2025-01-01,M041,252960.0
2025-01-01,M042,267034.0
2025-01-01,M043,202988.0
2025-01-01,M044,217062.0
2025-01-01,M045,231136.0
2025-01-01,M046,245210.0
2025-01-01,M047,259284.0
2025-01-01,M048,273358.0
2025-01-02,M001,80600.0
2025-01-02,M002,94674.0
2025-01-02,M003,108748.0
2025-01-02,M004,122822.0
2025-01-02,M005,136896.0
2025-01-02,M006,150970.0
2025-01-02,M007,165044.0
2025-01-02,M008,100998.0
2025-01-02,M009,115072.0
2025-01-02,M010,129146.0
2025-01-02,M011,143220.0
2025-01-02,M012,157294.0
2025-01-02,M013,171368.0
2025-01-02,M014,185442.0
2025-01-02,M015,121396.0
2025-01-02,M016,135470.0
2025-01-02,M017,149544.0
2025-01-02,M018,163618.0
2025-01-02,M019,177692.0
2025-01-02,M020,191766.0
2025-01-02,M021,205840.0
2025-01-02,M022,141794.0
2025-01-02,M023,155868.0
2025-01-02,M024,169942.0
2025-01-02,M025,184016.0
2025-01-02,M026,198090.0
2025-01-02,M027,212164.0
2025-01-02,M028,226238.0
2025-01-02,M029,162192.0
2025-01-02,M030,176266.0
2025-01-02,M031,190340.0
2025-01-02,M032,204414.0
2025-01-02,M033,218488.0
2025-01-02,M034,232562.0
2025-01-02,M035,246636.0
2025-01-02,M036,182590.0
2025-01-02,M037,196664.0
2025-01-02,M038,210738.0
2025-01-02,M039,224812.0
2025-01-02,M040,238886.0
2025-01-02,M041,252960.0
2025-01-02,M042,267034.0
2025-01-02,M043,202988.0
2025-01-02,M044,217062.0
2025-01-02,M045,231136.0
2025-01-02,M046,245210.0
2025-01-02,M047,259284.0
2025-01-02,M048,273358.0
2025-01-03,M001,80600.0
2025-01-03,M002,94674.0
2025-01-03,M003,108748.0
2025-01-03,M004,122822.0
2025-01-03,M005,136896.0
2025-01-03,M006,150970.0
2025-01-03,M007,165044.0
2025-01-03,M008,100998.0
2025-01-03,M009,115072.0
2025-01-03,M010,129146.0
2025-01-03,M011,143220.0
2025-01-03,M012,157294.0
2025-01-03,M013,171368.0
2025-01-03,M014,185442.0
2025-01-03,M015,121396.0
2025-01-03,M016,135470.0
2025-01-03,M017,149544.0
2025-01-03,M018,163618.0
2025-01-03,M019,177692.0
2025-01-03,M020,191766.0
2025-01-03,M021,205840.0
2025-01-03,M022,141794.0
2025-01-03,M023,155868.0
2025-01-03,M024,169942.0
2025-01-03,M025,184016.0
2025-01-03,M026,198090.0
2025-01-03,M027,212164.0
2025-01-03,M028,226238.0
2025-01-03,M029,162192.0
2025-01-03,M030,176266.0
2025-01-03,M031,190340.0
2025-01-03,M032,204414.0
2025-01-03,M033,218488.0
2025-01-03,M034,232562.0
2025-01-03,M035,246636.0
2025-01-03,M036,182590.0
2025-01-03,M037,196664.0
2025-01-03,M038,210738.0
2025-01-03,M039,224812.0
2025-01-03,M040,238886.0
2025-01-03,M041,252960.0
2025-01-03,M042,267034.0
2025-01-03,M043,202988.0
2025-01-03,M044,217062.0
2025-01-03,M045,231136.0
2025-01-03,M046,245210.0
2025-01-03,M047,259284.0
2025-01-03,M048,273358.0
2025-01-04,M001,80600.0
2025-01-04,M002,94674.0
2025-01-04,M003,108748.0
2025-01-04,M004,122822.0
2025-01-04,M005,136896.0
2025-01-04,M006,150970.0
2025-01-04,M007,165044.0
2025-01-04,M008,100998.0
2025-01-04,M009,115072.0
2025-01-04,M010,129146.0
2025-01-04,M011,143220.0
2025-01-04,M012,157294.0
2025-01-04,M013,171368.0
2025-01-04,M014,185442.0
2025-01-04,M015,121396.0
2025-01-04,M016,135470.0
2025-01-04,M017,149544.0
2025-01-04,M018,163618.0
2025-01-04,M019,177692.0
2025-01-04,M020,191766.0
2025-01-04,M021,205840.0
2025-01-04,M022,141794.0
2025-01-04,M023,155868.0
2025-01-04,M024,169942.0
2025-01-04,M025,184016.0
2025-01-04,M026,198090.0
2025-01-04,M027,212164.0
2025-01-04,M028,226238.0
2025-01-04,M029,162192.0
2025-01-04,M030,176266.0
2025-01-04,M031,190340.0
2025-01-04,M032,204414.0
2025-01-04,M033,218488.0
2025-01-04,M034,232562.0
2025-01-04,M035,246636.0
2025-01-04,M036,182590.0
2025-01-04,M037,196664.0
2025-01-04,M038,210738.0
2025-01-04,M039,224812.0
2025-01-04,M040,238886.0
2025-01-04,M041,252960.0
2025-01-04,M042,267034.0
2025-01-04,M043,202988.0
2025-01-04,M044,217062.0
2025-01-04,M045,231136.0
2025-01-04,M046,245210.0
2025-01-04,M047,259284.0
2025-01-04,M048,273358.0
2025-01-05,M001,80600.0
2025-01-05,M002,94674.0
2025-01-05,M003,108748.0
2025-01-05,M004,122822.0
2025-01-05,M005,136896.0
2025-01-05,M006,150970.0
2025-01-05,M007,165044.0
2025-01-05,M008,100998.0
2025-01-05,M009,115072.0
2025-01-05,M010,129146.0
2025-01-05,M011,143220.0
2025-01-05,M012,157294.0
2025-01-05,M013,171368.0
2025-01-05,M014,185442.0
2025-01-05,M015,121396.0
2025-01-05,M016,135470.0
2025-01-05,M017,149544.0
2025-01-05,M018,163618.0
2025-01-05,M019,177692.0
2025-01-05,M020,191766.0
2025-01-05,M021,205840.0
2025-01-05,M022,141794.0
2025-01-05,M023,155868.0
2025-01-05,M024,169942.0
2025-01-05,M025,184016.0
2025-01-05,M026,198090.0
2025-01-05,M027,212164.0
2025-01-05,M028,226238.0
2025-01-05,M029,162192.0
2025-01-05,M030,176266.0
2025-01-05,M031,190340.0
2025-01-05,M032,204414.0
2025-01-05,M033,218488.0
2025-01-05,M034,232562.0
2025-01-05,M035,246636.0
2025-01-05,M036,182590.0
2025-01-05,M037,196664.0
2025-01-05,M038,210738.0
2025-01-05,M039,224812.0
2025-01-05,M040,238886.0
2025-01-05,M041,252960.0
2025-01-05,M042,267034.0
2025-01-05,M043,202988.0
2025-01-05,M044,217062.0
2025-01-05,M045,231136.0
2025-01-05,M046,245210.0
2025-01-05,M047,259284.0
2025-01-05,M048,273358.0
2025-01-06,M001,80600.0
2025-01-06,M002,94674.0
2025-01-06,M003,108748.0
2025-01-06,M004,122822.0
2025-01-06,M005,136896.0
2025-01-06,M006,150970.0
2025-01-06,M007,165044.0
2025-01-06,M008,100998.0
2025-01-06,M009,115072.0
2025-01-06,M010,129146.0
2025-01-06,M011,143220.0
2025-01-06,M012,157294.0
2025-01-06,M013,171368.0
2025-01-06,M014,185442.0
2025-01-06,M015,121396.0
2025-01-06,M016,135470.0
2025-01-06,M017,149544.0
2025-01-06,M018,163618.0
2025-01-06,M019,177692.0
2025-01-06,M020,191766.0
2025-01-06,M021,205840.0
2025-01-06,M022,141794.0
2025-01-06,M023,155868.0
2025-01-06,M024,169942.0
2025-01-06,M025,184016.0
2025-01-06,M026,198090.0
2025-01-06,M027,212164.0
2025-01-06,M028,226238.0
2025-01-06,M029,162192.0
2025-01-06,M030,176266.0
2025-01-06,M031,190340.0
2025-01-06,M032,204414.0
2025-01-06,M033,218488.0
2025-01-06,M034,232562.0
2025-01-06,M035,246636.0
2025-01-06,M036,182590.0
2025-01-06,M037,196664.0
2025-01-06,M038,210738.0
2025-01-06,M039,224812.0
2025-01-06,M040,238886.0
2025-01-06,M041,252960.0
2025-01-06,M042,267034.0
2025-01-06,M043,202988.0
2025-01-06,M044,217062.0
2025-01-06,M045,231136.0
2025-01-06,M046,245210.0
2025-01-06,M047,259284.0
2025-01-06,M048,273358.0
2025-01-07,M001,80600.0
2025-01-07,M002,94674.0
2025-01-07,M003,108748.0
2025-01-07,M004,122822.0
2025-01-07,M005,136896.0
2025-01-07,M006,150970.0
2025-01-07,M007,165044.0
2025-01-07,M008,100998.0
2025-01-07,M009,115072.0
2025-01-07,M010,129146.0
2025-01-07,M011,143220.0
2025-01-07,M012,157294.0
2025-01-07,M013,171368.0
2025-01-07,M014,185442.0
2025-01-07,M015,121396.0
2025-01-07,M016,135470.0
2025-01-07,M017,149544.0
2025-01-07,M018,163618.0
2025-01-07,M019,177692.0
2025-01-07,M020,191766.0
2025-01-07,M021,205840.0
2025-01-07,M022,141794.0
2025-01-07,M023,155868.0
2025-01-07,M024,169942.0
2025-01-07,M025,184016.0
2025-01-07,M026,198090.0
2025-01-07,M027,212164.0
2025-01-07,M028,226238.0
2025-01-07,M029,162192.0
2025-01-07,M030,176266.0
2025-01-07,M031,190340.0
2025-01-07,M032,204414.0
2025-01-07,M033,218488.0
2025-01-07,M034,232562.0
2025-01-07,M035,246636.0
2025-01-07,M036,182590.0
2025-01-07,M037,196664.0
2025-01-07,M038,210738.0
2025-01-07,M039,224812.0
2025-01-07,M040,238886.0
2025-01-07,M041,252960.0
2025-01-07,M042,267034.0
2025-01-07,M043,202988.0
2025-01-07,M044,217062.0
2025-01-07,M045,231136.0
2025-01-07,M046,245210.0
2025-01-07,M047,259284.0
2025-01-07,M048,273358.0
2025-01-08,M001,80600.0
2025-01-08,M002,94674.0
2025-01-08,M003,108748.0
2025-01-08,M004,122822.0
2025-01-08,M005,136896.0
2025-01-08,M006,150970.0
2025-01-08,M007,165044.0
2025-01-08,M008,100998.0
2025-01-08,M009,115072.0
2025-01-08,M010,129146.0
2025-01-08,M011,143220.0
2025-01-08,M012,157294.0
2025-01-08,M013,171368.0
2025-01-08,M014,185442.0
2025-01-08,M015,121396.0
2025-01-08,M016,135470.0
2025-01-08,M017,149544.0
2025-01-08,M018,163618.0
2025-01-08,M019,177692.0
2025-01-08,M020,191766.0
2025-01-08,M021,205840.0
2025-01-08,M022,141794.0
2025-01-08,M023,155868.0
2025-01-08,M024,169942.0
2025-01-08,M025,184016.0
2025-01-08,M026,198090.0
2025-01-08,M027,212164.0
2025-01-08,M028,226238.0
2025-01-08,M029,162192.0
2025-01-08,M030,176266.0
2025-01-08,M031,190340.0
2025-01-08,M032,204414.0
2025-01-08,M033,218488.0
2025-01-08,M034,232562.0
2025-01-08,M035,246636.0
2025-01-08,M036,182590.0
2025-01-08,M037,196664.0
2025-01-08,M038,210738.0
2025-01-08,M039,224812.0
2025-01-08,M040,238886.0
2025-01-08,M041,252960.0
2025-01-08,M042,267034.0
2025-01-08,M043,202988.0
2025-01-08,M044,217062.0
2025-01-08,M045,231136.0
2025-01-08,M046,245210.0
2025-01-08,M047,259284.0
2025-01-08,M048,273358.0
2025-01-09,M001,80600.0
2025-01-09,M002,94674.0
2025-01-09,M003,108748.0
2025-01-09,M004,122822.0
2025-01-09,M005,136896.0
2025-01-09,M006,150970.0
2025-01-09,M007,165044.0
2025-01-09,M008,100998.0
2025-01-09,M009,115072.0
2025-01-09,M010,129146.0
2025-01-09,M011,143220.0
2025-01-09,M012,157294.0
2025-01-09,M013,171368.0
2025-01-09,M014,185442.0
2025-01-09,M015,121396.0
2025-01-09,M016,135470.0
2025-01-09,M017,149544.0
2025-01-09,M018,163618.0
2025-01-09,M019,177692.0
2025-01-09,M020,191766.0
2025-01-09,M021,205840.0
2025-01-09,M022,141794.0
2025-01-09,M023,155868.0
2025-01-09,M024,169942.0
2025-01-09,M025,184016.0
2025-01-09,M026,198090.0
2025-01-09,M027,212164.0
2025-01-09,M028,226238.0
2025-01-09,M029,162192.0
2025-01-09,M030,176266.0
2025-01-09,M031,190340.0
2025-01-09,M032,204414.0
2025-01-09,M033,218488.0
2025-01-09,M034,232562.0
2025-01-09,M035,246636.0
2025-01-09,M036,182590.0
2025-01-09,M037,196664.0
2025-01-09,M038,210738.0
2025-01-09,M039,224812.0
2025-01-09,M040,238886.0
2025-01-09,M041,252960.0
2025-01-09,M042,267034.0
2025-01-09,M043,202988.0
2025-01-09,M044,217062.0
2025-01-09,M045,231136.0
2025-01-09,M046,245210.0
2025-01-09,M047,259284.0
2025-01-09,M048,273358.0
2025-01-10,M001,80600.0
2025-01-10,M002,94674.0
2025-01-10,M003,108748.0
2025-01-10,M004,122822.0
2025-01-10,M005,136896.0
2025-01-10,M006,150970.0
2025-01-10,M007,165044.0
2025-01-10,M008,100998.0
2025-01-10,M009,115072.0
2025-01-10,M010,129146.0
2025-01-10,M011,143220.0
2025-01-10,M012,157294.0
2025-01-10,M013,171368.0
2025-01-10,M014,185442.0
2025-01-10,M015,121396.0
2025-01-10,M016,135470.0
2025-01-10,M017,149544.0
2025-01-10,M018,163618.0
2025-01-10,M019,177692.0
2025-01-10,M020,191766.0
2025-01-10,M021,205840.0
2025-01-10,M022,141794.0
2025-01-10,M023,155868.0
2025-01-10,M024,169942.0
2025-01-10,M025,184016.0
2025-01-10,M026,198090.0
2025-01-10,M027,212164.0
2025-01-10,M028,226238.0
2025-01-10,M029,162192.0
2025-01-10,M030,176266.0
2025-01-10,M031,190340.0
2025-01-10,M032,204414.0
2025-01-10,M033,218488.0
2025-01-10,M034,232562.0
2025-01-10,M035,246636.0
2025-01-10,M036,182590.0
2025-01-10,M037,196664.0
2025-01-10,M038,210738.0
2025-01-10,M039,224812.0
2025-01-10,M040,238886.0
2025-01-10,M041,252960.0
2025-01-10,M042,267034.0
2025-01-10,M043,202988.0
2025-01-10,M044,217062.0
2025-01-10,M045,231136.0
2025-01-10,M046,245210.0
2025-01-10,M047,259284.0
2025-01-10,M048,273358.0
2025-01-11,M001,80600.0
2025-01-11,M002,94674.0
2025-01-11,M003,108748.0
2025-01-11,M004,122822.0
2025-01-11,M005,136896.0
2025-01-11,M006,150970.0
2025-01-11,M007,165044.0
2025-01-11,M008,100998.0
2025-01-11,M009,115072.0
2025-01-11,M010,129146.0
2025-01-11,M011,143220.0
2025-01-11,M012,157294.0
2025-01-11,M013,171368.0
2025-01-11,M014,185442.0
2025-01-11,M015,121396.0
2025-01-11,M016,135470.0
2025-01-11,M017,149544.0
2025-01-11,M018,163618.0
2025-01-11,M019,177692.0
2025-01-11,M020,191766.0
2025-01-11,M021,205840.0
2025-01-11,M022,141794.0
2025-01-11,M023,155868.0
2025-01-11,M024,169942.0
2025-01-11,M025,184016.0
2025-01-11,M026,198090.0
2025-01-11,M027,212164.0
2025-01-11,M028,226238.0
2025-01-11,M029,162192.0
2025-01-11,M030,176266.0
2025-01-11,M031,190340.0
2025-01-11,M032,204414.0
2025-01-11,M033,218488.0
2025-01-11,M034,232562.0
2025-01-11,M035,246636.0
2025-01-11,M036,182590.0
2025-01-11,M037,196664.0
2025-01-11,M038,210738.0
2025-01-11,M039,224812.0
2025-01-11,M040,238886.0
2025-01-11,M041,252960.0
2025-01-11,M042,267034.0
2025-01-11,M043,202988.0
2025-01-11,M044,217062.0
2025-01-11,M045,231136.0
2025-01-11,M046,245210.0
2025-01-11,M047,259284.0
2025-01-11,M048,273358.0
2025-01-12,M001,80600.0
2025-01-12,M002,94674.0
2025-01-12,M003,108748.0
2025-01-12,M004,122822.0
2025-01-12,M005,136896.0
2025-01-12,M006,150970.0
2025-01-12,M007,165044.0
2025-01-12,M008,100998.0
2025-01-12,M009,115072.0
2025-01-12,M010,129146.0
2025-01-12,M011,143220.0
2025-01-12,M012,157294.0
2025-01-12,M013,171368.0
2025-01-12,M014,185442.0
2025-01-12,M015,121396.0
2025-01-12,M016,135470.0
2025-01-12,M017,149544.0
2025-01-12,M018,163618.0
2025-01-12,M019,177692.0
2025-01-12,M020,191766.0
2025-01-12,M021,205840.0
2025-01-12,M022,141794.0
2025-01-12,M023,155868.0
2025-01-12,M024,169942.0
2025-01-12,M025,184016.0
2025-01-12,M026,198090.0
2025-01-12,M027,212164.0
2025-01-12,M028,226238.0
2025-01-12,M029,162192.0
2025-01-12,M030,176266.0
2025-01-12,M031,190340.0
2025-01-12,M032,204414.0
2025-01-12,M033,218488.0
2025-01-12,M034,232562.0
2025-01-12,M035,246636.0
2025-01-12,M036,182590.0
2025-01-12,M037,196664.0
2025-01-12,M038,210738.0
2025-01-12,M039,224812.0
2025-01-12,M040,238886.0
2025-01-12,M041,252960.0
2025-01-12,M042,267034.0
2025-01-12,M043,202988.0
2025-01-12,M044,217062.0
2025-01-12,M045,231136.0
2025-01-12,M046,245210.0
2025-01-12,M047,259284.0
2025-01-12,M048,273358.0
2025-01-13,M001,80600.0
2025-01-13,M002,94674.0
2025-01-13,M003,108748.0
2025-01-13,M004,122822.0
2025-01-13,M005,136896.0
2025-01-13,M006,150970.0
2025-01-13,M007,165044.0
2025-01-13,M008,100998.0
2025-01-13,M009,115072.0
2025-01-13,M010,129146.0
2025-01-13,M011,143220.0
2025-01-13,M012,157294.0
2025-01-13,M013,171368.0
2025-01-13,M014,185442.0
2025-01-13,M015,121396.0
2025-01-13,M016,135470.0
2025-01-13,M017,149544.0
2025-01-13,M018,163618.0
2025-01-13,M019,177692.0
2025-01-13,M020,191766.0
2025-01-13,M021,205840.0
2025-01-13,M022,141794.0
2025-01-13,M023,155868.0
2025-01-13,M024,169942.0
2025-01-13,M025,184016.0
2025-01-13,M026,198090.0
2025-01-13,M027,212164.0
2025-01-13,M028,226238.0
2025-01-13,M029,162192.0
2025-01-13,M030,176266.0
2025-01-13,M031,190340.0
2025-01-13,M032,204414.0
2025-01-13,M033,218488.0
2025-01-13,M034,232562.0
2025-01-13,M035,246636.0
2025-01-13,M036,182590.0
2025-01-13,M037,196664.0
2025-01-13,M038,210738.0
2025-01-13,M039,224812.0
2025-01-13,M040,238886.0
2025-01-13,M041,252960.0
2025-01-13,M042,267034.0
2025-01-13,M043,202988.0
2025-01-13,M044,217062.0
2025-01-13,M045,231136.0
2025-01-13,M046,245210.0
2025-01-13,M047,259284.0
2025-01-13,M048,273358.0
2025-01-14,M001,80600.0
2025-01-14,M002,94674.0
2025-01-14,M003,108748.0
2025-01-14,M004,122822.0
2025-01-14,M005,136896.0
2025-01-14,M006,150970.0
2025-01-14,M007,165044.0
2025-01-14,M008,100998.0
2025-01-14,M009,115072.0
2025-01-14,M010,129146.0
2025-01-14,M011,143220.0
2025-01-14,M012,157294.0
2025-01-14,M013,171368.0
2025-01-14,M014,185442.0
2025-01-14,M015,121396.0
2025-01-14,M016,135470.0
2025-01-14,M017,149544.0
2025-01-14,M018,163618.0
2025-01-14,M019,177692.0
2025-01-14,M020,191766.0
2025-01-14,M021,205840.0
2025-01-14,M022,141794.0
2025-01-14,M023,155868.0
2025-01-14,M024,169942.0
2025-01-14,M025,184016.0
2025-01-14,M026,198090.0
2025-01-14,M027,212164.0
2025-01-14,M028,226238.0
2025-01-14,M029,162192.0
2025-01-14,M030,176266.0
2025-01-14,M031,190340.0
2025-01-14,M032,204414.0
2025-01-14,M033,218488.0
2025-01-14,M034,232562.0
2025-01-14,M035,246636.0
2025-01-14,M036,182590.0
2025-01-14,M037,196664.0
2025-01-14,M038,210738.0
2025-01-14,M039,224812.0
2025-01-14,M040,238886.0
2025-01-14,M041,252960.0
2025-01-14,M042,267034.0
2025-01-14,M043,202988.0
2025-01-14,M044,217062.0
2025-01-14,M045,231136.0
2025-01-14,M046,245210.0
2025-01-14,M047,259284.0
2025-01-14,M048,273358.0
2025-01-15,M001,80600.0
2025-01-15,M002,94674.0
2025-01-15,M003,108748.0
2025-01-15,M004,122822.0
2025-01-15,M005,136896.0
2025-01-15,M006,150970.0
2025-01-15,M007,165044.0
2025-01-15,M008,100998.0
2025-01-15,M009,115072.0
2025-01-15,M010,129146.0
2025-01-15,M011,143220.0
2025-01-15,M012,157294.0
2025-01-15,M013,171368.0
2025-01-15,M014,185442.0
2025-01-15,M015,121396.0
2025-01-15,M016,135470.0
2025-01-15,M017,149544.0
2025-01-15,M018,163618.0
2025-01-15,M019,177692.0
2025-01-15,M020,191766.0
2025-01-15,M021,205840.0
2025-01-15,M022,141794.0
2025-01-15,M023,155868.0
2025-01-15,M024,169942.0
2025-01-15,M025,184016.0
2025-01-15,M026,198090.0
2025-01-15,M027,212164.0
2025-01-15,M028,226238.0
2025-01-15,M029,162192.0
2025-01-15,M030,176266.0
2025-01-15,M031,190340.0
2025-01-15,M032,204414.0
2025-01-15,M033,218488.0
2025-01-15,M034,232562.0
2025-01-15,M035,246636.0
2025-01-15,M036,182590.0
2025-01-15,M037,196664.0
2025-01-15,M038,210738.0
2025-01-15,M039,224812.0
2025-01-15,M040,238886.0
2025-01-15,M041,252960.0
2025-01-15,M042,267034.0
2025-01-15,M043,202988.0
2025-01-15,M044,217062.0
2025-01-15,M045,231136.0
2025-01-15,M046,245210.0
2025-01-15,M047,259284.0
2025-01-15,M048,273358.0
2025-01-16,M001,80600.0
2025-01-16,M002,94674.0
2025-01-16,M003,108748.0
2025-01-16,M004,122822.0
2025-01-16,M005,136896.0
2025-01-16,M006,150970.0
2025-01-16,M007,165044.0
2025-01-16,M008,100998.0
2025-01-16,M009,115072.0
2025-01-16,M010,129146.0
2025-01-16,M011,143220.0
2025-01-16,M012,157294.0
2025-01-16,M013,171368.0
2025-01-16,M014,185442.0
2025-01-16,M015,121396.0
2025-01-16,M016,135470.0
2025-01-16,M017,149544.0
2025-01-16,M018,163618.0
2025-01-16,M019,177692.0
2025-01-16,M020,191766.0
2025-01-16,M021,205840.0
2025-01-16,M022,141794.0
2025-01-16,M023,155868.0
2025-01-16,M024,169942.0
2025-01-16,M025,184016.0
2025-01-16,M026,198090.0
2025-01-16,M027,212164.0
2025-01-16,M028,226238.0
2025-01-16,M029,162192.0
2025-01-16,M030,176266.0
2025-01-16,M031,190340.0
2025-01-16,M032,204414.0
2025-01-16,M033,218488.0
2025-01-16,M034,232562.0
2025-01-16,M035,246636.0
2025-01-16,M036,182590.0
2025-01-16,M037,196664.0
2025-01-16,M038,210738.0
2025-01-16,M039,224812.0
2025-01-16,M040,238886.0
2025-01-16,M041,252960.0
2025-01-16,M042,267034.0
2025-01-16,M043,202988.0
2025-01-16,M044,217062.0
2025-01-16,M045,231136.0
2025-01-16,M046,245210.0
2025-01-16,M047,259284.0
2025-01-16,M048,273358.0
2025-01-17,M001,80600.0
2025-01-17,M002,94674.0
2025-01-17,M003,108748.0
2025-01-17,M004,122822.0
2025-01-17,M005,136896.0
2025-01-17,M006,150970.0
2025-01-17,M007,165044.0
2025-01-17,M008,100998.0
2025-01-17,M009,115072.0
2025-01-17,M010,129146.0
2025-01-17,M011,143220.0
2025-01-17,M012,157294.0
2025-01-17,M013,171368.0
2025-01-17,M014,185442.0
2025-01-17,M015,121396.0
2025-01-17,M016,135470.0
2025-01-17,M017,149544.0
2025-01-17,M018,163618.0
2025-01-17,M019,177692.0
2025-01-17,M020,191766.0
2025-01-17,M021,205840.0
2025-01-17,M022,141794.0
2025-01-17,M023,155868.0
2025-01-17,M024,169942.0
2025-01-17,M025,184016.0
2025-01-17,M026,198090.0
2025-01-17,M027,212164.0
2025-01-17,M028,226238.0
2025-01-17,M029,162192.0
2025-01-17,M030,176266.0
2025-01-17,M031,190340.0
2025-01-17,M032,204414.0
2025-01-17,M033,218488.0
2025-01-17,M034,232562.0
2025-01-17,M035,246636.0
2025-01-17,M036,182590.0
2025-01-17,M037,196664.0
2025-01-17,M038,210738.0
2025-01-17,M039,224812.0
2025-01-17,M040,238886.0
2025-01-17,M041,252960.0
2025-01-17,M042,267034.0
2025-01-17,M043,202988.0
2025-01-17,M044,217062.0
2025-01-17,M045,231136.0
2025-01-17,M046,245210.0
2025-01-17,M047,259284.0
2025-01-17,M048,273358.0
2025-01-18,M001,80600.0
2025-01-18,M002,94674.0
2025-01-18,M003,108748.0
2025-01-18,M004,122822.0
2025-01-18,M005,136896.0
2025-01-18,M006,150970.0
2025-01-18,M007,165044.0
2025-01-18,M008,100998.0
2025-01-18,M009,115072.0
2025-01-18,M010,129146.0
2025-01-18,M011,143220.0
2025-01-18,M012,157294.0
2025-01-18,M013,171368.0
2025-01-18,M014,185442.0
2025-01-18,M015,121396.0
2025-01-18,M016,135470.0
2025-01-18,M017,149544.0
2025-01-18,M018,163618.0
2025-01-18,M019,177692.0
2025-01-18,M020,191766.0
2025-01-18,M021,205840.0
2025-01-18,M022,141794.0
2025-01-18,M023,155868.0
2025-01-18,M024,169942.0
2025-01-18,M025,184016.0
2025-01-18,M026,198090.0
2025-01-18,M027,212164.0
2025-01-18,M028,226238.0
2025-01-18,M029,162192.0
2025-01-18,M030,176266.0
2025-01-18,M031,190340.0
2025-01-18,M032,204414.0
2025-01-18,M033,218488.0
2025-01-18,M034,232562.0
2025-01-18,M035,246636.0
2025-01-18,M036,182590.0
2025-01-18,M037,196664.0
2025-01-18,M038,210738.0
2025-01-18,M039,224812.0
2025-01-18,M040,238886.0
2025-01-18,M041,252960.0
2025-01-18,M042,267034.0
2025-01-18,M043,202988.0
2025-01-18,M044,217062.0
2025-01-18,M045,231136.0
2025-01-18,M046,245210.0
2025-01-18,M047,259284.0
2025-01-18,M048,273358.0
2025-01-19,M001,80600.0
2025-01-19,M002,94674.0
2025-01-19,M003,108748.0
2025-01-19,M004,122822.0
2025-01-19,M005,136896.0
2025-01-19,M006,150970.0
2025-01-19,M007,165044.0
2025-01-19,M008,100998.0
2025-01-19,M009,115072.0
2025-01-19,M010,129146.0
2025-01-19,M011,143220.0
2025-01-19,M012,157294.0
2025-01-19,M013,171368.0
2025-01-19,M014,185442.0
2025-01-19,M015,121396.0
2025-01-19,M016,135470.0
2025-01-19,M017,149544.0
2025-01-19,M018,163618.0
2025-01-19,M019,177692.0
2025-01-19,M020,191766.0
2025-01-19,M021,205840.0
2025-01-19,M022,141794.0
2025-01-19,M023,155868.0
2025-01-19,M024,169942.0
2025-01-19,M025,184016.0
2025-01-19,M026,198090.0
2025-01-19,M027,212164.0
2025-01-19,M028,226238.0
2025-01-19,M029,162192.0
2025-01-19,M030,176266.0
2025-01-19,M031,190340.0
2025-01-19,M032,204414.0
2025-01-19,M033,218488.0
2025-01-19,M034,232562.0
2025-01-19,M035,246636.0
2025-01-19,M036,182590.0
2025-01-19,M037,196664.0
2025-01-19,M038,210738.0
2025-01-19,M039,224812.0
2025-01-19,M040,238886.0
2025-01-19,M041,252960.0
2025-01-19,M042,267034.0
2025-01-19,M043,202988.0
2025-01-19,M044,217062.0
2025-01-19,M045,231136.0
2025-01-19,M046,245210.0
2025-01-19,M047,259284.0
2025-01-19,M048,273358.0
2025-01-20,M001,80600.0
2025-01-20,M002,94674.0
2025-01-20,M003,108748.0
2025-01-20,M004,122822.0
2025-01-20,M005,136896.0
2025-01-20,M006,150970.0
2025-01-20,M007,165044.0
2025-01-20,M008,100998.0
2025-01-20,M009,115072.0
2025-01-20,M010,129146.0
2025-01-20,M011,143220.0
2025-01-20,M012,157294.0
2025-01-20,M013,171368.0
2025-01-20,M014,185442.0
2025-01-20,M015,121396.0
2025-01-20,M016,135470.0
2025-01-20,M017,149544.0
2025-01-20,M018,163618.0
2025-01-20,M019,177692.0
2025-01-20,M020,191766.0
2025-01-20,M021,205840.0
2025-01-20,M022,141794.0
2025-01-20,M023,155868.0
2025-01-20,M024,169942.0
2025-01-20,M025,184016.0
2025-01-20,M026,198090.0
2025-01-20,M027,212164.0
2025-01-20,M028,226238.0
2025-01-20,M029,162192.0
2025-01-20,M030,176266.0
2025-01-20,M031,190340.0
2025-01-20,M032,204414.0
2025-01-20,M033,218488.0
2025-01-20,M034,232562.0
2025-01-20,M035,246636.0
2025-01-20,M036,182590.0
2025-01-20,M037,196664.0
2025-01-20,M038,210738.0
2025-01-20,M039,224812.0
2025-01-20,M040,238886.0
2025-01-20,M041,252960.0
2025-01-20,M042,267034.0
2025-01-20,M043,202988.0
2025-01-20,M044,217062.0
2025-01-20,M045,231136.0
2025-01-20,M046,245210.0
2025-01-20,M047,259284.0
2025-01-20,M048,273358.0
2025-01-21,M001,80600.0
2025-01-21,M002,94674.0
2025-01-21,M003,108748.0
2025-01-21,M004,122822.0
2025-01-21,M005,136896.0
2025-01-21,M006,150970.0
2025-01-21,M007,165044.0
2025-01-21,M008,100998.0
2025-01-21,M009,115072.0
2025-01-21,M010,129146.0
2025-01-21,M011,143220.0
2025-01-21,M012,157294.0
2025-01-21,M013,171368.0
2025-01-21,M014,185442.0
2025-01-21,M015,121396.0
2025-01-21,M016,135470.0
2025-01-21,M017,149544.0
2025-01-21,M018,163618.0
2025-01-21,M019,177692.0
2025-01-21,M020,191766.0
2025-01-21,M021,205840.0
2025-01-21,M022,141794.0
2025-01-21,M023,155868.0
2025-01-21,M024,169942.0
2025-01-21,M025,184016.0
2025-01-21,M026,198090.0
2025-01-21,M027,212164.0
2025-01-21,M028,226238.0
2025-01-21,M029,162192.0
2025-01-21,M030,176266.0
2025-01-21,M031,190340.0
2025-01-21,M032,204414.0
2025-01-21,M033,218488.0
2025-01-21,M034,232562.0
2025-01-21,M035,246636.0
2025-01-21,M036,182590.0
2025-01-21,M037,196664.0
2025-01-21,M038,210738.0
2025-01-21,M039,224812.0
2025-01-21,M040,238886.0
2025-01-21,M041,252960.0
2025-01-21,M042,267034.0
2025-01-21,M043,202988.0
2025-01-21,M044,217062.0
2025-01-21,M045,231136.0
2025-01-21,M046,245210.0
2025-01-21,M047,259284.0
2025-01-21,M048,273358.0
2025-01-22,M001,80600.0
2025-01-22,M002,94674.0
2025-01-22,M003,108748.0
2025-01-22,M004,122822.0
2025-01-22,M005,136896.0
2025-01-22,M006,150970.0
2025-01-22,M007,165044.0
2025-01-22,M008,100998.0
2025-01-22,M009,115072.0
2025-01-22,M010,129146.0
2025-01-22,M011,143220.0
2025-01-22,M012,157294.0
2025-01-22,M013,171368.0
2025-01-22,M014,185442.0
2025-01-22,M015,121396.0
2025-01-22,M016,135470.0
2025-01-22,M017,149544.0
2025-01-22,M018,163618.0
2025-01-22,M019,177692.0
2025-01-22,M020,191766.0
2025-01-22,M021,205840.0
2025-01-22,M022,141794.0
2025-01-22,M023,155868.0
2025-01-22,M024,169942.0
2025-01-22,M025,184016.0
2025-01-22,M026,198090.0
2025-01-22,M027,212164.0
2025-01-22,M028,226238.0
2025-01-22,M029,162192.0
2025-01-22,M030,176266.0
2025-01-22,M031,190340.0
2025-01-22,M032,204414.0
2025-01-22,M033,218488.0
2025-01-22,M034,232562.0
2025-01-22,M035,246636.0
2025-01-22,M036,182590.0
2025-01-22,M037,196664.0
2025-01-22,M038,210738.0
2025-01-22,M039,224812.0
2025-01-22,M040,238886.0
2025-01-22,M041,252960.0
2025-01-22,M042,267034.0
2025-01-22,M043,202988.0
2025-01-22,M044,217062.0
2025-01-22,M045,231136.0
2025-01-22,M046,245210.0
2025-01-22,M047,259284.0
2025-01-22,M048,273358.0
2025-01-23,M001,80600.0
2025-01-23,M002,94674.0
2025-01-23,M003,108748.0
2025-01-23,M004,122822.0
2025-01-23,M005,136896.0
2025-01-23,M006,150970.0
2025-01-23,M007,165044.0
2025-01-23,M008,100998.0
2025-01-23,M009,115072.0
2025-01-23,M010,129146.0
2025-01-23,M011,143220.0
2025-01-23,M012,157294.0
2025-01-23,M013,171368.0
2025-01-23,M014,185442.0
2025-01-23,M015,121396.0
2025-01-23,M016,135470.0
2025-01-23,M017,149544.0
2025-01-23,M018,163618.0
2025-01-23,M019,177692.0
2025-01-23,M020,191766.0
2025-01-23,M021,205840.0
2025-01-23,M022,141794.0
2025-01-23,M023,155868.0
2025-01-23,M024,169942.0
2025-01-23,M025,184016.0
2025-01-23,M026,198090.0
2025-01-23,M027,212164.0
2025-01-23,M028,226238.0
2025-01-23,M029,162192.0
2025-01-23,M030,176266.0
2025-01-23,M031,190340.0
2025-01-23,M032,204414.0
2025-01-23,M033,218488.0
2025-01-23,M034,232562.0
2025-01-23,M035,246636.0
2025-01-23,M036,182590.0
2025-01-23,M037,196664.0
2025-01-23,M038,210738.0
2025-01-23,M039,224812.0
2025-01-23,M040,238886.0
2025-01-23,M041,252960.0
2025-01-23,M042,267034.0
2025-01-23,M043,202988.0
2025-01-23,M044,217062.0
2025-01-23,M045,231136.0
2025-01-23,M046,245210.0
2025-01-23,M047,259284.0
2025-01-23,M048,273358.0
2025-01-24,M001,80600.0
2025-01-24,M002,94674.0
2025-01-24,M003,108748.0
2025-01-24,M004,122822.0
2025-01-24,M005,136896.0
2025-01-24,M006,150970.0
2025-01-24,M007,165044.0
2025-01-24,M008,100998.0
2025-01-24,M009,115072.0
2025-01-24,M010,129146.0
2025-01-24,M011,143220.0
2025-01-24,M012,157294.0
2025-01-24,M013,171368.0
2025-01-24,M014,185442.0
2025-01-24,M015,121396.0
2025-01-24,M016,135470.0
2025-01-24,M017,149544.0
2025-01-24,M018,163618.0
2025-01-24,M019,177692.0
2025-01-24,M020,191766.0
2025-01-24,M021,205840.0
2025-01-24,M022,141794.0
2025-01-24,M023,155868.0
2025-01-24,M024,169942.0
2025-01-24,M025,184016.0
2025-01-24,M026,198090.0
2025-01-24,M027,212164.0
2025-01-24,M028,226238.0
2025-01-24,M029,162192.0
2025-01-24,M030,176266.0
2025-01-24,M031,190340.0
2025-01-24,M032,204414.0
2025-01-24,M033,218488.0
2025-01-24,M034,232562.0
2025-01-24,M035,246636.0
2025-01-24,M036,182590.0
2025-01-24,M037,196664.0
2025-01-24,M038,210738.0
2025-01-24,M039,224812.0
2025-01-24,M040,238886.0
2025-01-24,M041,252960.0
2025-01-24,M042,267034.0
2025-01-24,M043,202988.0
2025-01-24,M044,217062.0
2025-01-24,M045,231136.0
2025-01-24,M046,245210.0
2025-01-24,M047,259284.0
2025-01-24,M048,273358.0
2025-01-25,M001,80600.0
2025-01-25,M002,94674.0
2025-01-25,M003,108748.0
2025-01-25,M004,122822.0
2025-01-25,M005,136896.0
2025-01-25,M006,150970.0
2025-01-25,M007,165044.0
2025-01-25,M008,100998.0
2025-01-25,M009,115072.0
2025-01-25,M010,129146.0
2025-01-25,M011,143220.0
2025-01-25,M012,157294.0
2025-01-25,M013,171368.0
2025-01-25,M014,185442.0
2025-01-25,M015,121396.0
2025-01-25,M016,135470.0
2025-01-25,M017,149544.0
2025-01-25,M018,163618.0
2025-01-25,M019,177692.0
2025-01-25,M020,191766.0
2025-01-25,M021,205840.0
2025-01-25,M022,141794.0
2025-01-25,M023,155868.0
2025-01-25,M024,169942.0
2025-01-25,M025,184016.0
2025-01-25,M026,198090.0
2025-01-25,M027,212164.0
2025-01-25,M028,226238.0
2025-01-25,M029,162192.0
2025-01-25,M030,176266.0
2025-01-25,M031,190340.0
2025-01-25,M032,204414.0
2025-01-25,M033,218488.0
2025-01-25,M034,232562.0
2025-01-25,M035,246636.0
2025-01-25,M036,182590.0
2025-01-25,M037,196664.0
2025-01-25,M038,210738.0
2025-01-25,M039,224812.0
2025-01-25,M040,238886.0
2025-01-25,M041,252960.0
2025-01-25,M042,267034.0
2025-01-25,M043,202988.0
2025-01-25,M044,217062.0
2025-01-25,M045,231136.0
2025-01-25,M046,245210.0
2025-01-25,M047,259284.0
2025-01-25,M048,273358.0
2025-01-26,M001,80600.0
2025-01-26,M002,94674.0
2025-01-26,M003,108748.0
2025-01-26,M004,122822.0
2025-01-26,M005,136896.0
2025-01-26,M006,150970.0
2025-01-26,M007,165044.0
2025-01-26,M008,100998.0
2025-01-26,M009,115072.0
2025-01-26,M010,129146.0
2025-01-26,M011,143220.0
2025-01-26,M012,157294.0
2025-01-26,M013,171368.0
2025-01-26,M014,185442.0
2025-01-26,M015,121396.0
2025-01-26,M016,135470.0
2025-01-26,M017,149544.0
2025-01-26,M018,163618.0
2025-01-26,M019,177692.0
2025-01-26,M020,191766.0
2025-01-26,M021,205840.0
2025-01-26,M022,141794.0
2025-01-26,M023,155868.0
2025-01-26,M024,169942.0
2025-01-26,M025,184016.0
2025-01-26,M026,198090.0
2025-01-26,M027,212164.0
2025-01-26,M028,226238.0
2025-01-26,M029,162192.0
2025-01-26,M030,176266.0
2025-01-26,M031,190340.0
2025-01-26,M032,204414.0
2025-01-26,M033,218488.0
2025-01-26,M034,232562.0
2025-01-26,M035,246636.0
2025-01-26,M036,182590.0
2025-01-26,M037,196664.0
2025-01-26,M038,210738.0
2025-01-26,M039,224812.0
2025-01-26,M040,238886.0
2025-01-26,M041,252960.0
2025-01-26,M042,267034.0
2025-01-26,M043,202988.0
2025-01-26,M044,217062.0
2025-01-26,M045,231136.0
2025-01-26,M046,245210.0
2025-01-26,M047,259284.0
2025-01-26,M048,273358.0
2025-01-27,M001,80600.0
2025-01-27,M002,94674.0
2025-01-27,M003,108748.0
2025-01-27,M004,122822.0
2025-01-27,M005,136896.0
2025-01-27,M006,150970.0
2025-01-27,M007,165044.0
2025-01-27,M008,100998.0
2025-01-27,M009,115072.0
2025-01-27,M010,129146.0
2025-01-27,M011,143220.0
2025-01-27,M012,157294.0
2025-01-27,M013,171368.0
2025-01-27,M014,185442.0
2025-01-27,M015,121396.0
2025-01-27,M016,135470.0
2025-01-27,M017,149544.0
2025-01-27,M018,163618.0
2025-01-27,M019,177692.0
2025-01-27,M020,191766.0
2025-01-27,M021,205840.0
2025-01-27,M022,141794.0
2025-01-27,M023,155868.0
2025-01-27,M024,169942.0
2025-01-27,M025,184016.0
2025-01-27,M026,198090.0
2025-01-27,M027,212164.0
2025-01-27,M028,226238.0
2025-01-27,M029,162192.0
2025-01-27,M030,176266.0
2025-01-27,M031,190340.0
2025-01-27,M032,204414.0
2025-01-27,M033,218488.0
2025-01-27,M034,232562.0
2025-01-27,M035,246636.0
2025-01-27,M036,182590.0
2025-01-27,M037,196664.0
2025-01-27,M038,210738.0
2025-01-27,M039,224812.0
2025-01-27,M040,238886.0
2025-01-27,M041,252960.0
2025-01-27,M042,267034.0
2025-01-27,M043,202988.0
2025-01-27,M044,217062.0
2025-01-27,M045,231136.0
2025-01-27,M046,245210.0
2025-01-27,M047,259284.0
2025-01-27,M048,273358.0
2025-01-28,M001,80600.0
2025-01-28,M002,94674.0
2025-01-28,M003,108748.0
2025-01-28,M004,122822.0
2025-01-28,M005,136896.0
2025-01-28,M006,150970.0
2025-01-28,M007,165044.0
2025-01-28,M008,100998.0
2025-01-28,M009,115072.0
2025-01-28,M010,129146.0
2025-01-28,M011,143220.0
2025-01-28,M012,157294.0
2025-01-28,M013,171368.0
2025-01-28,M014,185442.0
2025-01-28,M015,121396.0
2025-01-28,M016,135470.0
2025-01-28,M017,149544.0
2025-01-28,M018,163618.0
2025-01-28,M019,177692.0
2025-01-28,M020,191766.0
2025-01-28,M021,205840.0
2025-01-28,M022,141794.0
2025-01-28,M023,155868.0
2025-01-28,M024,169942.0
2025-01-28,M025,184016.0
2025-01-28,M026,198090.0
2025-01-28,M027,212164.0
2025-01-28,M028,226238.0
2025-01-28,M029,162192.0
2025-01-28,M030,176266.0
2025-01-28,M031,190340.0
2025-01-28,M032,204414.0
2025-01-28,M033,218488.0
2025-01-28,M034,232562.0
2025-01-28,M035,246636.0
2025-01-28,M036,182590.0
2025-01-28,M037,196664.0
2025-01-28,M038,210738.0
2025-01-28,M039,224812.0
2025-01-28,M040,238886.0
2025-01-28,M041,252960.0
2025-01-28,M042,267034.0
2025-01-28,M043,202988.0
2025-01-28,M044,217062.0
2025-01-28,M045,231136.0
2025-01-28,M046,245210.0
2025-01-28,M047,259284.0
2025-01-28,M048,273358.0
2025-01-29,M001,80600.0
2025-01-29,M002,94674.0
2025-01-29,M003,108748.0
2025-01-29,M004,122822.0
2025-01-29,M005,136896.0
2025-01-29,M006,150970.0
2025-01-29,M007,165044.0
2025-01-29,M008,100998.0
2025-01-29,M009,115072.0
2025-01-29,M010,129146.0
2025-01-29,M011,143220.0
2025-01-29,M012,157294.0
2025-01-29,M013,171368.0
2025-01-29,M014,185442.0
2025-01-29,M015,121396.0
2025-01-29,M016,135470.0
2025-01-29,M017,149544.0
2025-01-29,M018,163618.0
2025-01-29,M019,177692.0
2025-01-29,M020,191766.0
2025-01-29,M021,205840.0
2025-01-29,M022,141794.0
2025-01-29,M023,155868.0
2025-01-29,M024,169942.0
2025-01-29,M025,184016.0
2025-01-29,M026,198090.0
2025-01-29,M027,212164.0
2025-01-29,M028,226238.0
2025-01-29,M029,162192.0
2025-01-29,M030,176266.0
2025-01-29,M031,190340.0
2025-01-29,M032,204414.0
2025-01-29,M033,218488.0
2025-01-29,M034,232562.0
2025-01-29,M035,246636.0
2025-01-29,M036,182590.0
2025-01-29,M037,196664.0
2025-01-29,M038,210738.0
2025-01-29,M039,224812.0
2025-01-29,M040,238886.0
2025-01-29,M041,252960.0
2025-01-29,M042,267034.0
2025-01-29,M043,202988.0
2025-01-29,M044,217062.0
2025-01-29,M045,231136.0
2025-01-29,M046,245210.0
2025-01-29,M047,259284.0
2025-01-29,M048,273358.0
2025-01-30,M001,80600.0
2025-01-30,M002,94674.0
2025-01-30,M003,108748.0
2025-01-30,M004,122822.0
2025-01-30,M005,136896.0
2025-01-30,M006,150970.0
2025-01-30,M007,165044.0
2025-01-30,M008,100998.0
2025-01-30,M009,115072.0
2025-01-30,M010,129146.0
2025-01-30,M011,143220.0
2025-01-30,M012,157294.0
2025-01-30,M013,171368.0
2025-01-30,M014,185442.0
2025-01-30,M015,121396.0
2025-01-30,M016,135470.0
2025-01-30,M017,149544.0
2025-01-30,M018,163618.0
2025-01-30,M019,177692.0
2025-01-30,M020,191766.0
2025-01-30,M021,205840.0
2025-01-30,M022,141794.0
2025-01-30,M023,155868.0
2025-01-30,M024,169942.0
2025-01-30,M025,184016.0
2025-01-30,M026,198090.0
2025-01-30,M027,212164.0
2025-01-30,M028,226238.0
2025-01-30,M029,162192.0
2025-01-30,M030,176266.0
2025-01-30,M031,190340.0
2025-01-30,M032,204414.0
2025-01-30,M033,218488.0
2025-01-30,M034,232562.0
2025-01-30,M035,246636.0
2025-01-30,M036,182590.0
2025-01-30,M037,196664.0
2025-01-30,M038,210738.0
2025-01-30,M039,224812.0
2025-01-30,M040,238886.0
2025-01-30,M041,252960.0
2025-01-30,M042,267034.0
2025-01-30,M043,202988.0
2025-01-30,M044,217062.0
2025-01-30,M045,231136.0
2025-01-30,M046,245210.0
2025-01-30,M047,259284.0
2025-01-30,M048,273358.0
2025-01-31,M001,80600.0
2025-01-31,M002,94674.0
2025-01-31,M003,108748.0
2025-01-31,M004,122822.0
2025-01-31,M005,136896.0
2025-01-31,M006,150970.0
2025-01-31,M007,165044.0
2025-01-31,M008,100998.0
2025-01-31,M009,115072.0
2025-01-31,M010,129146.0
2025-01-31,M011,143220.0
2025-01-31,M012,157294.0
2025-01-31,M013,171368.0
2025-01-31,M014,185442.0
2025-01-31,M015,121396.0
2025-01-31,M016,135470.0
2025-01-31,M017,149544.0
2025-01-31,M018,163618.0
2025-01-31,M019,177692.0
2025-01-31,M020,191766.0
2025-01-31,M021,205840.0
2025-01-31,M022,141794.0
2025-01-31,M023,155868.0
2025-01-31,M024,169942.0
2025-01-31,M025,184016.0
2025-01-31,M026,198090.0
2025-01-31,M027,212164.0
2025-01-31,M028,226238.0
2025-01-31,M029,162192.0
2025-01-31,M030,176266.0
2025-01-31,M031,190340.0
2025-01-31,M032,204414.0
2025-01-31,M033,218488.0
2025-01-31,M034,232562.0
2025-01-31,M035,246636.0
2025-01-31,M036,182590.0
2025-01-31,M037,196664.0
2025-01-31,M038,210738.0
2025-01-31,M039,224812.0
2025-01-31,M040,238886.0
2025-01-31,M041,252960.0
2025-01-31,M042,267034.0
2025-01-31,M043,202988.0
2025-01-31,M044,217062.0
2025-01-31,M045,231136.0
2025-01-31,M046,245210.0
2025-01-31,M047,259284.0
2025-01-31,M048,273358.0
2025-02-01,M001,80600.0
2025-02-01,M002,94674.0
2025-02-01,M003,108748.0
2025-02-01,M004,122822.0
2025-02-01,M005,136896.0
2025-02-01,M006,150970.0
2025-02-01,M007,165044.0
2025-02-01,M008,100998.0
2025-02-01,M009,115072.0
2025-02-01,M010,129146.0
2025-02-01,M011,143220.0
2025-02-01,M012,157294.0
2025-02-01,M013,171368.0
2025-02-01,M014,185442.0
2025-02-01,M015,121396.0
2025-02-01,M016,135470.0
2025-02-01,M017,149544.0
2025-02-01,M018,163618.0
2025-02-01,M019,177692.0
2025-02-01,M020,191766.0
2025-02-01,M021,205840.0
2025-02-01,M022,141794.0
2025-02-01,M023,155868.0
2025-02-01,M024,169942.0
2025-02-01,M025,184016.0
2025-02-01,M026,198090.0
2025-02-01,M027,212164.0
2025-02-01,M028,226238.0
2025-02-01,M029,162192.0
2025-02-01,M030,176266.0
2025-02-01,M031,190340.0
2025-02-01,M032,204414.0
2025-02-01,M033,218488.0
2025-02-01,M034,232562.0
2025-02-01,M035,246636.0
2025-02-01,M036,182590.0
2025-02-01,M037,196664.0
2025-02-01,M038,210738.0
2025-02-01,M039,224812.0
2025-02-01,M040,238886.0
2025-02-01,M041,252960.0
2025-02-01,M042,267034.0
2025-02-01,M043,202988.0
2025-02-01,M044,217062.0
2025-02-01,M045,231136.0
2025-02-01,M046,245210.0
2025-02-01,M047,259284.0
2025-02-01,M048,273358.0
2025-02-02,M001,80600.0
2025-02-02,M002,94674.0
2025-02-02,M003,108748.0
2025-02-02,M004,122822.0
2025-02-02,M005,136896.0
2025-02-02,M006,150970.0
2025-02-02,M007,165044.0
2025-02-02,M008,100998.0
2025-02-02,M009,115072.0
2025-02-02,M010,129146.0
2025-02-02,M011,143220.0
2025-02-02,M012,157294.0
2025-02-02,M013,171368.0
2025-02-02,M014,185442.0
2025-02-02,M015,121396.0
2025-02-02,M016,135470.0
2025-02-02,M017,149544.0
2025-02-02,M018,163618.0
2025-02-02,M019,177692.0
2025-02-02,M020,191766.0
2025-02-02,M021,205840.0
2025-02-02,M022,141794.0
2025-02-02,M023,155868.0
2025-02-02,M024,169942.0
2025-02-02,M025,184016.0
2025-02-02,M026,198090.0
2025-02-02,M027,212164.0
2025-02-02,M028,226238.0
2025-02-02,M029,162192.0
2025-02-02,M030,176266.0
2025-02-02,M031,190340.0
2025-02-02,M032,204414.0
2025-02-02,M033,218488.0
2025-02-02,M034,232562.0
2025-02-02,M035,246636.0
2025-02-02,M036,182590.0
2025-02-02,M037,196664.0
2025-02-02,M038,210738.0
2025-02-02,M039,224812.0
2025-02-02,M040,238886.0
2025-02-02,M041,252960.0
2025-02-02,M042,267034.0
2025-02-02,M043,202988.0
2025-02-02,M044,217062.0
2025-02-02,M045,231136.0
2025-02-02,M046,245210.0
2025-02-02,M047,259284.0
2025-02-02,M048,273358.0
2025-02-03,M001,80600.0
2025-02-03,M002,94674.0
2025-02-03,M003,108748.0
2025-02-03,M004,122822.0
2025-02-03,M005,136896.0
2025-02-03,M006,150970.0
2025-02-03,M007,165044.0
2025-02-03,M008,100998.0
2025-02-03,M009,115072.0
2025-02-03,M010,129146.0
2025-02-03,M011,143220.0
2025-02-03,M012,157294.0
2025-02-03,M013,171368.0
2025-02-03,M014,185442.0
2025-02-03,M015,121396.0
2025-02-03,M016,135470.0
2025-02-03,M017,149544.0
2025-02-03,M018,163618.0
2025-02-03,M019,177692.0
2025-02-03,M020,191766.0
2025-02-03,M021,205840.0
2025-02-03,M022,141794.0
2025-02-03,M023,155868.0
2025-02-03,M024,169942.0
2025-02-03,M025,184016.0
2025-02-03,M026,198090.0
2025-02-03,M027,212164.0
2025-02-03,M028,226238.0
2025-02-03,M029,162192.0
2025-02-03,M030,176266.0
2025-02-03,M031,190340.0
2025-02-03,M032,204414.0
2025-02-03,M033,218488.0
2025-02-03,M034,232562.0
2025-02-03,M035,246636.0
2025-02-03,M036,182590.0
2025-02-03,M037,196664.0
2025-02-03,M038,210738.0
2025-02-03,M039,224812.0
2025-02-03,M040,238886.0
2025-02-03,M041,252960.0
2025-02-03,M042,267034.0
2025-02-03,M043,202988.0
2025-02-03,M044,217062.0
2025-02-03,M045,231136.0
2025-02-03,M046,245210.0
2025-02-03,M047,259284.0
2025-02-03,M048,273358.0
2025-02-04,M001,80600.0
2025-02-04,M002,94674.0
2025-02-04,M003,108748.0
2025-02-04,M004,122822.0
2025-02-04,M005,136896.0
2025-02-04,M006,150970.0
2025-02-04,M007,165044.0
2025-02-04,M008,100998.0
2025-02-04,M009,115072.0
2025-02-04,M010,129146.0
2025-02-04,M011,143220.0
2025-02-04,M012,157294.0
2025-02-04,M013,171368.0
2025-02-04,M014,185442.0
2025-02-04,M015,121396.0
2025-02-04,M016,135470.0
2025-02-04,M017,149544.0
2025-02-04,M018,163618.0
2025-02-04,M019,177692.0
2025-02-04,M020,191766.0
2025-02-04,M021,205840.0
2025-02-04,M022,141794.0
2025-02-04,M023,155868.0
2025-02-04,M024,169942.0
2025-02-04,M025,184016.0
2025-02-04,M026,198090.0
2025-02-04,M027,212164.0
2025-02-04,M028,226238.0
2025-02-04,M029,162192.0
2025-02-04,M030,176266.0
2025-02-04,M031,190340.0
2025-02-04,M032,204414.0
2025-02-04,M033,218488.0
2025-02-04,M034,232562.0
2025-02-04,M035,246636.0
2025-02-04,M036,182590.0
2025-02-04,M037,196664.0
2025-02-04,M038,210738.0
2025-02-04,M039,224812.0
2025-02-04,M040,238886.0
2025-02-04,M041,252960.0
2025-02-04,M042,267034.0
2025-02-04,M043,202988.0
2025-02-04,M044,217062.0
2025-02-04,M045,231136.0
2025-02-04,M046,245210.0
2025-02-04,M047,259284.0
2025-02-04,M048,273358.0
2025-02-05,M001,80600.0
2025-02-05,M002,94674.0
2025-02-05,M003,108748.0
2025-02-05,M004,122822.0
2025-02-05,M005,136896.0
2025-02-05,M006,150970.0
2025-02-05,M007,165044.0
2025-02-05,M008,100998.0
2025-02-05,M009,115072.0
2025-02-05,M010,129146.0
2025-02-05,M011,143220.0
2025-02-05,M012,157294.0
2025-02-05,M013,171368.0
2025-02-05,M014,185442.0
2025-02-05,M015,121396.0
2025-02-05,M016,135470.0
2025-02-05,M017,149544.0
2025-02-05,M018,163618.0
2025-02-05,M019,177692.0
2025-02-05,M020,191766.0
2025-02-05,M021,205840.0
2025-02-05,M022,141794.0
2025-02-05,M023,155868.0
2025-02-05,M024,169942.0
2025-02-05,M025,184016.0
2025-02-05,M026,198090.0
2025-02-05,M027,212164.0
2025-02-05,M028,226238.0
2025-02-05,M029,162192.0
2025-02-05,M030,176266.0
2025-02-05,M031,190340.0
2025-02-05,M032,204414.0
2025-02-05,M033,218488.0
2025-02-05,M034,232562.0
2025-02-05,M035,246636.0
2025-02-05,M036,182590.0
2025-02-05,M037,196664.0
2025-02-05,M038,210738.0
2025-02-05,M039,224812.0
2025-02-05,M040,238886.0
2025-02-05,M041,252960.0
2025-02-05,M042,267034.0
2025-02-05,M043,202988.0
2025-02-05,M044,217062.0
2025-02-05,M045,231136.0
2025-02-05,M046,245210.0
2025-02-05,M047,259284.0
2025-02-05,M048,273358.0
2025-02-06,M001,80600.0
2025-02-06,M002,94674.0
2025-02-06,M003,108748.0
2025-02-06,M004,122822.0
2025-02-06,M005,136896.0
2025-02-06,M006,150970.0
2025-02-06,M007,165044.0
2025-02-06,M008,100998.0
2025-02-06,M009,115072.0
2025-02-06,M010,129146.0
2025-02-06,M011,143220.0
2025-02-06,M012,157294.0
2025-02-06,M013,171368.0
2025-02-06,M014,185442.0
2025-02-06,M015,121396.0
2025-02-06,M016,135470.0
2025-02-06,M017,149544.0
2025-02-06,M018,163618.0
2025-02-06,M019,177692.0
2025-02-06,M020,191766.0
2025-02-06,M021,205840.0
2025-02-06,M022,141794.0
2025-02-06,M023,155868.0
2025-02-06,M024,169942.0
2025-02-06,M025,184016.0
2025-02-06,M026,198090.0
2025-02-06,M027,212164.0
2025-02-06,M028,226238.0
2025-02-06,M029,162192.0
2025-02-06,M030,176266.0
2025-02-06,M031,190340.0
2025-02-06,M032,204414.0
2025-02-06,M033,218488.0
2025-02-06,M034,232562.0
2025-02-06,M035,246636.0
2025-02-06,M036,182590.0
2025-02-06,M037,196664.0
2025-02-06,M038,210738.0
2025-02-06,M039,224812.0
2025-02-06,M040,238886.0
2025-02-06,M041,252960.0
2025-02-06,M042,267034.0
2025-02-06,M043,202988.0
2025-02-06,M044,217062.0
2025-02-06,M045,231136.0
2025-02-06,M046,245210.0
2025-02-06,M047,259284.0
2025-02-06,M048,273358.0
2025-02-07,M001,80600.0
2025-02-07,M002,94674.0
2025-02-07,M003,108748.0
2025-02-07,M004,122822.0
2025-02-07,M005,136896.0
2025-02-07,M006,150970.0
2025-02-07,M007,165044.0
2025-02-07,M008,100998.0
2025-02-07,M009,115072.0
2025-02-07,M010,129146.0
2025-02-07,M011,143220.0
2025-02-07,M012,157294.0
2025-02-07,M013,171368.0
2025-02-07,M014,185442.0
2025-02-07,M015,121396.0
2025-02-07,M016,135470.0
2025-02-07,M017,149544.0
2025-02-07,M018,163618.0
2025-02-07,M019,177692.0
2025-02-07,M020,191766.0
2025-02-07,M021,205840.0
2025-02-07,M022,141794.0
2025-02-07,M023,155868.0
2025-02-07,M024,169942.0
2025-02-07,M025,184016.0
2025-02-07,M026,198090.0
2025-02-07,M027,212164.0
2025-02-07,M028,226238.0
2025-02-07,M029,162192.0
2025-02-07,M030,176266.0
2025-02-07,M031,190340.0
2025-02-07,M032,204414.0
2025-02-07,M033,218488.0
2025-02-07,M034,232562.0
2025-02-07,M035,246636.0
2025-02-07,M036,182590.0
2025-02-07,M037,196664.0
2025-02-07,M038,210738.0
2025-02-07,M039,224812.0
2025-02-07,M040,238886.0
2025-02-07,M041,252960.0
2025-02-07,M042,267034.0
2025-02-07,M043,202988.0
2025-02-07,M044,217062.0
2025-02-07,M045,231136.0
2025-02-07,M046,245210.0
2025-02-07,M047,259284.0
2025-02-07,M048,273358.0
2025-02-08,M001,80600.0
2025-02-08,M002,94674.0
2025-02-08,M003,108748.0
2025-02-08,M004,122822.0
2025-02-08,M005,136896.0
2025-02-08,M006,150970.0
2025-02-08,M007,165044.0
2025-02-08,M008,100998.0
2025-02-08,M009,115072.0
2025-02-08,M010,129146.0
2025-02-08,M011,143220.0
2025-02-08,M012,157294.0
2025-02-08,M013,171368.0
2025-02-08,M014,185442.0
2025-02-08,M015,121396.0
2025-02-08,M016,135470.0
2025-02-08,M017,149544.0
2025-02-08,M018,163618.0
2025-02-08,M019,177692.0
2025-02-08,M020,191766.0
2025-02-08,M021,205840.0
2025-02-08,M022,141794.0
2025-02-08,M023,155868.0
2025-02-08,M024,169942.0
2025-02-08,M025,184016.0
2025-02-08,M026,198090.0
2025-02-08,M027,212164.0
2025-02-08,M028,226238.0
2025-02-08,M029,162192.0
2025-02-08,M030,176266.0
2025-02-08,M031,190340.0
2025-02-08,M032,204414.0
2025-02-08,M033,218488.0
2025-02-08,M034,232562.0
2025-02-08,M035,246636.0
2025-02-08,M036,182590.0
2025-02-08,M037,196664.0
2025-02-08,M038,210738.0
2025-02-08,M039,224812.0
2025-02-08,M040,238886.0
2025-02-08,M041,252960.0
2025-02-08,M042,267034.0
2025-02-08,M043,202988.0
2025-02-08,M044,217062.0
2025-02-08,M045,231136.0
2025-02-08,M046,245210.0
2025-02-08,M047,259284.0
2025-02-08,M048,273358.0
2025-02-09,M001,80600.0
2025-02-09,M002,94674.0
2025-02-09,M003,108748.0
2025-02-09,M004,122822.0
2025-02-09,M005,136896.0
2025-02-09,M006,150970.0
2025-02-09,M007,165044.0
2025-02-09,M008,100998.0
2025-02-09,M009,115072.0
2025-02-09,M010,129146.0
2025-02-09,M011,143220.0
2025-02-09,M012,157294.0
2025-02-09,M013,171368.0
2025-02-09,M014,185442.0
2025-02-09,M015,121396.0
2025-02-09,M016,135470.0
2025-02-09,M017,149544.0
2025-02-09,M018,163618.0
2025-02-09,M019,177692.0
2025-02-09,M020,191766.0
2025-02-09,M021,205840.0
2025-02-09,M022,141794.0
2025-02-09,M023,155868.0
2025-02-09,M024,169942.0
2025-02-09,M025,184016.0
2025-02-09,M026,198090.0
2025-02-09,M027,212164.0
2025-02-09,M028,226238.0
2025-02-09,M029,162192.0
2025-02-09,M030,176266.0
2025-02-09,M031,190340.0
2025-02-09,M032,204414.0
2025-02-09,M033,218488.0
2025-02-09,M034,232562.0
2025-02-09,M035,246636.0
2025-02-09,M036,182590.0
2025-02-09,M037,196664.0
2025-02-09,M038,210738.0
2025-02-09,M039,224812.0
2025-02-09,M040,238886.0
2025-02-09,M041,252960.0
2025-02-09,M042,267034.0
2025-02-09,M043,202988.0
2025-02-09,M044,217062.0
2025-02-09,M045,231136.0
2025-02-09,M046,245210.0
2025-02-09,M047,259284.0
2025-02-09,M048,273358.0
2025-02-10,M001,80600.0
2025-02-10,M002,94674.0
2025-02-10,M003,108748.0
2025-02-10,M004,122822.0
2025-02-10,M005,136896.0
2025-02-10,M006,150970.0
2025-02-10,M007,165044.0
2025-02-10,M008,100998.0
2025-02-10,M009,115072.0
2025-02-10,M010,129146.0
2025-02-10,M011,143220.0
2025-02-10,M012,157294.0
2025-02-10,M013,171368.0
2025-02-10,M014,185442.0
2025-02-10,M015,121396.0
2025-02-10,M016,135470.0
2025-02-10,M017,149544.0
2025-02-10,M018,163618.0
2025-02-10,M019,177692.0
2025-02-10,M020,191766.0
2025-02-10,M021,205840.0
2025-02-10,M022,141794.0
2025-02-10,M023,155868.0
2025-02-10,M024,169942.0
2025-02-10,M025,184016.0
2025-02-10,M026,198090.0
2025-02-10,M027,212164.0
2025-02-10,M028,226238.0
2025-02-10,M029,162192.0
2025-02-10,M030,176266.0
2025-02-10,M031,190340.0
2025-02-10,M032,204414.0
2025-02-10,M033,218488.0
2025-02-10,M034,232562.0
2025-02-10,M035,246636.0
2025-02-10,M036,182590.0
2025-02-10,M037,196664.0
2025-02-10,M038,210738.0
2025-02-10,M039,224812.0
2025-02-10,M040,238886.0
2025-02-10,M041,252960.0
2025-02-10,M042,267034.0
2025-02-10,M043,202988.0
2025-02-10,M044,217062.0
2025-02-10,M045,231136.0
2025-02-10,M046,245210.0
2025-02-10,M047,259284.0
2025-02-10,M048,273358.0
2025-02-11,M001,80600.0
2025-02-11,M002,94674.0
2025-02-11,M003,108748.0
2025-02-11,M004,122822.0
2025-02-11,M005,136896.0
2025-02-11,M006,150970.0
2025-02-11,M007,165044.0
2025-02-11,M008,100998.0
2025-02-11,M009,115072.0
2025-02-11,M010,129146.0
2025-02-11,M011,143220.0
2025-02-11,M012,157294.0
2025-02-11,M013,171368.0
2025-02-11,M014,185442.0
2025-02-11,M015,121396.0
2025-02-11,M016,135470.0
2025-02-11,M017,149544.0
2025-02-11,M018,163618.0
2025-02-11,M019,177692.0
2025-02-11,M020,191766.0
2025-02-11,M021,205840.0
2025-02-11,M022,141794.0
2025-02-11,M023,155868.0
2025-02-11,M024,169942.0
2025-02-11,M025,184016.0
2025-02-11,M026,198090.0
2025-02-11,M027,212164.0
2025-02-11,M028,226238.0
2025-02-11,M029,162192.0
2025-02-11,M030,176266.0
2025-02-11,M031,190340.0
2025-02-11,M032,204414.0
2025-02-11,M033,218488.0
2025-02-11,M034,232562.0
2025-02-11,M035,246636.0
2025-02-11,M036,182590.0
2025-02-11,M037,196664.0
2025-02-11,M038,210738.0
2025-02-11,M039,224812.0
2025-02-11,M040,238886.0
2025-02-11,M041,252960.0
2025-02-11,M042,267034.0
2025-02-11,M043,202988.0
2025-02-11,M044,217062.0
2025-02-11,M045,231136.0
2025-02-11,M046,245210.0
2025-02-11,M047,259284.0
2025-02-11,M048,273358.0
2025-02-12,M001,80600.0
2025-02-12,M002,94674.0
2025-02-12,M003,108748.0
2025-02-12,M004,122822.0
2025-02-12,M005,136896.0
2025-02-12,M006,150970.0
2025-02-12,M007,165044.0
2025-02-12,M008,100998.0
2025-02-12,M009,115072.0
2025-02-12,M010,129146.0
2025-02-12,M011,143220.0
2025-02-12,M012,157294.0
2025-02-12,M013,171368.0
2025-02-12,M014,185442.0
2025-02-12,M015,121396.0
2025-02-12,M016,135470.0
2025-02-12,M017,149544.0
2025-02-12,M018,163618.0
2025-02-12,M019,177692.0
2025-02-12,M020,191766.0
2025-02-12,M021,205840.0
2025-02-12,M022,141794.0
2025-02-12,M023,155868.0
2025-02-12,M024,169942.0
2025-02-12,M025,184016.0
2025-02-12,M026,198090.0
2025-02-12,M027,212164.0
2025-02-12,M028,226238.0
2025-02-12,M029,162192.0
2025-02-12,M030,176266.0
2025-02-12,M031,190340.0
2025-02-12,M032,204414.0
2025-02-12,M033,218488.0
2025-02-12,M034,232562.0
2025-02-12,M035,246636.0
2025-02-12,M036,182590.0
2025-02-12,M037,196664.0
2025-02-12,M038,210738.0
2025-02-12,M039,224812.0
2025-02-12,M040,238886.0
2025-02-12,M041,252960.0
2025-02-12,M042,267034.0
2025-02-12,M043,202988.0
2025-02-12,M044,217062.0
2025-02-12,M045,231136.0
2025-02-12,M046,245210.0
2025-02-12,M047,259284.0
2025-02-12,M048,273358.0
2025-02-13,M001,80600.0
2025-02-13,M002,94674.0
2025-02-13,M003,108748.0
2025-02-13,M004,122822.0
2025-02-13,M005,136896.0
2025-02-13,M006,150970.0
2025-02-13,M007,165044.0
2025-02-13,M008,100998.0
2025-02-13,M009,115072.0
2025-02-13,M010,129146.0
2025-02-13,M011,143220.0
2025-02-13,M012,157294.0
2025-02-13,M013,171368.0
2025-02-13,M014,185442.0
2025-02-13,M015,121396.0
2025-02-13,M016,135470.0
2025-02-13,M017,149544.0
2025-02-13,M018,163618.0
2025-02-13,M019,177692.0
2025-02-13,M020,191766.0
2025-02-13,M021,205840.0
2025-02-13,M022,141794.0
2025-02-13,M023,155868.0
2025-02-13,M024,169942.0
2025-02-13,M025,184016.0
2025-02-13,M026,198090.0
2025-02-13,M027,212164.0
2025-02-13,M028,226238.0
2025-02-13,M029,162192.0
2025-02-13,M030,176266.0
2025-02-13,M031,190340.0
2025-02-13,M032,204414.0
2025-02-13,M033,218488.0
2025-02-13,M034,232562.0
2025-02-13,M035,246636.0
2025-02-13,M036,182590.0
2025-02-13,M037,196664.0
2025-02-13,M038,210738.0
2025-02-13,M039,224812.0
2025-02-13,M040,238886.0
2025-02-13,M041,252960.0
2025-02-13,M042,267034.0
2025-02-13,M043,202988.0
2025-02-13,M044,217062.0
2025-02-13,M045,231136.0
2025-02-13,M046,245210.0
2025-02-13,M047,259284.0
2025-02-13,M048,273358.0
2025-02-14,M001,80600.0
2025-02-14,M002,94674.0
2025-02-14,M003,108748.0
2025-02-14,M004,122822.0
2025-02-14,M005,136896.0
2025-02-14,M006,150970.0
2025-02-14,M007,165044.0
2025-02-14,M008,100998.0
2025-02-14,M009,115072.0
2025-02-14,M010,129146.0
2025-02-14,M011,143220.0
2025-02-14,M012,157294.0
2025-02-14,M013,171368.0
2025-02-14,M014,185442.0
2025-02-14,M015,121396.0
2025-02-14,M016,135470.0
2025-02-14,M017,149544.0
2025-02-14,M018,163618.0
2025-02-14,M019,177692.0
2025-02-14,M020,191766.0
2025-02-14,M021,205840.0
2025-02-14,M022,141794.0
2025-02-14,M023,155868.0
2025-02-14,M024,169942.0
2025-02-14,M025,184016.0
2025-02-14,M026,198090.0
2025-02-14,M027,212164.0
2025-02-14,M028,226238.0
2025-02-14,M029,162192.0
2025-02-14,M030,176266.0
2025-02-14,M031,190340.0
2025-02-14,M032,204414.0
2025-02-14,M033,218488.0
2025-02-14,M034,232562.0
2025-02-14,M035,246636.0
2025-02-14,M036,182590.0
2025-02-14,M037,196664.0
2025-02-14,M038,210738.0
2025-02-14,M039,224812.0
2025-02-14,M040,238886.0
2025-02-14,M041,252960.0
2025-02-14,M042,267034.0
2025-02-14,M043,202988.0
2025-02-14,M044,217062.0
2025-02-14,M045,231136.0
2025-02-14,M046,245210.0
2025-02-14,M047,259284.0
2025-02-14,M048,273358.0
2025-02-15,M001,80600.0
2025-02-15,M002,94674.0
2025-02-15,M003,108748.0
2025-02-15,M004,122822.0
2025-02-15,M005,136896.0
2025-02-15,M006,150970.0
2025-02-15,M007,165044.0
2025-02-15,M008,100998.0
2025-02-15,M009,115072.0
2025-02-15,M010,129146.0
2025-02-15,M011,143220.0
2025-02-15,M012,157294.0
2025-02-15,M013,171368.0
2025-02-15,M014,185442.0
2025-02-15,M015,121396.0
2025-02-15,M016,135470.0
2025-02-15,M017,149544.0
2025-02-15,M018,163618.0
2025-02-15,M019,177692.0
2025-02-15,M020,191766.0
2025-02-15,M021,205840.0
2025-02-15,M022,141794.0
2025-02-15,M023,155868.0
2025-02-15,M024,169942.0
2025-02-15,M025,184016.0
2025-02-15,M026,198090.0
2025-02-15,M027,212164.0
2025-02-15,M028,226238.0
2025-02-15,M029,162192.0
2025-02-15,M030,176266.0
2025-02-15,M031,190340.0
2025-02-15,M032,204414.0
2025-02-15,M033,218488.0
2025-02-15,M034,232562.0
2025-02-15,M035,246636.0
2025-02-15,M036,182590.0
2025-02-15,M037,196664.0
2025-02-15,M038,210738.0
2025-02-15,M039,224812.0
2025-02-15,M040,238886.0
2025-02-15,M041,252960.0
2025-02-15,M042,267034.0
2025-02-15,M043,202988.0
2025-02-15,M044,217062.0
2025-02-15,M045,231136.0
2025-02-15,M046,245210.0
2025-02-15,M047,259284.0
2025-02-15,M048,273358.0
2025-02-16,M001,80600.0
2025-02-16,M002,94674.0
2025-02-16,M003,108748.0
2025-02-16,M004,122822.0
2025-02-16,M005,136896.0
2025-02-16,M006,150970.0
2025-02-16,M007,165044.0
2025-02-16,M008,100998.0
2025-02-16,M009,115072.0
2025-02-16,M010,129146.0
2025-02-16,M011,143220.0
2025-02-16,M012,157294.0
2025-02-16,M013,171368.0
2025-02-16,M014,185442.0
2025-02-16,M015,121396.0
2025-02-16,M016,135470.0
2025-02-16,M017,149544.0
2025-02-16,M018,163618.0
2025-02-16,M019,177692.0
2025-02-16,M020,191766.0
2025-02-16,M021,205840.0
2025-02-16,M022,141794.0
2025-02-16,M023,155868.0
2025-02-16,M024,169942.0
2025-02-16,M025,184016.0
2025-02-16,M026,198090.0
2025-02-16,M027,212164.0
2025-02-16,M028,226238.0
2025-02-16,M029,162192.0
2025-02-16,M030,176266.0
2025-02-16,M031,190340.0
2025-02-16,M032,204414.0
2025-02-16,M033,218488.0
2025-02-16,M034,232562.0
2025-02-16,M035,246636.0
2025-02-16,M036,182590.0
2025-02-16,M037,196664.0
2025-02-16,M038,210738.0
2025-02-16,M039,224812.0
2025-02-16,M040,238886.0
2025-02-16,M041,252960.0
2025-02-16,M042,267034.0
2025-02-16,M043,202988.0
2025-02-16,M044,217062.0
2025-02-16,M045,231136.0
2025-02-16,M046,245210.0
2025-02-16,M047,259284.0
2025-02-16,M048,273358.0
2025-02-17,M001,80600.0
2025-02-17,M002,94674.0
2025-02-17,M003,108748.0
2025-02-17,M004,122822.0
2025-02-17,M005,136896.0
2025-02-17,M006,150970.0
2025-02-17,M007,165044.0
2025-02-17,M008,100998.0
2025-02-17,M009,115072.0
2025-02-17,M010,129146.0
2025-02-17,M011,143220.0
2025-02-17,M012,157294.0
2025-02-17,M013,171368.0
2025-02-17,M014,185442.0
2025-02-17,M015,121396.0
2025-02-17,M016,135470.0
2025-02-17,M017,149544.0
2025-02-17,M018,163618.0
2025-02-17,M019,177692.0
2025-02-17,M020,191766.0
2025-02-17,M021,205840.0
2025-02-17,M022,141794.0
2025-02-17,M023,155868.0
2025-02-17,M024,169942.0
2025-02-17,M025,184016.0
2025-02-17,M026,198090.0
2025-02-17,M027,212164.0
2025-02-17,M028,226238.0
2025-02-17,M029,162192.0
2025-02-17,M030,176266.0
2025-02-17,M031,190340.0
2025-02-17,M032,204414.0
2025-02-17,M033,218488.0
2025-02-17,M034,232562.0
2025-02-17,M035,246636.0
2025-02-17,M036,182590.0
2025-02-17,M037,196664.0
2025-02-17,M038,210738.0
2025-02-17,M039,224812.0
2025-02-17,M040,238886.0
2025-02-17,M041,252960.0
2025-02-17,M042,267034.0
2025-02-17,M043,202988.0
2025-02-17,M044,217062.0
2025-02-17,M045,231136.0
2025-02-17,M046,245210.0
2025-02-17,M047,259284.0
2025-02-17,M048,273358.0
2025-02-18,M001,80600.0
2025-02-18,M002,94674.0
2025-02-18,M003,108748.0
2025-02-18,M004,122822.0
2025-02-18,M005,136896.0
2025-02-18,M006,150970.0
2025-02-18,M007,165044.0
2025-02-18,M008,100998.0
2025-02-18,M009,115072.0
2025-02-18,M010,129146.0
2025-02-18,M011,143220.0
2025-02-18,M012,157294.0
2025-02-18,M013,171368.0
2025-02-18,M014,185442.0
2025-02-18,M015,121396.0
2025-02-18,M016,135470.0
2025-02-18,M017,149544.0
2025-02-18,M018,163618.0
2025-02-18,M019,177692.0
2025-02-18,M020,191766.0
2025-02-18,M021,205840.0
2025-02-18,M022,141794.0
2025-02-18,M023,155868.0
2025-02-18,M024,169942.0
2025-02-18,M025,184016.0
2025-02-18,M026,198090.0
2025-02-18,M027,212164.0
2025-02-18,M028,226238.0
2025-02-18,M029,162192.0
2025-02-18,M030,176266.0
2025-02-18,M031,190340.0
2025-02-18,M032,204414.0
2025-02-18,M033,218488.0
2025-02-18,M034,232562.0
2025-02-18,M035,246636.0
2025-02-18,M036,182590.0
2025-02-18,M037,196664.0
2025-02-18,M038,210738.0
2025-02-18,M039,224812.0
2025-02-18,M040,238886.0
2025-02-18,M041,252960.0
2025-02-18,M042,267034.0
2025-02-18,M043,202988.0
2025-02-18,M044,217062.0
2025-02-18,M045,231136.0
2025-02-18,M046,245210.0
2025-02-18,M047,259284.0
2025-02-18,M048,273358.0
2025-02-19,M001,80600.0
2025-02-19,M002,94674.0
2025-02-19,M003,108748.0
2025-02-19,M004,122822.0
2025-02-19,M005,136896.0
2025-02-19,M006,150970.0
2025-02-19,M007,165044.0
2025-02-19,M008,100998.0
2025-02-19,M009,115072.0
2025-02-19,M010,129146.0
2025-02-19,M011,143220.0
2025-02-19,M012,157294.0
2025-02-19,M013,171368.0
2025-02-19,M014,185442.0
2025-02-19,M015,121396.0
2025-02-19,M016,135470.0
2025-02-19,M017,149544.0
2025-02-19,M018,163618.0
2025-02-19,M019,177692.0
2025-02-19,M020,191766.0
2025-02-19,M021,205840.0
2025-02-19,M022,141794.0
2025-02-19,M023,155868.0
2025-02-19,M024,169942.0
2025-02-19,M025,184016.0
2025-02-19,M026,198090.0
2025-02-19,M027,212164.0
2025-02-19,M028,226238.0
2025-02-19,M029,162192.0
2025-02-19,M030,176266.0
2025-02-19,M031,190340.0
2025-02-19,M032,204414.0
2025-02-19,M033,218488.0
2025-02-19,M034,232562.0
2025-02-19,M035,246636.0
2025-02-19,M036,182590.0
2025-02-19,M037,196664.0
2025-02-19,M038,210738.0
2025-02-19,M039,224812.0
2025-02-19,M040,238886.0
2025-02-19,M041,252960.0
2025-02-19,M042,267034.0
2025-02-19,M043,202988.0
2025-02-19,M044,217062.0
2025-02-19,M045,231136.0
2025-02-19,M046,245210.0
2025-02-19,M047,259284.0
2025-02-19,M048,273358.0
2025-02-20,M001,80600.0
2025-02-20,M002,94674.0
2025-02-20,M003,108748.0
2025-02-20,M004,122822.0
2025-02-20,M005,136896.0
2025-02-20,M006,150970.0
2025-02-20,M007,165044.0
2025-02-20,M008,100998.0
2025-02-20,M009,115072.0
2025-02-20,M010,129146.0
2025-02-20,M011,143220.0
2025-02-20,M012,157294.0
2025-02-20,M013,171368.0
2025-02-20,M014,185442.0
2025-02-20,M015,121396.0
2025-02-20,M016,135470.0
2025-02-20,M017,149544.0
2025-02-20,M018,163618.0
2025-02-20,M019,177692.0
2025-02-20,M020,191766.0
2025-02-20,M021,205840.0
2025-02-20,M022,141794.0
2025-02-20,M023,155868.0
2025-02-20,M024,169942.0
2025-02-20,M025,184016.0
2025-02-20,M026,198090.0
2025-02-20,M027,212164.0
2025-02-20,M028,226238.0
2025-02-20,M029,162192.0
2025-02-20,M030,176266.0
2025-02-20,M031,190340.0
2025-02-20,M032,204414.0
2025-02-20,M033,218488.0
2025-02-20,M034,232562.0
2025-02-20,M035,246636.0
2025-02-20,M036,182590.0
2025-02-20,M037,196664.0
2025-02-20,M038,210738.0
2025-02-20,M039,224812.0
2025-02-20,M040,238886.0
2025-02-20,M041,252960.0
2025-02-20,M042,267034.0
2025-02-20,M043,202988.0
2025-02-20,M044,217062.0
2025-02-20,M045,231136.0
2025-02-20,M046,245210.0
2025-02-20,M047,259284.0
2025-02-20,M048,273358.0
2025-02-21,M001,80600.0
2025-02-21,M002,94674.0
2025-02-21,M003,108748.0
2025-02-21,M004,122822.0
2025-02-21,M005,136896.0
2025-02-21,M006,150970.0
2025-02-21,M007,165044.0
2025-02-21,M008,100998.0
2025-02-21,M009,115072.0
2025-02-21,M010,129146.0
2025-02-21,M011,143220.0
2025-02-21,M012,157294.0
2025-02-21,M013,171368.0
2025-02-21,M014,185442.0
2025-02-21,M015,121396.0
2025-02-21,M016,135470.0
2025-02-21,M017,149544.0
2025-02-21,M018,163618.0
2025-02-21,M019,177692.0
2025-02-21,M020,191766.0
2025-02-21,M021,205840.0
2025-02-21,M022,141794.0
2025-02-21,M023,155868.0
2025-02-21,M024,169942.0
2025-02-21,M025,184016.0
2025-02-21,M026,198090.0
2025-02-21,M027,212164.0
2025-02-21,M028,226238.0
2025-02-21,M029,162192.0
2025-02-21,M030,176266.0
2025-02-21,M031,190340.0
2025-02-21,M032,204414.0
2025-02-21,M033,218488.0
2025-02-21,M034,232562.0
2025-02-21,M035,246636.0
2025-02-21,M036,182590.0
2025-02-21,M037,196664.0
2025-02-21,M038,210738.0
2025-02-21,M039,224812.0
2025-02-21,M040,238886.0
2025-02-21,M041,252960.0
2025-02-21,M042,267034.0
2025-02-21,M043,202988.0
2025-02-21,M044,217062.0
2025-02-21,M045,231136.0
2025-02-21,M046,245210.0
2025-02-21,M047,259284.0
2025-02-21,M048,273358.0
2025-02-22,M001,80600.0
2025-02-22,M002,94674.0
2025-02-22,M003,108748.0
2025-02-22,M004,122822.0
2025-02-22,M005,136896.0
2025-02-22,M006,150970.0
2025-02-22,M007,165044.0
2025-02-22,M008,100998.0
2025-02-22,M009,115072.0
2025-02-22,M010,129146.0
2025-02-22,M011,143220.0
2025-02-22,M012,157294.0
2025-02-22,M013,171368.0
2025-02-22,M014,185442.0
2025-02-22,M015,121396.0
2025-02-22,M016,135470.0
2025-02-22,M017,149544.0
2025-02-22,M018,163618.0
2025-02-22,M019,177692.0
2025-02-22,M020,191766.0
2025-02-22,M021,205840.0
2025-02-22,M022,141794.0
2025-02-22,M023,155868.0
2025-02-22,M024,169942.0
2025-02-22,M025,184016.0
2025-02-22,M026,198090.0
2025-02-22,M027,212164.0
2025-02-22,M028,226238.0
2025-02-22,M029,162192.0
2025-02-22,M030,176266.0
2025-02-22,M031,190340.0
2025-02-22,M032,204414.0
2025-02-22,M033,218488.0
2025-02-22,M034,232562.0
2025-02-22,M035,246636.0
2025-02-22,M036,182590.0
2025-02-22,M037,196664.0
2025-02-22,M038,210738.0
2025-02-22,M039,224812.0
2025-02-22,M040,238886.0
2025-02-22,M041,252960.0
2025-02-22,M042,267034.0
2025-02-22,M043,202988.0
2025-02-22,M044,217062.0
2025-02-22,M045,231136.0
2025-02-22,M046,245210.0
2025-02-22,M047,259284.0
2025-02-22,M048,273358.0
2025-02-23,M001,80600.0
2025-02-23,M002,94674.0
2025-02-23,M003,108748.0
2025-02-23,M004,122822.0
2025-02-23,M005,136896.0
2025-02-23,M006,150970.0
2025-02-23,M007,165044.0
2025-02-23,M008,100998.0
2025-02-23,M009,115072.0
2025-02-23,M010,129146.0
2025-02-23,M011,143220.0
2025-02-23,M012,157294.0
2025-02-23,M013,171368.0
2025-02-23,M014,185442.0
2025-02-23,M015,121396.0
2025-02-23,M016,135470.0
2025-02-23,M017,149544.0
2025-02-23,M018,163618.0
2025-02-23,M019,177692.0
2025-02-23,M020,191766.0
2025-02-23,M021,205840.0
2025-02-23,M022,141794.0
2025-02-23,M023,155868.0
2025-02-23,M024,169942.0
2025-02-23,M025,184016.0
2025-02-23,M026,198090.0
2025-02-23,M027,212164.0
2025-02-23,M028,226238.0
2025-02-23,M029,162192.0
2025-02-23,M030,176266.0
2025-02-23,M031,190340.0
2025-02-23,M032,204414.0
2025-02-23,M033,218488.0
2025-02-23,M034,232562.0
2025-02-23,M035,246636.0
2025-02-23,M036,182590.0
2025-02-23,M037,196664.0
2025-02-23,M038,210738.0
2025-02-23,M039,224812.0
2025-02-23,M040,238886.0
2025-02-23,M041,252960.0
2025-02-23,M042,267034.0
2025-02-23,M043,202988.0
2025-02-23,M044,217062.0
2025-02-23,M045,231136.0
2025-02-23,M046,245210.0
2025-02-23,M047,259284.0
2025-02-23,M048,273358.0
2025-02-24,M001,80600.0
2025-02-24,M002,94674.0
2025-02-24,M003,108748.0
2025-02-24,M004,122822.0
2025-02-24,M005,136896.0
2025-02-24,M006,150970.0
2025-02-24,M007,165044.0
2025-02-24,M008,100998.0
2025-02-24,M009,115072.0
2025-02-24,M010,129146.0
2025-02-24,M011,143220.0
2025-02-24,M012,157294.0
2025-02-24,M013,171368.0
2025-02-24,M014,185442.0
2025-02-24,M015,121396.0
2025-02-24,M016,135470.0
2025-02-24,M017,149544.0
2025-02-24,M018,163618.0
2025-02-24,M019,177692.0
2025-02-24,M020,191766.0
2025-02-24,M021,205840.0
2025-02-24,M022,141794.0
2025-02-24,M023,155868.0
2025-02-24,M024,169942.0
2025-02-24,M025,184016.0
2025-02-24,M026,198090.0
2025-02-24,M027,212164.0
2025-02-24,M028,226238.0
2025-02-24,M029,162192.0
2025-02-24,M030,176266.0
2025-02-24,M031,190340.0
2025-02-24,M032,204414.0
2025-02-24,M033,218488.0
2025-02-24,M034,232562.0
2025-02-24,M035,246636.0
2025-02-24,M036,182590.0
2025-02-24,M037,196664.0
2025-02-24,M038,210738.0
2025-02-24,M039,224812.0
2025-02-24,M040,238886.0
2025-02-24,M041,252960.0
2025-02-24,M042,267034.0
2025-02-24,M043,202988.0
2025-02-24,M044,217062.0
2025-02-24,M045,231136.0
2025-02-24,M046,245210.0
2025-02-24,M047,259284.0
2025-02-24,M048,273358.0
2025-02-25,M001,80600.0
2025-02-25,M002,94674.0
2025-02-25,M003,108748.0
2025-02-25,M004,122822.0
2025-02-25,M005,136896.0
2025-02-25,M006,150970.0
2025-02-25,M007,165044.0
2025-02-25,M008,100998.0
2025-02-25,M009,115072.0
2025-02-25,M010,129146.0
2025-02-25,M011,143220.0
2025-02-25,M012,157294.0
2025-02-25,M013,171368.0
2025-02-25,M014,185442.0
2025-02-25,M015,121396.0
2025-02-25,M016,135470.0
2025-02-25,M017,149544.0
2025-02-25,M018,163618.0
2025-02-25,M019,177692.0
2025-02-25,M020,191766.0
2025-02-25,M021,205840.0
2025-02-25,M022,141794.0
2025-02-25,M023,155868.0
2025-02-25,M024,169942.0
2025-02-25,M025,184016.0
2025-02-25,M026,198090.0
2025-02-25,M027,212164.0
2025-02-25,M028,226238.0
2025-02-25,M029,162192.0
2025-02-25,M030,176266.0
2025-02-25,M031,190340.0
2025-02-25,M032,204414.0
2025-02-25,M033,218488.0
2025-02-25,M034,232562.0
2025-02-25,M035,246636.0
2025-02-25,M036,182590.0
2025-02-25,M037,196664.0
2025-02-25,M038,210738.0
2025-02-25,M039,224812.0
2025-02-25,M040,238886.0
2025-02-25,M041,252960.0
2025-02-25,M042,267034.0
2025-02-25,M043,202988.0
2025-02-25,M044,217062.0
2025-02-25,M045,231136.0
2025-02-25,M046,245210.0
2025-02-25,M047,259284.0
2025-02-25,M048,273358.0
2025-02-26,M001,80600.0
2025-02-26,M002,94674.0
2025-02-26,M003,108748.0
2025-02-26,M004,122822.0
2025-02-26,M005,136896.0
2025-02-26,M006,150970.0
2025-02-26,M007,165044.0
2025-02-26,M008,100998.0
2025-02-26,M009,115072.0
2025-02-26,M010,129146.0
2025-02-26,M011,143220.0
2025-02-26,M012,157294.0
2025-02-26,M013,171368.0
2025-02-26,M014,185442.0
2025-02-26,M015,121396.0
2025-02-26,M016,135470.0
2025-02-26,M017,149544.0
2025-02-26,M018,163618.0
2025-02-26,M019,177692.0
2025-02-26,M020,191766.0
2025-02-26,M021,205840.0
2025-02-26,M022,141794.0
2025-02-26,M023,155868.0
2025-02-26,M024,169942.0
2025-02-26,M025,184016.0
2025-02-26,M026,198090.0
2025-02-26,M027,212164.0
2025-02-26,M028,226238.0
2025-02-26,M029,162192.0
2025-02-26,M030,176266.0
2025-02-26,M031,190340.0
2025-02-26,M032,204414.0
2025-02-26,M033,218488.0
2025-02-26,M034,232562.0
2025-02-26,M035,246636.0
2025-02-26,M036,182590.0
2025-02-26,M037,196664.0
2025-02-26,M038,210738.0
2025-02-26,M039,224812.0
2025-02-26,M040,238886.0
2025-02-26,M041,252960.0
2025-02-26,M042,267034.0
2025-02-26,M043,202988.0
2025-02-26,M044,217062.0
2025-02-26,M045,231136.0
2025-02-26,M046,245210.0
2025-02-26,M047,259284.0
2025-02-26,M048,273358.0
2025-02-27,M001,80600.0
2025-02-27,M002,94674.0
2025-02-27,M003,108748.0
2025-02-27,M004,122822.0
2025-02-27,M005,136896.0
2025-02-27,M006,150970.0
2025-02-27,M007,165044.0
2025-02-27,M008,100998.0
2025-02-27,M009,115072.0
2025-02-27,M010,129146.0
2025-02-27,M011,143220.0
2025-02-27,M012,157294.0
2025-02-27,M013,171368.0
2025-02-27,M014,185442.0
2025-02-27,M015,121396.0
2025-02-27,M016,135470.0
2025-02-27,M017,149544.0
2025-02-27,M018,163618.0
2025-02-27,M019,177692.0
2025-02-27,M020,191766.0
2025-02-27,M021,205840.0
2025-02-27,M022,141794.0
2025-02-27,M023,155868.0
2025-02-27,M024,169942.0
2025-02-27,M025,184016.0
2025-02-27,M026,198090.0
2025-02-27,M027,212164.0
2025-02-27,M028,226238.0
2025-02-27,M029,162192.0
2025-02-27,M030,176266.0
2025-02-27,M031,190340.0
2025-02-27,M032,204414.0
2025-02-27,M033,218488.0
2025-02-27,M034,232562.0
2025-02-27,M035,246636.0
2025-02-27,M036,182590.0
2025-02-27,M037,196664.0
2025-02-27,M038,210738.0
2025-02-27,M039,224812.0
2025-02-27,M040,238886.0
2025-02-27,M041,252960.0
2025-02-27,M042,267034.0
2025-02-27,M043,202988.0
2025-02-27,M044,217062.0
2025-02-27,M045,231136.0
2025-02-27,M046,245210.0
2025-02-27,M047,259284.0
2025-02-27,M048,273358.0
2025-02-28,M001,80600.0
2025-02-28,M002,94674.0
2025-02-28,M003,108748.0
2025-02-28,M004,122822.0
2025-02-28,M005,136896.0
2025-02-28,M006,150970.0
2025-02-28,M007,165044.0
2025-02-28,M008,100998.0
2025-02-28,M009,115072.0
2025-02-28,M010,129146.0
2025-02-28,M011,143220.0
2025-02-28,M012,157294.0
2025-02-28,M013,171368.0
2025-02-28,M014,185442.0
2025-02-28,M015,121396.0
2025-02-28,M016,135470.0
2025-02-28,M017,149544.0
2025-02-28,M018,163618.0
2025-02-28,M019,177692.0
2025-02-28,M020,191766.0
2025-02-28,M021,205840.0
2025-02-28,M022,141794.0
2025-02-28,M023,155868.0
2025-02-28,M024,169942.0
2025-02-28,M025,184016.0
2025-02-28,M026,198090.0
2025-02-28,M027,212164.0
2025-02-28,M028,226238.0
2025-02-28,M029,162192.0
2025-02-28,M030,176266.0
2025-02-28,M031,190340.0
2025-02-28,M032,204414.0
2025-02-28,M033,218488.0
2025-02-28,M034,232562.0
2025-02-28,M035,246636.0
2025-02-28,M036,182590.0
2025-02-28,M037,196664.0
2025-02-28,M038,210738.0
2025-02-28,M039,224812.0
2025-02-28,M040,238886.0
2025-02-28,M041,252960.0
2025-02-28,M042,267034.0
2025-02-28,M043,202988.0
2025-02-28,M044,217062.0
2025-02-28,M045,231136.0
2025-02-28,M046,245210.0
2025-02-28,M047,259284.0
2025-02-28,M048,273358.0
2025-03-01,M001,80600.0
2025-03-01,M002,94674.0
2025-03-01,M003,108748.0
2025-03-01,M004,122822.0
2025-03-01,M005,136896.0
2025-03-01,M006,150970.0
2025-03-01,M007,165044.0
2025-03-01,M008,100998.0
2025-03-01,M009,115072.0
2025-03-01,M010,129146.0
2025-03-01,M011,143220.0
2025-03-01,M012,157294.0
2025-03-01,M013,171368.0
2025-03-01,M014,185442.0
2025-03-01,M015,121396.0
2025-03-01,M016,135470.0
2025-03-01,M017,149544.0
2025-03-01,M018,163618.0
2025-03-01,M019,177692.0
2025-03-01,M020,191766.0
2025-03-01,M021,205840.0
2025-03-01,M022,141794.0
2025-03-01,M023,155868.0
2025-03-01,M024,169942.0
2025-03-01,M025,184016.0
2025-03-01,M026,198090.0
2025-03-01,M027,212164.0
2025-03-01,M028,226238.0
2025-03-01,M029,162192.0
2025-03-01,M030,176266.0
2025-03-01,M031,190340.0
2025-03-01,M032,204414.0
2025-03-01,M033,218488.0
2025-03-01,M034,232562.0
2025-03-01,M035,246636.0
2025-03-01,M036,182590.0
2025-03-01,M037,196664.0
2025-03-01,M038,210738.0
2025-03-01,M039,224812.0
2025-03-01,M040,238886.0
2025-03-01,M041,252960.0
2025-03-01,M042,267034.0
2025-03-01,M043,202988.0
2025-03-01,M044,217062.0
2025-03-01,M045,231136.0
2025-03-01,M046,245210.0
2025-03-01,M047,259284.0
2025-03-01,M048,273358.0
2025-03-02,M001,80600.0
2025-03-02,M002,94674.0
2025-03-02,M003,108748.0
2025-03-02,M004,122822.0
2025-03-02,M005,136896.0
2025-03-02,M006,150970.0
2025-03-02,M007,165044.0
2025-03-02,M008,100998.0
2025-03-02,M009,115072.0
2025-03-02,M010,129146.0
2025-03-02,M011,143220.0
2025-03-02,M012,157294.0
2025-03-02,M013,171368.0
2025-03-02,M014,185442.0
2025-03-02,M015,121396.0
2025-03-02,M016,135470.0
2025-03-02,M017,149544.0
2025-03-02,M018,163618.0
2025-03-02,M019,177692.0
2025-03-02,M020,191766.0
2025-03-02,M021,205840.0
2025-03-02,M022,141794.0
2025-03-02,M023,155868.0
2025-03-02,M024,169942.0
2025-03-02,M025,184016.0
2025-03-02,M026,198090.0
2025-03-02,M027,212164.0
2025-03-02,M028,226238.0
2025-03-02,M029,162192.0
2025-03-02,M030,176266.0
2025-03-02,M031,190340.0
2025-03-02,M032,204414.0
2025-03-02,M033,218488.0
2025-03-02,M034,232562.0
2025-03-02,M035,246636.0
2025-03-02,M036,182590.0
2025-03-02,M037,196664.0
2025-03-02,M038,210738.0
2025-03-02,M039,224812.0
2025-03-02,M040,238886.0
2025-03-02,M041,252960.0
2025-03-02,M042,267034.0
2025-03-02,M043,202988.0
2025-03-02,M044,217062.0
2025-03-02,M045,231136.0
2025-03-02,M046,245210.0
2025-03-02,M047,259284.0
2025-03-02,M048,273358.0
2025-03-03,M001,80600.0
2025-03-03,M002,94674.0
2025-03-03,M003,108748.0
2025-03-03,M004,122822.0
2025-03-03,M005,136896.0
2025-03-03,M006,150970.0
2025-03-03,M007,165044.0
2025-03-03,M008,100998.0
2025-03-03,M009,115072.0
2025-03-03,M010,129146.0
2025-03-03,M011,143220.0
2025-03-03,M012,157294.0
2025-03-03,M013,171368.0
2025-03-03,M014,185442.0
2025-03-03,M015,121396.0
2025-03-03,M016,135470.0
2025-03-03,M017,149544.0
2025-03-03,M018,163618.0
2025-03-03,M019,177692.0
2025-03-03,M020,191766.0
2025-03-03,M021,205840.0
2025-03-03,M022,141794.0
2025-03-03,M023,155868.0
2025-03-03,M024,169942.0
2025-03-03,M025,184016.0
2025-03-03,M026,198090.0
2025-03-03,M027,212164.0
2025-03-03,M028,226238.0
2025-03-03,M029,162192.0
2025-03-03,M030,176266.0
2025-03-03,M031,190340.0
2025-03-03,M032,204414.0
2025-03-03,M033,218488.0
2025-03-03,M034,232562.0
2025-03-03,M035,246636.0
2025-03-03,M036,182590.0
2025-03-03,M037,196664.0
2025-03-03,M038,210738.0
2025-03-03,M039,224812.0
2025-03-03,M040,238886.0
2025-03-03,M041,252960.0
2025-03-03,M042,267034.0
2025-03-03,M043,202988.0
2025-03-03,M044,217062.0
2025-03-03,M045,231136.0
2025-03-03,M046,245210.0
2025-03-03,M047,259284.0
2025-03-03,M048,273358.0
2025-03-04,M001,80600.0
2025-03-04,M002,94674.0
2025-03-04,M003,108748.0
2025-03-04,M004,122822.0
2025-03-04,M005,136896.0
2025-03-04,M006,150970.0
2025-03-04,M007,165044.0
2025-03-04,M008,100998.0
2025-03-04,M009,115072.0
2025-03-04,M010,129146.0
2025-03-04,M011,143220.0
2025-03-04,M012,157294.0
2025-03-04,M013,171368.0
2025-03-04,M014,185442.0
2025-03-04,M015,121396.0
2025-03-04,M016,135470.0
2025-03-04,M017,149544.0
2025-03-04,M018,163618.0
2025-03-04,M019,177692.0
2025-03-04,M020,191766.0
2025-03-04,M021,205840.0
2025-03-04,M022,141794.0
2025-03-04,M023,155868.0
2025-03-04,M024,169942.0
2025-03-04,M025,184016.0
2025-03-04,M026,198090.0
2025-03-04,M027,212164.0
2025-03-04,M028,226238.0
2025-03-04,M029,162192.0
2025-03-04,M030,176266.0
2025-03-04,M031,190340.0
2025-03-04,M032,204414.0
2025-03-04,M033,218488.0
2025-03-04,M034,232562.0
2025-03-04,M035,246636.0
2025-03-04,M036,182590.0
2025-03-04,M037,196664.0
2025-03-04,M038,210738.0
2025-03-04,M039,224812.0
2025-03-04,M040,238886.0
2025-03-04,M041,252960.0
2025-03-04,M042,267034.0
2025-03-04,M043,202988.0
2025-03-04,M044,217062.0
2025-03-04,M045,231136.0
2025-03-04,M046,245210.0
2025-03-04,M047,259284.0
2025-03-04,M048,273358.0
2025-03-05,M001,80600.0
2025-03-05,M002,94674.0
2025-03-05,M003,108748.0
2025-03-05,M004,122822.0
2025-03-05,M005,136896.0
2025-03-05,M006,150970.0
2025-03-05,M007,165044.0
2025-03-05,M008,100998.0
2025-03-05,M009,115072.0
2025-03-05,M010,129146.0
2025-03-05,M011,143220.0
2025-03-05,M012,157294.0
2025-03-05,M013,171368.0
2025-03-05,M014,185442.0
2025-03-05,M015,121396.0
2025-03-05,M016,135470.0
2025-03-05,M017,149544.0
2025-03-05,M018,163618.0
2025-03-05,M019,177692.0
2025-03-05,M020,191766.0
2025-03-05,M021,205840.0
2025-03-05,M022,141794.0
2025-03-05,M023,155868.0
2025-03-05,M024,169942.0
2025-03-05,M025,184016.0
2025-03-05,M026,198090.0
2025-03-05,M027,212164.0
2025-03-05,M028,226238.0
2025-03-05,M029,162192.0
2025-03-05,M030,176266.0
2025-03-05,M031,190340.0
2025-03-05,M032,204414.0
2025-03-05,M033,218488.0
2025-03-05,M034,232562.0
2025-03-05,M035,246636.0
2025-03-05,M036,182590.0
2025-03-05,M037,196664.0
2025-03-05,M038,210738.0
2025-03-05,M039,224812.0
2025-03-05,M040,238886.0
2025-03-05,M041,252960.0
2025-03-05,M042,267034.0
2025-03-05,M043,202988.0
2025-03-05,M044,217062.0
2025-03-05,M045,231136.0
2025-03-05,M046,245210.0
2025-03-05,M047,259284.0
2025-03-05,M048,273358.0
2025-03-06,M001,80600.0
2025-03-06,M002,94674.0
2025-03-06,M003,108748.0
2025-03-06,M004,122822.0
2025-03-06,M005,136896.0
2025-03-06,M006,150970.0
2025-03-06,M007,165044.0
2025-03-06,M008,100998.0
2025-03-06,M009,115072.0
2025-03-06,M010,129146.0
2025-03-06,M011,143220.0
2025-03-06,M012,157294.0
2025-03-06,M013,171368.0
2025-03-06,M014,185442.0
2025-03-06,M015,121396.0
2025-03-06,M016,135470.0
2025-03-06,M017,149544.0
2025-03-06,M018,163618.0
2025-03-06,M019,177692.0
2025-03-06,M020,191766.0
2025-03-06,M021,205840.0
2025-03-06,M022,141794.0
2025-03-06,M023,155868.0
2025-03-06,M024,169942.0
2025-03-06,M025,184016.0
2025-03-06,M026,198090.0
2025-03-06,M027,212164.0
2025-03-06,M028,226238.0
2025-03-06,M029,162192.0
2025-03-06,M030,176266.0
2025-03-06,M031,190340.0
2025-03-06,M032,204414.0
2025-03-06,M033,218488.0
2025-03-06,M034,232562.0
2025-03-06,M035,246636.0
2025-03-06,M036,182590.0
2025-03-06,M037,196664.0
2025-03-06,M038,210738.0
2025-03-06,M039,224812.0
2025-03-06,M040,238886.0
2025-03-06,M041,252960.0
2025-03-06,M042,267034.0
2025-03-06,M043,202988.0
2025-03-06,M044,217062.0
2025-03-06,M045,231136.0
2025-03-06,M046,245210.0
2025-03-06,M047,259284.0
2025-03-06,M048,273358.0
2025-03-07,M001,80600.0
2025-03-07,M002,94674.0
2025-03-07,M003,108748.0
2025-03-07,M004,122822.0
2025-03-07,M005,136896.0
2025-03-07,M006,150970.0
2025-03-07,M007,165044.0
2025-03-07,M008,100998.0
2025-03-07,M009,115072.0
2025-03-07,M010,129146.0
2025-03-07,M011,143220.0
2025-03-07,M012,157294.0
2025-03-07,M013,171368.0
2025-03-07,M014,185442.0
2025-03-07,M015,121396.0
2025-03-07,M016,135470.0
2025-03-07,M017,149544.0
2025-03-07,M018,163618.0
2025-03-07,M019,177692.0
2025-03-07,M020,191766.0
2025-03-07,M021,205840.0
2025-03-07,M022,141794.0
2025-03-07,M023,155868.0
2025-03-07,M024,169942.0
2025-03-07,M025,184016.0
2025-03-07,M026,198090.0
2025-03-07,M027,212164.0
2025-03-07,M028,226238.0
2025-03-07,M029,162192.0
2025-03-07,M030,176266.0
2025-03-07,M031,190340.0
2025-03-07,M032,204414.0
2025-03-07,M033,218488.0
2025-03-07,M034,232562.0
2025-03-07,M035,246636.0
2025-03-07,M036,182590.0
2025-03-07,M037,196664.0
2025-03-07,M038,210738.0
2025-03-07,M039,224812.0
2025-03-07,M040,238886.0
2025-03-07,M041,252960.0
2025-03-07,M042,267034.0
2025-03-07,M043,202988.0
2025-03-07,M044,217062.0
2025-03-07,M045,231136.0
2025-03-07,M046,245210.0
2025-03-07,M047,259284.0
2025-03-07,M048,273358.0
2025-03-08,M001,80600.0
2025-03-08,M002,94674.0
2025-03-08,M003,108748.0
2025-03-08,M004,122822.0
2025-03-08,M005,136896.0
2025-03-08,M006,150970.0
2025-03-08,M007,165044.0
2025-03-08,M008,100998.0
2025-03-08,M009,115072.0
2025-03-08,M010,129146.0
2025-03-08,M011,143220.0
2025-03-08,M012,157294.0
2025-03-08,M013,171368.0
2025-03-08,M014,185442.0
2025-03-08,M015,121396.0
2025-03-08,M016,135470.0
2025-03-08,M017,149544.0
2025-03-08,M018,163618.0
2025-03-08,M019,177692.0
2025-03-08,M020,191766.0
2025-03-08,M021,205840.0
2025-03-08,M022,141794.0
2025-03-08,M023,155868.0
2025-03-08,M024,169942.0
2025-03-08,M025,184016.0
2025-03-08,M026,198090.0
2025-03-08,M027,212164.0
2025-03-08,M028,226238.0
2025-03-08,M029,162192.0
2025-03-08,M030,176266.0
2025-03-08,M031,190340.0
2025-03-08,M032,204414.0
2025-03-08,M033,218488.0
2025-03-08,M034,232562.0
2025-03-08,M035,246636.0
2025-03-08,M036,182590.0
2025-03-08,M037,196664.0
2025-03-08,M038,210738.0
2025-03-08,M039,224812.0
2025-03-08,M040,238886.0
2025-03-08,M041,252960.0
2025-03-08,M042,267034.0
2025-03-08,M043,202988.0
2025-03-08,M044,217062.0
2025-03-08,M045,231136.0
2025-03-08,M046,245210.0
2025-03-08,M047,259284.0
2025-03-08,M048,273358.0
2025-03-09,M001,80600.0
2025-03-09,M002,94674.0
2025-03-09,M003,108748.0
2025-03-09,M004,122822.0
2025-03-09,M005,136896.0
2025-03-09,M006,150970.0
2025-03-09,M007,165044.0
2025-03-09,M008,100998.0
2025-03-09,M009,115072.0
2025-03-09,M010,129146.0
2025-03-09,M011,143220.0
2025-03-09,M012,157294.0
2025-03-09,M013,171368.0
2025-03-09,M014,185442.0
2025-03-09,M015,121396.0
2025-03-09,M016,135470.0
2025-03-09,M017,149544.0
2025-03-09,M018,163618.0
2025-03-09,M019,177692.0
2025-03-09,M020,191766.0
2025-03-09,M021,205840.0
2025-03-09,M022,141794.0
2025-03-09,M023,155868.0
2025-03-09,M024,169942.0
2025-03-09,M025,184016.0
2025-03-09,M026,198090.0
2025-03-09,M027,212164.0
2025-03-09,M028,226238.0
2025-03-09,M029,162192.0
2025-03-09,M030,176266.0
2025-03-09,M031,190340.0
2025-03-09,M032,204414.0
2025-03-09,M033,218488.0
2025-03-09,M034,232562.0
2025-03-09,M035,246636.0
2025-03-09,M036,182590.0
2025-03-09,M037,196664.0
2025-03-09,M038,210738.0
2025-03-09,M039,224812.0
2025-03-09,M040,238886.0
2025-03-09,M041,252960.0
2025-03-09,M042,267034.0
2025-03-09,M043,202988.0
2025-03-09,M044,217062.0
2025-03-09,M045,231136.0
2025-03-09,M046,245210.0
2025-03-09,M047,259284.0
2025-03-09,M048,273358.0
2025-03-10,M001,80600.0
2025-03-10,M002,94674.0
2025-03-10,M003,108748.0
2025-03-10,M004,122822.0
2025-03-10,M005,136896.0
2025-03-10,M006,150970.0
2025-03-10,M007,165044.0
2025-03-10,M008,100998.0
2025-03-10,M009,115072.0
2025-03-10,M010,129146.0
2025-03-10,M011,143220.0
2025-03-10,M012,157294.0
2025-03-10,M013,171368.0
2025-03-10,M014,185442.0
2025-03-10,M015,121396.0
2025-03-10,M016,135470.0
2025-03-10,M017,149544.0
2025-03-10,M018,163618.0
2025-03-10,M019,177692.0
2025-03-10,M020,191766.0
2025-03-10,M021,205840.0
2025-03-10,M022,141794.0
2025-03-10,M023,155868.0
2025-03-10,M024,169942.0
2025-03-10,M025,184016.0
2025-03-10,M026,198090.0
2025-03-10,M027,212164.0
2025-03-10,M028,226238.0
2025-03-10,M029,162192.0
2025-03-10,M030,176266.0
2025-03-10,M031,190340.0
2025-03-10,M032,204414.0
2025-03-10,M033,218488.0
2025-03-10,M034,232562.0
2025-03-10,M035,246636.0
2025-03-10,M036,182590.0
2025-03-10,M037,196664.0
2025-03-10,M038,210738.0
2025-03-10,M039,224812.0
2025-03-10,M040,238886.0
2025-03-10,M041,252960.0
2025-03-10,M042,267034.0
2025-03-10,M043,202988.0
2025-03-10,M044,217062.0
2025-03-10,M045,231136.0
2025-03-10,M046,245210.0
2025-03-10,M047,259284.0
2025-03-10,M048,273358.0
2025-03-11,M001,80600.0
2025-03-11,M002,94674.0
2025-03-11,M003,108748.0
2025-03-11,M004,122822.0
2025-03-11,M005,136896.0
2025-03-11,M006,150970.0
2025-03-11,M007,165044.0
2025-03-11,M008,100998.0
2025-03-11,M009,115072.0
2025-03-11,M010,129146.0
2025-03-11,M011,143220.0
2025-03-11,M012,157294.0
2025-03-11,M013,171368.0
2025-03-11,M014,185442.0
2025-03-11,M015,121396.0
2025-03-11,M016,135470.0
2025-03-11,M017,149544.0
2025-03-11,M018,163618.0
2025-03-11,M019,177692.0
2025-03-11,M020,191766.0
2025-03-11,M021,205840.0
2025-03-11,M022,141794.0
2025-03-11,M023,155868.0
2025-03-11,M024,169942.0
2025-03-11,M025,184016.0
2025-03-11,M026,198090.0
2025-03-11,M027,212164.0
2025-03-11,M028,226238.0
2025-03-11,M029,162192.0
2025-03-11,M030,176266.0
2025-03-11,M031,190340.0
2025-03-11,M032,204414.0
2025-03-11,M033,218488.0
2025-03-11,M034,232562.0
2025-03-11,M035,246636.0
2025-03-11,M036,182590.0
2025-03-11,M037,196664.0
2025-03-11,M038,210738.0
2025-03-11,M039,224812.0
2025-03-11,M040,238886.0
2025-03-11,M041,252960.0
2025-03-11,M042,267034.0
2025-03-11,M043,202988.0
2025-03-11,M044,217062.0
2025-03-11,M045,231136.0
2025-03-11,M046,245210.0
2025-03-11,M047,259284.0
2025-03-11,M048,273358.0
2025-03-12,M001,80600.0
2025-03-12,M002,94674.0
2025-03-12,M003,108748.0
2025-03-12,M004,122822.0
2025-03-12,M005,136896.0
2025-03-12,M006,150970.0
2025-03-12,M007,165044.0
2025-03-12,M008,100998.0
2025-03-12,M009,115072.0
2025-03-12,M010,129146.0
2025-03-12,M011,143220.0
2025-03-12,M012,157294.0
2025-03-12,M013,171368.0
2025-03-12,M014,185442.0
2025-03-12,M015,121396.0
2025-03-12,M016,135470.0
2025-03-12,M017,149544.0
2025-03-12,M018,163618.0
2025-03-12,M019,177692.0
2025-03-12,M020,191766.0
2025-03-12,M021,205840.0
2025-03-12,M022,141794.0
2025-03-12,M023,155868.0
2025-03-12,M024,169942.0
2025-03-12,M025,184016.0
2025-03-12,M026,198090.0
2025-03-12,M027,212164.0
2025-03-12,M028,226238.0
2025-03-12,M029,162192.0
2025-03-12,M030,176266.0
2025-03-12,M031,190340.0
2025-03-12,M032,204414.0
2025-03-12,M033,218488.0
2025-03-12,M034,232562.0
2025-03-12,M035,246636.0
2025-03-12,M036,182590.0
2025-03-12,M037,196664.0
2025-03-12,M038,210738.0
2025-03-12,M039,224812.0
2025-03-12,M040,238886.0
2025-03-12,M041,252960.0
2025-03-12,M042,267034.0
2025-03-12,M043,202988.0
2025-03-12,M044,217062.0
2025-03-12,M045,231136.0
2025-03-12,M046,245210.0
2025-03-12,M047,259284.0
2025-03-12,M048,273358.0
2025-03-13,M001,80600.0
2025-03-13,M002,94674.0
2025-03-13,M003,108748.0
2025-03-13,M004,122822.0
2025-03-13,M005,136896.0
2025-03-13,M006,150970.0
2025-03-13,M007,165044.0
2025-03-13,M008,100998.0
2025-03-13,M009,115072.0
2025-03-13,M010,129146.0
2025-03-13,M011,143220.0
2025-03-13,M012,157294.0
2025-03-13,M013,171368.0
2025-03-13,M014,185442.0
2025-03-13,M015,121396.0
2025-03-13,M016,135470.0
2025-03-13,M017,149544.0
2025-03-13,M018,163618.0
2025-03-13,M019,177692.0
2025-03-13,M020,191766.0
2025-03-13,M021,205840.0
2025-03-13,M022,141794.0
2025-03-13,M023,155868.0
2025-03-13,M024,169942.0
2025-03-13,M025,184016.0
2025-03-13,M026,198090.0
2025-03-13,M027,212164.0
2025-03-13,M028,226238.0
2025-03-13,M029,162192.0
2025-03-13,M030,176266.0
2025-03-13,M031,190340.0
2025-03-13,M032,204414.0
2025-03-13,M033,218488.0
2025-03-13,M034,232562.0
2025-03-13,M035,246636.0
2025-03-13,M036,182590.0
2025-03-13,M037,196664.0
2025-03-13,M038,210738.0
2025-03-13,M039,224812.0
2025-03-13,M040,238886.0
2025-03-13,M041,252960.0
2025-03-13,M042,267034.0
2025-03-13,M043,202988.0
2025-03-13,M044,217062.0
2025-03-13,M045,231136.0
2025-03-13,M046,245210.0
2025-03-13,M047,259284.0
2025-03-13,M048,273358.0
2025-03-14,M001,80600.0
2025-03-14,M002,94674.0
2025-03-14,M003,108748.0
2025-03-14,M004,122822.0
2025-03-14,M005,136896.0
2025-03-14,M006,150970.0
2025-03-14,M007,165044.0
2025-03-14,M008,100998.0
2025-03-14,M009,115072.0
2025-03-14,M010,129146.0
2025-03-14,M011,143220.0
2025-03-14,M012,157294.0
2025-03-14,M013,171368.0
2025-03-14,M014,185442.0
2025-03-14,M015,121396.0
2025-03-14,M016,135470.0
2025-03-14,M017,149544.0
2025-03-14,M018,163618.0
2025-03-14,M019,177692.0
2025-03-14,M020,191766.0
2025-03-14,M021,205840.0
2025-03-14,M022,141794.0
2025-03-14,M023,155868.0
2025-03-14,M024,169942.0
2025-03-14,M025,184016.0
2025-03-14,M026,198090.0
2025-03-14,M027,212164.0
2025-03-14,M028,226238.0
2025-03-14,M029,162192.0
2025-03-14,M030,176266.0
2025-03-14,M031,190340.0
2025-03-14,M032,204414.0
2025-03-14,M033,218488.0
2025-03-14,M034,232562.0
2025-03-14,M035,246636.0
2025-03-14,M036,182590.0
2025-03-14,M037,196664.0
2025-03-14,M038,210738.0
2025-03-14,M039,224812.0
2025-03-14,M040,238886.0
2025-03-14,M041,252960.0
2025-03-14,M042,267034.0
2025-03-14,M043,202988.0
2025-03-14,M044,217062.0
2025-03-14,M045,231136.0
2025-03-14,M046,245210.0
2025-03-14,M047,259284.0
2025-03-14,M048,273358.0
2025-03-15,M001,80600.0
2025-03-15,M002,94674.0
2025-03-15,M003,108748.0
2025-03-15,M004,122822.0
2025-03-15,M005,136896.0
2025-03-15,M006,150970.0
2025-03-15,M007,165044.0
2025-03-15,M008,100998.0
2025-03-15,M009,115072.0
2025-03-15,M010,129146.0
2025-03-15,M011,143220.0
2025-03-15,M012,157294.0
2025-03-15,M013,171368.0
2025-03-15,M014,185442.0
2025-03-15,M015,121396.0
2025-03-15,M016,135470.0
2025-03-15,M017,149544.0
2025-03-15,M018,163618.0
2025-03-15,M019,177692.0
2025-03-15,M020,191766.0
2025-03-15,M021,205840.0
2025-03-15,M022,141794.0
2025-03-15,M023,155868.0
2025-03-15,M024,169942.0
2025-03-15,M025,184016.0
2025-03-15,M026,198090.0
2025-03-15,M027,212164.0
2025-03-15,M028,226238.0
2025-03-15,M029,162192.0
2025-03-15,M030,176266.0
2025-03-15,M031,190340.0
2025-03-15,M032,204414.0
2025-03-15,M033,218488.0
2025-03-15,M034,232562.0
2025-03-15,M035,246636.0
2025-03-15,M036,182590.0
2025-03-15,M037,196664.0
2025-03-15,M038,210738.0
2025-03-15,M039,224812.0
2025-03-15,M040,238886.0
2025-03-15,M041,252960.0
2025-03-15,M042,267034.0
2025-03-15,M043,202988.0
2025-03-15,M044,217062.0
2025-03-15,M045,231136.0
2025-03-15,M046,245210.0
2025-03-15,M047,259284.0
2025-03-15,M048,273358.0
2025-03-16,M001,80600.0
2025-03-16,M002,94674.0
2025-03-16,M003,108748.0
2025-03-16,M004,122822.0
2025-03-16,M005,136896.0
2025-03-16,M006,150970.0
2025-03-16,M007,165044.0
2025-03-16,M008,100998.0
2025-03-16,M009,115072.0
2025-03-16,M010,129146.0
2025-03-16,M011,143220.0
2025-03-16,M012,157294.0
2025-03-16,M013,171368.0
2025-03-16,M014,185442.0
2025-03-16,M015,121396.0
2025-03-16,M016,135470.0
2025-03-16,M017,149544.0
2025-03-16,M018,163618.0
2025-03-16,M019,177692.0
2025-03-16,M020,191766.0
2025-03-16,M021,205840.0
2025-03-16,M022,141794.0
2025-03-16,M023,155868.0
2025-03-16,M024,169942.0
2025-03-16,M025,184016.0
2025-03-16,M026,198090.0
2025-03-16,M027,212164.0
2025-03-16,M028,226238.0
2025-03-16,M029,162192.0
2025-03-16,M030,176266.0
2025-03-16,M031,190340.0
2025-03-16,M032,204414.0
2025-03-16,M033,218488.0
2025-03-16,M034,232562.0
2025-03-16,M035,246636.0
2025-03-16,M036,182590.0
2025-03-16,M037,196664.0
2025-03-16,M038,210738.0
2025-03-16,M039,224812.0
2025-03-16,M040,238886.0
2025-03-16,M041,252960.0
2025-03-16,M042,267034.0
2025-03-16,M043,202988.0
2025-03-16,M044,217062.0
2025-03-16,M045,231136.0
2025-03-16,M046,245210.0
2025-03-16,M047,259284.0
2025-03-16,M048,273358.0
2025-03-17,M001,80600.0
2025-03-17,M002,94674.0
2025-03-17,M003,108748.0
2025-03-17,M004,122822.0
2025-03-17,M005,136896.0
2025-03-17,M006,150970.0
2025-03-17,M007,165044.0
2025-03-17,M008,100998.0
2025-03-17,M009,115072.0
2025-03-17,M010,129146.0
2025-03-17,M011,143220.0
2025-03-17,M012,157294.0
2025-03-17,M013,171368.0
2025-03-17,M014,185442.0
2025-03-17,M015,121396.0
2025-03-17,M016,135470.0
2025-03-17,M017,149544.0
2025-03-17,M018,163618.0
2025-03-17,M019,177692.0
2025-03-17,M020,191766.0
2025-03-17,M021,205840.0
2025-03-17,M022,141794.0
2025-03-17,M023,155868.0
2025-03-17,M024,169942.0
2025-03-17,M025,184016.0
2025-03-17,M026,198090.0
2025-03-17,M027,212164.0
2025-03-17,M028,226238.0
2025-03-17,M029,162192.0
2025-03-17,M030,176266.0
2025-03-17,M031,190340.0
2025-03-17,M032,204414.0
2025-03-17,M033,218488.0
2025-03-17,M034,232562.0
2025-03-17,M035,246636.0
2025-03-17,M036,182590.0
2025-03-17,M037,196664.0
2025-03-17,M038,210738.0
2025-03-17,M039,224812.0
2025-03-17,M040,238886.0
2025-03-17,M041,252960.0
2025-03-17,M042,267034.0
2025-03-17,M043,202988.0
2025-03-17,M044,217062.0
2025-03-17,M045,231136.0
2025-03-17,M046,245210.0
2025-03-17,M047,259284.0
2025-03-17,M048,273358.0
2025-03-18,M001,80600.0
2025-03-18,M002,94674.0
2025-03-18,M003,108748.0
2025-03-18,M004,122822.0
2025-03-18,M005,136896.0
2025-03-18,M006,150970.0
2025-03-18,M007,165044.0
2025-03-18,M008,100998.0
2025-03-18,M009,115072.0
2025-03-18,M010,129146.0
2025-03-18,M011,143220.0
2025-03-18,M012,157294.0
2025-03-18,M013,171368.0
2025-03-18,M014,185442.0
2025-03-18,M015,121396.0
2025-03-18,M016,135470.0
2025-03-18,M017,149544.0
2025-03-18,M018,163618.0
2025-03-18,M019,177692.0
2025-03-18,M020,191766.0
2025-03-18,M021,205840.0
2025-03-18,M022,141794.0
2025-03-18,M023,155868.0
2025-03-18,M024,169942.0
2025-03-18,M025,184016.0
2025-03-18,M026,198090.0
2025-03-18,M027,212164.0
2025-03-18,M028,226238.0
2025-03-18,M029,162192.0
2025-03-18,M030,176266.0
2025-03-18,M031,190340.0
2025-03-18,M032,204414.0
2025-03-18,M033,218488.0
2025-03-18,M034,232562.0
2025-03-18,M035,246636.0
2025-03-18,M036,182590.0
2025-03-18,M037,196664.0
2025-03-18,M038,210738.0
2025-03-18,M039,224812.0
2025-03-18,M040,238886.0
2025-03-18,M041,252960.0
2025-03-18,M042,267034.0
2025-03-18,M043,202988.0
2025-03-18,M044,217062.0
2025-03-18,M045,231136.0
2025-03-18,M046,245210.0
2025-03-18,M047,259284.0
2025-03-18,M048,273358.0
2025-03-19,M001,80600.0
2025-03-19,M002,94674.0
2025-03-19,M003,108748.0
2025-03-19,M004,122822.0
2025-03-19,M005,136896.0
2025-03-19,M006,150970.0
2025-03-19,M007,165044.0
2025-03-19,M008,100998.0
2025-03-19,M009,115072.0
2025-03-19,M010,129146.0
2025-03-19,M011,143220.0
2025-03-19,M012,157294.0
2025-03-19,M013,171368.0
2025-03-19,M014,185442.0
2025-03-19,M015,121396.0
2025-03-19,M016,135470.0
2025-03-19,M017,149544.0
2025-03-19,M018,163618.0
2025-03-19,M019,177692.0
2025-03-19,M020,191766.0
2025-03-19,M021,205840.0
2025-03-19,M022,141794.0
2025-03-19,M023,155868.0
2025-03-19,M024,169942.0
2025-03-19,M025,184016.0
2025-03-19,M026,198090.0
2025-03-19,M027,212164.0
2025-03-19,M028,226238.0
2025-03-19,M029,162192.0
2025-03-19,M030,176266.0
2025-03-19,M031,190340.0
2025-03-19,M032,204414.0
2025-03-19,M033,218488.0
2025-03-19,M034,232562.0
2025-03-19,M035,246636.0
2025-03-19,M036,182590.0
2025-03-19,M037,196664.0
2025-03-19,M038,210738.0
2025-03-19,M039,224812.0
2025-03-19,M040,238886.0
2025-03-19,M041,252960.0
2025-03-19,M042,267034.0
2025-03-19,M043,202988.0
2025-03-19,M044,217062.0
2025-03-19,M045,231136.0
2025-03-19,M046,245210.0
2025-03-19,M047,259284.0
2025-03-19,M048,273358.0
2025-03-20,M001,80600.0
2025-03-20,M002,94674.0
2025-03-20,M003,108748.0
2025-03-20,M004,122822.0
2025-03-20,M005,136896.0
2025-03-20,M006,150970.0
2025-03-20,M007,165044.0
2025-03-20,M008,100998.0
2025-03-20,M009,115072.0
2025-03-20,M010,129146.0
2025-03-20,M011,143220.0
2025-03-20,M012,157294.0
2025-03-20,M013,171368.0
2025-03-20,M014,185442.0
2025-03-20,M015,121396.0
2025-03-20,M016,135470.0
2025-03-20,M017,149544.0
2025-03-20,M018,163618.0
2025-03-20,M019,177692.0
2025-03-20,M020,191766.0
2025-03-20,M021,205840.0
2025-03-20,M022,141794.0
2025-03-20,M023,155868.0
2025-03-20,M024,169942.0
2025-03-20,M025,184016.0
2025-03-20,M026,198090.0
2025-03-20,M027,212164.0
2025-03-20,M028,226238.0
2025-03-20,M029,162192.0
2025-03-20,M030,176266.0
2025-03-20,M031,190340.0
2025-03-20,M032,204414.0
2025-03-20,M033,218488.0
2025-03-20,M034,232562.0
2025-03-20,M035,246636.0
2025-03-20,M036,182590.0
2025-03-20,M037,196664.0
2025-03-20,M038,210738.0
2025-03-20,M039,224812.0
2025-03-20,M040,238886.0
2025-03-20,M041,252960.0
2025-03-20,M042,267034.0
2025-03-20,M043,202988.0
2025-03-20,M044,217062.0
2025-03-20,M045,231136.0
2025-03-20,M046,245210.0
2025-03-20,M047,259284.0
2025-03-20,M048,273358.0
2025-03-21,M001,80600.0
2025-03-21,M002,94674.0
2025-03-21,M003,108748.0
2025-03-21,M004,122822.0
2025-03-21,M005,136896.0
2025-03-21,M006,150970.0
2025-03-21,M007,165044.0
2025-03-21,M008,100998.0
2025-03-21,M009,115072.0
2025-03-21,M010,129146.0
2025-03-21,M011,143220.0
2025-03-21,M012,157294.0
2025-03-21,M013,171368.0
2025-03-21,M014,185442.0
2025-03-21,M015,121396.0
2025-03-21,M016,135470.0
2025-03-21,M017,149544.0
2025-03-21,M018,163618.0
2025-03-21,M019,177692.0
2025-03-21,M020,191766.0
2025-03-21,M021,205840.0
2025-03-21,M022,141794.0
2025-03-21,M023,155868.0
2025-03-21,M024,169942.0
2025-03-21,M025,184016.0
2025-03-21,M026,198090.0
2025-03-21,M027,212164.0
2025-03-21,M028,226238.0
2025-03-21,M029,162192.0
2025-03-21,M030,176266.0
2025-03-21,M031,190340.0
2025-03-21,M032,204414.0
2025-03-21,M033,218488.0
2025-03-21,M034,232562.0
2025-03-21,M035,246636.0
2025-03-21,M036,182590.0
2025-03-21,M037,196664.0
2025-03-21,M038,210738.0
2025-03-21,M039,224812.0
2025-03-21,M040,238886.0
2025-03-21,M041,252960.0
2025-03-21,M042,267034.0
2025-03-21,M043,202988.0
2025-03-21,M044,217062.0
2025-03-21,M045,231136.0
2025-03-21,M046,245210.0
2025-03-21,M047,259284.0
2025-03-21,M048,273358.0
2025-03-22,M001,80600.0
2025-03-22,M002,94674.0
2025-03-22,M003,108748.0
2025-03-22,M004,122822.0
2025-03-22,M005,136896.0
2025-03-22,M006,150970.0
2025-03-22,M007,165044.0
2025-03-22,M008,100998.0
2025-03-22,M009,115072.0
2025-03-22,M010,129146.0
2025-03-22,M011,143220.0
2025-03-22,M012,157294.0
2025-03-22,M013,171368.0
2025-03-22,M014,185442.0
2025-03-22,M015,121396.0
2025-03-22,M016,135470.0
2025-03-22,M017,149544.0
2025-03-22,M018,163618.0
2025-03-22,M019,177692.0
2025-03-22,M020,191766.0
2025-03-22,M021,205840.0
2025-03-22,M022,141794.0
2025-03-22,M023,155868.0
2025-03-22,M024,169942.0
2025-03-22,M025,184016.0
2025-03-22,M026,198090.0
2025-03-22,M027,212164.0
2025-03-22,M028,226238.0
2025-03-22,M029,162192.0
2025-03-22,M030,176266.0
2025-03-22,M031,190340.0
2025-03-22,M032,204414.0
2025-03-22,M033,218488.0
2025-03-22,M034,232562.0
2025-03-22,M035,246636.0
2025-03-22,M036,182590.0
2025-03-22,M037,196664.0
2025-03-22,M038,210738.0
2025-03-22,M039,224812.0
2025-03-22,M040,238886.0
2025-03-22,M041,252960.0
2025-03-22,M042,267034.0
2025-03-22,M043,202988.0
2025-03-22,M044,217062.0
2025-03-22,M045,231136.0
2025-03-22,M046,245210.0
2025-03-22,M047,259284.0
2025-03-22,M048,273358.0
2025-03-23,M001,80600.0
2025-03-23,M002,94674.0
2025-03-23,M003,108748.0
2025-03-23,M004,122822.0
2025-03-23,M005,136896.0
2025-03-23,M006,150970.0
2025-03-23,M007,165044.0
2025-03-23,M008,100998.0
2025-03-23,M009,115072.0
2025-03-23,M010,129146.0
2025-03-23,M011,143220.0
2025-03-23,M012,157294.0
2025-03-23,M013,171368.0
2025-03-23,M014,185442.0
2025-03-23,M015,121396.0
2025-03-23,M016,135470.0
2025-03-23,M017,149544.0
2025-03-23,M018,163618.0
2025-03-23,M019,177692.0
2025-03-23,M020,191766.0
2025-03-23,M021,205840.0
2025-03-23,M022,141794.0
2025-03-23,M023,155868.0
2025-03-23,M024,169942.0
2025-03-23,M025,184016.0
2025-03-23,M026,198090.0
2025-03-23,M027,212164.0
2025-03-23,M028,226238.0
2025-03-23,M029,162192.0
2025-03-23,M030,176266.0
2025-03-23,M031,190340.0
2025-03-23,M032,204414.0
2025-03-23,M033,218488.0
2025-03-23,M034,232562.0
2025-03-23,M035,246636.0
2025-03-23,M036,182590.0
2025-03-23,M037,196664.0
2025-03-23,M038,210738.0
2025-03-23,M039,224812.0
2025-03-23,M040,238886.0
2025-03-23,M041,252960.0
2025-03-23,M042,267034.0
2025-03-23,M043,202988.0
2025-03-23,M044,217062.0
2025-03-23,M045,231136.0
2025-03-23,M046,245210.0
2025-03-23,M047,259284.0
2025-03-23,M048,273358.0
2025-03-24,M001,80600.0
2025-03-24,M002,94674.0
2025-03-24,M003,108748.0
2025-03-24,M004,122822.0
2025-03-24,M005,136896.0
2025-03-24,M006,150970.0
2025-03-24,M007,165044.0
2025-03-24,M008,100998.0
2025-03-24,M009,115072.0
2025-03-24,M010,129146.0
2025-03-24,M011,143220.0
2025-03-24,M012,157294.0
2025-03-24,M013,171368.0
2025-03-24,M014,185442.0
2025-03-24,M015,121396.0
2025-03-24,M016,135470.0
2025-03-24,M017,149544.0
2025-03-24,M018,163618.0
2025-03-24,M019,177692.0
2025-03-24,M020,191766.0
2025-03-24,M021,205840.0
2025-03-24,M022,141794.0
2025-03-24,M023,155868.0
2025-03-24,M024,169942.0
2025-03-24,M025,184016.0
2025-03-24,M026,198090.0
2025-03-24,M027,212164.0
2025-03-24,M028,226238.0
2025-03-24,M029,162192.0
2025-03-24,M030,176266.0
2025-03-24,M031,190340.0
2025-03-24,M032,204414.0
2025-03-24,M033,218488.0
2025-03-24,M034,232562.0
2025-03-24,M035,246636.0
2025-03-24,M036,182590.0
2025-03-24,M037,196664.0
2025-03-24,M038,210738.0
2025-03-24,M039,224812.0
2025-03-24,M040,238886.0
2025-03-24,M041,252960.0
2025-03-24,M042,267034.0
2025-03-24,M043,202988.0
2025-03-24,M044,217062.0
2025-03-24,M045,231136.0
2025-03-24,M046,245210.0
2025-03-24,M047,259284.0
2025-03-24,M048,273358.0
2025-03-25,M001,80600.0
2025-03-25,M002,94674.0
2025-03-25,M003,108748.0
2025-03-25,M004,122822.0
2025-03-25,M005,136896.0
2025-03-25,M006,150970.0
2025-03-25,M007,165044.0
2025-03-25,M008,100998.0
2025-03-25,M009,115072.0
2025-03-25,M010,129146.0
2025-03-25,M011,143220.0
2025-03-25,M012,157294.0
2025-03-25,M013,171368.0
2025-03-25,M014,185442.0
2025-03-25,M015,121396.0
2025-03-25,M016,135470.0
2025-03-25,M017,149544.0
2025-03-25,M018,163618.0
2025-03-25,M019,177692.0
2025-03-25,M020,191766.0
2025-03-25,M021,205840.0
2025-03-25,M022,141794.0
2025-03-25,M023,155868.0
2025-03-25,M024,169942.0
2025-03-25,M025,184016.0
2025-03-25,M026,198090.0
2025-03-25,M027,212164.0
2025-03-25,M028,226238.0
2025-03-25,M029,162192.0
2025-03-25,M030,176266.0
2025-03-25,M031,190340.0
2025-03-25,M032,204414.0
2025-03-25,M033,218488.0
2025-03-25,M034,232562.0
2025-03-25,M035,246636.0
2025-03-25,M036,182590.0
2025-03-25,M037,196664.0
2025-03-25,M038,210738.0
2025-03-25,M039,224812.0
2025-03-25,M040,238886.0
2025-03-25,M041,252960.0
2025-03-25,M042,267034.0
2025-03-25,M043,202988.0
2025-03-25,M044,217062.0
2025-03-25,M045,231136.0
2025-03-25,M046,245210.0
2025-03-25,M047,259284.0
2025-03-25,M048,273358.0
2025-03-26,M001,80600.0
2025-03-26,M002,94674.0
2025-03-26,M003,108748.0
2025-03-26,M004,122822.0
2025-03-26,M005,136896.0
2025-03-26,M006,150970.0
2025-03-26,M007,165044.0
2025-03-26,M008,100998.0
2025-03-26,M009,115072.0
2025-03-26,M010,129146.0
2025-03-26,M011,143220.0
2025-03-26,M012,157294.0
2025-03-26,M013,171368.0
2025-03-26,M014,185442.0
2025-03-26,M015,121396.0
2025-03-26,M016,135470.0
2025-03-26,M017,149544.0
2025-03-26,M018,163618.0
2025-03-26,M019,177692.0
2025-03-26,M020,191766.0
2025-03-26,M021,205840.0
2025-03-26,M022,141794.0
2025-03-26,M023,155868.0
2025-03-26,M024,169942.0
2025-03-26,M025,184016.0
2025-03-26,M026,198090.0
2025-03-26,M027,212164.0
2025-03-26,M028,226238.0
2025-03-26,M029,162192.0
2025-03-26,M030,176266.0
2025-03-26,M031,190340.0
2025-03-26,M032,204414.0
2025-03-26,M033,218488.0
2025-03-26,M034,232562.0
2025-03-26,M035,246636.0
2025-03-26,M036,182590.0
2025-03-26,M037,196664.0
2025-03-26,M038,210738.0
2025-03-26,M039,224812.0
2025-03-26,M040,238886.0
2025-03-26,M041,252960.0
2025-03-26,M042,267034.0
2025-03-26,M043,202988.0
2025-03-26,M044,217062.0
2025-03-26,M045,231136.0
2025-03-26,M046,245210.0
2025-03-26,M047,259284.0
2025-03-26,M048,273358.0
2025-03-27,M001,80600.0
2025-03-27,M002,94674.0
2025-03-27,M003,108748.0
2025-03-27,M004,122822.0
2025-03-27,M005,136896.0
2025-03-27,M006,150970.0
2025-03-27,M007,165044.0
2025-03-27,M008,100998.0
2025-03-27,M009,115072.0
2025-03-27,M010,129146.0
2025-03-27,M011,143220.0
2025-03-27,M012,157294.0
2025-03-27,M013,171368.0
2025-03-27,M014,185442.0
2025-03-27,M015,121396.0
2025-03-27,M016,135470.0
2025-03-27,M017,149544.0
2025-03-27,M018,163618.0
2025-03-27,M019,177692.0
2025-03-27,M020,191766.0
2025-03-27,M021,205840.0
2025-03-27,M022,141794.0
2025-03-27,M023,155868.0
2025-03-27,M024,169942.0
2025-03-27,M025,184016.0
2025-03-27,M026,198090.0
2025-03-27,M027,212164.0
2025-03-27,M028,226238.0
2025-03-27,M029,162192.0
2025-03-27,M030,176266.0
2025-03-27,M031,190340.0
2025-03-27,M032,204414.0
2025-03-27,M033,218488.0
2025-03-27,M034,232562.0
2025-03-27,M035,246636.0
2025-03-27,M036,182590.0
2025-03-27,M037,196664.0
2025-03-27,M038,210738.0
2025-03-27,M039,224812.0
2025-03-27,M040,238886.0
2025-03-27,M041,252960.0
2025-03-27,M042,267034.0
2025-03-27,M043,202988.0
2025-03-27,M044,217062.0
2025-03-27,M045,231136.0
2025-03-27,M046,245210.0
2025-03-27,M047,259284.0
2025-03-27,M048,273358.0
2025-03-28,M001,80600.0
2025-03-28,M002,94674.0
2025-03-28,M003,108748.0
2025-03-28,M004,122822.0
2025-03-28,M005,136896.0
2025-03-28,M006,150970.0
2025-03-28,M007,165044.0
2025-03-28,M008,100998.0
2025-03-28,M009,115072.0
2025-03-28,M010,129146.0
2025-03-28,M011,143220.0
2025-03-28,M012,157294.0
2025-03-28,M013,171368.0
2025-03-28,M014,185442.0
2025-03-28,M015,121396.0
2025-03-28,M016,135470.0
2025-03-28,M017,149544.0
2025-03-28,M018,163618.0
2025-03-28,M019,177692.0
2025-03-28,M020,191766.0
2025-03-28,M021,205840.0
2025-03-28,M022,141794.0
2025-03-28,M023,155868.0
2025-03-28,M024,169942.0
2025-03-28,M025,184016.0
2025-03-28,M026,198090.0
2025-03-28,M027,212164.0
2025-03-28,M028,226238.0
2025-03-28,M029,162192.0
2025-03-28,M030,176266.0
2025-03-28,M031,190340.0
2025-03-28,M032,204414.0
2025-03-28,M033,218488.0
2025-03-28,M034,232562.0
2025-03-28,M035,246636.0
2025-03-28,M036,182590.0
2025-03-28,M037,196664.0
2025-03-28,M038,210738.0
2025-03-28,M039,224812.0
2025-03-28,M040,238886.0
2025-03-28,M041,252960.0
2025-03-28,M042,267034.0
2025-03-28,M043,202988.0
2025-03-28,M044,217062.0
2025-03-28,M045,231136.0
2025-03-28,M046,245210.0
2025-03-28,M047,259284.0
2025-03-28,M048,273358.0
2025-03-29,M001,80600.0
2025-03-29,M002,94674.0
2025-03-29,M003,108748.0
2025-03-29,M004,122822.0
2025-03-29,M005,136896.0
2025-03-29,M006,150970.0
2025-03-29,M007,165044.0
2025-03-29,M008,100998.0
2025-03-29,M009,115072.0
2025-03-29,M010,129146.0
2025-03-29,M011,143220.0
2025-03-29,M012,157294.0
2025-03-29,M013,171368.0
2025-03-29,M014,185442.0
2025-03-29,M015,121396.0
2025-03-29,M016,135470.0
2025-03-29,M017,149544.0
2025-03-29,M018,163618.0
2025-03-29,M019,177692.0
2025-03-29,M020,191766.0
2025-03-29,M021,205840.0
2025-03-29,M022,141794.0
2025-03-29,M023,155868.0
2025-03-29,M024,169942.0
2025-03-29,M025,184016.0
2025-03-29,M026,198090.0
2025-03-29,M027,212164.0
2025-03-29,M028,226238.0
2025-03-29,M029,162192.0
2025-03-29,M030,176266.0
2025-03-29,M031,190340.0
2025-03-29,M032,204414.0
2025-03-29,M033,218488.0
2025-03-29,M034,232562.0
2025-03-29,M035,246636.0
2025-03-29,M036,182590.0
2025-03-29,M037,196664.0
2025-03-29,M038,210738.0
2025-03-29,M039,224812.0
2025-03-29,M040,238886.0
2025-03-29,M041,252960.0
2025-03-29,M042,267034.0
2025-03-29,M043,202988.0
2025-03-29,M044,217062.0
2025-03-29,M045,231136.0
2025-03-29,M046,245210.0
2025-03-29,M047,259284.0
2025-03-29,M048,273358.0
2025-03-30,M001,80600.0
2025-03-30,M002,94674.0
2025-03-30,M003,108748.0
2025-03-30,M004,122822.0
2025-03-30,M005,136896.0
2025-03-30,M006,150970.0
2025-03-30,M007,165044.0
2025-03-30,M008,100998.0
2025-03-30,M009,115072.0
2025-03-30,M010,129146.0
2025-03-30,M011,143220.0
2025-03-30,M012,157294.0
2025-03-30,M013,171368.0
2025-03-30,M014,185442.0
2025-03-30,M015,121396.0
2025-03-30,M016,135470.0
2025-03-30,M017,149544.0
2025-03-30,M018,163618.0
2025-03-30,M019,177692.0
2025-03-30,M020,191766.0
2025-03-30,M021,205840.0
2025-03-30,M022,141794.0
2025-03-30,M023,155868.0
2025-03-30,M024,169942.0
2025-03-30,M025,184016.0
2025-03-30,M026,198090.0
2025-03-30,M027,212164.0
2025-03-30,M028,226238.0
2025-03-30,M029,162192.0
2025-03-30,M030,176266.0
2025-03-30,M031,190340.0
2025-03-30,M032,204414.0
2025-03-30,M033,218488.0
2025-03-30,M034,232562.0
2025-03-30,M035,246636.0
2025-03-30,M036,182590.0
2025-03-30,M037,196664.0
2025-03-30,M038,210738.0
2025-03-30,M039,224812.0
2025-03-30,M040,238886.0
2025-03-30,M041,252960.0
2025-03-30,M042,267034.0
2025-03-30,M043,202988.0
2025-03-30,M044,217062.0
2025-03-30,M045,231136.0
2025-03-30,M046,245210.0
2025-03-30,M047,259284.0
2025-03-30,M048,273358.0
2025-03-31,M001,80600.0
2025-03-31,M002,94674.0
2025-03-31,M003,108748.0
2025-03-31,M004,122822.0
2025-03-31,M005,136896.0
2025-03-31,M006,150970.0
2025-03-31,M007,165044.0
2025-03-31,M008,100998.0
2025-03-31,M009,115072.0
2025-03-31,M010,129146.0
2025-03-31,M011,143220.0
2025-03-31,M012,157294.0
2025-03-31,M013,171368.0
2025-03-31,M014,185442.0
2025-03-31,M015,121396.0
2025-03-31,M016,135470.0
2025-03-31,M017,149544.0
2025-03-31,M018,163618.0
2025-03-31,M019,177692.0
2025-03-31,M020,191766.0
2025-03-31,M021,205840.0
2025-03-31,M022,141794.0
2025-03-31,M023,155868.0
2025-03-31,M024,169942.0
2025-03-31,M025,184016.0
2025-03-31,M026,198090.0
2025-03-31,M027,212164.0
2025-03-31,M028,226238.0
2025-03-31,M029,162192.0
2025-03-31,M030,176266.0
2025-03-31,M031,190340.0
2025-03-31,M032,204414.0
2025-03-31,M033,218488.0
2025-03-31,M034,232562.0
2025-03-31,M035,246636.0
2025-03-31,M036,182590.0
2025-03-31,M037,196664.0
2025-03-31,M038,210738.0
2025-03-31,M039,224812.0
2025-03-31,M040,238886.0
2025-03-31,M041,252960.0
2025-03-31,M042,267034.0
2025-03-31,M043,202988.0
2025-03-31,M044,217062.0
2025-03-31,M045,231136.0
2025-03-31,M046,245210.0
2025-03-31,M047,259284.0
2025-03-31,M048,273358.0
2025-04-01,M001,80600.0
2025-04-01,M002,94674.0
2025-04-01,M003,108748.0
2025-04-01,M004,122822.0
2025-04-01,M005,136896.0
2025-04-01,M006,150970.0
2025-04-01,M007,165044.0
2025-04-01,M008,100998.0
2025-04-01,M009,115072.0
2025-04-01,M010,129146.0
2025-04-01,M011,143220.0
2025-04-01,M012,157294.0
2025-04-01,M013,171368.0
2025-04-01,M014,185442.0
2025-04-01,M015,121396.0
2025-04-01,M016,135470.0
2025-04-01,M017,149544.0
2025-04-01,M018,163618.0
2025-04-01,M019,177692.0
2025-04-01,M020,191766.0
2025-04-01,M021,205840.0
2025-04-01,M022,141794.0
2025-04-01,M023,155868.0
2025-04-01,M024,169942.0
2025-04-01,M025,184016.0
2025-04-01,M026,198090.0
2025-04-01,M027,212164.0
2025-04-01,M028,226238.0
2025-04-01,M029,162192.0
2025-04-01,M030,176266.0
2025-04-01,M031,190340.0
2025-04-01,M032,204414.0
2025-04-01,M033,218488.0
2025-04-01,M034,232562.0
2025-04-01,M035,246636.0
2025-04-01,M036,182590.0
2025-04-01,M037,196664.0
2025-04-01,M038,210738.0
2025-04-01,M039,224812.0
2025-04-01,M040,238886.0
2025-04-01,M041,252960.0
2025-04-01,M042,267034.0
2025-04-01,M043,202988.0
2025-04-01,M044,217062.0
2025-04-01,M045,231136.0
2025-04-01,M046,245210.0
2025-04-01,M047,259284.0
2025-04-01,M048,273358.0
2025-04-02,M001,80600.0
2025-04-02,M002,94674.0
2025-04-02,M003,108748.0
2025-04-02,M004,122822.0
2025-04-02,M005,136896.0
2025-04-02,M006,150970.0
2025-04-02,M007,165044.0
2025-04-02,M008,100998.0
2025-04-02,M009,115072.0
2025-04-02,M010,129146.0
2025-04-02,M011,143220.0
2025-04-02,M012,157294.0
2025-04-02,M013,171368.0
2025-04-02,M014,185442.0
2025-04-02,M015,121396.0
2025-04-02,M016,135470.0
2025-04-02,M017,149544.0
2025-04-02,M018,163618.0
2025-04-02,M019,177692.0
2025-04-02,M020,191766.0
2025-04-02,M021,205840.0
2025-04-02,M022,141794.0
2025-04-02,M023,155868.0
2025-04-02,M024,169942.0
2025-04-02,M025,184016.0
2025-04-02,M026,198090.0
2025-04-02,M027,212164.0
2025-04-02,M028,226238.0
2025-04-02,M029,162192.0
2025-04-02,M030,176266.0
2025-04-02,M031,190340.0
2025-04-02,M032,204414.0
2025-04-02,M033,218488.0
2025-04-02,M034,232562.0
2025-04-02,M035,246636.0
2025-04-02,M036,182590.0
2025-04-02,M037,196664.0
2025-04-02,M038,210738.0
2025-04-02,M039,224812.0
2025-04-02,M040,238886.0
2025-04-02,M041,252960.0
2025-04-02,M042,267034.0
2025-04-02,M043,202988.0
2025-04-02,M044,217062.0
2025-04-02,M045,231136.0
2025-04-02,M046,245210.0
2025-04-02,M047,259284.0
2025-04-02,M048,273358.0
2025-04-03,M001,80600.0
2025-04-03,M002,94674.0
2025-04-03,M003,108748.0
2025-04-03,M004,122822.0
2025-04-03,M005,136896.0
2025-04-03,M006,150970.0
2025-04-03,M007,165044.0
2025-04-03,M008,100998.0
2025-04-03,M009,115072.0
2025-04-03,M010,129146.0
2025-04-03,M011,143220.0
2025-04-03,M012,157294.0
2025-04-03,M013,171368.0
2025-04-03,M014,185442.0
2025-04-03,M015,121396.0
2025-04-03,M016,135470.0
2025-04-03,M017,149544.0
2025-04-03,M018,163618.0
2025-04-03,M019,177692.0
2025-04-03,M020,191766.0
2025-04-03,M021,205840.0
2025-04-03,M022,141794.0
2025-04-03,M023,155868.0
2025-04-03,M024,169942.0
2025-04-03,M025,184016.0
2025-04-03,M026,198090.0
2025-04-03,M027,212164.0
2025-04-03,M028,226238.0
2025-04-03,M029,162192.0
2025-04-03,M030,176266.0
2025-04-03,M031,190340.0
2025-04-03,M032,204414.0
2025-04-03,M033,218488.0
2025-04-03,M034,232562.0
2025-04-03,M035,246636.0
2025-04-03,M036,182590.0
2025-04-03,M037,196664.0
2025-04-03,M038,210738.0
2025-04-03,M039,224812.0
2025-04-03,M040,238886.0
2025-04-03,M041,252960.0
2025-04-03,M042,267034.0
2025-04-03,M043,202988.0
2025-04-03,M044,217062.0
2025-04-03,M045,231136.0
2025-04-03,M046,245210.0
2025-04-03,M047,259284.0
2025-04-03,M048,273358.0
2025-04-04,M001,80600.0
2025-04-04,M002,94674.0
2025-04-04,M003,108748.0
2025-04-04,M004,122822.0
2025-04-04,M005,136896.0
2025-04-04,M006,150970.0
2025-04-04,M007,165044.0
2025-04-04,M008,100998.0
2025-04-04,M009,115072.0
2025-04-04,M010,129146.0
2025-04-04,M011,143220.0
2025-04-04,M012,157294.0
2025-04-04,M013,171368.0
2025-04-04,M014,185442.0
2025-04-04,M015,121396.0
2025-04-04,M016,135470.0
2025-04-04,M017,149544.0
2025-04-04,M018,163618.0
2025-04-04,M019,177692.0
2025-04-04,M020,191766.0
2025-04-04,M021,205840.0
2025-04-04,M022,141794.0
2025-04-04,M023,155868.0
2025-04-04,M024,169942.0
2025-04-04,M025,184016.0
2025-04-04,M026,198090.0
2025-04-04,M027,212164.0
2025-04-04,M028,226238.0
2025-04-04,M029,162192.0
2025-04-04,M030,176266.0
2025-04-04,M031,190340.0
2025-04-04,M032,204414.0
2025-04-04,M033,218488.0
2025-04-04,M034,232562.0
2025-04-04,M035,246636.0
2025-04-04,M036,182590.0
2025-04-04,M037,196664.0
2025-04-04,M038,210738.0
2025-04-04,M039,224812.0
2025-04-04,M040,238886.0
2025-04-04,M041,252960.0
2025-04-04,M042,267034.0
2025-04-04,M043,202988.0
2025-04-04,M044,217062.0
2025-04-04,M045,231136.0
2025-04-04,M046,245210.0
2025-04-04,M047,259284.0
2025-04-04,M048,273358.0
2025-04-05,M001,80600.0
2025-04-05,M002,94674.0
2025-04-05,M003,108748.0
2025-04-05,M004,122822.0
2025-04-05,M005,136896.0
2025-04-05,M006,150970.0
2025-04-05,M007,165044.0
2025-04-05,M008,100998.0
2025-04-05,M009,115072.0
2025-04-05,M010,129146.0
2025-04-05,M011,143220.0
2025-04-05,M012,157294.0
2025-04-05,M013,171368.0
2025-04-05,M014,185442.0
2025-04-05,M015,121396.0
2025-04-05,M016,135470.0
2025-04-05,M017,149544.0
2025-04-05,M018,163618.0
2025-04-05,M019,177692.0
2025-04-05,M020,191766.0
2025-04-05,M021,205840.0
2025-04-05,M022,141794.0
2025-04-05,M023,155868.0
2025-04-05,M024,169942.0
2025-04-05,M025,184016.0
2025-04-05,M026,198090.0
2025-04-05,M027,212164.0
2025-04-05,M028,226238.0
2025-04-05,M029,162192.0
2025-04-05,M030,176266.0
2025-04-05,M031,190340.0
2025-04-05,M032,204414.0
2025-04-05,M033,218488.0
2025-04-05,M034,232562.0
2025-04-05,M035,246636.0
2025-04-05,M036,182590.0
2025-04-05,M037,196664.0
2025-04-05,M038,210738.0
2025-04-05,M039,224812.0
2025-04-05,M040,238886.0
2025-04-05,M041,252960.0
2025-04-05,M042,267034.0
2025-04-05,M043,202988.0
2025-04-05,M044,217062.0
2025-04-05,M045,231136.0
2025-04-05,M046,245210.0
2025-04-05,M047,259284.0
2025-04-05,M048,273358.0
2025-04-06,M001,80600.0
2025-04-06,M002,94674.0
2025-04-06,M003,108748.0
2025-04-06,M004,122822.0
2025-04-06,M005,136896.0
2025-04-06,M006,150970.0
2025-04-06,M007,165044.0
2025-04-06,M008,100998.0
2025-04-06,M009,115072.0
2025-04-06,M010,129146.0
2025-04-06,M011,143220.0
2025-04-06,M012,157294.0
2025-04-06,M013,171368.0
2025-04-06,M014,185442.0
2025-04-06,M015,121396.0
2025-04-06,M016,135470.0
2025-04-06,M017,149544.0
2025-04-06,M018,163618.0
2025-04-06,M019,177692.0
2025-04-06,M020,191766.0
2025-04-06,M021,205840.0
2025-04-06,M022,141794.0
2025-04-06,M023,155868.0
2025-04-06,M024,169942.0
2025-04-06,M025,184016.0
2025-04-06,M026,198090.0
2025-04-06,M027,212164.0
2025-04-06,M028,226238.0
2025-04-06,M029,162192.0
2025-04-06,M030,176266.0
2025-04-06,M031,190340.0
2025-04-06,M032,204414.0
2025-04-06,M033,218488.0
2025-04-06,M034,232562.0
2025-04-06,M035,246636.0
2025-04-06,M036,182590.0
2025-04-06,M037,196664.0
2025-04-06,M038,210738.0
2025-04-06,M039,224812.0
2025-04-06,M040,238886.0
2025-04-06,M041,252960.0
2025-04-06,M042,267034.0
2025-04-06,M043,202988.0
2025-04-06,M044,217062.0
2025-04-06,M045,231136.0
2025-04-06,M046,245210.0
2025-04-06,M047,259284.0
2025-04-06,M048,273358.0
2025-04-07,M001,80600.0
2025-04-07,M002,94674.0
2025-04-07,M003,108748.0
2025-04-07,M004,122822.0
2025-04-07,M005,136896.0
2025-04-07,M006,150970.0
2025-04-07,M007,165044.0
2025-04-07,M008,100998.0
2025-04-07,M009,115072.0
2025-04-07,M010,129146.0
2025-04-07,M011,143220.0
2025-04-07,M012,157294.0
2025-04-07,M013,171368.0
2025-04-07,M014,185442.0
2025-04-07,M015,121396.0
2025-04-07,M016,135470.0
2025-04-07,M017,149544.0
2025-04-07,M018,163618.0
2025-04-07,M019,177692.0
2025-04-07,M020,191766.0
2025-04-07,M021,205840.0
2025-04-07,M022,141794.0
2025-04-07,M023,155868.0
2025-04-07,M024,169942.0
2025-04-07,M025,184016.0
2025-04-07,M026,198090.0
2025-04-07,M027,212164.0
2025-04-07,M028,226238.0
2025-04-07,M029,162192.0
2025-04-07,M030,176266.0
2025-04-07,M031,190340.0
2025-04-07,M032,204414.0
2025-04-07,M033,218488.0
2025-04-07,M034,232562.0
2025-04-07,M035,246636.0
2025-04-07,M036,182590.0
2025-04-07,M037,196664.0
2025-04-07,M038,210738.0
2025-04-07,M039,224812.0
2025-04-07,M040,238886.0
2025-04-07,M041,252960.0
2025-04-07,M042,267034.0
2025-04-07,M043,202988.0
2025-04-07,M044,217062.0
2025-04-07,M045,231136.0
2025-04-07,M046,245210.0
2025-04-07,M047,259284.0
2025-04-07,M048,273358.0
2025-04-08,M001,80600.0
2025-04-08,M002,94674.0
2025-04-08,M003,108748.0
2025-04-08,M004,122822.0
2025-04-08,M005,136896.0
2025-04-08,M006,150970.0
2025-04-08,M007,165044.0
2025-04-08,M008,100998.0
2025-04-08,M009,115072.0
2025-04-08,M010,129146.0
2025-04-08,M011,143220.0
2025-04-08,M012,157294.0
2025-04-08,M013,171368.0
2025-04-08,M014,185442.0
2025-04-08,M015,121396.0
2025-04-08,M016,135470.0
2025-04-08,M017,149544.0
2025-04-08,M018,163618.0
2025-04-08,M019,177692.0
2025-04-08,M020,191766.0
2025-04-08,M021,205840.0
2025-04-08,M022,141794.0
2025-04-08,M023,155868.0
2025-04-08,M024,169942.0
2025-04-08,M025,184016.0
2025-04-08,M026,198090.0
2025-04-08,M027,212164.0
2025-04-08,M028,226238.0
2025-04-08,M029,162192.0
2025-04-08,M030,176266.0
2025-04-08,M031,190340.0
2025-04-08,M032,204414.0
2025-04-08,M033,218488.0
2025-04-08,M034,232562.0
2025-04-08,M035,246636.0
2025-04-08,M036,182590.0
2025-04-08,M037,196664.0
2025-04-08,M038,210738.0
2025-04-08,M039,224812.0
2025-04-08,M040,238886.0
2025-04-08,M041,252960.0
2025-04-08,M042,267034.0
2025-04-08,M043,202988.0
2025-04-08,M044,217062.0
2025-04-08,M045,231136.0
2025-04-08,M046,245210.0
2025-04-08,M047,259284.0
2025-04-08,M048,273358.0
2025-04-09,M001,80600.0
2025-04-09,M002,94674.0
2025-04-09,M003,108748.0
2025-04-09,M004,122822.0
2025-04-09,M005,136896.0
2025-04-09,M006,150970.0
2025-04-09,M007,165044.0
2025-04-09,M008,100998.0
2025-04-09,M009,115072.0
2025-04-09,M010,129146.0
2025-04-09,M011,143220.0
2025-04-09,M012,157294.0
2025-04-09,M013,171368.0
2025-04-09,M014,185442.0
2025-04-09,M015,121396.0
2025-04-09,M016,135470.0
2025-04-09,M017,149544.0
2025-04-09,M018,163618.0
2025-04-09,M019,177692.0
2025-04-09,M020,191766.0
2025-04-09,M021,205840.0
2025-04-09,M022,141794.0
2025-04-09,M023,155868.0
2025-04-09,M024,169942.0
2025-04-09,M025,184016.0
2025-04-09,M026,198090.0
2025-04-09,M027,212164.0
2025-04-09,M028,226238.0
2025-04-09,M029,162192.0
2025-04-09,M030,176266.0
2025-04-09,M031,190340.0
2025-04-09,M032,204414.0
2025-04-09,M033,218488.0
2025-04-09,M034,232562.0
2025-04-09,M035,246636.0
2025-04-09,M036,182590.0
2025-04-09,M037,196664.0
2025-04-09,M038,210738.0
2025-04-09,M039,224812.0
2025-04-09,M040,238886.0
2025-04-09,M041,252960.0
2025-04-09,M042,267034.0
2025-04-09,M043,202988.0
2025-04-09,M044,217062.0
2025-04-09,M045,231136.0
2025-04-09,M046,245210.0
2025-04-09,M047,259284.0
2025-04-09,M048,273358.0
2025-04-10,M001,80600.0
2025-04-10,M002,94674.0
2025-04-10,M003,108748.0
2025-04-10,M004,122822.0
2025-04-10,M005,136896.0
2025-04-10,M006,150970.0
2025-04-10,M007,165044.0
2025-04-10,M008,100998.0
2025-04-10,M009,115072.0
2025-04-10,M010,129146.0
2025-04-10,M011,143220.0
2025-04-10,M012,157294.0
2025-04-10,M013,171368.0
2025-04-10,M014,185442.0
2025-04-10,M015,121396.0
2025-04-10,M016,135470.0
2025-04-10,M017,149544.0
2025-04-10,M018,163618.0
2025-04-10,M019,177692.0
2025-04-10,M020,191766.0
2025-04-10,M021,205840.0
2025-04-10,M022,141794.0
2025-04-10,M023,155868.0
2025-04-10,M024,169942.0
2025-04-10,M025,184016.0
2025-04-10,M026,198090.0
2025-04-10,M027,212164.0
2025-04-10,M028,226238.0
2025-04-10,M029,162192.0
2025-04-10,M030,176266.0
2025-04-10,M031,190340.0
2025-04-10,M032,204414.0
2025-04-10,M033,218488.0
2025-04-10,M034,232562.0
2025-04-10,M035,246636.0
2025-04-10,M036,182590.0
2025-04-10,M037,196664.0
2025-04-10,M038,210738.0
2025-04-10,M039,224812.0
2025-04-10,M040,238886.0
2025-04-10,M041,252960.0
2025-04-10,M042,267034.0
2025-04-10,M043,202988.0
2025-04-10,M044,217062.0
2025-04-10,M045,231136.0
2025-04-10,M046,245210.0
2025-04-10,M047,259284.0
2025-04-10,M048,273358.0
2025-04-11,M001,80600.0
2025-04-11,M002,94674.0
2025-04-11,M003,108748.0
2025-04-11,M004,122822.0
2025-04-11,M005,136896.0
2025-04-11,M006,150970.0
2025-04-11,M007,165044.0
2025-04-11,M008,100998.0
2025-04-11,M009,115072.0
2025-04-11,M010,129146.0
2025-04-11,M011,143220.0
2025-04-11,M012,157294.0
2025-04-11,M013,171368.0
2025-04-11,M014,185442.0
2025-04-11,M015,121396.0
2025-04-11,M016,135470.0
2025-04-11,M017,149544.0
2025-04-11,M018,163618.0
2025-04-11,M019,177692.0
2025-04-11,M020,191766.0
2025-04-11,M021,205840.0
2025-04-11,M022,141794.0
2025-04-11,M023,155868.0
2025-04-11,M024,169942.0
2025-04-11,M025,184016.0
2025-04-11,M026,198090.0
2025-04-11,M027,212164.0
2025-04-11,M028,226238.0
2025-04-11,M029,162192.0
2025-04-11,M030,176266.0
2025-04-11,M031,190340.0
2025-04-11,M032,204414.0
2025-04-11,M033,218488.0
2025-04-11,M034,232562.0
2025-04-11,M035,246636.0
2025-04-11,M036,182590.0
2025-04-11,M037,196664.0
2025-04-11,M038,210738.0
2025-04-11,M039,224812.0
2025-04-11,M040,238886.0
2025-04-11,M041,252960.0
2025-04-11,M042,267034.0
2025-04-11,M043,202988.0
2025-04-11,M044,217062.0
2025-04-11,M045,231136.0
2025-04-11,M046,245210.0
2025-04-11,M047,259284.0
2025-04-11,M048,273358.0
2025-04-12,M001,80600.0
2025-04-12,M002,94674.0
2025-04-12,M003,108748.0
2025-04-12,M004,122822.0
2025-04-12,M005,136896.0
2025-04-12,M006,150970.0
2025-04-12,M007,165044.0
2025-04-12,M008,100998.0
2025-04-12,M009,115072.0
2025-04-12,M010,129146.0
2025-04-12,M011,143220.0
2025-04-12,M012,157294.0
2025-04-12,M013,171368.0
2025-04-12,M014,185442.0
2025-04-12,M015,121396.0
2025-04-12,M016,135470.0
2025-04-12,M017,149544.0
2025-04-12,M018,163618.0
2025-04-12,M019,177692.0
2025-04-12,M020,191766.0
2025-04-12,M021,205840.0
2025-04-12,M022,141794.0
2025-04-12,M023,155868.0
2025-04-12,M024,169942.0
2025-04-12,M025,184016.0
2025-04-12,M026,198090.0
2025-04-12,M027,212164.0
2025-04-12,M028,226238.0
2025-04-12,M029,162192.0
2025-04-12,M030,176266.0
2025-04-12,M031,190340.0
2025-04-12,M032,204414.0
2025-04-12,M033,218488.0
2025-04-12,M034,232562.0
2025-04-12,M035,246636.0
2025-04-12,M036,182590.0
2025-04-12,M037,196664.0
2025-04-12,M038,210738.0
2025-04-12,M039,224812.0
2025-04-12,M040,238886.0
2025-04-12,M041,252960.0
2025-04-12,M042,267034.0
2025-04-12,M043,202988.0
2025-04-12,M044,217062.0
2025-04-12,M045,231136.0
2025-04-12,M046,245210.0
2025-04-12,M047,259284.0
2025-04-12,M048,273358.0
2025-04-13,M001,80600.0
2025-04-13,M002,94674.0
2025-04-13,M003,108748.0
2025-04-13,M004,122822.0
2025-04-13,M005,136896.0
2025-04-13,M006,150970.0
2025-04-13,M007,165044.0
2025-04-13,M008,100998.0
2025-04-13,M009,115072.0
2025-04-13,M010,129146.0
2025-04-13,M011,143220.0
2025-04-13,M012,157294.0
2025-04-13,M013,171368.0
2025-04-13,M014,185442.0
2025-04-13,M015,121396.0
2025-04-13,M016,135470.0
2025-04-13,M017,149544.0
2025-04-13,M018,163618.0
2025-04-13,M019,177692.0
2025-04-13,M020,191766.0
2025-04-13,M021,205840.0
2025-04-13,M022,141794.0
2025-04-13,M023,155868.0
2025-04-13,M024,169942.0
2025-04-13,M025,184016.0
2025-04-13,M026,198090.0
2025-04-13,M027,212164.0
2025-04-13,M028,226238.0
2025-04-13,M029,162192.0
2025-04-13,M030,176266.0
2025-04-13,M031,190340.0
2025-04-13,M032,204414.0
2025-04-13,M033,218488.0
2025-04-13,M034,232562.0
2025-04-13,M035,246636.0
2025-04-13,M036,182590.0
2025-04-13,M037,196664.0
2025-04-13,M038,210738.0
2025-04-13,M039,224812.0
2025-04-13,M040,238886.0
2025-04-13,M041,252960.0
2025-04-13,M042,267034.0
2025-04-13,M043,202988.0
2025-04-13,M044,217062.0
2025-04-13,M045,231136.0
2025-04-13,M046,245210.0
2025-04-13,M047,259284.0
2025-04-13,M048,273358.0
2025-04-14,M001,80600.0
2025-04-14,M002,94674.0
2025-04-14,M003,108748.0
2025-04-14,M004,122822.0
2025-04-14,M005,136896.0
2025-04-14,M006,150970.0
2025-04-14,M007,165044.0
2025-04-14,M008,100998.0
2025-04-14,M009,115072.0
2025-04-14,M010,129146.0
2025-04-14,M011,143220.0
2025-04-14,M012,157294.0
2025-04-14,M013,171368.0
2025-04-14,M014,185442.0
2025-04-14,M015,121396.0
2025-04-14,M016,135470.0
2025-04-14,M017,149544.0
2025-04-14,M018,163618.0
2025-04-14,M019,177692.0
2025-04-14,M020,191766.0
2025-04-14,M021,205840.0
2025-04-14,M022,141794.0
2025-04-14,M023,155868.0
2025-04-14,M024,169942.0
2025-04-14,M025,184016.0
2025-04-14,M026,198090.0
2025-04-14,M027,212164.0
2025-04-14,M028,226238.0
2025-04-14,M029,162192.0
2025-04-14,M030,176266.0
2025-04-14,M031,190340.0
2025-04-14,M032,204414.0
2025-04-14,M033,218488.0
2025-04-14,M034,232562.0
2025-04-14,M035,246636.0
2025-04-14,M036,182590.0
2025-04-14,M037,196664.0
2025-04-14,M038,210738.0
2025-04-14,M039,224812.0
2025-04-14,M040,238886.0
2025-04-14,M041,252960.0
2025-04-14,M042,267034.0
2025-04-14,M043,202988.0
2025-04-14,M044,217062.0
2025-04-14,M045,231136.0
2025-04-14,M046,245210.0
2025-04-14,M047,259284.0
2025-04-14,M048,273358.0
2025-04-15,M001,80600.0
2025-04-15,M002,94674.0
2025-04-15,M003,108748.0
2025-04-15,M004,122822.0
2025-04-15,M005,136896.0
2025-04-15,M006,150970.0
2025-04-15,M007,165044.0
2025-04-15,M008,100998.0
2025-04-15,M009,115072.0
2025-04-15,M010,129146.0
2025-04-15,M011,143220.0
2025-04-15,M012,157294.0
2025-04-15,M013,171368.0
2025-04-15,M014,185442.0
2025-04-15,M015,121396.0
2025-04-15,M016,135470.0
2025-04-15,M017,149544.0
2025-04-15,M018,163618.0
2025-04-15,M019,177692.0
2025-04-15,M020,191766.0
2025-04-15,M021,205840.0
2025-04-15,M022,141794.0
2025-04-15,M023,155868.0
2025-04-15,M024,169942.0
2025-04-15,M025,184016.0
2025-04-15,M026,198090.0
2025-04-15,M027,212164.0
2025-04-15,M028,226238.0
2025-04-15,M029,162192.0
2025-04-15,M030,176266.0
2025-04-15,M031,190340.0
2025-04-15,M032,204414.0
2025-04-15,M033,218488.0
2025-04-15,M034,232562.0
2025-04-15,M035,246636.0
2025-04-15,M036,182590.0
2025-04-15,M037,196664.0
2025-04-15,M038,210738.0
2025-04-15,M039,224812.0
2025-04-15,M040,238886.0
2025-04-15,M041,252960.0
2025-04-15,M042,267034.0
2025-04-15,M043,202988.0
2025-04-15,M044,217062.0
2025-04-15,M045,231136.0
2025-04-15,M046,245210.0
2025-04-15,M047,259284.0
2025-04-15,M048,273358.0
2025-04-16,M001,80600.0
2025-04-16,M002,94674.0
2025-04-16,M003,108748.0
2025-04-16,M004,122822.0
2025-04-16,M005,136896.0
2025-04-16,M006,150970.0
2025-04-16,M007,165044.0
2025-04-16,M008,100998.0
2025-04-16,M009,115072.0
2025-04-16,M010,129146.0
2025-04-16,M011,143220.0
2025-04-16,M012,157294.0
2025-04-16,M013,171368.0
2025-04-16,M014,185442.0
2025-04-16,M015,121396.0
2025-04-16,M016,135470.0
2025-04-16,M017,149544.0
2025-04-16,M018,163618.0
2025-04-16,M019,177692.0
2025-04-16,M020,191766.0
2025-04-16,M021,205840.0
2025-04-16,M022,141794.0
2025-04-16,M023,155868.0
2025-04-16,M024,169942.0
2025-04-16,M025,184016.0
2025-04-16,M026,198090.0
2025-04-16,M027,212164.0
2025-04-16,M028,226238.0
2025-04-16,M029,162192.0
2025-04-16,M030,176266.0
2025-04-16,M031,190340.0
2025-04-16,M032,204414.0
2025-04-16,M033,218488.0
2025-04-16,M034,232562.0
2025-04-16,M035,246636.0
2025-04-16,M036,182590.0
2025-04-16,M037,196664.0
2025-04-16,M038,210738.0
2025-04-16,M039,224812.0
2025-04-16,M040,238886.0
2025-04-16,M041,252960.0
2025-04-16,M042,267034.0
2025-04-16,M043,202988.0
2025-04-16,M044,217062.0
2025-04-16,M045,231136.0
2025-04-16,M046,245210.0
2025-04-16,M047,259284.0
2025-04-16,M048,273358.0
2025-04-17,M001,80600.0
2025-04-17,M002,94674.0
2025-04-17,M003,108748.0
2025-04-17,M004,122822.0
2025-04-17,M005,136896.0
2025-04-17,M006,150970.0
2025-04-17,M007,165044.0
2025-04-17,M008,100998.0
2025-04-17,M009,115072.0
2025-04-17,M010,129146.0
2025-04-17,M011,143220.0
2025-04-17,M012,157294.0
2025-04-17,M013,171368.0
2025-04-17,M014,185442.0
2025-04-17,M015,121396.0
2025-04-17,M016,135470.0
2025-04-17,M017,149544.0
2025-04-17,M018,163618.0
2025-04-17,M019,177692.0
2025-04-17,M020,191766.0
2025-04-17,M021,205840.0
2025-04-17,M022,141794.0
2025-04-17,M023,155868.0
2025-04-17,M024,169942.0
2025-04-17,M025,184016.0
2025-04-17,M026,198090.0
2025-04-17,M027,212164.0
2025-04-17,M028,226238.0
2025-04-17,M029,162192.0
2025-04-17,M030,176266.0
2025-04-17,M031,190340.0
2025-04-17,M032,204414.0
2025-04-17,M033,218488.0
2025-04-17,M034,232562.0
2025-04-17,M035,246636.0
2025-04-17,M036,182590.0
2025-04-17,M037,196664.0
2025-04-17,M038,210738.0
2025-04-17,M039,224812.0
2025-04-17,M040,238886.0
2025-04-17,M041,252960.0
2025-04-17,M042,267034.0
2025-04-17,M043,202988.0
2025-04-17,M044,217062.0
2025-04-17,M045,231136.0
2025-04-17,M046,245210.0
2025-04-17,M047,259284.0
2025-04-17,M048,273358.0
2025-04-18,M001,80600.0
2025-04-18,M002,94674.0
2025-04-18,M003,108748.0
2025-04-18,M004,122822.0
2025-04-18,M005,136896.0
2025-04-18,M006,150970.0
2025-04-18,M007,165044.0
2025-04-18,M008,100998.0
2025-04-18,M009,115072.0
2025-04-18,M010,129146.0
2025-04-18,M011,143220.0
2025-04-18,M012,157294.0
2025-04-18,M013,171368.0
2025-04-18,M014,185442.0
2025-04-18,M015,121396.0
2025-04-18,M016,135470.0
2025-04-18,M017,149544.0
2025-04-18,M018,163618.0
2025-04-18,M019,177692.0
2025-04-18,M020,191766.0
2025-04-18,M021,205840.0
2025-04-18,M022,141794.0
2025-04-18,M023,155868.0
2025-04-18,M024,169942.0
2025-04-18,M025,184016.0
2025-04-18,M026,198090.0
2025-04-18,M027,212164.0
2025-04-18,M028,226238.0
2025-04-18,M029,162192.0
2025-04-18,M030,176266.0
2025-04-18,M031,190340.0
2025-04-18,M032,204414.0
2025-04-18,M033,218488.0
2025-04-18,M034,232562.0
2025-04-18,M035,246636.0
2025-04-18,M036,182590.0
2025-04-18,M037,196664.0
2025-04-18,M038,210738.0
2025-04-18,M039,224812.0
2025-04-18,M040,238886.0
2025-04-18,M041,252960.0
2025-04-18,M042,267034.0
2025-04-18,M043,202988.0
2025-04-18,M044,217062.0
2025-04-18,M045,231136.0
2025-04-18,M046,245210.0
2025-04-18,M047,259284.0
2025-04-18,M048,273358.0
2025-04-19,M001,80600.0
2025-04-19,M002,94674.0
2025-04-19,M003,108748.0
2025-04-19,M004,122822.0
2025-04-19,M005,136896.0
2025-04-19,M006,150970.0
2025-04-19,M007,165044.0
2025-04-19,M008,100998.0
2025-04-19,M009,115072.0
2025-04-19,M010,129146.0
2025-04-19,M011,143220.0
2025-04-19,M012,157294.0
2025-04-19,M013,171368.0
2025-04-19,M014,185442.0
2025-04-19,M015,121396.0
2025-04-19,M016,135470.0
2025-04-19,M017,149544.0
2025-04-19,M018,163618.0
2025-04-19,M019,177692.0
2025-04-19,M020,191766.0
2025-04-19,M021,205840.0
2025-04-19,M022,141794.0
2025-04-19,M023,155868.0
2025-04-19,M024,169942.0
2025-04-19,M025,184016.0
2025-04-19,M026,198090.0
2025-04-19,M027,212164.0
2025-04-19,M028,226238.0
2025-04-19,M029,162192.0
2025-04-19,M030,176266.0
2025-04-19,M031,190340.0
2025-04-19,M032,204414.0
2025-04-19,M033,218488.0
2025-04-19,M034,232562.0
2025-04-19,M035,246636.0
2025-04-19,M036,182590.0
2025-04-19,M037,196664.0
2025-04-19,M038,210738.0
2025-04-19,M039,224812.0
2025-04-19,M040,238886.0
2025-04-19,M041,252960.0
2025-04-19,M042,267034.0
2025-04-19,M043,202988.0
2025-04-19,M044,217062.0
2025-04-19,M045,231136.0
2025-04-19,M046,245210.0
2025-04-19,M047,259284.0
2025-04-19,M048,273358.0
2025-04-20,M001,80600.0
2025-04-20,M002,94674.0
2025-04-20,M003,108748.0
2025-04-20,M004,122822.0
2025-04-20,M005,136896.0
2025-04-20,M006,150970.0
2025-04-20,M007,165044.0
2025-04-20,M008,100998.0
2025-04-20,M009,115072.0
2025-04-20,M010,129146.0
2025-04-20,M011,143220.0
2025-04-20,M012,157294.0
2025-04-20,M013,171368.0
2025-04-20,M014,185442.0
2025-04-20,M015,121396.0
2025-04-20,M016,135470.0
2025-04-20,M017,149544.0
2025-04-20,M018,163618.0
2025-04-20,M019,177692.0
2025-04-20,M020,191766.0
2025-04-20,M021,205840.0
2025-04-20,M022,141794.0
2025-04-20,M023,155868.0
2025-04-20,M024,169942.0
2025-04-20,M025,184016.0
2025-04-20,M026,198090.0
2025-04-20,M027,212164.0
2025-04-20,M028,226238.0
2025-04-20,M029,162192.0
2025-04-20,M030,176266.0
2025-04-20,M031,190340.0
2025-04-20,M032,204414.0
2025-04-20,M033,218488.0
2025-04-20,M034,232562.0
2025-04-20,M035,246636.0
2025-04-20,M036,182590.0
2025-04-20,M037,196664.0
2025-04-20,M038,210738.0
2025-04-20,M039,224812.0
2025-04-20,M040,238886.0
2025-04-20,M041,252960.0
2025-04-20,M042,267034.0
2025-04-20,M043,202988.0
2025-04-20,M044,217062.0
2025-04-20,M045,231136.0
2025-04-20,M046,245210.0
2025-04-20,M047,259284.0
2025-04-20,M048,273358.0
2025-04-21,M001,80600.0
2025-04-21,M002,94674.0
2025-04-21,M003,108748.0
2025-04-21,M004,122822.0
2025-04-21,M005,136896.0
2025-04-21,M006,150970.0
2025-04-21,M007,165044.0
2025-04-21,M008,100998.0
2025-04-21,M009,115072.0
2025-04-21,M010,129146.0
2025-04-21,M011,143220.0
2025-04-21,M012,157294.0
2025-04-21,M013,171368.0
2025-04-21,M014,185442.0
2025-04-21,M015,121396.0
2025-04-21,M016,135470.0
2025-04-21,M017,149544.0
2025-04-21,M018,163618.0
2025-04-21,M019,177692.0
2025-04-21,M020,191766.0
2025-04-21,M021,205840.0
2025-04-21,M022,141794.0
2025-04-21,M023,155868.0
2025-04-21,M024,169942.0
2025-04-21,M025,184016.0
2025-04-21,M026,198090.0
2025-04-21,M027,212164.0
2025-04-21,M028,226238.0
2025-04-21,M029,162192.0
2025-04-21,M030,176266.0
2025-04-21,M031,190340.0
2025-04-21,M032,204414.0
2025-04-21,M033,218488.0
2025-04-21,M034,232562.0
2025-04-21,M035,246636.0
2025-04-21,M036,182590.0
2025-04-21,M037,196664.0
2025-04-21,M038,210738.0
2025-04-21,M039,224812.0
2025-04-21,M040,238886.0
2025-04-21,M041,252960.0
2025-04-21,M042,267034.0
2025-04-21,M043,202988.0
2025-04-21,M044,217062.0
2025-04-21,M045,231136.0
2025-04-21,M046,245210.0
2025-04-21,M047,259284.0
2025-04-21,M048,273358.0
2025-04-22,M001,80600.0
2025-04-22,M002,94674.0
2025-04-22,M003,108748.0
2025-04-22,M004,122822.0
2025-04-22,M005,136896.0
2025-04-22,M006,150970.0
2025-04-22,M007,165044.0
2025-04-22,M008,100998.0
2025-04-22,M009,115072.0
2025-04-22,M010,129146.0
2025-04-22,M011,143220.0
2025-04-22,M012,157294.0
2025-04-22,M013,171368.0
2025-04-22,M014,185442.0
2025-04-22,M015,121396.0
2025-04-22,M016,135470.0
2025-04-22,M017,149544.0
2025-04-22,M018,163618.0
2025-04-22,M019,177692.0
2025-04-22,M020,191766.0
2025-04-22,M021,205840.0
2025-04-22,M022,141794.0
2025-04-22,M023,155868.0
2025-04-22,M024,169942.0
2025-04-22,M025,184016.0
2025-04-22,M026,198090.0
2025-04-22,M027,212164.0
2025-04-22,M028,226238.0
2025-04-22,M029,162192.0
2025-04-22,M030,176266.0
2025-04-22,M031,190340.0
2025-04-22,M032,204414.0
2025-04-22,M033,218488.0
2025-04-22,M034,232562.0
2025-04-22,M035,246636.0
2025-04-22,M036,182590.0
2025-04-22,M037,196664.0
2025-04-22,M038,210738.0
2025-04-22,M039,224812.0
2025-04-22,M040,238886.0
2025-04-22,M041,252960.0
2025-04-22,M042,267034.0
2025-04-22,M043,202988.0
2025-04-22,M044,217062.0
2025-04-22,M045,231136.0
2025-04-22,M046,245210.0
2025-04-22,M047,259284.0
2025-04-22,M048,273358.0
2025-04-23,M001,80600.0
2025-04-23,M002,94674.0
2025-04-23,M003,108748.0
2025-04-23,M004,122822.0
2025-04-23,M005,136896.0
2025-04-23,M006,150970.0
2025-04-23,M007,165044.0
2025-04-23,M008,100998.0
2025-04-23,M009,115072.0
2025-04-23,M010,129146.0
2025-04-23,M011,143220.0
2025-04-23,M012,157294.0
2025-04-23,M013,171368.0
2025-04-23,M014,185442.0
2025-04-23,M015,121396.0
2025-04-23,M016,135470.0
2025-04-23,M017,149544.0
2025-04-23,M018,163618.0
2025-04-23,M019,177692.0
2025-04-23,M020,191766.0
2025-04-23,M021,205840.0
2025-04-23,M022,141794.0
2025-04-23,M023,155868.0
2025-04-23,M024,169942.0
2025-04-23,M025,184016.0
2025-04-23,M026,198090.0
2025-04-23,M027,212164.0
2025-04-23,M028,226238.0
2025-04-23,M029,162192.0
2025-04-23,M030,176266.0
2025-04-23,M031,190340.0
2025-04-23,M032,204414.0
2025-04-23,M033,218488.0
2025-04-23,M034,232562.0
2025-04-23,M035,246636.0
2025-04-23,M036,182590.0
2025-04-23,M037,196664.0
2025-04-23,M038,210738.0
2025-04-23,M039,224812.0
2025-04-23,M040,238886.0
2025-04-23,M041,252960.0
2025-04-23,M042,267034.0
2025-04-23,M043,202988.0
2025-04-23,M044,217062.0
2025-04-23,M045,231136.0
2025-04-23,M046,245210.0
2025-04-23,M047,259284.0
2025-04-23,M048,273358.0
2025-04-24,M001,80600.0
2025-04-24,M002,94674.0
2025-04-24,M003,108748.0
2025-04-24,M004,122822.0
2025-04-24,M005,136896.0
2025-04-24,M006,150970.0
2025-04-24,M007,165044.0
2025-04-24,M008,100998.0
2025-04-24,M009,115072.0
2025-04-24,M010,129146.0
2025-04-24,M011,143220.0
2025-04-24,M012,157294.0
2025-04-24,M013,171368.0
2025-04-24,M014,185442.0
2025-04-24,M015,121396.0
2025-04-24,M016,135470.0
2025-04-24,M017,149544.0
2025-04-24,M018,163618.0
2025-04-24,M019,177692.0
2025-04-24,M020,191766.0
2025-04-24,M021,205840.0
2025-04-24,M022,141794.0
2025-04-24,M023,155868.0
2025-04-24,M024,169942.0
2025-04-24,M025,184016.0
2025-04-24,M026,198090.0
2025-04-24,M027,212164.0
2025-04-24,M028,226238.0
2025-04-24,M029,162192.0
2025-04-24,M030,176266.0
2025-04-24,M031,190340.0
2025-04-24,M032,204414.0
2025-04-24,M033,218488.0
2025-04-24,M034,232562.0
2025-04-24,M035,246636.0
2025-04-24,M036,182590.0
2025-04-24,M037,196664.0
2025-04-24,M038,210738.0
2025-04-24,M039,224812.0
2025-04-24,M040,238886.0
2025-04-24,M041,252960.0
2025-04-24,M042,267034.0
2025-04-24,M043,202988.0
2025-04-24,M044,217062.0
2025-04-24,M045,231136.0
2025-04-24,M046,245210.0
2025-04-24,M047,259284.0
2025-04-24,M048,273358.0
2025-04-25,M001,80600.0
2025-04-25,M002,94674.0
2025-04-25,M003,108748.0
2025-04-25,M004,122822.0
2025-04-25,M005,136896.0
2025-04-25,M006,150970.0
2025-04-25,M007,165044.0
2025-04-25,M008,100998.0
2025-04-25,M009,115072.0
2025-04-25,M010,129146.0
2025-04-25,M011,143220.0
2025-04-25,M012,157294.0
2025-04-25,M013,171368.0
2025-04-25,M014,185442.0
2025-04-25,M015,121396.0
2025-04-25,M016,135470.0
2025-04-25,M017,149544.0
2025-04-25,M018,163618.0
2025-04-25,M019,177692.0
2025-04-25,M020,191766.0
2025-04-25,M021,205840.0
2025-04-25,M022,141794.0
2025-04-25,M023,155868.0
2025-04-25,M024,169942.0
2025-04-25,M025,184016.0
2025-04-25,M026,198090.0
2025-04-25,M027,212164.0
2025-04-25,M028,226238.0
2025-04-25,M029,162192.0
2025-04-25,M030,176266.0
2025-04-25,M031,190340.0
2025-04-25,M032,204414.0
2025-04-25,M033,218488.0
2025-04-25,M034,232562.0
2025-04-25,M035,246636.0
2025-04-25,M036,182590.0
2025-04-25,M037,196664.0
2025-04-25,M038,210738.0
2025-04-25,M039,224812.0
2025-04-25,M040,238886.0
2025-04-25,M041,252960.0
2025-04-25,M042,267034.0
2025-04-25,M043,202988.0
2025-04-25,M044,217062.0
2025-04-25,M045,231136.0
2025-04-25,M046,245210.0
2025-04-25,M047,259284.0
2025-04-25,M048,273358.0
2025-04-26,M001,80600.0
2025-04-26,M002,94674.0
2025-04-26,M003,108748.0
2025-04-26,M004,122822.0
2025-04-26,M005,136896.0
2025-04-26,M006,150970.0
2025-04-26,M007,165044.0
2025-04-26,M008,100998.0
2025-04-26,M009,115072.0
2025-04-26,M010,129146.0
2025-04-26,M011,143220.0
2025-04-26,M012,157294.0
2025-04-26,M013,171368.0
2025-04-26,M014,185442.0
2025-04-26,M015,121396.0
2025-04-26,M016,135470.0
2025-04-26,M017,149544.0
2025-04-26,M018,163618.0
2025-04-26,M019,177692.0
2025-04-26,M020,191766.0
2025-04-26,M021,205840.0
2025-04-26,M022,141794.0
2025-04-26,M023,155868.0
2025-04-26,M024,169942.0
2025-04-26,M025,184016.0
2025-04-26,M026,198090.0
2025-04-26,M027,212164.0
2025-04-26,M028,226238.0
2025-04-26,M029,162192.0
2025-04-26,M030,176266.0
2025-04-26,M031,190340.0
2025-04-26,M032,204414.0
2025-04-26,M033,218488.0
2025-04-26,M034,232562.0
2025-04-26,M035,246636.0
2025-04-26,M036,182590.0
2025-04-26,M037,196664.0
2025-04-26,M038,210738.0
2025-04-26,M039,224812.0
2025-04-26,M040,238886.0
2025-04-26,M041,252960.0
2025-04-26,M042,267034.0
2025-04-26,M043,202988.0
2025-04-26,M044,217062.0
2025-04-26,M045,231136.0
2025-04-26,M046,245210.0
2025-04-26,M047,259284.0
2025-04-26,M048,273358.0
2025-04-27,M001,80600.0
2025-04-27,M002,94674.0
2025-04-27,M003,108748.0
2025-04-27,M004,122822.0
2025-04-27,M005,136896.0
2025-04-27,M006,150970.0
2025-04-27,M007,165044.0
2025-04-27,M008,100998.0
2025-04-27,M009,115072.0
2025-04-27,M010,129146.0
2025-04-27,M011,143220.0
2025-04-27,M012,157294.0
2025-04-27,M013,171368.0
2025-04-27,M014,185442.0
2025-04-27,M015,121396.0
2025-04-27,M016,135470.0
2025-04-27,M017,149544.0
2025-04-27,M018,163618.0
2025-04-27,M019,177692.0
2025-04-27,M020,191766.0
2025-04-27,M021,205840.0
2025-04-27,M022,141794.0
2025-04-27,M023,155868.0
2025-04-27,M024,169942.0
2025-04-27,M025,184016.0
2025-04-27,M026,198090.0
2025-04-27,M027,212164.0
2025-04-27,M028,226238.0
2025-04-27,M029,162192.0
2025-04-27,M030,176266.0
2025-04-27,M031,190340.0
2025-04-27,M032,204414.0
2025-04-27,M033,218488.0
2025-04-27,M034,232562.0
2025-04-27,M035,246636.0
2025-04-27,M036,182590.0
2025-04-27,M037,196664.0
2025-04-27,M038,210738.0
2025-04-27,M039,224812.0
2025-04-27,M040,238886.0
2025-04-27,M041,252960.0
2025-04-27,M042,267034.0
2025-04-27,M043,202988.0
2025-04-27,M044,217062.0
2025-04-27,M045,231136.0
2025-04-27,M046,245210.0
2025-04-27,M047,259284.0
2025-04-27,M048,273358.0
2025-04-28,M001,80600.0
2025-04-28,M002,94674.0
2025-04-28,M003,108748.0
2025-04-28,M004,122822.0
2025-04-28,M005,136896.0
2025-04-28,M006,150970.0
2025-04-28,M007,165044.0
2025-04-28,M008,100998.0
2025-04-28,M009,115072.0
2025-04-28,M010,129146.0
2025-04-28,M011,143220.0
2025-04-28,M012,157294.0
2025-04-28,M013,171368.0
2025-04-28,M014,185442.0
2025-04-28,M015,121396.0
2025-04-28,M016,135470.0
2025-04-28,M017,149544.0
2025-04-28,M018,163618.0
2025-04-28,M019,177692.0
2025-04-28,M020,191766.0
2025-04-28,M021,205840.0
2025-04-28,M022,141794.0
2025-04-28,M023,155868.0
2025-04-28,M024,169942.0
2025-04-28,M025,184016.0
2025-04-28,M026,198090.0
2025-04-28,M027,212164.0
2025-04-28,M028,226238.0
2025-04-28,M029,162192.0
2025-04-28,M030,176266.0
2025-04-28,M031,190340.0
2025-04-28,M032,204414.0
2025-04-28,M033,218488.0
2025-04-28,M034,232562.0
2025-04-28,M035,246636.0
2025-04-28,M036,182590.0
2025-04-28,M037,196664.0
2025-04-28,M038,210738.0
2025-04-28,M039,224812.0
2025-04-28,M040,238886.0
2025-04-28,M041,252960.0
2025-04-28,M042,267034.0
2025-04-28,M043,202988.0
2025-04-28,M044,217062.0
2025-04-28,M045,231136.0
2025-04-28,M046,245210.0
2025-04-28,M047,259284.0
2025-04-28,M048,273358.0
2025-04-29,M001,80600.0
2025-04-29,M002,94674.0
2025-04-29,M003,108748.0
2025-04-29,M004,122822.0
2025-04-29,M005,136896.0
2025-04-29,M006,150970.0
2025-04-29,M007,165044.0
2025-04-29,M008,100998.0
2025-04-29,M009,115072.0
2025-04-29,M010,129146.0
2025-04-29,M011,143220.0
2025-04-29,M012,157294.0
2025-04-29,M013,171368.0
2025-04-29,M014,185442.0
2025-04-29,M015,121396.0
2025-04-29,M016,135470.0
2025-04-29,M017,149544.0
2025-04-29,M018,163618.0
2025-04-29,M019,177692.0
2025-04-29,M020,191766.0
2025-04-29,M021,205840.0
2025-04-29,M022,141794.0
2025-04-29,M023,155868.0
2025-04-29,M024,169942.0
2025-04-29,M025,184016.0
2025-04-29,M026,198090.0
2025-04-29,M027,212164.0
2025-04-29,M028,226238.0
2025-04-29,M029,162192.0
2025-04-29,M030,176266.0
2025-04-29,M031,190340.0
2025-04-29,M032,204414.0
2025-04-29,M033,218488.0
2025-04-29,M034,232562.0
2025-04-29,M035,246636.0
2025-04-29,M036,182590.0
2025-04-29,M037,196664.0
2025-04-29,M038,210738.0
2025-04-29,M039,224812.0
2025-04-29,M040,238886.0
2025-04-29,M041,252960.0
2025-04-29,M042,267034.0
2025-04-29,M043,202988.0
2025-04-29,M044,217062.0
2025-04-29,M045,231136.0
2025-04-29,M046,245210.0
2025-04-29,M047,259284.0
2025-04-29,M048,273358.0
2025-04-30,M001,80600.0
2025-04-30,M002,94674.0
2025-04-30,M003,108748.0
2025-04-30,M004,122822.0
2025-04-30,M005,136896.0
2025-04-30,M006,150970.0
2025-04-30,M007,165044.0
2025-04-30,M008,100998.0
2025-04-30,M009,115072.0
2025-04-30,M010,129146.0
2025-04-30,M011,143220.0
2025-04-30,M012,157294.0
2025-04-30,M013,171368.0
2025-04-30,M014,185442.0
2025-04-30,M015,121396.0
2025-04-30,M016,135470.0
2025-04-30,M017,149544.0
2025-04-30,M018,163618.0
2025-04-30,M019,177692.0
2025-04-30,M020,191766.0
2025-04-30,M021,205840.0
2025-04-30,M022,141794.0
2025-04-30,M023,155868.0
2025-04-30,M024,169942.0
2025-04-30,M025,184016.0
2025-04-30,M026,198090.0
2025-04-30,M027,212164.0
2025-04-30,M028,226238.0
2025-04-30,M029,162192.0
2025-04-30,M030,176266.0
2025-04-30,M031,190340.0
2025-04-30,M032,204414.0
2025-04-30,M033,218488.0
2025-04-30,M034,232562.0
2025-04-30,M035,246636.0
2025-04-30,M036,182590.0
2025-04-30,M037,196664.0
2025-04-30,M038,210738.0
2025-04-30,M039,224812.0
2025-04-30,M040,238886.0
2025-04-30,M041,252960.0
2025-04-30,M042,267034.0
2025-04-30,M043,202988.0
2025-04-30,M044,217062.0
2025-04-30,M045,231136.0
2025-04-30,M046,245210.0
2025-04-30,M047,259284.0
2025-04-30,M048,273358.0
2025-05-01,M001,80600.0
2025-05-01,M002,94674.0
2025-05-01,M003,108748.0
2025-05-01,M004,122822.0
2025-05-01,M005,136896.0
2025-05-01,M006,150970.0
2025-05-01,M007,165044.0
2025-05-01,M008,100998.0
2025-05-01,M009,115072.0
2025-05-01,M010,129146.0
2025-05-01,M011,143220.0
2025-05-01,M012,157294.0
2025-05-01,M013,171368.0
2025-05-01,M014,185442.0
2025-05-01,M015,121396.0
2025-05-01,M016,135470.0
2025-05-01,M017,149544.0
2025-05-01,M018,163618.0
2025-05-01,M019,177692.0
2025-05-01,M020,191766.0
2025-05-01,M021,205840.0
2025-05-01,M022,141794.0
2025-05-01,M023,155868.0
2025-05-01,M024,169942.0
2025-05-01,M025,184016.0
2025-05-01,M026,198090.0
2025-05-01,M027,212164.0
2025-05-01,M028,226238.0
2025-05-01,M029,162192.0
2025-05-01,M030,176266.0
2025-05-01,M031,190340.0
2025-05-01,M032,204414.0
2025-05-01,M033,218488.0
2025-05-01,M034,232562.0
2025-05-01,M035,246636.0
2025-05-01,M036,182590.0
2025-05-01,M037,196664.0
2025-05-01,M038,210738.0
2025-05-01,M039,224812.0
2025-05-01,M040,238886.0
2025-05-01,M041,252960.0
2025-05-01,M042,267034.0
2025-05-01,M043,202988.0
2025-05-01,M044,217062.0
2025-05-01,M045,231136.0
2025-05-01,M046,245210.0
2025-05-01,M047,259284.0
2025-05-01,M048,273358.0
2025-05-02,M001,80600.0
2025-05-02,M002,94674.0
2025-05-02,M003,108748.0
2025-05-02,M004,122822.0
2025-05-02,M005,136896.0
2025-05-02,M006,150970.0
2025-05-02,M007,165044.0
2025-05-02,M008,100998.0
2025-05-02,M009,115072.0
2025-05-02,M010,129146.0
2025-05-02,M011,143220.0
2025-05-02,M012,157294.0
2025-05-02,M013,171368.0
2025-05-02,M014,185442.0
2025-05-02,M015,121396.0
2025-05-02,M016,135470.0
2025-05-02,M017,149544.0
2025-05-02,M018,163618.0
2025-05-02,M019,177692.0
2025-05-02,M020,191766.0
2025-05-02,M021,205840.0
2025-05-02,M022,141794.0
2025-05-02,M023,155868.0
2025-05-02,M024,169942.0
2025-05-02,M025,184016.0
2025-05-02,M026,198090.0
2025-05-02,M027,212164.0
2025-05-02,M028,226238.0
2025-05-02,M029,162192.0
2025-05-02,M030,176266.0
2025-05-02,M031,190340.0
2025-05-02,M032,204414.0
2025-05-02,M033,218488.0
2025-05-02,M034,232562.0
2025-05-02,M035,246636.0
2025-05-02,M036,182590.0
2025-05-02,M037,196664.0
2025-05-02,M038,210738.0
2025-05-02,M039,224812.0
2025-05-02,M040,238886.0
2025-05-02,M041,252960.0
2025-05-02,M042,267034.0
2025-05-02,M043,202988.0
2025-05-02,M044,217062.0
2025-05-02,M045,231136.0
2025-05-02,M046,245210.0
2025-05-02,M047,259284.0
2025-05-02,M048,273358.0
2025-05-03,M001,80600.0
2025-05-03,M002,94674.0
2025-05-03,M003,108748.0
2025-05-03,M004,122822.0
2025-05-03,M005,136896.0
2025-05-03,M006,150970.0
2025-05-03,M007,165044.0
2025-05-03,M008,100998.0
2025-05-03,M009,115072.0
2025-05-03,M010,129146.0
2025-05-03,M011,143220.0
2025-05-03,M012,157294.0
2025-05-03,M013,171368.0
2025-05-03,M014,185442.0
2025-05-03,M015,121396.0
2025-05-03,M016,135470.0
2025-05-03,M017,149544.0
2025-05-03,M018,163618.0
2025-05-03,M019,177692.0
2025-05-03,M020,191766.0
2025-05-03,M021,205840.0
2025-05-03,M022,141794.0
2025-05-03,M023,155868.0
2025-05-03,M024,169942.0
2025-05-03,M025,184016.0
2025-05-03,M026,198090.0
2025-05-03,M027,212164.0
2025-05-03,M028,226238.0
2025-05-03,M029,162192.0
2025-05-03,M030,176266.0
2025-05-03,M031,190340.0
2025-05-03,M032,204414.0
2025-05-03,M033,218488.0
2025-05-03,M034,232562.0
2025-05-03,M035,246636.0
2025-05-03,M036,182590.0
2025-05-03,M037,196664.0
2025-05-03,M038,210738.0
2025-05-03,M039,224812.0
2025-05-03,M040,238886.0
2025-05-03,M041,252960.0
2025-05-03,M042,267034.0
2025-05-03,M043,202988.0
2025-05-03,M044,217062.0
2025-05-03,M045,231136.0
2025-05-03,M046,245210.0
2025-05-03,M047,259284.0
2025-05-03,M048,273358.0
2025-05-04,M001,80600.0
2025-05-04,M002,94674.0
2025-05-04,M003,108748.0
2025-05-04,M004,122822.0
2025-05-04,M005,136896.0
2025-05-04,M006,150970.0
2025-05-04,M007,165044.0
2025-05-04,M008,100998.0
2025-05-04,M009,115072.0
2025-05-04,M010,129146.0
2025-05-04,M011,143220.0
2025-05-04,M012,157294.0
2025-05-04,M013,171368.0
2025-05-04,M014,185442.0
2025-05-04,M015,121396.0
2025-05-04,M016,135470.0
2025-05-04,M017,149544.0
2025-05-04,M018,163618.0
2025-05-04,M019,177692.0
2025-05-04,M020,191766.0
2025-05-04,M021,205840.0
2025-05-04,M022,141794.0
2025-05-04,M023,155868.0
2025-05-04,M024,169942.0
2025-05-04,M025,184016.0
2025-05-04,M026,198090.0
2025-05-04,M027,212164.0
2025-05-04,M028,226238.0
2025-05-04,M029,162192.0
2025-05-04,M030,176266.0
2025-05-04,M031,190340.0
2025-05-04,M032,204414.0
2025-05-04,M033,218488.0
2025-05-04,M034,232562.0
2025-05-04,M035,246636.0
2025-05-04,M036,182590.0
2025-05-04,M037,196664.0
2025-05-04,M038,210738.0
2025-05-04,M039,224812.0
2025-05-04,M040,238886.0
2025-05-04,M041,252960.0
2025-05-04,M042,267034.0
2025-05-04,M043,202988.0
2025-05-04,M044,217062.0
2025-05-04,M045,231136.0
2025-05-04,M046,245210.0
2025-05-04,M047,259284.0
2025-05-04,M048,273358.0
2025-05-05,M001,80600.0
2025-05-05,M002,94674.0
2025-05-05,M003,108748.0
2025-05-05,M004,122822.0
2025-05-05,M005,136896.0
2025-05-05,M006,150970.0
2025-05-05,M007,165044.0
2025-05-05,M008,100998.0
2025-05-05,M009,115072.0
2025-05-05,M010,129146.0
2025-05-05,M011,143220.0
2025-05-05,M012,157294.0
2025-05-05,M013,171368.0
2025-05-05,M014,185442.0
2025-05-05,M015,121396.0
2025-05-05,M016,135470.0
2025-05-05,M017,149544.0
2025-05-05,M018,163618.0
2025-05-05,M019,177692.0
2025-05-05,M020,191766.0
2025-05-05,M021,205840.0
2025-05-05,M022,141794.0
2025-05-05,M023,155868.0
2025-05-05,M024,169942.0
2025-05-05,M025,184016.0
2025-05-05,M026,198090.0
2025-05-05,M027,212164.0
2025-05-05,M028,226238.0
2025-05-05,M029,162192.0
2025-05-05,M030,176266.0
2025-05-05,M031,190340.0
2025-05-05,M032,204414.0
2025-05-05,M033,218488.0
2025-05-05,M034,232562.0
2025-05-05,M035,246636.0
2025-05-05,M036,182590.0
2025-05-05,M037,196664.0
2025-05-05,M038,210738.0
2025-05-05,M039,224812.0
2025-05-05,M040,238886.0
2025-05-05,M041,252960.0
2025-05-05,M042,267034.0
2025-05-05,M043,202988.0
2025-05-05,M044,217062.0
2025-05-05,M045,231136.0
2025-05-05,M046,245210.0
2025-05-05,M047,259284.0
2025-05-05,M048,273358.0
2025-05-06,M001,80600.0
2025-05-06,M002,94674.0
2025-05-06,M003,108748.0
2025-05-06,M004,122822.0
2025-05-06,M005,136896.0
2025-05-06,M006,150970.0
2025-05-06,M007,165044.0
2025-05-06,M008,100998.0
2025-05-06,M009,115072.0
2025-05-06,M010,129146.0
2025-05-06,M011,143220.0
2025-05-06,M012,157294.0
2025-05-06,M013,171368.0
2025-05-06,M014,185442.0
2025-05-06,M015,121396.0
2025-05-06,M016,135470.0
2025-05-06,M017,149544.0
2025-05-06,M018,163618.0
2025-05-06,M019,177692.0
2025-05-06,M020,191766.0
2025-05-06,M021,205840.0
2025-05-06,M022,141794.0
2025-05-06,M023,155868.0
2025-05-06,M024,169942.0
2025-05-06,M025,184016.0
2025-05-06,M026,198090.0
2025-05-06,M027,212164.0
2025-05-06,M028,226238.0
2025-05-06,M029,162192.0
2025-05-06,M030,176266.0
2025-05-06,M031,190340.0
2025-05-06,M032,204414.0
2025-05-06,M033,218488.0
2025-05-06,M034,232562.0
2025-05-06,M035,246636.0
2025-05-06,M036,182590.0
2025-05-06,M037,196664.0
2025-05-06,M038,210738.0
2025-05-06,M039,224812.0
2025-05-06,M040,238886.0
2025-05-06,M041,252960.0
2025-05-06,M042,267034.0
2025-05-06,M043,202988.0
2025-05-06,M044,217062.0
2025-05-06,M045,231136.0
2025-05-06,M046,245210.0
2025-05-06,M047,259284.0
2025-05-06,M048,273358.0
2025-05-07,M001,80600.0
2025-05-07,M002,94674.0
2025-05-07,M003,108748.0
2025-05-07,M004,122822.0
2025-05-07,M005,136896.0
2025-05-07,M006,150970.0
2025-05-07,M007,165044.0
2025-05-07,M008,100998.0
2025-05-07,M009,115072.0
2025-05-07,M010,129146.0
2025-05-07,M011,143220.0
2025-05-07,M012,157294.0
2025-05-07,M013,171368.0
2025-05-07,M014,185442.0
2025-05-07,M015,121396.0
2025-05-07,M016,135470.0
2025-05-07,M017,149544.0
2025-05-07,M018,163618.0
2025-05-07,M019,177692.0
2025-05-07,M020,191766.0
2025-05-07,M021,205840.0
2025-05-07,M022,141794.0
2025-05-07,M023,155868.0
2025-05-07,M024,169942.0
2025-05-07,M025,184016.0
2025-05-07,M026,198090.0
2025-05-07,M027,212164.0
2025-05-07,M028,226238.0
2025-05-07,M029,162192.0
2025-05-07,M030,176266.0
2025-05-07,M031,190340.0
2025-05-07,M032,204414.0
2025-05-07,M033,218488.0
2025-05-07,M034,232562.0
2025-05-07,M035,246636.0
2025-05-07,M036,182590.0
2025-05-07,M037,196664.0
2025-05-07,M038,210738.0
2025-05-07,M039,224812.0
2025-05-07,M040,238886.0
2025-05-07,M041,252960.0
2025-05-07,M042,267034.0
2025-05-07,M043,202988.0
2025-05-07,M044,217062.0
2025-05-07,M045,231136.0
2025-05-07,M046,245210.0
2025-05-07,M047,259284.0
2025-05-07,M048,273358.0
2025-05-08,M001,80600.0
2025-05-08,M002,94674.0
2025-05-08,M003,108748.0
2025-05-08,M004,122822.0
2025-05-08,M005,136896.0
2025-05-08,M006,150970.0
2025-05-08,M007,165044.0
2025-05-08,M008,100998.0
2025-05-08,M009,115072.0
2025-05-08,M010,129146.0
2025-05-08,M011,143220.0
2025-05-08,M012,157294.0
2025-05-08,M013,171368.0
2025-05-08,M014,185442.0
2025-05-08,M015,121396.0
2025-05-08,M016,135470.0
2025-05-08,M017,149544.0
2025-05-08,M018,163618.0
2025-05-08,M019,177692.0
2025-05-08,M020,191766.0
2025-05-08,M021,205840.0
2025-05-08,M022,141794.0
2025-05-08,M023,155868.0
2025-05-08,M024,169942.0
2025-05-08,M025,184016.0
2025-05-08,M026,198090.0
2025-05-08,M027,212164.0
2025-05-08,M028,226238.0
2025-05-08,M029,162192.0
2025-05-08,M030,176266.0
2025-05-08,M031,190340.0
2025-05-08,M032,204414.0
2025-05-08,M033,218488.0
2025-05-08,M034,232562.0
2025-05-08,M035,246636.0
2025-05-08,M036,182590.0
2025-05-08,M037,196664.0
2025-05-08,M038,210738.0
2025-05-08,M039,224812.0
2025-05-08,M040,238886.0
2025-05-08,M041,252960.0
2025-05-08,M042,267034.0
2025-05-08,M043,202988.0
2025-05-08,M044,217062.0
2025-05-08,M045,231136.0
2025-05-08,M046,245210.0
2025-05-08,M047,259284.0
2025-05-08,M048,273358.0
2025-05-09,M001,80600.0
2025-05-09,M002,94674.0
2025-05-09,M003,108748.0
2025-05-09,M004,122822.0
2025-05-09,M005,136896.0
2025-05-09,M006,150970.0
2025-05-09,M007,165044.0
2025-05-09,M008,100998.0
2025-05-09,M009,115072.0
2025-05-09,M010,129146.0
2025-05-09,M011,143220.0
2025-05-09,M012,157294.0
2025-05-09,M013,171368.0
2025-05-09,M014,185442.0
2025-05-09,M015,121396.0
2025-05-09,M016,135470.0
2025-05-09,M017,149544.0
2025-05-09,M018,163618.0
2025-05-09,M019,177692.0
2025-05-09,M020,191766.0
2025-05-09,M021,205840.0
2025-05-09,M022,141794.0
2025-05-09,M023,155868.0
2025-05-09,M024,169942.0
2025-05-09,M025,184016.0
2025-05-09,M026,198090.0
2025-05-09,M027,212164.0
2025-05-09,M028,226238.0
2025-05-09,M029,162192.0
2025-05-09,M030,176266.0
2025-05-09,M031,190340.0
2025-05-09,M032,204414.0
2025-05-09,M033,218488.0
2025-05-09,M034,232562.0
2025-05-09,M035,246636.0
2025-05-09,M036,182590.0
2025-05-09,M037,196664.0
2025-05-09,M038,210738.0
2025-05-09,M039,224812.0
2025-05-09,M040,238886.0
2025-05-09,M041,252960.0
2025-05-09,M042,267034.0
2025-05-09,M043,202988.0
2025-05-09,M044,217062.0
2025-05-09,M045,231136.0
2025-05-09,M046,245210.0
2025-05-09,M047,259284.0
2025-05-09,M048,273358.0
2025-05-10,M001,80600.0
2025-05-10,M002,94674.0
2025-05-10,M003,108748.0
2025-05-10,M004,122822.0
2025-05-10,M005,136896.0
2025-05-10,M006,150970.0
2025-05-10,M007,165044.0
2025-05-10,M008,100998.0
2025-05-10,M009,115072.0
2025-05-10,M010,129146.0
2025-05-10,M011,143220.0
2025-05-10,M012,157294.0
2025-05-10,M013,171368.0
2025-05-10,M014,185442.0
2025-05-10,M015,121396.0
2025-05-10,M016,135470.0
2025-05-10,M017,149544.0
2025-05-10,M018,163618.0
2025-05-10,M019,177692.0
2025-05-10,M020,191766.0
2025-05-10,M021,205840.0
2025-05-10,M022,141794.0
2025-05-10,M023,155868.0
2025-05-10,M024,169942.0
2025-05-10,M025,184016.0
2025-05-10,M026,198090.0
2025-05-10,M027,212164.0
2025-05-10,M028,226238.0
2025-05-10,M029,162192.0
2025-05-10,M030,176266.0
2025-05-10,M031,190340.0
2025-05-10,M032,204414.0
2025-05-10,M033,218488.0
2025-05-10,M034,232562.0
2025-05-10,M035,246636.0
2025-05-10,M036,182590.0
2025-05-10,M037,196664.0
2025-05-10,M038,210738.0
2025-05-10,M039,224812.0
2025-05-10,M040,238886.0
2025-05-10,M041,252960.0
2025-05-10,M042,267034.0
2025-05-10,M043,202988.0
2025-05-10,M044,217062.0
2025-05-10,M045,231136.0
2025-05-10,M046,245210.0
2025-05-10,M047,259284.0
2025-05-10,M048,273358.0
2025-05-11,M001,80600.0
2025-05-11,M002,94674.0
2025-05-11,M003,108748.0
2025-05-11,M004,122822.0
2025-05-11,M005,136896.0
2025-05-11,M006,150970.0
2025-05-11,M007,165044.0
2025-05-11,M008,100998.0
2025-05-11,M009,115072.0
2025-05-11,M010,129146.0
2025-05-11,M011,143220.0
2025-05-11,M012,157294.0
2025-05-11,M013,171368.0
2025-05-11,M014,185442.0
2025-05-11,M015,121396.0
2025-05-11,M016,135470.0
2025-05-11,M017,149544.0
2025-05-11,M018,163618.0
2025-05-11,M019,177692.0
2025-05-11,M020,191766.0
2025-05-11,M021,205840.0
2025-05-11,M022,141794.0
2025-05-11,M023,155868.0
2025-05-11,M024,169942.0
2025-05-11,M025,184016.0
2025-05-11,M026,198090.0
2025-05-11,M027,212164.0
2025-05-11,M028,226238.0
2025-05-11,M029,162192.0
2025-05-11,M030,176266.0
2025-05-11,M031,190340.0
2025-05-11,M032,204414.0
2025-05-11,M033,218488.0
2025-05-11,M034,232562.0
2025-05-11,M035,246636.0
2025-05-11,M036,182590.0
2025-05-11,M037,196664.0
2025-05-11,M038,210738.0
2025-05-11,M039,224812.0
2025-05-11,M040,238886.0
2025-05-11,M041,252960.0
2025-05-11,M042,267034.0
2025-05-11,M043,202988.0
2025-05-11,M044,217062.0
2025-05-11,M045,231136.0
2025-05-11,M046,245210.0
2025-05-11,M047,259284.0
2025-05-11,M048,273358.0
2025-05-12,M001,80600.0
2025-05-12,M002,94674.0
2025-05-12,M003,108748.0
2025-05-12,M004,122822.0
2025-05-12,M005,136896.0
2025-05-12,M006,150970.0
2025-05-12,M007,165044.0
2025-05-12,M008,100998.0
2025-05-12,M009,115072.0
2025-05-12,M010,129146.0
2025-05-12,M011,143220.0
2025-05-12,M012,157294.0
2025-05-12,M013,171368.0
2025-05-12,M014,185442.0
2025-05-12,M015,121396.0
2025-05-12,M016,135470.0
2025-05-12,M017,149544.0
2025-05-12,M018,163618.0
2025-05-12,M019,177692.0
2025-05-12,M020,191766.0
2025-05-12,M021,205840.0
2025-05-12,M022,141794.0
2025-05-12,M023,155868.0
2025-05-12,M024,169942.0
2025-05-12,M025,184016.0
2025-05-12,M026,198090.0
2025-05-12,M027,212164.0
2025-05-12,M028,226238.0
2025-05-12,M029,162192.0
2025-05-12,M030,176266.0
2025-05-12,M031,190340.0
2025-05-12,M032,204414.0
2025-05-12,M033,218488.0
2025-05-12,M034,232562.0
2025-05-12,M035,246636.0
2025-05-12,M036,182590.0
2025-05-12,M037,196664.0
2025-05-12,M038,210738.0
2025-05-12,M039,224812.0
2025-05-12,M040,238886.0
2025-05-12,M041,252960.0
2025-05-12,M042,267034.0
2025-05-12,M043,202988.0
2025-05-12,M044,217062.0
2025-05-12,M045,231136.0
2025-05-12,M046,245210.0
2025-05-12,M047,259284.0
2025-05-12,M048,273358.0
2025-05-13,M001,80600.0
2025-05-13,M002,94674.0
2025-05-13,M003,108748.0
2025-05-13,M004,122822.0
2025-05-13,M005,136896.0
2025-05-13,M006,150970.0
2025-05-13,M007,165044.0
2025-05-13,M008,100998.0
2025-05-13,M009,115072.0
2025-05-13,M010,129146.0
2025-05-13,M011,143220.0
2025-05-13,M012,157294.0
2025-05-13,M013,171368.0
2025-05-13,M014,185442.0
2025-05-13,M015,121396.0
2025-05-13,M016,135470.0
2025-05-13,M017,149544.0
2025-05-13,M018,163618.0
2025-05-13,M019,177692.0
2025-05-13,M020,191766.0
2025-05-13,M021,205840.0
2025-05-13,M022,141794.0
2025-05-13,M023,155868.0
2025-05-13,M024,169942.0
2025-05-13,M025,184016.0
2025-05-13,M026,198090.0
2025-05-13,M027,212164.0
2025-05-13,M028,226238.0
2025-05-13,M029,162192.0
2025-05-13,M030,176266.0
2025-05-13,M031,190340.0
2025-05-13,M032,204414.0
2025-05-13,M033,218488.0
2025-05-13,M034,232562.0
2025-05-13,M035,246636.0
2025-05-13,M036,182590.0
2025-05-13,M037,196664.0
2025-05-13,M038,210738.0
2025-05-13,M039,224812.0
2025-05-13,M040,238886.0
2025-05-13,M041,252960.0
2025-05-13,M042,267034.0
2025-05-13,M043,202988.0
2025-05-13,M044,217062.0
2025-05-13,M045,231136.0
2025-05-13,M046,245210.0
2025-05-13,M047,259284.0
2025-05-13,M048,273358.0
2025-05-14,M001,80600.0
2025-05-14,M002,94674.0
2025-05-14,M003,108748.0
2025-05-14,M004,122822.0
2025-05-14,M005,136896.0
2025-05-14,M006,150970.0
2025-05-14,M007,165044.0
2025-05-14,M008,100998.0
2025-05-14,M009,115072.0
2025-05-14,M010,129146.0
2025-05-14,M011,143220.0
2025-05-14,M012,157294.0
2025-05-14,M013,171368.0
2025-05-14,M014,185442.0
2025-05-14,M015,121396.0
2025-05-14,M016,135470.0
2025-05-14,M017,149544.0
2025-05-14,M018,163618.0
2025-05-14,M019,177692.0
2025-05-14,M020,191766.0
2025-05-14,M021,205840.0
2025-05-14,M022,141794.0
2025-05-14,M023,155868.0
2025-05-14,M024,169942.0
2025-05-14,M025,184016.0
2025-05-14,M026,198090.0
2025-05-14,M027,212164.0
2025-05-14,M028,226238.0
2025-05-14,M029,162192.0
2025-05-14,M030,176266.0
2025-05-14,M031,190340.0
2025-05-14,M032,204414.0
2025-05-14,M033,218488.0
2025-05-14,M034,232562.0
2025-05-14,M035,246636.0
2025-05-14,M036,182590.0
2025-05-14,M037,196664.0
2025-05-14,M038,210738.0
2025-05-14,M039,224812.0
2025-05-14,M040,238886.0
2025-05-14,M041,252960.0
2025-05-14,M042,267034.0
2025-05-14,M043,202988.0
2025-05-14,M044,217062.0
2025-05-14,M045,231136.0
2025-05-14,M046,245210.0
2025-05-14,M047,259284.0
2025-05-14,M048,273358.0
2025-05-15,M001,80600.0
2025-05-15,M002,94674.0
2025-05-15,M003,108748.0
2025-05-15,M004,122822.0
2025-05-15,M005,136896.0
2025-05-15,M006,150970.0
2025-05-15,M007,165044.0
2025-05-15,M008,100998.0
2025-05-15,M009,115072.0
2025-05-15,M010,129146.0
2025-05-15,M011,143220.0
2025-05-15,M012,157294.0
2025-05-15,M013,171368.0
2025-05-15,M014,185442.0
2025-05-15,M015,121396.0
2025-05-15,M016,135470.0
2025-05-15,M017,149544.0
2025-05-15,M018,163618.0
2025-05-15,M019,177692.0
2025-05-15,M020,191766.0
2025-05-15,M021,205840.0
2025-05-15,M022,141794.0
2025-05-15,M023,155868.0
2025-05-15,M024,169942.0
2025-05-15,M025,184016.0
2025-05-15,M026,198090.0
2025-05-15,M027,212164.0
2025-05-15,M028,226238.0
2025-05-15,M029,162192.0
2025-05-15,M030,176266.0
2025-05-15,M031,190340.0
2025-05-15,M032,204414.0
2025-05-15,M033,218488.0
2025-05-15,M034,232562.0
2025-05-15,M035,246636.0
2025-05-15,M036,182590.0
2025-05-15,M037,196664.0
2025-05-15,M038,210738.0
2025-05-15,M039,224812.0
2025-05-15,M040,238886.0
2025-05-15,M041,252960.0
2025-05-15,M042,267034.0
2025-05-15,M043,202988.0
2025-05-15,M044,217062.0
2025-05-15,M045,231136.0
2025-05-15,M046,245210.0
2025-05-15,M047,259284.0
2025-05-15,M048,273358.0
2025-05-16,M001,80600.0
2025-05-16,M002,94674.0
2025-05-16,M003,108748.0
2025-05-16,M004,122822.0
2025-05-16,M005,136896.0
2025-05-16,M006,150970.0
2025-05-16,M007,165044.0
2025-05-16,M008,100998.0
2025-05-16,M009,115072.0
2025-05-16,M010,129146.0
2025-05-16,M011,143220.0
2025-05-16,M012,157294.0
2025-05-16,M013,171368.0
2025-05-16,M014,185442.0
2025-05-16,M015,121396.0
2025-05-16,M016,135470.0
2025-05-16,M017,149544.0
2025-05-16,M018,163618.0
2025-05-16,M019,177692.0
2025-05-16,M020,191766.0
2025-05-16,M021,205840.0
2025-05-16,M022,141794.0
2025-05-16,M023,155868.0
2025-05-16,M024,169942.0
2025-05-16,M025,184016.0
2025-05-16,M026,198090.0
2025-05-16,M027,212164.0
2025-05-16,M028,226238.0
2025-05-16,M029,162192.0
2025-05-16,M030,176266.0
2025-05-16,M031,190340.0
2025-05-16,M032,204414.0
2025-05-16,M033,218488.0
2025-05-16,M034,232562.0
2025-05-16,M035,246636.0
2025-05-16,M036,182590.0
2025-05-16,M037,196664.0
2025-05-16,M038,210738.0
2025-05-16,M039,224812.0
2025-05-16,M040,238886.0
2025-05-16,M041,252960.0
2025-05-16,M042,267034.0
2025-05-16,M043,202988.0
2025-05-16,M044,217062.0
2025-05-16,M045,231136.0
2025-05-16,M046,245210.0
2025-05-16,M047,259284.0
2025-05-16,M048,273358.0
2025-05-17,M001,80600.0
2025-05-17,M002,94674.0
2025-05-17,M003,108748.0
2025-05-17,M004,122822.0
2025-05-17,M005,136896.0
2025-05-17,M006,150970.0
2025-05-17,M007,165044.0
2025-05-17,M008,100998.0
2025-05-17,M009,115072.0
2025-05-17,M010,129146.0
2025-05-17,M011,143220.0
2025-05-17,M012,157294.0
2025-05-17,M013,171368.0
2025-05-17,M014,185442.0
2025-05-17,M015,121396.0
2025-05-17,M016,135470.0
2025-05-17,M017,149544.0
2025-05-17,M018,163618.0
2025-05-17,M019,177692.0
2025-05-17,M020,191766.0
2025-05-17,M021,205840.0
2025-05-17,M022,141794.0
2025-05-17,M023,155868.0
2025-05-17,M024,169942.0
2025-05-17,M025,184016.0
2025-05-17,M026,198090.0
2025-05-17,M027,212164.0
2025-05-17,M028,226238.0
2025-05-17,M029,162192.0
2025-05-17,M030,176266.0
2025-05-17,M031,190340.0
2025-05-17,M032,204414.0
2025-05-17,M033,218488.0
2025-05-17,M034,232562.0
2025-05-17,M035,246636.0
2025-05-17,M036,182590.0
2025-05-17,M037,196664.0
2025-05-17,M038,210738.0
2025-05-17,M039,224812.0
2025-05-17,M040,238886.0
2025-05-17,M041,252960.0
2025-05-17,M042,267034.0
2025-05-17,M043,202988.0
2025-05-17,M044,217062.0
2025-05-17,M045,231136.0
2025-05-17,M046,245210.0
2025-05-17,M047,259284.0
2025-05-17,M048,273358.0
2025-05-18,M001,80600.0
2025-05-18,M002,94674.0
2025-05-18,M003,108748.0
2025-05-18,M004,122822.0
2025-05-18,M005,136896.0
2025-05-18,M006,150970.0
2025-05-18,M007,165044.0
2025-05-18,M008,100998.0
2025-05-18,M009,115072.0
2025-05-18,M010,129146.0
2025-05-18,M011,143220.0
2025-05-18,M012,157294.0
2025-05-18,M013,171368.0
2025-05-18,M014,185442.0
2025-05-18,M015,121396.0
2025-05-18,M016,135470.0
2025-05-18,M017,149544.0
2025-05-18,M018,163618.0
2025-05-18,M019,177692.0
2025-05-18,M020,191766.0
2025-05-18,M021,205840.0
2025-05-18,M022,141794.0
2025-05-18,M023,155868.0
2025-05-18,M024,169942.0
2025-05-18,M025,184016.0
2025-05-18,M026,198090.0
2025-05-18,M027,212164.0
2025-05-18,M028,226238.0
2025-05-18,M029,162192.0
2025-05-18,M030,176266.0
2025-05-18,M031,190340.0
2025-05-18,M032,204414.0
2025-05-18,M033,218488.0
2025-05-18,M034,232562.0
2025-05-18,M035,246636.0
2025-05-18,M036,182590.0
2025-05-18,M037,196664.0
2025-05-18,M038,210738.0
2025-05-18,M039,224812.0
2025-05-18,M040,238886.0
2025-05-18,M041,252960.0
2025-05-18,M042,267034.0
2025-05-18,M043,202988.0
2025-05-18,M044,217062.0
2025-05-18,M045,231136.0
2025-05-18,M046,245210.0
2025-05-18,M047,259284.0
2025-05-18,M048,273358.0
2025-05-19,M001,80600.0
2025-05-19,M002,94674.0
2025-05-19,M003,108748.0
2025-05-19,M004,122822.0
2025-05-19,M005,136896.0
2025-05-19,M006,150970.0
2025-05-19,M007,165044.0
2025-05-19,M008,100998.0
2025-05-19,M009,115072.0
2025-05-19,M010,129146.0
2025-05-19,M011,143220.0
2025-05-19,M012,157294.0
2025-05-19,M013,171368.0
2025-05-19,M014,185442.0
2025-05-19,M015,121396.0
2025-05-19,M016,135470.0
2025-05-19,M017,149544.0
2025-05-19,M018,163618.0
2025-05-19,M019,177692.0
2025-05-19,M020,191766.0
2025-05-19,M021,205840.0
2025-05-19,M022,141794.0
2025-05-19,M023,155868.0
2025-05-19,M024,169942.0
2025-05-19,M025,184016.0
2025-05-19,M026,198090.0
2025-05-19,M027,212164.0
2025-05-19,M028,226238.0
2025-05-19,M029,162192.0
2025-05-19,M030,176266.0
2025-05-19,M031,190340.0
2025-05-19,M032,204414.0
2025-05-19,M033,218488.0
2025-05-19,M034,232562.0
2025-05-19,M035,246636.0
2025-05-19,M036,182590.0
2025-05-19,M037,196664.0
2025-05-19,M038,210738.0
2025-05-19,M039,224812.0
2025-05-19,M040,238886.0
2025-05-19,M041,252960.0
2025-05-19,M042,267034.0
2025-05-19,M043,202988.0
2025-05-19,M044,217062.0
2025-05-19,M045,231136.0
2025-05-19,M046,245210.0
2025-05-19,M047,259284.0
2025-05-19,M048,273358.0
2025-05-20,M001,80600.0
2025-05-20,M002,94674.0
2025-05-20,M003,108748.0
2025-05-20,M004,122822.0
2025-05-20,M005,136896.0
2025-05-20,M006,150970.0
2025-05-20,M007,165044.0
2025-05-20,M008,100998.0
2025-05-20,M009,115072.0
2025-05-20,M010,129146.0
2025-05-20,M011,143220.0
2025-05-20,M012,157294.0
2025-05-20,M013,171368.0
2025-05-20,M014,185442.0
2025-05-20,M015,121396.0
2025-05-20,M016,135470.0
2025-05-20,M017,149544.0
2025-05-20,M018,163618.0
2025-05-20,M019,177692.0
2025-05-20,M020,191766.0
2025-05-20,M021,205840.0
2025-05-20,M022,141794.0
2025-05-20,M023,155868.0
2025-05-20,M024,169942.0
2025-05-20,M025,184016.0
2025-05-20,M026,198090.0
2025-05-20,M027,212164.0
2025-05-20,M028,226238.0
2025-05-20,M029,162192.0
2025-05-20,M030,176266.0
2025-05-20,M031,190340.0
2025-05-20,M032,204414.0
2025-05-20,M033,218488.0
2025-05-20,M034,232562.0
2025-05-20,M035,246636.0
2025-05-20,M036,182590.0
2025-05-20,M037,196664.0
2025-05-20,M038,210738.0
2025-05-20,M039,224812.0
2025-05-20,M040,238886.0
2025-05-20,M041,252960.0
2025-05-20,M042,267034.0
2025-05-20,M043,202988.0
2025-05-20,M044,217062.0
2025-05-20,M045,231136.0
2025-05-20,M046,245210.0
2025-05-20,M047,259284.0
2025-05-20,M048,273358.0
2025-05-21,M001,80600.0
2025-05-21,M002,94674.0
2025-05-21,M003,108748.0
2025-05-21,M004,122822.0
2025-05-21,M005,136896.0
2025-05-21,M006,150970.0
2025-05-21,M007,165044.0
2025-05-21,M008,100998.0
2025-05-21,M009,115072.0
2025-05-21,M010,129146.0
2025-05-21,M011,143220.0
2025-05-21,M012,157294.0
2025-05-21,M013,171368.0
2025-05-21,M014,185442.0
2025-05-21,M015,121396.0
2025-05-21,M016,135470.0
2025-05-21,M017,149544.0
2025-05-21,M018,163618.0
2025-05-21,M019,177692.0
2025-05-21,M020,191766.0
2025-05-21,M021,205840.0
2025-05-21,M022,141794.0
2025-05-21,M023,155868.0
2025-05-21,M024,169942.0
2025-05-21,M025,184016.0
2025-05-21,M026,198090.0
2025-05-21,M027,212164.0
2025-05-21,M028,226238.0
2025-05-21,M029,162192.0
2025-05-21,M030,176266.0
2025-05-21,M031,190340.0
2025-05-21,M032,204414.0
2025-05-21,M033,218488.0
2025-05-21,M034,232562.0
2025-05-21,M035,246636.0
2025-05-21,M036,182590.0
2025-05-21,M037,196664.0
2025-05-21,M038,210738.0
2025-05-21,M039,224812.0
2025-05-21,M040,238886.0
2025-05-21,M041,252960.0
2025-05-21,M042,267034.0
2025-05-21,M043,202988.0
2025-05-21,M044,217062.0
2025-05-21,M045,231136.0
2025-05-21,M046,245210.0
2025-05-21,M047,259284.0
2025-05-21,M048,273358.0
2025-05-22,M001,80600.0
2025-05-22,M002,94674.0
2025-05-22,M003,108748.0
2025-05-22,M004,122822.0
2025-05-22,M005,136896.0
2025-05-22,M006,150970.0
2025-05-22,M007,165044.0
2025-05-22,M008,100998.0
2025-05-22,M009,115072.0
2025-05-22,M010,129146.0
2025-05-22,M011,143220.0
2025-05-22,M012,157294.0
2025-05-22,M013,171368.0
2025-05-22,M014,185442.0
2025-05-22,M015,121396.0
2025-05-22,M016,135470.0
2025-05-22,M017,149544.0
2025-05-22,M018,163618.0
2025-05-22,M019,177692.0
2025-05-22,M020,191766.0
2025-05-22,M021,205840.0
2025-05-22,M022,141794.0
2025-05-22,M023,155868.0
2025-05-22,M024,169942.0
2025-05-22,M025,184016.0
2025-05-22,M026,198090.0
2025-05-22,M027,212164.0
2025-05-22,M028,226238.0
2025-05-22,M029,162192.0
2025-05-22,M030,176266.0
2025-05-22,M031,190340.0
2025-05-22,M032,204414.0
2025-05-22,M033,218488.0
2025-05-22,M034,232562.0
2025-05-22,M035,246636.0
2025-05-22,M036,182590.0
2025-05-22,M037,196664.0
2025-05-22,M038,210738.0
2025-05-22,M039,224812.0
2025-05-22,M040,238886.0
2025-05-22,M041,252960.0
2025-05-22,M042,267034.0
2025-05-22,M043,202988.0
2025-05-22,M044,217062.0
2025-05-22,M045,231136.0
2025-05-22,M046,245210.0
2025-05-22,M047,259284.0
2025-05-22,M048,273358.0
2025-05-23,M001,80600.0
2025-05-23,M002,94674.0
2025-05-23,M003,108748.0
2025-05-23,M004,122822.0
2025-05-23,M005,136896.0
2025-05-23,M006,150970.0
2025-05-23,M007,165044.0
2025-05-23,M008,100998.0
2025-05-23,M009,115072.0
2025-05-23,M010,129146.0
2025-05-23,M011,143220.0
2025-05-23,M012,157294.0
2025-05-23,M013,171368.0
2025-05-23,M014,185442.0
2025-05-23,M015,121396.0
2025-05-23,M016,135470.0
2025-05-23,M017,149544.0
2025-05-23,M018,163618.0
2025-05-23,M019,177692.0
2025-05-23,M020,191766.0
2025-05-23,M021,205840.0
2025-05-23,M022,141794.0
2025-05-23,M023,155868.0
2025-05-23,M024,169942.0
2025-05-23,M025,184016.0
2025-05-23,M026,198090.0
2025-05-23,M027,212164.0
2025-05-23,M028,226238.0
2025-05-23,M029,162192.0
2025-05-23,M030,176266.0
2025-05-23,M031,190340.0
2025-05-23,M032,204414.0
2025-05-23,M033,218488.0
2025-05-23,M034,232562.0
2025-05-23,M035,246636.0
2025-05-23,M036,182590.0
2025-05-23,M037,196664.0
2025-05-23,M038,210738.0
2025-05-23,M039,224812.0
2025-05-23,M040,238886.0
2025-05-23,M041,252960.0
2025-05-23,M042,267034.0
2025-05-23,M043,202988.0
2025-05-23,M044,217062.0
2025-05-23,M045,231136.0
2025-05-23,M046,245210.0
2025-05-23,M047,259284.0
2025-05-23,M048,273358.0
2025-05-24,M001,80600.0
2025-05-24,M002,94674.0
2025-05-24,M003,108748.0
2025-05-24,M004,122822.0
2025-05-24,M005,136896.0
2025-05-24,M006,150970.0
2025-05-24,M007,165044.0
2025-05-24,M008,100998.0
2025-05-24,M009,115072.0
2025-05-24,M010,129146.0
2025-05-24,M011,143220.0
2025-05-24,M012,157294.0
2025-05-24,M013,171368.0
2025-05-24,M014,185442.0
2025-05-24,M015,121396.0
2025-05-24,M016,135470.0
2025-05-24,M017,149544.0
2025-05-24,M018,163618.0
2025-05-24,M019,177692.0
2025-05-24,M020,191766.0
2025-05-24,M021,205840.0
2025-05-24,M022,141794.0
2025-05-24,M023,155868.0
2025-05-24,M024,169942.0
2025-05-24,M025,184016.0
2025-05-24,M026,198090.0
2025-05-24,M027,212164.0
2025-05-24,M028,226238.0
2025-05-24,M029,162192.0
2025-05-24,M030,176266.0
2025-05-24,M031,190340.0
2025-05-24,M032,204414.0
2025-05-24,M033,218488.0
2025-05-24,M034,232562.0
2025-05-24,M035,246636.0
2025-05-24,M036,182590.0
2025-05-24,M037,196664.0
2025-05-24,M038,210738.0
2025-05-24,M039,224812.0
2025-05-24,M040,238886.0
2025-05-24,M041,252960.0
2025-05-24,M042,267034.0
2025-05-24,M043,202988.0
2025-05-24,M044,217062.0
2025-05-24,M045,231136.0
2025-05-24,M046,245210.0
2025-05-24,M047,259284.0
2025-05-24,M048,273358.0
2025-05-25,M001,80600.0
2025-05-25,M002,94674.0
2025-05-25,M003,108748.0
2025-05-25,M004,122822.0
2025-05-25,M005,136896.0
2025-05-25,M006,150970.0
2025-05-25,M007,165044.0
2025-05-25,M008,100998.0
2025-05-25,M009,115072.0
2025-05-25,M010,129146.0
2025-05-25,M011,143220.0
2025-05-25,M012,157294.0
2025-05-25,M013,171368.0
2025-05-25,M014,185442.0
2025-05-25,M015,121396.0
2025-05-25,M016,135470.0
2025-05-25,M017,149544.0
2025-05-25,M018,163618.0
2025-05-25,M019,177692.0
2025-05-25,M020,191766.0
2025-05-25,M021,205840.0
2025-05-25,M022,141794.0
2025-05-25,M023,155868.0
2025-05-25,M024,169942.0
2025-05-25,M025,184016.0
2025-05-25,M026,198090.0
2025-05-25,M027,212164.0
2025-05-25,M028,226238.0
2025-05-25,M029,162192.0
2025-05-25,M030,176266.0
2025-05-25,M031,190340.0
2025-05-25,M032,204414.0
2025-05-25,M033,218488.0
2025-05-25,M034,232562.0
2025-05-25,M035,246636.0
2025-05-25,M036,182590.0
2025-05-25,M037,196664.0
2025-05-25,M038,210738.0
2025-05-25,M039,224812.0
2025-05-25,M040,238886.0
2025-05-25,M041,252960.0
2025-05-25,M042,267034.0
2025-05-25,M043,202988.0
2025-05-25,M044,217062.0
2025-05-25,M045,231136.0
2025-05-25,M046,245210.0
2025-05-25,M047,259284.0
2025-05-25,M048,273358.0
2025-05-26,M001,80600.0
2025-05-26,M002,94674.0
2025-05-26,M003,108748.0
2025-05-26,M004,122822.0
2025-05-26,M005,136896.0
2025-05-26,M006,150970.0
2025-05-26,M007,165044.0
2025-05-26,M008,100998.0
2025-05-26,M009,115072.0
2025-05-26,M010,129146.0
2025-05-26,M011,143220.0
2025-05-26,M012,157294.0
2025-05-26,M013,171368.0
2025-05-26,M014,185442.0
2025-05-26,M015,121396.0
2025-05-26,M016,135470.0
2025-05-26,M017,149544.0
2025-05-26,M018,163618.0
2025-05-26,M019,177692.0
2025-05-26,M020,191766.0
2025-05-26,M021,205840.0
2025-05-26,M022,141794.0
2025-05-26,M023,155868.0
2025-05-26,M024,169942.0
2025-05-26,M025,184016.0
2025-05-26,M026,198090.0
2025-05-26,M027,212164.0
2025-05-26,M028,226238.0
2025-05-26,M029,162192.0
2025-05-26,M030,176266.0
2025-05-26,M031,190340.0
2025-05-26,M032,204414.0
2025-05-26,M033,218488.0
2025-05-26,M034,232562.0
2025-05-26,M035,246636.0
2025-05-26,M036,182590.0
2025-05-26,M037,196664.0
2025-05-26,M038,210738.0
2025-05-26,M039,224812.0
2025-05-26,M040,238886.0
2025-05-26,M041,252960.0
2025-05-26,M042,267034.0
2025-05-26,M043,202988.0
2025-05-26,M044,217062.0
2025-05-26,M045,231136.0
2025-05-26,M046,245210.0
2025-05-26,M047,259284.0
2025-05-26,M048,273358.0
2025-05-27,M001,80600.0
2025-05-27,M002,94674.0
2025-05-27,M003,108748.0
2025-05-27,M004,122822.0
2025-05-27,M005,136896.0
2025-05-27,M006,150970.0
2025-05-27,M007,165044.0
2025-05-27,M008,100998.0
2025-05-27,M009,115072.0
2025-05-27,M010,129146.0
2025-05-27,M011,143220.0
2025-05-27,M012,157294.0
2025-05-27,M013,171368.0
2025-05-27,M014,185442.0
2025-05-27,M015,121396.0
2025-05-27,M016,135470.0
2025-05-27,M017,149544.0
2025-05-27,M018,163618.0
2025-05-27,M019,177692.0
2025-05-27,M020,191766.0
2025-05-27,M021,205840.0
2025-05-27,M022,141794.0
2025-05-27,M023,155868.0
2025-05-27,M024,169942.0
2025-05-27,M025,184016.0
2025-05-27,M026,198090.0
2025-05-27,M027,212164.0
2025-05-27,M028,226238.0
2025-05-27,M029,162192.0
2025-05-27,M030,176266.0
2025-05-27,M031,190340.0
2025-05-27,M032,204414.0
2025-05-27,M033,218488.0
2025-05-27,M034,232562.0
2025-05-27,M035,246636.0
2025-05-27,M036,182590.0
2025-05-27,M037,196664.0
2025-05-27,M038,210738.0
2025-05-27,M039,224812.0
2025-05-27,M040,238886.0
2025-05-27,M041,252960.0
2025-05-27,M042,267034.0
2025-05-27,M043,202988.0
2025-05-27,M044,217062.0
2025-05-27,M045,231136.0
2025-05-27,M046,245210.0
2025-05-27,M047,259284.0
2025-05-27,M048,273358.0
2025-05-28,M001,80600.0
2025-05-28,M002,94674.0
2025-05-28,M003,108748.0
2025-05-28,M004,122822.0
2025-05-28,M005,136896.0
2025-05-28,M006,150970.0
2025-05-28,M007,165044.0
2025-05-28,M008,100998.0
2025-05-28,M009,115072.0
2025-05-28,M010,129146.0
2025-05-28,M011,143220.0
2025-05-28,M012,157294.0
2025-05-28,M013,171368.0
2025-05-28,M014,185442.0
2025-05-28,M015,121396.0
2025-05-28,M016,135470.0
2025-05-28,M017,149544.0
2025-05-28,M018,163618.0
2025-05-28,M019,177692.0
2025-05-28,M020,191766.0
2025-05-28,M021,205840.0
2025-05-28,M022,141794.0
2025-05-28,M023,155868.0
2025-05-28,M024,169942.0
2025-05-28,M025,184016.0
2025-05-28,M026,198090.0
2025-05-28,M027,212164.0
2025-05-28,M028,226238.0
2025-05-28,M029,162192.0
2025-05-28,M030,176266.0
2025-05-28,M031,190340.0
2025-05-28,M032,204414.0
2025-05-28,M033,218488.0
2025-05-28,M034,232562.0
2025-05-28,M035,246636.0
2025-05-28,M036,182590.0
2025-05-28,M037,196664.0
2025-05-28,M038,210738.0
2025-05-28,M039,224812.0
2025-05-28,M040,238886.0
2025-05-28,M041,252960.0
2025-05-28,M042,267034.0
2025-05-28,M043,202988.0
2025-05-28,M044,217062.0
2025-05-28,M045,231136.0
2025-05-28,M046,245210.0
2025-05-28,M047,259284.0
2025-05-28,M048,273358.0
2025-05-29,M001,80600.0
2025-05-29,M002,94674.0
2025-05-29,M003,108748.0
2025-05-29,M004,122822.0
2025-05-29,M005,136896.0
2025-05-29,M006,150970.0
2025-05-29,M007,165044.0
2025-05-29,M008,100998.0
2025-05-29,M009,115072.0
2025-05-29,M010,129146.0
2025-05-29,M011,143220.0
2025-05-29,M012,157294.0
2025-05-29,M013,171368.0
2025-05-29,M014,185442.0
2025-05-29,M015,121396.0
2025-05-29,M016,135470.0
2025-05-29,M017,149544.0
2025-05-29,M018,163618.0
2025-05-29,M019,177692.0
2025-05-29,M020,191766.0
2025-05-29,M021,205840.0
2025-05-29,M022,141794.0
2025-05-29,M023,155868.0
2025-05-29,M024,169942.0
2025-05-29,M025,184016.0
2025-05-29,M026,198090.0
2025-05-29,M027,212164.0
2025-05-29,M028,226238.0
2025-05-29,M029,162192.0
2025-05-29,M030,176266.0
2025-05-29,M031,190340.0
2025-05-29,M032,204414.0
2025-05-29,M033,218488.0
2025-05-29,M034,232562.0
2025-05-29,M035,246636.0
2025-05-29,M036,182590.0
2025-05-29,M037,196664.0
2025-05-29,M038,210738.0
2025-05-29,M039,224812.0
2025-05-29,M040,238886.0
2025-05-29,M041,252960.0
2025-05-29,M042,267034.0
2025-05-29,M043,202988.0
2025-05-29,M044,217062.0
2025-05-29,M045,231136.0
2025-05-29,M046,245210.0
2025-05-29,M047,259284.0
2025-05-29,M048,273358.0
2025-05-30,M001,80600.0
2025-05-30,M002,94674.0
2025-05-30,M003,108748.0
2025-05-30,M004,122822.0
2025-05-30,M005,136896.0
2025-05-30,M006,150970.0
2025-05-30,M007,165044.0
2025-05-30,M008,100998.0
2025-05-30,M009,115072.0
2025-05-30,M010,129146.0
2025-05-30,M011,143220.0
2025-05-30,M012,157294.0
2025-05-30,M013,171368.0
2025-05-30,M014,185442.0
2025-05-30,M015,121396.0
2025-05-30,M016,135470.0
2025-05-30,M017,149544.0
2025-05-30,M018,163618.0
2025-05-30,M019,177692.0
2025-05-30,M020,191766.0
2025-05-30,M021,205840.0
2025-05-30,M022,141794.0
2025-05-30,M023,155868.0
2025-05-30,M024,169942.0
2025-05-30,M025,184016.0
2025-05-30,M026,198090.0
2025-05-30,M027,212164.0
2025-05-30,M028,226238.0
2025-05-30,M029,162192.0
2025-05-30,M030,176266.0
2025-05-30,M031,190340.0
2025-05-30,M032,204414.0
2025-05-30,M033,218488.0
2025-05-30,M034,232562.0
2025-05-30,M035,246636.0
2025-05-30,M036,182590.0
2025-05-30,M037,196664.0
2025-05-30,M038,210738.0
2025-05-30,M039,224812.0
2025-05-30,M040,238886.0
2025-05-30,M041,252960.0
2025-05-30,M042,267034.0
2025-05-30,M043,202988.0
2025-05-30,M044,217062.0
2025-05-30,M045,231136.0
2025-05-30,M046,245210.0
2025-05-30,M047,259284.0
2025-05-30,M048,273358.0
2025-05-31,M001,80600.0
2025-05-31,M002,94674.0
2025-05-31,M003,108748.0
2025-05-31,M004,122822.0
2025-05-31,M005,136896.0
2025-05-31,M006,150970.0
2025-05-31,M007,165044.0
2025-05-31,M008,100998.0
2025-05-31,M009,115072.0
2025-05-31,M010,129146.0
2025-05-31,M011,143220.0
2025-05-31,M012,157294.0
2025-05-31,M013,171368.0
2025-05-31,M014,185442.0
2025-05-31,M015,121396.0
2025-05-31,M016,135470.0
2025-05-31,M017,149544.0
2025-05-31,M018,163618.0
2025-05-31,M019,177692.0
2025-05-31,M020,191766.0
2025-05-31,M021,205840.0
2025-05-31,M022,141794.0
2025-05-31,M023,155868.0
2025-05-31,M024,169942.0
2025-05-31,M025,184016.0
2025-05-31,M026,198090.0
2025-05-31,M027,212164.0
2025-05-31,M028,226238.0
2025-05-31,M029,162192.0
2025-05-31,M030,176266.0
2025-05-31,M031,190340.0
2025-05-31,M032,204414.0
2025-05-31,M033,218488.0
2025-05-31,M034,232562.0
2025-05-31,M035,246636.0
2025-05-31,M036,182590.0
2025-05-31,M037,196664.0
2025-05-31,M038,210738.0
2025-05-31,M039,224812.0
2025-05-31,M040,238886.0
2025-05-31,M041,252960.0
2025-05-31,M042,267034.0
2025-05-31,M043,202988.0
2025-05-31,M044,217062.0
2025-05-31,M045,231136.0
2025-05-31,M046,245210.0
2025-05-31,M047,259284.0
2025-05-31,M048,273358.0
2025-06-01,M001,80600.0
2025-06-01,M002,94674.0
2025-06-01,M003,108748.0
2025-06-01,M004,122822.0
2025-06-01,M005,136896.0
2025-06-01,M006,150970.0
2025-06-01,M007,165044.0
2025-06-01,M008,100998.0
2025-06-01,M009,115072.0
2025-06-01,M010,129146.0
2025-06-01,M011,143220.0
2025-06-01,M012,157294.0
2025-06-01,M013,171368.0
2025-06-01,M014,185442.0
2025-06-01,M015,121396.0
2025-06-01,M016,135470.0
2025-06-01,M017,149544.0
2025-06-01,M018,163618.0
2025-06-01,M019,177692.0
2025-06-01,M020,191766.0
2025-06-01,M021,205840.0
2025-06-01,M022,141794.0
2025-06-01,M023,155868.0
2025-06-01,M024,169942.0
2025-06-01,M025,184016.0
2025-06-01,M026,198090.0
2025-06-01,M027,212164.0
2025-06-01,M028,226238.0
2025-06-01,M029,162192.0
2025-06-01,M030,176266.0
2025-06-01,M031,190340.0
2025-06-01,M032,204414.0
2025-06-01,M033,218488.0
2025-06-01,M034,232562.0
2025-06-01,M035,246636.0
2025-06-01,M036,182590.0
2025-06-01,M037,196664.0
2025-06-01,M038,210738.0
2025-06-01,M039,224812.0
2025-06-01,M040,238886.0
2025-06-01,M041,252960.0
2025-06-01,M042,267034.0
2025-06-01,M043,202988.0
2025-06-01,M044,217062.0
2025-06-01,M045,231136.0
2025-06-01,M046,245210.0
2025-06-01,M047,259284.0
2025-06-01,M048,273358.0
2025-06-02,M001,80600.0
2025-06-02,M002,94674.0
2025-06-02,M003,108748.0
2025-06-02,M004,122822.0
2025-06-02,M005,136896.0
2025-06-02,M006,150970.0
2025-06-02,M007,165044.0
2025-06-02,M008,100998.0
2025-06-02,M009,115072.0
2025-06-02,M010,129146.0
2025-06-02,M011,143220.0
2025-06-02,M012,157294.0
2025-06-02,M013,171368.0
2025-06-02,M014,185442.0
2025-06-02,M015,121396.0
2025-06-02,M016,135470.0
2025-06-02,M017,149544.0
2025-06-02,M018,163618.0
2025-06-02,M019,177692.0
2025-06-02,M020,191766.0
2025-06-02,M021,205840.0
2025-06-02,M022,141794.0
2025-06-02,M023,155868.0
2025-06-02,M024,169942.0
2025-06-02,M025,184016.0
2025-06-02,M026,198090.0
2025-06-02,M027,212164.0
2025-06-02,M028,226238.0
2025-06-02,M029,162192.0
2025-06-02,M030,176266.0
2025-06-02,M031,190340.0
2025-06-02,M032,204414.0
2025-06-02,M033,218488.0
2025-06-02,M034,232562.0
2025-06-02,M035,246636.0
2025-06-02,M036,182590.0
2025-06-02,M037,196664.0
2025-06-02,M038,210738.0
2025-06-02,M039,224812.0
2025-06-02,M040,238886.0
2025-06-02,M041,252960.0
2025-06-02,M042,267034.0
2025-06-02,M043,202988.0
2025-06-02,M044,217062.0
2025-06-02,M045,231136.0
2025-06-02,M046,245210.0
2025-06-02,M047,259284.0
2025-06-02,M048,273358.0
2025-06-03,M001,80600.0
2025-06-03,M002,94674.0
2025-06-03,M003,108748.0
2025-06-03,M004,122822.0
2025-06-03,M005,136896.0
2025-06-03,M006,150970.0
2025-06-03,M007,165044.0
2025-06-03,M008,100998.0
2025-06-03,M009,115072.0
2025-06-03,M010,129146.0
2025-06-03,M011,143220.0
2025-06-03,M012,157294.0
2025-06-03,M013,171368.0
2025-06-03,M014,185442.0
2025-06-03,M015,121396.0
2025-06-03,M016,135470.0
2025-06-03,M017,149544.0
2025-06-03,M018,163618.0
2025-06-03,M019,177692.0
2025-06-03,M020,191766.0
2025-06-03,M021,205840.0
2025-06-03,M022,141794.0
2025-06-03,M023,155868.0
2025-06-03,M024,169942.0
2025-06-03,M025,184016.0
2025-06-03,M026,198090.0
2025-06-03,M027,212164.0
2025-06-03,M028,226238.0
2025-06-03,M029,162192.0
2025-06-03,M030,176266.0
2025-06-03,M031,190340.0
2025-06-03,M032,204414.0
2025-06-03,M033,218488.0
2025-06-03,M034,232562.0
2025-06-03,M035,246636.0
2025-06-03,M036,182590.0
2025-06-03,M037,196664.0
2025-06-03,M038,210738.0
2025-06-03,M039,224812.0
2025-06-03,M040,238886.0
2025-06-03,M041,252960.0
2025-06-03,M042,267034.0
2025-06-03,M043,202988.0
2025-06-03,M044,217062.0
2025-06-03,M045,231136.0
2025-06-03,M046,245210.0
2025-06-03,M047,259284.0
2025-06-03,M048,273358.0
2025-06-04,M001,80600.0
2025-06-04,M002,94674.0
2025-06-04,M003,108748.0
2025-06-04,M004,122822.0
2025-06-04,M005,136896.0
2025-06-04,M006,150970.0
2025-06-04,M007,165044.0
2025-06-04,M008,100998.0
2025-06-04,M009,115072.0
2025-06-04,M010,129146.0
2025-06-04,M011,143220.0
2025-06-04,M012,157294.0
2025-06-04,M013,171368.0
2025-06-04,M014,185442.0
2025-06-04,M015,121396.0
2025-06-04,M016,135470.0
2025-06-04,M017,149544.0
2025-06-04,M018,163618.0
2025-06-04,M019,177692.0
2025-06-04,M020,191766.0
2025-06-04,M021,205840.0
2025-06-04,M022,141794.0
2025-06-04,M023,155868.0
2025-06-04,M024,169942.0
2025-06-04,M025,184016.0
2025-06-04,M026,198090.0
2025-06-04,M027,212164.0
2025-06-04,M028,226238.0
2025-06-04,M029,162192.0
2025-06-04,M030,176266.0
2025-06-04,M031,190340.0
2025-06-04,M032,204414.0
2025-06-04,M033,218488.0
2025-06-04,M034,232562.0
2025-06-04,M035,246636.0
2025-06-04,M036,182590.0
2025-06-04,M037,196664.0
2025-06-04,M038,210738.0
2025-06-04,M039,224812.0
2025-06-04,M040,238886.0
2025-06-04,M041,252960.0
2025-06-04,M042,267034.0
2025-06-04,M043,202988.0
2025-06-04,M044,217062.0
2025-06-04,M045,231136.0
2025-06-04,M046,245210.0
2025-06-04,M047,259284.0
2025-06-04,M048,273358.0
2025-06-05,M001,80600.0
2025-06-05,M002,94674.0
2025-06-05,M003,108748.0
2025-06-05,M004,122822.0
2025-06-05,M005,136896.0
2025-06-05,M006,150970.0
2025-06-05,M007,165044.0
2025-06-05,M008,100998.0
2025-06-05,M009,115072.0
2025-06-05,M010,129146.0
2025-06-05,M011,143220.0
2025-06-05,M012,157294.0
2025-06-05,M013,171368.0
2025-06-05,M014,185442.0
2025-06-05,M015,121396.0
2025-06-05,M016,135470.0
2025-06-05,M017,149544.0
2025-06-05,M018,163618.0
2025-06-05,M019,177692.0
2025-06-05,M020,191766.0
2025-06-05,M021,205840.0
2025-06-05,M022,141794.0
2025-06-05,M023,155868.0
2025-06-05,M024,169942.0
2025-06-05,M025,184016.0
2025-06-05,M026,198090.0
2025-06-05,M027,212164.0
2025-06-05,M028,226238.0
2025-06-05,M029,162192.0
2025-06-05,M030,176266.0
2025-06-05,M031,190340.0
2025-06-05,M032,204414.0
2025-06-05,M033,218488.0
2025-06-05,M034,232562.0
2025-06-05,M035,246636.0
2025-06-05,M036,182590.0
2025-06-05,M037,196664.0
2025-06-05,M038,210738.0
2025-06-05,M039,224812.0
2025-06-05,M040,238886.0
2025-06-05,M041,252960.0
2025-06-05,M042,267034.0
2025-06-05,M043,202988.0
2025-06-05,M044,217062.0
2025-06-05,M045,231136.0
2025-06-05,M046,245210.0
2025-06-05,M047,259284.0
2025-06-05,M048,273358.0
2025-06-06,M001,80600.0
2025-06-06,M002,94674.0
2025-06-06,M003,108748.0
2025-06-06,M004,122822.0
2025-06-06,M005,136896.0
2025-06-06,M006,150970.0
2025-06-06,M007,165044.0
2025-06-06,M008,100998.0
2025-06-06,M009,115072.0
2025-06-06,M010,129146.0
2025-06-06,M011,143220.0
2025-06-06,M012,157294.0
2025-06-06,M013,171368.0
2025-06-06,M014,185442.0
2025-06-06,M015,121396.0
2025-06-06,M016,135470.0
2025-06-06,M017,149544.0
2025-06-06,M018,163618.0
2025-06-06,M019,177692.0
2025-06-06,M020,191766.0
2025-06-06,M021,205840.0
2025-06-06,M022,141794.0
2025-06-06,M023,155868.0
2025-06-06,M024,169942.0
2025-06-06,M025,184016.0
2025-06-06,M026,198090.0
2025-06-06,M027,212164.0
2025-06-06,M028,226238.0
2025-06-06,M029,162192.0
2025-06-06,M030,176266.0
2025-06-06,M031,190340.0
2025-06-06,M032,204414.0
2025-06-06,M033,218488.0
2025-06-06,M034,232562.0
2025-06-06,M035,246636.0
2025-06-06,M036,182590.0
2025-06-06,M037,196664.0
2025-06-06,M038,210738.0
2025-06-06,M039,224812.0
2025-06-06,M040,238886.0
2025-06-06,M041,252960.0
2025-06-06,M042,267034.0
2025-06-06,M043,202988.0
2025-06-06,M044,217062.0
2025-06-06,M045,231136.0
2025-06-06,M046,245210.0
2025-06-06,M047,259284.0
2025-06-06,M048,273358.0
2025-06-07,M001,80600.0
2025-06-07,M002,94674.0
2025-06-07,M003,108748.0
2025-06-07,M004,122822.0
2025-06-07,M005,136896.0
2025-06-07,M006,150970.0
2025-06-07,M007,165044.0
2025-06-07,M008,100998.0
2025-06-07,M009,115072.0
2025-06-07,M010,129146.0
2025-06-07,M011,143220.0
2025-06-07,M012,157294.0
2025-06-07,M013,171368.0
2025-06-07,M014,185442.0
2025-06-07,M015,121396.0
2025-06-07,M016,135470.0
2025-06-07,M017,149544.0
2025-06-07,M018,163618.0
2025-06-07,M019,177692.0
2025-06-07,M020,191766.0
2025-06-07,M021,205840.0
2025-06-07,M022,141794.0
2025-06-07,M023,155868.0
2025-06-07,M024,169942.0
2025-06-07,M025,184016.0
2025-06-07,M026,198090.0
2025-06-07,M027,212164.0
2025-06-07,M028,226238.0
2025-06-07,M029,162192.0
2025-06-07,M030,176266.0
2025-06-07,M031,190340.0
2025-06-07,M032,204414.0
2025-06-07,M033,218488.0
2025-06-07,M034,232562.0
2025-06-07,M035,246636.0
2025-06-07,M036,182590.0
2025-06-07,M037,196664.0
2025-06-07,M038,210738.0
2025-06-07,M039,224812.0
2025-06-07,M040,238886.0
2025-06-07,M041,252960.0
2025-06-07,M042,267034.0
2025-06-07,M043,202988.0
2025-06-07,M044,217062.0
2025-06-07,M045,231136.0
2025-06-07,M046,245210.0
2025-06-07,M047,259284.0
2025-06-07,M048,273358.0
2025-06-08,M001,80600.0
2025-06-08,M002,94674.0
2025-06-08,M003,108748.0
2025-06-08,M004,122822.0
2025-06-08,M005,136896.0
2025-06-08,M006,150970.0
2025-06-08,M007,165044.0
2025-06-08,M008,100998.0
2025-06-08,M009,115072.0
2025-06-08,M010,129146.0
2025-06-08,M011,143220.0
2025-06-08,M012,157294.0
2025-06-08,M013,171368.0
2025-06-08,M014,185442.0
2025-06-08,M015,121396.0
2025-06-08,M016,135470.0
2025-06-08,M017,149544.0
2025-06-08,M018,163618.0
2025-06-08,M019,177692.0
2025-06-08,M020,191766.0
2025-06-08,M021,205840.0
2025-06-08,M022,141794.0
2025-06-08,M023,155868.0
2025-06-08,M024,169942.0
2025-06-08,M025,184016.0
2025-06-08,M026,198090.0
2025-06-08,M027,212164.0
2025-06-08,M028,226238.0
2025-06-08,M029,162192.0
2025-06-08,M030,176266.0
2025-06-08,M031,190340.0
2025-06-08,M032,204414.0
2025-06-08,M033,218488.0
2025-06-08,M034,232562.0
2025-06-08,M035,246636.0
2025-06-08,M036,182590.0
2025-06-08,M037,196664.0
2025-06-08,M038,210738.0
2025-06-08,M039,224812.0
2025-06-08,M040,238886.0
2025-06-08,M041,252960.0
2025-06-08,M042,267034.0
2025-06-08,M043,202988.0
2025-06-08,M044,217062.0
2025-06-08,M045,231136.0
2025-06-08,M046,245210.0
2025-06-08,M047,259284.0
2025-06-08,M048,273358.0
2025-06-09,M001,80600.0
2025-06-09,M002,94674.0
2025-06-09,M003,108748.0
2025-06-09,M004,122822.0
2025-06-09,M005,136896.0
2025-06-09,M006,150970.0
2025-06-09,M007,165044.0
2025-06-09,M008,100998.0
2025-06-09,M009,115072.0
2025-06-09,M010,129146.0
2025-06-09,M011,143220.0
2025-06-09,M012,157294.0
2025-06-09,M013,171368.0
2025-06-09,M014,185442.0
2025-06-09,M015,121396.0
2025-06-09,M016,135470.0
2025-06-09,M017,149544.0
2025-06-09,M018,163618.0
2025-06-09,M019,177692.0
2025-06-09,M020,191766.0
2025-06-09,M021,205840.0
2025-06-09,M022,141794.0
2025-06-09,M023,155868.0
2025-06-09,M024,169942.0
2025-06-09,M025,184016.0
2025-06-09,M026,198090.0
2025-06-09,M027,212164.0
2025-06-09,M028,226238.0
2025-06-09,M029,162192.0
2025-06-09,M030,176266.0
2025-06-09,M031,190340.0
2025-06-09,M032,204414.0
2025-06-09,M033,218488.0
2025-06-09,M034,232562.0
2025-06-09,M035,246636.0
2025-06-09,M036,182590.0
2025-06-09,M037,196664.0
2025-06-09,M038,210738.0
2025-06-09,M039,224812.0
2025-06-09,M040,238886.0
2025-06-09,M041,252960.0
2025-06-09,M042,267034.0
2025-06-09,M043,202988.0
2025-06-09,M044,217062.0
2025-06-09,M045,231136.0
2025-06-09,M046,245210.0
2025-06-09,M047,259284.0
2025-06-09,M048,273358.0
2025-06-10,M001,80600.0
2025-06-10,M002,94674.0
2025-06-10,M003,108748.0
2025-06-10,M004,122822.0
2025-06-10,M005,136896.0
2025-06-10,M006,150970.0
2025-06-10,M007,165044.0
2025-06-10,M008,100998.0
2025-06-10,M009,115072.0
2025-06-10,M010,129146.0
2025-06-10,M011,143220.0
2025-06-10,M012,157294.0
2025-06-10,M013,171368.0
2025-06-10,M014,185442.0
2025-06-10,M015,121396.0
2025-06-10,M016,135470.0
2025-06-10,M017,149544.0
2025-06-10,M018,163618.0
2025-06-10,M019,177692.0
2025-06-10,M020,191766.0
2025-06-10,M021,205840.0
2025-06-10,M022,141794.0
2025-06-10,M023,155868.0
2025-06-10,M024,169942.0
2025-06-10,M025,184016.0
2025-06-10,M026,198090.0
2025-06-10,M027,212164.0
2025-06-10,M028,226238.0
2025-06-10,M029,162192.0
2025-06-10,M030,176266.0
2025-06-10,M031,190340.0
2025-06-10,M032,204414.0
2025-06-10,M033,218488.0
2025-06-10,M034,232562.0
2025-06-10,M035,246636.0
2025-06-10,M036,182590.0
2025-06-10,M037,196664.0
2025-06-10,M038,210738.0
2025-06-10,M039,224812.0
2025-06-10,M040,238886.0
2025-06-10,M041,252960.0
2025-06-10,M042,267034.0
2025-06-10,M043,202988.0
2025-06-10,M044,217062.0
2025-06-10,M045,231136.0
2025-06-10,M046,245210.0
2025-06-10,M047,259284.0
2025-06-10,M048,273358.0
2025-06-11,M001,80600.0
2025-06-11,M002,94674.0
2025-06-11,M003,108748.0
2025-06-11,M004,122822.0
2025-06-11,M005,136896.0
2025-06-11,M006,150970.0
2025-06-11,M007,165044.0
2025-06-11,M008,100998.0
2025-06-11,M009,115072.0
2025-06-11,M010,129146.0
2025-06-11,M011,143220.0
2025-06-11,M012,157294.0
2025-06-11,M013,171368.0
2025-06-11,M014,185442.0
2025-06-11,M015,121396.0
2025-06-11,M016,135470.0
2025-06-11,M017,149544.0
2025-06-11,M018,163618.0
2025-06-11,M019,177692.0
2025-06-11,M020,191766.0
2025-06-11,M021,205840.0
2025-06-11,M022,141794.0
2025-06-11,M023,155868.0
2025-06-11,M024,169942.0
2025-06-11,M025,184016.0
2025-06-11,M026,198090.0
2025-06-11,M027,212164.0
2025-06-11,M028,226238.0
2025-06-11,M029,162192.0
2025-06-11,M030,176266.0
2025-06-11,M031,190340.0
2025-06-11,M032,204414.0
2025-06-11,M033,218488.0
2025-06-11,M034,232562.0
2025-06-11,M035,246636.0
2025-06-11,M036,182590.0
2025-06-11,M037,196664.0
2025-06-11,M038,210738.0
2025-06-11,M039,224812.0
2025-06-11,M040,238886.0
2025-06-11,M041,252960.0
2025-06-11,M042,267034.0
2025-06-11,M043,202988.0
2025-06-11,M044,217062.0
2025-06-11,M045,231136.0
2025-06-11,M046,245210.0
2025-06-11,M047,259284.0
2025-06-11,M048,273358.0
2025-06-12,M001,80600.0
2025-06-12,M002,94674.0
2025-06-12,M003,108748.0
2025-06-12,M004,122822.0
2025-06-12,M005,136896.0
2025-06-12,M006,150970.0
2025-06-12,M007,165044.0
2025-06-12,M008,100998.0
2025-06-12,M009,115072.0
2025-06-12,M010,129146.0
2025-06-12,M011,143220.0
2025-06-12,M012,157294.0
2025-06-12,M013,171368.0
2025-06-12,M014,185442.0
2025-06-12,M015,121396.0
2025-06-12,M016,135470.0
2025-06-12,M017,149544.0
2025-06-12,M018,163618.0
2025-06-12,M019,177692.0
2025-06-12,M020,191766.0
2025-06-12,M021,205840.0
2025-06-12,M022,141794.0
2025-06-12,M023,155868.0
2025-06-12,M024,169942.0
2025-06-12,M025,184016.0
2025-06-12,M026,198090.0
2025-06-12,M027,212164.0
2025-06-12,M028,226238.0
2025-06-12,M029,162192.0
2025-06-12,M030,176266.0
2025-06-12,M031,190340.0
2025-06-12,M032,204414.0
2025-06-12,M033,218488.0
2025-06-12,M034,232562.0
2025-06-12,M035,246636.0
2025-06-12,M036,182590.0
2025-06-12,M037,196664.0
2025-06-12,M038,210738.0
2025-06-12,M039,224812.0
2025-06-12,M040,238886.0
2025-06-12,M041,252960.0
2025-06-12,M042,267034.0
2025-06-12,M043,202988.0
2025-06-12,M044,217062.0
2025-06-12,M045,231136.0
2025-06-12,M046,245210.0
2025-06-12,M047,259284.0
2025-06-12,M048,273358.0
2025-06-13,M001,80600.0
2025-06-13,M002,94674.0
2025-06-13,M003,108748.0
2025-06-13,M004,122822.0
2025-06-13,M005,136896.0
2025-06-13,M006,150970.0
2025-06-13,M007,165044.0
2025-06-13,M008,100998.0
2025-06-13,M009,115072.0
2025-06-13,M010,129146.0
2025-06-13,M011,143220.0
2025-06-13,M012,157294.0
2025-06-13,M013,171368.0
2025-06-13,M014,185442.0
2025-06-13,M015,121396.0
2025-06-13,M016,135470.0
2025-06-13,M017,149544.0
2025-06-13,M018,163618.0
2025-06-13,M019,177692.0
2025-06-13,M020,191766.0
2025-06-13,M021,205840.0
2025-06-13,M022,141794.0
2025-06-13,M023,155868.0
2025-06-13,M024,169942.0
2025-06-13,M025,184016.0
2025-06-13,M026,198090.0
2025-06-13,M027,212164.0
2025-06-13,M028,226238.0
2025-06-13,M029,162192.0
2025-06-13,M030,176266.0
2025-06-13,M031,190340.0
2025-06-13,M032,204414.0
2025-06-13,M033,218488.0
2025-06-13,M034,232562.0
2025-06-13,M035,246636.0
2025-06-13,M036,182590.0
2025-06-13,M037,196664.0
2025-06-13,M038,210738.0
2025-06-13,M039,224812.0
2025-06-13,M040,238886.0
2025-06-13,M041,252960.0
2025-06-13,M042,267034.0
2025-06-13,M043,202988.0
2025-06-13,M044,217062.0
2025-06-13,M045,231136.0
2025-06-13,M046,245210.0
2025-06-13,M047,259284.0
2025-06-13,M048,273358.0
2025-06-14,M001,80600.0
2025-06-14,M002,94674.0
2025-06-14,M003,108748.0
2025-06-14,M004,122822.0
2025-06-14,M005,136896.0
2025-06-14,M006,150970.0
2025-06-14,M007,165044.0
2025-06-14,M008,100998.0
2025-06-14,M009,115072.0
2025-06-14,M010,129146.0
2025-06-14,M011,143220.0
2025-06-14,M012,157294.0
2025-06-14,M013,171368.0
2025-06-14,M014,185442.0
2025-06-14,M015,121396.0
2025-06-14,M016,135470.0
2025-06-14,M017,149544.0
2025-06-14,M018,163618.0
2025-06-14,M019,177692.0
2025-06-14,M020,191766.0
2025-06-14,M021,205840.0
2025-06-14,M022,141794.0
2025-06-14,M023,155868.0
2025-06-14,M024,169942.0
2025-06-14,M025,184016.0
2025-06-14,M026,198090.0
2025-06-14,M027,212164.0
2025-06-14,M028,226238.0
2025-06-14,M029,162192.0
2025-06-14,M030,176266.0
2025-06-14,M031,190340.0
2025-06-14,M032,204414.0
2025-06-14,M033,218488.0
2025-06-14,M034,232562.0
2025-06-14,M035,246636.0
2025-06-14,M036,182590.0
2025-06-14,M037,196664.0
2025-06-14,M038,210738.0
2025-06-14,M039,224812.0
2025-06-14,M040,238886.0
2025-06-14,M041,252960.0
2025-06-14,M042,267034.0
2025-06-14,M043,202988.0
2025-06-14,M044,217062.0
2025-06-14,M045,231136.0
2025-06-14,M046,245210.0
2025-06-14,M047,259284.0
2025-06-14,M048,273358.0
2025-06-15,M001,80600.0
2025-06-15,M002,94674.0
2025-06-15,M003,108748.0
2025-06-15,M004,122822.0
2025-06-15,M005,136896.0
2025-06-15,M006,150970.0
2025-06-15,M007,165044.0
2025-06-15,M008,100998.0
2025-06-15,M009,115072.0
2025-06-15,M010,129146.0
2025-06-15,M011,143220.0
2025-06-15,M012,157294.0
2025-06-15,M013,171368.0
2025-06-15,M014,185442.0
2025-06-15,M015,121396.0
2025-06-15,M016,135470.0
2025-06-15,M017,149544.0
2025-06-15,M018,163618.0
2025-06-15,M019,177692.0
2025-06-15,M020,191766.0
2025-06-15,M021,205840.0
2025-06-15,M022,141794.0
2025-06-15,M023,155868.0
2025-06-15,M024,169942.0
2025-06-15,M025,184016.0
2025-06-15,M026,198090.0
2025-06-15,M027,212164.0
2025-06-15,M028,226238.0
2025-06-15,M029,162192.0
2025-06-15,M030,176266.0
2025-06-15,M031,190340.0
2025-06-15,M032,204414.0
2025-06-15,M033,218488.0
2025-06-15,M034,232562.0
2025-06-15,M035,246636.0
2025-06-15,M036,182590.0
2025-06-15,M037,196664.0
2025-06-15,M038,210738.0
2025-06-15,M039,224812.0
2025-06-15,M040,238886.0
2025-06-15,M041,252960.0
2025-06-15,M042,267034.0
2025-06-15,M043,202988.0
2025-06-15,M044,217062.0
2025-06-15,M045,231136.0
2025-06-15,M046,245210.0
2025-06-15,M047,259284.0
2025-06-15,M048,273358.0
2025-06-16,M001,80600.0
2025-06-16,M002,94674.0
2025-06-16,M003,108748.0
2025-06-16,M004,122822.0
2025-06-16,M005,136896.0
2025-06-16,M006,150970.0
2025-06-16,M007,165044.0
2025-06-16,M008,100998.0
2025-06-16,M009,115072.0
2025-06-16,M010,129146.0
2025-06-16,M011,143220.0
2025-06-16,M012,157294.0
2025-06-16,M013,171368.0
2025-06-16,M014,185442.0
2025-06-16,M015,121396.0
2025-06-16,M016,135470.0
2025-06-16,M017,149544.0
2025-06-16,M018,163618.0
2025-06-16,M019,177692.0
2025-06-16,M020,191766.0
2025-06-16,M021,205840.0
2025-06-16,M022,141794.0
2025-06-16,M023,155868.0
2025-06-16,M024,169942.0
2025-06-16,M025,184016.0
2025-06-16,M026,198090.0
2025-06-16,M027,212164.0
2025-06-16,M028,226238.0
2025-06-16,M029,162192.0
2025-06-16,M030,176266.0
2025-06-16,M031,190340.0
2025-06-16,M032,204414.0
2025-06-16,M033,218488.0
2025-06-16,M034,232562.0
2025-06-16,M035,246636.0
2025-06-16,M036,182590.0
2025-06-16,M037,196664.0
2025-06-16,M038,210738.0
2025-06-16,M039,224812.0
2025-06-16,M040,238886.0
2025-06-16,M041,252960.0
2025-06-16,M042,267034.0
2025-06-16,M043,202988.0
2025-06-16,M044,217062.0
2025-06-16,M045,231136.0
2025-06-16,M046,245210.0
2025-06-16,M047,259284.0
2025-06-16,M048,273358.0
2025-06-17,M001,80600.0
2025-06-17,M002,94674.0
2025-06-17,M003,108748.0
2025-06-17,M004,122822.0
2025-06-17,M005,136896.0
2025-06-17,M006,150970.0
2025-06-17,M007,165044.0
2025-06-17,M008,100998.0
2025-06-17,M009,115072.0
2025-06-17,M010,129146.0
2025-06-17,M011,143220.0
2025-06-17,M012,157294.0
2025-06-17,M013,171368.0
2025-06-17,M014,185442.0
2025-06-17,M015,121396.0
2025-06-17,M016,135470.0
2025-06-17,M017,149544.0
2025-06-17,M018,163618.0
2025-06-17,M019,177692.0
2025-06-17,M020,191766.0
2025-06-17,M021,205840.0
2025-06-17,M022,141794.0
2025-06-17,M023,155868.0
2025-06-17,M024,169942.0
2025-06-17,M025,184016.0
2025-06-17,M026,198090.0
2025-06-17,M027,212164.0
2025-06-17,M028,226238.0
2025-06-17,M029,162192.0
2025-06-17,M030,176266.0
2025-06-17,M031,190340.0
2025-06-17,M032,204414.0
2025-06-17,M033,218488.0
2025-06-17,M034,232562.0
2025-06-17,M035,246636.0
2025-06-17,M036,182590.0
2025-06-17,M037,196664.0
2025-06-17,M038,210738.0
2025-06-17,M039,224812.0
2025-06-17,M040,238886.0
2025-06-17,M041,252960.0
2025-06-17,M042,267034.0
2025-06-17,M043,202988.0
2025-06-17,M044,217062.0
2025-06-17,M045,231136.0
2025-06-17,M046,245210.0
2025-06-17,M047,259284.0
2025-06-17,M048,273358.0
2025-06-18,M001,80600.0
2025-06-18,M002,94674.0
2025-06-18,M003,108748.0
2025-06-18,M004,122822.0
2025-06-18,M005,136896.0
2025-06-18,M006,150970.0
2025-06-18,M007,165044.0
2025-06-18,M008,100998.0
2025-06-18,M009,115072.0
2025-06-18,M010,129146.0
2025-06-18,M011,143220.0
2025-06-18,M012,157294.0
2025-06-18,M013,171368.0
2025-06-18,M014,185442.0
2025-06-18,M015,121396.0
2025-06-18,M016,135470.0
2025-06-18,M017,149544.0
2025-06-18,M018,163618.0
2025-06-18,M019,177692.0
2025-06-18,M020,191766.0
2025-06-18,M021,205840.0
2025-06-18,M022,141794.0
2025-06-18,M023,155868.0
2025-06-18,M024,169942.0
2025-06-18,M025,184016.0
2025-06-18,M026,198090.0
2025-06-18,M027,212164.0
2025-06-18,M028,226238.0
2025-06-18,M029,162192.0
2025-06-18,M030,176266.0
2025-06-18,M031,190340.0
2025-06-18,M032,204414.0
2025-06-18,M033,218488.0
2025-06-18,M034,232562.0
2025-06-18,M035,246636.0
2025-06-18,M036,182590.0
2025-06-18,M037,196664.0
2025-06-18,M038,210738.0
2025-06-18,M039,224812.0
2025-06-18,M040,238886.0
2025-06-18,M041,252960.0
2025-06-18,M042,267034.0
2025-06-18,M043,202988.0
2025-06-18,M044,217062.0
2025-06-18,M045,231136.0
2025-06-18,M046,245210.0
2025-06-18,M047,259284.0
2025-06-18,M048,273358.0
2025-06-19,M001,80600.0
2025-06-19,M002,94674.0
2025-06-19,M003,108748.0
2025-06-19,M004,122822.0
2025-06-19,M005,136896.0
2025-06-19,M006,150970.0
2025-06-19,M007,165044.0
2025-06-19,M008,100998.0
2025-06-19,M009,115072.0
2025-06-19,M010,129146.0
2025-06-19,M011,143220.0
2025-06-19,M012,157294.0
2025-06-19,M013,171368.0
2025-06-19,M014,185442.0
2025-06-19,M015,121396.0
2025-06-19,M016,135470.0
2025-06-19,M017,149544.0
2025-06-19,M018,163618.0
2025-06-19,M019,177692.0
2025-06-19,M020,191766.0
2025-06-19,M021,205840.0
2025-06-19,M022,141794.0
2025-06-19,M023,155868.0
2025-06-19,M024,169942.0
2025-06-19,M025,184016.0
2025-06-19,M026,198090.0
2025-06-19,M027,212164.0
2025-06-19,M028,226238.0
2025-06-19,M029,162192.0
2025-06-19,M030,176266.0
2025-06-19,M031,190340.0
2025-06-19,M032,204414.0
2025-06-19,M033,218488.0
2025-06-19,M034,232562.0
2025-06-19,M035,246636.0
2025-06-19,M036,182590.0
2025-06-19,M037,196664.0
2025-06-19,M038,210738.0
2025-06-19,M039,224812.0
2025-06-19,M040,238886.0
2025-06-19,M041,252960.0
2025-06-19,M042,267034.0
2025-06-19,M043,202988.0
2025-06-19,M044,217062.0
2025-06-19,M045,231136.0
2025-06-19,M046,245210.0
2025-06-19,M047,259284.0
2025-06-19,M048,273358.0
2025-06-20,M001,80600.0
2025-06-20,M002,94674.0
2025-06-20,M003,108748.0
2025-06-20,M004,122822.0
2025-06-20,M005,136896.0
2025-06-20,M006,150970.0
2025-06-20,M007,165044.0
2025-06-20,M008,100998.0
2025-06-20,M009,115072.0
2025-06-20,M010,129146.0
2025-06-20,M011,143220.0
2025-06-20,M012,157294.0
2025-06-20,M013,171368.0
2025-06-20,M014,185442.0
2025-06-20,M015,121396.0
2025-06-20,M016,135470.0
2025-06-20,M017,149544.0
2025-06-20,M018,163618.0
2025-06-20,M019,177692.0
2025-06-20,M020,191766.0
2025-06-20,M021,205840.0
2025-06-20,M022,141794.0
2025-06-20,M023,155868.0
2025-06-20,M024,169942.0
2025-06-20,M025,184016.0
2025-06-20,M026,198090.0
2025-06-20,M027,212164.0
2025-06-20,M028,226238.0
2025-06-20,M029,162192.0
2025-06-20,M030,176266.0
2025-06-20,M031,190340.0
2025-06-20,M032,204414.0
2025-06-20,M033,218488.0
2025-06-20,M034,232562.0
2025-06-20,M035,246636.0
2025-06-20,M036,182590.0
2025-06-20,M037,196664.0
2025-06-20,M038,210738.0
2025-06-20,M039,224812.0
2025-06-20,M040,238886.0
2025-06-20,M041,252960.0
2025-06-20,M042,267034.0
2025-06-20,M043,202988.0
2025-06-20,M044,217062.0
2025-06-20,M045,231136.0
2025-06-20,M046,245210.0
2025-06-20,M047,259284.0
2025-06-20,M048,273358.0
2025-06-21,M001,80600.0
2025-06-21,M002,94674.0
2025-06-21,M003,108748.0
2025-06-21,M004,122822.0
2025-06-21,M005,136896.0
2025-06-21,M006,150970.0
2025-06-21,M007,165044.0
2025-06-21,M008,100998.0
2025-06-21,M009,115072.0
2025-06-21,M010,129146.0
2025-06-21,M011,143220.0
2025-06-21,M012,157294.0
2025-06-21,M013,171368.0
2025-06-21,M014,185442.0
2025-06-21,M015,121396.0
2025-06-21,M016,135470.0
2025-06-21,M017,149544.0
2025-06-21,M018,163618.0
2025-06-21,M019,177692.0
2025-06-21,M020,191766.0
2025-06-21,M021,205840.0
2025-06-21,M022,141794.0
2025-06-21,M023,155868.0
2025-06-21,M024,169942.0
2025-06-21,M025,184016.0
2025-06-21,M026,198090.0
2025-06-21,M027,212164.0
2025-06-21,M028,226238.0
2025-06-21,M029,162192.0
2025-06-21,M030,176266.0
2025-06-21,M031,190340.0
2025-06-21,M032,204414.0
2025-06-21,M033,218488.0
2025-06-21,M034,232562.0
2025-06-21,M035,246636.0
2025-06-21,M036,182590.0
2025-06-21,M037,196664.0
2025-06-21,M038,210738.0
2025-06-21,M039,224812.0
2025-06-21,M040,238886.0
2025-06-21,M041,252960.0
2025-06-21,M042,267034.0
2025-06-21,M043,202988.0
2025-06-21,M044,217062.0
2025-06-21,M045,231136.0
2025-06-21,M046,245210.0
2025-06-21,M047,259284.0
2025-06-21,M048,273358.0
2025-06-22,M001,80600.0
2025-06-22,M002,94674.0
2025-06-22,M003,108748.0
2025-06-22,M004,122822.0
2025-06-22,M005,136896.0
2025-06-22,M006,150970.0
2025-06-22,M007,165044.0
2025-06-22,M008,100998.0
2025-06-22,M009,115072.0
2025-06-22,M010,129146.0
2025-06-22,M011,143220.0
2025-06-22,M012,157294.0
2025-06-22,M013,171368.0
2025-06-22,M014,185442.0
2025-06-22,M015,121396.0
2025-06-22,M016,135470.0
2025-06-22,M017,149544.0
2025-06-22,M018,163618.0
2025-06-22,M019,177692.0
2025-06-22,M020,191766.0
2025-06-22,M021,205840.0
2025-06-22,M022,141794.0
2025-06-22,M023,155868.0
2025-06-22,M024,169942.0
2025-06-22,M025,184016.0
2025-06-22,M026,198090.0
2025-06-22,M027,212164.0
2025-06-22,M028,226238.0
2025-06-22,M029,162192.0
2025-06-22,M030,176266.0
2025-06-22,M031,190340.0
2025-06-22,M032,204414.0
2025-06-22,M033,218488.0
2025-06-22,M034,232562.0
2025-06-22,M035,246636.0
2025-06-22,M036,182590.0
2025-06-22,M037,196664.0
2025-06-22,M038,210738.0
2025-06-22,M039,224812.0
2025-06-22,M040,238886.0
2025-06-22,M041,252960.0
2025-06-22,M042,267034.0
2025-06-22,M043,202988.0
2025-06-22,M044,217062.0
2025-06-22,M045,231136.0
2025-06-22,M046,245210.0
2025-06-22,M047,259284.0
2025-06-22,M048,273358.0
2025-06-23,M001,80600.0
2025-06-23,M002,94674.0
2025-06-23,M003,108748.0
2025-06-23,M004,122822.0
2025-06-23,M005,136896.0
2025-06-23,M006,150970.0
2025-06-23,M007,165044.0
2025-06-23,M008,100998.0
2025-06-23,M009,115072.0
2025-06-23,M010,129146.0
2025-06-23,M011,143220.0
2025-06-23,M012,157294.0
2025-06-23,M013,171368.0
2025-06-23,M014,185442.0
2025-06-23,M015,121396.0
2025-06-23,M016,135470.0
2025-06-23,M017,149544.0
2025-06-23,M018,163618.0
2025-06-23,M019,177692.0
2025-06-23,M020,191766.0
2025-06-23,M021,205840.0
2025-06-23,M022,141794.0
2025-06-23,M023,155868.0
2025-06-23,M024,169942.0
2025-06-23,M025,184016.0
2025-06-23,M026,198090.0
2025-06-23,M027,212164.0
2025-06-23,M028,226238.0
2025-06-23,M029,162192.0
2025-06-23,M030,176266.0
2025-06-23,M031,190340.0
2025-06-23,M032,204414.0
2025-06-23,M033,218488.0
2025-06-23,M034,232562.0
2025-06-23,M035,246636.0
2025-06-23,M036,182590.0
2025-06-23,M037,196664.0
2025-06-23,M038,210738.0
2025-06-23,M039,224812.0
2025-06-23,M040,238886.0
2025-06-23,M041,252960.0
2025-06-23,M042,267034.0
2025-06-23,M043,202988.0
2025-06-23,M044,217062.0
2025-06-23,M045,231136.0
2025-06-23,M046,245210.0
2025-06-23,M047,259284.0
2025-06-23,M048,273358.0
2025-06-24,M001,80600.0
2025-06-24,M002,94674.0
2025-06-24,M003,108748.0
2025-06-24,M004,122822.0
2025-06-24,M005,136896.0
2025-06-24,M006,150970.0
2025-06-24,M007,165044.0
2025-06-24,M008,100998.0
2025-06-24,M009,115072.0
2025-06-24,M010,129146.0
2025-06-24,M011,143220.0
2025-06-24,M012,157294.0
2025-06-24,M013,171368.0
2025-06-24,M014,185442.0
2025-06-24,M015,121396.0
2025-06-24,M016,135470.0
2025-06-24,M017,149544.0
2025-06-24,M018,163618.0
2025-06-24,M019,177692.0
2025-06-24,M020,191766.0
2025-06-24,M021,205840.0
2025-06-24,M022,141794.0
2025-06-24,M023,155868.0
2025-06-24,M024,169942.0
2025-06-24,M025,184016.0
2025-06-24,M026,198090.0
2025-06-24,M027,212164.0
2025-06-24,M028,226238.0
2025-06-24,M029,162192.0
2025-06-24,M030,176266.0
2025-06-24,M031,190340.0
2025-06-24,M032,204414.0
2025-06-24,M033,218488.0
2025-06-24,M034,232562.0
2025-06-24,M035,246636.0
2025-06-24,M036,182590.0
2025-06-24,M037,196664.0
2025-06-24,M038,210738.0
2025-06-24,M039,224812.0
2025-06-24,M040,238886.0
2025-06-24,M041,252960.0
2025-06-24,M042,267034.0
2025-06-24,M043,202988.0
2025-06-24,M044,217062.0
2025-06-24,M045,231136.0
2025-06-24,M046,245210.0
2025-06-24,M047,259284.0
2025-06-24,M048,273358.0
2025-06-25,M001,80600.0
2025-06-25,M002,94674.0
2025-06-25,M003,108748.0
2025-06-25,M004,122822.0
2025-06-25,M005,136896.0
2025-06-25,M006,150970.0
2025-06-25,M007,165044.0
2025-06-25,M008,100998.0
2025-06-25,M009,115072.0
2025-06-25,M010,129146.0
2025-06-25,M011,143220.0
2025-06-25,M012,157294.0
2025-06-25,M013,171368.0
2025-06-25,M014,185442.0
2025-06-25,M015,121396.0
2025-06-25,M016,135470.0
2025-06-25,M017,149544.0
2025-06-25,M018,163618.0
2025-06-25,M019,177692.0
2025-06-25,M020,191766.0
2025-06-25,M021,205840.0
2025-06-25,M022,141794.0
2025-06-25,M023,155868.0
2025-06-25,M024,169942.0
2025-06-25,M025,184016.0
2025-06-25,M026,198090.0
2025-06-25,M027,212164.0
2025-06-25,M028,226238.0
2025-06-25,M029,162192.0
2025-06-25,M030,176266.0
2025-06-25,M031,190340.0
2025-06-25,M032,204414.0
2025-06-25,M033,218488.0
2025-06-25,M034,232562.0
2025-06-25,M035,246636.0
2025-06-25,M036,182590.0
2025-06-25,M037,196664.0
2025-06-25,M038,210738.0
2025-06-25,M039,224812.0
2025-06-25,M040,238886.0
2025-06-25,M041,252960.0
2025-06-25,M042,267034.0
2025-06-25,M043,202988.0
2025-06-25,M044,217062.0
2025-06-25,M045,231136.0
2025-06-25,M046,245210.0
2025-06-25,M047,259284.0
2025-06-25,M048,273358.0
2025-06-26,M001,80600.0
2025-06-26,M002,94674.0
2025-06-26,M003,108748.0
2025-06-26,M004,122822.0
2025-06-26,M005,136896.0
2025-06-26,M006,150970.0
2025-06-26,M007,165044.0
2025-06-26,M008,100998.0
2025-06-26,M009,115072.0
2025-06-26,M010,129146.0
2025-06-26,M011,143220.0
2025-06-26,M012,157294.0
2025-06-26,M013,171368.0
2025-06-26,M014,185442.0
2025-06-26,M015,121396.0
2025-06-26,M016,135470.0
2025-06-26,M017,149544.0
2025-06-26,M018,163618.0
2025-06-26,M019,177692.0
2025-06-26,M020,191766.0
2025-06-26,M021,205840.0
2025-06-26,M022,141794.0
2025-06-26,M023,155868.0
2025-06-26,M024,169942.0
2025-06-26,M025,184016.0
2025-06-26,M026,198090.0
2025-06-26,M027,212164.0
2025-06-26,M028,226238.0
2025-06-26,M029,162192.0
2025-06-26,M030,176266.0
2025-06-26,M031,190340.0
2025-06-26,M032,204414.0
2025-06-26,M033,218488.0
2025-06-26,M034,232562.0
2025-06-26,M035,246636.0
2025-06-26,M036,182590.0
2025-06-26,M037,196664.0
2025-06-26,M038,210738.0
2025-06-26,M039,224812.0
2025-06-26,M040,238886.0
2025-06-26,M041,252960.0
2025-06-26,M042,267034.0
2025-06-26,M043,202988.0
2025-06-26,M044,217062.0
2025-06-26,M045,231136.0
2025-06-26,M046,245210.0
2025-06-26,M047,259284.0
2025-06-26,M048,273358.0
2025-06-27,M001,80600.0
2025-06-27,M002,94674.0
2025-06-27,M003,108748.0
2025-06-27,M004,122822.0
2025-06-27,M005,136896.0
2025-06-27,M006,150970.0
2025-06-27,M007,165044.0
2025-06-27,M008,100998.0
2025-06-27,M009,115072.0
2025-06-27,M010,129146.0
2025-06-27,M011,143220.0
2025-06-27,M012,157294.0
2025-06-27,M013,171368.0
2025-06-27,M014,185442.0
2025-06-27,M015,121396.0
2025-06-27,M016,135470.0
2025-06-27,M017,149544.0
2025-06-27,M018,163618.0
2025-06-27,M019,177692.0
2025-06-27,M020,191766.0
2025-06-27,M021,205840.0
2025-06-27,M022,141794.0
2025-06-27,M023,155868.0
2025-06-27,M024,169942.0
2025-06-27,M025,184016.0
2025-06-27,M026,198090.0
2025-06-27,M027,212164.0
2025-06-27,M028,226238.0
2025-06-27,M029,162192.0
2025-06-27,M030,176266.0
2025-06-27,M031,190340.0
2025-06-27,M032,204414.0
2025-06-27,M033,218488.0
2025-06-27,M034,232562.0
2025-06-27,M035,246636.0
2025-06-27,M036,182590.0
2025-06-27,M037,196664.0
2025-06-27,M038,210738.0
2025-06-27,M039,224812.0
2025-06-27,M040,238886.0
2025-06-27,M041,252960.0
2025-06-27,M042,267034.0
2025-06-27,M043,202988.0
2025-06-27,M044,217062.0
2025-06-27,M045,231136.0
2025-06-27,M046,245210.0
2025-06-27,M047,259284.0
2025-06-27,M048,273358.0
2025-06-28,M001,80600.0
2025-06-28,M002,94674.0
2025-06-28,M003,108748.0
2025-06-28,M004,122822.0
2025-06-28,M005,136896.0
2025-06-28,M006,150970.0
2025-06-28,M007,165044.0
2025-06-28,M008,100998.0
2025-06-28,M009,115072.0
2025-06-28,M010,129146.0
2025-06-28,M011,143220.0
2025-06-28,M012,157294.0
2025-06-28,M013,171368.0
2025-06-28,M014,185442.0
2025-06-28,M015,121396.0
2025-06-28,M016,135470.0
2025-06-28,M017,149544.0
2025-06-28,M018,163618.0
2025-06-28,M019,177692.0
2025-06-28,M020,191766.0
2025-06-28,M021,205840.0
2025-06-28,M022,141794.0
2025-06-28,M023,155868.0
2025-06-28,M024,169942.0
2025-06-28,M025,184016.0
2025-06-28,M026,198090.0
2025-06-28,M027,212164.0
2025-06-28,M028,226238.0
2025-06-28,M029,162192.0
2025-06-28,M030,176266.0
2025-06-28,M031,190340.0
2025-06-28,M032,204414.0
2025-06-28,M033,218488.0
2025-06-28,M034,232562.0
2025-06-28,M035,246636.0
2025-06-28,M036,182590.0
2025-06-28,M037,196664.0
2025-06-28,M038,210738.0
2025-06-28,M039,224812.0
2025-06-28,M040,238886.0
2025-06-28,M041,252960.0
2025-06-28,M042,267034.0
2025-06-28,M043,202988.0
2025-06-28,M044,217062.0
2025-06-28,M045,231136.0
2025-06-28,M046,245210.0
2025-06-28,M047,259284.0
2025-06-28,M048,273358.0
2025-06-29,M001,80600.0
2025-06-29,M002,94674.0
2025-06-29,M003,108748.0
2025-06-29,M004,122822.0
2025-06-29,M005,136896.0
2025-06-29,M006,150970.0
2025-06-29,M007,165044.0
2025-06-29,M008,100998.0
2025-06-29,M009,115072.0
2025-06-29,M010,129146.0
2025-06-29,M011,143220.0
2025-06-29,M012,157294.0
2025-06-29,M013,171368.0
2025-06-29,M014,185442.0
2025-06-29,M015,121396.0
2025-06-29,M016,135470.0
2025-06-29,M017,149544.0
2025-06-29,M018,163618.0
2025-06-29,M019,177692.0
2025-06-29,M020,191766.0
2025-06-29,M021,205840.0
2025-06-29,M022,141794.0
2025-06-29,M023,155868.0
2025-06-29,M024,169942.0
2025-06-29,M025,184016.0
2025-06-29,M026,198090.0
2025-06-29,M027,212164.0
2025-06-29,M028,226238.0
2025-06-29,M029,162192.0
2025-06-29,M030,176266.0
2025-06-29,M031,190340.0
2025-06-29,M032,204414.0
2025-06-29,M033,218488.0
2025-06-29,M034,232562.0
2025-06-29,M035,246636.0
2025-06-29,M036,182590.0
2025-06-29,M037,196664.0
2025-06-29,M038,210738.0
2025-06-29,M039,224812.0
2025-06-29,M040,238886.0
2025-06-29,M041,252960.0
2025-06-29,M042,267034.0
2025-06-29,M043,202988.0
2025-06-29,M044,217062.0
2025-06-29,M045,231136.0
2025-06-29,M046,245210.0
2025-06-29,M047,259284.0
2025-06-29,M048,273358.0
2025-06-30,M001,80600.0
2025-06-30,M002,94674.0
2025-06-30,M003,108748.0
2025-06-30,M004,122822.0
2025-06-30,M005,136896.0
2025-06-30,M006,150970.0
2025-06-30,M007,165044.0
2025-06-30,M008,100998.0
2025-06-30,M009,115072.0
2025-06-30,M010,129146.0
2025-06-30,M011,143220.0
2025-06-30,M012,157294.0
2025-06-30,M013,171368.0
2025-06-30,M014,185442.0
2025-06-30,M015,121396.0
2025-06-30,M016,135470.0
2025-06-30,M017,149544.0
2025-06-30,M018,163618.0
2025-06-30,M019,177692.0
2025-06-30,M020,191766.0
2025-06-30,M021,205840.0
2025-06-30,M022,141794.0
2025-06-30,M023,155868.0
2025-06-30,M024,169942.0
2025-06-30,M025,184016.0
2025-06-30,M026,198090.0
2025-06-30,M027,212164.0
2025-06-30,M028,226238.0
2025-06-30,M029,162192.0
2025-06-30,M030,176266.0
2025-06-30,M031,190340.0
2025-06-30,M032,204414.0
2025-06-30,M033,218488.0
2025-06-30,M034,232562.0
2025-06-30,M035,246636.0
2025-06-30,M036,182590.0
2025-06-30,M037,196664.0
2025-06-30,M038,210738.0
2025-06-30,M039,224812.0
2025-06-30,M040,238886.0
2025-06-30,M041,252960.0
2025-06-30,M042,267034.0
2025-06-30,M043,202988.0
2025-06-30,M044,217062.0
2025-06-30,M045,231136.0
2025-06-30,M046,245210.0
2025-06-30,M047,259284.0
2025-06-30,M048,273358.0
2025-07-01,M001,80600.0
2025-07-01,M002,94674.0
2025-07-01,M003,108748.0
2025-07-01,M004,122822.0
2025-07-01,M005,136896.0
2025-07-01,M006,150970.0
2025-07-01,M007,165044.0
2025-07-01,M008,100998.0
2025-07-01,M009,115072.0
2025-07-01,M010,129146.0
2025-07-01,M011,143220.0
2025-07-01,M012,157294.0
2025-07-01,M013,171368.0
2025-07-01,M014,185442.0
2025-07-01,M015,121396.0
2025-07-01,M016,135470.0
2025-07-01,M017,149544.0
2025-07-01,M018,163618.0
2025-07-01,M019,177692.0
2025-07-01,M020,191766.0
2025-07-01,M021,205840.0
2025-07-01,M022,141794.0
2025-07-01,M023,155868.0
2025-07-01,M024,169942.0
2025-07-01,M025,184016.0
2025-07-01,M026,198090.0
2025-07-01,M027,212164.0
2025-07-01,M028,226238.0
2025-07-01,M029,162192.0
2025-07-01,M030,176266.0
2025-07-01,M031,190340.0
2025-07-01,M032,204414.0
2025-07-01,M033,218488.0
2025-07-01,M034,232562.0
2025-07-01,M035,246636.0
2025-07-01,M036,182590.0
2025-07-01,M037,196664.0
2025-07-01,M038,210738.0
2025-07-01,M039,224812.0
2025-07-01,M040,238886.0
2025-07-01,M041,252960.0
2025-07-01,M042,267034.0
2025-07-01,M043,202988.0
2025-07-01,M044,217062.0
2025-07-01,M045,231136.0
2025-07-01,M046,245210.0
2025-07-01,M047,259284.0
2025-07-01,M048,273358.0
2025-07-02,M001,80600.0
2025-07-02,M002,94674.0
2025-07-02,M003,108748.0
2025-07-02,M004,122822.0
2025-07-02,M005,136896.0
2025-07-02,M006,150970.0
2025-07-02,M007,165044.0
2025-07-02,M008,100998.0
2025-07-02,M009,115072.0
2025-07-02,M010,129146.0
2025-07-02,M011,143220.0
2025-07-02,M012,157294.0
2025-07-02,M013,171368.0
2025-07-02,M014,185442.0
2025-07-02,M015,121396.0
2025-07-02,M016,135470.0
2025-07-02,M017,149544.0
2025-07-02,M018,163618.0
2025-07-02,M019,177692.0
2025-07-02,M020,191766.0
2025-07-02,M021,205840.0
2025-07-02,M022,141794.0
2025-07-02,M023,155868.0
2025-07-02,M024,169942.0
2025-07-02,M025,184016.0
2025-07-02,M026,198090.0
2025-07-02,M027,212164.0
2025-07-02,M028,226238.0
2025-07-02,M029,162192.0
2025-07-02,M030,176266.0
2025-07-02,M031,190340.0
2025-07-02,M032,204414.0
2025-07-02,M033,218488.0
2025-07-02,M034,232562.0
2025-07-02,M035,246636.0
2025-07-02,M036,182590.0
2025-07-02,M037,196664.0
2025-07-02,M038,210738.0
2025-07-02,M039,224812.0
2025-07-02,M040,238886.0
2025-07-02,M041,252960.0
2025-07-02,M042,267034.0
2025-07-02,M043,202988.0
2025-07-02,M044,217062.0
2025-07-02,M045,231136.0
2025-07-02,M046,245210.0
2025-07-02,M047,259284.0
2025-07-02,M048,273358.0
2025-07-03,M001,80600.0
2025-07-03,M002,94674.0
2025-07-03,M003,108748.0
2025-07-03,M004,122822.0
2025-07-03,M005,136896.0
2025-07-03,M006,150970.0
2025-07-03,M007,165044.0
2025-07-03,M008,100998.0
2025-07-03,M009,115072.0
2025-07-03,M010,129146.0
2025-07-03,M011,143220.0
2025-07-03,M012,157294.0
2025-07-03,M013,171368.0
2025-07-03,M014,185442.0
2025-07-03,M015,121396.0
2025-07-03,M016,135470.0
2025-07-03,M017,149544.0
2025-07-03,M018,163618.0
2025-07-03,M019,177692.0
2025-07-03,M020,191766.0
2025-07-03,M021,205840.0
2025-07-03,M022,141794.0
2025-07-03,M023,155868.0
2025-07-03,M024,169942.0
2025-07-03,M025,184016.0
2025-07-03,M026,198090.0
2025-07-03,M027,212164.0
2025-07-03,M028,226238.0
2025-07-03,M029,162192.0
2025-07-03,M030,176266.0
2025-07-03,M031,190340.0
2025-07-03,M032,204414.0
2025-07-03,M033,218488.0
2025-07-03,M034,232562.0
2025-07-03,M035,246636.0
2025-07-03,M036,182590.0
2025-07-03,M037,196664.0
2025-07-03,M038,210738.0
2025-07-03,M039,224812.0
2025-07-03,M040,238886.0
2025-07-03,M041,252960.0
2025-07-03,M042,267034.0
2025-07-03,M043,202988.0
2025-07-03,M044,217062.0
2025-07-03,M045,231136.0
2025-07-03,M046,245210.0
2025-07-03,M047,259284.0
2025-07-03,M048,273358.0
2025-07-04,M001,80600.0
2025-07-04,M002,94674.0
2025-07-04,M003,108748.0
2025-07-04,M004,122822.0
2025-07-04,M005,136896.0
2025-07-04,M006,150970.0
2025-07-04,M007,165044.0
2025-07-04,M008,100998.0
2025-07-04,M009,115072.0
2025-07-04,M010,129146.0
2025-07-04,M011,143220.0
2025-07-04,M012,157294.0
2025-07-04,M013,171368.0
2025-07-04,M014,185442.0
2025-07-04,M015,121396.0
2025-07-04,M016,135470.0
2025-07-04,M017,149544.0
2025-07-04,M018,163618.0
2025-07-04,M019,177692.0
2025-07-04,M020,191766.0
2025-07-04,M021,205840.0
2025-07-04,M022,141794.0
2025-07-04,M023,155868.0
2025-07-04,M024,169942.0
2025-07-04,M025,184016.0
2025-07-04,M026,198090.0
2025-07-04,M027,212164.0
2025-07-04,M028,226238.0
2025-07-04,M029,162192.0
2025-07-04,M030,176266.0
2025-07-04,M031,190340.0
2025-07-04,M032,204414.0
2025-07-04,M033,218488.0
2025-07-04,M034,232562.0
2025-07-04,M035,246636.0
2025-07-04,M036,182590.0
2025-07-04,M037,196664.0
2025-07-04,M038,210738.0
2025-07-04,M039,224812.0
2025-07-04,M040,238886.0
2025-07-04,M041,252960.0
2025-07-04,M042,267034.0
2025-07-04,M043,202988.0
2025-07-04,M044,217062.0
2025-07-04,M045,231136.0
2025-07-04,M046,245210.0
2025-07-04,M047,259284.0
2025-07-04,M048,273358.0
2025-07-05,M001,80600.0
2025-07-05,M002,94674.0
2025-07-05,M003,108748.0
2025-07-05,M004,122822.0
2025-07-05,M005,136896.0
2025-07-05,M006,150970.0
2025-07-05,M007,165044.0
2025-07-05,M008,100998.0
2025-07-05,M009,115072.0
2025-07-05,M010,129146.0
2025-07-05,M011,143220.0
2025-07-05,M012,157294.0
2025-07-05,M013,171368.0
2025-07-05,M014,185442.0
2025-07-05,M015,121396.0
2025-07-05,M016,135470.0
2025-07-05,M017,149544.0
2025-07-05,M018,163618.0
2025-07-05,M019,177692.0
2025-07-05,M020,191766.0
2025-07-05,M021,205840.0
2025-07-05,M022,141794.0
2025-07-05,M023,155868.0
2025-07-05,M024,169942.0
2025-07-05,M025,184016.0
2025-07-05,M026,198090.0
2025-07-05,M027,212164.0
2025-07-05,M028,226238.0
2025-07-05,M029,162192.0
2025-07-05,M030,176266.0
2025-07-05,M031,190340.0
2025-07-05,M032,204414.0
2025-07-05,M033,218488.0
2025-07-05,M034,232562.0
2025-07-05,M035,246636.0
2025-07-05,M036,182590.0
2025-07-05,M037,196664.0
2025-07-05,M038,210738.0
2025-07-05,M039,224812.0
2025-07-05,M040,238886.0
2025-07-05,M041,252960.0
2025-07-05,M042,267034.0
2025-07-05,M043,202988.0
2025-07-05,M044,217062.0
2025-07-05,M045,231136.0
2025-07-05,M046,245210.0
2025-07-05,M047,259284.0
2025-07-05,M048,273358.0
2025-07-06,M001,80600.0
2025-07-06,M002,94674.0
2025-07-06,M003,108748.0
2025-07-06,M004,122822.0
2025-07-06,M005,136896.0
2025-07-06,M006,150970.0
2025-07-06,M007,165044.0
2025-07-06,M008,100998.0
2025-07-06,M009,115072.0
2025-07-06,M010,129146.0
2025-07-06,M011,143220.0
2025-07-06,M012,157294.0
2025-07-06,M013,171368.0
2025-07-06,M014,185442.0
2025-07-06,M015,121396.0
2025-07-06,M016,135470.0
2025-07-06,M017,149544.0
2025-07-06,M018,163618.0
2025-07-06,M019,177692.0
2025-07-06,M020,191766.0
2025-07-06,M021,205840.0
2025-07-06,M022,141794.0
2025-07-06,M023,155868.0
2025-07-06,M024,169942.0
2025-07-06,M025,184016.0
2025-07-06,M026,198090.0
2025-07-06,M027,212164.0
2025-07-06,M028,226238.0
2025-07-06,M029,162192.0
2025-07-06,M030,176266.0
2025-07-06,M031,190340.0
2025-07-06,M032,204414.0
2025-07-06,M033,218488.0
2025-07-06,M034,232562.0
2025-07-06,M035,246636.0
2025-07-06,M036,182590.0
2025-07-06,M037,196664.0
2025-07-06,M038,210738.0
2025-07-06,M039,224812.0
2025-07-06,M040,238886.0
2025-07-06,M041,252960.0
2025-07-06,M042,267034.0
2025-07-06,M043,202988.0
2025-07-06,M044,217062.0
2025-07-06,M045,231136.0
2025-07-06,M046,245210.0
2025-07-06,M047,259284.0
2025-07-06,M048,273358.0
2025-07-07,M001,80600.0
2025-07-07,M002,94674.0
2025-07-07,M003,108748.0
2025-07-07,M004,122822.0
2025-07-07,M005,136896.0
2025-07-07,M006,150970.0
2025-07-07,M007,165044.0
2025-07-07,M008,100998.0
2025-07-07,M009,115072.0
2025-07-07,M010,129146.0
2025-07-07,M011,143220.0
2025-07-07,M012,157294.0
2025-07-07,M013,171368.0
2025-07-07,M014,185442.0
2025-07-07,M015,121396.0
2025-07-07,M016,135470.0
2025-07-07,M017,149544.0
2025-07-07,M018,163618.0
2025-07-07,M019,177692.0
2025-07-07,M020,191766.0
2025-07-07,M021,205840.0
2025-07-07,M022,141794.0
2025-07-07,M023,155868.0
2025-07-07,M024,169942.0
2025-07-07,M025,184016.0
2025-07-07,M026,198090.0
2025-07-07,M027,212164.0
2025-07-07,M028,226238.0
2025-07-07,M029,162192.0
2025-07-07,M030,176266.0
2025-07-07,M031,190340.0
2025-07-07,M032,204414.0
2025-07-07,M033,218488.0
2025-07-07,M034,232562.0
2025-07-07,M035,246636.0
2025-07-07,M036,182590.0
2025-07-07,M037,196664.0
2025-07-07,M038,210738.0
2025-07-07,M039,224812.0
2025-07-07,M040,238886.0
2025-07-07,M041,252960.0
2025-07-07,M042,267034.0
2025-07-07,M043,202988.0
2025-07-07,M044,217062.0
2025-07-07,M045,231136.0
2025-07-07,M046,245210.0
2025-07-07,M047,259284.0
2025-07-07,M048,273358.0
2025-07-08,M001,80600.0
2025-07-08,M002,94674.0
2025-07-08,M003,108748.0
2025-07-08,M004,122822.0
2025-07-08,M005,136896.0
2025-07-08,M006,150970.0
2025-07-08,M007,165044.0
2025-07-08,M008,100998.0
2025-07-08,M009,115072.0
2025-07-08,M010,129146.0
2025-07-08,M011,143220.0
2025-07-08,M012,157294.0
2025-07-08,M013,171368.0
2025-07-08,M014,185442.0
2025-07-08,M015,121396.0
2025-07-08,M016,135470.0
2025-07-08,M017,149544.0
2025-07-08,M018,163618.0
2025-07-08,M019,177692.0
2025-07-08,M020,191766.0
2025-07-08,M021,205840.0
2025-07-08,M022,141794.0
2025-07-08,M023,155868.0
2025-07-08,M024,169942.0
2025-07-08,M025,184016.0
2025-07-08,M026,198090.0
2025-07-08,M027,212164.0
2025-07-08,M028,226238.0
2025-07-08,M029,162192.0
2025-07-08,M030,176266.0
2025-07-08,M031,190340.0
2025-07-08,M032,204414.0
2025-07-08,M033,218488.0
2025-07-08,M034,232562.0
2025-07-08,M035,246636.0
2025-07-08,M036,182590.0
2025-07-08,M037,196664.0
2025-07-08,M038,210738.0
2025-07-08,M039,224812.0
2025-07-08,M040,238886.0
2025-07-08,M041,252960.0
2025-07-08,M042,267034.0
2025-07-08,M043,202988.0
2025-07-08,M044,217062.0
2025-07-08,M045,231136.0
2025-07-08,M046,245210.0
2025-07-08,M047,259284.0
2025-07-08,M048,273358.0
2025-07-09,M001,80600.0
2025-07-09,M002,94674.0
2025-07-09,M003,108748.0
2025-07-09,M004,122822.0
2025-07-09,M005,136896.0
2025-07-09,M006,150970.0
2025-07-09,M007,165044.0
2025-07-09,M008,100998.0
2025-07-09,M009,115072.0
2025-07-09,M010,129146.0
2025-07-09,M011,143220.0
2025-07-09,M012,157294.0
2025-07-09,M013,171368.0
2025-07-09,M014,185442.0
2025-07-09,M015,121396.0
2025-07-09,M016,135470.0
2025-07-09,M017,149544.0
2025-07-09,M018,163618.0
2025-07-09,M019,177692.0
2025-07-09,M020,191766.0
2025-07-09,M021,205840.0
2025-07-09,M022,141794.0
2025-07-09,M023,155868.0
2025-07-09,M024,169942.0
2025-07-09,M025,184016.0
2025-07-09,M026,198090.0
2025-07-09,M027,212164.0
2025-07-09,M028,226238.0
2025-07-09,M029,162192.0
2025-07-09,M030,176266.0
2025-07-09,M031,190340.0
2025-07-09,M032,204414.0
2025-07-09,M033,218488.0
2025-07-09,M034,232562.0
2025-07-09,M035,246636.0
2025-07-09,M036,182590.0
2025-07-09,M037,196664.0
2025-07-09,M038,210738.0
2025-07-09,M039,224812.0
2025-07-09,M040,238886.0
2025-07-09,M041,252960.0
2025-07-09,M042,267034.0
2025-07-09,M043,202988.0
2025-07-09,M044,217062.0
2025-07-09,M045,231136.0
2025-07-09,M046,245210.0
2025-07-09,M047,259284.0
2025-07-09,M048,273358.0
2025-07-10,M001,80600.0
2025-07-10,M002,94674.0
2025-07-10,M003,108748.0
2025-07-10,M004,122822.0
2025-07-10,M005,136896.0
2025-07-10,M006,150970.0
2025-07-10,M007,165044.0
2025-07-10,M008,100998.0
2025-07-10,M009,115072.0
2025-07-10,M010,129146.0
2025-07-10,M011,143220.0
2025-07-10,M012,157294.0
2025-07-10,M013,171368.0
2025-07-10,M014,185442.0
2025-07-10,M015,121396.0
2025-07-10,M016,135470.0
2025-07-10,M017,149544.0
2025-07-10,M018,163618.0
2025-07-10,M019,177692.0
2025-07-10,M020,191766.0
2025-07-10,M021,205840.0
2025-07-10,M022,141794.0
2025-07-10,M023,155868.0
2025-07-10,M024,169942.0
2025-07-10,M025,184016.0
2025-07-10,M026,198090.0
2025-07-10,M027,212164.0
2025-07-10,M028,226238.0
2025-07-10,M029,162192.0
2025-07-10,M030,176266.0
2025-07-10,M031,190340.0
2025-07-10,M032,204414.0
2025-07-10,M033,218488.0
2025-07-10,M034,232562.0
2025-07-10,M035,246636.0
2025-07-10,M036,182590.0
2025-07-10,M037,196664.0
2025-07-10,M038,210738.0
2025-07-10,M039,224812.0
2025-07-10,M040,238886.0
2025-07-10,M041,252960.0
2025-07-10,M042,267034.0
2025-07-10,M043,202988.0
2025-07-10,M044,217062.0
2025-07-10,M045,231136.0
2025-07-10,M046,245210.0
2025-07-10,M047,259284.0
2025-07-10,M048,273358.0
2025-07-11,M001,80600.0
2025-07-11,M002,94674.0
2025-07-11,M003,108748.0
2025-07-11,M004,122822.0
2025-07-11,M005,136896.0
2025-07-11,M006,150970.0
2025-07-11,M007,165044.0
2025-07-11,M008,100998.0
2025-07-11,M009,115072.0
2025-07-11,M010,129146.0
2025-07-11,M011,143220.0
2025-07-11,M012,157294.0
2025-07-11,M013,171368.0
2025-07-11,M014,185442.0
2025-07-11,M015,121396.0
2025-07-11,M016,135470.0
2025-07-11,M017,149544.0
2025-07-11,M018,163618.0
2025-07-11,M019,177692.0
2025-07-11,M020,191766.0
2025-07-11,M021,205840.0
2025-07-11,M022,141794.0
2025-07-11,M023,155868.0
2025-07-11,M024,169942.0
2025-07-11,M025,184016.0
2025-07-11,M026,198090.0
2025-07-11,M027,212164.0
2025-07-11,M028,226238.0
2025-07-11,M029,162192.0
2025-07-11,M030,176266.0
2025-07-11,M031,190340.0
2025-07-11,M032,204414.0
2025-07-11,M033,218488.0
2025-07-11,M034,232562.0
2025-07-11,M035,246636.0
2025-07-11,M036,182590.0
2025-07-11,M037,196664.0
2025-07-11,M038,210738.0
2025-07-11,M039,224812.0
2025-07-11,M040,238886.0
2025-07-11,M041,252960.0
2025-07-11,M042,267034.0
2025-07-11,M043,202988.0
2025-07-11,M044,217062.0
2025-07-11,M045,231136.0
2025-07-11,M046,245210.0
2025-07-11,M047,259284.0
2025-07-11,M048,273358.0
2025-07-12,M001,80600.0
2025-07-12,M002,94674.0
2025-07-12,M003,108748.0
2025-07-12,M004,122822.0
2025-07-12,M005,136896.0
2025-07-12,M006,150970.0
2025-07-12,M007,165044.0
2025-07-12,M008,100998.0
2025-07-12,M009,115072.0
2025-07-12,M010,129146.0
2025-07-12,M011,143220.0
2025-07-12,M012,157294.0
2025-07-12,M013,171368.0
2025-07-12,M014,185442.0
2025-07-12,M015,121396.0
2025-07-12,M016,135470.0
2025-07-12,M017,149544.0
2025-07-12,M018,163618.0
2025-07-12,M019,177692.0
2025-07-12,M020,191766.0
2025-07-12,M021,205840.0
2025-07-12,M022,141794.0
2025-07-12,M023,155868.0
2025-07-12,M024,169942.0
2025-07-12,M025,184016.0
2025-07-12,M026,198090.0
2025-07-12,M027,212164.0
2025-07-12,M028,226238.0
2025-07-12,M029,162192.0
2025-07-12,M030,176266.0
2025-07-12,M031,190340.0
2025-07-12,M032,204414.0
2025-07-12,M033,218488.0
2025-07-12,M034,232562.0
2025-07-12,M035,246636.0
2025-07-12,M036,182590.0
2025-07-12,M037,196664.0
2025-07-12,M038,210738.0
2025-07-12,M039,224812.0
2025-07-12,M040,238886.0
2025-07-12,M041,252960.0
2025-07-12,M042,267034.0
2025-07-12,M043,202988.0
2025-07-12,M044,217062.0
2025-07-12,M045,231136.0
2025-07-12,M046,245210.0
2025-07-12,M047,259284.0
2025-07-12,M048,273358.0
2025-07-13,M001,80600.0
2025-07-13,M002,94674.0
2025-07-13,M003,108748.0
2025-07-13,M004,122822.0
2025-07-13,M005,136896.0
2025-07-13,M006,150970.0
2025-07-13,M007,165044.0
2025-07-13,M008,100998.0
2025-07-13,M009,115072.0
2025-07-13,M010,129146.0
2025-07-13,M011,143220.0
2025-07-13,M012,157294.0
2025-07-13,M013,171368.0
2025-07-13,M014,185442.0
2025-07-13,M015,121396.0
2025-07-13,M016,135470.0
2025-07-13,M017,149544.0
2025-07-13,M018,163618.0
2025-07-13,M019,177692.0
2025-07-13,M020,191766.0
2025-07-13,M021,205840.0
2025-07-13,M022,141794.0
2025-07-13,M023,155868.0
2025-07-13,M024,169942.0
2025-07-13,M025,184016.0
2025-07-13,M026,198090.0
2025-07-13,M027,212164.0
2025-07-13,M028,226238.0
2025-07-13,M029,162192.0
2025-07-13,M030,176266.0
2025-07-13,M031,190340.0
2025-07-13,M032,204414.0
2025-07-13,M033,218488.0
2025-07-13,M034,232562.0
2025-07-13,M035,246636.0
2025-07-13,M036,182590.0
2025-07-13,M037,196664.0
2025-07-13,M038,210738.0
2025-07-13,M039,224812.0
2025-07-13,M040,238886.0
2025-07-13,M041,252960.0
2025-07-13,M042,267034.0
2025-07-13,M043,202988.0
2025-07-13,M044,217062.0
2025-07-13,M045,231136.0
2025-07-13,M046,245210.0
2025-07-13,M047,259284.0
2025-07-13,M048,273358.0
2025-07-14,M001,80600.0
2025-07-14,M002,94674.0
2025-07-14,M003,108748.0
2025-07-14,M004,122822.0
2025-07-14,M005,136896.0
2025-07-14,M006,150970.0
2025-07-14,M007,165044.0
2025-07-14,M008,100998.0
2025-07-14,M009,115072.0
2025-07-14,M010,129146.0
2025-07-14,M011,143220.0
2025-07-14,M012,157294.0
2025-07-14,M013,171368.0
2025-07-14,M014,185442.0
2025-07-14,M015,121396.0
2025-07-14,M016,135470.0
2025-07-14,M017,149544.0
2025-07-14,M018,163618.0
2025-07-14,M019,177692.0
2025-07-14,M020,191766.0
2025-07-14,M021,205840.0
2025-07-14,M022,141794.0
2025-07-14,M023,155868.0
2025-07-14,M024,169942.0
2025-07-14,M025,184016.0
2025-07-14,M026,198090.0
2025-07-14,M027,212164.0
2025-07-14,M028,226238.0
2025-07-14,M029,162192.0
2025-07-14,M030,176266.0
2025-07-14,M031,190340.0
2025-07-14,M032,204414.0
2025-07-14,M033,218488.0
2025-07-14,M034,232562.0
2025-07-14,M035,246636.0
2025-07-14,M036,182590.0
2025-07-14,M037,196664.0
2025-07-14,M038,210738.0
2025-07-14,M039,224812.0
2025-07-14,M040,238886.0
2025-07-14,M041,252960.0
2025-07-14,M042,267034.0
2025-07-14,M043,202988.0
2025-07-14,M044,217062.0
2025-07-14,M045,231136.0
2025-07-14,M046,245210.0
2025-07-14,M047,259284.0
2025-07-14,M048,273358.0
2025-07-15,M001,80600.0
2025-07-15,M002,94674.0
2025-07-15,M003,108748.0
2025-07-15,M004,122822.0
2025-07-15,M005,136896.0
2025-07-15,M006,150970.0
2025-07-15,M007,165044.0
2025-07-15,M008,100998.0
2025-07-15,M009,115072.0
2025-07-15,M010,129146.0
2025-07-15,M011,143220.0
2025-07-15,M012,157294.0
2025-07-15,M013,171368.0
2025-07-15,M014,185442.0
2025-07-15,M015,121396.0
2025-07-15,M016,135470.0
2025-07-15,M017,149544.0
2025-07-15,M018,163618.0
2025-07-15,M019,177692.0
2025-07-15,M020,191766.0
2025-07-15,M021,205840.0
2025-07-15,M022,141794.0
2025-07-15,M023,155868.0
2025-07-15,M024,169942.0
2025-07-15,M025,184016.0
2025-07-15,M026,198090.0
2025-07-15,M027,212164.0
2025-07-15,M028,226238.0
2025-07-15,M029,162192.0
2025-07-15,M030,176266.0
2025-07-15,M031,190340.0
2025-07-15,M032,204414.0
2025-07-15,M033,218488.0
2025-07-15,M034,232562.0
2025-07-15,M035,246636.0
2025-07-15,M036,182590.0
2025-07-15,M037,196664.0
2025-07-15,M038,210738.0
2025-07-15,M039,224812.0
2025-07-15,M040,238886.0
2025-07-15,M041,252960.0
2025-07-15,M042,267034.0
2025-07-15,M043,202988.0
2025-07-15,M044,217062.0
2025-07-15,M045,231136.0
2025-07-15,M046,245210.0
2025-07-15,M047,259284.0
2025-07-15,M048,273358.0
2025-07-16,M001,80600.0
2025-07-16,M002,94674.0
2025-07-16,M003,108748.0
2025-07-16,M004,122822.0
2025-07-16,M005,136896.0
2025-07-16,M006,150970.0
2025-07-16,M007,165044.0
2025-07-16,M008,100998.0
2025-07-16,M009,115072.0
2025-07-16,M010,129146.0
2025-07-16,M011,143220.0
2025-07-16,M012,157294.0
2025-07-16,M013,171368.0
2025-07-16,M014,185442.0
2025-07-16,M015,121396.0
2025-07-16,M016,135470.0
2025-07-16,M017,149544.0
2025-07-16,M018,163618.0
2025-07-16,M019,177692.0
2025-07-16,M020,191766.0
2025-07-16,M021,205840.0
2025-07-16,M022,141794.0
2025-07-16,M023,155868.0
2025-07-16,M024,169942.0
2025-07-16,M025,184016.0
2025-07-16,M026,198090.0
2025-07-16,M027,212164.0
2025-07-16,M028,226238.0
2025-07-16,M029,162192.0
2025-07-16,M030,176266.0
2025-07-16,M031,190340.0
2025-07-16,M032,204414.0
2025-07-16,M033,218488.0
2025-07-16,M034,232562.0
2025-07-16,M035,246636.0
2025-07-16,M036,182590.0
2025-07-16,M037,196664.0
2025-07-16,M038,210738.0
2025-07-16,M039,224812.0
2025-07-16,M040,238886.0
2025-07-16,M041,252960.0
2025-07-16,M042,267034.0
2025-07-16,M043,202988.0
2025-07-16,M044,217062.0
2025-07-16,M045,231136.0
2025-07-16,M046,245210.0
2025-07-16,M047,259284.0
2025-07-16,M048,273358.0
2025-07-17,M001,80600.0
2025-07-17,M002,94674.0
2025-07-17,M003,108748.0
2025-07-17,M004,122822.0
2025-07-17,M005,136896.0
2025-07-17,M006,150970.0
2025-07-17,M007,165044.0
2025-07-17,M008,100998.0
2025-07-17,M009,115072.0
2025-07-17,M010,129146.0
2025-07-17,M011,143220.0
2025-07-17,M012,157294.0
2025-07-17,M013,171368.0
2025-07-17,M014,185442.0
2025-07-17,M015,121396.0
2025-07-17,M016,135470.0
2025-07-17,M017,149544.0
2025-07-17,M018,163618.0
2025-07-17,M019,177692.0
2025-07-17,M020,191766.0
2025-07-17,M021,205840.0
2025-07-17,M022,141794.0
2025-07-17,M023,155868.0
2025-07-17,M024,169942.0
2025-07-17,M025,184016.0
2025-07-17,M026,198090.0
2025-07-17,M027,212164.0
2025-07-17,M028,226238.0
2025-07-17,M029,162192.0
2025-07-17,M030,176266.0
2025-07-17,M031,190340.0
2025-07-17,M032,204414.0
2025-07-17,M033,218488.0
2025-07-17,M034,232562.0
2025-07-17,M035,246636.0
2025-07-17,M036,182590.0
2025-07-17,M037,196664.0
2025-07-17,M038,210738.0
2025-07-17,M039,224812.0
2025-07-17,M040,238886.0
2025-07-17,M041,252960.0
2025-07-17,M042,267034.0
2025-07-17,M043,202988.0
2025-07-17,M044,217062.0
2025-07-17,M045,231136.0
2025-07-17,M046,245210.0
2025-07-17,M047,259284.0
2025-07-17,M048,273358.0
2025-07-18,M001,80600.0
2025-07-18,M002,94674.0
2025-07-18,M003,108748.0
2025-07-18,M004,122822.0
2025-07-18,M005,136896.0
2025-07-18,M006,150970.0
2025-07-18,M007,165044.0
2025-07-18,M008,100998.0
2025-07-18,M009,115072.0
2025-07-18,M010,129146.0
2025-07-18,M011,143220.0
2025-07-18,M012,157294.0
2025-07-18,M013,171368.0
2025-07-18,M014,185442.0
2025-07-18,M015,121396.0
2025-07-18,M016,135470.0
2025-07-18,M017,149544.0
2025-07-18,M018,163618.0
2025-07-18,M019,177692.0
2025-07-18,M020,191766.0
2025-07-18,M021,205840.0
2025-07-18,M022,141794.0
2025-07-18,M023,155868.0
2025-07-18,M024,169942.0
2025-07-18,M025,184016.0
2025-07-18,M026,198090.0
2025-07-18,M027,212164.0
2025-07-18,M028,226238.0
2025-07-18,M029,162192.0
2025-07-18,M030,176266.0
2025-07-18,M031,190340.0
2025-07-18,M032,204414.0
2025-07-18,M033,218488.0
2025-07-18,M034,232562.0
2025-07-18,M035,246636.0
2025-07-18,M036,182590.0
2025-07-18,M037,196664.0
2025-07-18,M038,210738.0
2025-07-18,M039,224812.0
2025-07-18,M040,238886.0
2025-07-18,M041,252960.0
2025-07-18,M042,267034.0
2025-07-18,M043,202988.0
2025-07-18,M044,217062.0
2025-07-18,M045,231136.0
2025-07-18,M046,245210.0
2025-07-18,M047,259284.0
2025-07-18,M048,273358.0
2025-07-19,M001,80600.0
2025-07-19,M002,94674.0
2025-07-19,M003,108748.0
2025-07-19,M004,122822.0
2025-07-19,M005,136896.0
2025-07-19,M006,150970.0
2025-07-19,M007,165044.0
2025-07-19,M008,100998.0
2025-07-19,M009,115072.0
2025-07-19,M010,129146.0
2025-07-19,M011,143220.0
2025-07-19,M012,157294.0
2025-07-19,M013,171368.0
2025-07-19,M014,185442.0
2025-07-19,M015,121396.0
2025-07-19,M016,135470.0
2025-07-19,M017,149544.0
2025-07-19,M018,163618.0
2025-07-19,M019,177692.0
2025-07-19,M020,191766.0
2025-07-19,M021,205840.0
2025-07-19,M022,141794.0
2025-07-19,M023,155868.0
2025-07-19,M024,169942.0
2025-07-19,M025,184016.0
2025-07-19,M026,198090.0
2025-07-19,M027,212164.0
2025-07-19,M028,226238.0
2025-07-19,M029,162192.0
2025-07-19,M030,176266.0
2025-07-19,M031,190340.0
2025-07-19,M032,204414.0
2025-07-19,M033,218488.0
2025-07-19,M034,232562.0
2025-07-19,M035,246636.0
2025-07-19,M036,182590.0
2025-07-19,M037,196664.0
2025-07-19,M038,210738.0
2025-07-19,M039,224812.0
2025-07-19,M040,238886.0
2025-07-19,M041,252960.0
2025-07-19,M042,267034.0
2025-07-19,M043,202988.0
2025-07-19,M044,217062.0
2025-07-19,M045,231136.0
2025-07-19,M046,245210.0
2025-07-19,M047,259284.0
2025-07-19,M048,273358.0
2025-07-20,M001,80600.0
2025-07-20,M002,94674.0
2025-07-20,M003,108748.0
2025-07-20,M004,122822.0
2025-07-20,M005,136896.0
2025-07-20,M006,150970.0
2025-07-20,M007,165044.0
2025-07-20,M008,100998.0
2025-07-20,M009,115072.0
2025-07-20,M010,129146.0
2025-07-20,M011,143220.0
2025-07-20,M012,157294.0
2025-07-20,M013,171368.0
2025-07-20,M014,185442.0
2025-07-20,M015,121396.0
2025-07-20,M016,135470.0
2025-07-20,M017,149544.0
2025-07-20,M018,163618.0
2025-07-20,M019,177692.0
2025-07-20,M020,191766.0
2025-07-20,M021,205840.0
2025-07-20,M022,141794.0
2025-07-20,M023,155868.0
2025-07-20,M024,169942.0
2025-07-20,M025,184016.0
2025-07-20,M026,198090.0
2025-07-20,M027,212164.0
2025-07-20,M028,226238.0
2025-07-20,M029,162192.0
2025-07-20,M030,176266.0
2025-07-20,M031,190340.0
2025-07-20,M032,204414.0
2025-07-20,M033,218488.0
2025-07-20,M034,232562.0
2025-07-20,M035,246636.0
2025-07-20,M036,182590.0
2025-07-20,M037,196664.0
2025-07-20,M038,210738.0
2025-07-20,M039,224812.0
2025-07-20,M040,238886.0
2025-07-20,M041,252960.0
2025-07-20,M042,267034.0
2025-07-20,M043,202988.0
2025-07-20,M044,217062.0
2025-07-20,M045,231136.0
2025-07-20,M046,245210.0
2025-07-20,M047,259284.0
2025-07-20,M048,273358.0
2025-07-21,M001,80600.0
2025-07-21,M002,94674.0
2025-07-21,M003,108748.0
2025-07-21,M004,122822.0
2025-07-21,M005,136896.0
2025-07-21,M006,150970.0
2025-07-21,M007,165044.0
2025-07-21,M008,100998.0
2025-07-21,M009,115072.0
2025-07-21,M010,129146.0
2025-07-21,M011,143220.0
2025-07-21,M012,157294.0
2025-07-21,M013,171368.0
2025-07-21,M014,185442.0
2025-07-21,M015,121396.0
2025-07-21,M016,135470.0
2025-07-21,M017,149544.0
2025-07-21,M018,163618.0
2025-07-21,M019,177692.0
2025-07-21,M020,191766.0
2025-07-21,M021,205840.0
2025-07-21,M022,141794.0
2025-07-21,M023,155868.0
2025-07-21,M024,169942.0
2025-07-21,M025,184016.0
2025-07-21,M026,198090.0
2025-07-21,M027,212164.0
2025-07-21,M028,226238.0
2025-07-21,M029,162192.0
2025-07-21,M030,176266.0
2025-07-21,M031,190340.0
2025-07-21,M032,204414.0
2025-07-21,M033,218488.0
2025-07-21,M034,232562.0
2025-07-21,M035,246636.0
2025-07-21,M036,182590.0
2025-07-21,M037,196664.0
2025-07-21,M038,210738.0
2025-07-21,M039,224812.0
2025-07-21,M040,238886.0
2025-07-21,M041,252960.0
2025-07-21,M042,267034.0
2025-07-21,M043,202988.0
2025-07-21,M044,217062.0
2025-07-21,M045,231136.0
2025-07-21,M046,245210.0
2025-07-21,M047,259284.0
2025-07-21,M048,273358.0
2025-07-22,M001,80600.0
2025-07-22,M002,94674.0
2025-07-22,M003,108748.0
2025-07-22,M004,122822.0
2025-07-22,M005,136896.0
2025-07-22,M006,150970.0
2025-07-22,M007,165044.0
2025-07-22,M008,100998.0
2025-07-22,M009,115072.0
2025-07-22,M010,129146.0
2025-07-22,M011,143220.0
2025-07-22,M012,157294.0
2025-07-22,M013,171368.0
2025-07-22,M014,185442.0
2025-07-22,M015,121396.0
2025-07-22,M016,135470.0
2025-07-22,M017,149544.0
2025-07-22,M018,163618.0
2025-07-22,M019,177692.0
2025-07-22,M020,191766.0
2025-07-22,M021,205840.0
2025-07-22,M022,141794.0
2025-07-22,M023,155868.0
2025-07-22,M024,169942.0
2025-07-22,M025,184016.0
2025-07-22,M026,198090.0
2025-07-22,M027,212164.0
2025-07-22,M028,226238.0
2025-07-22,M029,162192.0
2025-07-22,M030,176266.0
2025-07-22,M031,190340.0
2025-07-22,M032,204414.0
2025-07-22,M033,218488.0
2025-07-22,M034,232562.0
2025-07-22,M035,246636.0
2025-07-22,M036,182590.0
2025-07-22,M037,196664.0
2025-07-22,M038,210738.0
2025-07-22,M039,224812.0
2025-07-22,M040,238886.0
2025-07-22,M041,252960.0
2025-07-22,M042,267034.0
2025-07-22,M043,202988.0
2025-07-22,M044,217062.0
2025-07-22,M045,231136.0
2025-07-22,M046,245210.0
2025-07-22,M047,259284.0
2025-07-22,M048,273358.0
2025-07-23,M001,80600.0
2025-07-23,M002,94674.0
2025-07-23,M003,108748.0
2025-07-23,M004,122822.0
2025-07-23,M005,136896.0
2025-07-23,M006,150970.0
2025-07-23,M007,165044.0
2025-07-23,M008,100998.0
2025-07-23,M009,115072.0
2025-07-23,M010,129146.0
2025-07-23,M011,143220.0
2025-07-23,M012,157294.0
2025-07-23,M013,171368.0
2025-07-23,M014,185442.0
2025-07-23,M015,121396.0
2025-07-23,M016,135470.0
2025-07-23,M017,149544.0
2025-07-23,M018,163618.0
2025-07-23,M019,177692.0
2025-07-23,M020,191766.0
2025-07-23,M021,205840.0
2025-07-23,M022,141794.0
2025-07-23,M023,155868.0
2025-07-23,M024,169942.0
2025-07-23,M025,184016.0
2025-07-23,M026,198090.0
2025-07-23,M027,212164.0
2025-07-23,M028,226238.0
2025-07-23,M029,162192.0
2025-07-23,M030,176266.0
2025-07-23,M031,190340.0
2025-07-23,M032,204414.0
2025-07-23,M033,218488.0
2025-07-23,M034,232562.0
2025-07-23,M035,246636.0
2025-07-23,M036,182590.0
2025-07-23,M037,196664.0
2025-07-23,M038,210738.0
2025-07-23,M039,224812.0
2025-07-23,M040,238886.0
2025-07-23,M041,252960.0
2025-07-23,M042,267034.0
2025-07-23,M043,202988.0
2025-07-23,M044,217062.0
2025-07-23,M045,231136.0
2025-07-23,M046,245210.0
2025-07-23,M047,259284.0
2025-07-23,M048,273358.0
2025-07-24,M001,80600.0
2025-07-24,M002,94674.0
2025-07-24,M003,108748.0
2025-07-24,M004,122822.0
2025-07-24,M005,136896.0
2025-07-24,M006,150970.0
2025-07-24,M007,165044.0
2025-07-24,M008,100998.0
2025-07-24,M009,115072.0
2025-07-24,M010,129146.0
2025-07-24,M011,143220.0
2025-07-24,M012,157294.0
2025-07-24,M013,171368.0
2025-07-24,M014,185442.0
2025-07-24,M015,121396.0
2025-07-24,M016,135470.0
2025-07-24,M017,149544.0
2025-07-24,M018,163618.0
2025-07-24,M019,177692.0
2025-07-24,M020,191766.0
2025-07-24,M021,205840.0
2025-07-24,M022,141794.0
2025-07-24,M023,155868.0
2025-07-24,M024,169942.0
2025-07-24,M025,184016.0
2025-07-24,M026,198090.0
2025-07-24,M027,212164.0
2025-07-24,M028,226238.0
2025-07-24,M029,162192.0
2025-07-24,M030,176266.0
2025-07-24,M031,190340.0
2025-07-24,M032,204414.0
2025-07-24,M033,218488.0
2025-07-24,M034,232562.0
2025-07-24,M035,246636.0
2025-07-24,M036,182590.0
2025-07-24,M037,196664.0
2025-07-24,M038,210738.0
2025-07-24,M039,224812.0
2025-07-24,M040,238886.0
2025-07-24,M041,252960.0
2025-07-24,M042,267034.0
2025-07-24,M043,202988.0
2025-07-24,M044,217062.0
2025-07-24,M045,231136.0
2025-07-24,M046,245210.0
2025-07-24,M047,259284.0
2025-07-24,M048,273358.0
2025-07-25,M001,80600.0
2025-07-25,M002,94674.0
2025-07-25,M003,108748.0
2025-07-25,M004,122822.0
2025-07-25,M005,136896.0
2025-07-25,M006,150970.0
2025-07-25,M007,165044.0
2025-07-25,M008,100998.0
2025-07-25,M009,115072.0
2025-07-25,M010,129146.0
2025-07-25,M011,143220.0
2025-07-25,M012,157294.0
2025-07-25,M013,171368.0
2025-07-25,M014,185442.0
2025-07-25,M015,121396.0
2025-07-25,M016,135470.0
2025-07-25,M017,149544.0
2025-07-25,M018,163618.0
2025-07-25,M019,177692.0
2025-07-25,M020,191766.0
2025-07-25,M021,205840.0
2025-07-25,M022,141794.0
2025-07-25,M023,155868.0
2025-07-25,M024,169942.0
2025-07-25,M025,184016.0
2025-07-25,M026,198090.0
2025-07-25,M027,212164.0
2025-07-25,M028,226238.0
2025-07-25,M029,162192.0
2025-07-25,M030,176266.0
2025-07-25,M031,190340.0
2025-07-25,M032,204414.0
2025-07-25,M033,218488.0
2025-07-25,M034,232562.0
2025-07-25,M035,246636.0
2025-07-25,M036,182590.0
2025-07-25,M037,196664.0
2025-07-25,M038,210738.0
2025-07-25,M039,224812.0
2025-07-25,M040,238886.0
2025-07-25,M041,252960.0
2025-07-25,M042,267034.0
2025-07-25,M043,202988.0
2025-07-25,M044,217062.0
2025-07-25,M045,231136.0
2025-07-25,M046,245210.0
2025-07-25,M047,259284.0
2025-07-25,M048,273358.0
2025-07-26,M001,80600.0
2025-07-26,M002,94674.0
2025-07-26,M003,108748.0
2025-07-26,M004,122822.0
2025-07-26,M005,136896.0
2025-07-26,M006,150970.0
2025-07-26,M007,165044.0
2025-07-26,M008,100998.0
2025-07-26,M009,115072.0
2025-07-26,M010,129146.0
2025-07-26,M011,143220.0
2025-07-26,M012,157294.0
2025-07-26,M013,171368.0
2025-07-26,M014,185442.0
2025-07-26,M015,121396.0
2025-07-26,M016,135470.0
2025-07-26,M017,149544.0
2025-07-26,M018,163618.0
2025-07-26,M019,177692.0
2025-07-26,M020,191766.0
2025-07-26,M021,205840.0
2025-07-26,M022,141794.0
2025-07-26,M023,155868.0
2025-07-26,M024,169942.0
2025-07-26,M025,184016.0
2025-07-26,M026,198090.0
2025-07-26,M027,212164.0
2025-07-26,M028,226238.0
2025-07-26,M029,162192.0
2025-07-26,M030,176266.0
2025-07-26,M031,190340.0
2025-07-26,M032,204414.0
2025-07-26,M033,218488.0
2025-07-26,M034,232562.0
2025-07-26,M035,246636.0
2025-07-26,M036,182590.0
2025-07-26,M037,196664.0
2025-07-26,M038,210738.0
2025-07-26,M039,224812.0
2025-07-26,M040,238886.0
2025-07-26,M041,252960.0
2025-07-26,M042,267034.0
2025-07-26,M043,202988.0
2025-07-26,M044,217062.0
2025-07-26,M045,231136.0
2025-07-26,M046,245210.0
2025-07-26,M047,259284.0
2025-07-26,M048,273358.0
2025-07-27,M001,80600.0
2025-07-27,M002,94674.0
2025-07-27,M003,108748.0
2025-07-27,M004,122822.0
2025-07-27,M005,136896.0
2025-07-27,M006,150970.0
2025-07-27,M007,165044.0
2025-07-27,M008,100998.0
2025-07-27,M009,115072.0
2025-07-27,M010,129146.0
2025-07-27,M011,143220.0
2025-07-27,M012,157294.0
2025-07-27,M013,171368.0
2025-07-27,M014,185442.0
2025-07-27,M015,121396.0
2025-07-27,M016,135470.0
2025-07-27,M017,149544.0
2025-07-27,M018,163618.0
2025-07-27,M019,177692.0
2025-07-27,M020,191766.0
2025-07-27,M021,205840.0
2025-07-27,M022,141794.0
2025-07-27,M023,155868.0
2025-07-27,M024,169942.0
2025-07-27,M025,184016.0
2025-07-27,M026,198090.0
2025-07-27,M027,212164.0
2025-07-27,M028,226238.0
2025-07-27,M029,162192.0
2025-07-27,M030,176266.0
2025-07-27,M031,190340.0
2025-07-27,M032,204414.0
2025-07-27,M033,218488.0
2025-07-27,M034,232562.0
2025-07-27,M035,246636.0
2025-07-27,M036,182590.0
2025-07-27,M037,196664.0
2025-07-27,M038,210738.0
2025-07-27,M039,224812.0
2025-07-27,M040,238886.0
2025-07-27,M041,252960.0
2025-07-27,M042,267034.0
2025-07-27,M043,202988.0
2025-07-27,M044,217062.0
2025-07-27,M045,231136.0
2025-07-27,M046,245210.0
2025-07-27,M047,259284.0
2025-07-27,M048,273358.0
2025-07-28,M001,80600.0
2025-07-28,M002,94674.0
2025-07-28,M003,108748.0
2025-07-28,M004,122822.0
2025-07-28,M005,136896.0
2025-07-28,M006,150970.0
2025-07-28,M007,165044.0
2025-07-28,M008,100998.0
2025-07-28,M009,115072.0
2025-07-28,M010,129146.0
2025-07-28,M011,143220.0
2025-07-28,M012,157294.0
2025-07-28,M013,171368.0
2025-07-28,M014,185442.0
2025-07-28,M015,121396.0
2025-07-28,M016,135470.0
2025-07-28,M017,149544.0
2025-07-28,M018,163618.0
2025-07-28,M019,177692.0
2025-07-28,M020,191766.0
2025-07-28,M021,205840.0
2025-07-28,M022,141794.0
2025-07-28,M023,155868.0
2025-07-28,M024,169942.0
2025-07-28,M025,184016.0
2025-07-28,M026,198090.0
2025-07-28,M027,212164.0
2025-07-28,M028,226238.0
2025-07-28,M029,162192.0
2025-07-28,M030,176266.0
2025-07-28,M031,190340.0
2025-07-28,M032,204414.0
2025-07-28,M033,218488.0
2025-07-28,M034,232562.0
2025-07-28,M035,246636.0
2025-07-28,M036,182590.0
2025-07-28,M037,196664.0
2025-07-28,M038,210738.0
2025-07-28,M039,224812.0
2025-07-28,M040,238886.0
2025-07-28,M041,252960.0
2025-07-28,M042,267034.0
2025-07-28,M043,202988.0
2025-07-28,M044,217062.0
2025-07-28,M045,231136.0
2025-07-28,M046,245210.0
2025-07-28,M047,259284.0
2025-07-28,M048,273358.0
2025-07-29,M001,80600.0
2025-07-29,M002,94674.0
2025-07-29,M003,108748.0
2025-07-29,M004,122822.0
2025-07-29,M005,136896.0
2025-07-29,M006,150970.0
2025-07-29,M007,165044.0
2025-07-29,M008,100998.0
2025-07-29,M009,115072.0
2025-07-29,M010,129146.0
2025-07-29,M011,143220.0
2025-07-29,M012,157294.0
2025-07-29,M013,171368.0
2025-07-29,M014,185442.0
2025-07-29,M015,121396.0
2025-07-29,M016,135470.0
2025-07-29,M017,149544.0
2025-07-29,M018,163618.0
2025-07-29,M019,177692.0
2025-07-29,M020,191766.0
2025-07-29,M021,205840.0
2025-07-29,M022,141794.0
2025-07-29,M023,155868.0
2025-07-29,M024,169942.0
2025-07-29,M025,184016.0
2025-07-29,M026,198090.0
2025-07-29,M027,212164.0
2025-07-29,M028,226238.0
2025-07-29,M029,162192.0
2025-07-29,M030,176266.0
2025-07-29,M031,190340.0
2025-07-29,M032,204414.0
2025-07-29,M033,218488.0
2025-07-29,M034,232562.0
2025-07-29,M035,246636.0
2025-07-29,M036,182590.0
2025-07-29,M037,196664.0
2025-07-29,M038,210738.0
2025-07-29,M039,224812.0
2025-07-29,M040,238886.0
2025-07-29,M041,252960.0
2025-07-29,M042,267034.0
2025-07-29,M043,202988.0
2025-07-29,M044,217062.0
2025-07-29,M045,231136.0
2025-07-29,M046,245210.0
2025-07-29,M047,259284.0
2025-07-29,M048,273358.0
2025-07-30,M001,80600.0
2025-07-30,M002,94674.0
2025-07-30,M003,108748.0
2025-07-30,M004,122822.0
2025-07-30,M005,136896.0
2025-07-30,M006,150970.0
2025-07-30,M007,165044.0
2025-07-30,M008,100998.0
2025-07-30,M009,115072.0
2025-07-30,M010,129146.0
2025-07-30,M011,143220.0
2025-07-30,M012,157294.0
2025-07-30,M013,171368.0
2025-07-30,M014,185442.0
2025-07-30,M015,121396.0
2025-07-30,M016,135470.0
2025-07-30,M017,149544.0
2025-07-30,M018,163618.0
2025-07-30,M019,177692.0
2025-07-30,M020,191766.0
2025-07-30,M021,205840.0
2025-07-30,M022,141794.0
2025-07-30,M023,155868.0
2025-07-30,M024,169942.0
2025-07-30,M025,184016.0
2025-07-30,M026,198090.0
2025-07-30,M027,212164.0
2025-07-30,M028,226238.0
2025-07-30,M029,162192.0
2025-07-30,M030,176266.0
2025-07-30,M031,190340.0
2025-07-30,M032,204414.0
2025-07-30,M033,218488.0
2025-07-30,M034,232562.0
2025-07-30,M035,246636.0
2025-07-30,M036,182590.0
2025-07-30,M037,196664.0
2025-07-30,M038,210738.0
2025-07-30,M039,224812.0
2025-07-30,M040,238886.0
2025-07-30,M041,252960.0
2025-07-30,M042,267034.0
2025-07-30,M043,202988.0
2025-07-30,M044,217062.0
2025-07-30,M045,231136.0
2025-07-30,M046,245210.0
2025-07-30,M047,259284.0
2025-07-30,M048,273358.0
2025-07-31,M001,80600.0
2025-07-31,M002,94674.0
2025-07-31,M003,108748.0
2025-07-31,M004,122822.0
2025-07-31,M005,136896.0
2025-07-31,M006,150970.0
2025-07-31,M007,165044.0
2025-07-31,M008,100998.0
2025-07-31,M009,115072.0
2025-07-31,M010,129146.0
2025-07-31,M011,143220.0
2025-07-31,M012,157294.0
2025-07-31,M013,171368.0
2025-07-31,M014,185442.0
2025-07-31,M015,121396.0
2025-07-31,M016,135470.0
2025-07-31,M017,149544.0
2025-07-31,M018,163618.0
2025-07-31,M019,177692.0
2025-07-31,M020,191766.0
2025-07-31,M021,205840.0
2025-07-31,M022,141794.0
2025-07-31,M023,155868.0
2025-07-31,M024,169942.0
2025-07-31,M025,184016.0
2025-07-31,M026,198090.0
2025-07-31,M027,212164.0
2025-07-31,M028,226238.0
2025-07-31,M029,162192.0
2025-07-31,M030,176266.0
2025-07-31,M031,190340.0
2025-07-31,M032,204414.0
2025-07-31,M033,218488.0
2025-07-31,M034,232562.0
2025-07-31,M035,246636.0
2025-07-31,M036,182590.0
2025-07-31,M037,196664.0
2025-07-31,M038,210738.0
2025-07-31,M039,224812.0
2025-07-31,M040,238886.0
2025-07-31,M041,252960.0
2025-07-31,M042,267034.0
2025-07-31,M043,202988.0
2025-07-31,M044,217062.0
2025-07-31,M045,231136.0
2025-07-31,M046,245210.0
2025-07-31,M047,259284.0
2025-07-31,M048,273358.0
2025-08-01,M001,80600.0
2025-08-01,M002,94674.0
2025-08-01,M003,108748.0
2025-08-01,M004,122822.0
2025-08-01,M005,136896.0
2025-08-01,M006,150970.0
2025-08-01,M007,165044.0
2025-08-01,M008,100998.0
2025-08-01,M009,115072.0
2025-08-01,M010,129146.0
2025-08-01,M011,143220.0
2025-08-01,M012,157294.0
2025-08-01,M013,171368.0
2025-08-01,M014,185442.0
2025-08-01,M015,121396.0
2025-08-01,M016,135470.0
2025-08-01,M017,149544.0
2025-08-01,M018,163618.0
2025-08-01,M019,177692.0
2025-08-01,M020,191766.0
2025-08-01,M021,205840.0
2025-08-01,M022,141794.0
2025-08-01,M023,155868.0
2025-08-01,M024,169942.0
2025-08-01,M025,184016.0
2025-08-01,M026,198090.0
2025-08-01,M027,212164.0
2025-08-01,M028,226238.0
2025-08-01,M029,162192.0
2025-08-01,M030,176266.0
2025-08-01,M031,190340.0
2025-08-01,M032,204414.0
2025-08-01,M033,218488.0
2025-08-01,M034,232562.0
2025-08-01,M035,246636.0
2025-08-01,M036,182590.0
2025-08-01,M037,196664.0
2025-08-01,M038,210738.0
2025-08-01,M039,224812.0
2025-08-01,M040,238886.0
2025-08-01,M041,252960.0
2025-08-01,M042,267034.0
2025-08-01,M043,202988.0
2025-08-01,M044,217062.0
2025-08-01,M045,231136.0
2025-08-01,M046,245210.0
2025-08-01,M047,259284.0
2025-08-01,M048,273358.0
2025-08-02,M001,80600.0
2025-08-02,M002,94674.0
2025-08-02,M003,108748.0
2025-08-02,M004,122822.0
2025-08-02,M005,136896.0
2025-08-02,M006,150970.0
2025-08-02,M007,165044.0
2025-08-02,M008,100998.0
2025-08-02,M009,115072.0
2025-08-02,M010,129146.0
2025-08-02,M011,143220.0
2025-08-02,M012,157294.0
2025-08-02,M013,171368.0
2025-08-02,M014,185442.0
2025-08-02,M015,121396.0
2025-08-02,M016,135470.0
2025-08-02,M017,149544.0
2025-08-02,M018,163618.0
2025-08-02,M019,177692.0
2025-08-02,M020,191766.0
2025-08-02,M021,205840.0
2025-08-02,M022,141794.0
2025-08-02,M023,155868.0
2025-08-02,M024,169942.0
2025-08-02,M025,184016.0
2025-08-02,M026,198090.0
2025-08-02,M027,212164.0
2025-08-02,M028,226238.0
2025-08-02,M029,162192.0
2025-08-02,M030,176266.0
2025-08-02,M031,190340.0
2025-08-02,M032,204414.0
2025-08-02,M033,218488.0
2025-08-02,M034,232562.0
2025-08-02,M035,246636.0
2025-08-02,M036,182590.0
2025-08-02,M037,196664.0
2025-08-02,M038,210738.0
2025-08-02,M039,224812.0
2025-08-02,M040,238886.0
2025-08-02,M041,252960.0
2025-08-02,M042,267034.0
2025-08-02,M043,202988.0
2025-08-02,M044,217062.0
2025-08-02,M045,231136.0
2025-08-02,M046,245210.0
2025-08-02,M047,259284.0
2025-08-02,M048,273358.0
2025-08-03,M001,80600.0
2025-08-03,M002,94674.0
2025-08-03,M003,108748.0
2025-08-03,M004,122822.0
2025-08-03,M005,136896.0
2025-08-03,M006,150970.0
2025-08-03,M007,165044.0
2025-08-03,M008,100998.0
2025-08-03,M009,115072.0
2025-08-03,M010,129146.0
2025-08-03,M011,143220.0
2025-08-03,M012,157294.0
2025-08-03,M013,171368.0
2025-08-03,M014,185442.0
2025-08-03,M015,121396.0
2025-08-03,M016,135470.0
2025-08-03,M017,149544.0
2025-08-03,M018,163618.0
2025-08-03,M019,177692.0
2025-08-03,M020,191766.0
2025-08-03,M021,205840.0
2025-08-03,M022,141794.0
2025-08-03,M023,155868.0
2025-08-03,M024,169942.0
2025-08-03,M025,184016.0
2025-08-03,M026,198090.0
2025-08-03,M027,212164.0
2025-08-03,M028,226238.0
2025-08-03,M029,162192.0
2025-08-03,M030,176266.0
2025-08-03,M031,190340.0
2025-08-03,M032,204414.0
2025-08-03,M033,218488.0
2025-08-03,M034,232562.0
2025-08-03,M035,246636.0
2025-08-03,M036,182590.0
2025-08-03,M037,196664.0
2025-08-03,M038,210738.0
2025-08-03,M039,224812.0
2025-08-03,M040,238886.0
2025-08-03,M041,252960.0
2025-08-03,M042,267034.0
2025-08-03,M043,202988.0
2025-08-03,M044,217062.0
2025-08-03,M045,231136.0
2025-08-03,M046,245210.0
2025-08-03,M047,259284.0
2025-08-03,M048,273358.0
2025-08-04,M001,80600.0
2025-08-04,M002,94674.0
2025-08-04,M003,108748.0
2025-08-04,M004,122822.0
2025-08-04,M005,136896.0
2025-08-04,M006,150970.0
2025-08-04,M007,165044.0
2025-08-04,M008,100998.0
2025-08-04,M009,115072.0
2025-08-04,M010,129146.0
2025-08-04,M011,143220.0
2025-08-04,M012,157294.0
2025-08-04,M013,171368.0
2025-08-04,M014,185442.0
2025-08-04,M015,121396.0
2025-08-04,M016,135470.0
2025-08-04,M017,149544.0
2025-08-04,M018,163618.0
2025-08-04,M019,177692.0
2025-08-04,M020,191766.0
2025-08-04,M021,205840.0
2025-08-04,M022,141794.0
2025-08-04,M023,155868.0
2025-08-04,M024,169942.0
2025-08-04,M025,184016.0
2025-08-04,M026,198090.0
2025-08-04,M027,212164.0
2025-08-04,M028,226238.0
2025-08-04,M029,162192.0
2025-08-04,M030,176266.0
2025-08-04,M031,190340.0
2025-08-04,M032,204414.0
2025-08-04,M033,218488.0
2025-08-04,M034,232562.0
2025-08-04,M035,246636.0
2025-08-04,M036,182590.0
2025-08-04,M037,196664.0
2025-08-04,M038,210738.0
2025-08-04,M039,224812.0
2025-08-04,M040,238886.0
2025-08-04,M041,252960.0
2025-08-04,M042,267034.0
2025-08-04,M043,202988.0
2025-08-04,M044,217062.0
2025-08-04,M045,231136.0
2025-08-04,M046,245210.0
2025-08-04,M047,259284.0
2025-08-04,M048,273358.0
2025-08-05,M001,80600.0
2025-08-05,M002,94674.0
2025-08-05,M003,108748.0
2025-08-05,M004,122822.0
2025-08-05,M005,136896.0
2025-08-05,M006,150970.0
2025-08-05,M007,165044.0
2025-08-05,M008,100998.0
2025-08-05,M009,115072.0
2025-08-05,M010,129146.0
2025-08-05,M011,143220.0
2025-08-05,M012,157294.0
2025-08-05,M013,171368.0
2025-08-05,M014,185442.0
2025-08-05,M015,121396.0
2025-08-05,M016,135470.0
2025-08-05,M017,149544.0
2025-08-05,M018,163618.0
2025-08-05,M019,177692.0
2025-08-05,M020,191766.0
2025-08-05,M021,205840.0
2025-08-05,M022,141794.0
2025-08-05,M023,155868.0
2025-08-05,M024,169942.0
2025-08-05,M025,184016.0
2025-08-05,M026,198090.0
2025-08-05,M027,212164.0
2025-08-05,M028,226238.0
2025-08-05,M029,162192.0
2025-08-05,M030,176266.0
2025-08-05,M031,190340.0
2025-08-05,M032,204414.0
2025-08-05,M033,218488.0
2025-08-05,M034,232562.0
2025-08-05,M035,246636.0
2025-08-05,M036,182590.0
2025-08-05,M037,196664.0
2025-08-05,M038,210738.0
2025-08-05,M039,224812.0
2025-08-05,M040,238886.0
2025-08-05,M041,252960.0
2025-08-05,M042,267034.0
2025-08-05,M043,202988.0
2025-08-05,M044,217062.0
2025-08-05,M045,231136.0
2025-08-05,M046,245210.0
2025-08-05,M047,259284.0
2025-08-05,M048,273358.0
2025-08-06,M001,80600.0
2025-08-06,M002,94674.0
2025-08-06,M003,108748.0
2025-08-06,M004,122822.0
2025-08-06,M005,136896.0
2025-08-06,M006,150970.0
2025-08-06,M007,165044.0
2025-08-06,M008,100998.0
2025-08-06,M009,115072.0
2025-08-06,M010,129146.0
2025-08-06,M011,143220.0
2025-08-06,M012,157294.0
2025-08-06,M013,171368.0
2025-08-06,M014,185442.0
2025-08-06,M015,121396.0
2025-08-06,M016,135470.0
2025-08-06,M017,149544.0
2025-08-06,M018,163618.0
2025-08-06,M019,177692.0
2025-08-06,M020,191766.0
2025-08-06,M021,205840.0
2025-08-06,M022,141794.0
2025-08-06,M023,155868.0
2025-08-06,M024,169942.0
2025-08-06,M025,184016.0
2025-08-06,M026,198090.0
2025-08-06,M027,212164.0
2025-08-06,M028,226238.0
2025-08-06,M029,162192.0
2025-08-06,M030,176266.0
2025-08-06,M031,190340.0
2025-08-06,M032,204414.0
2025-08-06,M033,218488.0
2025-08-06,M034,232562.0
2025-08-06,M035,246636.0
2025-08-06,M036,182590.0
2025-08-06,M037,196664.0
2025-08-06,M038,210738.0
2025-08-06,M039,224812.0
2025-08-06,M040,238886.0
2025-08-06,M041,252960.0
2025-08-06,M042,267034.0
2025-08-06,M043,202988.0
2025-08-06,M044,217062.0
2025-08-06,M045,231136.0
2025-08-06,M046,245210.0
2025-08-06,M047,259284.0
2025-08-06,M048,273358.0
2025-08-07,M001,80600.0
2025-08-07,M002,94674.0
2025-08-07,M003,108748.0
2025-08-07,M004,122822.0
2025-08-07,M005,136896.0
2025-08-07,M006,150970.0
2025-08-07,M007,165044.0
2025-08-07,M008,100998.0
2025-08-07,M009,115072.0
2025-08-07,M010,129146.0
2025-08-07,M011,143220.0
2025-08-07,M012,157294.0
2025-08-07,M013,171368.0
2025-08-07,M014,185442.0
2025-08-07,M015,121396.0
2025-08-07,M016,135470.0
2025-08-07,M017,149544.0
2025-08-07,M018,163618.0
2025-08-07,M019,177692.0
2025-08-07,M020,191766.0
2025-08-07,M021,205840.0
2025-08-07,M022,141794.0
2025-08-07,M023,155868.0
2025-08-07,M024,169942.0
2025-08-07,M025,184016.0
2025-08-07,M026,198090.0
2025-08-07,M027,212164.0
2025-08-07,M028,226238.0
2025-08-07,M029,162192.0
2025-08-07,M030,176266.0
2025-08-07,M031,190340.0
2025-08-07,M032,204414.0
2025-08-07,M033,218488.0
2025-08-07,M034,232562.0
2025-08-07,M035,246636.0
2025-08-07,M036,182590.0
2025-08-07,M037,196664.0
2025-08-07,M038,210738.0
2025-08-07,M039,224812.0
2025-08-07,M040,238886.0
2025-08-07,M041,252960.0
2025-08-07,M042,267034.0
2025-08-07,M043,202988.0
2025-08-07,M044,217062.0
2025-08-07,M045,231136.0
2025-08-07,M046,245210.0
2025-08-07,M047,259284.0
2025-08-07,M048,273358.0
2025-08-08,M001,80600.0
2025-08-08,M002,94674.0
2025-08-08,M003,108748.0
2025-08-08,M004,122822.0
2025-08-08,M005,136896.0
2025-08-08,M006,150970.0
2025-08-08,M007,165044.0
2025-08-08,M008,100998.0
2025-08-08,M009,115072.0
2025-08-08,M010,129146.0
2025-08-08,M011,143220.0
2025-08-08,M012,157294.0
2025-08-08,M013,171368.0
2025-08-08,M014,185442.0
2025-08-08,M015,121396.0
2025-08-08,M016,135470.0
2025-08-08,M017,149544.0
2025-08-08,M018,163618.0
2025-08-08,M019,177692.0
2025-08-08,M020,191766.0
2025-08-08,M021,205840.0
2025-08-08,M022,141794.0
2025-08-08,M023,155868.0
2025-08-08,M024,169942.0
2025-08-08,M025,184016.0
2025-08-08,M026,198090.0
2025-08-08,M027,212164.0
2025-08-08,M028,226238.0
2025-08-08,M029,162192.0
2025-08-08,M030,176266.0
2025-08-08,M031,190340.0
2025-08-08,M032,204414.0
2025-08-08,M033,218488.0
2025-08-08,M034,232562.0
2025-08-08,M035,246636.0
2025-08-08,M036,182590.0
2025-08-08,M037,196664.0
2025-08-08,M038,210738.0
2025-08-08,M039,224812.0
2025-08-08,M040,238886.0
2025-08-08,M041,252960.0
2025-08-08,M042,267034.0
2025-08-08,M043,202988.0
2025-08-08,M044,217062.0
2025-08-08,M045,231136.0
2025-08-08,M046,245210.0
2025-08-08,M047,259284.0
2025-08-08,M048,273358.0
2025-08-09,M001,80600.0
2025-08-09,M002,94674.0
2025-08-09,M003,108748.0
2025-08-09,M004,122822.0
2025-08-09,M005,136896.0
2025-08-09,M006,150970.0
2025-08-09,M007,165044.0
2025-08-09,M008,100998.0
2025-08-09,M009,115072.0
2025-08-09,M010,129146.0
2025-08-09,M011,143220.0
2025-08-09,M012,157294.0
2025-08-09,M013,171368.0
2025-08-09,M014,185442.0
2025-08-09,M015,121396.0
2025-08-09,M016,135470.0
2025-08-09,M017,149544.0
2025-08-09,M018,163618.0
2025-08-09,M019,177692.0
2025-08-09,M020,191766.0
2025-08-09,M021,205840.0
2025-08-09,M022,141794.0
2025-08-09,M023,155868.0
2025-08-09,M024,169942.0
2025-08-09,M025,184016.0
2025-08-09,M026,198090.0
2025-08-09,M027,212164.0
2025-08-09,M028,226238.0
2025-08-09,M029,162192.0
2025-08-09,M030,176266.0
2025-08-09,M031,190340.0
2025-08-09,M032,204414.0
2025-08-09,M033,218488.0
2025-08-09,M034,232562.0
2025-08-09,M035,246636.0
2025-08-09,M036,182590.0
2025-08-09,M037,196664.0
2025-08-09,M038,210738.0
2025-08-09,M039,224812.0
2025-08-09,M040,238886.0
2025-08-09,M041,252960.0
2025-08-09,M042,267034.0
2025-08-09,M043,202988.0
2025-08-09,M044,217062.0
2025-08-09,M045,231136.0
2025-08-09,M046,245210.0
2025-08-09,M047,259284.0
2025-08-09,M048,273358.0
2025-08-10,M001,80600.0
2025-08-10,M002,94674.0
2025-08-10,M003,108748.0
2025-08-10,M004,122822.0
2025-08-10,M005,136896.0
2025-08-10,M006,150970.0
2025-08-10,M007,165044.0
2025-08-10,M008,100998.0
2025-08-10,M009,115072.0
2025-08-10,M010,129146.0
2025-08-10,M011,143220.0
2025-08-10,M012,157294.0
2025-08-10,M013,171368.0
2025-08-10,M014,185442.0
2025-08-10,M015,121396.0
2025-08-10,M016,135470.0
2025-08-10,M017,149544.0
2025-08-10,M018,163618.0
2025-08-10,M019,177692.0
2025-08-10,M020,191766.0
2025-08-10,M021,205840.0
2025-08-10,M022,141794.0
2025-08-10,M023,155868.0
2025-08-10,M024,169942.0
2025-08-10,M025,184016.0
2025-08-10,M026,198090.0
2025-08-10,M027,212164.0
2025-08-10,M028,226238.0
2025-08-10,M029,162192.0
2025-08-10,M030,176266.0
2025-08-10,M031,190340.0
2025-08-10,M032,204414.0
2025-08-10,M033,218488.0
2025-08-10,M034,232562.0
2025-08-10,M035,246636.0
2025-08-10,M036,182590.0
2025-08-10,M037,196664.0
2025-08-10,M038,210738.0
2025-08-10,M039,224812.0
2025-08-10,M040,238886.0
2025-08-10,M041,252960.0
2025-08-10,M042,267034.0
2025-08-10,M043,202988.0
2025-08-10,M044,217062.0
2025-08-10,M045,231136.0
2025-08-10,M046,245210.0
2025-08-10,M047,259284.0
2025-08-10,M048,273358.0
2025-08-11,M001,80600.0
2025-08-11,M002,94674.0
2025-08-11,M003,108748.0
2025-08-11,M004,122822.0
2025-08-11,M005,136896.0
2025-08-11,M006,150970.0
2025-08-11,M007,165044.0
2025-08-11,M008,100998.0
2025-08-11,M009,115072.0
2025-08-11,M010,129146.0
2025-08-11,M011,143220.0
2025-08-11,M012,157294.0
2025-08-11,M013,171368.0
2025-08-11,M014,185442.0
2025-08-11,M015,121396.0
2025-08-11,M016,135470.0
2025-08-11,M017,149544.0
2025-08-11,M018,163618.0
2025-08-11,M019,177692.0
2025-08-11,M020,191766.0
2025-08-11,M021,205840.0
2025-08-11,M022,141794.0
2025-08-11,M023,155868.0
2025-08-11,M024,169942.0
2025-08-11,M025,184016.0
2025-08-11,M026,198090.0
2025-08-11,M027,212164.0
2025-08-11,M028,226238.0
2025-08-11,M029,162192.0
2025-08-11,M030,176266.0
2025-08-11,M031,190340.0
2025-08-11,M032,204414.0
2025-08-11,M033,218488.0
2025-08-11,M034,232562.0
2025-08-11,M035,246636.0
2025-08-11,M036,182590.0
2025-08-11,M037,196664.0
2025-08-11,M038,210738.0
2025-08-11,M039,224812.0
2025-08-11,M040,238886.0
2025-08-11,M041,252960.0
2025-08-11,M042,267034.0
2025-08-11,M043,202988.0
2025-08-11,M044,217062.0
2025-08-11,M045,231136.0
2025-08-11,M046,245210.0
2025-08-11,M047,259284.0
2025-08-11,M048,273358.0
2025-08-12,M001,80600.0
2025-08-12,M002,94674.0
2025-08-12,M003,108748.0
2025-08-12,M004,122822.0
2025-08-12,M005,136896.0
2025-08-12,M006,150970.0
2025-08-12,M007,165044.0
2025-08-12,M008,100998.0
2025-08-12,M009,115072.0
2025-08-12,M010,129146.0
2025-08-12,M011,143220.0
2025-08-12,M012,157294.0
2025-08-12,M013,171368.0
2025-08-12,M014,185442.0
2025-08-12,M015,121396.0
2025-08-12,M016,135470.0
2025-08-12,M017,149544.0
2025-08-12,M018,163618.0
2025-08-12,M019,177692.0
2025-08-12,M020,191766.0
2025-08-12,M021,205840.0
2025-08-12,M022,141794.0
2025-08-12,M023,155868.0
2025-08-12,M024,169942.0
2025-08-12,M025,184016.0
2025-08-12,M026,198090.0
2025-08-12,M027,212164.0
2025-08-12,M028,226238.0
2025-08-12,M029,162192.0
2025-08-12,M030,176266.0
2025-08-12,M031,190340.0
2025-08-12,M032,204414.0
2025-08-12,M033,218488.0
2025-08-12,M034,232562.0
2025-08-12,M035,246636.0
2025-08-12,M036,182590.0
2025-08-12,M037,196664.0
2025-08-12,M038,210738.0
2025-08-12,M039,224812.0
2025-08-12,M040,238886.0
2025-08-12,M041,252960.0
2025-08-12,M042,267034.0
2025-08-12,M043,202988.0
2025-08-12,M044,217062.0
2025-08-12,M045,231136.0
2025-08-12,M046,245210.0
2025-08-12,M047,259284.0
2025-08-12,M048,273358.0
2025-08-13,M001,80600.0
2025-08-13,M002,94674.0
2025-08-13,M003,108748.0
2025-08-13,M004,122822.0
2025-08-13,M005,136896.0
2025-08-13,M006,150970.0
2025-08-13,M007,165044.0
2025-08-13,M008,100998.0
2025-08-13,M009,115072.0
2025-08-13,M010,129146.0
2025-08-13,M011,143220.0
2025-08-13,M012,157294.0
2025-08-13,M013,171368.0
2025-08-13,M014,185442.0
2025-08-13,M015,121396.0
2025-08-13,M016,135470.0
2025-08-13,M017,149544.0
2025-08-13,M018,163618.0
2025-08-13,M019,177692.0
2025-08-13,M020,191766.0
2025-08-13,M021,205840.0
2025-08-13,M022,141794.0
2025-08-13,M023,155868.0
2025-08-13,M024,169942.0
2025-08-13,M025,184016.0
2025-08-13,M026,198090.0
2025-08-13,M027,212164.0
2025-08-13,M028,226238.0
2025-08-13,M029,162192.0
2025-08-13,M030,176266.0
2025-08-13,M031,190340.0
2025-08-13,M032,204414.0
2025-08-13,M033,218488.0
2025-08-13,M034,232562.0
2025-08-13,M035,246636.0
2025-08-13,M036,182590.0
2025-08-13,M037,196664.0
2025-08-13,M038,210738.0
2025-08-13,M039,224812.0
2025-08-13,M040,238886.0
2025-08-13,M041,252960.0
2025-08-13,M042,267034.0
2025-08-13,M043,202988.0
2025-08-13,M044,217062.0
2025-08-13,M045,231136.0
2025-08-13,M046,245210.0
2025-08-13,M047,259284.0
2025-08-13,M048,273358.0
2025-08-14,M001,80600.0
2025-08-14,M002,94674.0
2025-08-14,M003,108748.0
2025-08-14,M004,122822.0
2025-08-14,M005,136896.0
2025-08-14,M006,150970.0
2025-08-14,M007,165044.0
2025-08-14,M008,100998.0
2025-08-14,M009,115072.0
2025-08-14,M010,129146.0
2025-08-14,M011,143220.0
2025-08-14,M012,157294.0
2025-08-14,M013,171368.0
2025-08-14,M014,185442.0
2025-08-14,M015,121396.0
2025-08-14,M016,135470.0
2025-08-14,M017,149544.0
2025-08-14,M018,163618.0
2025-08-14,M019,177692.0
2025-08-14,M020,191766.0
2025-08-14,M021,205840.0
2025-08-14,M022,141794.0
2025-08-14,M023,155868.0
2025-08-14,M024,169942.0
2025-08-14,M025,184016.0
2025-08-14,M026,198090.0
2025-08-14,M027,212164.0
2025-08-14,M028,226238.0
2025-08-14,M029,162192.0
2025-08-14,M030,176266.0
2025-08-14,M031,190340.0
2025-08-14,M032,204414.0
2025-08-14,M033,218488.0
2025-08-14,M034,232562.0
2025-08-14,M035,246636.0
2025-08-14,M036,182590.0
2025-08-14,M037,196664.0
2025-08-14,M038,210738.0
2025-08-14,M039,224812.0
2025-08-14,M040,238886.0
2025-08-14,M041,252960.0
2025-08-14,M042,267034.0
2025-08-14,M043,202988.0
2025-08-14,M044,217062.0
2025-08-14,M045,231136.0
2025-08-14,M046,245210.0
2025-08-14,M047,259284.0
2025-08-14,M048,273358.0
2025-08-15,M001,80600.0
2025-08-15,M002,94674.0
2025-08-15,M003,108748.0
2025-08-15,M004,122822.0
2025-08-15,M005,136896.0
2025-08-15,M006,150970.0
2025-08-15,M007,165044.0
2025-08-15,M008,100998.0
2025-08-15,M009,115072.0
2025-08-15,M010,129146.0
2025-08-15,M011,143220.0
2025-08-15,M012,157294.0
2025-08-15,M013,171368.0
2025-08-15,M014,185442.0
2025-08-15,M015,121396.0
2025-08-15,M016,135470.0
2025-08-15,M017,149544.0
2025-08-15,M018,163618.0
2025-08-15,M019,177692.0
2025-08-15,M020,191766.0
2025-08-15,M021,205840.0
2025-08-15,M022,141794.0
2025-08-15,M023,155868.0
2025-08-15,M024,169942.0
2025-08-15,M025,184016.0
2025-08-15,M026,198090.0
2025-08-15,M027,212164.0
2025-08-15,M028,226238.0
2025-08-15,M029,162192.0
2025-08-15,M030,176266.0
2025-08-15,M031,190340.0
2025-08-15,M032,204414.0
2025-08-15,M033,218488.0
2025-08-15,M034,232562.0
2025-08-15,M035,246636.0
2025-08-15,M036,182590.0
2025-08-15,M037,196664.0
2025-08-15,M038,210738.0
2025-08-15,M039,224812.0
2025-08-15,M040,238886.0
2025-08-15,M041,252960.0
2025-08-15,M042,267034.0
2025-08-15,M043,202988.0
2025-08-15,M044,217062.0
2025-08-15,M045,231136.0
2025-08-15,M046,245210.0
2025-08-15,M047,259284.0
2025-08-15,M048,273358.0
2025-08-16,M001,80600.0
2025-08-16,M002,94674.0
2025-08-16,M003,108748.0
2025-08-16,M004,122822.0
2025-08-16,M005,136896.0
2025-08-16,M006,150970.0
2025-08-16,M007,165044.0
2025-08-16,M008,100998.0
2025-08-16,M009,115072.0
2025-08-16,M010,129146.0
2025-08-16,M011,143220.0
2025-08-16,M012,157294.0
2025-08-16,M013,171368.0
2025-08-16,M014,185442.0
2025-08-16,M015,121396.0
2025-08-16,M016,135470.0
2025-08-16,M017,149544.0
2025-08-16,M018,163618.0
2025-08-16,M019,177692.0
2025-08-16,M020,191766.0
2025-08-16,M021,205840.0
2025-08-16,M022,141794.0
2025-08-16,M023,155868.0
2025-08-16,M024,169942.0
2025-08-16,M025,184016.0
2025-08-16,M026,198090.0
2025-08-16,M027,212164.0
2025-08-16,M028,226238.0
2025-08-16,M029,162192.0
2025-08-16,M030,176266.0
2025-08-16,M031,190340.0
2025-08-16,M032,204414.0
2025-08-16,M033,218488.0
2025-08-16,M034,232562.0
2025-08-16,M035,246636.0
2025-08-16,M036,182590.0
2025-08-16,M037,196664.0
2025-08-16,M038,210738.0
2025-08-16,M039,224812.0
2025-08-16,M040,238886.0
2025-08-16,M041,252960.0
2025-08-16,M042,267034.0
2025-08-16,M043,202988.0
2025-08-16,M044,217062.0
2025-08-16,M045,231136.0
2025-08-16,M046,245210.0
2025-08-16,M047,259284.0
2025-08-16,M048,273358.0
2025-08-17,M001,80600.0
2025-08-17,M002,94674.0
2025-08-17,M003,108748.0
2025-08-17,M004,122822.0
2025-08-17,M005,136896.0
2025-08-17,M006,150970.0
2025-08-17,M007,165044.0
2025-08-17,M008,100998.0
2025-08-17,M009,115072.0
2025-08-17,M010,129146.0
2025-08-17,M011,143220.0
2025-08-17,M012,157294.0
2025-08-17,M013,171368.0
2025-08-17,M014,185442.0
2025-08-17,M015,121396.0
2025-08-17,M016,135470.0
2025-08-17,M017,149544.0
2025-08-17,M018,163618.0
2025-08-17,M019,177692.0
2025-08-17,M020,191766.0
2025-08-17,M021,205840.0
2025-08-17,M022,141794.0
2025-08-17,M023,155868.0
2025-08-17,M024,169942.0
2025-08-17,M025,184016.0
2025-08-17,M026,198090.0
2025-08-17,M027,212164.0
2025-08-17,M028,226238.0
2025-08-17,M029,162192.0
2025-08-17,M030,176266.0
2025-08-17,M031,190340.0
2025-08-17,M032,204414.0
2025-08-17,M033,218488.0
2025-08-17,M034,232562.0
2025-08-17,M035,246636.0
2025-08-17,M036,182590.0
2025-08-17,M037,196664.0
2025-08-17,M038,210738.0
2025-08-17,M039,224812.0
2025-08-17,M040,238886.0
2025-08-17,M041,252960.0
2025-08-17,M042,267034.0
2025-08-17,M043,202988.0
2025-08-17,M044,217062.0
2025-08-17,M045,231136.0
2025-08-17,M046,245210.0
2025-08-17,M047,259284.0
2025-08-17,M048,273358.0
2025-08-18,M001,80600.0
2025-08-18,M002,94674.0
2025-08-18,M003,108748.0
2025-08-18,M004,122822.0
2025-08-18,M005,136896.0
2025-08-18,M006,150970.0
2025-08-18,M007,165044.0
2025-08-18,M008,100998.0
2025-08-18,M009,115072.0
2025-08-18,M010,129146.0
2025-08-18,M011,143220.0
2025-08-18,M012,157294.0
2025-08-18,M013,171368.0
2025-08-18,M014,185442.0
2025-08-18,M015,121396.0
2025-08-18,M016,135470.0
2025-08-18,M017,149544.0
2025-08-18,M018,163618.0
2025-08-18,M019,177692.0
2025-08-18,M020,191766.0
2025-08-18,M021,205840.0
2025-08-18,M022,141794.0
2025-08-18,M023,155868.0
2025-08-18,M024,169942.0
2025-08-18,M025,184016.0
2025-08-18,M026,198090.0
2025-08-18,M027,212164.0
2025-08-18,M028,226238.0
2025-08-18,M029,162192.0
2025-08-18,M030,176266.0
2025-08-18,M031,190340.0
2025-08-18,M032,204414.0
2025-08-18,M033,218488.0
2025-08-18,M034,232562.0
2025-08-18,M035,246636.0
2025-08-18,M036,182590.0
2025-08-18,M037,196664.0
2025-08-18,M038,210738.0
2025-08-18,M039,224812.0
2025-08-18,M040,238886.0
2025-08-18,M041,252960.0
2025-08-18,M042,267034.0
2025-08-18,M043,202988.0
2025-08-18,M044,217062.0
2025-08-18,M045,231136.0
2025-08-18,M046,245210.0
2025-08-18,M047,259284.0
2025-08-18,M048,273358.0
2025-08-19,M001,80600.0
2025-08-19,M002,94674.0
2025-08-19,M003,108748.0
2025-08-19,M004,122822.0
2025-08-19,M005,136896.0
2025-08-19,M006,150970.0
2025-08-19,M007,165044.0
2025-08-19,M008,100998.0
2025-08-19,M009,115072.0
2025-08-19,M010,129146.0
2025-08-19,M011,143220.0
2025-08-19,M012,157294.0
2025-08-19,M013,171368.0
2025-08-19,M014,185442.0
2025-08-19,M015,121396.0
2025-08-19,M016,135470.0
2025-08-19,M017,149544.0
2025-08-19,M018,163618.0
2025-08-19,M019,177692.0
2025-08-19,M020,191766.0
2025-08-19,M021,205840.0
2025-08-19,M022,141794.0
2025-08-19,M023,155868.0
2025-08-19,M024,169942.0
2025-08-19,M025,184016.0
2025-08-19,M026,198090.0
2025-08-19,M027,212164.0
2025-08-19,M028,226238.0
2025-08-19,M029,162192.0
2025-08-19,M030,176266.0
2025-08-19,M031,190340.0
2025-08-19,M032,204414.0
2025-08-19,M033,218488.0
2025-08-19,M034,232562.0
2025-08-19,M035,246636.0
2025-08-19,M036,182590.0
2025-08-19,M037,196664.0
2025-08-19,M038,210738.0
2025-08-19,M039,224812.0
2025-08-19,M040,238886.0
2025-08-19,M041,252960.0
2025-08-19,M042,267034.0
2025-08-19,M043,202988.0
2025-08-19,M044,217062.0
2025-08-19,M045,231136.0
2025-08-19,M046,245210.0
2025-08-19,M047,259284.0
2025-08-19,M048,273358.0
2025-08-20,M001,80600.0
2025-08-20,M002,94674.0
2025-08-20,M003,108748.0
2025-08-20,M004,122822.0
2025-08-20,M005,136896.0
2025-08-20,M006,150970.0
2025-08-20,M007,165044.0
2025-08-20,M008,100998.0
2025-08-20,M009,115072.0
2025-08-20,M010,129146.0
2025-08-20,M011,143220.0
2025-08-20,M012,157294.0
2025-08-20,M013,171368.0
2025-08-20,M014,185442.0
2025-08-20,M015,121396.0
2025-08-20,M016,135470.0
2025-08-20,M017,149544.0
2025-08-20,M018,163618.0
2025-08-20,M019,177692.0
2025-08-20,M020,191766.0
2025-08-20,M021,205840.0
2025-08-20,M022,141794.0
2025-08-20,M023,155868.0
2025-08-20,M024,169942.0
2025-08-20,M025,184016.0
2025-08-20,M026,198090.0
2025-08-20,M027,212164.0
2025-08-20,M028,226238.0
2025-08-20,M029,162192.0
2025-08-20,M030,176266.0
2025-08-20,M031,190340.0
2025-08-20,M032,204414.0
2025-08-20,M033,218488.0
2025-08-20,M034,232562.0
2025-08-20,M035,246636.0
2025-08-20,M036,182590.0
2025-08-20,M037,196664.0
2025-08-20,M038,210738.0
2025-08-20,M039,224812.0
2025-08-20,M040,238886.0
2025-08-20,M041,252960.0
2025-08-20,M042,267034.0
2025-08-20,M043,202988.0
2025-08-20,M044,217062.0
2025-08-20,M045,231136.0
2025-08-20,M046,245210.0
2025-08-20,M047,259284.0
2025-08-20,M048,273358.0
2025-08-21,M001,80600.0
2025-08-21,M002,94674.0
2025-08-21,M003,108748.0
2025-08-21,M004,122822.0
2025-08-21,M005,136896.0
2025-08-21,M006,150970.0
2025-08-21,M007,165044.0
2025-08-21,M008,100998.0
2025-08-21,M009,115072.0
2025-08-21,M010,129146.0
2025-08-21,M011,143220.0
2025-08-21,M012,157294.0
2025-08-21,M013,171368.0
2025-08-21,M014,185442.0
2025-08-21,M015,121396.0
2025-08-21,M016,135470.0
2025-08-21,M017,149544.0
2025-08-21,M018,163618.0
2025-08-21,M019,177692.0
2025-08-21,M020,191766.0
2025-08-21,M021,205840.0
2025-08-21,M022,141794.0
2025-08-21,M023,155868.0
2025-08-21,M024,169942.0
2025-08-21,M025,184016.0
2025-08-21,M026,198090.0
2025-08-21,M027,212164.0
2025-08-21,M028,226238.0
2025-08-21,M029,162192.0
2025-08-21,M030,176266.0
2025-08-21,M031,190340.0
2025-08-21,M032,204414.0
2025-08-21,M033,218488.0
2025-08-21,M034,232562.0
2025-08-21,M035,246636.0
2025-08-21,M036,182590.0
2025-08-21,M037,196664.0
2025-08-21,M038,210738.0
2025-08-21,M039,224812.0
2025-08-21,M040,238886.0
2025-08-21,M041,252960.0
2025-08-21,M042,267034.0
2025-08-21,M043,202988.0
2025-08-21,M044,217062.0
2025-08-21,M045,231136.0
2025-08-21,M046,245210.0
2025-08-21,M047,259284.0
2025-08-21,M048,273358.0
2025-08-22,M001,80600.0
2025-08-22,M002,94674.0
2025-08-22,M003,108748.0
2025-08-22,M004,122822.0
2025-08-22,M005,136896.0
2025-08-22,M006,150970.0
2025-08-22,M007,165044.0
2025-08-22,M008,100998.0
2025-08-22,M009,115072.0
2025-08-22,M010,129146.0
2025-08-22,M011,143220.0
2025-08-22,M012,157294.0
2025-08-22,M013,171368.0
2025-08-22,M014,185442.0
2025-08-22,M015,121396.0
2025-08-22,M016,135470.0
2025-08-22,M017,149544.0
2025-08-22,M018,163618.0
2025-08-22,M019,177692.0
2025-08-22,M020,191766.0
2025-08-22,M021,205840.0
2025-08-22,M022,141794.0
2025-08-22,M023,155868.0
2025-08-22,M024,169942.0
2025-08-22,M025,184016.0
2025-08-22,M026,198090.0
2025-08-22,M027,212164.0
2025-08-22,M028,226238.0
2025-08-22,M029,162192.0
2025-08-22,M030,176266.0
2025-08-22,M031,190340.0
2025-08-22,M032,204414.0
2025-08-22,M033,218488.0
2025-08-22,M034,232562.0
2025-08-22,M035,246636.0
2025-08-22,M036,182590.0
2025-08-22,M037,196664.0
2025-08-22,M038,210738.0
2025-08-22,M039,224812.0
2025-08-22,M040,238886.0
2025-08-22,M041,252960.0
2025-08-22,M042,267034.0
2025-08-22,M043,202988.0
2025-08-22,M044,217062.0
2025-08-22,M045,231136.0
2025-08-22,M046,245210.0
2025-08-22,M047,259284.0
2025-08-22,M048,273358.0
2025-08-23,M001,80600.0
2025-08-23,M002,94674.0
2025-08-23,M003,108748.0
2025-08-23,M004,122822.0
2025-08-23,M005,136896.0
2025-08-23,M006,150970.0
2025-08-23,M007,165044.0
2025-08-23,M008,100998.0
2025-08-23,M009,115072.0
2025-08-23,M010,129146.0
2025-08-23,M011,143220.0
2025-08-23,M012,157294.0
2025-08-23,M013,171368.0
2025-08-23,M014,185442.0
2025-08-23,M015,121396.0
2025-08-23,M016,135470.0
2025-08-23,M017,149544.0
2025-08-23,M018,163618.0
2025-08-23,M019,177692.0
2025-08-23,M020,191766.0
2025-08-23,M021,205840.0
2025-08-23,M022,141794.0
2025-08-23,M023,155868.0
2025-08-23,M024,169942.0
2025-08-23,M025,184016.0
2025-08-23,M026,198090.0
2025-08-23,M027,212164.0
2025-08-23,M028,226238.0
2025-08-23,M029,162192.0
2025-08-23,M030,176266.0
2025-08-23,M031,190340.0
2025-08-23,M032,204414.0
2025-08-23,M033,218488.0
2025-08-23,M034,232562.0
2025-08-23,M035,246636.0
2025-08-23,M036,182590.0
2025-08-23,M037,196664.0
2025-08-23,M038,210738.0
2025-08-23,M039,224812.0
2025-08-23,M040,238886.0
2025-08-23,M041,252960.0
2025-08-23,M042,267034.0
2025-08-23,M043,202988.0
2025-08-23,M044,217062.0
2025-08-23,M045,231136.0
2025-08-23,M046,245210.0
2025-08-23,M047,259284.0
2025-08-23,M048,273358.0
2025-08-24,M001,80600.0
2025-08-24,M002,94674.0
2025-08-24,M003,108748.0
2025-08-24,M004,122822.0
2025-08-24,M005,136896.0
2025-08-24,M006,150970.0
2025-08-24,M007,165044.0
2025-08-24,M008,100998.0
2025-08-24,M009,115072.0
2025-08-24,M010,129146.0
2025-08-24,M011,143220.0
2025-08-24,M012,157294.0
2025-08-24,M013,171368.0
2025-08-24,M014,185442.0
2025-08-24,M015,121396.0
2025-08-24,M016,135470.0
2025-08-24,M017,149544.0
2025-08-24,M018,163618.0
2025-08-24,M019,177692.0
2025-08-24,M020,191766.0
2025-08-24,M021,205840.0
2025-08-24,M022,141794.0
2025-08-24,M023,155868.0
2025-08-24,M024,169942.0
2025-08-24,M025,184016.0
2025-08-24,M026,198090.0
2025-08-24,M027,212164.0
2025-08-24,M028,226238.0
2025-08-24,M029,162192.0
2025-08-24,M030,176266.0
2025-08-24,M031,190340.0
2025-08-24,M032,204414.0
2025-08-24,M033,218488.0
2025-08-24,M034,232562.0
2025-08-24,M035,246636.0
2025-08-24,M036,182590.0
2025-08-24,M037,196664.0
2025-08-24,M038,210738.0
2025-08-24,M039,224812.0
2025-08-24,M040,238886.0
2025-08-24,M041,252960.0
2025-08-24,M042,267034.0
2025-08-24,M043,202988.0
2025-08-24,M044,217062.0
2025-08-24,M045,231136.0
2025-08-24,M046,245210.0
2025-08-24,M047,259284.0
2025-08-24,M048,273358.0
2025-08-25,M001,80600.0
2025-08-25,M002,94674.0
2025-08-25,M003,108748.0
2025-08-25,M004,122822.0
2025-08-25,M005,136896.0
2025-08-25,M006,150970.0
2025-08-25,M007,165044.0
2025-08-25,M008,100998.0
2025-08-25,M009,115072.0
2025-08-25,M010,129146.0
2025-08-25,M011,143220.0
2025-08-25,M012,157294.0
2025-08-25,M013,171368.0
2025-08-25,M014,185442.0
2025-08-25,M015,121396.0
2025-08-25,M016,135470.0
2025-08-25,M017,149544.0
2025-08-25,M018,163618.0
2025-08-25,M019,177692.0
2025-08-25,M020,191766.0
2025-08-25,M021,205840.0
2025-08-25,M022,141794.0
2025-08-25,M023,155868.0
2025-08-25,M024,169942.0
2025-08-25,M025,184016.0
2025-08-25,M026,198090.0
2025-08-25,M027,212164.0
2025-08-25,M028,226238.0
2025-08-25,M029,162192.0
2025-08-25,M030,176266.0
2025-08-25,M031,190340.0
2025-08-25,M032,204414.0
2025-08-25,M033,218488.0
2025-08-25,M034,232562.0
2025-08-25,M035,246636.0
2025-08-25,M036,182590.0
2025-08-25,M037,196664.0
2025-08-25,M038,210738.0
2025-08-25,M039,224812.0
2025-08-25,M040,238886.0
2025-08-25,M041,252960.0
2025-08-25,M042,267034.0
2025-08-25,M043,202988.0
2025-08-25,M044,217062.0
2025-08-25,M045,231136.0
2025-08-25,M046,245210.0
2025-08-25,M047,259284.0
2025-08-25,M048,273358.0
2025-08-26,M001,80600.0
2025-08-26,M002,94674.0
2025-08-26,M003,108748.0
2025-08-26,M004,122822.0
2025-08-26,M005,136896.0
2025-08-26,M006,150970.0
2025-08-26,M007,165044.0
2025-08-26,M008,100998.0
2025-08-26,M009,115072.0
2025-08-26,M010,129146.0
2025-08-26,M011,143220.0
2025-08-26,M012,157294.0
2025-08-26,M013,171368.0
2025-08-26,M014,185442.0
2025-08-26,M015,121396.0
2025-08-26,M016,135470.0
2025-08-26,M017,149544.0
2025-08-26,M018,163618.0
2025-08-26,M019,177692.0
2025-08-26,M020,191766.0
2025-08-26,M021,205840.0
2025-08-26,M022,141794.0
2025-08-26,M023,155868.0
2025-08-26,M024,169942.0
2025-08-26,M025,184016.0
2025-08-26,M026,198090.0
2025-08-26,M027,212164.0
2025-08-26,M028,226238.0
2025-08-26,M029,162192.0
2025-08-26,M030,176266.0
2025-08-26,M031,190340.0
2025-08-26,M032,204414.0
2025-08-26,M033,218488.0
2025-08-26,M034,232562.0
2025-08-26,M035,246636.0
2025-08-26,M036,182590.0
2025-08-26,M037,196664.0
2025-08-26,M038,210738.0
2025-08-26,M039,224812.0
2025-08-26,M040,238886.0
2025-08-26,M041,252960.0
2025-08-26,M042,267034.0
2025-08-26,M043,202988.0
2025-08-26,M044,217062.0
2025-08-26,M045,231136.0
2025-08-26,M046,245210.0
2025-08-26,M047,259284.0
2025-08-26,M048,273358.0
2025-08-27,M001,80600.0
2025-08-27,M002,94674.0
2025-08-27,M003,108748.0
2025-08-27,M004,122822.0
2025-08-27,M005,136896.0
2025-08-27,M006,150970.0
2025-08-27,M007,165044.0
2025-08-27,M008,100998.0
2025-08-27,M009,115072.0
2025-08-27,M010,129146.0
2025-08-27,M011,143220.0
2025-08-27,M012,157294.0
2025-08-27,M013,171368.0
2025-08-27,M014,185442.0
2025-08-27,M015,121396.0
2025-08-27,M016,135470.0
2025-08-27,M017,149544.0
2025-08-27,M018,163618.0
2025-08-27,M019,177692.0
2025-08-27,M020,191766.0
2025-08-27,M021,205840.0
2025-08-27,M022,141794.0
2025-08-27,M023,155868.0
2025-08-27,M024,169942.0
2025-08-27,M025,184016.0
2025-08-27,M026,198090.0
2025-08-27,M027,212164.0
2025-08-27,M028,226238.0
2025-08-27,M029,162192.0
2025-08-27,M030,176266.0
2025-08-27,M031,190340.0
2025-08-27,M032,204414.0
2025-08-27,M033,218488.0
2025-08-27,M034,232562.0
2025-08-27,M035,246636.0
2025-08-27,M036,182590.0
2025-08-27,M037,196664.0
2025-08-27,M038,210738.0
2025-08-27,M039,224812.0
2025-08-27,M040,238886.0
2025-08-27,M041,252960.0
2025-08-27,M042,267034.0
2025-08-27,M043,202988.0
2025-08-27,M044,217062.0
2025-08-27,M045,231136.0
2025-08-27,M046,245210.0
2025-08-27,M047,259284.0
2025-08-27,M048,273358.0
2025-08-28,M001,80600.0
2025-08-28,M002,94674.0
2025-08-28,M003,108748.0
2025-08-28,M004,122822.0
2025-08-28,M005,136896.0
2025-08-28,M006,150970.0
2025-08-28,M007,165044.0
2025-08-28,M008,100998.0
2025-08-28,M009,115072.0
2025-08-28,M010,129146.0
2025-08-28,M011,143220.0
2025-08-28,M012,157294.0
2025-08-28,M013,171368.0
2025-08-28,M014,185442.0
2025-08-28,M015,121396.0
2025-08-28,M016,135470.0
2025-08-28,M017,149544.0
2025-08-28,M018,163618.0
2025-08-28,M019,177692.0
2025-08-28,M020,191766.0
2025-08-28,M021,205840.0
2025-08-28,M022,141794.0
2025-08-28,M023,155868.0
2025-08-28,M024,169942.0
2025-08-28,M025,184016.0
2025-08-28,M026,198090.0
2025-08-28,M027,212164.0
2025-08-28,M028,226238.0
2025-08-28,M029,162192.0
2025-08-28,M030,176266.0
2025-08-28,M031,190340.0
2025-08-28,M032,204414.0
2025-08-28,M033,218488.0
2025-08-28,M034,232562.0
2025-08-28,M035,246636.0
2025-08-28,M036,182590.0
2025-08-28,M037,196664.0
2025-08-28,M038,210738.0
2025-08-28,M039,224812.0
2025-08-28,M040,238886.0
2025-08-28,M041,252960.0
2025-08-28,M042,267034.0
2025-08-28,M043,202988.0
2025-08-28,M044,217062.0
2025-08-28,M045,231136.0
2025-08-28,M046,245210.0
2025-08-28,M047,259284.0
2025-08-28,M048,273358.0
2025-08-29,M001,80600.0
2025-08-29,M002,94674.0
2025-08-29,M003,108748.0
2025-08-29,M004,122822.0
2025-08-29,M005,136896.0
2025-08-29,M006,150970.0
2025-08-29,M007,165044.0
2025-08-29,M008,100998.0
2025-08-29,M009,115072.0
2025-08-29,M010,129146.0
2025-08-29,M011,143220.0
2025-08-29,M012,157294.0
2025-08-29,M013,171368.0
2025-08-29,M014,185442.0
2025-08-29,M015,121396.0
2025-08-29,M016,135470.0
2025-08-29,M017,149544.0
2025-08-29,M018,163618.0
2025-08-29,M019,177692.0
2025-08-29,M020,191766.0
2025-08-29,M021,205840.0
2025-08-29,M022,141794.0
2025-08-29,M023,155868.0
2025-08-29,M024,169942.0
2025-08-29,M025,184016.0
2025-08-29,M026,198090.0
2025-08-29,M027,212164.0
2025-08-29,M028,226238.0
2025-08-29,M029,162192.0
2025-08-29,M030,176266.0
2025-08-29,M031,190340.0
2025-08-29,M032,204414.0
2025-08-29,M033,218488.0
2025-08-29,M034,232562.0
2025-08-29,M035,246636.0
2025-08-29,M036,182590.0
2025-08-29,M037,196664.0
2025-08-29,M038,210738.0
2025-08-29,M039,224812.0
2025-08-29,M040,238886.0
2025-08-29,M041,252960.0
2025-08-29,M042,267034.0
2025-08-29,M043,202988.0
2025-08-29,M044,217062.0
2025-08-29,M045,231136.0
2025-08-29,M046,245210.0
2025-08-29,M047,259284.0
2025-08-29,M048,273358.0
2025-08-30,M001,80600.0
2025-08-30,M002,94674.0
2025-08-30,M003,108748.0
2025-08-30,M004,122822.0
2025-08-30,M005,136896.0
2025-08-30,M006,150970.0
2025-08-30,M007,165044.0
2025-08-30,M008,100998.0
2025-08-30,M009,115072.0
2025-08-30,M010,129146.0
2025-08-30,M011,143220.0
2025-08-30,M012,157294.0
2025-08-30,M013,171368.0
2025-08-30,M014,185442.0
2025-08-30,M015,121396.0
2025-08-30,M016,135470.0
2025-08-30,M017,149544.0
2025-08-30,M018,163618.0
2025-08-30,M019,177692.0
2025-08-30,M020,191766.0
2025-08-30,M021,205840.0
2025-08-30,M022,141794.0
2025-08-30,M023,155868.0
2025-08-30,M024,169942.0
2025-08-30,M025,184016.0
2025-08-30,M026,198090.0
2025-08-30,M027,212164.0
2025-08-30,M028,226238.0
2025-08-30,M029,162192.0
2025-08-30,M030,176266.0
2025-08-30,M031,190340.0
2025-08-30,M032,204414.0
2025-08-30,M033,218488.0
2025-08-30,M034,232562.0
2025-08-30,M035,246636.0
2025-08-30,M036,182590.0
2025-08-30,M037,196664.0
2025-08-30,M038,210738.0
2025-08-30,M039,224812.0
2025-08-30,M040,238886.0
2025-08-30,M041,252960.0
2025-08-30,M042,267034.0
2025-08-30,M043,202988.0
2025-08-30,M044,217062.0
2025-08-30,M045,231136.0
2025-08-30,M046,245210.0
2025-08-30,M047,259284.0
2025-08-30,M048,273358.0
2025-08-31,M001,80600.0
2025-08-31,M002,94674.0
2025-08-31,M003,108748.0
2025-08-31,M004,122822.0
2025-08-31,M005,136896.0
2025-08-31,M006,150970.0
2025-08-31,M007,165044.0
2025-08-31,M008,100998.0
2025-08-31,M009,115072.0
2025-08-31,M010,129146.0
2025-08-31,M011,143220.0
2025-08-31,M012,157294.0
2025-08-31,M013,171368.0
2025-08-31,M014,185442.0
2025-08-31,M015,121396.0
2025-08-31,M016,135470.0
2025-08-31,M017,149544.0
2025-08-31,M018,163618.0
2025-08-31,M019,177692.0
2025-08-31,M020,191766.0
2025-08-31,M021,205840.0
2025-08-31,M022,141794.0
2025-08-31,M023,155868.0
2025-08-31,M024,169942.0
2025-08-31,M025,184016.0
2025-08-31,M026,198090.0
2025-08-31,M027,212164.0
2025-08-31,M028,226238.0
2025-08-31,M029,162192.0
2025-08-31,M030,176266.0
2025-08-31,M031,190340.0
2025-08-31,M032,204414.0
2025-08-31,M033,218488.0
2025-08-31,M034,232562.0
2025-08-31,M035,246636.0
2025-08-31,M036,182590.0
2025-08-31,M037,196664.0
2025-08-31,M038,210738.0
2025-08-31,M039,224812.0
2025-08-31,M040,238886.0
2025-08-31,M041,252960.0
2025-08-31,M042,267034.0
2025-08-31,M043,202988.0
2025-08-31,M044,217062.0
2025-08-31,M045,231136.0
2025-08-31,M046,245210.0
2025-08-31,M047,259284.0
2025-08-31,M048,273358.0
2025-09-01,M001,80600.0
2025-09-01,M002,94674.0
2025-09-01,M003,108748.0
2025-09-01,M004,122822.0
2025-09-01,M005,136896.0
2025-09-01,M006,150970.0
2025-09-01,M007,165044.0
2025-09-01,M008,100998.0
2025-09-01,M009,115072.0
2025-09-01,M010,129146.0
2025-09-01,M011,143220.0
2025-09-01,M012,157294.0
2025-09-01,M013,171368.0
2025-09-01,M014,185442.0
2025-09-01,M015,121396.0
2025-09-01,M016,135470.0
2025-09-01,M017,149544.0
2025-09-01,M018,163618.0
2025-09-01,M019,177692.0
2025-09-01,M020,191766.0
2025-09-01,M021,205840.0
2025-09-01,M022,141794.0
2025-09-01,M023,155868.0
2025-09-01,M024,169942.0
2025-09-01,M025,184016.0
2025-09-01,M026,198090.0
2025-09-01,M027,212164.0
2025-09-01,M028,226238.0
2025-09-01,M029,162192.0
2025-09-01,M030,176266.0
2025-09-01,M031,190340.0
2025-09-01,M032,204414.0
2025-09-01,M033,218488.0
2025-09-01,M034,232562.0
2025-09-01,M035,246636.0
2025-09-01,M036,182590.0
2025-09-01,M037,196664.0
2025-09-01,M038,210738.0
2025-09-01,M039,224812.0
2025-09-01,M040,238886.0
2025-09-01,M041,252960.0
2025-09-01,M042,267034.0
2025-09-01,M043,202988.0
2025-09-01,M044,217062.0
2025-09-01,M045,231136.0
2025-09-01,M046,245210.0
2025-09-01,M047,259284.0
2025-09-01,M048,273358.0
2025-09-02,M001,80600.0
2025-09-02,M002,94674.0
2025-09-02,M003,108748.0
2025-09-02,M004,122822.0
2025-09-02,M005,136896.0
2025-09-02,M006,150970.0
2025-09-02,M007,165044.0
2025-09-02,M008,100998.0
2025-09-02,M009,115072.0
2025-09-02,M010,129146.0
2025-09-02,M011,143220.0
2025-09-02,M012,157294.0
2025-09-02,M013,171368.0
2025-09-02,M014,185442.0
2025-09-02,M015,121396.0
2025-09-02,M016,135470.0
2025-09-02,M017,149544.0
2025-09-02,M018,163618.0
2025-09-02,M019,177692.0
2025-09-02,M020,191766.0
2025-09-02,M021,205840.0
2025-09-02,M022,141794.0
2025-09-02,M023,155868.0
2025-09-02,M024,169942.0
2025-09-02,M025,184016.0
2025-09-02,M026,198090.0
2025-09-02,M027,212164.0
2025-09-02,M028,226238.0
2025-09-02,M029,162192.0
2025-09-02,M030,176266.0
2025-09-02,M031,190340.0
2025-09-02,M032,204414.0
2025-09-02,M033,218488.0
2025-09-02,M034,232562.0
2025-09-02,M035,246636.0
2025-09-02,M036,182590.0
2025-09-02,M037,196664.0
2025-09-02,M038,210738.0
2025-09-02,M039,224812.0
2025-09-02,M040,238886.0
2025-09-02,M041,252960.0
2025-09-02,M042,267034.0
2025-09-02,M043,202988.0
2025-09-02,M044,217062.0
2025-09-02,M045,231136.0
2025-09-02,M046,245210.0
2025-09-02,M047,259284.0
2025-09-02,M048,273358.0
2025-09-03,M001,80600.0
2025-09-03,M002,94674.0
2025-09-03,M003,108748.0
2025-09-03,M004,122822.0
2025-09-03,M005,136896.0
2025-09-03,M006,150970.0
2025-09-03,M007,165044.0
2025-09-03,M008,100998.0
2025-09-03,M009,115072.0
2025-09-03,M010,129146.0
2025-09-03,M011,143220.0
2025-09-03,M012,157294.0
2025-09-03,M013,171368.0
2025-09-03,M014,185442.0
2025-09-03,M015,121396.0
2025-09-03,M016,135470.0
2025-09-03,M017,149544.0
2025-09-03,M018,163618.0
2025-09-03,M019,177692.0
2025-09-03,M020,191766.0
2025-09-03,M021,205840.0
2025-09-03,M022,141794.0
2025-09-03,M023,155868.0
2025-09-03,M024,169942.0
2025-09-03,M025,184016.0
2025-09-03,M026,198090.0
2025-09-03,M027,212164.0
2025-09-03,M028,226238.0
2025-09-03,M029,162192.0
2025-09-03,M030,176266.0
2025-09-03,M031,190340.0
2025-09-03,M032,204414.0
2025-09-03,M033,218488.0
2025-09-03,M034,232562.0
2025-09-03,M035,246636.0
2025-09-03,M036,182590.0
2025-09-03,M037,196664.0
2025-09-03,M038,210738.0
2025-09-03,M039,224812.0
2025-09-03,M040,238886.0
2025-09-03,M041,252960.0
2025-09-03,M042,267034.0
2025-09-03,M043,202988.0
2025-09-03,M044,217062.0
2025-09-03,M045,231136.0
2025-09-03,M046,245210.0
2025-09-03,M047,259284.0
2025-09-03,M048,273358.0
2025-09-04,M001,80600.0
2025-09-04,M002,94674.0
2025-09-04,M003,108748.0
2025-09-04,M004,122822.0
2025-09-04,M005,136896.0
2025-09-04,M006,150970.0
2025-09-04,M007,165044.0
2025-09-04,M008,100998.0
2025-09-04,M009,115072.0
2025-09-04,M010,129146.0
2025-09-04,M011,143220.0
2025-09-04,M012,157294.0
2025-09-04,M013,171368.0
2025-09-04,M014,185442.0
2025-09-04,M015,121396.0
2025-09-04,M016,135470.0
2025-09-04,M017,149544.0
2025-09-04,M018,163618.0
2025-09-04,M019,177692.0
2025-09-04,M020,191766.0
2025-09-04,M021,205840.0
2025-09-04,M022,141794.0
2025-09-04,M023,155868.0
2025-09-04,M024,169942.0
2025-09-04,M025,184016.0
2025-09-04,M026,198090.0
2025-09-04,M027,212164.0
2025-09-04,M028,226238.0
2025-09-04,M029,162192.0
2025-09-04,M030,176266.0
2025-09-04,M031,190340.0
2025-09-04,M032,204414.0
2025-09-04,M033,218488.0
2025-09-04,M034,232562.0
2025-09-04,M035,246636.0
2025-09-04,M036,182590.0
2025-09-04,M037,196664.0
2025-09-04,M038,210738.0
2025-09-04,M039,224812.0
2025-09-04,M040,238886.0
2025-09-04,M041,252960.0
2025-09-04,M042,267034.0
2025-09-04,M043,202988.0
2025-09-04,M044,217062.0
2025-09-04,M045,231136.0
2025-09-04,M046,245210.0
2025-09-04,M047,259284.0
2025-09-04,M048,273358.0
2025-09-05,M001,80600.0
2025-09-05,M002,94674.0
2025-09-05,M003,108748.0
2025-09-05,M004,122822.0
2025-09-05,M005,136896.0
2025-09-05,M006,150970.0
2025-09-05,M007,165044.0
2025-09-05,M008,100998.0
2025-09-05,M009,115072.0
2025-09-05,M010,129146.0
2025-09-05,M011,143220.0
2025-09-05,M012,157294.0
2025-09-05,M013,171368.0
2025-09-05,M014,185442.0
2025-09-05,M015,121396.0
2025-09-05,M016,135470.0
2025-09-05,M017,149544.0
2025-09-05,M018,163618.0
2025-09-05,M019,177692.0
2025-09-05,M020,191766.0
2025-09-05,M021,205840.0
2025-09-05,M022,141794.0
2025-09-05,M023,155868.0
2025-09-05,M024,169942.0
2025-09-05,M025,184016.0
2025-09-05,M026,198090.0
2025-09-05,M027,212164.0
2025-09-05,M028,226238.0
2025-09-05,M029,162192.0
2025-09-05,M030,176266.0
2025-09-05,M031,190340.0
2025-09-05,M032,204414.0
2025-09-05,M033,218488.0
2025-09-05,M034,232562.0
2025-09-05,M035,246636.0
2025-09-05,M036,182590.0
2025-09-05,M037,196664.0
2025-09-05,M038,210738.0
2025-09-05,M039,224812.0
2025-09-05,M040,238886.0
2025-09-05,M041,252960.0
2025-09-05,M042,267034.0
2025-09-05,M043,202988.0
2025-09-05,M044,217062.0
2025-09-05,M045,231136.0
2025-09-05,M046,245210.0
2025-09-05,M047,259284.0
2025-09-05,M048,273358.0
2025-09-06,M001,80600.0
2025-09-06,M002,94674.0
2025-09-06,M003,108748.0
2025-09-06,M004,122822.0
2025-09-06,M005,136896.0
2025-09-06,M006,150970.0
2025-09-06,M007,165044.0
2025-09-06,M008,100998.0
2025-09-06,M009,115072.0
2025-09-06,M010,129146.0
2025-09-06,M011,143220.0
2025-09-06,M012,157294.0
2025-09-06,M013,171368.0
2025-09-06,M014,185442.0
2025-09-06,M015,121396.0
2025-09-06,M016,135470.0
2025-09-06,M017,149544.0
2025-09-06,M018,163618.0
2025-09-06,M019,177692.0
2025-09-06,M020,191766.0
2025-09-06,M021,205840.0
2025-09-06,M022,141794.0
2025-09-06,M023,155868.0
2025-09-06,M024,169942.0
2025-09-06,M025,184016.0
2025-09-06,M026,198090.0
2025-09-06,M027,212164.0
2025-09-06,M028,226238.0
2025-09-06,M029,162192.0
2025-09-06,M030,176266.0
2025-09-06,M031,190340.0
2025-09-06,M032,204414.0
2025-09-06,M033,218488.0
2025-09-06,M034,232562.0
2025-09-06,M035,246636.0
2025-09-06,M036,182590.0
2025-09-06,M037,196664.0
2025-09-06,M038,210738.0
2025-09-06,M039,224812.0
2025-09-06,M040,238886.0
2025-09-06,M041,252960.0
2025-09-06,M042,267034.0
2025-09-06,M043,202988.0
2025-09-06,M044,217062.0
2025-09-06,M045,231136.0
2025-09-06,M046,245210.0
2025-09-06,M047,259284.0
2025-09-06,M048,273358.0
2025-09-07,M001,80600.0
2025-09-07,M002,94674.0
2025-09-07,M003,108748.0
2025-09-07,M004,122822.0
2025-09-07,M005,136896.0
2025-09-07,M006,150970.0
2025-09-07,M007,165044.0
2025-09-07,M008,100998.0
2025-09-07,M009,115072.0
2025-09-07,M010,129146.0
2025-09-07,M011,143220.0
2025-09-07,M012,157294.0
2025-09-07,M013,171368.0
2025-09-07,M014,185442.0
2025-09-07,M015,121396.0
2025-09-07,M016,135470.0
2025-09-07,M017,149544.0
2025-09-07,M018,163618.0
2025-09-07,M019,177692.0
2025-09-07,M020,191766.0
2025-09-07,M021,205840.0
2025-09-07,M022,141794.0
2025-09-07,M023,155868.0
2025-09-07,M024,169942.0
2025-09-07,M025,184016.0
2025-09-07,M026,198090.0
2025-09-07,M027,212164.0
2025-09-07,M028,226238.0
2025-09-07,M029,162192.0
2025-09-07,M030,176266.0
2025-09-07,M031,190340.0
2025-09-07,M032,204414.0
2025-09-07,M033,218488.0
2025-09-07,M034,232562.0
2025-09-07,M035,246636.0
2025-09-07,M036,182590.0
2025-09-07,M037,196664.0
2025-09-07,M038,210738.0
2025-09-07,M039,224812.0
2025-09-07,M040,238886.0
2025-09-07,M041,252960.0
2025-09-07,M042,267034.0
2025-09-07,M043,202988.0
2025-09-07,M044,217062.0
2025-09-07,M045,231136.0
2025-09-07,M046,245210.0
2025-09-07,M047,259284.0
2025-09-07,M048,273358.0
2025-09-08,M001,80600.0
2025-09-08,M002,94674.0
2025-09-08,M003,108748.0
2025-09-08,M004,122822.0
2025-09-08,M005,136896.0
2025-09-08,M006,150970.0
2025-09-08,M007,165044.0
2025-09-08,M008,100998.0
2025-09-08,M009,115072.0
2025-09-08,M010,129146.0
2025-09-08,M011,143220.0
2025-09-08,M012,157294.0
2025-09-08,M013,171368.0
2025-09-08,M014,185442.0
2025-09-08,M015,121396.0
2025-09-08,M016,135470.0
2025-09-08,M017,149544.0
2025-09-08,M018,163618.0
2025-09-08,M019,177692.0
2025-09-08,M020,191766.0
2025-09-08,M021,205840.0
2025-09-08,M022,141794.0
2025-09-08,M023,155868.0
2025-09-08,M024,169942.0
2025-09-08,M025,184016.0
2025-09-08,M026,198090.0
2025-09-08,M027,212164.0
2025-09-08,M028,226238.0
2025-09-08,M029,162192.0
2025-09-08,M030,176266.0
2025-09-08,M031,190340.0
2025-09-08,M032,204414.0
2025-09-08,M033,218488.0
2025-09-08,M034,232562.0
2025-09-08,M035,246636.0
2025-09-08,M036,182590.0
2025-09-08,M037,196664.0
2025-09-08,M038,210738.0
2025-09-08,M039,224812.0
2025-09-08,M040,238886.0
2025-09-08,M041,252960.0
2025-09-08,M042,267034.0
2025-09-08,M043,202988.0
2025-09-08,M044,217062.0
2025-09-08,M045,231136.0
2025-09-08,M046,245210.0
2025-09-08,M047,259284.0
2025-09-08,M048,273358.0
2025-09-09,M001,80600.0
2025-09-09,M002,94674.0
2025-09-09,M003,108748.0
2025-09-09,M004,122822.0
2025-09-09,M005,136896.0
2025-09-09,M006,150970.0
2025-09-09,M007,165044.0
2025-09-09,M008,100998.0
2025-09-09,M009,115072.0
2025-09-09,M010,129146.0
2025-09-09,M011,143220.0
2025-09-09,M012,157294.0
2025-09-09,M013,171368.0
2025-09-09,M014,185442.0
2025-09-09,M015,121396.0
2025-09-09,M016,135470.0
2025-09-09,M017,149544.0
2025-09-09,M018,163618.0
2025-09-09,M019,177692.0
2025-09-09,M020,191766.0
2025-09-09,M021,205840.0
2025-09-09,M022,141794.0
2025-09-09,M023,155868.0
2025-09-09,M024,169942.0
2025-09-09,M025,184016.0
2025-09-09,M026,198090.0
2025-09-09,M027,212164.0
2025-09-09,M028,226238.0
2025-09-09,M029,162192.0
2025-09-09,M030,176266.0
2025-09-09,M031,190340.0
2025-09-09,M032,204414.0
2025-09-09,M033,218488.0
2025-09-09,M034,232562.0
2025-09-09,M035,246636.0
2025-09-09,M036,182590.0
2025-09-09,M037,196664.0
2025-09-09,M038,210738.0
2025-09-09,M039,224812.0
2025-09-09,M040,238886.0
2025-09-09,M041,252960.0
2025-09-09,M042,267034.0
2025-09-09,M043,202988.0
2025-09-09,M044,217062.0
2025-09-09,M045,231136.0
2025-09-09,M046,245210.0
2025-09-09,M047,259284.0
2025-09-09,M048,273358.0
2025-09-10,M001,80600.0
2025-09-10,M002,94674.0
2025-09-10,M003,108748.0
2025-09-10,M004,122822.0
2025-09-10,M005,136896.0
2025-09-10,M006,150970.0
2025-09-10,M007,165044.0
2025-09-10,M008,100998.0
2025-09-10,M009,115072.0
2025-09-10,M010,129146.0
2025-09-10,M011,143220.0
2025-09-10,M012,157294.0
2025-09-10,M013,171368.0
2025-09-10,M014,185442.0
2025-09-10,M015,121396.0
2025-09-10,M016,135470.0
2025-09-10,M017,149544.0
2025-09-10,M018,163618.0
2025-09-10,M019,177692.0
2025-09-10,M020,191766.0
2025-09-10,M021,205840.0
2025-09-10,M022,141794.0
2025-09-10,M023,155868.0
2025-09-10,M024,169942.0
2025-09-10,M025,184016.0
2025-09-10,M026,198090.0
2025-09-10,M027,212164.0
2025-09-10,M028,226238.0
2025-09-10,M029,162192.0
2025-09-10,M030,176266.0
2025-09-10,M031,190340.0
2025-09-10,M032,204414.0
2025-09-10,M033,218488.0
2025-09-10,M034,232562.0
2025-09-10,M035,246636.0
2025-09-10,M036,182590.0
2025-09-10,M037,196664.0
2025-09-10,M038,210738.0
2025-09-10,M039,224812.0
2025-09-10,M040,238886.0
2025-09-10,M041,252960.0
2025-09-10,M042,267034.0
2025-09-10,M043,202988.0
2025-09-10,M044,217062.0
2025-09-10,M045,231136.0
2025-09-10,M046,245210.0
2025-09-10,M047,259284.0
2025-09-10,M048,273358.0
2025-09-11,M001,80600.0
2025-09-11,M002,94674.0
2025-09-11,M003,108748.0
2025-09-11,M004,122822.0
2025-09-11,M005,136896.0
2025-09-11,M006,150970.0
2025-09-11,M007,165044.0
2025-09-11,M008,100998.0
2025-09-11,M009,115072.0
2025-09-11,M010,129146.0
2025-09-11,M011,143220.0
2025-09-11,M012,157294.0
2025-09-11,M013,171368.0
2025-09-11,M014,185442.0
2025-09-11,M015,121396.0
2025-09-11,M016,135470.0
2025-09-11,M017,149544.0
2025-09-11,M018,163618.0
2025-09-11,M019,177692.0
2025-09-11,M020,191766.0
2025-09-11,M021,205840.0
2025-09-11,M022,141794.0
2025-09-11,M023,155868.0
2025-09-11,M024,169942.0
2025-09-11,M025,184016.0
2025-09-11,M026,198090.0
2025-09-11,M027,212164.0
2025-09-11,M028,226238.0
2025-09-11,M029,162192.0
2025-09-11,M030,176266.0
2025-09-11,M031,190340.0
2025-09-11,M032,204414.0
2025-09-11,M033,218488.0
2025-09-11,M034,232562.0
2025-09-11,M035,246636.0
2025-09-11,M036,182590.0
2025-09-11,M037,196664.0
2025-09-11,M038,210738.0
2025-09-11,M039,224812.0
2025-09-11,M040,238886.0
2025-09-11,M041,252960.0
2025-09-11,M042,267034.0
2025-09-11,M043,202988.0
2025-09-11,M044,217062.0
2025-09-11,M045,231136.0
2025-09-11,M046,245210.0
2025-09-11,M047,259284.0
2025-09-11,M048,273358.0
2025-09-12,M001,80600.0
2025-09-12,M002,94674.0
2025-09-12,M003,108748.0
2025-09-12,M004,122822.0
2025-09-12,M005,136896.0
2025-09-12,M006,150970.0
2025-09-12,M007,165044.0
2025-09-12,M008,100998.0
2025-09-12,M009,115072.0
2025-09-12,M010,129146.0
2025-09-12,M011,143220.0
2025-09-12,M012,157294.0
2025-09-12,M013,171368.0
2025-09-12,M014,185442.0
2025-09-12,M015,121396.0
2025-09-12,M016,135470.0
2025-09-12,M017,149544.0
2025-09-12,M018,163618.0
2025-09-12,M019,177692.0
2025-09-12,M020,191766.0
2025-09-12,M021,205840.0
2025-09-12,M022,141794.0
2025-09-12,M023,155868.0
2025-09-12,M024,169942.0
2025-09-12,M025,184016.0
2025-09-12,M026,198090.0
2025-09-12,M027,212164.0
2025-09-12,M028,226238.0
2025-09-12,M029,162192.0
2025-09-12,M030,176266.0
2025-09-12,M031,190340.0
2025-09-12,M032,204414.0
2025-09-12,M033,218488.0
2025-09-12,M034,232562.0
2025-09-12,M035,246636.0
2025-09-12,M036,182590.0
2025-09-12,M037,196664.0
2025-09-12,M038,210738.0
2025-09-12,M039,224812.0
2025-09-12,M040,238886.0
2025-09-12,M041,252960.0
2025-09-12,M042,267034.0
2025-09-12,M043,202988.0
2025-09-12,M044,217062.0
2025-09-12,M045,231136.0
2025-09-12,M046,245210.0
2025-09-12,M047,259284.0
2025-09-12,M048,273358.0
2025-09-13,M001,80600.0
2025-09-13,M002,94674.0
2025-09-13,M003,108748.0
2025-09-13,M004,122822.0
2025-09-13,M005,136896.0
2025-09-13,M006,150970.0
2025-09-13,M007,165044.0
2025-09-13,M008,100998.0
2025-09-13,M009,115072.0
2025-09-13,M010,129146.0
2025-09-13,M011,143220.0
2025-09-13,M012,157294.0
2025-09-13,M013,171368.0
2025-09-13,M014,185442.0
2025-09-13,M015,121396.0
2025-09-13,M016,135470.0
2025-09-13,M017,149544.0
2025-09-13,M018,163618.0
2025-09-13,M019,177692.0
2025-09-13,M020,191766.0
2025-09-13,M021,205840.0
2025-09-13,M022,141794.0
2025-09-13,M023,155868.0
2025-09-13,M024,169942.0
2025-09-13,M025,184016.0
2025-09-13,M026,198090.0
2025-09-13,M027,212164.0
2025-09-13,M028,226238.0
2025-09-13,M029,162192.0
2025-09-13,M030,176266.0
2025-09-13,M031,190340.0
2025-09-13,M032,204414.0
2025-09-13,M033,218488.0
2025-09-13,M034,232562.0
2025-09-13,M035,246636.0
2025-09-13,M036,182590.0
2025-09-13,M037,196664.0
2025-09-13,M038,210738.0
2025-09-13,M039,224812.0
2025-09-13,M040,238886.0
2025-09-13,M041,252960.0
2025-09-13,M042,267034.0
2025-09-13,M043,202988.0
2025-09-13,M044,217062.0
2025-09-13,M045,231136.0
2025-09-13,M046,245210.0
2025-09-13,M047,259284.0
2025-09-13,M048,273358.0
2025-09-14,M001,80600.0
2025-09-14,M002,94674.0
2025-09-14,M003,108748.0
2025-09-14,M004,122822.0
2025-09-14,M005,136896.0
2025-09-14,M006,150970.0
2025-09-14,M007,165044.0
2025-09-14,M008,100998.0
2025-09-14,M009,115072.0
2025-09-14,M010,129146.0
2025-09-14,M011,143220.0
2025-09-14,M012,157294.0
2025-09-14,M013,171368.0
2025-09-14,M014,185442.0
2025-09-14,M015,121396.0
2025-09-14,M016,135470.0
2025-09-14,M017,149544.0
2025-09-14,M018,163618.0
2025-09-14,M019,177692.0
2025-09-14,M020,191766.0
2025-09-14,M021,205840.0
2025-09-14,M022,141794.0
2025-09-14,M023,155868.0
2025-09-14,M024,169942.0
2025-09-14,M025,184016.0
2025-09-14,M026,198090.0
2025-09-14,M027,212164.0
2025-09-14,M028,226238.0
2025-09-14,M029,162192.0
2025-09-14,M030,176266.0
2025-09-14,M031,190340.0
2025-09-14,M032,204414.0
2025-09-14,M033,218488.0
2025-09-14,M034,232562.0
2025-09-14,M035,246636.0
2025-09-14,M036,182590.0
2025-09-14,M037,196664.0
2025-09-14,M038,210738.0
2025-09-14,M039,224812.0
2025-09-14,M040,238886.0
2025-09-14,M041,252960.0
2025-09-14,M042,267034.0
2025-09-14,M043,202988.0
2025-09-14,M044,217062.0
2025-09-14,M045,231136.0
2025-09-14,M046,245210.0
2025-09-14,M047,259284.0
2025-09-14,M048,273358.0
2025-09-15,M001,80600.0
2025-09-15,M002,94674.0
2025-09-15,M003,108748.0
2025-09-15,M004,122822.0
2025-09-15,M005,136896.0
2025-09-15,M006,150970.0
2025-09-15,M007,165044.0
2025-09-15,M008,100998.0
2025-09-15,M009,115072.0
2025-09-15,M010,129146.0
2025-09-15,M011,143220.0
2025-09-15,M012,157294.0
2025-09-15,M013,171368.0
2025-09-15,M014,185442.0
2025-09-15,M015,121396.0
2025-09-15,M016,135470.0
2025-09-15,M017,149544.0
2025-09-15,M018,163618.0
2025-09-15,M019,177692.0
2025-09-15,M020,191766.0
2025-09-15,M021,205840.0
2025-09-15,M022,141794.0
2025-09-15,M023,155868.0
2025-09-15,M024,169942.0
2025-09-15,M025,184016.0
2025-09-15,M026,198090.0
2025-09-15,M027,212164.0
2025-09-15,M028,226238.0
2025-09-15,M029,162192.0
2025-09-15,M030,176266.0
2025-09-15,M031,190340.0
2025-09-15,M032,204414.0
2025-09-15,M033,218488.0
2025-09-15,M034,232562.0
2025-09-15,M035,246636.0
2025-09-15,M036,182590.0
2025-09-15,M037,196664.0
2025-09-15,M038,210738.0
2025-09-15,M039,224812.0
2025-09-15,M040,238886.0
2025-09-15,M041,252960.0
2025-09-15,M042,267034.0
2025-09-15,M043,202988.0
2025-09-15,M044,217062.0
2025-09-15,M045,231136.0
2025-09-15,M046,245210.0
2025-09-15,M047,259284.0
2025-09-15,M048,273358.0
2025-09-16,M001,80600.0
2025-09-16,M002,94674.0
2025-09-16,M003,108748.0
2025-09-16,M004,122822.0
2025-09-16,M005,136896.0
2025-09-16,M006,150970.0
2025-09-16,M007,165044.0
2025-09-16,M008,100998.0
2025-09-16,M009,115072.0
2025-09-16,M010,129146.0
2025-09-16,M011,143220.0
2025-09-16,M012,157294.0
2025-09-16,M013,171368.0
2025-09-16,M014,185442.0
2025-09-16,M015,121396.0
2025-09-16,M016,135470.0
2025-09-16,M017,149544.0
2025-09-16,M018,163618.0
2025-09-16,M019,177692.0
2025-09-16,M020,191766.0
2025-09-16,M021,205840.0
2025-09-16,M022,141794.0
2025-09-16,M023,155868.0
2025-09-16,M024,169942.0
2025-09-16,M025,184016.0
2025-09-16,M026,198090.0
2025-09-16,M027,212164.0
2025-09-16,M028,226238.0
2025-09-16,M029,162192.0
2025-09-16,M030,176266.0
2025-09-16,M031,190340.0
2025-09-16,M032,204414.0
2025-09-16,M033,218488.0
2025-09-16,M034,232562.0
2025-09-16,M035,246636.0
2025-09-16,M036,182590.0
2025-09-16,M037,196664.0
2025-09-16,M038,210738.0
2025-09-16,M039,224812.0
2025-09-16,M040,238886.0
2025-09-16,M041,252960.0
2025-09-16,M042,267034.0
2025-09-16,M043,202988.0
2025-09-16,M044,217062.0
2025-09-16,M045,231136.0
2025-09-16,M046,245210.0
2025-09-16,M047,259284.0
2025-09-16,M048,273358.0
2025-09-17,M001,80600.0
2025-09-17,M002,94674.0
2025-09-17,M003,108748.0
2025-09-17,M004,122822.0
2025-09-17,M005,136896.0
2025-09-17,M006,150970.0
2025-09-17,M007,165044.0
2025-09-17,M008,100998.0
2025-09-17,M009,115072.0
2025-09-17,M010,129146.0
2025-09-17,M011,143220.0
2025-09-17,M012,157294.0
2025-09-17,M013,171368.0
2025-09-17,M014,185442.0
2025-09-17,M015,121396.0
2025-09-17,M016,135470.0
2025-09-17,M017,149544.0
2025-09-17,M018,163618.0
2025-09-17,M019,177692.0
2025-09-17,M020,191766.0
2025-09-17,M021,205840.0
2025-09-17,M022,141794.0
2025-09-17,M023,155868.0
2025-09-17,M024,169942.0
2025-09-17,M025,184016.0
2025-09-17,M026,198090.0
2025-09-17,M027,212164.0
2025-09-17,M028,226238.0
2025-09-17,M029,162192.0
2025-09-17,M030,176266.0
2025-09-17,M031,190340.0
2025-09-17,M032,204414.0
2025-09-17,M033,218488.0
2025-09-17,M034,232562.0
2025-09-17,M035,246636.0
2025-09-17,M036,182590.0
2025-09-17,M037,196664.0
2025-09-17,M038,210738.0
2025-09-17,M039,224812.0
2025-09-17,M040,238886.0
2025-09-17,M041,252960.0
2025-09-17,M042,267034.0
2025-09-17,M043,202988.0
2025-09-17,M044,217062.0
2025-09-17,M045,231136.0
2025-09-17,M046,245210.0
2025-09-17,M047,259284.0
2025-09-17,M048,273358.0
2025-09-18,M001,80600.0
2025-09-18,M002,94674.0
2025-09-18,M003,108748.0
2025-09-18,M004,122822.0
2025-09-18,M005,136896.0
2025-09-18,M006,150970.0
2025-09-18,M007,165044.0
2025-09-18,M008,100998.0
2025-09-18,M009,115072.0
2025-09-18,M010,129146.0
2025-09-18,M011,143220.0
2025-09-18,M012,157294.0
2025-09-18,M013,171368.0
2025-09-18,M014,185442.0
2025-09-18,M015,121396.0
2025-09-18,M016,135470.0
2025-09-18,M017,149544.0
2025-09-18,M018,163618.0
2025-09-18,M019,177692.0
2025-09-18,M020,191766.0
2025-09-18,M021,205840.0
2025-09-18,M022,141794.0
2025-09-18,M023,155868.0
2025-09-18,M024,169942.0
2025-09-18,M025,184016.0
2025-09-18,M026,198090.0
2025-09-18,M027,212164.0
2025-09-18,M028,226238.0
2025-09-18,M029,162192.0
2025-09-18,M030,176266.0
2025-09-18,M031,190340.0
2025-09-18,M032,204414.0
2025-09-18,M033,218488.0
2025-09-18,M034,232562.0
2025-09-18,M035,246636.0
2025-09-18,M036,182590.0
2025-09-18,M037,196664.0
2025-09-18,M038,210738.0
2025-09-18,M039,224812.0
2025-09-18,M040,238886.0
2025-09-18,M041,252960.0
2025-09-18,M042,267034.0
2025-09-18,M043,202988.0
2025-09-18,M044,217062.0
2025-09-18,M045,231136.0
2025-09-18,M046,245210.0
2025-09-18,M047,259284.0
2025-09-18,M048,273358.0
2025-09-19,M001,80600.0
2025-09-19,M002,94674.0
2025-09-19,M003,108748.0
2025-09-19,M004,122822.0
2025-09-19,M005,136896.0
2025-09-19,M006,150970.0
2025-09-19,M007,165044.0
2025-09-19,M008,100998.0
2025-09-19,M009,115072.0
2025-09-19,M010,129146.0
2025-09-19,M011,143220.0
2025-09-19,M012,157294.0
2025-09-19,M013,171368.0
2025-09-19,M014,185442.0
2025-09-19,M015,121396.0
2025-09-19,M016,135470.0
2025-09-19,M017,149544.0
2025-09-19,M018,163618.0
2025-09-19,M019,177692.0
2025-09-19,M020,191766.0
2025-09-19,M021,205840.0
2025-09-19,M022,141794.0
2025-09-19,M023,155868.0
2025-09-19,M024,169942.0
2025-09-19,M025,184016.0
2025-09-19,M026,198090.0
2025-09-19,M027,212164.0
2025-09-19,M028,226238.0
2025-09-19,M029,162192.0
2025-09-19,M030,176266.0
2025-09-19,M031,190340.0
2025-09-19,M032,204414.0
2025-09-19,M033,218488.0
2025-09-19,M034,232562.0
2025-09-19,M035,246636.0
2025-09-19,M036,182590.0
2025-09-19,M037,196664.0
2025-09-19,M038,210738.0
2025-09-19,M039,224812.0
2025-09-19,M040,238886.0
2025-09-19,M041,252960.0
2025-09-19,M042,267034.0
2025-09-19,M043,202988.0
2025-09-19,M044,217062.0
2025-09-19,M045,231136.0
2025-09-19,M046,245210.0
2025-09-19,M047,259284.0
2025-09-19,M048,273358.0
2025-09-20,M001,80600.0
2025-09-20,M002,94674.0
2025-09-20,M003,108748.0
2025-09-20,M004,122822.0
2025-09-20,M005,136896.0
2025-09-20,M006,150970.0
2025-09-20,M007,165044.0
2025-09-20,M008,100998.0
2025-09-20,M009,115072.0
2025-09-20,M010,129146.0
2025-09-20,M011,143220.0
2025-09-20,M012,157294.0
2025-09-20,M013,171368.0
2025-09-20,M014,185442.0
2025-09-20,M015,121396.0
2025-09-20,M016,135470.0
2025-09-20,M017,149544.0
2025-09-20,M018,163618.0
2025-09-20,M019,177692.0
2025-09-20,M020,191766.0
2025-09-20,M021,205840.0
2025-09-20,M022,141794.0
2025-09-20,M023,155868.0
2025-09-20,M024,169942.0
2025-09-20,M025,184016.0
2025-09-20,M026,198090.0
2025-09-20,M027,212164.0
2025-09-20,M028,226238.0
2025-09-20,M029,162192.0
2025-09-20,M030,176266.0
2025-09-20,M031,190340.0
2025-09-20,M032,204414.0
2025-09-20,M033,218488.0
2025-09-20,M034,232562.0
2025-09-20,M035,246636.0
2025-09-20,M036,182590.0
2025-09-20,M037,196664.0
2025-09-20,M038,210738.0
2025-09-20,M039,224812.0
2025-09-20,M040,238886.0
2025-09-20,M041,252960.0
2025-09-20,M042,267034.0
2025-09-20,M043,202988.0
2025-09-20,M044,217062.0
2025-09-20,M045,231136.0
2025-09-20,M046,245210.0
2025-09-20,M047,259284.0
2025-09-20,M048,273358.0
2025-09-21,M001,80600.0
2025-09-21,M002,94674.0
2025-09-21,M003,108748.0
2025-09-21,M004,122822.0
2025-09-21,M005,136896.0
2025-09-21,M006,150970.0
2025-09-21,M007,165044.0
2025-09-21,M008,100998.0
2025-09-21,M009,115072.0
2025-09-21,M010,129146.0
2025-09-21,M011,143220.0
2025-09-21,M012,157294.0
2025-09-21,M013,171368.0
2025-09-21,M014,185442.0
2025-09-21,M015,121396.0
2025-09-21,M016,135470.0
2025-09-21,M017,149544.0
2025-09-21,M018,163618.0
2025-09-21,M019,177692.0
2025-09-21,M020,191766.0
2025-09-21,M021,205840.0
2025-09-21,M022,141794.0
2025-09-21,M023,155868.0
2025-09-21,M024,169942.0
2025-09-21,M025,184016.0
2025-09-21,M026,198090.0
2025-09-21,M027,212164.0
2025-09-21,M028,226238.0
2025-09-21,M029,162192.0
2025-09-21,M030,176266.0
2025-09-21,M031,190340.0
2025-09-21,M032,204414.0
2025-09-21,M033,218488.0
2025-09-21,M034,232562.0
2025-09-21,M035,246636.0
2025-09-21,M036,182590.0
2025-09-21,M037,196664.0
2025-09-21,M038,210738.0
2025-09-21,M039,224812.0
2025-09-21,M040,238886.0
2025-09-21,M041,252960.0
2025-09-21,M042,267034.0
2025-09-21,M043,202988.0
2025-09-21,M044,217062.0
2025-09-21,M045,231136.0
2025-09-21,M046,245210.0
2025-09-21,M047,259284.0
2025-09-21,M048,273358.0
2025-09-22,M001,80600.0
2025-09-22,M002,94674.0
2025-09-22,M003,108748.0
2025-09-22,M004,122822.0
2025-09-22,M005,136896.0
2025-09-22,M006,150970.0
2025-09-22,M007,165044.0
2025-09-22,M008,100998.0
2025-09-22,M009,115072.0
2025-09-22,M010,129146.0
2025-09-22,M011,143220.0
2025-09-22,M012,157294.0
2025-09-22,M013,171368.0
2025-09-22,M014,185442.0
2025-09-22,M015,121396.0
2025-09-22,M016,135470.0
2025-09-22,M017,149544.0
2025-09-22,M018,163618.0
2025-09-22,M019,177692.0
2025-09-22,M020,191766.0
2025-09-22,M021,205840.0
2025-09-22,M022,141794.0
2025-09-22,M023,155868.0
2025-09-22,M024,169942.0
2025-09-22,M025,184016.0
2025-09-22,M026,198090.0
2025-09-22,M027,212164.0
2025-09-22,M028,226238.0
2025-09-22,M029,162192.0
2025-09-22,M030,176266.0
2025-09-22,M031,190340.0
2025-09-22,M032,204414.0
2025-09-22,M033,218488.0
2025-09-22,M034,232562.0
2025-09-22,M035,246636.0
2025-09-22,M036,182590.0
2025-09-22,M037,196664.0
2025-09-22,M038,210738.0
2025-09-22,M039,224812.0
2025-09-22,M040,238886.0
2025-09-22,M041,252960.0
2025-09-22,M042,267034.0
2025-09-22,M043,202988.0
2025-09-22,M044,217062.0
2025-09-22,M045,231136.0
2025-09-22,M046,245210.0
2025-09-22,M047,259284.0
2025-09-22,M048,273358.0
2025-09-23,M001,80600.0
2025-09-23,M002,94674.0
2025-09-23,M003,108748.0
2025-09-23,M004,122822.0
2025-09-23,M005,136896.0
2025-09-23,M006,150970.0
2025-09-23,M007,165044.0
2025-09-23,M008,100998.0
2025-09-23,M009,115072.0
2025-09-23,M010,129146.0
2025-09-23,M011,143220.0
2025-09-23,M012,157294.0
2025-09-23,M013,171368.0
2025-09-23,M014,185442.0
2025-09-23,M015,121396.0
2025-09-23,M016,135470.0
2025-09-23,M017,149544.0
2025-09-23,M018,163618.0
2025-09-23,M019,177692.0
2025-09-23,M020,191766.0
2025-09-23,M021,205840.0
2025-09-23,M022,141794.0
2025-09-23,M023,155868.0
2025-09-23,M024,169942.0
2025-09-23,M025,184016.0
2025-09-23,M026,198090.0
2025-09-23,M027,212164.0
2025-09-23,M028,226238.0
2025-09-23,M029,162192.0
2025-09-23,M030,176266.0
2025-09-23,M031,190340.0
2025-09-23,M032,204414.0
2025-09-23,M033,218488.0
2025-09-23,M034,232562.0
2025-09-23,M035,246636.0
2025-09-23,M036,182590.0
2025-09-23,M037,196664.0
2025-09-23,M038,210738.0
2025-09-23,M039,224812.0
2025-09-23,M040,238886.0
2025-09-23,M041,252960.0
2025-09-23,M042,267034.0
2025-09-23,M043,202988.0
2025-09-23,M044,217062.0
2025-09-23,M045,231136.0
2025-09-23,M046,245210.0
2025-09-23,M047,259284.0
2025-09-23,M048,273358.0
2025-09-24,M001,80600.0
2025-09-24,M002,94674.0
2025-09-24,M003,108748.0
2025-09-24,M004,122822.0
2025-09-24,M005,136896.0
2025-09-24,M006,150970.0
2025-09-24,M007,165044.0
2025-09-24,M008,100998.0
2025-09-24,M009,115072.0
2025-09-24,M010,129146.0
2025-09-24,M011,143220.0
2025-09-24,M012,157294.0
2025-09-24,M013,171368.0
2025-09-24,M014,185442.0
2025-09-24,M015,121396.0
2025-09-24,M016,135470.0
2025-09-24,M017,149544.0
2025-09-24,M018,163618.0
2025-09-24,M019,177692.0
2025-09-24,M020,191766.0
2025-09-24,M021,205840.0
2025-09-24,M022,141794.0
2025-09-24,M023,155868.0
2025-09-24,M024,169942.0
2025-09-24,M025,184016.0
2025-09-24,M026,198090.0
2025-09-24,M027,212164.0
2025-09-24,M028,226238.0
2025-09-24,M029,162192.0
2025-09-24,M030,176266.0
2025-09-24,M031,190340.0
2025-09-24,M032,204414.0
2025-09-24,M033,218488.0
2025-09-24,M034,232562.0
2025-09-24,M035,246636.0
2025-09-24,M036,182590.0
2025-09-24,M037,196664.0
2025-09-24,M038,210738.0
2025-09-24,M039,224812.0
2025-09-24,M040,238886.0
2025-09-24,M041,252960.0
2025-09-24,M042,267034.0
2025-09-24,M043,202988.0
2025-09-24,M044,217062.0
2025-09-24,M045,231136.0
2025-09-24,M046,245210.0
2025-09-24,M047,259284.0
2025-09-24,M048,273358.0
2025-09-25,M001,80600.0
2025-09-25,M002,94674.0
2025-09-25,M003,108748.0
2025-09-25,M004,122822.0
2025-09-25,M005,136896.0
2025-09-25,M006,150970.0
2025-09-25,M007,165044.0
2025-09-25,M008,100998.0
2025-09-25,M009,115072.0
2025-09-25,M010,129146.0
2025-09-25,M011,143220.0
2025-09-25,M012,157294.0
2025-09-25,M013,171368.0
2025-09-25,M014,185442.0
2025-09-25,M015,121396.0
2025-09-25,M016,135470.0
2025-09-25,M017,149544.0
2025-09-25,M018,163618.0
2025-09-25,M019,177692.0
2025-09-25,M020,191766.0
2025-09-25,M021,205840.0
2025-09-25,M022,141794.0
2025-09-25,M023,155868.0
2025-09-25,M024,169942.0
2025-09-25,M025,184016.0
2025-09-25,M026,198090.0
2025-09-25,M027,212164.0
2025-09-25,M028,226238.0
2025-09-25,M029,162192.0
2025-09-25,M030,176266.0
2025-09-25,M031,190340.0
2025-09-25,M032,204414.0
2025-09-25,M033,218488.0
2025-09-25,M034,232562.0
2025-09-25,M035,246636.0
2025-09-25,M036,182590.0
2025-09-25,M037,196664.0
2025-09-25,M038,210738.0
2025-09-25,M039,224812.0
2025-09-25,M040,238886.0
2025-09-25,M041,252960.0
2025-09-25,M042,267034.0
2025-09-25,M043,202988.0
2025-09-25,M044,217062.0
2025-09-25,M045,231136.0
2025-09-25,M046,245210.0
2025-09-25,M047,259284.0
2025-09-25,M048,273358.0
2025-09-26,M001,80600.0
2025-09-26,M002,94674.0
2025-09-26,M003,108748.0
2025-09-26,M004,122822.0
2025-09-26,M005,136896.0
2025-09-26,M006,150970.0
2025-09-26,M007,165044.0
2025-09-26,M008,100998.0
2025-09-26,M009,115072.0
2025-09-26,M010,129146.0
2025-09-26,M011,143220.0
2025-09-26,M012,157294.0
2025-09-26,M013,171368.0
2025-09-26,M014,185442.0
2025-09-26,M015,121396.0
2025-09-26,M016,135470.0
2025-09-26,M017,149544.0
2025-09-26,M018,163618.0
2025-09-26,M019,177692.0
2025-09-26,M020,191766.0
2025-09-26,M021,205840.0
2025-09-26,M022,141794.0
2025-09-26,M023,155868.0
2025-09-26,M024,169942.0
2025-09-26,M025,184016.0
2025-09-26,M026,198090.0
2025-09-26,M027,212164.0
2025-09-26,M028,226238.0
2025-09-26,M029,162192.0
2025-09-26,M030,176266.0
2025-09-26,M031,190340.0
2025-09-26,M032,204414.0
2025-09-26,M033,218488.0
2025-09-26,M034,232562.0
2025-09-26,M035,246636.0
2025-09-26,M036,182590.0
2025-09-26,M037,196664.0
2025-09-26,M038,210738.0
2025-09-26,M039,224812.0
2025-09-26,M040,238886.0
2025-09-26,M041,252960.0
2025-09-26,M042,267034.0
2025-09-26,M043,202988.0
2025-09-26,M044,217062.0
2025-09-26,M045,231136.0
2025-09-26,M046,245210.0
2025-09-26,M047,259284.0
2025-09-26,M048,273358.0
2025-09-27,M001,80600.0
2025-09-27,M002,94674.0
2025-09-27,M003,108748.0
2025-09-27,M004,122822.0
2025-09-27,M005,136896.0
2025-09-27,M006,150970.0
2025-09-27,M007,165044.0
2025-09-27,M008,100998.0
2025-09-27,M009,115072.0
2025-09-27,M010,129146.0
2025-09-27,M011,143220.0
2025-09-27,M012,157294.0
2025-09-27,M013,171368.0
2025-09-27,M014,185442.0
2025-09-27,M015,121396.0
2025-09-27,M016,135470.0
2025-09-27,M017,149544.0
2025-09-27,M018,163618.0
2025-09-27,M019,177692.0
2025-09-27,M020,191766.0
2025-09-27,M021,205840.0
2025-09-27,M022,141794.0
2025-09-27,M023,155868.0
2025-09-27,M024,169942.0
2025-09-27,M025,184016.0
2025-09-27,M026,198090.0
2025-09-27,M027,212164.0
2025-09-27,M028,226238.0
2025-09-27,M029,162192.0
2025-09-27,M030,176266.0
2025-09-27,M031,190340.0
2025-09-27,M032,204414.0
2025-09-27,M033,218488.0
2025-09-27,M034,232562.0
2025-09-27,M035,246636.0
2025-09-27,M036,182590.0
2025-09-27,M037,196664.0
2025-09-27,M038,210738.0
2025-09-27,M039,224812.0
2025-09-27,M040,238886.0
2025-09-27,M041,252960.0
2025-09-27,M042,267034.0
2025-09-27,M043,202988.0
2025-09-27,M044,217062.0
2025-09-27,M045,231136.0
2025-09-27,M046,245210.0
2025-09-27,M047,259284.0
2025-09-27,M048,273358.0
2025-09-28,M001,80600.0
2025-09-28,M002,94674.0
2025-09-28,M003,108748.0
2025-09-28,M004,122822.0
2025-09-28,M005,136896.0
2025-09-28,M006,150970.0
2025-09-28,M007,165044.0
2025-09-28,M008,100998.0
2025-09-28,M009,115072.0
2025-09-28,M010,129146.0
2025-09-28,M011,143220.0
2025-09-28,M012,157294.0
2025-09-28,M013,171368.0
2025-09-28,M014,185442.0
2025-09-28,M015,121396.0
2025-09-28,M016,135470.0
2025-09-28,M017,149544.0
2025-09-28,M018,163618.0
2025-09-28,M019,177692.0
2025-09-28,M020,191766.0
2025-09-28,M021,205840.0
2025-09-28,M022,141794.0
2025-09-28,M023,155868.0
2025-09-28,M024,169942.0
2025-09-28,M025,184016.0
2025-09-28,M026,198090.0
2025-09-28,M027,212164.0
2025-09-28,M028,226238.0
2025-09-28,M029,162192.0
2025-09-28,M030,176266.0
2025-09-28,M031,190340.0
2025-09-28,M032,204414.0
2025-09-28,M033,218488.0
2025-09-28,M034,232562.0
2025-09-28,M035,246636.0
2025-09-28,M036,182590.0
2025-09-28,M037,196664.0
2025-09-28,M038,210738.0
2025-09-28,M039,224812.0
2025-09-28,M040,238886.0
2025-09-28,M041,252960.0
2025-09-28,M042,267034.0
2025-09-28,M043,202988.0
2025-09-28,M044,217062.0
2025-09-28,M045,231136.0
2025-09-28,M046,245210.0
2025-09-28,M047,259284.0
2025-09-28,M048,273358.0
2025-09-29,M001,80600.0
2025-09-29,M002,94674.0
2025-09-29,M003,108748.0
2025-09-29,M004,122822.0
2025-09-29,M005,136896.0
2025-09-29,M006,150970.0
2025-09-29,M007,165044.0
2025-09-29,M008,100998.0
2025-09-29,M009,115072.0
2025-09-29,M010,129146.0
2025-09-29,M011,143220.0
2025-09-29,M012,157294.0
2025-09-29,M013,171368.0
2025-09-29,M014,185442.0
2025-09-29,M015,121396.0
2025-09-29,M016,135470.0
2025-09-29,M017,149544.0
2025-09-29,M018,163618.0
2025-09-29,M019,177692.0
2025-09-29,M020,191766.0
2025-09-29,M021,205840.0
2025-09-29,M022,141794.0
2025-09-29,M023,155868.0
2025-09-29,M024,169942.0
2025-09-29,M025,184016.0
2025-09-29,M026,198090.0
2025-09-29,M027,212164.0
2025-09-29,M028,226238.0
2025-09-29,M029,162192.0
2025-09-29,M030,176266.0
2025-09-29,M031,190340.0
2025-09-29,M032,204414.0
2025-09-29,M033,218488.0
2025-09-29,M034,232562.0
2025-09-29,M035,246636.0
2025-09-29,M036,182590.0
2025-09-29,M037,196664.0
2025-09-29,M038,210738.0
2025-09-29,M039,224812.0
2025-09-29,M040,238886.0
2025-09-29,M041,252960.0
2025-09-29,M042,267034.0
2025-09-29,M043,202988.0
2025-09-29,M044,217062.0
2025-09-29,M045,231136.0
2025-09-29,M046,245210.0
2025-09-29,M047,259284.0
2025-09-29,M048,273358.0
2025-09-30,M001,80600.0
2025-09-30,M002,94674.0
2025-09-30,M003,108748.0
2025-09-30,M004,122822.0
2025-09-30,M005,136896.0
2025-09-30,M006,150970.0
2025-09-30,M007,165044.0
2025-09-30,M008,100998.0
2025-09-30,M009,115072.0
2025-09-30,M010,129146.0
2025-09-30,M011,143220.0
2025-09-30,M012,157294.0
2025-09-30,M013,171368.0
2025-09-30,M014,185442.0
2025-09-30,M015,121396.0
2025-09-30,M016,135470.0
2025-09-30,M017,149544.0
2025-09-30,M018,163618.0
2025-09-30,M019,177692.0
2025-09-30,M020,191766.0
2025-09-30,M021,205840.0
2025-09-30,M022,141794.0
2025-09-30,M023,155868.0
2025-09-30,M024,169942.0
2025-09-30,M025,184016.0
2025-09-30,M026,198090.0
2025-09-30,M027,212164.0
2025-09-30,M028,226238.0
2025-09-30,M029,162192.0
2025-09-30,M030,176266.0
2025-09-30,M031,190340.0
2025-09-30,M032,204414.0
2025-09-30,M033,218488.0
2025-09-30,M034,232562.0
2025-09-30,M035,246636.0
2025-09-30,M036,182590.0
2025-09-30,M037,196664.0
2025-09-30,M038,210738.0
2025-09-30,M039,224812.0
2025-09-30,M040,238886.0
2025-09-30,M041,252960.0
2025-09-30,M042,267034.0
2025-09-30,M043,202988.0
2025-09-30,M044,217062.0
2025-09-30,M045,231136.0
2025-09-30,M046,245210.0
2025-09-30,M047,259284.0
2025-09-30,M048,273358.0
2025-10-01,M001,80600.0
2025-10-01,M002,94674.0
2025-10-01,M003,108748.0
2025-10-01,M004,122822.0
2025-10-01,M005,136896.0
2025-10-01,M006,150970.0
2025-10-01,M007,165044.0
2025-10-01,M008,100998.0
2025-10-01,M009,115072.0
2025-10-01,M010,129146.0
2025-10-01,M011,143220.0
2025-10-01,M012,157294.0
2025-10-01,M013,171368.0
2025-10-01,M014,185442.0
2025-10-01,M015,121396.0
2025-10-01,M016,135470.0
2025-10-01,M017,149544.0
2025-10-01,M018,163618.0
2025-10-01,M019,177692.0
2025-10-01,M020,191766.0
2025-10-01,M021,205840.0
2025-10-01,M022,141794.0
2025-10-01,M023,155868.0
2025-10-01,M024,169942.0
2025-10-01,M025,184016.0
2025-10-01,M026,198090.0
2025-10-01,M027,212164.0
2025-10-01,M028,226238.0
2025-10-01,M029,162192.0
2025-10-01,M030,176266.0
2025-10-01,M031,190340.0
2025-10-01,M032,204414.0
2025-10-01,M033,218488.0
2025-10-01,M034,232562.0
2025-10-01,M035,246636.0
2025-10-01,M036,182590.0
2025-10-01,M037,196664.0
2025-10-01,M038,210738.0
2025-10-01,M039,224812.0
2025-10-01,M040,238886.0
2025-10-01,M041,252960.0
2025-10-01,M042,267034.0
2025-10-01,M043,202988.0
2025-10-01,M044,217062.0
2025-10-01,M045,231136.0
2025-10-01,M046,245210.0
2025-10-01,M047,259284.0
2025-10-01,M048,273358.0
2025-10-02,M001,80600.0
2025-10-02,M002,94674.0
2025-10-02,M003,108748.0
2025-10-02,M004,122822.0
2025-10-02,M005,136896.0
2025-10-02,M006,150970.0
2025-10-02,M007,165044.0
2025-10-02,M008,100998.0
2025-10-02,M009,115072.0
2025-10-02,M010,129146.0
2025-10-02,M011,143220.0
2025-10-02,M012,157294.0
2025-10-02,M013,171368.0
2025-10-02,M014,185442.0
2025-10-02,M015,121396.0
2025-10-02,M016,135470.0
2025-10-02,M017,149544.0
2025-10-02,M018,163618.0
2025-10-02,M019,177692.0
2025-10-02,M020,191766.0
2025-10-02,M021,205840.0
2025-10-02,M022,141794.0
2025-10-02,M023,155868.0
2025-10-02,M024,169942.0
2025-10-02,M025,184016.0
2025-10-02,M026,198090.0
2025-10-02,M027,212164.0
2025-10-02,M028,226238.0
2025-10-02,M029,162192.0
2025-10-02,M030,176266.0
2025-10-02,M031,190340.0
2025-10-02,M032,204414.0
2025-10-02,M033,218488.0
2025-10-02,M034,232562.0
2025-10-02,M035,246636.0
2025-10-02,M036,182590.0
2025-10-02,M037,196664.0
2025-10-02,M038,210738.0
2025-10-02,M039,224812.0
2025-10-02,M040,238886.0
2025-10-02,M041,252960.0
2025-10-02,M042,267034.0
2025-10-02,M043,202988.0
2025-10-02,M044,217062.0
2025-10-02,M045,231136.0
2025-10-02,M046,245210.0
2025-10-02,M047,259284.0
2025-10-02,M048,273358.0
2025-10-03,M001,80600.0
2025-10-03,M002,94674.0
2025-10-03,M003,108748.0
2025-10-03,M004,122822.0
2025-10-03,M005,136896.0
2025-10-03,M006,150970.0
2025-10-03,M007,165044.0
2025-10-03,M008,100998.0
2025-10-03,M009,115072.0
2025-10-03,M010,129146.0
2025-10-03,M011,143220.0
2025-10-03,M012,157294.0
2025-10-03,M013,171368.0
2025-10-03,M014,185442.0
2025-10-03,M015,121396.0
2025-10-03,M016,135470.0
2025-10-03,M017,149544.0
2025-10-03,M018,163618.0
2025-10-03,M019,177692.0
2025-10-03,M020,191766.0
2025-10-03,M021,205840.0
2025-10-03,M022,141794.0
2025-10-03,M023,155868.0
2025-10-03,M024,169942.0
2025-10-03,M025,184016.0
2025-10-03,M026,198090.0
2025-10-03,M027,212164.0
2025-10-03,M028,226238.0
2025-10-03,M029,162192.0
2025-10-03,M030,176266.0
2025-10-03,M031,190340.0
2025-10-03,M032,204414.0
2025-10-03,M033,218488.0
2025-10-03,M034,232562.0
2025-10-03,M035,246636.0
2025-10-03,M036,182590.0
2025-10-03,M037,196664.0
2025-10-03,M038,210738.0
2025-10-03,M039,224812.0
2025-10-03,M040,238886.0
2025-10-03,M041,252960.0
2025-10-03,M042,267034.0
2025-10-03,M043,202988.0
2025-10-03,M044,217062.0
2025-10-03,M045,231136.0
2025-10-03,M046,245210.0
2025-10-03,M047,259284.0
2025-10-03,M048,273358.0
2025-10-04,M001,80600.0
2025-10-04,M002,94674.0
2025-10-04,M003,108748.0
2025-10-04,M004,122822.0
2025-10-04,M005,136896.0
2025-10-04,M006,150970.0
2025-10-04,M007,165044.0
2025-10-04,M008,100998.0
2025-10-04,M009,115072.0
2025-10-04,M010,129146.0
2025-10-04,M011,143220.0
2025-10-04,M012,157294.0
2025-10-04,M013,171368.0
2025-10-04,M014,185442.0
2025-10-04,M015,121396.0
2025-10-04,M016,135470.0
2025-10-04,M017,149544.0
2025-10-04,M018,163618.0
2025-10-04,M019,177692.0
2025-10-04,M020,191766.0
2025-10-04,M021,205840.0
2025-10-04,M022,141794.0
2025-10-04,M023,155868.0
2025-10-04,M024,169942.0
2025-10-04,M025,184016.0
2025-10-04,M026,198090.0
2025-10-04,M027,212164.0
2025-10-04,M028,226238.0
2025-10-04,M029,162192.0
2025-10-04,M030,176266.0
2025-10-04,M031,190340.0
2025-10-04,M032,204414.0
2025-10-04,M033,218488.0
2025-10-04,M034,232562.0
2025-10-04,M035,246636.0
2025-10-04,M036,182590.0
2025-10-04,M037,196664.0
2025-10-04,M038,210738.0
2025-10-04,M039,224812.0
2025-10-04,M040,238886.0
2025-10-04,M041,252960.0
2025-10-04,M042,267034.0
2025-10-04,M043,202988.0
2025-10-04,M044,217062.0
2025-10-04,M045,231136.0
2025-10-04,M046,245210.0
2025-10-04,M047,259284.0
2025-10-04,M048,273358.0
2025-10-05,M001,80600.0
2025-10-05,M002,94674.0
2025-10-05,M003,108748.0
2025-10-05,M004,122822.0
2025-10-05,M005,136896.0
2025-10-05,M006,150970.0
2025-10-05,M007,165044.0
2025-10-05,M008,100998.0
2025-10-05,M009,115072.0
2025-10-05,M010,129146.0
2025-10-05,M011,143220.0
2025-10-05,M012,157294.0
2025-10-05,M013,171368.0
2025-10-05,M014,185442.0
2025-10-05,M015,121396.0
2025-10-05,M016,135470.0
2025-10-05,M017,149544.0
2025-10-05,M018,163618.0
2025-10-05,M019,177692.0
2025-10-05,M020,191766.0
2025-10-05,M021,205840.0
2025-10-05,M022,141794.0
2025-10-05,M023,155868.0
2025-10-05,M024,169942.0
2025-10-05,M025,184016.0
2025-10-05,M026,198090.0
2025-10-05,M027,212164.0
2025-10-05,M028,226238.0
2025-10-05,M029,162192.0
2025-10-05,M030,176266.0
2025-10-05,M031,190340.0
2025-10-05,M032,204414.0
2025-10-05,M033,218488.0
2025-10-05,M034,232562.0
2025-10-05,M035,246636.0
2025-10-05,M036,182590.0
2025-10-05,M037,196664.0
2025-10-05,M038,210738.0
2025-10-05,M039,224812.0
2025-10-05,M040,238886.0
2025-10-05,M041,252960.0
2025-10-05,M042,267034.0
2025-10-05,M043,202988.0
2025-10-05,M044,217062.0
2025-10-05,M045,231136.0
2025-10-05,M046,245210.0
2025-10-05,M047,259284.0
2025-10-05,M048,273358.0
2025-10-06,M001,80600.0
2025-10-06,M002,94674.0
2025-10-06,M003,108748.0
2025-10-06,M004,122822.0
2025-10-06,M005,136896.0
2025-10-06,M006,150970.0
2025-10-06,M007,165044.0
2025-10-06,M008,100998.0
2025-10-06,M009,115072.0
2025-10-06,M010,129146.0
2025-10-06,M011,143220.0
2025-10-06,M012,157294.0
2025-10-06,M013,171368.0
2025-10-06,M014,185442.0
2025-10-06,M015,121396.0
2025-10-06,M016,135470.0
2025-10-06,M017,149544.0
2025-10-06,M018,163618.0
2025-10-06,M019,177692.0
2025-10-06,M020,191766.0
2025-10-06,M021,205840.0
2025-10-06,M022,141794.0
2025-10-06,M023,155868.0
2025-10-06,M024,169942.0
2025-10-06,M025,184016.0
2025-10-06,M026,198090.0
2025-10-06,M027,212164.0
2025-10-06,M028,226238.0
2025-10-06,M029,162192.0
2025-10-06,M030,176266.0
2025-10-06,M031,190340.0
2025-10-06,M032,204414.0
2025-10-06,M033,218488.0
2025-10-06,M034,232562.0
2025-10-06,M035,246636.0
2025-10-06,M036,182590.0
2025-10-06,M037,196664.0
2025-10-06,M038,210738.0
2025-10-06,M039,224812.0
2025-10-06,M040,238886.0
2025-10-06,M041,252960.0
2025-10-06,M042,267034.0
2025-10-06,M043,202988.0
2025-10-06,M044,217062.0
2025-10-06,M045,231136.0
2025-10-06,M046,245210.0
2025-10-06,M047,259284.0
2025-10-06,M048,273358.0
2025-10-07,M001,80600.0
2025-10-07,M002,94674.0
2025-10-07,M003,108748.0
2025-10-07,M004,122822.0
2025-10-07,M005,136896.0
2025-10-07,M006,150970.0
2025-10-07,M007,165044.0
2025-10-07,M008,100998.0
2025-10-07,M009,115072.0
2025-10-07,M010,129146.0
2025-10-07,M011,143220.0
2025-10-07,M012,157294.0
2025-10-07,M013,171368.0
2025-10-07,M014,185442.0
2025-10-07,M015,121396.0
2025-10-07,M016,135470.0
2025-10-07,M017,149544.0
2025-10-07,M018,163618.0
2025-10-07,M019,177692.0
2025-10-07,M020,191766.0
2025-10-07,M021,205840.0
2025-10-07,M022,141794.0
2025-10-07,M023,155868.0
2025-10-07,M024,169942.0
2025-10-07,M025,184016.0
2025-10-07,M026,198090.0
2025-10-07,M027,212164.0
2025-10-07,M028,226238.0
2025-10-07,M029,162192.0
2025-10-07,M030,176266.0
2025-10-07,M031,190340.0
2025-10-07,M032,204414.0
2025-10-07,M033,218488.0
2025-10-07,M034,232562.0
2025-10-07,M035,246636.0
2025-10-07,M036,182590.0
2025-10-07,M037,196664.0
2025-10-07,M038,210738.0
2025-10-07,M039,224812.0
2025-10-07,M040,238886.0
2025-10-07,M041,252960.0
2025-10-07,M042,267034.0
2025-10-07,M043,202988.0
2025-10-07,M044,217062.0
2025-10-07,M045,231136.0
2025-10-07,M046,245210.0
2025-10-07,M047,259284.0
2025-10-07,M048,273358.0
2025-10-08,M001,80600.0
2025-10-08,M002,94674.0
2025-10-08,M003,108748.0
2025-10-08,M004,122822.0
2025-10-08,M005,136896.0
2025-10-08,M006,150970.0
2025-10-08,M007,165044.0
2025-10-08,M008,100998.0
2025-10-08,M009,115072.0
2025-10-08,M010,129146.0
2025-10-08,M011,143220.0
2025-10-08,M012,157294.0
2025-10-08,M013,171368.0
2025-10-08,M014,185442.0
2025-10-08,M015,121396.0
2025-10-08,M016,135470.0
2025-10-08,M017,149544.0
2025-10-08,M018,163618.0
2025-10-08,M019,177692.0
2025-10-08,M020,191766.0
2025-10-08,M021,205840.0
2025-10-08,M022,141794.0
2025-10-08,M023,155868.0
2025-10-08,M024,169942.0
2025-10-08,M025,184016.0
2025-10-08,M026,198090.0
2025-10-08,M027,212164.0
2025-10-08,M028,226238.0
2025-10-08,M029,162192.0
2025-10-08,M030,176266.0
2025-10-08,M031,190340.0
2025-10-08,M032,204414.0
2025-10-08,M033,218488.0
2025-10-08,M034,232562.0
2025-10-08,M035,246636.0
2025-10-08,M036,182590.0
2025-10-08,M037,196664.0
2025-10-08,M038,210738.0
2025-10-08,M039,224812.0
2025-10-08,M040,238886.0
2025-10-08,M041,252960.0
2025-10-08,M042,267034.0
2025-10-08,M043,202988.0
2025-10-08,M044,217062.0
2025-10-08,M045,231136.0
2025-10-08,M046,245210.0
2025-10-08,M047,259284.0
2025-10-08,M048,273358.0
2025-10-09,M001,80600.0
2025-10-09,M002,94674.0
2025-10-09,M003,108748.0
2025-10-09,M004,122822.0
2025-10-09,M005,136896.0
2025-10-09,M006,150970.0
2025-10-09,M007,165044.0
2025-10-09,M008,100998.0
2025-10-09,M009,115072.0
2025-10-09,M010,129146.0
2025-10-09,M011,143220.0
2025-10-09,M012,157294.0
2025-10-09,M013,171368.0
2025-10-09,M014,185442.0
2025-10-09,M015,121396.0
2025-10-09,M016,135470.0
2025-10-09,M017,149544.0
2025-10-09,M018,163618.0
2025-10-09,M019,177692.0
2025-10-09,M020,191766.0
2025-10-09,M021,205840.0
2025-10-09,M022,141794.0
2025-10-09,M023,155868.0
2025-10-09,M024,169942.0
2025-10-09,M025,184016.0
2025-10-09,M026,198090.0
2025-10-09,M027,212164.0
2025-10-09,M028,226238.0
2025-10-09,M029,162192.0
2025-10-09,M030,176266.0
2025-10-09,M031,190340.0
2025-10-09,M032,204414.0
2025-10-09,M033,218488.0
2025-10-09,M034,232562.0
2025-10-09,M035,246636.0
2025-10-09,M036,182590.0
2025-10-09,M037,196664.0
2025-10-09,M038,210738.0
2025-10-09,M039,224812.0
2025-10-09,M040,238886.0
2025-10-09,M041,252960.0
2025-10-09,M042,267034.0
2025-10-09,M043,202988.0
2025-10-09,M044,217062.0
2025-10-09,M045,231136.0
2025-10-09,M046,245210.0
2025-10-09,M047,259284.0
2025-10-09,M048,273358.0
2025-10-10,M001,80600.0
2025-10-10,M002,94674.0
2025-10-10,M003,108748.0
2025-10-10,M004,122822.0
2025-10-10,M005,136896.0
2025-10-10,M006,150970.0
2025-10-10,M007,165044.0
2025-10-10,M008,100998.0
2025-10-10,M009,115072.0
2025-10-10,M010,129146.0
2025-10-10,M011,143220.0
2025-10-10,M012,157294.0
2025-10-10,M013,171368.0
2025-10-10,M014,185442.0
2025-10-10,M015,121396.0
2025-10-10,M016,135470.0
2025-10-10,M017,149544.0
2025-10-10,M018,163618.0
2025-10-10,M019,177692.0
2025-10-10,M020,191766.0
2025-10-10,M021,205840.0
2025-10-10,M022,141794.0
2025-10-10,M023,155868.0
2025-10-10,M024,169942.0
2025-10-10,M025,184016.0
2025-10-10,M026,198090.0
2025-10-10,M027,212164.0
2025-10-10,M028,226238.0
2025-10-10,M029,162192.0
2025-10-10,M030,176266.0
2025-10-10,M031,190340.0
2025-10-10,M032,204414.0
2025-10-10,M033,218488.0
2025-10-10,M034,232562.0
2025-10-10,M035,246636.0
2025-10-10,M036,182590.0
2025-10-10,M037,196664.0
2025-10-10,M038,210738.0
2025-10-10,M039,224812.0
2025-10-10,M040,238886.0
2025-10-10,M041,252960.0
2025-10-10,M042,267034.0
2025-10-10,M043,202988.0
2025-10-10,M044,217062.0
2025-10-10,M045,231136.0
2025-10-10,M046,245210.0
2025-10-10,M047,259284.0
2025-10-10,M048,273358.0
2025-10-11,M001,80600.0
2025-10-11,M002,94674.0
2025-10-11,M003,108748.0
2025-10-11,M004,122822.0
2025-10-11,M005,136896.0
2025-10-11,M006,150970.0
2025-10-11,M007,165044.0
2025-10-11,M008,100998.0
2025-10-11,M009,115072.0
2025-10-11,M010,129146.0
2025-10-11,M011,143220.0
2025-10-11,M012,157294.0
2025-10-11,M013,171368.0
2025-10-11,M014,185442.0
2025-10-11,M015,121396.0
2025-10-11,M016,135470.0
2025-10-11,M017,149544.0
2025-10-11,M018,163618.0
2025-10-11,M019,177692.0
2025-10-11,M020,191766.0
2025-10-11,M021,205840.0
2025-10-11,M022,141794.0
2025-10-11,M023,155868.0
2025-10-11,M024,169942.0
2025-10-11,M025,184016.0
2025-10-11,M026,198090.0
2025-10-11,M027,212164.0
2025-10-11,M028,226238.0
2025-10-11,M029,162192.0
2025-10-11,M030,176266.0
2025-10-11,M031,190340.0
2025-10-11,M032,204414.0
2025-10-11,M033,218488.0
2025-10-11,M034,232562.0
2025-10-11,M035,246636.0
2025-10-11,M036,182590.0
2025-10-11,M037,196664.0
2025-10-11,M038,210738.0
2025-10-11,M039,224812.0
2025-10-11,M040,238886.0
2025-10-11,M041,252960.0
2025-10-11,M042,267034.0
2025-10-11,M043,202988.0
2025-10-11,M044,217062.0
2025-10-11,M045,231136.0
2025-10-11,M046,245210.0
2025-10-11,M047,259284.0
2025-10-11,M048,273358.0
2025-10-12,M001,80600.0
2025-10-12,M002,94674.0
2025-10-12,M003,108748.0
2025-10-12,M004,122822.0
2025-10-12,M005,136896.0
2025-10-12,M006,150970.0
2025-10-12,M007,165044.0
2025-10-12,M008,100998.0
2025-10-12,M009,115072.0
2025-10-12,M010,129146.0
2025-10-12,M011,143220.0
2025-10-12,M012,157294.0
2025-10-12,M013,171368.0
2025-10-12,M014,185442.0
2025-10-12,M015,121396.0
2025-10-12,M016,135470.0
2025-10-12,M017,149544.0
2025-10-12,M018,163618.0
2025-10-12,M019,177692.0
2025-10-12,M020,191766.0
2025-10-12,M021,205840.0
2025-10-12,M022,141794.0
2025-10-12,M023,155868.0
2025-10-12,M024,169942.0
2025-10-12,M025,184016.0
2025-10-12,M026,198090.0
2025-10-12,M027,212164.0
2025-10-12,M028,226238.0
2025-10-12,M029,162192.0
2025-10-12,M030,176266.0
2025-10-12,M031,190340.0
2025-10-12,M032,204414.0
2025-10-12,M033,218488.0
2025-10-12,M034,232562.0
2025-10-12,M035,246636.0
2025-10-12,M036,182590.0
2025-10-12,M037,196664.0
2025-10-12,M038,210738.0
2025-10-12,M039,224812.0
2025-10-12,M040,238886.0
2025-10-12,M041,252960.0
2025-10-12,M042,267034.0
2025-10-12,M043,202988.0
2025-10-12,M044,217062.0
2025-10-12,M045,231136.0
2025-10-12,M046,245210.0
2025-10-12,M047,259284.0
2025-10-12,M048,273358.0
2025-10-13,M001,80600.0
2025-10-13,M002,94674.0
2025-10-13,M003,108748.0
2025-10-13,M004,122822.0
2025-10-13,M005,136896.0
2025-10-13,M006,150970.0
2025-10-13,M007,165044.0
2025-10-13,M008,100998.0
2025-10-13,M009,115072.0
2025-10-13,M010,129146.0
2025-10-13,M011,143220.0
2025-10-13,M012,157294.0
2025-10-13,M013,171368.0
2025-10-13,M014,185442.0
2025-10-13,M015,121396.0
2025-10-13,M016,135470.0
2025-10-13,M017,149544.0
2025-10-13,M018,163618.0
2025-10-13,M019,177692.0
2025-10-13,M020,191766.0
2025-10-13,M021,205840.0
2025-10-13,M022,141794.0
2025-10-13,M023,155868.0
2025-10-13,M024,169942.0
2025-10-13,M025,184016.0
2025-10-13,M026,198090.0
2025-10-13,M027,212164.0
2025-10-13,M028,226238.0
2025-10-13,M029,162192.0
2025-10-13,M030,176266.0
2025-10-13,M031,190340.0
2025-10-13,M032,204414.0
2025-10-13,M033,218488.0
2025-10-13,M034,232562.0
2025-10-13,M035,246636.0
2025-10-13,M036,182590.0
2025-10-13,M037,196664.0
2025-10-13,M038,210738.0
2025-10-13,M039,224812.0
2025-10-13,M040,238886.0
2025-10-13,M041,252960.0
2025-10-13,M042,267034.0
2025-10-13,M043,202988.0
2025-10-13,M044,217062.0
2025-10-13,M045,231136.0
2025-10-13,M046,245210.0
2025-10-13,M047,259284.0
2025-10-13,M048,273358.0
2025-10-14,M001,80600.0
2025-10-14,M002,94674.0
2025-10-14,M003,108748.0
2025-10-14,M004,122822.0
2025-10-14,M005,136896.0
2025-10-14,M006,150970.0
2025-10-14,M007,165044.0
2025-10-14,M008,100998.0
2025-10-14,M009,115072.0
2025-10-14,M010,129146.0
2025-10-14,M011,143220.0
2025-10-14,M012,157294.0
2025-10-14,M013,171368.0
2025-10-14,M014,185442.0
2025-10-14,M015,121396.0
2025-10-14,M016,135470.0
2025-10-14,M017,149544.0
2025-10-14,M018,163618.0
2025-10-14,M019,177692.0
2025-10-14,M020,191766.0
2025-10-14,M021,205840.0
2025-10-14,M022,141794.0
2025-10-14,M023,155868.0
2025-10-14,M024,169942.0
2025-10-14,M025,184016.0
2025-10-14,M026,198090.0
2025-10-14,M027,212164.0
2025-10-14,M028,226238.0
2025-10-14,M029,162192.0
2025-10-14,M030,176266.0
2025-10-14,M031,190340.0
2025-10-14,M032,204414.0
2025-10-14,M033,218488.0
2025-10-14,M034,232562.0
2025-10-14,M035,246636.0
2025-10-14,M036,182590.0
2025-10-14,M037,196664.0
2025-10-14,M038,210738.0
2025-10-14,M039,224812.0
2025-10-14,M040,238886.0
2025-10-14,M041,252960.0
2025-10-14,M042,267034.0
2025-10-14,M043,202988.0
2025-10-14,M044,217062.0
2025-10-14,M045,231136.0
2025-10-14,M046,245210.0
2025-10-14,M047,259284.0
2025-10-14,M048,273358.0
2025-10-15,M001,80600.0
2025-10-15,M002,94674.0
2025-10-15,M003,108748.0
2025-10-15,M004,122822.0
2025-10-15,M005,136896.0
2025-10-15,M006,150970.0
2025-10-15,M007,165044.0
2025-10-15,M008,100998.0
2025-10-15,M009,115072.0
2025-10-15,M010,129146.0
2025-10-15,M011,143220.0
2025-10-15,M012,157294.0
2025-10-15,M013,171368.0
2025-10-15,M014,185442.0
2025-10-15,M015,121396.0
2025-10-15,M016,135470.0
2025-10-15,M017,149544.0
2025-10-15,M018,163618.0
2025-10-15,M019,177692.0
2025-10-15,M020,191766.0
2025-10-15,M021,205840.0
2025-10-15,M022,141794.0
2025-10-15,M023,155868.0
2025-10-15,M024,169942.0
2025-10-15,M025,184016.0
2025-10-15,M026,198090.0
2025-10-15,M027,212164.0
2025-10-15,M028,226238.0
2025-10-15,M029,162192.0
2025-10-15,M030,176266.0
2025-10-15,M031,190340.0
2025-10-15,M032,204414.0
2025-10-15,M033,218488.0
2025-10-15,M034,232562.0
2025-10-15,M035,246636.0
2025-10-15,M036,182590.0
2025-10-15,M037,196664.0
2025-10-15,M038,210738.0
2025-10-15,M039,224812.0
2025-10-15,M040,238886.0
2025-10-15,M041,252960.0
2025-10-15,M042,267034.0
2025-10-15,M043,202988.0
2025-10-15,M044,217062.0
2025-10-15,M045,231136.0
2025-10-15,M046,245210.0
2025-10-15,M047,259284.0
2025-10-15,M048,273358.0
2025-10-16,M001,80600.0
2025-10-16,M002,94674.0
2025-10-16,M003,108748.0
2025-10-16,M004,122822.0
2025-10-16,M005,136896.0
2025-10-16,M006,150970.0
2025-10-16,M007,165044.0
2025-10-16,M008,100998.0
2025-10-16,M009,115072.0
2025-10-16,M010,129146.0
2025-10-16,M011,143220.0
2025-10-16,M012,157294.0
2025-10-16,M013,171368.0
2025-10-16,M014,185442.0
2025-10-16,M015,121396.0
2025-10-16,M016,135470.0
2025-10-16,M017,149544.0
2025-10-16,M018,163618.0
2025-10-16,M019,177692.0
2025-10-16,M020,191766.0
2025-10-16,M021,205840.0
2025-10-16,M022,141794.0
2025-10-16,M023,155868.0
2025-10-16,M024,169942.0
2025-10-16,M025,184016.0
2025-10-16,M026,198090.0
2025-10-16,M027,212164.0
2025-10-16,M028,226238.0
2025-10-16,M029,162192.0
2025-10-16,M030,176266.0
2025-10-16,M031,190340.0
2025-10-16,M032,204414.0
2025-10-16,M033,218488.0
2025-10-16,M034,232562.0
2025-10-16,M035,246636.0
2025-10-16,M036,182590.0
2025-10-16,M037,196664.0
2025-10-16,M038,210738.0
2025-10-16,M039,224812.0
2025-10-16,M040,238886.0
2025-10-16,M041,252960.0
2025-10-16,M042,267034.0
2025-10-16,M043,202988.0
2025-10-16,M044,217062.0
2025-10-16,M045,231136.0
2025-10-16,M046,245210.0
2025-10-16,M047,259284.0
2025-10-16,M048,273358.0
2025-10-17,M001,80600.0
2025-10-17,M002,94674.0
2025-10-17,M003,108748.0
2025-10-17,M004,122822.0
2025-10-17,M005,136896.0
2025-10-17,M006,150970.0
2025-10-17,M007,165044.0
2025-10-17,M008,100998.0
2025-10-17,M009,115072.0
2025-10-17,M010,129146.0
2025-10-17,M011,143220.0
2025-10-17,M012,157294.0
2025-10-17,M013,171368.0
2025-10-17,M014,185442.0
2025-10-17,M015,121396.0
2025-10-17,M016,135470.0
2025-10-17,M017,149544.0
2025-10-17,M018,163618.0
2025-10-17,M019,177692.0
2025-10-17,M020,191766.0
2025-10-17,M021,205840.0
2025-10-17,M022,141794.0
2025-10-17,M023,155868.0
2025-10-17,M024,169942.0
2025-10-17,M025,184016.0
2025-10-17,M026,198090.0
2025-10-17,M027,212164.0
2025-10-17,M028,226238.0
2025-10-17,M029,162192.0
2025-10-17,M030,176266.0
2025-10-17,M031,190340.0
2025-10-17,M032,204414.0
2025-10-17,M033,218488.0
2025-10-17,M034,232562.0
2025-10-17,M035,246636.0
2025-10-17,M036,182590.0
2025-10-17,M037,196664.0
2025-10-17,M038,210738.0
2025-10-17,M039,224812.0
2025-10-17,M040,238886.0
2025-10-17,M041,252960.0
2025-10-17,M042,267034.0
2025-10-17,M043,202988.0
2025-10-17,M044,217062.0
2025-10-17,M045,231136.0
2025-10-17,M046,245210.0
2025-10-17,M047,259284.0
2025-10-17,M048,273358.0
2025-10-18,M001,80600.0
2025-10-18,M002,94674.0
2025-10-18,M003,108748.0
2025-10-18,M004,122822.0
2025-10-18,M005,136896.0
2025-10-18,M006,150970.0
2025-10-18,M007,165044.0
2025-10-18,M008,100998.0
2025-10-18,M009,115072.0
2025-10-18,M010,129146.0
2025-10-18,M011,143220.0
2025-10-18,M012,157294.0
2025-10-18,M013,171368.0
2025-10-18,M014,185442.0
2025-10-18,M015,121396.0
2025-10-18,M016,135470.0
2025-10-18,M017,149544.0
2025-10-18,M018,163618.0
2025-10-18,M019,177692.0
2025-10-18,M020,191766.0
2025-10-18,M021,205840.0
2025-10-18,M022,141794.0
2025-10-18,M023,155868.0
2025-10-18,M024,169942.0
2025-10-18,M025,184016.0
2025-10-18,M026,198090.0
2025-10-18,M027,212164.0
2025-10-18,M028,226238.0
2025-10-18,M029,162192.0
2025-10-18,M030,176266.0
2025-10-18,M031,190340.0
2025-10-18,M032,204414.0
2025-10-18,M033,218488.0
2025-10-18,M034,232562.0
2025-10-18,M035,246636.0
2025-10-18,M036,182590.0
2025-10-18,M037,196664.0
2025-10-18,M038,210738.0
2025-10-18,M039,224812.0
2025-10-18,M040,238886.0
2025-10-18,M041,252960.0
2025-10-18,M042,267034.0
2025-10-18,M043,202988.0
2025-10-18,M044,217062.0
2025-10-18,M045,231136.0
2025-10-18,M046,245210.0
2025-10-18,M047,259284.0
2025-10-18,M048,273358.0
2025-10-19,M001,80600.0
2025-10-19,M002,94674.0
2025-10-19,M003,108748.0
2025-10-19,M004,122822.0
2025-10-19,M005,136896.0
2025-10-19,M006,150970.0
2025-10-19,M007,165044.0
2025-10-19,M008,100998.0
2025-10-19,M009,115072.0
2025-10-19,M010,129146.0
2025-10-19,M011,143220.0
2025-10-19,M012,157294.0
2025-10-19,M013,171368.0
2025-10-19,M014,185442.0
2025-10-19,M015,121396.0
2025-10-19,M016,135470.0
2025-10-19,M017,149544.0
2025-10-19,M018,163618.0
2025-10-19,M019,177692.0
2025-10-19,M020,191766.0
2025-10-19,M021,205840.0
2025-10-19,M022,141794.0
2025-10-19,M023,155868.0
2025-10-19,M024,169942.0
2025-10-19,M025,184016.0
2025-10-19,M026,198090.0
2025-10-19,M027,212164.0
2025-10-19,M028,226238.0
2025-10-19,M029,162192.0
2025-10-19,M030,176266.0
2025-10-19,M031,190340.0
2025-10-19,M032,204414.0
2025-10-19,M033,218488.0
2025-10-19,M034,232562.0
2025-10-19,M035,246636.0
2025-10-19,M036,182590.0
2025-10-19,M037,196664.0
2025-10-19,M038,210738.0
2025-10-19,M039,224812.0
2025-10-19,M040,238886.0
2025-10-19,M041,252960.0
2025-10-19,M042,267034.0
2025-10-19,M043,202988.0
2025-10-19,M044,217062.0
2025-10-19,M045,231136.0
2025-10-19,M046,245210.0
2025-10-19,M047,259284.0
2025-10-19,M048,273358.0
2025-10-20,M001,80600.0
2025-10-20,M002,94674.0
2025-10-20,M003,108748.0
2025-10-20,M004,122822.0
2025-10-20,M005,136896.0
2025-10-20,M006,150970.0
2025-10-20,M007,165044.0
2025-10-20,M008,100998.0
2025-10-20,M009,115072.0
2025-10-20,M010,129146.0
2025-10-20,M011,143220.0
2025-10-20,M012,157294.0
2025-10-20,M013,171368.0
2025-10-20,M014,185442.0
2025-10-20,M015,121396.0
2025-10-20,M016,135470.0
2025-10-20,M017,149544.0
2025-10-20,M018,163618.0
2025-10-20,M019,177692.0
2025-10-20,M020,191766.0
2025-10-20,M021,205840.0
2025-10-20,M022,141794.0
2025-10-20,M023,155868.0
2025-10-20,M024,169942.0
2025-10-20,M025,184016.0
2025-10-20,M026,198090.0
2025-10-20,M027,212164.0
2025-10-20,M028,226238.0
2025-10-20,M029,162192.0
2025-10-20,M030,176266.0
2025-10-20,M031,190340.0
2025-10-20,M032,204414.0
2025-10-20,M033,218488.0
2025-10-20,M034,232562.0
2025-10-20,M035,246636.0
2025-10-20,M036,182590.0
2025-10-20,M037,196664.0
2025-10-20,M038,210738.0
2025-10-20,M039,224812.0
2025-10-20,M040,238886.0
2025-10-20,M041,252960.0
2025-10-20,M042,267034.0
2025-10-20,M043,202988.0
2025-10-20,M044,217062.0
2025-10-20,M045,231136.0
2025-10-20,M046,245210.0
2025-10-20,M047,259284.0
2025-10-20,M048,273358.0
2025-10-21,M001,80600.0
2025-10-21,M002,94674.0
2025-10-21,M003,108748.0
2025-10-21,M004,122822.0
2025-10-21,M005,136896.0
2025-10-21,M006,150970.0
2025-10-21,M007,165044.0
2025-10-21,M008,100998.0
2025-10-21,M009,115072.0
2025-10-21,M010,129146.0
2025-10-21,M011,143220.0
2025-10-21,M012,157294.0
2025-10-21,M013,171368.0
2025-10-21,M014,185442.0
2025-10-21,M015,121396.0
2025-10-21,M016,135470.0
2025-10-21,M017,149544.0
2025-10-21,M018,163618.0
2025-10-21,M019,177692.0
2025-10-21,M020,191766.0
2025-10-21,M021,205840.0
2025-10-21,M022,141794.0
2025-10-21,M023,155868.0
2025-10-21,M024,169942.0
2025-10-21,M025,184016.0
2025-10-21,M026,198090.0
2025-10-21,M027,212164.0
2025-10-21,M028,226238.0
2025-10-21,M029,162192.0
2025-10-21,M030,176266.0
2025-10-21,M031,190340.0
2025-10-21,M032,204414.0
2025-10-21,M033,218488.0
2025-10-21,M034,232562.0
2025-10-21,M035,246636.0
2025-10-21,M036,182590.0
2025-10-21,M037,196664.0
2025-10-21,M038,210738.0
2025-10-21,M039,224812.0
2025-10-21,M040,238886.0
2025-10-21,M041,252960.0
2025-10-21,M042,267034.0
2025-10-21,M043,202988.0
2025-10-21,M044,217062.0
2025-10-21,M045,231136.0
2025-10-21,M046,245210.0
2025-10-21,M047,259284.0
2025-10-21,M048,273358.0
2025-10-22,M001,80600.0
2025-10-22,M002,94674.0
2025-10-22,M003,108748.0
2025-10-22,M004,122822.0
2025-10-22,M005,136896.0
2025-10-22,M006,150970.0
2025-10-22,M007,165044.0
2025-10-22,M008,100998.0
2025-10-22,M009,115072.0
2025-10-22,M010,129146.0
2025-10-22,M011,143220.0
2025-10-22,M012,157294.0
2025-10-22,M013,171368.0
2025-10-22,M014,185442.0
2025-10-22,M015,121396.0
2025-10-22,M016,135470.0
2025-10-22,M017,149544.0
2025-10-22,M018,163618.0
2025-10-22,M019,177692.0
2025-10-22,M020,191766.0
2025-10-22,M021,205840.0
2025-10-22,M022,141794.0
2025-10-22,M023,155868.0
2025-10-22,M024,169942.0
2025-10-22,M025,184016.0
2025-10-22,M026,198090.0
2025-10-22,M027,212164.0
2025-10-22,M028,226238.0
2025-10-22,M029,162192.0
2025-10-22,M030,176266.0
2025-10-22,M031,190340.0
2025-10-22,M032,204414.0
2025-10-22,M033,218488.0
2025-10-22,M034,232562.0
2025-10-22,M035,246636.0
2025-10-22,M036,182590.0
2025-10-22,M037,196664.0
2025-10-22,M038,210738.0
2025-10-22,M039,224812.0
2025-10-22,M040,238886.0
2025-10-22,M041,252960.0
2025-10-22,M042,267034.0
2025-10-22,M043,202988.0
2025-10-22,M044,217062.0
2025-10-22,M045,231136.0
2025-10-22,M046,245210.0
2025-10-22,M047,259284.0
2025-10-22,M048,273358.0
2025-10-23,M001,80600.0
2025-10-23,M002,94674.0
2025-10-23,M003,108748.0
2025-10-23,M004,122822.0
2025-10-23,M005,136896.0
2025-10-23,M006,150970.0
2025-10-23,M007,165044.0
2025-10-23,M008,100998.0
2025-10-23,M009,115072.0
2025-10-23,M010,129146.0
2025-10-23,M011,143220.0
2025-10-23,M012,157294.0
2025-10-23,M013,171368.0
2025-10-23,M014,185442.0
2025-10-23,M015,121396.0
2025-10-23,M016,135470.0
2025-10-23,M017,149544.0
2025-10-23,M018,163618.0
2025-10-23,M019,177692.0
2025-10-23,M020,191766.0
2025-10-23,M021,205840.0
2025-10-23,M022,141794.0
2025-10-23,M023,155868.0
2025-10-23,M024,169942.0
2025-10-23,M025,184016.0
2025-10-23,M026,198090.0
2025-10-23,M027,212164.0
2025-10-23,M028,226238.0
2025-10-23,M029,162192.0
2025-10-23,M030,176266.0
2025-10-23,M031,190340.0
2025-10-23,M032,204414.0
2025-10-23,M033,218488.0
2025-10-23,M034,232562.0
2025-10-23,M035,246636.0
2025-10-23,M036,182590.0
2025-10-23,M037,196664.0
2025-10-23,M038,210738.0
2025-10-23,M039,224812.0
2025-10-23,M040,238886.0
2025-10-23,M041,252960.0
2025-10-23,M042,267034.0
2025-10-23,M043,202988.0
2025-10-23,M044,217062.0
2025-10-23,M045,231136.0
2025-10-23,M046,245210.0
2025-10-23,M047,259284.0
2025-10-23,M048,273358.0
2025-10-24,M001,80600.0
2025-10-24,M002,94674.0
2025-10-24,M003,108748.0
2025-10-24,M004,122822.0
2025-10-24,M005,136896.0
2025-10-24,M006,150970.0
2025-10-24,M007,165044.0
2025-10-24,M008,100998.0
2025-10-24,M009,115072.0
2025-10-24,M010,129146.0
2025-10-24,M011,143220.0
2025-10-24,M012,157294.0
2025-10-24,M013,171368.0
2025-10-24,M014,185442.0
2025-10-24,M015,121396.0
2025-10-24,M016,135470.0
2025-10-24,M017,149544.0
2025-10-24,M018,163618.0
2025-10-24,M019,177692.0
2025-10-24,M020,191766.0
2025-10-24,M021,205840.0
2025-10-24,M022,141794.0
2025-10-24,M023,155868.0
2025-10-24,M024,169942.0
2025-10-24,M025,184016.0
2025-10-24,M026,198090.0
2025-10-24,M027,212164.0
2025-10-24,M028,226238.0
2025-10-24,M029,162192.0
2025-10-24,M030,176266.0
2025-10-24,M031,190340.0
2025-10-24,M032,204414.0
2025-10-24,M033,218488.0
2025-10-24,M034,232562.0
2025-10-24,M035,246636.0
2025-10-24,M036,182590.0
2025-10-24,M037,196664.0
2025-10-24,M038,210738.0
2025-10-24,M039,224812.0
2025-10-24,M040,238886.0
2025-10-24,M041,252960.0
2025-10-24,M042,267034.0
2025-10-24,M043,202988.0
2025-10-24,M044,217062.0
2025-10-24,M045,231136.0
2025-10-24,M046,245210.0
2025-10-24,M047,259284.0
2025-10-24,M048,273358.0
2025-10-25,M001,80600.0
2025-10-25,M002,94674.0
2025-10-25,M003,108748.0
2025-10-25,M004,122822.0
2025-10-25,M005,136896.0
2025-10-25,M006,150970.0
2025-10-25,M007,165044.0
2025-10-25,M008,100998.0
2025-10-25,M009,115072.0
2025-10-25,M010,129146.0
2025-10-25,M011,143220.0
2025-10-25,M012,157294.0
2025-10-25,M013,171368.0
2025-10-25,M014,185442.0
2025-10-25,M015,121396.0
2025-10-25,M016,135470.0
2025-10-25,M017,149544.0
2025-10-25,M018,163618.0
2025-10-25,M019,177692.0
2025-10-25,M020,191766.0
2025-10-25,M021,205840.0
2025-10-25,M022,141794.0
2025-10-25,M023,155868.0
2025-10-25,M024,169942.0
2025-10-25,M025,184016.0
2025-10-25,M026,198090.0
2025-10-25,M027,212164.0
2025-10-25,M028,226238.0
2025-10-25,M029,162192.0
2025-10-25,M030,176266.0
2025-10-25,M031,190340.0
2025-10-25,M032,204414.0
2025-10-25,M033,218488.0
2025-10-25,M034,232562.0
2025-10-25,M035,246636.0
2025-10-25,M036,182590.0
2025-10-25,M037,196664.0
2025-10-25,M038,210738.0
2025-10-25,M039,224812.0
2025-10-25,M040,238886.0
2025-10-25,M041,252960.0
2025-10-25,M042,267034.0
2025-10-25,M043,202988.0
2025-10-25,M044,217062.0
2025-10-25,M045,231136.0
2025-10-25,M046,245210.0
2025-10-25,M047,259284.0
2025-10-25,M048,273358.0
2025-10-26,M001,80600.0
2025-10-26,M002,94674.0
2025-10-26,M003,108748.0
2025-10-26,M004,122822.0
2025-10-26,M005,136896.0
2025-10-26,M006,150970.0
2025-10-26,M007,165044.0
2025-10-26,M008,100998.0
2025-10-26,M009,115072.0
2025-10-26,M010,129146.0
2025-10-26,M011,143220.0
2025-10-26,M012,157294.0
2025-10-26,M013,171368.0
2025-10-26,M014,185442.0
2025-10-26,M015,121396.0
2025-10-26,M016,135470.0
2025-10-26,M017,149544.0
2025-10-26,M018,163618.0
2025-10-26,M019,177692.0
2025-10-26,M020,191766.0
2025-10-26,M021,205840.0
2025-10-26,M022,141794.0
2025-10-26,M023,155868.0
2025-10-26,M024,169942.0
2025-10-26,M025,184016.0
2025-10-26,M026,198090.0
2025-10-26,M027,212164.0
2025-10-26,M028,226238.0
2025-10-26,M029,162192.0
2025-10-26,M030,176266.0
2025-10-26,M031,190340.0
2025-10-26,M032,204414.0
2025-10-26,M033,218488.0
2025-10-26,M034,232562.0
2025-10-26,M035,246636.0
2025-10-26,M036,182590.0
2025-10-26,M037,196664.0
2025-10-26,M038,210738.0
2025-10-26,M039,224812.0
2025-10-26,M040,238886.0
2025-10-26,M041,252960.0
2025-10-26,M042,267034.0
2025-10-26,M043,202988.0
2025-10-26,M044,217062.0
2025-10-26,M045,231136.0
2025-10-26,M046,245210.0
2025-10-26,M047,259284.0
2025-10-26,M048,273358.0
2025-10-27,M001,80600.0
2025-10-27,M002,94674.0
2025-10-27,M003,108748.0
2025-10-27,M004,122822.0
2025-10-27,M005,136896.0
2025-10-27,M006,150970.0
2025-10-27,M007,165044.0
2025-10-27,M008,100998.0
2025-10-27,M009,115072.0
2025-10-27,M010,129146.0
2025-10-27,M011,143220.0
2025-10-27,M012,157294.0
2025-10-27,M013,171368.0
2025-10-27,M014,185442.0
2025-10-27,M015,121396.0
2025-10-27,M016,135470.0
2025-10-27,M017,149544.0
2025-10-27,M018,163618.0
2025-10-27,M019,177692.0
2025-10-27,M020,191766.0
2025-10-27,M021,205840.0
2025-10-27,M022,141794.0
2025-10-27,M023,155868.0
2025-10-27,M024,169942.0
2025-10-27,M025,184016.0
2025-10-27,M026,198090.0
2025-10-27,M027,212164.0
2025-10-27,M028,226238.0
2025-10-27,M029,162192.0
2025-10-27,M030,176266.0
2025-10-27,M031,190340.0
2025-10-27,M032,204414.0
2025-10-27,M033,218488.0
2025-10-27,M034,232562.0
2025-10-27,M035,246636.0
2025-10-27,M036,182590.0
2025-10-27,M037,196664.0
2025-10-27,M038,210738.0
2025-10-27,M039,224812.0
2025-10-27,M040,238886.0
2025-10-27,M041,252960.0
2025-10-27,M042,267034.0
2025-10-27,M043,202988.0
2025-10-27,M044,217062.0
2025-10-27,M045,231136.0
2025-10-27,M046,245210.0
2025-10-27,M047,259284.0
2025-10-27,M048,273358.0
2025-10-28,M001,80600.0
2025-10-28,M002,94674.0
2025-10-28,M003,108748.0
2025-10-28,M004,122822.0
2025-10-28,M005,136896.0
2025-10-28,M006,150970.0
2025-10-28,M007,165044.0
2025-10-28,M008,100998.0
2025-10-28,M009,115072.0
2025-10-28,M010,129146.0
2025-10-28,M011,143220.0
2025-10-28,M012,157294.0
2025-10-28,M013,171368.0
2025-10-28,M014,185442.0
2025-10-28,M015,121396.0
2025-10-28,M016,135470.0
2025-10-28,M017,149544.0
2025-10-28,M018,163618.0
2025-10-28,M019,177692.0
2025-10-28,M020,191766.0
2025-10-28,M021,205840.0
2025-10-28,M022,141794.0
2025-10-28,M023,155868.0
2025-10-28,M024,169942.0
2025-10-28,M025,184016.0
2025-10-28,M026,198090.0
2025-10-28,M027,212164.0
2025-10-28,M028,226238.0
2025-10-28,M029,162192.0
2025-10-28,M030,176266.0
2025-10-28,M031,190340.0
2025-10-28,M032,204414.0
2025-10-28,M033,218488.0
2025-10-28,M034,232562.0
2025-10-28,M035,246636.0
2025-10-28,M036,182590.0
2025-10-28,M037,196664.0
2025-10-28,M038,210738.0
2025-10-28,M039,224812.0
2025-10-28,M040,238886.0
2025-10-28,M041,252960.0
2025-10-28,M042,267034.0
2025-10-28,M043,202988.0
2025-10-28,M044,217062.0
2025-10-28,M045,231136.0
2025-10-28,M046,245210.0
2025-10-28,M047,259284.0
2025-10-28,M048,273358.0
2025-10-29,M001,80600.0
2025-10-29,M002,94674.0
2025-10-29,M003,108748.0
2025-10-29,M004,122822.0
2025-10-29,M005,136896.0
2025-10-29,M006,150970.0
2025-10-29,M007,165044.0
2025-10-29,M008,100998.0
2025-10-29,M009,115072.0
2025-10-29,M010,129146.0
2025-10-29,M011,143220.0
2025-10-29,M012,157294.0
2025-10-29,M013,171368.0
2025-10-29,M014,185442.0
2025-10-29,M015,121396.0
2025-10-29,M016,135470.0
2025-10-29,M017,149544.0
2025-10-29,M018,163618.0
2025-10-29,M019,177692.0
2025-10-29,M020,191766.0
2025-10-29,M021,205840.0
2025-10-29,M022,141794.0
2025-10-29,M023,155868.0
2025-10-29,M024,169942.0
2025-10-29,M025,184016.0
2025-10-29,M026,198090.0
2025-10-29,M027,212164.0
2025-10-29,M028,226238.0
2025-10-29,M029,162192.0
2025-10-29,M030,176266.0
2025-10-29,M031,190340.0
2025-10-29,M032,204414.0
2025-10-29,M033,218488.0
2025-10-29,M034,232562.0
2025-10-29,M035,246636.0
2025-10-29,M036,182590.0
2025-10-29,M037,196664.0
2025-10-29,M038,210738.0
2025-10-29,M039,224812.0
2025-10-29,M040,238886.0
2025-10-29,M041,252960.0
2025-10-29,M042,267034.0
2025-10-29,M043,202988.0
2025-10-29,M044,217062.0
2025-10-29,M045,231136.0
2025-10-29,M046,245210.0
2025-10-29,M047,259284.0
2025-10-29,M048,273358.0
2025-10-30,M001,80600.0
2025-10-30,M002,94674.0
2025-10-30,M003,108748.0
2025-10-30,M004,122822.0
2025-10-30,M005,136896.0
2025-10-30,M006,150970.0
2025-10-30,M007,165044.0
2025-10-30,M008,100998.0
2025-10-30,M009,115072.0
2025-10-30,M010,129146.0
2025-10-30,M011,143220.0
2025-10-30,M012,157294.0
2025-10-30,M013,171368.0
2025-10-30,M014,185442.0
2025-10-30,M015,121396.0
2025-10-30,M016,135470.0
2025-10-30,M017,149544.0
2025-10-30,M018,163618.0
2025-10-30,M019,177692.0
2025-10-30,M020,191766.0
2025-10-30,M021,205840.0
2025-10-30,M022,141794.0
2025-10-30,M023,155868.0
2025-10-30,M024,169942.0
2025-10-30,M025,184016.0
2025-10-30,M026,198090.0
2025-10-30,M027,212164.0
2025-10-30,M028,226238.0
2025-10-30,M029,162192.0
2025-10-30,M030,176266.0
2025-10-30,M031,190340.0
2025-10-30,M032,204414.0
2025-10-30,M033,218488.0
2025-10-30,M034,232562.0
2025-10-30,M035,246636.0
2025-10-30,M036,182590.0
2025-10-30,M037,196664.0
2025-10-30,M038,210738.0
2025-10-30,M039,224812.0
2025-10-30,M040,238886.0
2025-10-30,M041,252960.0
2025-10-30,M042,267034.0
2025-10-30,M043,202988.0
2025-10-30,M044,217062.0
2025-10-30,M045,231136.0
2025-10-30,M046,245210.0
2025-10-30,M047,259284.0
2025-10-30,M048,273358.0
2025-10-31,M001,80600.0
2025-10-31,M002,94674.0
2025-10-31,M003,108748.0
2025-10-31,M004,122822.0
2025-10-31,M005,136896.0
2025-10-31,M006,150970.0
2025-10-31,M007,165044.0
2025-10-31,M008,100998.0
2025-10-31,M009,115072.0
2025-10-31,M010,129146.0
2025-10-31,M011,143220.0
2025-10-31,M012,157294.0
2025-10-31,M013,171368.0
2025-10-31,M014,185442.0
2025-10-31,M015,121396.0
2025-10-31,M016,135470.0
2025-10-31,M017,149544.0
2025-10-31,M018,163618.0
2025-10-31,M019,177692.0
2025-10-31,M020,191766.0
2025-10-31,M021,205840.0
2025-10-31,M022,141794.0
2025-10-31,M023,155868.0
2025-10-31,M024,169942.0
2025-10-31,M025,184016.0
2025-10-31,M026,198090.0
2025-10-31,M027,212164.0
2025-10-31,M028,226238.0
2025-10-31,M029,162192.0
2025-10-31,M030,176266.0
2025-10-31,M031,190340.0
2025-10-31,M032,204414.0
2025-10-31,M033,218488.0
2025-10-31,M034,232562.0
2025-10-31,M035,246636.0
2025-10-31,M036,182590.0
2025-10-31,M037,196664.0
2025-10-31,M038,210738.0
2025-10-31,M039,224812.0
2025-10-31,M040,238886.0
2025-10-31,M041,252960.0
2025-10-31,M042,267034.0
2025-10-31,M043,202988.0
2025-10-31,M044,217062.0
2025-10-31,M045,231136.0
2025-10-31,M046,245210.0
2025-10-31,M047,259284.0
2025-10-31,M048,273358.0
2025-11-01,M001,80600.0
2025-11-01,M002,94674.0
2025-11-01,M003,108748.0
2025-11-01,M004,122822.0
2025-11-01,M005,136896.0
2025-11-01,M006,150970.0
2025-11-01,M007,165044.0
2025-11-01,M008,100998.0
2025-11-01,M009,115072.0
2025-11-01,M010,129146.0
2025-11-01,M011,143220.0
2025-11-01,M012,157294.0
2025-11-01,M013,171368.0
2025-11-01,M014,185442.0
2025-11-01,M015,121396.0
2025-11-01,M016,135470.0
2025-11-01,M017,149544.0
2025-11-01,M018,163618.0
2025-11-01,M019,177692.0
2025-11-01,M020,191766.0
2025-11-01,M021,205840.0
2025-11-01,M022,141794.0
2025-11-01,M023,155868.0
2025-11-01,M024,169942.0
2025-11-01,M025,184016.0
2025-11-01,M026,198090.0
2025-11-01,M027,212164.0
2025-11-01,M028,226238.0
2025-11-01,M029,162192.0
2025-11-01,M030,176266.0
2025-11-01,M031,190340.0
2025-11-01,M032,204414.0
2025-11-01,M033,218488.0
2025-11-01,M034,232562.0
2025-11-01,M035,246636.0
2025-11-01,M036,182590.0
2025-11-01,M037,196664.0
2025-11-01,M038,210738.0
2025-11-01,M039,224812.0
2025-11-01,M040,238886.0
2025-11-01,M041,252960.0
2025-11-01,M042,267034.0
2025-11-01,M043,202988.0
2025-11-01,M044,217062.0
2025-11-01,M045,231136.0
2025-11-01,M046,245210.0
2025-11-01,M047,259284.0
2025-11-01,M048,273358.0
2025-11-02,M001,80600.0
2025-11-02,M002,94674.0
2025-11-02,M003,108748.0
2025-11-02,M004,122822.0
2025-11-02,M005,136896.0
2025-11-02,M006,150970.0
2025-11-02,M007,165044.0
2025-11-02,M008,100998.0
2025-11-02,M009,115072.0
2025-11-02,M010,129146.0
2025-11-02,M011,143220.0
2025-11-02,M012,157294.0
2025-11-02,M013,171368.0
2025-11-02,M014,185442.0
2025-11-02,M015,121396.0
2025-11-02,M016,135470.0
2025-11-02,M017,149544.0
2025-11-02,M018,163618.0
2025-11-02,M019,177692.0
2025-11-02,M020,191766.0
2025-11-02,M021,205840.0
2025-11-02,M022,141794.0
2025-11-02,M023,155868.0
2025-11-02,M024,169942.0
2025-11-02,M025,184016.0
2025-11-02,M026,198090.0
2025-11-02,M027,212164.0
2025-11-02,M028,226238.0
2025-11-02,M029,162192.0
2025-11-02,M030,176266.0
2025-11-02,M031,190340.0
2025-11-02,M032,204414.0
2025-11-02,M033,218488.0
2025-11-02,M034,232562.0
2025-11-02,M035,246636.0
2025-11-02,M036,182590.0
2025-11-02,M037,196664.0
2025-11-02,M038,210738.0
2025-11-02,M039,224812.0
2025-11-02,M040,238886.0
2025-11-02,M041,252960.0
2025-11-02,M042,267034.0
2025-11-02,M043,202988.0
2025-11-02,M044,217062.0
2025-11-02,M045,231136.0
2025-11-02,M046,245210.0
2025-11-02,M047,259284.0
2025-11-02,M048,273358.0
2025-11-03,M001,80600.0
2025-11-03,M002,94674.0
2025-11-03,M003,108748.0
2025-11-03,M004,122822.0
2025-11-03,M005,136896.0
2025-11-03,M006,150970.0
2025-11-03,M007,165044.0
2025-11-03,M008,100998.0
2025-11-03,M009,115072.0
2025-11-03,M010,129146.0
2025-11-03,M011,143220.0
2025-11-03,M012,157294.0
2025-11-03,M013,171368.0
2025-11-03,M014,185442.0
2025-11-03,M015,121396.0
2025-11-03,M016,135470.0
2025-11-03,M017,149544.0
2025-11-03,M018,163618.0
2025-11-03,M019,177692.0
2025-11-03,M020,191766.0
2025-11-03,M021,205840.0
2025-11-03,M022,141794.0
2025-11-03,M023,155868.0
2025-11-03,M024,169942.0
2025-11-03,M025,184016.0
2025-11-03,M026,198090.0
2025-11-03,M027,212164.0
2025-11-03,M028,226238.0
2025-11-03,M029,162192.0
2025-11-03,M030,176266.0
2025-11-03,M031,190340.0
2025-11-03,M032,204414.0
2025-11-03,M033,218488.0
2025-11-03,M034,232562.0
2025-11-03,M035,246636.0
2025-11-03,M036,182590.0
2025-11-03,M037,196664.0
2025-11-03,M038,210738.0
2025-11-03,M039,224812.0
2025-11-03,M040,238886.0
2025-11-03,M041,252960.0
2025-11-03,M042,267034.0
2025-11-03,M043,202988.0
2025-11-03,M044,217062.0
2025-11-03,M045,231136.0
2025-11-03,M046,245210.0
2025-11-03,M047,259284.0
2025-11-03,M048,273358.0
2025-11-04,M001,80600.0
2025-11-04,M002,94674.0
2025-11-04,M003,108748.0
2025-11-04,M004,122822.0
2025-11-04,M005,136896.0
2025-11-04,M006,150970.0
2025-11-04,M007,165044.0
2025-11-04,M008,100998.0
2025-11-04,M009,115072.0
2025-11-04,M010,129146.0
2025-11-04,M011,143220.0
2025-11-04,M012,157294.0
2025-11-04,M013,171368.0
2025-11-04,M014,185442.0
2025-11-04,M015,121396.0
2025-11-04,M016,135470.0
2025-11-04,M017,149544.0
2025-11-04,M018,163618.0
2025-11-04,M019,177692.0
2025-11-04,M020,191766.0
2025-11-04,M021,205840.0
2025-11-04,M022,141794.0
2025-11-04,M023,155868.0
2025-11-04,M024,169942.0
2025-11-04,M025,184016.0
2025-11-04,M026,198090.0
2025-11-04,M027,212164.0
2025-11-04,M028,226238.0
2025-11-04,M029,162192.0
2025-11-04,M030,176266.0
2025-11-04,M031,190340.0
2025-11-04,M032,204414.0
2025-11-04,M033,218488.0
2025-11-04,M034,232562.0
2025-11-04,M035,246636.0
2025-11-04,M036,182590.0
2025-11-04,M037,196664.0
2025-11-04,M038,210738.0
2025-11-04,M039,224812.0
2025-11-04,M040,238886.0
2025-11-04,M041,252960.0
2025-11-04,M042,267034.0
2025-11-04,M043,202988.0
2025-11-04,M044,217062.0
2025-11-04,M045,231136.0
2025-11-04,M046,245210.0
2025-11-04,M047,259284.0
2025-11-04,M048,273358.0
2025-11-05,M001,80600.0
2025-11-05,M002,94674.0
2025-11-05,M003,108748.0
2025-11-05,M004,122822.0
2025-11-05,M005,136896.0
2025-11-05,M006,150970.0
2025-11-05,M007,165044.0
2025-11-05,M008,100998.0
2025-11-05,M009,115072.0
2025-11-05,M010,129146.0
2025-11-05,M011,143220.0
2025-11-05,M012,157294.0
2025-11-05,M013,171368.0
2025-11-05,M014,185442.0
2025-11-05,M015,121396.0
2025-11-05,M016,135470.0
2025-11-05,M017,149544.0
2025-11-05,M018,163618.0
2025-11-05,M019,177692.0
2025-11-05,M020,191766.0
2025-11-05,M021,205840.0
2025-11-05,M022,141794.0
2025-11-05,M023,155868.0
2025-11-05,M024,169942.0
2025-11-05,M025,184016.0
2025-11-05,M026,198090.0
2025-11-05,M027,212164.0
2025-11-05,M028,226238.0
2025-11-05,M029,162192.0
2025-11-05,M030,176266.0
2025-11-05,M031,190340.0
2025-11-05,M032,204414.0
2025-11-05,M033,218488.0
2025-11-05,M034,232562.0
2025-11-05,M035,246636.0
2025-11-05,M036,182590.0
2025-11-05,M037,196664.0
2025-11-05,M038,210738.0
2025-11-05,M039,224812.0
2025-11-05,M040,238886.0
2025-11-05,M041,252960.0
2025-11-05,M042,267034.0
2025-11-05,M043,202988.0
2025-11-05,M044,217062.0
2025-11-05,M045,231136.0
2025-11-05,M046,245210.0
2025-11-05,M047,259284.0
2025-11-05,M048,273358.0
2025-11-06,M001,80600.0
2025-11-06,M002,94674.0
2025-11-06,M003,108748.0
2025-11-06,M004,122822.0
2025-11-06,M005,136896.0
2025-11-06,M006,150970.0
2025-11-06,M007,165044.0
2025-11-06,M008,100998.0
2025-11-06,M009,115072.0
2025-11-06,M010,129146.0
2025-11-06,M011,143220.0
2025-11-06,M012,157294.0
2025-11-06,M013,171368.0
2025-11-06,M014,185442.0
2025-11-06,M015,121396.0
2025-11-06,M016,135470.0
2025-11-06,M017,149544.0
2025-11-06,M018,163618.0
2025-11-06,M019,177692.0
2025-11-06,M020,191766.0
2025-11-06,M021,205840.0
2025-11-06,M022,141794.0
2025-11-06,M023,155868.0
2025-11-06,M024,169942.0
2025-11-06,M025,184016.0
2025-11-06,M026,198090.0
2025-11-06,M027,212164.0
2025-11-06,M028,226238.0
2025-11-06,M029,162192.0
2025-11-06,M030,176266.0
2025-11-06,M031,190340.0
2025-11-06,M032,204414.0
2025-11-06,M033,218488.0
2025-11-06,M034,232562.0
2025-11-06,M035,246636.0
2025-11-06,M036,182590.0
2025-11-06,M037,196664.0
2025-11-06,M038,210738.0
2025-11-06,M039,224812.0
2025-11-06,M040,238886.0
2025-11-06,M041,252960.0
2025-11-06,M042,267034.0
2025-11-06,M043,202988.0
2025-11-06,M044,217062.0
2025-11-06,M045,231136.0
2025-11-06,M046,245210.0
2025-11-06,M047,259284.0
2025-11-06,M048,273358.0
2025-11-07,M001,80600.0
2025-11-07,M002,94674.0
2025-11-07,M003,108748.0
2025-11-07,M004,122822.0
2025-11-07,M005,136896.0
2025-11-07,M006,150970.0
2025-11-07,M007,165044.0
2025-11-07,M008,100998.0
2025-11-07,M009,115072.0
2025-11-07,M010,129146.0
2025-11-07,M011,143220.0
2025-11-07,M012,157294.0
2025-11-07,M013,171368.0
2025-11-07,M014,185442.0
2025-11-07,M015,121396.0
2025-11-07,M016,135470.0
2025-11-07,M017,149544.0
2025-11-07,M018,163618.0
2025-11-07,M019,177692.0
2025-11-07,M020,191766.0
2025-11-07,M021,205840.0
2025-11-07,M022,141794.0
2025-11-07,M023,155868.0
2025-11-07,M024,169942.0
2025-11-07,M025,184016.0
2025-11-07,M026,198090.0
2025-11-07,M027,212164.0
2025-11-07,M028,226238.0
2025-11-07,M029,162192.0
2025-11-07,M030,176266.0
2025-11-07,M031,190340.0
2025-11-07,M032,204414.0
2025-11-07,M033,218488.0
2025-11-07,M034,232562.0
2025-11-07,M035,246636.0
2025-11-07,M036,182590.0
2025-11-07,M037,196664.0
2025-11-07,M038,210738.0
2025-11-07,M039,224812.0
2025-11-07,M040,238886.0
2025-11-07,M041,252960.0
2025-11-07,M042,267034.0
2025-11-07,M043,202988.0
2025-11-07,M044,217062.0
2025-11-07,M045,231136.0
2025-11-07,M046,245210.0
2025-11-07,M047,259284.0
2025-11-07,M048,273358.0
2025-11-08,M001,80600.0
2025-11-08,M002,94674.0
2025-11-08,M003,108748.0
2025-11-08,M004,122822.0
2025-11-08,M005,136896.0
2025-11-08,M006,150970.0
2025-11-08,M007,165044.0
2025-11-08,M008,100998.0
2025-11-08,M009,115072.0
2025-11-08,M010,129146.0
2025-11-08,M011,143220.0
2025-11-08,M012,157294.0
2025-11-08,M013,171368.0
2025-11-08,M014,185442.0
2025-11-08,M015,121396.0
2025-11-08,M016,135470.0
2025-11-08,M017,149544.0
2025-11-08,M018,163618.0
2025-11-08,M019,177692.0
2025-11-08,M020,191766.0
2025-11-08,M021,205840.0
2025-11-08,M022,141794.0
2025-11-08,M023,155868.0
2025-11-08,M024,169942.0
2025-11-08,M025,184016.0
2025-11-08,M026,198090.0
2025-11-08,M027,212164.0
2025-11-08,M028,226238.0
2025-11-08,M029,162192.0
2025-11-08,M030,176266.0
2025-11-08,M031,190340.0
2025-11-08,M032,204414.0
2025-11-08,M033,218488.0
2025-11-08,M034,232562.0
2025-11-08,M035,246636.0
2025-11-08,M036,182590.0
2025-11-08,M037,196664.0
2025-11-08,M038,210738.0
2025-11-08,M039,224812.0
2025-11-08,M040,238886.0
2025-11-08,M041,252960.0
2025-11-08,M042,267034.0
2025-11-08,M043,202988.0
2025-11-08,M044,217062.0
2025-11-08,M045,231136.0
2025-11-08,M046,245210.0
2025-11-08,M047,259284.0
2025-11-08,M048,273358.0
2025-11-09,M001,80600.0
2025-11-09,M002,94674.0
2025-11-09,M003,108748.0
2025-11-09,M004,122822.0
2025-11-09,M005,136896.0
2025-11-09,M006,150970.0
2025-11-09,M007,165044.0
2025-11-09,M008,100998.0
2025-11-09,M009,115072.0
2025-11-09,M010,129146.0
2025-11-09,M011,143220.0
2025-11-09,M012,157294.0
2025-11-09,M013,171368.0
2025-11-09,M014,185442.0
2025-11-09,M015,121396.0
2025-11-09,M016,135470.0
2025-11-09,M017,149544.0
2025-11-09,M018,163618.0
2025-11-09,M019,177692.0
2025-11-09,M020,191766.0
2025-11-09,M021,205840.0
2025-11-09,M022,141794.0
2025-11-09,M023,155868.0
2025-11-09,M024,169942.0
2025-11-09,M025,184016.0
2025-11-09,M026,198090.0
2025-11-09,M027,212164.0
2025-11-09,M028,226238.0
2025-11-09,M029,162192.0
2025-11-09,M030,176266.0
2025-11-09,M031,190340.0
2025-11-09,M032,204414.0
2025-11-09,M033,218488.0
2025-11-09,M034,232562.0
2025-11-09,M035,246636.0
2025-11-09,M036,182590.0
2025-11-09,M037,196664.0
2025-11-09,M038,210738.0
2025-11-09,M039,224812.0
2025-11-09,M040,238886.0
2025-11-09,M041,252960.0
2025-11-09,M042,267034.0
2025-11-09,M043,202988.0
2025-11-09,M044,217062.0
2025-11-09,M045,231136.0
2025-11-09,M046,245210.0
2025-11-09,M047,259284.0
2025-11-09,M048,273358.0
2025-11-10,M001,80600.0
2025-11-10,M002,94674.0
2025-11-10,M003,108748.0
2025-11-10,M004,122822.0
2025-11-10,M005,136896.0
2025-11-10,M006,150970.0
2025-11-10,M007,165044.0
2025-11-10,M008,100998.0
2025-11-10,M009,115072.0
2025-11-10,M010,129146.0
2025-11-10,M011,143220.0
2025-11-10,M012,157294.0
2025-11-10,M013,171368.0
2025-11-10,M014,185442.0
2025-11-10,M015,121396.0
2025-11-10,M016,135470.0
2025-11-10,M017,149544.0
2025-11-10,M018,163618.0
2025-11-10,M019,177692.0
2025-11-10,M020,191766.0
2025-11-10,M021,205840.0
2025-11-10,M022,141794.0
2025-11-10,M023,155868.0
2025-11-10,M024,169942.0
2025-11-10,M025,184016.0
2025-11-10,M026,198090.0
2025-11-10,M027,212164.0
2025-11-10,M028,226238.0
2025-11-10,M029,162192.0
2025-11-10,M030,176266.0
2025-11-10,M031,190340.0
2025-11-10,M032,204414.0
2025-11-10,M033,218488.0
2025-11-10,M034,232562.0
2025-11-10,M035,246636.0
2025-11-10,M036,182590.0
2025-11-10,M037,196664.0
2025-11-10,M038,210738.0
2025-11-10,M039,224812.0
2025-11-10,M040,238886.0
2025-11-10,M041,252960.0
2025-11-10,M042,267034.0
2025-11-10,M043,202988.0
2025-11-10,M044,217062.0
2025-11-10,M045,231136.0
2025-11-10,M046,245210.0
2025-11-10,M047,259284.0
2025-11-10,M048,273358.0
2025-11-11,M001,80600.0
2025-11-11,M002,94674.0
2025-11-11,M003,108748.0
2025-11-11,M004,122822.0
2025-11-11,M005,136896.0
2025-11-11,M006,150970.0
2025-11-11,M007,165044.0
2025-11-11,M008,100998.0
2025-11-11,M009,115072.0
2025-11-11,M010,129146.0
2025-11-11,M011,143220.0
2025-11-11,M012,157294.0
2025-11-11,M013,171368.0
2025-11-11,M014,185442.0
2025-11-11,M015,121396.0
2025-11-11,M016,135470.0
2025-11-11,M017,149544.0
2025-11-11,M018,163618.0
2025-11-11,M019,177692.0
2025-11-11,M020,191766.0
2025-11-11,M021,205840.0
2025-11-11,M022,141794.0
2025-11-11,M023,155868.0
2025-11-11,M024,169942.0
2025-11-11,M025,184016.0
2025-11-11,M026,198090.0
2025-11-11,M027,212164.0
2025-11-11,M028,226238.0
2025-11-11,M029,162192.0
2025-11-11,M030,176266.0
2025-11-11,M031,190340.0
2025-11-11,M032,204414.0
2025-11-11,M033,218488.0
2025-11-11,M034,232562.0
2025-11-11,M035,246636.0
2025-11-11,M036,182590.0
2025-11-11,M037,196664.0
2025-11-11,M038,210738.0
2025-11-11,M039,224812.0
2025-11-11,M040,238886.0
2025-11-11,M041,252960.0
2025-11-11,M042,267034.0
2025-11-11,M043,202988.0
2025-11-11,M044,217062.0
2025-11-11,M045,231136.0
2025-11-11,M046,245210.0
2025-11-11,M047,259284.0
2025-11-11,M048,273358.0
2025-11-12,M001,80600.0
2025-11-12,M002,94674.0
2025-11-12,M003,108748.0
2025-11-12,M004,122822.0
2025-11-12,M005,136896.0
2025-11-12,M006,150970.0
2025-11-12,M007,165044.0
2025-11-12,M008,100998.0
2025-11-12,M009,115072.0
2025-11-12,M010,129146.0
2025-11-12,M011,143220.0
2025-11-12,M012,157294.0
2025-11-12,M013,171368.0
2025-11-12,M014,185442.0
2025-11-12,M015,121396.0
2025-11-12,M016,135470.0
2025-11-12,M017,149544.0
2025-11-12,M018,163618.0
2025-11-12,M019,177692.0
2025-11-12,M020,191766.0
2025-11-12,M021,205840.0
2025-11-12,M022,141794.0
2025-11-12,M023,155868.0
2025-11-12,M024,169942.0
2025-11-12,M025,184016.0
2025-11-12,M026,198090.0
2025-11-12,M027,212164.0
2025-11-12,M028,226238.0
2025-11-12,M029,162192.0
2025-11-12,M030,176266.0
2025-11-12,M031,190340.0
2025-11-12,M032,204414.0
2025-11-12,M033,218488.0
2025-11-12,M034,232562.0
2025-11-12,M035,246636.0
2025-11-12,M036,182590.0
2025-11-12,M037,196664.0
2025-11-12,M038,210738.0
2025-11-12,M039,224812.0
2025-11-12,M040,238886.0
2025-11-12,M041,252960.0
2025-11-12,M042,267034.0
2025-11-12,M043,202988.0
2025-11-12,M044,217062.0
2025-11-12,M045,231136.0
2025-11-12,M046,245210.0
2025-11-12,M047,259284.0
2025-11-12,M048,273358.0
2025-11-13,M001,80600.0
2025-11-13,M002,94674.0
2025-11-13,M003,108748.0
2025-11-13,M004,122822.0
2025-11-13,M005,136896.0
2025-11-13,M006,150970.0
2025-11-13,M007,165044.0
2025-11-13,M008,100998.0
2025-11-13,M009,115072.0
2025-11-13,M010,129146.0
2025-11-13,M011,143220.0
2025-11-13,M012,157294.0
2025-11-13,M013,171368.0
2025-11-13,M014,185442.0
2025-11-13,M015,121396.0
2025-11-13,M016,135470.0
2025-11-13,M017,149544.0
2025-11-13,M018,163618.0
2025-11-13,M019,177692.0
2025-11-13,M020,191766.0
2025-11-13,M021,205840.0
2025-11-13,M022,141794.0
2025-11-13,M023,155868.0
2025-11-13,M024,169942.0
2025-11-13,M025,184016.0
2025-11-13,M026,198090.0
2025-11-13,M027,212164.0
2025-11-13,M028,226238.0
2025-11-13,M029,162192.0
2025-11-13,M030,176266.0
2025-11-13,M031,190340.0
2025-11-13,M032,204414.0
2025-11-13,M033,218488.0
2025-11-13,M034,232562.0
2025-11-13,M035,246636.0
2025-11-13,M036,182590.0
2025-11-13,M037,196664.0
2025-11-13,M038,210738.0
2025-11-13,M039,224812.0
2025-11-13,M040,238886.0
2025-11-13,M041,252960.0
2025-11-13,M042,267034.0
2025-11-13,M043,202988.0
2025-11-13,M044,217062.0
2025-11-13,M045,231136.0
2025-11-13,M046,245210.0
2025-11-13,M047,259284.0
2025-11-13,M048,273358.0
2025-11-14,M001,80600.0
2025-11-14,M002,94674.0
2025-11-14,M003,108748.0
2025-11-14,M004,122822.0
2025-11-14,M005,136896.0
2025-11-14,M006,150970.0
2025-11-14,M007,165044.0
2025-11-14,M008,100998.0
2025-11-14,M009,115072.0
2025-11-14,M010,129146.0
2025-11-14,M011,143220.0
2025-11-14,M012,157294.0
2025-11-14,M013,171368.0
2025-11-14,M014,185442.0
2025-11-14,M015,121396.0
2025-11-14,M016,135470.0
2025-11-14,M017,149544.0
2025-11-14,M018,163618.0
2025-11-14,M019,177692.0
2025-11-14,M020,191766.0
2025-11-14,M021,205840.0
2025-11-14,M022,141794.0
2025-11-14,M023,155868.0
2025-11-14,M024,169942.0
2025-11-14,M025,184016.0
2025-11-14,M026,198090.0
2025-11-14,M027,212164.0
2025-11-14,M028,226238.0
2025-11-14,M029,162192.0
2025-11-14,M030,176266.0
2025-11-14,M031,190340.0
2025-11-14,M032,204414.0
2025-11-14,M033,218488.0
2025-11-14,M034,232562.0
2025-11-14,M035,246636.0
2025-11-14,M036,182590.0
2025-11-14,M037,196664.0
2025-11-14,M038,210738.0
2025-11-14,M039,224812.0
2025-11-14,M040,238886.0
2025-11-14,M041,252960.0
2025-11-14,M042,267034.0
2025-11-14,M043,202988.0
2025-11-14,M044,217062.0
2025-11-14,M045,231136.0
2025-11-14,M046,245210.0
2025-11-14,M047,259284.0
2025-11-14,M048,273358.0
2025-11-15,M001,80600.0
2025-11-15,M002,94674.0
2025-11-15,M003,108748.0
2025-11-15,M004,122822.0
2025-11-15,M005,136896.0
2025-11-15,M006,150970.0
2025-11-15,M007,165044.0
2025-11-15,M008,100998.0
2025-11-15,M009,115072.0
2025-11-15,M010,129146.0
2025-11-15,M011,143220.0
2025-11-15,M012,157294.0
2025-11-15,M013,171368.0
2025-11-15,M014,185442.0
2025-11-15,M015,121396.0
2025-11-15,M016,135470.0
2025-11-15,M017,149544.0
2025-11-15,M018,163618.0
2025-11-15,M019,177692.0
2025-11-15,M020,191766.0
2025-11-15,M021,205840.0
2025-11-15,M022,141794.0
2025-11-15,M023,155868.0
2025-11-15,M024,169942.0
2025-11-15,M025,184016.0
2025-11-15,M026,198090.0
2025-11-15,M027,212164.0
2025-11-15,M028,226238.0
2025-11-15,M029,162192.0
2025-11-15,M030,176266.0
2025-11-15,M031,190340.0
2025-11-15,M032,204414.0
2025-11-15,M033,218488.0
2025-11-15,M034,232562.0
2025-11-15,M035,246636.0
2025-11-15,M036,182590.0
2025-11-15,M037,196664.0
2025-11-15,M038,210738.0
2025-11-15,M039,224812.0
2025-11-15,M040,238886.0
2025-11-15,M041,252960.0
2025-11-15,M042,267034.0
2025-11-15,M043,202988.0
2025-11-15,M044,217062.0
2025-11-15,M045,231136.0
2025-11-15,M046,245210.0
2025-11-15,M047,259284.0
2025-11-15,M048,273358.0
2025-11-16,M001,80600.0
2025-11-16,M002,94674.0
2025-11-16,M003,108748.0
2025-11-16,M004,122822.0
2025-11-16,M005,136896.0
2025-11-16,M006,150970.0
2025-11-16,M007,165044.0
2025-11-16,M008,100998.0
2025-11-16,M009,115072.0
2025-11-16,M010,129146.0
2025-11-16,M011,143220.0
2025-11-16,M012,157294.0
2025-11-16,M013,171368.0
2025-11-16,M014,185442.0
2025-11-16,M015,121396.0
2025-11-16,M016,135470.0
2025-11-16,M017,149544.0
2025-11-16,M018,163618.0
2025-11-16,M019,177692.0
2025-11-16,M020,191766.0
2025-11-16,M021,205840.0
2025-11-16,M022,141794.0
2025-11-16,M023,155868.0
2025-11-16,M024,169942.0
2025-11-16,M025,184016.0
2025-11-16,M026,198090.0
2025-11-16,M027,212164.0
2025-11-16,M028,226238.0
2025-11-16,M029,162192.0
2025-11-16,M030,176266.0
2025-11-16,M031,190340.0
2025-11-16,M032,204414.0
2025-11-16,M033,218488.0
2025-11-16,M034,232562.0
2025-11-16,M035,246636.0
2025-11-16,M036,182590.0
2025-11-16,M037,196664.0
2025-11-16,M038,210738.0
2025-11-16,M039,224812.0
2025-11-16,M040,238886.0
2025-11-16,M041,252960.0
2025-11-16,M042,267034.0
2025-11-16,M043,202988.0
2025-11-16,M044,217062.0
2025-11-16,M045,231136.0
2025-11-16,M046,245210.0
2025-11-16,M047,259284.0
2025-11-16,M048,273358.0
2025-11-17,M001,80600.0
2025-11-17,M002,94674.0
2025-11-17,M003,108748.0
2025-11-17,M004,122822.0
2025-11-17,M005,136896.0
2025-11-17,M006,150970.0
2025-11-17,M007,165044.0
2025-11-17,M008,100998.0
2025-11-17,M009,115072.0
2025-11-17,M010,129146.0
2025-11-17,M011,143220.0
2025-11-17,M012,157294.0
2025-11-17,M013,171368.0
2025-11-17,M014,185442.0
2025-11-17,M015,121396.0
2025-11-17,M016,135470.0
2025-11-17,M017,149544.0
2025-11-17,M018,163618.0
2025-11-17,M019,177692.0
2025-11-17,M020,191766.0
2025-11-17,M021,205840.0
2025-11-17,M022,141794.0
2025-11-17,M023,155868.0
2025-11-17,M024,169942.0
2025-11-17,M025,184016.0
2025-11-17,M026,198090.0
2025-11-17,M027,212164.0
2025-11-17,M028,226238.0
2025-11-17,M029,162192.0
2025-11-17,M030,176266.0
2025-11-17,M031,190340.0
2025-11-17,M032,204414.0
2025-11-17,M033,218488.0
2025-11-17,M034,232562.0
2025-11-17,M035,246636.0
2025-11-17,M036,182590.0
2025-11-17,M037,196664.0
2025-11-17,M038,210738.0
2025-11-17,M039,224812.0
2025-11-17,M040,238886.0
2025-11-17,M041,252960.0
2025-11-17,M042,267034.0
2025-11-17,M043,202988.0
2025-11-17,M044,217062.0
2025-11-17,M045,231136.0
2025-11-17,M046,245210.0
2025-11-17,M047,259284.0
2025-11-17,M048,273358.0
2025-11-18,M001,80600.0
2025-11-18,M002,94674.0
2025-11-18,M003,108748.0
2025-11-18,M004,122822.0
2025-11-18,M005,136896.0
2025-11-18,M006,150970.0
2025-11-18,M007,165044.0
2025-11-18,M008,100998.0
2025-11-18,M009,115072.0
2025-11-18,M010,129146.0
2025-11-18,M011,143220.0
2025-11-18,M012,157294.0
2025-11-18,M013,171368.0
2025-11-18,M014,185442.0
2025-11-18,M015,121396.0
2025-11-18,M016,135470.0
2025-11-18,M017,149544.0
2025-11-18,M018,163618.0
2025-11-18,M019,177692.0
2025-11-18,M020,191766.0
2025-11-18,M021,205840.0
2025-11-18,M022,141794.0
2025-11-18,M023,155868.0
2025-11-18,M024,169942.0
2025-11-18,M025,184016.0
2025-11-18,M026,198090.0
2025-11-18,M027,212164.0
2025-11-18,M028,226238.0
2025-11-18,M029,162192.0
2025-11-18,M030,176266.0
2025-11-18,M031,190340.0
2025-11-18,M032,204414.0
2025-11-18,M033,218488.0
2025-11-18,M034,232562.0
2025-11-18,M035,246636.0
2025-11-18,M036,182590.0
2025-11-18,M037,196664.0
2025-11-18,M038,210738.0
2025-11-18,M039,224812.0
2025-11-18,M040,238886.0
2025-11-18,M041,252960.0
2025-11-18,M042,267034.0
2025-11-18,M043,202988.0
2025-11-18,M044,217062.0
2025-11-18,M045,231136.0
2025-11-18,M046,245210.0
2025-11-18,M047,259284.0
2025-11-18,M048,273358.0
2025-11-19,M001,80600.0
2025-11-19,M002,94674.0
2025-11-19,M003,108748.0
2025-11-19,M004,122822.0
2025-11-19,M005,136896.0
2025-11-19,M006,150970.0
2025-11-19,M007,165044.0
2025-11-19,M008,100998.0
2025-11-19,M009,115072.0
2025-11-19,M010,129146.0
2025-11-19,M011,143220.0
2025-11-19,M012,157294.0
2025-11-19,M013,171368.0
2025-11-19,M014,185442.0
2025-11-19,M015,121396.0
2025-11-19,M016,135470.0
2025-11-19,M017,149544.0
2025-11-19,M018,163618.0
2025-11-19,M019,177692.0
2025-11-19,M020,191766.0
2025-11-19,M021,205840.0
2025-11-19,M022,141794.0
2025-11-19,M023,155868.0
2025-11-19,M024,169942.0
2025-11-19,M025,184016.0
2025-11-19,M026,198090.0
2025-11-19,M027,212164.0
2025-11-19,M028,226238.0
2025-11-19,M029,162192.0
2025-11-19,M030,176266.0
2025-11-19,M031,190340.0
2025-11-19,M032,204414.0
2025-11-19,M033,218488.0
2025-11-19,M034,232562.0
2025-11-19,M035,246636.0
2025-11-19,M036,182590.0
2025-11-19,M037,196664.0
2025-11-19,M038,210738.0
2025-11-19,M039,224812.0
2025-11-19,M040,238886.0
2025-11-19,M041,252960.0
2025-11-19,M042,267034.0
2025-11-19,M043,202988.0
2025-11-19,M044,217062.0
2025-11-19,M045,231136.0
2025-11-19,M046,245210.0
2025-11-19,M047,259284.0
2025-11-19,M048,273358.0
2025-11-20,M001,80600.0
2025-11-20,M002,94674.0
2025-11-20,M003,108748.0
2025-11-20,M004,122822.0
2025-11-20,M005,136896.0
2025-11-20,M006,150970.0
2025-11-20,M007,165044.0
2025-11-20,M008,100998.0
2025-11-20,M009,115072.0
2025-11-20,M010,129146.0
2025-11-20,M011,143220.0
2025-11-20,M012,157294.0
2025-11-20,M013,171368.0
2025-11-20,M014,185442.0
2025-11-20,M015,121396.0
2025-11-20,M016,135470.0
2025-11-20,M017,149544.0
2025-11-20,M018,163618.0
2025-11-20,M019,177692.0
2025-11-20,M020,191766.0
2025-11-20,M021,205840.0
2025-11-20,M022,141794.0
2025-11-20,M023,155868.0
2025-11-20,M024,169942.0
2025-11-20,M025,184016.0
2025-11-20,M026,198090.0
2025-11-20,M027,212164.0
2025-11-20,M028,226238.0
2025-11-20,M029,162192.0
2025-11-20,M030,176266.0
2025-11-20,M031,190340.0
2025-11-20,M032,204414.0
2025-11-20,M033,218488.0
2025-11-20,M034,232562.0
2025-11-20,M035,246636.0
2025-11-20,M036,182590.0
2025-11-20,M037,196664.0
2025-11-20,M038,210738.0
2025-11-20,M039,224812.0
2025-11-20,M040,238886.0
2025-11-20,M041,252960.0
2025-11-20,M042,267034.0
2025-11-20,M043,202988.0
2025-11-20,M044,217062.0
2025-11-20,M045,231136.0
2025-11-20,M046,245210.0
2025-11-20,M047,259284.0
2025-11-20,M048,273358.0
2025-11-21,M001,80600.0
2025-11-21,M002,94674.0
2025-11-21,M003,108748.0
2025-11-21,M004,122822.0
2025-11-21,M005,136896.0
2025-11-21,M006,150970.0
2025-11-21,M007,165044.0
2025-11-21,M008,100998.0
2025-11-21,M009,115072.0
2025-11-21,M010,129146.0
2025-11-21,M011,143220.0
2025-11-21,M012,157294.0
2025-11-21,M013,171368.0
2025-11-21,M014,185442.0
2025-11-21,M015,121396.0
2025-11-21,M016,135470.0
2025-11-21,M017,149544.0
2025-11-21,M018,163618.0
2025-11-21,M019,177692.0
2025-11-21,M020,191766.0
2025-11-21,M021,205840.0
2025-11-21,M022,141794.0
2025-11-21,M023,155868.0
2025-11-21,M024,169942.0
2025-11-21,M025,184016.0
2025-11-21,M026,198090.0
2025-11-21,M027,212164.0
2025-11-21,M028,226238.0
2025-11-21,M029,162192.0
2025-11-21,M030,176266.0
2025-11-21,M031,190340.0
2025-11-21,M032,204414.0
2025-11-21,M033,218488.0
2025-11-21,M034,232562.0
2025-11-21,M035,246636.0
2025-11-21,M036,182590.0
2025-11-21,M037,196664.0
2025-11-21,M038,210738.0
2025-11-21,M039,224812.0
2025-11-21,M040,238886.0
2025-11-21,M041,252960.0
2025-11-21,M042,267034.0
2025-11-21,M043,202988.0
2025-11-21,M044,217062.0
2025-11-21,M045,231136.0
2025-11-21,M046,245210.0
2025-11-21,M047,259284.0
2025-11-21,M048,273358.0
2025-11-22,M001,80600.0
2025-11-22,M002,94674.0
2025-11-22,M003,108748.0
2025-11-22,M004,122822.0
2025-11-22,M005,136896.0
2025-11-22,M006,150970.0
2025-11-22,M007,165044.0
2025-11-22,M008,100998.0
2025-11-22,M009,115072.0
2025-11-22,M010,129146.0
2025-11-22,M011,143220.0
2025-11-22,M012,157294.0
2025-11-22,M013,171368.0
2025-11-22,M014,185442.0
2025-11-22,M015,121396.0
2025-11-22,M016,135470.0
2025-11-22,M017,149544.0
2025-11-22,M018,163618.0
2025-11-22,M019,177692.0
2025-11-22,M020,191766.0
2025-11-22,M021,205840.0
2025-11-22,M022,141794.0
2025-11-22,M023,155868.0
2025-11-22,M024,169942.0
2025-11-22,M025,184016.0
2025-11-22,M026,198090.0
2025-11-22,M027,212164.0
2025-11-22,M028,226238.0
2025-11-22,M029,162192.0
2025-11-22,M030,176266.0
2025-11-22,M031,190340.0
2025-11-22,M032,204414.0
2025-11-22,M033,218488.0
2025-11-22,M034,232562.0
2025-11-22,M035,246636.0
2025-11-22,M036,182590.0
2025-11-22,M037,196664.0
2025-11-22,M038,210738.0
2025-11-22,M039,224812.0
2025-11-22,M040,238886.0
2025-11-22,M041,252960.0
2025-11-22,M042,267034.0
2025-11-22,M043,202988.0
2025-11-22,M044,217062.0
2025-11-22,M045,231136.0
2025-11-22,M046,245210.0
2025-11-22,M047,259284.0
2025-11-22,M048,273358.0
2025-11-23,M001,80600.0
2025-11-23,M002,94674.0
2025-11-23,M003,108748.0
2025-11-23,M004,122822.0
2025-11-23,M005,136896.0
2025-11-23,M006,150970.0
2025-11-23,M007,165044.0
2025-11-23,M008,100998.0
2025-11-23,M009,115072.0
2025-11-23,M010,129146.0
2025-11-23,M011,143220.0
2025-11-23,M012,157294.0
2025-11-23,M013,171368.0
2025-11-23,M014,185442.0
2025-11-23,M015,121396.0
2025-11-23,M016,135470.0
2025-11-23,M017,149544.0
2025-11-23,M018,163618.0
2025-11-23,M019,177692.0
2025-11-23,M020,191766.0
2025-11-23,M021,205840.0
2025-11-23,M022,141794.0
2025-11-23,M023,155868.0
2025-11-23,M024,169942.0
2025-11-23,M025,184016.0
2025-11-23,M026,198090.0
2025-11-23,M027,212164.0
2025-11-23,M028,226238.0
2025-11-23,M029,162192.0
2025-11-23,M030,176266.0
2025-11-23,M031,190340.0
2025-11-23,M032,204414.0
2025-11-23,M033,218488.0
2025-11-23,M034,232562.0
2025-11-23,M035,246636.0
2025-11-23,M036,182590.0
2025-11-23,M037,196664.0
2025-11-23,M038,210738.0
2025-11-23,M039,224812.0
2025-11-23,M040,238886.0
2025-11-23,M041,252960.0
2025-11-23,M042,267034.0
2025-11-23,M043,202988.0
2025-11-23,M044,217062.0
2025-11-23,M045,231136.0
2025-11-23,M046,245210.0
2025-11-23,M047,259284.0
2025-11-23,M048,273358.0
2025-11-24,M001,80600.0
2025-11-24,M002,94674.0
2025-11-24,M003,108748.0
2025-11-24,M004,122822.0
2025-11-24,M005,136896.0
2025-11-24,M006,150970.0
2025-11-24,M007,165044.0
2025-11-24,M008,100998.0
2025-11-24,M009,115072.0
2025-11-24,M010,129146.0
2025-11-24,M011,143220.0
2025-11-24,M012,157294.0
2025-11-24,M013,171368.0
2025-11-24,M014,185442.0
2025-11-24,M015,121396.0
2025-11-24,M016,135470.0
2025-11-24,M017,149544.0
2025-11-24,M018,163618.0
2025-11-24,M019,177692.0
2025-11-24,M020,191766.0
2025-11-24,M021,205840.0
2025-11-24,M022,141794.0
2025-11-24,M023,155868.0
2025-11-24,M024,169942.0
2025-11-24,M025,184016.0
2025-11-24,M026,198090.0
2025-11-24,M027,212164.0
2025-11-24,M028,226238.0
2025-11-24,M029,162192.0
2025-11-24,M030,176266.0
2025-11-24,M031,190340.0
2025-11-24,M032,204414.0
2025-11-24,M033,218488.0
2025-11-24,M034,232562.0
2025-11-24,M035,246636.0
2025-11-24,M036,182590.0
2025-11-24,M037,196664.0
2025-11-24,M038,210738.0
2025-11-24,M039,224812.0
2025-11-24,M040,238886.0
2025-11-24,M041,252960.0
2025-11-24,M042,267034.0
2025-11-24,M043,202988.0
2025-11-24,M044,217062.0
2025-11-24,M045,231136.0
2025-11-24,M046,245210.0
2025-11-24,M047,259284.0
2025-11-24,M048,273358.0
2025-11-25,M001,80600.0
2025-11-25,M002,94674.0
2025-11-25,M003,108748.0
2025-11-25,M004,122822.0
2025-11-25,M005,136896.0
2025-11-25,M006,150970.0
2025-11-25,M007,165044.0
2025-11-25,M008,100998.0
2025-11-25,M009,115072.0
2025-11-25,M010,129146.0
2025-11-25,M011,143220.0
2025-11-25,M012,157294.0
2025-11-25,M013,171368.0
2025-11-25,M014,185442.0
2025-11-25,M015,121396.0
2025-11-25,M016,135470.0
2025-11-25,M017,149544.0
2025-11-25,M018,163618.0
2025-11-25,M019,177692.0
2025-11-25,M020,191766.0
2025-11-25,M021,205840.0
2025-11-25,M022,141794.0
2025-11-25,M023,155868.0
2025-11-25,M024,169942.0
2025-11-25,M025,184016.0
2025-11-25,M026,198090.0
2025-11-25,M027,212164.0
2025-11-25,M028,226238.0
2025-11-25,M029,162192.0
2025-11-25,M030,176266.0
2025-11-25,M031,190340.0
2025-11-25,M032,204414.0
2025-11-25,M033,218488.0
2025-11-25,M034,232562.0
2025-11-25,M035,246636.0
2025-11-25,M036,182590.0
2025-11-25,M037,196664.0
2025-11-25,M038,210738.0
2025-11-25,M039,224812.0
2025-11-25,M040,238886.0
2025-11-25,M041,252960.0
2025-11-25,M042,267034.0
2025-11-25,M043,202988.0
2025-11-25,M044,217062.0
2025-11-25,M045,231136.0
2025-11-25,M046,245210.0
2025-11-25,M047,259284.0
2025-11-25,M048,273358.0
2025-11-26,M001,80600.0
2025-11-26,M002,94674.0
2025-11-26,M003,108748.0
2025-11-26,M004,122822.0
2025-11-26,M005,136896.0
2025-11-26,M006,150970.0
2025-11-26,M007,165044.0
2025-11-26,M008,100998.0
2025-11-26,M009,115072.0
2025-11-26,M010,129146.0
2025-11-26,M011,143220.0
2025-11-26,M012,157294.0
2025-11-26,M013,171368.0
2025-11-26,M014,185442.0
2025-11-26,M015,121396.0
2025-11-26,M016,135470.0
2025-11-26,M017,149544.0
2025-11-26,M018,163618.0
2025-11-26,M019,177692.0
2025-11-26,M020,191766.0
2025-11-26,M021,205840.0
2025-11-26,M022,141794.0
2025-11-26,M023,155868.0
2025-11-26,M024,169942.0
2025-11-26,M025,184016.0
2025-11-26,M026,198090.0
2025-11-26,M027,212164.0
2025-11-26,M028,226238.0
2025-11-26,M029,162192.0
2025-11-26,M030,176266.0
2025-11-26,M031,190340.0
2025-11-26,M032,204414.0
2025-11-26,M033,218488.0
2025-11-26,M034,232562.0
2025-11-26,M035,246636.0
2025-11-26,M036,182590.0
2025-11-26,M037,196664.0
2025-11-26,M038,210738.0
2025-11-26,M039,224812.0
2025-11-26,M040,238886.0
2025-11-26,M041,252960.0
2025-11-26,M042,267034.0
2025-11-26,M043,202988.0
2025-11-26,M044,217062.0
2025-11-26,M045,231136.0
2025-11-26,M046,245210.0
2025-11-26,M047,259284.0
2025-11-26,M048,273358.0
2025-11-27,M001,80600.0
2025-11-27,M002,94674.0
2025-11-27,M003,108748.0
2025-11-27,M004,122822.0
2025-11-27,M005,136896.0
2025-11-27,M006,150970.0
2025-11-27,M007,165044.0
2025-11-27,M008,100998.0
2025-11-27,M009,115072.0
2025-11-27,M010,129146.0
2025-11-27,M011,143220.0
2025-11-27,M012,157294.0
2025-11-27,M013,171368.0
2025-11-27,M014,185442.0
2025-11-27,M015,121396.0
2025-11-27,M016,135470.0
2025-11-27,M017,149544.0
2025-11-27,M018,163618.0
2025-11-27,M019,177692.0
2025-11-27,M020,191766.0
2025-11-27,M021,205840.0
2025-11-27,M022,141794.0
2025-11-27,M023,155868.0
2025-11-27,M024,169942.0
2025-11-27,M025,184016.0
2025-11-27,M026,198090.0
2025-11-27,M027,212164.0
2025-11-27,M028,226238.0
2025-11-27,M029,162192.0
2025-11-27,M030,176266.0
2025-11-27,M031,190340.0
2025-11-27,M032,204414.0
2025-11-27,M033,218488.0
2025-11-27,M034,232562.0
2025-11-27,M035,246636.0
2025-11-27,M036,182590.0
2025-11-27,M037,196664.0
2025-11-27,M038,210738.0
2025-11-27,M039,224812.0
2025-11-27,M040,238886.0
2025-11-27,M041,252960.0
2025-11-27,M042,267034.0
2025-11-27,M043,202988.0
2025-11-27,M044,217062.0
2025-11-27,M045,231136.0
2025-11-27,M046,245210.0
2025-11-27,M047,259284.0
2025-11-27,M048,273358.0
2025-11-28,M001,80600.0
2025-11-28,M002,94674.0
2025-11-28,M003,108748.0
2025-11-28,M004,122822.0
2025-11-28,M005,136896.0
2025-11-28,M006,150970.0
2025-11-28,M007,165044.0
2025-11-28,M008,100998.0
2025-11-28,M009,115072.0
2025-11-28,M010,129146.0
2025-11-28,M011,143220.0
2025-11-28,M012,157294.0
2025-11-28,M013,171368.0
2025-11-28,M014,185442.0
2025-11-28,M015,121396.0
2025-11-28,M016,135470.0
2025-11-28,M017,149544.0
2025-11-28,M018,163618.0
2025-11-28,M019,177692.0
2025-11-28,M020,191766.0
2025-11-28,M021,205840.0
2025-11-28,M022,141794.0
2025-11-28,M023,155868.0
2025-11-28,M024,169942.0
2025-11-28,M025,184016.0
2025-11-28,M026,198090.0
2025-11-28,M027,212164.0
2025-11-28,M028,226238.0
2025-11-28,M029,162192.0
2025-11-28,M030,176266.0
2025-11-28,M031,190340.0
2025-11-28,M032,204414.0
2025-11-28,M033,218488.0
2025-11-28,M034,232562.0
2025-11-28,M035,246636.0
2025-11-28,M036,182590.0
2025-11-28,M037,196664.0
2025-11-28,M038,210738.0
2025-11-28,M039,224812.0
2025-11-28,M040,238886.0
2025-11-28,M041,252960.0
2025-11-28,M042,267034.0
2025-11-28,M043,202988.0
2025-11-28,M044,217062.0
2025-11-28,M045,231136.0
2025-11-28,M046,245210.0
2025-11-28,M047,259284.0
2025-11-28,M048,273358.0
2025-11-29,M001,80600.0
2025-11-29,M002,94674.0
2025-11-29,M003,108748.0
2025-11-29,M004,122822.0
2025-11-29,M005,136896.0
2025-11-29,M006,150970.0
2025-11-29,M007,165044.0
2025-11-29,M008,100998.0
2025-11-29,M009,115072.0
2025-11-29,M010,129146.0
2025-11-29,M011,143220.0
2025-11-29,M012,157294.0
2025-11-29,M013,171368.0
2025-11-29,M014,185442.0
2025-11-29,M015,121396.0
2025-11-29,M016,135470.0
2025-11-29,M017,149544.0
2025-11-29,M018,163618.0
2025-11-29,M019,177692.0
2025-11-29,M020,191766.0
2025-11-29,M021,205840.0
2025-11-29,M022,141794.0
2025-11-29,M023,155868.0
2025-11-29,M024,169942.0
2025-11-29,M025,184016.0
2025-11-29,M026,198090.0
2025-11-29,M027,212164.0
2025-11-29,M028,226238.0
2025-11-29,M029,162192.0
2025-11-29,M030,176266.0
2025-11-29,M031,190340.0
2025-11-29,M032,204414.0
2025-11-29,M033,218488.0
2025-11-29,M034,232562.0
2025-11-29,M035,246636.0
2025-11-29,M036,182590.0
2025-11-29,M037,196664.0
2025-11-29,M038,210738.0
2025-11-29,M039,224812.0
2025-11-29,M040,238886.0
2025-11-29,M041,252960.0
2025-11-29,M042,267034.0
2025-11-29,M043,202988.0
2025-11-29,M044,217062.0
2025-11-29,M045,231136.0
2025-11-29,M046,245210.0
2025-11-29,M047,259284.0
2025-11-29,M048,273358.0
2025-11-30,M001,80600.0
2025-11-30,M002,94674.0
2025-11-30,M003,108748.0
2025-11-30,M004,122822.0
2025-11-30,M005,136896.0
2025-11-30,M006,150970.0
2025-11-30,M007,165044.0
2025-11-30,M008,100998.0
2025-11-30,M009,115072.0
2025-11-30,M010,129146.0
2025-11-30,M011,143220.0
2025-11-30,M012,157294.0
2025-11-30,M013,171368.0
2025-11-30,M014,185442.0
2025-11-30,M015,121396.0
2025-11-30,M016,135470.0
2025-11-30,M017,149544.0
2025-11-30,M018,163618.0
2025-11-30,M019,177692.0
2025-11-30,M020,191766.0
2025-11-30,M021,205840.0
2025-11-30,M022,141794.0
2025-11-30,M023,155868.0
2025-11-30,M024,169942.0
2025-11-30,M025,184016.0
2025-11-30,M026,198090.0
2025-11-30,M027,212164.0
2025-11-30,M028,226238.0
2025-11-30,M029,162192.0
2025-11-30,M030,176266.0
2025-11-30,M031,190340.0
2025-11-30,M032,204414.0
2025-11-30,M033,218488.0
2025-11-30,M034,232562.0
2025-11-30,M035,246636.0
2025-11-30,M036,182590.0
2025-11-30,M037,196664.0
2025-11-30,M038,210738.0
2025-11-30,M039,224812.0
2025-11-30,M040,238886.0
2025-11-30,M041,252960.0
2025-11-30,M042,267034.0
2025-11-30,M043,202988.0
2025-11-30,M044,217062.0
2025-11-30,M045,231136.0
2025-11-30,M046,245210.0
2025-11-30,M047,259284.0
2025-11-30,M048,273358.0
2025-12-01,M001,80600.0
2025-12-01,M002,94674.0
2025-12-01,M003,108748.0
2025-12-01,M004,122822.0
2025-12-01,M005,136896.0
2025-12-01,M006,150970.0
2025-12-01,M007,165044.0
2025-12-01,M008,100998.0
2025-12-01,M009,115072.0
2025-12-01,M010,129146.0
2025-12-01,M011,143220.0
2025-12-01,M012,157294.0
2025-12-01,M013,171368.0
2025-12-01,M014,185442.0
2025-12-01,M015,121396.0
2025-12-01,M016,135470.0
2025-12-01,M017,149544.0
2025-12-01,M018,163618.0
2025-12-01,M019,177692.0
2025-12-01,M020,191766.0
2025-12-01,M021,205840.0
2025-12-01,M022,141794.0
2025-12-01,M023,155868.0
2025-12-01,M024,169942.0
2025-12-01,M025,184016.0
2025-12-01,M026,198090.0
2025-12-01,M027,212164.0
2025-12-01,M028,226238.0
2025-12-01,M029,162192.0
2025-12-01,M030,176266.0
2025-12-01,M031,190340.0
2025-12-01,M032,204414.0
2025-12-01,M033,218488.0
2025-12-01,M034,232562.0
2025-12-01,M035,246636.0
2025-12-01,M036,182590.0
2025-12-01,M037,196664.0
2025-12-01,M038,210738.0
2025-12-01,M039,224812.0
2025-12-01,M040,238886.0
2025-12-01,M041,252960.0
2025-12-01,M042,267034.0
2025-12-01,M043,202988.0
2025-12-01,M044,217062.0
2025-12-01,M045,231136.0
2025-12-01,M046,245210.0
2025-12-01,M047,259284.0
2025-12-01,M048,273358.0
2025-12-02,M001,80600.0
2025-12-02,M002,94674.0
2025-12-02,M003,108748.0
2025-12-02,M004,122822.0
2025-12-02,M005,136896.0
2025-12-02,M006,150970.0
2025-12-02,M007,165044.0
2025-12-02,M008,100998.0
2025-12-02,M009,115072.0
2025-12-02,M010,129146.0
2025-12-02,M011,143220.0
2025-12-02,M012,157294.0
2025-12-02,M013,171368.0
2025-12-02,M014,185442.0
2025-12-02,M015,121396.0
2025-12-02,M016,135470.0
2025-12-02,M017,149544.0
2025-12-02,M018,163618.0
2025-12-02,M019,177692.0
2025-12-02,M020,191766.0
2025-12-02,M021,205840.0
2025-12-02,M022,141794.0
2025-12-02,M023,155868.0
2025-12-02,M024,169942.0
2025-12-02,M025,184016.0
2025-12-02,M026,198090.0
2025-12-02,M027,212164.0
2025-12-02,M028,226238.0
2025-12-02,M029,162192.0
2025-12-02,M030,176266.0
2025-12-02,M031,190340.0
2025-12-02,M032,204414.0
2025-12-02,M033,218488.0
2025-12-02,M034,232562.0
2025-12-02,M035,246636.0
2025-12-02,M036,182590.0
2025-12-02,M037,196664.0
2025-12-02,M038,210738.0
2025-12-02,M039,224812.0
2025-12-02,M040,238886.0
2025-12-02,M041,252960.0
2025-12-02,M042,267034.0
2025-12-02,M043,202988.0
2025-12-02,M044,217062.0
2025-12-02,M045,231136.0
2025-12-02,M046,245210.0
2025-12-02,M047,259284.0
2025-12-02,M048,273358.0
2025-12-03,M001,80600.0
2025-12-03,M002,94674.0
2025-12-03,M003,108748.0
2025-12-03,M004,122822.0
2025-12-03,M005,136896.0
2025-12-03,M006,150970.0
2025-12-03,M007,165044.0
2025-12-03,M008,100998.0
2025-12-03,M009,115072.0
2025-12-03,M010,129146.0
2025-12-03,M011,143220.0
2025-12-03,M012,157294.0
2025-12-03,M013,171368.0
2025-12-03,M014,185442.0
2025-12-03,M015,121396.0
2025-12-03,M016,135470.0
2025-12-03,M017,149544.0
2025-12-03,M018,163618.0
2025-12-03,M019,177692.0
2025-12-03,M020,191766.0
2025-12-03,M021,205840.0
2025-12-03,M022,141794.0
2025-12-03,M023,155868.0
2025-12-03,M024,169942.0
2025-12-03,M025,184016.0
2025-12-03,M026,198090.0
2025-12-03,M027,212164.0
2025-12-03,M028,226238.0
2025-12-03,M029,162192.0
2025-12-03,M030,176266.0
2025-12-03,M031,190340.0
2025-12-03,M032,204414.0
2025-12-03,M033,218488.0
2025-12-03,M034,232562.0
2025-12-03,M035,246636.0
2025-12-03,M036,182590.0
2025-12-03,M037,196664.0
2025-12-03,M038,210738.0
2025-12-03,M039,224812.0
2025-12-03,M040,238886.0
2025-12-03,M041,252960.0
2025-12-03,M042,267034.0
2025-12-03,M043,202988.0
2025-12-03,M044,217062.0
2025-12-03,M045,231136.0
2025-12-03,M046,245210.0
2025-12-03,M047,259284.0
2025-12-03,M048,273358.0
2025-12-04,M001,80600.0
2025-12-04,M002,94674.0
2025-12-04,M003,108748.0
2025-12-04,M004,122822.0
2025-12-04,M005,136896.0
2025-12-04,M006,150970.0
2025-12-04,M007,165044.0
2025-12-04,M008,100998.0
2025-12-04,M009,115072.0
2025-12-04,M010,129146.0
2025-12-04,M011,143220.0
2025-12-04,M012,157294.0
2025-12-04,M013,171368.0
2025-12-04,M014,185442.0
2025-12-04,M015,121396.0
2025-12-04,M016,135470.0
2025-12-04,M017,149544.0
2025-12-04,M018,163618.0
2025-12-04,M019,177692.0
2025-12-04,M020,191766.0
2025-12-04,M021,205840.0
2025-12-04,M022,141794.0
2025-12-04,M023,155868.0
2025-12-04,M024,169942.0
2025-12-04,M025,184016.0
2025-12-04,M026,198090.0
2025-12-04,M027,212164.0
2025-12-04,M028,226238.0
2025-12-04,M029,162192.0
2025-12-04,M030,176266.0
2025-12-04,M031,190340.0
2025-12-04,M032,204414.0
2025-12-04,M033,218488.0
2025-12-04,M034,232562.0
2025-12-04,M035,246636.0
2025-12-04,M036,182590.0
2025-12-04,M037,196664.0
2025-12-04,M038,210738.0
2025-12-04,M039,224812.0
2025-12-04,M040,238886.0
2025-12-04,M041,252960.0
2025-12-04,M042,267034.0
2025-12-04,M043,202988.0
2025-12-04,M044,217062.0
2025-12-04,M045,231136.0
2025-12-04,M046,245210.0
2025-12-04,M047,259284.0
2025-12-04,M048,273358.0
2025-12-05,M001,80600.0
2025-12-05,M002,94674.0
2025-12-05,M003,108748.0
2025-12-05,M004,122822.0
2025-12-05,M005,136896.0
2025-12-05,M006,150970.0
2025-12-05,M007,165044.0
2025-12-05,M008,100998.0
2025-12-05,M009,115072.0
2025-12-05,M010,129146.0
2025-12-05,M011,143220.0
2025-12-05,M012,157294.0
2025-12-05,M013,171368.0
2025-12-05,M014,185442.0
2025-12-05,M015,121396.0
2025-12-05,M016,135470.0
2025-12-05,M017,149544.0
2025-12-05,M018,163618.0
2025-12-05,M019,177692.0
2025-12-05,M020,191766.0
2025-12-05,M021,205840.0
2025-12-05,M022,141794.0
2025-12-05,M023,155868.0
2025-12-05,M024,169942.0
2025-12-05,M025,184016.0
2025-12-05,M026,198090.0
2025-12-05,M027,212164.0
2025-12-05,M028,226238.0
2025-12-05,M029,162192.0
2025-12-05,M030,176266.0
2025-12-05,M031,190340.0
2025-12-05,M032,204414.0
2025-12-05,M033,218488.0
2025-12-05,M034,232562.0
2025-12-05,M035,246636.0
2025-12-05,M036,182590.0
2025-12-05,M037,196664.0
2025-12-05,M038,210738.0
2025-12-05,M039,224812.0
2025-12-05,M040,238886.0
2025-12-05,M041,252960.0
2025-12-05,M042,267034.0
2025-12-05,M043,202988.0
2025-12-05,M044,217062.0
2025-12-05,M045,231136.0
2025-12-05,M046,245210.0
2025-12-05,M047,259284.0
2025-12-05,M048,273358.0
2025-12-06,M001,80600.0
2025-12-06,M002,94674.0
2025-12-06,M003,108748.0
2025-12-06,M004,122822.0
2025-12-06,M005,136896.0
2025-12-06,M006,150970.0
2025-12-06,M007,165044.0
2025-12-06,M008,100998.0
2025-12-06,M009,115072.0
2025-12-06,M010,129146.0
2025-12-06,M011,143220.0
2025-12-06,M012,157294.0
2025-12-06,M013,171368.0
2025-12-06,M014,185442.0
2025-12-06,M015,121396.0
2025-12-06,M016,135470.0
2025-12-06,M017,149544.0
2025-12-06,M018,163618.0
2025-12-06,M019,177692.0
2025-12-06,M020,191766.0
2025-12-06,M021,205840.0
2025-12-06,M022,141794.0
2025-12-06,M023,155868.0
2025-12-06,M024,169942.0
2025-12-06,M025,184016.0
2025-12-06,M026,198090.0
2025-12-06,M027,212164.0
2025-12-06,M028,226238.0
2025-12-06,M029,162192.0
2025-12-06,M030,176266.0
2025-12-06,M031,190340.0
2025-12-06,M032,204414.0
2025-12-06,M033,218488.0
2025-12-06,M034,232562.0
2025-12-06,M035,246636.0
2025-12-06,M036,182590.0
2025-12-06,M037,196664.0
2025-12-06,M038,210738.0
2025-12-06,M039,224812.0
2025-12-06,M040,238886.0
2025-12-06,M041,252960.0
2025-12-06,M042,267034.0
2025-12-06,M043,202988.0
2025-12-06,M044,217062.0
2025-12-06,M045,231136.0
2025-12-06,M046,245210.0
2025-12-06,M047,259284.0
2025-12-06,M048,273358.0
2025-12-07,M001,80600.0
2025-12-07,M002,94674.0
2025-12-07,M003,108748.0
2025-12-07,M004,122822.0
2025-12-07,M005,136896.0
2025-12-07,M006,150970.0
2025-12-07,M007,165044.0
2025-12-07,M008,100998.0
2025-12-07,M009,115072.0
2025-12-07,M010,129146.0
2025-12-07,M011,143220.0
2025-12-07,M012,157294.0
2025-12-07,M013,171368.0
2025-12-07,M014,185442.0
2025-12-07,M015,121396.0
2025-12-07,M016,135470.0
2025-12-07,M017,149544.0
2025-12-07,M018,163618.0
2025-12-07,M019,177692.0
2025-12-07,M020,191766.0
2025-12-07,M021,205840.0
2025-12-07,M022,141794.0
2025-12-07,M023,155868.0
2025-12-07,M024,169942.0
2025-12-07,M025,184016.0
2025-12-07,M026,198090.0
2025-12-07,M027,212164.0
2025-12-07,M028,226238.0
2025-12-07,M029,162192.0
2025-12-07,M030,176266.0
2025-12-07,M031,190340.0
2025-12-07,M032,204414.0
2025-12-07,M033,218488.0
2025-12-07,M034,232562.0
2025-12-07,M035,246636.0
2025-12-07,M036,182590.0
2025-12-07,M037,196664.0
2025-12-07,M038,210738.0
2025-12-07,M039,224812.0
2025-12-07,M040,238886.0
2025-12-07,M041,252960.0
2025-12-07,M042,267034.0
2025-12-07,M043,202988.0
2025-12-07,M044,217062.0
2025-12-07,M045,231136.0
2025-12-07,M046,245210.0
2025-12-07,M047,259284.0
2025-12-07,M048,273358.0
2025-12-08,M001,80600.0
2025-12-08,M002,94674.0
2025-12-08,M003,108748.0
2025-12-08,M004,122822.0
2025-12-08,M005,136896.0
2025-12-08,M006,150970.0
2025-12-08,M007,165044.0
2025-12-08,M008,100998.0
2025-12-08,M009,115072.0
2025-12-08,M010,129146.0
2025-12-08,M011,143220.0
2025-12-08,M012,157294.0
2025-12-08,M013,171368.0
2025-12-08,M014,185442.0
2025-12-08,M015,121396.0
2025-12-08,M016,135470.0
2025-12-08,M017,149544.0
2025-12-08,M018,163618.0
2025-12-08,M019,177692.0
2025-12-08,M020,191766.0
2025-12-08,M021,205840.0
2025-12-08,M022,141794.0
2025-12-08,M023,155868.0
2025-12-08,M024,169942.0
2025-12-08,M025,184016.0
2025-12-08,M026,198090.0
2025-12-08,M027,212164.0
2025-12-08,M028,226238.0
2025-12-08,M029,162192.0
2025-12-08,M030,176266.0
2025-12-08,M031,190340.0
2025-12-08,M032,204414.0
2025-12-08,M033,218488.0
2025-12-08,M034,232562.0
2025-12-08,M035,246636.0
2025-12-08,M036,182590.0
2025-12-08,M037,196664.0
2025-12-08,M038,210738.0
2025-12-08,M039,224812.0
2025-12-08,M040,238886.0
2025-12-08,M041,252960.0
2025-12-08,M042,267034.0
2025-12-08,M043,202988.0
2025-12-08,M044,217062.0
2025-12-08,M045,231136.0
2025-12-08,M046,245210.0
2025-12-08,M047,259284.0
2025-12-08,M048,273358.0
2025-12-09,M001,80600.0
2025-12-09,M002,94674.0
2025-12-09,M003,108748.0
2025-12-09,M004,122822.0
2025-12-09,M005,136896.0
2025-12-09,M006,150970.0
2025-12-09,M007,165044.0
2025-12-09,M008,100998.0
2025-12-09,M009,115072.0
2025-12-09,M010,129146.0
2025-12-09,M011,143220.0
2025-12-09,M012,157294.0
2025-12-09,M013,171368.0
2025-12-09,M014,185442.0
2025-12-09,M015,121396.0
2025-12-09,M016,135470.0
2025-12-09,M017,149544.0
2025-12-09,M018,163618.0
2025-12-09,M019,177692.0
2025-12-09,M020,191766.0
2025-12-09,M021,205840.0
2025-12-09,M022,141794.0
2025-12-09,M023,155868.0
2025-12-09,M024,169942.0
2025-12-09,M025,184016.0
2025-12-09,M026,198090.0
2025-12-09,M027,212164.0
2025-12-09,M028,226238.0
2025-12-09,M029,162192.0
2025-12-09,M030,176266.0
2025-12-09,M031,190340.0
2025-12-09,M032,204414.0
2025-12-09,M033,218488.0
2025-12-09,M034,232562.0
2025-12-09,M035,246636.0
2025-12-09,M036,182590.0
2025-12-09,M037,196664.0
2025-12-09,M038,210738.0
2025-12-09,M039,224812.0
2025-12-09,M040,238886.0
2025-12-09,M041,252960.0
2025-12-09,M042,267034.0
2025-12-09,M043,202988.0
2025-12-09,M044,217062.0
2025-12-09,M045,231136.0
2025-12-09,M046,245210.0
2025-12-09,M047,259284.0
2025-12-09,M048,273358.0
2025-12-10,M001,80600.0
2025-12-10,M002,94674.0
2025-12-10,M003,108748.0
2025-12-10,M004,122822.0
2025-12-10,M005,136896.0
2025-12-10,M006,150970.0
2025-12-10,M007,165044.0
2025-12-10,M008,100998.0
2025-12-10,M009,115072.0
2025-12-10,M010,129146.0
2025-12-10,M011,143220.0
2025-12-10,M012,157294.0
2025-12-10,M013,171368.0
2025-12-10,M014,185442.0
2025-12-10,M015,121396.0
2025-12-10,M016,135470.0
2025-12-10,M017,149544.0
2025-12-10,M018,163618.0
2025-12-10,M019,177692.0
2025-12-10,M020,191766.0
2025-12-10,M021,205840.0
2025-12-10,M022,141794.0
2025-12-10,M023,155868.0
2025-12-10,M024,169942.0
2025-12-10,M025,184016.0
2025-12-10,M026,198090.0
2025-12-10,M027,212164.0
2025-12-10,M028,226238.0
2025-12-10,M029,162192.0
2025-12-10,M030,176266.0
2025-12-10,M031,190340.0
2025-12-10,M032,204414.0
2025-12-10,M033,218488.0
2025-12-10,M034,232562.0
2025-12-10,M035,246636.0
2025-12-10,M036,182590.0
2025-12-10,M037,196664.0
2025-12-10,M038,210738.0
2025-12-10,M039,224812.0
2025-12-10,M040,238886.0
2025-12-10,M041,252960.0
2025-12-10,M042,267034.0
2025-12-10,M043,202988.0
2025-12-10,M044,217062.0
2025-12-10,M045,231136.0
2025-12-10,M046,245210.0
2025-12-10,M047,259284.0
2025-12-10,M048,273358.0
2025-12-11,M001,80600.0
2025-12-11,M002,94674.0
2025-12-11,M003,108748.0
2025-12-11,M004,122822.0
2025-12-11,M005,136896.0
2025-12-11,M006,150970.0
2025-12-11,M007,165044.0
2025-12-11,M008,100998.0
2025-12-11,M009,115072.0
2025-12-11,M010,129146.0
2025-12-11,M011,143220.0
2025-12-11,M012,157294.0
2025-12-11,M013,171368.0
2025-12-11,M014,185442.0
2025-12-11,M015,121396.0
2025-12-11,M016,135470.0
2025-12-11,M017,149544.0
2025-12-11,M018,163618.0
2025-12-11,M019,177692.0
2025-12-11,M020,191766.0
2025-12-11,M021,205840.0
2025-12-11,M022,141794.0
2025-12-11,M023,155868.0
2025-12-11,M024,169942.0
2025-12-11,M025,184016.0
2025-12-11,M026,198090.0
2025-12-11,M027,212164.0
2025-12-11,M028,226238.0
2025-12-11,M029,162192.0
2025-12-11,M030,176266.0
2025-12-11,M031,190340.0
2025-12-11,M032,204414.0
2025-12-11,M033,218488.0
2025-12-11,M034,232562.0
2025-12-11,M035,246636.0
2025-12-11,M036,182590.0
2025-12-11,M037,196664.0
2025-12-11,M038,210738.0
2025-12-11,M039,224812.0
2025-12-11,M040,238886.0
2025-12-11,M041,252960.0
2025-12-11,M042,267034.0
2025-12-11,M043,202988.0
2025-12-11,M044,217062.0
2025-12-11,M045,231136.0
2025-12-11,M046,245210.0
2025-12-11,M047,259284.0
2025-12-11,M048,273358.0
2025-12-12,M001,80600.0
2025-12-12,M002,94674.0
2025-12-12,M003,108748.0
2025-12-12,M004,122822.0
2025-12-12,M005,136896.0
2025-12-12,M006,150970.0
2025-12-12,M007,165044.0
2025-12-12,M008,100998.0
2025-12-12,M009,115072.0
2025-12-12,M010,129146.0
2025-12-12,M011,143220.0
2025-12-12,M012,157294.0
2025-12-12,M013,171368.0
2025-12-12,M014,185442.0
2025-12-12,M015,121396.0
2025-12-12,M016,135470.0
2025-12-12,M017,149544.0
2025-12-12,M018,163618.0
2025-12-12,M019,177692.0
2025-12-12,M020,191766.0
2025-12-12,M021,205840.0
2025-12-12,M022,141794.0
2025-12-12,M023,155868.0
2025-12-12,M024,169942.0
2025-12-12,M025,184016.0
2025-12-12,M026,198090.0
2025-12-12,M027,212164.0
2025-12-12,M028,226238.0
2025-12-12,M029,162192.0
2025-12-12,M030,176266.0
2025-12-12,M031,190340.0
2025-12-12,M032,204414.0
2025-12-12,M033,218488.0
2025-12-12,M034,232562.0
2025-12-12,M035,246636.0
2025-12-12,M036,182590.0
2025-12-12,M037,196664.0
2025-12-12,M038,210738.0
2025-12-12,M039,224812.0
2025-12-12,M040,238886.0
2025-12-12,M041,252960.0
2025-12-12,M042,267034.0
2025-12-12,M043,202988.0
2025-12-12,M044,217062.0
2025-12-12,M045,231136.0
2025-12-12,M046,245210.0
2025-12-12,M047,259284.0
2025-12-12,M048,273358.0
2025-12-13,M001,80600.0
2025-12-13,M002,94674.0
2025-12-13,M003,108748.0
2025-12-13,M004,122822.0
2025-12-13,M005,136896.0
2025-12-13,M006,150970.0
2025-12-13,M007,165044.0
2025-12-13,M008,100998.0
2025-12-13,M009,115072.0
2025-12-13,M010,129146.0
2025-12-13,M011,143220.0
2025-12-13,M012,157294.0
2025-12-13,M013,171368.0
2025-12-13,M014,185442.0
2025-12-13,M015,121396.0
2025-12-13,M016,135470.0
2025-12-13,M017,149544.0
2025-12-13,M018,163618.0
2025-12-13,M019,177692.0
2025-12-13,M020,191766.0
2025-12-13,M021,205840.0
2025-12-13,M022,141794.0
2025-12-13,M023,155868.0
2025-12-13,M024,169942.0
2025-12-13,M025,184016.0
2025-12-13,M026,198090.0
2025-12-13,M027,212164.0
2025-12-13,M028,226238.0
2025-12-13,M029,162192.0
2025-12-13,M030,176266.0
2025-12-13,M031,190340.0
2025-12-13,M032,204414.0
2025-12-13,M033,218488.0
2025-12-13,M034,232562.0
2025-12-13,M035,246636.0
2025-12-13,M036,182590.0
2025-12-13,M037,196664.0
2025-12-13,M038,210738.0
2025-12-13,M039,224812.0
2025-12-13,M040,238886.0
2025-12-13,M041,252960.0
2025-12-13,M042,267034.0
2025-12-13,M043,202988.0
2025-12-13,M044,217062.0
2025-12-13,M045,231136.0
2025-12-13,M046,245210.0
2025-12-13,M047,259284.0
2025-12-13,M048,273358.0
2025-12-14,M001,80600.0
2025-12-14,M002,94674.0
2025-12-14,M003,108748.0
2025-12-14,M004,122822.0
2025-12-14,M005,136896.0
2025-12-14,M006,150970.0
2025-12-14,M007,165044.0
2025-12-14,M008,100998.0
2025-12-14,M009,115072.0
2025-12-14,M010,129146.0
2025-12-14,M011,143220.0
2025-12-14,M012,157294.0
2025-12-14,M013,171368.0
2025-12-14,M014,185442.0
2025-12-14,M015,121396.0
2025-12-14,M016,135470.0
2025-12-14,M017,149544.0
2025-12-14,M018,163618.0
2025-12-14,M019,177692.0
2025-12-14,M020,191766.0
2025-12-14,M021,205840.0
2025-12-14,M022,141794.0
2025-12-14,M023,155868.0
2025-12-14,M024,169942.0
2025-12-14,M025,184016.0
2025-12-14,M026,198090.0
2025-12-14,M027,212164.0
2025-12-14,M028,226238.0
2025-12-14,M029,162192.0
2025-12-14,M030,176266.0
2025-12-14,M031,190340.0
2025-12-14,M032,204414.0
2025-12-14,M033,218488.0
2025-12-14,M034,232562.0
2025-12-14,M035,246636.0
2025-12-14,M036,182590.0
2025-12-14,M037,196664.0
2025-12-14,M038,210738.0
2025-12-14,M039,224812.0
2025-12-14,M040,238886.0
2025-12-14,M041,252960.0
2025-12-14,M042,267034.0
2025-12-14,M043,202988.0
2025-12-14,M044,217062.0
2025-12-14,M045,231136.0
2025-12-14,M046,245210.0
2025-12-14,M047,259284.0
2025-12-14,M048,273358.0
2025-12-15,M001,80600.0
2025-12-15,M002,94674.0
2025-12-15,M003,108748.0
2025-12-15,M004,122822.0
2025-12-15,M005,136896.0
2025-12-15,M006,150970.0
2025-12-15,M007,165044.0
2025-12-15,M008,100998.0
2025-12-15,M009,115072.0
2025-12-15,M010,129146.0
2025-12-15,M011,143220.0
2025-12-15,M012,157294.0
2025-12-15,M013,171368.0
2025-12-15,M014,185442.0
2025-12-15,M015,121396.0
2025-12-15,M016,135470.0
2025-12-15,M017,149544.0
2025-12-15,M018,163618.0
2025-12-15,M019,177692.0
2025-12-15,M020,191766.0
2025-12-15,M021,205840.0
2025-12-15,M022,141794.0
2025-12-15,M023,155868.0
2025-12-15,M024,169942.0
2025-12-15,M025,184016.0
2025-12-15,M026,198090.0
2025-12-15,M027,212164.0
2025-12-15,M028,226238.0
2025-12-15,M029,162192.0
2025-12-15,M030,176266.0
2025-12-15,M031,190340.0
2025-12-15,M032,204414.0
2025-12-15,M033,218488.0
2025-12-15,M034,232562.0
2025-12-15,M035,246636.0
2025-12-15,M036,182590.0
2025-12-15,M037,196664.0
2025-12-15,M038,210738.0
2025-12-15,M039,224812.0
2025-12-15,M040,238886.0
2025-12-15,M041,252960.0
2025-12-15,M042,267034.0
2025-12-15,M043,202988.0
2025-12-15,M044,217062.0
2025-12-15,M045,231136.0
2025-12-15,M046,245210.0
2025-12-15,M047,259284.0
2025-12-15,M048,273358.0
2025-12-16,M001,80600.0
2025-12-16,M002,94674.0
2025-12-16,M003,108748.0
2025-12-16,M004,122822.0
2025-12-16,M005,136896.0
2025-12-16,M006,150970.0
2025-12-16,M007,165044.0
2025-12-16,M008,100998.0
2025-12-16,M009,115072.0
2025-12-16,M010,129146.0
2025-12-16,M011,143220.0
2025-12-16,M012,157294.0
2025-12-16,M013,171368.0
2025-12-16,M014,185442.0
2025-12-16,M015,121396.0
2025-12-16,M016,135470.0
2025-12-16,M017,149544.0
2025-12-16,M018,163618.0
2025-12-16,M019,177692.0
2025-12-16,M020,191766.0
2025-12-16,M021,205840.0
2025-12-16,M022,141794.0
2025-12-16,M023,155868.0
2025-12-16,M024,169942.0
2025-12-16,M025,184016.0
2025-12-16,M026,198090.0
2025-12-16,M027,212164.0
2025-12-16,M028,226238.0
2025-12-16,M029,162192.0
2025-12-16,M030,176266.0
2025-12-16,M031,190340.0
2025-12-16,M032,204414.0
2025-12-16,M033,218488.0
2025-12-16,M034,232562.0
2025-12-16,M035,246636.0
2025-12-16,M036,182590.0
2025-12-16,M037,196664.0
2025-12-16,M038,210738.0
2025-12-16,M039,224812.0
2025-12-16,M040,238886.0
2025-12-16,M041,252960.0
2025-12-16,M042,267034.0
2025-12-16,M043,202988.0
2025-12-16,M044,217062.0
2025-12-16,M045,231136.0
2025-12-16,M046,245210.0
2025-12-16,M047,259284.0
2025-12-16,M048,273358.0
2025-12-17,M001,80600.0
2025-12-17,M002,94674.0
2025-12-17,M003,108748.0
2025-12-17,M004,122822.0
2025-12-17,M005,136896.0
2025-12-17,M006,150970.0
2025-12-17,M007,165044.0
2025-12-17,M008,100998.0
2025-12-17,M009,115072.0
2025-12-17,M010,129146.0
2025-12-17,M011,143220.0
2025-12-17,M012,157294.0
2025-12-17,M013,171368.0
2025-12-17,M014,185442.0
2025-12-17,M015,121396.0
2025-12-17,M016,135470.0
2025-12-17,M017,149544.0
2025-12-17,M018,163618.0
2025-12-17,M019,177692.0
2025-12-17,M020,191766.0
2025-12-17,M021,205840.0
2025-12-17,M022,141794.0
2025-12-17,M023,155868.0
2025-12-17,M024,169942.0
2025-12-17,M025,184016.0
2025-12-17,M026,198090.0
2025-12-17,M027,212164.0
2025-12-17,M028,226238.0
2025-12-17,M029,162192.0
2025-12-17,M030,176266.0
2025-12-17,M031,190340.0
2025-12-17,M032,204414.0
2025-12-17,M033,218488.0
2025-12-17,M034,232562.0
2025-12-17,M035,246636.0
2025-12-17,M036,182590.0
2025-12-17,M037,196664.0
2025-12-17,M038,210738.0
2025-12-17,M039,224812.0
2025-12-17,M040,238886.0
2025-12-17,M041,252960.0
2025-12-17,M042,267034.0
2025-12-17,M043,202988.0
2025-12-17,M044,217062.0
2025-12-17,M045,231136.0
2025-12-17,M046,245210.0
2025-12-17,M047,259284.0
2025-12-17,M048,273358.0
2025-12-18,M001,80600.0
2025-12-18,M002,94674.0
2025-12-18,M003,108748.0
2025-12-18,M004,122822.0
2025-12-18,M005,136896.0
2025-12-18,M006,150970.0
2025-12-18,M007,165044.0
2025-12-18,M008,100998.0
2025-12-18,M009,115072.0
2025-12-18,M010,129146.0
2025-12-18,M011,143220.0
2025-12-18,M012,157294.0
2025-12-18,M013,171368.0
2025-12-18,M014,185442.0
2025-12-18,M015,121396.0
2025-12-18,M016,135470.0
2025-12-18,M017,149544.0
2025-12-18,M018,163618.0
2025-12-18,M019,177692.0
2025-12-18,M020,191766.0
2025-12-18,M021,205840.0
2025-12-18,M022,141794.0
2025-12-18,M023,155868.0
2025-12-18,M024,169942.0
2025-12-18,M025,184016.0
2025-12-18,M026,198090.0
2025-12-18,M027,212164.0
2025-12-18,M028,226238.0
2025-12-18,M029,162192.0
2025-12-18,M030,176266.0
2025-12-18,M031,190340.0
2025-12-18,M032,204414.0
2025-12-18,M033,218488.0
2025-12-18,M034,232562.0
2025-12-18,M035,246636.0
2025-12-18,M036,182590.0
2025-12-18,M037,196664.0
2025-12-18,M038,210738.0
2025-12-18,M039,224812.0
2025-12-18,M040,238886.0
2025-12-18,M041,252960.0
2025-12-18,M042,267034.0
2025-12-18,M043,202988.0
2025-12-18,M044,217062.0
2025-12-18,M045,231136.0
2025-12-18,M046,245210.0
2025-12-18,M047,259284.0
2025-12-18,M048,273358.0
2025-12-19,M001,80600.0
2025-12-19,M002,94674.0
2025-12-19,M003,108748.0
2025-12-19,M004,122822.0
2025-12-19,M005,136896.0
2025-12-19,M006,150970.0
2025-12-19,M007,165044.0
2025-12-19,M008,100998.0
2025-12-19,M009,115072.0
2025-12-19,M010,129146.0
2025-12-19,M011,143220.0
2025-12-19,M012,157294.0
2025-12-19,M013,171368.0
2025-12-19,M014,185442.0
2025-12-19,M015,121396.0
2025-12-19,M016,135470.0
2025-12-19,M017,149544.0
2025-12-19,M018,163618.0
2025-12-19,M019,177692.0
2025-12-19,M020,191766.0
2025-12-19,M021,205840.0
2025-12-19,M022,141794.0
2025-12-19,M023,155868.0
2025-12-19,M024,169942.0
2025-12-19,M025,184016.0
2025-12-19,M026,198090.0
2025-12-19,M027,212164.0
2025-12-19,M028,226238.0
2025-12-19,M029,162192.0
2025-12-19,M030,176266.0
2025-12-19,M031,190340.0
2025-12-19,M032,204414.0
2025-12-19,M033,218488.0
2025-12-19,M034,232562.0
2025-12-19,M035,246636.0
2025-12-19,M036,182590.0
2025-12-19,M037,196664.0
2025-12-19,M038,210738.0
2025-12-19,M039,224812.0
2025-12-19,M040,238886.0
2025-12-19,M041,252960.0
2025-12-19,M042,267034.0
2025-12-19,M043,202988.0
2025-12-19,M044,217062.0
2025-12-19,M045,231136.0
2025-12-19,M046,245210.0
2025-12-19,M047,259284.0
2025-12-19,M048,273358.0
2025-12-20,M001,80600.0
2025-12-20,M002,94674.0
2025-12-20,M003,108748.0
2025-12-20,M004,122822.0
2025-12-20,M005,136896.0
2025-12-20,M006,150970.0
2025-12-20,M007,165044.0
2025-12-20,M008,100998.0
2025-12-20,M009,115072.0
2025-12-20,M010,129146.0
2025-12-20,M011,143220.0
2025-12-20,M012,157294.0
2025-12-20,M013,171368.0
2025-12-20,M014,185442.0
2025-12-20,M015,121396.0
2025-12-20,M016,135470.0
2025-12-20,M017,149544.0
2025-12-20,M018,163618.0
2025-12-20,M019,177692.0
2025-12-20,M020,191766.0
2025-12-20,M021,205840.0
2025-12-20,M022,141794.0
2025-12-20,M023,155868.0
2025-12-20,M024,169942.0
2025-12-20,M025,184016.0
2025-12-20,M026,198090.0
2025-12-20,M027,212164.0
2025-12-20,M028,226238.0
2025-12-20,M029,162192.0
2025-12-20,M030,176266.0
2025-12-20,M031,190340.0
2025-12-20,M032,204414.0
2025-12-20,M033,218488.0
2025-12-20,M034,232562.0
2025-12-20,M035,246636.0
2025-12-20,M036,182590.0
2025-12-20,M037,196664.0
2025-12-20,M038,210738.0
2025-12-20,M039,224812.0
2025-12-20,M040,238886.0
2025-12-20,M041,252960.0
2025-12-20,M042,267034.0
2025-12-20,M043,202988.0
2025-12-20,M044,217062.0
2025-12-20,M045,231136.0
2025-12-20,M046,245210.0
2025-12-20,M047,259284.0
2025-12-20,M048,273358.0
2025-12-21,M001,80600.0
2025-12-21,M002,94674.0
2025-12-21,M003,108748.0
2025-12-21,M004,122822.0
2025-12-21,M005,136896.0
2025-12-21,M006,150970.0
2025-12-21,M007,165044.0
2025-12-21,M008,100998.0
2025-12-21,M009,115072.0
2025-12-21,M010,129146.0
2025-12-21,M011,143220.0
2025-12-21,M012,157294.0
2025-12-21,M013,171368.0
2025-12-21,M014,185442.0
2025-12-21,M015,121396.0
2025-12-21,M016,135470.0
2025-12-21,M017,149544.0
2025-12-21,M018,163618.0
2025-12-21,M019,177692.0
2025-12-21,M020,191766.0
2025-12-21,M021,205840.0
2025-12-21,M022,141794.0
2025-12-21,M023,155868.0
2025-12-21,M024,169942.0
2025-12-21,M025,184016.0
2025-12-21,M026,198090.0
2025-12-21,M027,212164.0
2025-12-21,M028,226238.0
2025-12-21,M029,162192.0
2025-12-21,M030,176266.0
2025-12-21,M031,190340.0
2025-12-21,M032,204414.0
2025-12-21,M033,218488.0
2025-12-21,M034,232562.0
2025-12-21,M035,246636.0
2025-12-21,M036,182590.0
2025-12-21,M037,196664.0
2025-12-21,M038,210738.0
2025-12-21,M039,224812.0
2025-12-21,M040,238886.0
2025-12-21,M041,252960.0
2025-12-21,M042,267034.0
2025-12-21,M043,202988.0
2025-12-21,M044,217062.0
2025-12-21,M045,231136.0
2025-12-21,M046,245210.0
2025-12-21,M047,259284.0
2025-12-21,M048,273358.0
2025-12-22,M001,80600.0
2025-12-22,M002,94674.0
2025-12-22,M003,108748.0
2025-12-22,M004,122822.0
2025-12-22,M005,136896.0
2025-12-22,M006,150970.0
2025-12-22,M007,165044.0
2025-12-22,M008,100998.0
2025-12-22,M009,115072.0
2025-12-22,M010,129146.0
2025-12-22,M011,143220.0
2025-12-22,M012,157294.0
2025-12-22,M013,171368.0
2025-12-22,M014,185442.0
2025-12-22,M015,121396.0
2025-12-22,M016,135470.0
2025-12-22,M017,149544.0
2025-12-22,M018,163618.0
2025-12-22,M019,177692.0
2025-12-22,M020,191766.0
2025-12-22,M021,205840.0
2025-12-22,M022,141794.0
2025-12-22,M023,155868.0
2025-12-22,M024,169942.0
2025-12-22,M025,184016.0
2025-12-22,M026,198090.0
2025-12-22,M027,212164.0
2025-12-22,M028,226238.0
2025-12-22,M029,162192.0
2025-12-22,M030,176266.0
2025-12-22,M031,190340.0
2025-12-22,M032,204414.0
2025-12-22,M033,218488.0
2025-12-22,M034,232562.0
2025-12-22,M035,246636.0
2025-12-22,M036,182590.0
2025-12-22,M037,196664.0
2025-12-22,M038,210738.0
2025-12-22,M039,224812.0
2025-12-22,M040,238886.0
2025-12-22,M041,252960.0
2025-12-22,M042,267034.0
2025-12-22,M043,202988.0
2025-12-22,M044,217062.0
2025-12-22,M045,231136.0
2025-12-22,M046,245210.0
2025-12-22,M047,259284.0
2025-12-22,M048,273358.0
2025-12-23,M001,80600.0
2025-12-23,M002,94674.0
2025-12-23,M003,108748.0
2025-12-23,M004,122822.0
2025-12-23,M005,136896.0
2025-12-23,M006,150970.0
2025-12-23,M007,165044.0
2025-12-23,M008,100998.0
2025-12-23,M009,115072.0
2025-12-23,M010,129146.0
2025-12-23,M011,143220.0
2025-12-23,M012,157294.0
2025-12-23,M013,171368.0
2025-12-23,M014,185442.0
2025-12-23,M015,121396.0
2025-12-23,M016,135470.0
2025-12-23,M017,149544.0
2025-12-23,M018,163618.0
2025-12-23,M019,177692.0
2025-12-23,M020,191766.0
2025-12-23,M021,205840.0
2025-12-23,M022,141794.0
2025-12-23,M023,155868.0
2025-12-23,M024,169942.0
2025-12-23,M025,184016.0
2025-12-23,M026,198090.0
2025-12-23,M027,212164.0
2025-12-23,M028,226238.0
2025-12-23,M029,162192.0
2025-12-23,M030,176266.0
2025-12-23,M031,190340.0
2025-12-23,M032,204414.0
2025-12-23,M033,218488.0
2025-12-23,M034,232562.0
2025-12-23,M035,246636.0
2025-12-23,M036,182590.0
2025-12-23,M037,196664.0
2025-12-23,M038,210738.0
2025-12-23,M039,224812.0
2025-12-23,M040,238886.0
2025-12-23,M041,252960.0
2025-12-23,M042,267034.0
2025-12-23,M043,202988.0
2025-12-23,M044,217062.0
2025-12-23,M045,231136.0
2025-12-23,M046,245210.0
2025-12-23,M047,259284.0
2025-12-23,M048,273358.0
2025-12-24,M001,80600.0
2025-12-24,M002,94674.0
2025-12-24,M003,108748.0
2025-12-24,M004,122822.0
2025-12-24,M005,136896.0
2025-12-24,M006,150970.0
2025-12-24,M007,165044.0
2025-12-24,M008,100998.0
2025-12-24,M009,115072.0
2025-12-24,M010,129146.0
2025-12-24,M011,143220.0
2025-12-24,M012,157294.0
2025-12-24,M013,171368.0
2025-12-24,M014,185442.0
2025-12-24,M015,121396.0
2025-12-24,M016,135470.0
2025-12-24,M017,149544.0
2025-12-24,M018,163618.0
2025-12-24,M019,177692.0
2025-12-24,M020,191766.0
2025-12-24,M021,205840.0
2025-12-24,M022,141794.0
2025-12-24,M023,155868.0
2025-12-24,M024,169942.0
2025-12-24,M025,184016.0
2025-12-24,M026,198090.0
2025-12-24,M027,212164.0
2025-12-24,M028,226238.0
2025-12-24,M029,162192.0
2025-12-24,M030,176266.0
2025-12-24,M031,190340.0
2025-12-24,M032,204414.0
2025-12-24,M033,218488.0
2025-12-24,M034,232562.0
2025-12-24,M035,246636.0
2025-12-24,M036,182590.0
2025-12-24,M037,196664.0
2025-12-24,M038,210738.0
2025-12-24,M039,224812.0
2025-12-24,M040,238886.0
2025-12-24,M041,252960.0
2025-12-24,M042,267034.0
2025-12-24,M043,202988.0
2025-12-24,M044,217062.0
2025-12-24,M045,231136.0
2025-12-24,M046,245210.0
2025-12-24,M047,259284.0
2025-12-24,M048,273358.0
2025-12-25,M001,80600.0
2025-12-25,M002,94674.0
2025-12-25,M003,108748.0
2025-12-25,M004,122822.0
2025-12-25,M005,136896.0
2025-12-25,M006,150970.0
2025-12-25,M007,165044.0
2025-12-25,M008,100998.0
2025-12-25,M009,115072.0
2025-12-25,M010,129146.0
2025-12-25,M011,143220.0
2025-12-25,M012,157294.0
2025-12-25,M013,171368.0
2025-12-25,M014,185442.0
2025-12-25,M015,121396.0
2025-12-25,M016,135470.0
2025-12-25,M017,149544.0
2025-12-25,M018,163618.0
2025-12-25,M019,177692.0
2025-12-25,M020,191766.0
2025-12-25,M021,205840.0
2025-12-25,M022,141794.0
2025-12-25,M023,155868.0
2025-12-25,M024,169942.0
2025-12-25,M025,184016.0
2025-12-25,M026,198090.0
2025-12-25,M027,212164.0
2025-12-25,M028,226238.0
2025-12-25,M029,162192.0
2025-12-25,M030,176266.0
2025-12-25,M031,190340.0
2025-12-25,M032,204414.0
2025-12-25,M033,218488.0
2025-12-25,M034,232562.0
2025-12-25,M035,246636.0
2025-12-25,M036,182590.0
2025-12-25,M037,196664.0
2025-12-25,M038,210738.0
2025-12-25,M039,224812.0
2025-12-25,M040,238886.0
2025-12-25,M041,252960.0
2025-12-25,M042,267034.0
2025-12-25,M043,202988.0
2025-12-25,M044,217062.0
2025-12-25,M045,231136.0
2025-12-25,M046,245210.0
2025-12-25,M047,259284.0
2025-12-25,M048,273358.0
2025-12-26,M001,80600.0
2025-12-26,M002,94674.0
2025-12-26,M003,108748.0
2025-12-26,M004,122822.0
2025-12-26,M005,136896.0
2025-12-26,M006,150970.0
2025-12-26,M007,165044.0
2025-12-26,M008,100998.0
2025-12-26,M009,115072.0
2025-12-26,M010,129146.0
2025-12-26,M011,143220.0
2025-12-26,M012,157294.0
2025-12-26,M013,171368.0
2025-12-26,M014,185442.0
2025-12-26,M015,121396.0
2025-12-26,M016,135470.0
2025-12-26,M017,149544.0
2025-12-26,M018,163618.0
2025-12-26,M019,177692.0
2025-12-26,M020,191766.0
2025-12-26,M021,205840.0
2025-12-26,M022,141794.0
2025-12-26,M023,155868.0
2025-12-26,M024,169942.0
2025-12-26,M025,184016.0
2025-12-26,M026,198090.0
2025-12-26,M027,212164.0
2025-12-26,M028,226238.0
2025-12-26,M029,162192.0
2025-12-26,M030,176266.0
2025-12-26,M031,190340.0
2025-12-26,M032,204414.0
2025-12-26,M033,218488.0
2025-12-26,M034,232562.0
2025-12-26,M035,246636.0
2025-12-26,M036,182590.0
2025-12-26,M037,196664.0
2025-12-26,M038,210738.0
2025-12-26,M039,224812.0
2025-12-26,M040,238886.0
2025-12-26,M041,252960.0
2025-12-26,M042,267034.0
2025-12-26,M043,202988.0
2025-12-26,M044,217062.0
2025-12-26,M045,231136.0
2025-12-26,M046,245210.0
2025-12-26,M047,259284.0
2025-12-26,M048,273358.0
2025-12-27,M001,80600.0
2025-12-27,M002,94674.0
2025-12-27,M003,108748.0
2025-12-27,M004,122822.0
2025-12-27,M005,136896.0
2025-12-27,M006,150970.0
2025-12-27,M007,165044.0
2025-12-27,M008,100998.0
2025-12-27,M009,115072.0
2025-12-27,M010,129146.0
2025-12-27,M011,143220.0
2025-12-27,M012,157294.0
2025-12-27,M013,171368.0
2025-12-27,M014,185442.0
2025-12-27,M015,121396.0
2025-12-27,M016,135470.0
2025-12-27,M017,149544.0
2025-12-27,M018,163618.0
2025-12-27,M019,177692.0
2025-12-27,M020,191766.0
2025-12-27,M021,205840.0
2025-12-27,M022,141794.0
2025-12-27,M023,155868.0
2025-12-27,M024,169942.0
2025-12-27,M025,184016.0
2025-12-27,M026,198090.0
2025-12-27,M027,212164.0
2025-12-27,M028,226238.0
2025-12-27,M029,162192.0
2025-12-27,M030,176266.0
2025-12-27,M031,190340.0
2025-12-27,M032,204414.0
2025-12-27,M033,218488.0
2025-12-27,M034,232562.0
2025-12-27,M035,246636.0
2025-12-27,M036,182590.0
2025-12-27,M037,196664.0
2025-12-27,M038,210738.0
2025-12-27,M039,224812.0
2025-12-27,M040,238886.0
2025-12-27,M041,252960.0
2025-12-27,M042,267034.0
2025-12-27,M043,202988.0
2025-12-27,M044,217062.0
2025-12-27,M045,231136.0
2025-12-27,M046,245210.0
2025-12-27,M047,259284.0
2025-12-27,M048,273358.0
2025-12-28,M001,80600.0
2025-12-28,M002,94674.0
2025-12-28,M003,108748.0
2025-12-28,M004,122822.0
2025-12-28,M005,136896.0
2025-12-28,M006,150970.0
2025-12-28,M007,165044.0
2025-12-28,M008,100998.0
2025-12-28,M009,115072.0
2025-12-28,M010,129146.0
2025-12-28,M011,143220.0
2025-12-28,M012,157294.0
2025-12-28,M013,171368.0
2025-12-28,M014,185442.0
2025-12-28,M015,121396.0
2025-12-28,M016,135470.0
2025-12-28,M017,149544.0
2025-12-28,M018,163618.0
2025-12-28,M019,177692.0
2025-12-28,M020,191766.0
2025-12-28,M021,205840.0
2025-12-28,M022,141794.0
2025-12-28,M023,155868.0
2025-12-28,M024,169942.0
2025-12-28,M025,184016.0
2025-12-28,M026,198090.0
2025-12-28,M027,212164.0
2025-12-28,M028,226238.0
2025-12-28,M029,162192.0
2025-12-28,M030,176266.0
2025-12-28,M031,190340.0
2025-12-28,M032,204414.0
2025-12-28,M033,218488.0
2025-12-28,M034,232562.0
2025-12-28,M035,246636.0
2025-12-28,M036,182590.0
2025-12-28,M037,196664.0
2025-12-28,M038,210738.0
2025-12-28,M039,224812.0
2025-12-28,M040,238886.0
2025-12-28,M041,252960.0
2025-12-28,M042,267034.0
2025-12-28,M043,202988.0
2025-12-28,M044,217062.0
2025-12-28,M045,231136.0
2025-12-28,M046,245210.0
2025-12-28,M047,259284.0
2025-12-28,M048,273358.0
2025-12-29,M001,80600.0
2025-12-29,M002,94674.0
2025-12-29,M003,108748.0
2025-12-29,M004,122822.0
2025-12-29,M005,136896.0
2025-12-29,M006,150970.0
2025-12-29,M007,165044.0
2025-12-29,M008,100998.0
2025-12-29,M009,115072.0
2025-12-29,M010,129146.0
2025-12-29,M011,143220.0
2025-12-29,M012,157294.0
2025-12-29,M013,171368.0
2025-12-29,M014,185442.0
2025-12-29,M015,121396.0
2025-12-29,M016,135470.0
2025-12-29,M017,149544.0
2025-12-29,M018,163618.0
2025-12-29,M019,177692.0
2025-12-29,M020,191766.0
2025-12-29,M021,205840.0
2025-12-29,M022,141794.0
2025-12-29,M023,155868.0
2025-12-29,M024,169942.0
2025-12-29,M025,184016.0
2025-12-29,M026,198090.0
2025-12-29,M027,212164.0
2025-12-29,M028,226238.0
2025-12-29,M029,162192.0
2025-12-29,M030,176266.0
2025-12-29,M031,190340.0
2025-12-29,M032,204414.0
2025-12-29,M033,218488.0
2025-12-29,M034,232562.0
2025-12-29,M035,246636.0
2025-12-29,M036,182590.0
2025-12-29,M037,196664.0
2025-12-29,M038,210738.0
2025-12-29,M039,224812.0
2025-12-29,M040,238886.0
2025-12-29,M041,252960.0
2025-12-29,M042,267034.0
2025-12-29,M043,202988.0
2025-12-29,M044,217062.0
2025-12-29,M045,231136.0
2025-12-29,M046,245210.0
2025-12-29,M047,259284.0
2025-12-29,M048,273358.0
2025-12-30,M001,80600.0
2025-12-30,M002,94674.0
2025-12-30,M003,108748.0
2025-12-30,M004,122822.0
2025-12-30,M005,136896.0
2025-12-30,M006,150970.0
2025-12-30,M007,165044.0
2025-12-30,M008,100998.0
2025-12-30,M009,115072.0
2025-12-30,M010,129146.0
2025-12-30,M011,143220.0
2025-12-30,M012,157294.0
2025-12-30,M013,171368.0
2025-12-30,M014,185442.0
2025-12-30,M015,121396.0
2025-12-30,M016,135470.0
2025-12-30,M017,149544.0
2025-12-30,M018,163618.0
2025-12-30,M019,177692.0
2025-12-30,M020,191766.0
2025-12-30,M021,205840.0
2025-12-30,M022,141794.0
2025-12-30,M023,155868.0
2025-12-30,M024,169942.0
2025-12-30,M025,184016.0
2025-12-30,M026,198090.0
2025-12-30,M027,212164.0
2025-12-30,M028,226238.0
2025-12-30,M029,162192.0
2025-12-30,M030,176266.0
2025-12-30,M031,190340.0
2025-12-30,M032,204414.0
2025-12-30,M033,218488.0
2025-12-30,M034,232562.0
2025-12-30,M035,246636.0
2025-12-30,M036,182590.0
2025-12-30,M037,196664.0
2025-12-30,M038,210738.0
2025-12-30,M039,224812.0
2025-12-30,M040,238886.0
2025-12-30,M041,252960.0
2025-12-30,M042,267034.0
2025-12-30,M043,202988.0
2025-12-30,M044,217062.0
2025-12-30,M045,231136.0
2025-12-30,M046,245210.0
2025-12-30,M047,259284.0
2025-12-30,M048,273358.0
2025-12-31,M001,80600.0
2025-12-31,M002,94674.0
2025-12-31,M003,108748.0
2025-12-31,M004,122822.0
2025-12-31,M005,136896.0
2025-12-31,M006,150970.0
2025-12-31,M007,165044.0
2025-12-31,M008,100998.0
2025-12-31,M009,115072.0
2025-12-31,M010,129146.0
2025-12-31,M011,143220.0
2025-12-31,M012,157294.0
2025-12-31,M013,171368.0
2025-12-31,M014,185442.0
2025-12-31,M015,121396.0
2025-12-31,M016,135470.0
2025-12-31,M017,149544.0
2025-12-31,M018,163618.0
2025-12-31,M019,177692.0
2025-12-31,M020,191766.0
2025-12-31,M021,205840.0
2025-12-31,M022,141794.0
2025-12-31,M023,155868.0
2025-12-31,M024,169942.0
2025-12-31,M025,184016.0
2025-12-31,M026,198090.0
2025-12-31,M027,212164.0
2025-12-31,M028,226238.0
2025-12-31,M029,162192.0
2025-12-31,M030,176266.0
2025-12-31,M031,190340.0
2025-12-31,M032,204414.0
2025-12-31,M033,218488.0
2025-12-31,M034,232562.0
2025-12-31,M035,246636.0
2025-12-31,M036,182590.0
2025-12-31,M037,196664.0
2025-12-31,M038,210738.0
2025-12-31,M039,224812.0
2025-12-31,M040,238886.0
2025-12-31,M041,252960.0
2025-12-31,M042,267034.0
2025-12-31,M043,202988.0
2025-12-31,M044,217062.0
2025-12-31,M045,231136.0
2025-12-31,M046,245210.0
2025-12-31,M047,259284.0
2025-12-31,M048,273358.0
2026-01-01,M001,80600.0
2026-01-01,M002,94674.0
2026-01-01,M003,108748.0
2026-01-01,M004,122822.0
2026-01-01,M005,136896.0
2026-01-01,M006,150970.0
2026-01-01,M007,165044.0
2026-01-01,M008,100998.0
2026-01-01,M009,115072.0
2026-01-01,M010,129146.0
2026-01-01,M011,143220.0
2026-01-01,M012,157294.0
2026-01-01,M013,171368.0
2026-01-01,M014,185442.0
2026-01-01,M015,121396.0
2026-01-01,M016,135470.0
2026-01-01,M017,149544.0
2026-01-01,M018,163618.0
2026-01-01,M019,177692.0
2026-01-01,M020,191766.0
2026-01-01,M021,205840.0
2026-01-01,M022,141794.0
2026-01-01,M023,155868.0
2026-01-01,M024,169942.0
2026-01-01,M025,184016.0
2026-01-01,M026,198090.0
2026-01-01,M027,212164.0
2026-01-01,M028,226238.0
2026-01-01,M029,162192.0
2026-01-01,M030,176266.0
2026-01-01,M031,190340.0
2026-01-01,M032,204414.0
2026-01-01,M033,218488.0
2026-01-01,M034,232562.0
2026-01-01,M035,246636.0
2026-01-01,M036,182590.0
2026-01-01,M037,196664.0
2026-01-01,M038,210738.0
2026-01-01,M039,224812.0
2026-01-01,M040,238886.0
2026-01-01,M041,252960.0
2026-01-01,M042,267034.0
2026-01-01,M043,202988.0
2026-01-01,M044,217062.0
2026-01-01,M045,231136.0
2026-01-01,M046,245210.0
2026-01-01,M047,259284.0
2026-01-01,M048,273358.0
2026-01-02,M001,80600.0
2026-01-02,M002,94674.0
2026-01-02,M003,108748.0
2026-01-02,M004,122822.0
2026-01-02,M005,136896.0
2026-01-02,M006,150970.0
2026-01-02,M007,165044.0
2026-01-02,M008,100998.0
2026-01-02,M009,115072.0
2026-01-02,M010,129146.0
2026-01-02,M011,143220.0
2026-01-02,M012,157294.0
2026-01-02,M013,171368.0
2026-01-02,M014,185442.0
2026-01-02,M015,121396.0
2026-01-02,M016,135470.0
2026-01-02,M017,149544.0
2026-01-02,M018,163618.0
2026-01-02,M019,177692.0
2026-01-02,M020,191766.0
2026-01-02,M021,205840.0
2026-01-02,M022,141794.0
2026-01-02,M023,155868.0
2026-01-02,M024,169942.0
2026-01-02,M025,184016.0
2026-01-02,M026,198090.0
2026-01-02,M027,212164.0
2026-01-02,M028,226238.0
2026-01-02,M029,162192.0
2026-01-02,M030,176266.0
2026-01-02,M031,190340.0
2026-01-02,M032,204414.0
2026-01-02,M033,218488.0
2026-01-02,M034,232562.0
2026-01-02,M035,246636.0
2026-01-02,M036,182590.0
2026-01-02,M037,196664.0
2026-01-02,M038,210738.0
2026-01-02,M039,224812.0
2026-01-02,M040,238886.0
2026-01-02,M041,252960.0
2026-01-02,M042,267034.0
2026-01-02,M043,202988.0
2026-01-02,M044,217062.0
2026-01-02,M045,231136.0
2026-01-02,M046,245210.0
2026-01-02,M047,259284.0
2026-01-02,M048,273358.0
2026-01-03,M001,80600.0
2026-01-03,M002,94674.0
2026-01-03,M003,108748.0
2026-01-03,M004,122822.0
2026-01-03,M005,136896.0
2026-01-03,M006,150970.0
2026-01-03,M007,165044.0
2026-01-03,M008,100998.0
2026-01-03,M009,115072.0
2026-01-03,M010,129146.0
2026-01-03,M011,143220.0
2026-01-03,M012,157294.0
2026-01-03,M013,171368.0
2026-01-03,M014,185442.0
2026-01-03,M015,121396.0
2026-01-03,M016,135470.0
2026-01-03,M017,149544.0
2026-01-03,M018,163618.0
2026-01-03,M019,177692.0
2026-01-03,M020,191766.0
2026-01-03,M021,205840.0
2026-01-03,M022,141794.0
2026-01-03,M023,155868.0
2026-01-03,M024,169942.0
2026-01-03,M025,184016.0
2026-01-03,M026,198090.0
2026-01-03,M027,212164.0
2026-01-03,M028,226238.0
2026-01-03,M029,162192.0
2026-01-03,M030,176266.0
2026-01-03,M031,190340.0
2026-01-03,M032,204414.0
2026-01-03,M033,218488.0
2026-01-03,M034,232562.0
2026-01-03,M035,246636.0
2026-01-03,M036,182590.0
2026-01-03,M037,196664.0
2026-01-03,M038,210738.0
2026-01-03,M039,224812.0
2026-01-03,M040,238886.0
2026-01-03,M041,252960.0
2026-01-03,M042,267034.0
2026-01-03,M043,202988.0
2026-01-03,M044,217062.0
2026-01-03,M045,231136.0
2026-01-03,M046,245210.0
2026-01-03,M047,259284.0
2026-01-03,M048,273358.0
2026-01-04,M001,80600.0
2026-01-04,M002,94674.0
2026-01-04,M003,108748.0
2026-01-04,M004,122822.0
2026-01-04,M005,136896.0
2026-01-04,M006,150970.0
2026-01-04,M007,165044.0
2026-01-04,M008,100998.0
2026-01-04,M009,115072.0
2026-01-04,M010,129146.0
2026-01-04,M011,143220.0
2026-01-04,M012,157294.0
2026-01-04,M013,171368.0
2026-01-04,M014,185442.0
2026-01-04,M015,121396.0
2026-01-04,M016,135470.0
2026-01-04,M017,149544.0
2026-01-04,M018,163618.0
2026-01-04,M019,177692.0
2026-01-04,M020,191766.0
2026-01-04,M021,205840.0
2026-01-04,M022,141794.0
2026-01-04,M023,155868.0
2026-01-04,M024,169942.0
2026-01-04,M025,184016.0
2026-01-04,M026,198090.0
2026-01-04,M027,212164.0
2026-01-04,M028,226238.0
2026-01-04,M029,162192.0
2026-01-04,M030,176266.0
2026-01-04,M031,190340.0
2026-01-04,M032,204414.0
2026-01-04,M033,218488.0
2026-01-04,M034,232562.0
2026-01-04,M035,246636.0
2026-01-04,M036,182590.0
2026-01-04,M037,196664.0
2026-01-04,M038,210738.0
2026-01-04,M039,224812.0
2026-01-04,M040,238886.0
2026-01-04,M041,252960.0
2026-01-04,M042,267034.0
2026-01-04,M043,202988.0
2026-01-04,M044,217062.0
2026-01-04,M045,231136.0
2026-01-04,M046,245210.0
2026-01-04,M047,259284.0
2026-01-04,M048,273358.0
2026-01-05,M001,80600.0
2026-01-05,M002,94674.0
2026-01-05,M003,108748.0
2026-01-05,M004,122822.0
2026-01-05,M005,136896.0
2026-01-05,M006,150970.0
2026-01-05,M007,165044.0
2026-01-05,M008,100998.0
2026-01-05,M009,115072.0
2026-01-05,M010,129146.0
2026-01-05,M011,143220.0
2026-01-05,M012,157294.0
2026-01-05,M013,171368.0
2026-01-05,M014,185442.0
2026-01-05,M015,121396.0
2026-01-05,M016,135470.0
2026-01-05,M017,149544.0
2026-01-05,M018,163618.0
2026-01-05,M019,177692.0
2026-01-05,M020,191766.0
2026-01-05,M021,205840.0
2026-01-05,M022,141794.0
2026-01-05,M023,155868.0
2026-01-05,M024,169942.0
2026-01-05,M025,184016.0
2026-01-05,M026,198090.0
2026-01-05,M027,212164.0
2026-01-05,M028,226238.0
2026-01-05,M029,162192.0
2026-01-05,M030,176266.0
2026-01-05,M031,190340.0
2026-01-05,M032,204414.0
2026-01-05,M033,218488.0
2026-01-05,M034,232562.0
2026-01-05,M035,246636.0
2026-01-05,M036,182590.0
2026-01-05,M037,196664.0
2026-01-05,M038,210738.0
2026-01-05,M039,224812.0
2026-01-05,M040,238886.0
2026-01-05,M041,252960.0
2026-01-05,M042,267034.0
2026-01-05,M043,202988.0
2026-01-05,M044,217062.0
2026-01-05,M045,231136.0
2026-01-05,M046,245210.0
2026-01-05,M047,259284.0
2026-01-05,M048,273358.0
2026-01-06,M001,80600.0
2026-01-06,M002,94674.0
2026-01-06,M003,108748.0
2026-01-06,M004,122822.0
2026-01-06,M005,136896.0
2026-01-06,M006,150970.0
2026-01-06,M007,165044.0
2026-01-06,M008,100998.0
2026-01-06,M009,115072.0
2026-01-06,M010,129146.0
2026-01-06,M011,143220.0
2026-01-06,M012,157294.0
2026-01-06,M013,171368.0
2026-01-06,M014,185442.0
2026-01-06,M015,121396.0
2026-01-06,M016,135470.0
2026-01-06,M017,149544.0
2026-01-06,M018,163618.0
2026-01-06,M019,177692.0
2026-01-06,M020,191766.0
2026-01-06,M021,205840.0
2026-01-06,M022,141794.0
2026-01-06,M023,155868.0
2026-01-06,M024,169942.0
2026-01-06,M025,184016.0
2026-01-06,M026,198090.0
2026-01-06,M027,212164.0
2026-01-06,M028,226238.0
2026-01-06,M029,162192.0
2026-01-06,M030,176266.0
2026-01-06,M031,190340.0
2026-01-06,M032,204414.0
2026-01-06,M033,218488.0
2026-01-06,M034,232562.0
2026-01-06,M035,246636.0
2026-01-06,M036,182590.0
2026-01-06,M037,196664.0
2026-01-06,M038,210738.0
2026-01-06,M039,224812.0
2026-01-06,M040,238886.0
2026-01-06,M041,252960.0
2026-01-06,M042,267034.0
2026-01-06,M043,202988.0
2026-01-06,M044,217062.0
2026-01-06,M045,231136.0
2026-01-06,M046,245210.0
2026-01-06,M047,259284.0
2026-01-06,M048,273358.0
2026-01-07,M001,80600.0
2026-01-07,M002,94674.0
2026-01-07,M003,108748.0
2026-01-07,M004,122822.0
2026-01-07,M005,136896.0
2026-01-07,M006,150970.0
2026-01-07,M007,165044.0
2026-01-07,M008,100998.0
2026-01-07,M009,115072.0
2026-01-07,M010,129146.0
2026-01-07,M011,143220.0
2026-01-07,M012,157294.0
2026-01-07,M013,171368.0
2026-01-07,M014,185442.0
2026-01-07,M015,121396.0
2026-01-07,M016,135470.0
2026-01-07,M017,149544.0
2026-01-07,M018,163618.0
2026-01-07,M019,177692.0
2026-01-07,M020,191766.0
2026-01-07,M021,205840.0
2026-01-07,M022,141794.0
2026-01-07,M023,155868.0
2026-01-07,M024,169942.0
2026-01-07,M025,184016.0
2026-01-07,M026,198090.0
2026-01-07,M027,212164.0
2026-01-07,M028,226238.0
2026-01-07,M029,162192.0
2026-01-07,M030,176266.0
2026-01-07,M031,190340.0
2026-01-07,M032,204414.0
2026-01-07,M033,218488.0
2026-01-07,M034,232562.0
2026-01-07,M035,246636.0
2026-01-07,M036,182590.0
2026-01-07,M037,196664.0
2026-01-07,M038,210738.0
2026-01-07,M039,224812.0
2026-01-07,M040,238886.0
2026-01-07,M041,252960.0
2026-01-07,M042,267034.0
2026-01-07,M043,202988.0
2026-01-07,M044,217062.0
2026-01-07,M045,231136.0
2026-01-07,M046,245210.0
2026-01-07,M047,259284.0
2026-01-07,M048,273358.0
2026-01-08,M001,80600.0
2026-01-08,M002,94674.0
2026-01-08,M003,108748.0
2026-01-08,M004,122822.0
2026-01-08,M005,136896.0
2026-01-08,M006,150970.0
2026-01-08,M007,165044.0
2026-01-08,M008,100998.0
2026-01-08,M009,115072.0
2026-01-08,M010,129146.0
2026-01-08,M011,143220.0
2026-01-08,M012,157294.0
2026-01-08,M013,171368.0
2026-01-08,M014,185442.0
2026-01-08,M015,121396.0
2026-01-08,M016,135470.0
2026-01-08,M017,149544.0
2026-01-08,M018,163618.0
2026-01-08,M019,177692.0
2026-01-08,M020,191766.0
2026-01-08,M021,205840.0
2026-01-08,M022,141794.0
2026-01-08,M023,155868.0
2026-01-08,M024,169942.0
2026-01-08,M025,184016.0
2026-01-08,M026,198090.0
2026-01-08,M027,212164.0
2026-01-08,M028,226238.0
2026-01-08,M029,162192.0
2026-01-08,M030,176266.0
2026-01-08,M031,190340.0
2026-01-08,M032,204414.0
2026-01-08,M033,218488.0
2026-01-08,M034,232562.0
2026-01-08,M035,246636.0
2026-01-08,M036,182590.0
2026-01-08,M037,196664.0
2026-01-08,M038,210738.0
2026-01-08,M039,224812.0
2026-01-08,M040,238886.0
2026-01-08,M041,252960.0
2026-01-08,M042,267034.0
2026-01-08,M043,202988.0
2026-01-08,M044,217062.0
2026-01-08,M045,231136.0
2026-01-08,M046,245210.0
2026-01-08,M047,259284.0
2026-01-08,M048,273358.0
2026-01-09,M001,80600.0
2026-01-09,M002,94674.0
2026-01-09,M003,108748.0
2026-01-09,M004,122822.0
2026-01-09,M005,136896.0
2026-01-09,M006,150970.0
2026-01-09,M007,165044.0
2026-01-09,M008,100998.0
2026-01-09,M009,115072.0
2026-01-09,M010,129146.0
2026-01-09,M011,143220.0
2026-01-09,M012,157294.0
2026-01-09,M013,171368.0
2026-01-09,M014,185442.0
2026-01-09,M015,121396.0
2026-01-09,M016,135470.0
2026-01-09,M017,149544.0
2026-01-09,M018,163618.0
2026-01-09,M019,177692.0
2026-01-09,M020,191766.0
2026-01-09,M021,205840.0
2026-01-09,M022,141794.0
2026-01-09,M023,155868.0
2026-01-09,M024,169942.0
2026-01-09,M025,184016.0
2026-01-09,M026,198090.0
2026-01-09,M027,212164.0
2026-01-09,M028,226238.0
2026-01-09,M029,162192.0
2026-01-09,M030,176266.0
2026-01-09,M031,190340.0
2026-01-09,M032,204414.0
2026-01-09,M033,218488.0
2026-01-09,M034,232562.0
2026-01-09,M035,246636.0
2026-01-09,M036,182590.0
2026-01-09,M037,196664.0
2026-01-09,M038,210738.0
2026-01-09,M039,224812.0
2026-01-09,M040,238886.0
2026-01-09,M041,252960.0
2026-01-09,M042,267034.0
2026-01-09,M043,202988.0
2026-01-09,M044,217062.0
2026-01-09,M045,231136.0
2026-01-09,M046,245210.0
2026-01-09,M047,259284.0
2026-01-09,M048,273358.0
2026-01-10,M001,80600.0
2026-01-10,M002,94674.0
2026-01-10,M003,108748.0
2026-01-10,M004,122822.0
2026-01-10,M005,136896.0
2026-01-10,M006,150970.0
2026-01-10,M007,165044.0
2026-01-10,M008,100998.0
2026-01-10,M009,115072.0
2026-01-10,M010,129146.0
2026-01-10,M011,143220.0
2026-01-10,M012,157294.0
2026-01-10,M013,171368.0
2026-01-10,M014,185442.0
2026-01-10,M015,121396.0
2026-01-10,M016,135470.0
2026-01-10,M017,149544.0
2026-01-10,M018,163618.0
2026-01-10,M019,177692.0
2026-01-10,M020,191766.0
2026-01-10,M021,205840.0
2026-01-10,M022,141794.0
2026-01-10,M023,155868.0
2026-01-10,M024,169942.0
2026-01-10,M025,184016.0
2026-01-10,M026,198090.0
2026-01-10,M027,212164.0
2026-01-10,M028,226238.0
2026-01-10,M029,162192.0
2026-01-10,M030,176266.0
2026-01-10,M031,190340.0
2026-01-10,M032,204414.0
2026-01-10,M033,218488.0
2026-01-10,M034,232562.0
2026-01-10,M035,246636.0
2026-01-10,M036,182590.0
2026-01-10,M037,196664.0
2026-01-10,M038,210738.0
2026-01-10,M039,224812.0
2026-01-10,M040,238886.0
2026-01-10,M041,252960.0
2026-01-10,M042,267034.0
2026-01-10,M043,202988.0
2026-01-10,M044,217062.0
2026-01-10,M045,231136.0
2026-01-10,M046,245210.0
2026-01-10,M047,259284.0
2026-01-10,M048,273358.0
2026-01-11,M001,80600.0
2026-01-11,M002,94674.0
2026-01-11,M003,108748.0
2026-01-11,M004,122822.0
2026-01-11,M005,136896.0
2026-01-11,M006,150970.0
2026-01-11,M007,165044.0
2026-01-11,M008,100998.0
2026-01-11,M009,115072.0
2026-01-11,M010,129146.0
2026-01-11,M011,143220.0
2026-01-11,M012,157294.0
2026-01-11,M013,171368.0
2026-01-11,M014,185442.0
2026-01-11,M015,121396.0
2026-01-11,M016,135470.0
2026-01-11,M017,149544.0
2026-01-11,M018,163618.0
2026-01-11,M019,177692.0
2026-01-11,M020,191766.0
2026-01-11,M021,205840.0
2026-01-11,M022,141794.0
2026-01-11,M023,155868.0
2026-01-11,M024,169942.0
2026-01-11,M025,184016.0
2026-01-11,M026,198090.0
2026-01-11,M027,212164.0
2026-01-11,M028,226238.0
2026-01-11,M029,162192.0
2026-01-11,M030,176266.0
2026-01-11,M031,190340.0
2026-01-11,M032,204414.0
2026-01-11,M033,218488.0
2026-01-11,M034,232562.0
2026-01-11,M035,246636.0
2026-01-11,M036,182590.0
2026-01-11,M037,196664.0
2026-01-11,M038,210738.0
2026-01-11,M039,224812.0
2026-01-11,M040,238886.0
2026-01-11,M041,252960.0
2026-01-11,M042,267034.0
2026-01-11,M043,202988.0
2026-01-11,M044,217062.0
2026-01-11,M045,231136.0
2026-01-11,M046,245210.0
2026-01-11,M047,259284.0
2026-01-11,M048,273358.0
2026-01-12,M001,80600.0
2026-01-12,M002,94674.0
2026-01-12,M003,108748.0
2026-01-12,M004,122822.0
2026-01-12,M005,136896.0
2026-01-12,M006,150970.0
2026-01-12,M007,165044.0
2026-01-12,M008,100998.0
2026-01-12,M009,115072.0
2026-01-12,M010,129146.0
2026-01-12,M011,143220.0
2026-01-12,M012,157294.0
2026-01-12,M013,171368.0
2026-01-12,M014,185442.0
2026-01-12,M015,121396.0
2026-01-12,M016,135470.0
2026-01-12,M017,149544.0
2026-01-12,M018,163618.0
2026-01-12,M019,177692.0
2026-01-12,M020,191766.0
2026-01-12,M021,205840.0
2026-01-12,M022,141794.0
2026-01-12,M023,155868.0
2026-01-12,M024,169942.0
2026-01-12,M025,184016.0
2026-01-12,M026,198090.0
2026-01-12,M027,212164.0
2026-01-12,M028,226238.0
2026-01-12,M029,162192.0
2026-01-12,M030,176266.0
2026-01-12,M031,190340.0
2026-01-12,M032,204414.0
2026-01-12,M033,218488.0
2026-01-12,M034,232562.0
2026-01-12,M035,246636.0
2026-01-12,M036,182590.0
2026-01-12,M037,196664.0
2026-01-12,M038,210738.0
2026-01-12,M039,224812.0
2026-01-12,M040,238886.0
2026-01-12,M041,252960.0
2026-01-12,M042,267034.0
2026-01-12,M043,202988.0
2026-01-12,M044,217062.0
2026-01-12,M045,231136.0
2026-01-12,M046,245210.0
2026-01-12,M047,259284.0
2026-01-12,M048,273358.0
2026-01-13,M001,80600.0
2026-01-13,M002,94674.0
2026-01-13,M003,108748.0
2026-01-13,M004,122822.0
2026-01-13,M005,136896.0
2026-01-13,M006,150970.0
2026-01-13,M007,165044.0
2026-01-13,M008,100998.0
2026-01-13,M009,115072.0
2026-01-13,M010,129146.0
2026-01-13,M011,143220.0
2026-01-13,M012,157294.0
2026-01-13,M013,171368.0
2026-01-13,M014,185442.0
2026-01-13,M015,121396.0
2026-01-13,M016,135470.0
2026-01-13,M017,149544.0
2026-01-13,M018,163618.0
2026-01-13,M019,177692.0
2026-01-13,M020,191766.0
2026-01-13,M021,205840.0
2026-01-13,M022,141794.0
2026-01-13,M023,155868.0
2026-01-13,M024,169942.0
2026-01-13,M025,184016.0
2026-01-13,M026,198090.0
2026-01-13,M027,212164.0
2026-01-13,M028,226238.0
2026-01-13,M029,162192.0
2026-01-13,M030,176266.0
2026-01-13,M031,190340.0
2026-01-13,M032,204414.0
2026-01-13,M033,218488.0
2026-01-13,M034,232562.0
2026-01-13,M035,246636.0
2026-01-13,M036,182590.0
2026-01-13,M037,196664.0
2026-01-13,M038,210738.0
2026-01-13,M039,224812.0
2026-01-13,M040,238886.0
2026-01-13,M041,252960.0
2026-01-13,M042,267034.0
2026-01-13,M043,202988.0
2026-01-13,M044,217062.0
2026-01-13,M045,231136.0
2026-01-13,M046,245210.0
2026-01-13,M047,259284.0
2026-01-13,M048,273358.0
2026-01-14,M001,80600.0
2026-01-14,M002,94674.0
2026-01-14,M003,108748.0
2026-01-14,M004,122822.0
2026-01-14,M005,136896.0
2026-01-14,M006,150970.0
2026-01-14,M007,165044.0
2026-01-14,M008,100998.0
2026-01-14,M009,115072.0
2026-01-14,M010,129146.0
2026-01-14,M011,143220.0
2026-01-14,M012,157294.0
2026-01-14,M013,171368.0
2026-01-14,M014,185442.0
2026-01-14,M015,121396.0
2026-01-14,M016,135470.0
2026-01-14,M017,149544.0
2026-01-14,M018,163618.0
2026-01-14,M019,177692.0
2026-01-14,M020,191766.0
2026-01-14,M021,205840.0
2026-01-14,M022,141794.0
2026-01-14,M023,155868.0
2026-01-14,M024,169942.0
2026-01-14,M025,184016.0
2026-01-14,M026,198090.0
2026-01-14,M027,212164.0
2026-01-14,M028,226238.0
2026-01-14,M029,162192.0
2026-01-14,M030,176266.0
2026-01-14,M031,190340.0
2026-01-14,M032,204414.0
2026-01-14,M033,218488.0
2026-01-14,M034,232562.0
2026-01-14,M035,246636.0
2026-01-14,M036,182590.0
2026-01-14,M037,196664.0
2026-01-14,M038,210738.0
2026-01-14,M039,224812.0
2026-01-14,M040,238886.0
2026-01-14,M041,252960.0
2026-01-14,M042,267034.0
2026-01-14,M043,202988.0
2026-01-14,M044,217062.0
2026-01-14,M045,231136.0
2026-01-14,M046,245210.0
2026-01-14,M047,259284.0
2026-01-14,M048,273358.0
2026-01-15,M001,80600.0
2026-01-15,M002,94674.0
2026-01-15,M003,108748.0
2026-01-15,M004,122822.0
2026-01-15,M005,136896.0
2026-01-15,M006,150970.0
2026-01-15,M007,165044.0
2026-01-15,M008,100998.0
2026-01-15,M009,115072.0
2026-01-15,M010,129146.0
2026-01-15,M011,143220.0
2026-01-15,M012,157294.0
2026-01-15,M013,171368.0
2026-01-15,M014,185442.0
2026-01-15,M015,121396.0
2026-01-15,M016,135470.0
2026-01-15,M017,149544.0
2026-01-15,M018,163618.0
2026-01-15,M019,177692.0
2026-01-15,M020,191766.0
2026-01-15,M021,205840.0
2026-01-15,M022,141794.0
2026-01-15,M023,155868.0
2026-01-15,M024,169942.0
2026-01-15,M025,184016.0
2026-01-15,M026,198090.0
2026-01-15,M027,212164.0
2026-01-15,M028,226238.0
2026-01-15,M029,162192.0
2026-01-15,M030,176266.0
2026-01-15,M031,190340.0
2026-01-15,M032,204414.0
2026-01-15,M033,218488.0
2026-01-15,M034,232562.0
2026-01-15,M035,246636.0
2026-01-15,M036,182590.0
2026-01-15,M037,196664.0
2026-01-15,M038,210738.0
2026-01-15,M039,224812.0
2026-01-15,M040,238886.0
2026-01-15,M041,252960.0
2026-01-15,M042,267034.0
2026-01-15,M043,202988.0
2026-01-15,M044,217062.0
2026-01-15,M045,231136.0
2026-01-15,M046,245210.0
2026-01-15,M047,259284.0
2026-01-15,M048,273358.0
2026-01-16,M001,80600.0
2026-01-16,M002,94674.0
2026-01-16,M003,108748.0
2026-01-16,M004,122822.0
2026-01-16,M005,136896.0
2026-01-16,M006,150970.0
2026-01-16,M007,165044.0
2026-01-16,M008,100998.0
2026-01-16,M009,115072.0
2026-01-16,M010,129146.0
2026-01-16,M011,143220.0
2026-01-16,M012,157294.0
2026-01-16,M013,171368.0
2026-01-16,M014,185442.0
2026-01-16,M015,121396.0
2026-01-16,M016,135470.0
2026-01-16,M017,149544.0
2026-01-16,M018,163618.0
2026-01-16,M019,177692.0
2026-01-16,M020,191766.0
2026-01-16,M021,205840.0
2026-01-16,M022,141794.0
2026-01-16,M023,155868.0
2026-01-16,M024,169942.0
2026-01-16,M025,184016.0
2026-01-16,M026,198090.0
2026-01-16,M027,212164.0
2026-01-16,M028,226238.0
2026-01-16,M029,162192.0
2026-01-16,M030,176266.0
2026-01-16,M031,190340.0
2026-01-16,M032,204414.0
2026-01-16,M033,218488.0
2026-01-16,M034,232562.0
2026-01-16,M035,246636.0
2026-01-16,M036,182590.0
2026-01-16,M037,196664.0
2026-01-16,M038,210738.0
2026-01-16,M039,224812.0
2026-01-16,M040,238886.0
2026-01-16,M041,252960.0
2026-01-16,M042,267034.0
2026-01-16,M043,202988.0
2026-01-16,M044,217062.0
2026-01-16,M045,231136.0
2026-01-16,M046,245210.0
2026-01-16,M047,259284.0
2026-01-16,M048,273358.0
2026-01-17,M001,80600.0
2026-01-17,M002,94674.0
2026-01-17,M003,108748.0
2026-01-17,M004,122822.0
2026-01-17,M005,136896.0
2026-01-17,M006,150970.0
2026-01-17,M007,165044.0
2026-01-17,M008,100998.0
2026-01-17,M009,115072.0
2026-01-17,M010,129146.0
2026-01-17,M011,143220.0
2026-01-17,M012,157294.0
2026-01-17,M013,171368.0
2026-01-17,M014,185442.0
2026-01-17,M015,121396.0
2026-01-17,M016,135470.0
2026-01-17,M017,149544.0
2026-01-17,M018,163618.0
2026-01-17,M019,177692.0
2026-01-17,M020,191766.0
2026-01-17,M021,205840.0
2026-01-17,M022,141794.0
2026-01-17,M023,155868.0
2026-01-17,M024,169942.0
2026-01-17,M025,184016.0
2026-01-17,M026,198090.0
2026-01-17,M027,212164.0
2026-01-17,M028,226238.0
2026-01-17,M029,162192.0
2026-01-17,M030,176266.0
2026-01-17,M031,190340.0
2026-01-17,M032,204414.0
2026-01-17,M033,218488.0
2026-01-17,M034,232562.0
2026-01-17,M035,246636.0
2026-01-17,M036,182590.0
2026-01-17,M037,196664.0
2026-01-17,M038,210738.0
2026-01-17,M039,224812.0
2026-01-17,M040,238886.0
2026-01-17,M041,252960.0
2026-01-17,M042,267034.0
2026-01-17,M043,202988.0
2026-01-17,M044,217062.0
2026-01-17,M045,231136.0
2026-01-17,M046,245210.0
2026-01-17,M047,259284.0
2026-01-17,M048,273358.0
2026-01-18,M001,80600.0
2026-01-18,M002,94674.0
2026-01-18,M003,108748.0
2026-01-18,M004,122822.0
2026-01-18,M005,136896.0
2026-01-18,M006,150970.0
2026-01-18,M007,165044.0
2026-01-18,M008,100998.0
2026-01-18,M009,115072.0
2026-01-18,M010,129146.0
2026-01-18,M011,143220.0
2026-01-18,M012,157294.0
2026-01-18,M013,171368.0
2026-01-18,M014,185442.0
2026-01-18,M015,121396.0
2026-01-18,M016,135470.0
2026-01-18,M017,149544.0
2026-01-18,M018,163618.0
2026-01-18,M019,177692.0
2026-01-18,M020,191766.0
2026-01-18,M021,205840.0
2026-01-18,M022,141794.0
2026-01-18,M023,155868.0
2026-01-18,M024,169942.0
2026-01-18,M025,184016.0
2026-01-18,M026,198090.0
2026-01-18,M027,212164.0
2026-01-18,M028,226238.0
2026-01-18,M029,162192.0
2026-01-18,M030,176266.0
2026-01-18,M031,190340.0
2026-01-18,M032,204414.0
2026-01-18,M033,218488.0
2026-01-18,M034,232562.0
2026-01-18,M035,246636.0
2026-01-18,M036,182590.0
2026-01-18,M037,196664.0
2026-01-18,M038,210738.0
2026-01-18,M039,224812.0
2026-01-18,M040,238886.0
2026-01-18,M041,252960.0
2026-01-18,M042,267034.0
2026-01-18,M043,202988.0
2026-01-18,M044,217062.0
2026-01-18,M045,231136.0
2026-01-18,M046,245210.0
2026-01-18,M047,259284.0
2026-01-18,M048,273358.0
2026-01-19,M001,80600.0
2026-01-19,M002,94674.0
2026-01-19,M003,108748.0
2026-01-19,M004,122822.0
2026-01-19,M005,136896.0
2026-01-19,M006,150970.0
2026-01-19,M007,165044.0
2026-01-19,M008,100998.0
2026-01-19,M009,115072.0
2026-01-19,M010,129146.0
2026-01-19,M011,143220.0
2026-01-19,M012,157294.0
2026-01-19,M013,171368.0
2026-01-19,M014,185442.0
2026-01-19,M015,121396.0
2026-01-19,M016,135470.0
2026-01-19,M017,149544.0
2026-01-19,M018,163618.0
2026-01-19,M019,177692.0
2026-01-19,M020,191766.0
2026-01-19,M021,205840.0
2026-01-19,M022,141794.0
2026-01-19,M023,155868.0
2026-01-19,M024,169942.0
2026-01-19,M025,184016.0
2026-01-19,M026,198090.0
2026-01-19,M027,212164.0
2026-01-19,M028,226238.0
2026-01-19,M029,162192.0
2026-01-19,M030,176266.0
2026-01-19,M031,190340.0
2026-01-19,M032,204414.0
2026-01-19,M033,218488.0
2026-01-19,M034,232562.0
2026-01-19,M035,246636.0
2026-01-19,M036,182590.0
2026-01-19,M037,196664.0
2026-01-19,M038,210738.0
2026-01-19,M039,224812.0
2026-01-19,M040,238886.0
2026-01-19,M041,252960.0
2026-01-19,M042,267034.0
2026-01-19,M043,202988.0
2026-01-19,M044,217062.0
2026-01-19,M045,231136.0
2026-01-19,M046,245210.0
2026-01-19,M047,259284.0
2026-01-19,M048,273358.0
2026-01-20,M001,80600.0
2026-01-20,M002,94674.0
2026-01-20,M003,108748.0
2026-01-20,M004,122822.0
2026-01-20,M005,136896.0
2026-01-20,M006,150970.0
2026-01-20,M007,165044.0
2026-01-20,M008,100998.0
2026-01-20,M009,115072.0
2026-01-20,M010,129146.0
2026-01-20,M011,143220.0
2026-01-20,M012,157294.0
2026-01-20,M013,171368.0
2026-01-20,M014,185442.0
2026-01-20,M015,121396.0
2026-01-20,M016,135470.0
2026-01-20,M017,149544.0
2026-01-20,M018,163618.0
2026-01-20,M019,177692.0
2026-01-20,M020,191766.0
2026-01-20,M021,205840.0
2026-01-20,M022,141794.0
2026-01-20,M023,155868.0
2026-01-20,M024,169942.0
2026-01-20,M025,184016.0
2026-01-20,M026,198090.0
2026-01-20,M027,212164.0
2026-01-20,M028,226238.0
2026-01-20,M029,162192.0
2026-01-20,M030,176266.0
2026-01-20,M031,190340.0
2026-01-20,M032,204414.0
2026-01-20,M033,218488.0
2026-01-20,M034,232562.0
2026-01-20,M035,246636.0
2026-01-20,M036,182590.0
2026-01-20,M037,196664.0
2026-01-20,M038,210738.0
2026-01-20,M039,224812.0
2026-01-20,M040,238886.0
2026-01-20,M041,252960.0
2026-01-20,M042,267034.0
2026-01-20,M043,202988.0
2026-01-20,M044,217062.0
2026-01-20,M045,231136.0
2026-01-20,M046,245210.0
2026-01-20,M047,259284.0
2026-01-20,M048,273358.0
2026-01-21,M001,80600.0
2026-01-21,M002,94674.0
2026-01-21,M003,108748.0
2026-01-21,M004,122822.0
2026-01-21,M005,136896.0
2026-01-21,M006,150970.0
2026-01-21,M007,165044.0
2026-01-21,M008,100998.0
2026-01-21,M009,115072.0
2026-01-21,M010,129146.0
2026-01-21,M011,143220.0
2026-01-21,M012,157294.0
2026-01-21,M013,171368.0
2026-01-21,M014,185442.0
2026-01-21,M015,121396.0
2026-01-21,M016,135470.0
2026-01-21,M017,149544.0
2026-01-21,M018,163618.0
2026-01-21,M019,177692.0
2026-01-21,M020,191766.0
2026-01-21,M021,205840.0
2026-01-21,M022,141794.0
2026-01-21,M023,155868.0
2026-01-21,M024,169942.0
2026-01-21,M025,184016.0
2026-01-21,M026,198090.0
2026-01-21,M027,212164.0
2026-01-21,M028,226238.0
2026-01-21,M029,162192.0
2026-01-21,M030,176266.0
2026-01-21,M031,190340.0
2026-01-21,M032,204414.0
2026-01-21,M033,218488.0
2026-01-21,M034,232562.0
2026-01-21,M035,246636.0
2026-01-21,M036,182590.0
2026-01-21,M037,196664.0
2026-01-21,M038,210738.0
2026-01-21,M039,224812.0
2026-01-21,M040,238886.0
2026-01-21,M041,252960.0
2026-01-21,M042,267034.0
2026-01-21,M043,202988.0
2026-01-21,M044,217062.0
2026-01-21,M045,231136.0
2026-01-21,M046,245210.0
2026-01-21,M047,259284.0
2026-01-21,M048,273358.0
2026-01-22,M001,80600.0
2026-01-22,M002,94674.0
2026-01-22,M003,108748.0
2026-01-22,M004,122822.0
2026-01-22,M005,136896.0
2026-01-22,M006,150970.0
2026-01-22,M007,165044.0
2026-01-22,M008,100998.0
2026-01-22,M009,115072.0
2026-01-22,M010,129146.0
2026-01-22,M011,143220.0
2026-01-22,M012,157294.0
2026-01-22,M013,171368.0
2026-01-22,M014,185442.0
2026-01-22,M015,121396.0
2026-01-22,M016,135470.0
2026-01-22,M017,149544.0
2026-01-22,M018,163618.0
2026-01-22,M019,177692.0
2026-01-22,M020,191766.0
2026-01-22,M021,205840.0
2026-01-22,M022,141794.0
2026-01-22,M023,155868.0
2026-01-22,M024,169942.0
2026-01-22,M025,184016.0
2026-01-22,M026,198090.0
2026-01-22,M027,212164.0
2026-01-22,M028,226238.0
2026-01-22,M029,162192.0
2026-01-22,M030,176266.0
2026-01-22,M031,190340.0
2026-01-22,M032,204414.0
2026-01-22,M033,218488.0
2026-01-22,M034,232562.0
2026-01-22,M035,246636.0
2026-01-22,M036,182590.0
2026-01-22,M037,196664.0
2026-01-22,M038,210738.0
2026-01-22,M039,224812.0
2026-01-22,M040,238886.0
2026-01-22,M041,252960.0
2026-01-22,M042,267034.0
2026-01-22,M043,202988.0
2026-01-22,M044,217062.0
2026-01-22,M045,231136.0
2026-01-22,M046,245210.0
2026-01-22,M047,259284.0
2026-01-22,M048,273358.0
2026-01-23,M001,80600.0
2026-01-23,M002,94674.0
2026-01-23,M003,108748.0
2026-01-23,M004,122822.0
2026-01-23,M005,136896.0
2026-01-23,M006,150970.0
2026-01-23,M007,165044.0
2026-01-23,M008,100998.0
2026-01-23,M009,115072.0
2026-01-23,M010,129146.0
2026-01-23,M011,143220.0
2026-01-23,M012,157294.0
2026-01-23,M013,171368.0
2026-01-23,M014,185442.0
2026-01-23,M015,121396.0
2026-01-23,M016,135470.0
2026-01-23,M017,149544.0
2026-01-23,M018,163618.0
2026-01-23,M019,177692.0
2026-01-23,M020,191766.0
2026-01-23,M021,205840.0
2026-01-23,M022,141794.0
2026-01-23,M023,155868.0
2026-01-23,M024,169942.0
2026-01-23,M025,184016.0
2026-01-23,M026,198090.0
2026-01-23,M027,212164.0
2026-01-23,M028,226238.0
2026-01-23,M029,162192.0
2026-01-23,M030,176266.0
2026-01-23,M031,190340.0
2026-01-23,M032,204414.0
2026-01-23,M033,218488.0
2026-01-23,M034,232562.0
2026-01-23,M035,246636.0
2026-01-23,M036,182590.0
2026-01-23,M037,196664.0
2026-01-23,M038,210738.0
2026-01-23,M039,224812.0
2026-01-23,M040,238886.0
2026-01-23,M041,252960.0
2026-01-23,M042,267034.0
2026-01-23,M043,202988.0
2026-01-23,M044,217062.0
2026-01-23,M045,231136.0
2026-01-23,M046,245210.0
2026-01-23,M047,259284.0
2026-01-23,M048,273358.0
2026-01-24,M001,80600.0
2026-01-24,M002,94674.0
2026-01-24,M003,108748.0
2026-01-24,M004,122822.0
2026-01-24,M005,136896.0
2026-01-24,M006,150970.0
2026-01-24,M007,165044.0
2026-01-24,M008,100998.0
2026-01-24,M009,115072.0
2026-01-24,M010,129146.0
2026-01-24,M011,143220.0
2026-01-24,M012,157294.0
2026-01-24,M013,171368.0
2026-01-24,M014,185442.0
2026-01-24,M015,121396.0
2026-01-24,M016,135470.0
2026-01-24,M017,149544.0
2026-01-24,M018,163618.0
2026-01-24,M019,177692.0
2026-01-24,M020,191766.0
2026-01-24,M021,205840.0
2026-01-24,M022,141794.0
2026-01-24,M023,155868.0
2026-01-24,M024,169942.0
2026-01-24,M025,184016.0
2026-01-24,M026,198090.0
2026-01-24,M027,212164.0
2026-01-24,M028,226238.0
2026-01-24,M029,162192.0
2026-01-24,M030,176266.0
2026-01-24,M031,190340.0
2026-01-24,M032,204414.0
2026-01-24,M033,218488.0
2026-01-24,M034,232562.0
2026-01-24,M035,246636.0
2026-01-24,M036,182590.0
2026-01-24,M037,196664.0
2026-01-24,M038,210738.0
2026-01-24,M039,224812.0
2026-01-24,M040,238886.0
2026-01-24,M041,252960.0
2026-01-24,M042,267034.0
2026-01-24,M043,202988.0
2026-01-24,M044,217062.0
2026-01-24,M045,231136.0
2026-01-24,M046,245210.0
2026-01-24,M047,259284.0
2026-01-24,M048,273358.0
2026-01-25,M001,80600.0
2026-01-25,M002,94674.0
2026-01-25,M003,108748.0
2026-01-25,M004,122822.0
2026-01-25,M005,136896.0
2026-01-25,M006,150970.0
2026-01-25,M007,165044.0
2026-01-25,M008,100998.0
2026-01-25,M009,115072.0
2026-01-25,M010,129146.0
2026-01-25,M011,143220.0
2026-01-25,M012,157294.0
2026-01-25,M013,171368.0
2026-01-25,M014,185442.0
2026-01-25,M015,121396.0
2026-01-25,M016,135470.0
2026-01-25,M017,149544.0
2026-01-25,M018,163618.0
2026-01-25,M019,177692.0
2026-01-25,M020,191766.0
2026-01-25,M021,205840.0
2026-01-25,M022,141794.0
2026-01-25,M023,155868.0
2026-01-25,M024,169942.0
2026-01-25,M025,184016.0
2026-01-25,M026,198090.0
2026-01-25,M027,212164.0
2026-01-25,M028,226238.0
2026-01-25,M029,162192.0
2026-01-25,M030,176266.0
2026-01-25,M031,190340.0
2026-01-25,M032,204414.0
2026-01-25,M033,218488.0
2026-01-25,M034,232562.0
2026-01-25,M035,246636.0
2026-01-25,M036,182590.0
2026-01-25,M037,196664.0
2026-01-25,M038,210738.0
2026-01-25,M039,224812.0
2026-01-25,M040,238886.0
2026-01-25,M041,252960.0
2026-01-25,M042,267034.0
2026-01-25,M043,202988.0
2026-01-25,M044,217062.0
2026-01-25,M045,231136.0
2026-01-25,M046,245210.0
2026-01-25,M047,259284.0
2026-01-25,M048,273358.0
2026-01-26,M001,80600.0
2026-01-26,M002,94674.0
2026-01-26,M003,108748.0
2026-01-26,M004,122822.0
2026-01-26,M005,136896.0
2026-01-26,M006,150970.0
2026-01-26,M007,165044.0
2026-01-26,M008,100998.0
2026-01-26,M009,115072.0
2026-01-26,M010,129146.0
2026-01-26,M011,143220.0
2026-01-26,M012,157294.0
2026-01-26,M013,171368.0
2026-01-26,M014,185442.0
2026-01-26,M015,121396.0
2026-01-26,M016,135470.0
2026-01-26,M017,149544.0
2026-01-26,M018,163618.0
2026-01-26,M019,177692.0
2026-01-26,M020,191766.0
2026-01-26,M021,205840.0
2026-01-26,M022,141794.0
2026-01-26,M023,155868.0
2026-01-26,M024,169942.0
2026-01-26,M025,184016.0
2026-01-26,M026,198090.0
2026-01-26,M027,212164.0
2026-01-26,M028,226238.0
2026-01-26,M029,162192.0
2026-01-26,M030,176266.0
2026-01-26,M031,190340.0
2026-01-26,M032,204414.0
2026-01-26,M033,218488.0
2026-01-26,M034,232562.0
2026-01-26,M035,246636.0
2026-01-26,M036,182590.0
2026-01-26,M037,196664.0
2026-01-26,M038,210738.0
2026-01-26,M039,224812.0
2026-01-26,M040,238886.0
2026-01-26,M041,252960.0
2026-01-26,M042,267034.0
2026-01-26,M043,202988.0
2026-01-26,M044,217062.0
2026-01-26,M045,231136.0
2026-01-26,M046,245210.0
2026-01-26,M047,259284.0
2026-01-26,M048,273358.0
2026-01-27,M001,80600.0
2026-01-27,M002,94674.0
2026-01-27,M003,108748.0
2026-01-27,M004,122822.0
2026-01-27,M005,136896.0
2026-01-27,M006,150970.0
2026-01-27,M007,165044.0
2026-01-27,M008,100998.0
2026-01-27,M009,115072.0
2026-01-27,M010,129146.0
2026-01-27,M011,143220.0
2026-01-27,M012,157294.0
2026-01-27,M013,171368.0
2026-01-27,M014,185442.0
2026-01-27,M015,121396.0
2026-01-27,M016,135470.0
2026-01-27,M017,149544.0
2026-01-27,M018,163618.0
2026-01-27,M019,177692.0
2026-01-27,M020,191766.0
2026-01-27,M021,205840.0
2026-01-27,M022,141794.0
2026-01-27,M023,155868.0
2026-01-27,M024,169942.0
2026-01-27,M025,184016.0
2026-01-27,M026,198090.0
2026-01-27,M027,212164.0
2026-01-27,M028,226238.0
2026-01-27,M029,162192.0
2026-01-27,M030,176266.0
2026-01-27,M031,190340.0
2026-01-27,M032,204414.0
2026-01-27,M033,218488.0
2026-01-27,M034,232562.0
2026-01-27,M035,246636.0
2026-01-27,M036,182590.0
2026-01-27,M037,196664.0
2026-01-27,M038,210738.0
2026-01-27,M039,224812.0
2026-01-27,M040,238886.0
2026-01-27,M041,252960.0
2026-01-27,M042,267034.0
2026-01-27,M043,202988.0
2026-01-27,M044,217062.0
2026-01-27,M045,231136.0
2026-01-27,M046,245210.0
2026-01-27,M047,259284.0
2026-01-27,M048,273358.0
2026-01-28,M001,80600.0
2026-01-28,M002,94674.0
2026-01-28,M003,108748.0
2026-01-28,M004,122822.0
2026-01-28,M005,136896.0
2026-01-28,M006,150970.0
2026-01-28,M007,165044.0
2026-01-28,M008,100998.0
2026-01-28,M009,115072.0
2026-01-28,M010,129146.0
2026-01-28,M011,143220.0
2026-01-28,M012,157294.0
2026-01-28,M013,171368.0
2026-01-28,M014,185442.0
2026-01-28,M015,121396.0
2026-01-28,M016,135470.0
2026-01-28,M017,149544.0
2026-01-28,M018,163618.0
2026-01-28,M019,177692.0
2026-01-28,M020,191766.0
2026-01-28,M021,205840.0
2026-01-28,M022,141794.0
2026-01-28,M023,155868.0
2026-01-28,M024,169942.0
2026-01-28,M025,184016.0
2026-01-28,M026,198090.0
2026-01-28,M027,212164.0
2026-01-28,M028,226238.0
2026-01-28,M029,162192.0
2026-01-28,M030,176266.0
2026-01-28,M031,190340.0
2026-01-28,M032,204414.0
2026-01-28,M033,218488.0
2026-01-28,M034,232562.0
2026-01-28,M035,246636.0
2026-01-28,M036,182590.0
2026-01-28,M037,196664.0
2026-01-28,M038,210738.0
2026-01-28,M039,224812.0
2026-01-28,M040,238886.0
2026-01-28,M041,252960.0
2026-01-28,M042,267034.0
2026-01-28,M043,202988.0
2026-01-28,M044,217062.0
2026-01-28,M045,231136.0
2026-01-28,M046,245210.0
2026-01-28,M047,259284.0
2026-01-28,M048,273358.0
2026-01-29,M001,80600.0
2026-01-29,M002,94674.0
2026-01-29,M003,108748.0
2026-01-29,M004,122822.0
2026-01-29,M005,136896.0
2026-01-29,M006,150970.0
2026-01-29,M007,165044.0
2026-01-29,M008,100998.0
2026-01-29,M009,115072.0
2026-01-29,M010,129146.0
2026-01-29,M011,143220.0
2026-01-29,M012,157294.0
2026-01-29,M013,171368.0
2026-01-29,M014,185442.0
2026-01-29,M015,121396.0
2026-01-29,M016,135470.0
2026-01-29,M017,149544.0
2026-01-29,M018,163618.0
2026-01-29,M019,177692.0
2026-01-29,M020,191766.0
2026-01-29,M021,205840.0
2026-01-29,M022,141794.0
2026-01-29,M023,155868.0
2026-01-29,M024,169942.0
2026-01-29,M025,184016.0
2026-01-29,M026,198090.0
2026-01-29,M027,212164.0
2026-01-29,M028,226238.0
2026-01-29,M029,162192.0
2026-01-29,M030,176266.0
2026-01-29,M031,190340.0
2026-01-29,M032,204414.0
2026-01-29,M033,218488.0
2026-01-29,M034,232562.0
2026-01-29,M035,246636.0
2026-01-29,M036,182590.0
2026-01-29,M037,196664.0
2026-01-29,M038,210738.0
2026-01-29,M039,224812.0
2026-01-29,M040,238886.0
2026-01-29,M041,252960.0
2026-01-29,M042,267034.0
2026-01-29,M043,202988.0
2026-01-29,M044,217062.0
2026-01-29,M045,231136.0
2026-01-29,M046,245210.0
2026-01-29,M047,259284.0
2026-01-29,M048,273358.0
2026-01-30,M001,80600.0
2026-01-30,M002,94674.0
2026-01-30,M003,108748.0
2026-01-30,M004,122822.0
2026-01-30,M005,136896.0
2026-01-30,M006,150970.0
2026-01-30,M007,165044.0
2026-01-30,M008,100998.0
2026-01-30,M009,115072.0
2026-01-30,M010,129146.0
2026-01-30,M011,143220.0
2026-01-30,M012,157294.0
2026-01-30,M013,171368.0
2026-01-30,M014,185442.0
2026-01-30,M015,121396.0
2026-01-30,M016,135470.0
2026-01-30,M017,149544.0
2026-01-30,M018,163618.0
2026-01-30,M019,177692.0
2026-01-30,M020,191766.0
2026-01-30,M021,205840.0
2026-01-30,M022,141794.0
2026-01-30,M023,155868.0
2026-01-30,M024,169942.0
2026-01-30,M025,184016.0
2026-01-30,M026,198090.0
2026-01-30,M027,212164.0
2026-01-30,M028,226238.0
2026-01-30,M029,162192.0
2026-01-30,M030,176266.0
2026-01-30,M031,190340.0
2026-01-30,M032,204414.0
2026-01-30,M033,218488.0
2026-01-30,M034,232562.0
2026-01-30,M035,246636.0
2026-01-30,M036,182590.0
2026-01-30,M037,196664.0
2026-01-30,M038,210738.0
2026-01-30,M039,224812.0
2026-01-30,M040,238886.0
2026-01-30,M041,252960.0
2026-01-30,M042,267034.0
2026-01-30,M043,202988.0
2026-01-30,M044,217062.0
2026-01-30,M045,231136.0
2026-01-30,M046,245210.0
2026-01-30,M047,259284.0
2026-01-30,M048,273358.0
2026-01-31,M001,80600.0
2026-01-31,M002,94674.0
2026-01-31,M003,108748.0
2026-01-31,M004,122822.0
2026-01-31,M005,136896.0
2026-01-31,M006,150970.0
2026-01-31,M007,165044.0
2026-01-31,M008,100998.0
2026-01-31,M009,115072.0
2026-01-31,M010,129146.0
2026-01-31,M011,143220.0
2026-01-31,M012,157294.0
2026-01-31,M013,171368.0
2026-01-31,M014,185442.0
2026-01-31,M015,121396.0
2026-01-31,M016,135470.0
2026-01-31,M017,149544.0
2026-01-31,M018,163618.0
2026-01-31,M019,177692.0
2026-01-31,M020,191766.0
2026-01-31,M021,205840.0
2026-01-31,M022,141794.0
2026-01-31,M023,155868.0
2026-01-31,M024,169942.0
2026-01-31,M025,184016.0
2026-01-31,M026,198090.0
2026-01-31,M027,212164.0
2026-01-31,M028,226238.0
2026-01-31,M029,162192.0
2026-01-31,M030,176266.0
2026-01-31,M031,190340.0
2026-01-31,M032,204414.0
2026-01-31,M033,218488.0
2026-01-31,M034,232562.0
2026-01-31,M035,246636.0
2026-01-31,M036,182590.0
2026-01-31,M037,196664.0
2026-01-31,M038,210738.0
2026-01-31,M039,224812.0
2026-01-31,M040,238886.0
2026-01-31,M041,252960.0
2026-01-31,M042,267034.0
2026-01-31,M043,202988.0
2026-01-31,M044,217062.0
2026-01-31,M045,231136.0
2026-01-31,M046,245210.0
2026-01-31,M047,259284.0
2026-01-31,M048,273358.0
2026-02-01,M001,80600.0
2026-02-01,M002,94674.0
2026-02-01,M003,108748.0
2026-02-01,M004,122822.0
2026-02-01,M005,136896.0
2026-02-01,M006,150970.0
2026-02-01,M007,165044.0
2026-02-01,M008,100998.0
2026-02-01,M009,115072.0
2026-02-01,M010,129146.0
2026-02-01,M011,143220.0
2026-02-01,M012,157294.0
2026-02-01,M013,171368.0
2026-02-01,M014,185442.0
2026-02-01,M015,121396.0
2026-02-01,M016,135470.0
2026-02-01,M017,149544.0
2026-02-01,M018,163618.0
2026-02-01,M019,177692.0
2026-02-01,M020,191766.0
2026-02-01,M021,205840.0
2026-02-01,M022,141794.0
2026-02-01,M023,155868.0
2026-02-01,M024,169942.0
2026-02-01,M025,184016.0
2026-02-01,M026,198090.0
2026-02-01,M027,212164.0
2026-02-01,M028,226238.0
2026-02-01,M029,162192.0
2026-02-01,M030,176266.0
2026-02-01,M031,190340.0
2026-02-01,M032,204414.0
2026-02-01,M033,218488.0
2026-02-01,M034,232562.0
2026-02-01,M035,246636.0
2026-02-01,M036,182590.0
2026-02-01,M037,196664.0
2026-02-01,M038,210738.0
2026-02-01,M039,224812.0
2026-02-01,M040,238886.0
2026-02-01,M041,252960.0
2026-02-01,M042,267034.0
2026-02-01,M043,202988.0
2026-02-01,M044,217062.0
2026-02-01,M045,231136.0
2026-02-01,M046,245210.0
2026-02-01,M047,259284.0
2026-02-01,M048,273358.0
2026-02-02,M001,80600.0
2026-02-02,M002,94674.0
2026-02-02,M003,108748.0
2026-02-02,M004,122822.0
2026-02-02,M005,136896.0
2026-02-02,M006,150970.0
2026-02-02,M007,165044.0
2026-02-02,M008,100998.0
2026-02-02,M009,115072.0
2026-02-02,M010,129146.0
2026-02-02,M011,143220.0
2026-02-02,M012,157294.0
2026-02-02,M013,171368.0
2026-02-02,M014,185442.0
2026-02-02,M015,121396.0
2026-02-02,M016,135470.0
2026-02-02,M017,149544.0
2026-02-02,M018,163618.0
2026-02-02,M019,177692.0
2026-02-02,M020,191766.0
2026-02-02,M021,205840.0
2026-02-02,M022,141794.0
2026-02-02,M023,155868.0
2026-02-02,M024,169942.0
2026-02-02,M025,184016.0
2026-02-02,M026,198090.0
2026-02-02,M027,212164.0
2026-02-02,M028,226238.0
2026-02-02,M029,162192.0
2026-02-02,M030,176266.0
2026-02-02,M031,190340.0
2026-02-02,M032,204414.0
2026-02-02,M033,218488.0
2026-02-02,M034,232562.0
2026-02-02,M035,246636.0
2026-02-02,M036,182590.0
2026-02-02,M037,196664.0
2026-02-02,M038,210738.0
2026-02-02,M039,224812.0
2026-02-02,M040,238886.0
2026-02-02,M041,252960.0
2026-02-02,M042,267034.0
2026-02-02,M043,202988.0
2026-02-02,M044,217062.0
2026-02-02,M045,231136.0
2026-02-02,M046,245210.0
2026-02-02,M047,259284.0
2026-02-02,M048,273358.0
2026-02-03,M001,80600.0
2026-02-03,M002,94674.0
2026-02-03,M003,108748.0
2026-02-03,M004,122822.0
2026-02-03,M005,136896.0
2026-02-03,M006,150970.0
2026-02-03,M007,165044.0
2026-02-03,M008,100998.0
2026-02-03,M009,115072.0
2026-02-03,M010,129146.0
2026-02-03,M011,143220.0
2026-02-03,M012,157294.0
2026-02-03,M013,171368.0
2026-02-03,M014,185442.0
2026-02-03,M015,121396.0
2026-02-03,M016,135470.0
2026-02-03,M017,149544.0
2026-02-03,M018,163618.0
2026-02-03,M019,177692.0
2026-02-03,M020,191766.0
2026-02-03,M021,205840.0
2026-02-03,M022,141794.0
2026-02-03,M023,155868.0
2026-02-03,M024,169942.0
2026-02-03,M025,184016.0
2026-02-03,M026,198090.0
2026-02-03,M027,212164.0
2026-02-03,M028,226238.0
2026-02-03,M029,162192.0
2026-02-03,M030,176266.0
2026-02-03,M031,190340.0
2026-02-03,M032,204414.0
2026-02-03,M033,218488.0
2026-02-03,M034,232562.0
2026-02-03,M035,246636.0
2026-02-03,M036,182590.0
2026-02-03,M037,196664.0
2026-02-03,M038,210738.0
2026-02-03,M039,224812.0
2026-02-03,M040,238886.0
2026-02-03,M041,252960.0
2026-02-03,M042,267034.0
2026-02-03,M043,202988.0
2026-02-03,M044,217062.0
2026-02-03,M045,231136.0
2026-02-03,M046,245210.0
2026-02-03,M047,259284.0
2026-02-03,M048,273358.0
2026-02-04,M001,80600.0
2026-02-04,M002,94674.0
2026-02-04,M003,108748.0
2026-02-04,M004,122822.0
2026-02-04,M005,136896.0
2026-02-04,M006,150970.0
2026-02-04,M007,165044.0
2026-02-04,M008,100998.0
2026-02-04,M009,115072.0
2026-02-04,M010,129146.0
2026-02-04,M011,143220.0
2026-02-04,M012,157294.0
2026-02-04,M013,171368.0
2026-02-04,M014,185442.0
2026-02-04,M015,121396.0
2026-02-04,M016,135470.0
2026-02-04,M017,149544.0
2026-02-04,M018,163618.0
2026-02-04,M019,177692.0
2026-02-04,M020,191766.0
2026-02-04,M021,205840.0
2026-02-04,M022,141794.0
2026-02-04,M023,155868.0
2026-02-04,M024,169942.0
2026-02-04,M025,184016.0
2026-02-04,M026,198090.0
2026-02-04,M027,212164.0
2026-02-04,M028,226238.0
2026-02-04,M029,162192.0
2026-02-04,M030,176266.0
2026-02-04,M031,190340.0
2026-02-04,M032,204414.0
2026-02-04,M033,218488.0
2026-02-04,M034,232562.0
2026-02-04,M035,246636.0
2026-02-04,M036,182590.0
2026-02-04,M037,196664.0
2026-02-04,M038,210738.0
2026-02-04,M039,224812.0
2026-02-04,M040,238886.0
2026-02-04,M041,252960.0
2026-02-04,M042,267034.0
2026-02-04,M043,202988.0
2026-02-04,M044,217062.0
2026-02-04,M045,231136.0
2026-02-04,M046,245210.0
2026-02-04,M047,259284.0
2026-02-04,M048,273358.0
2026-02-05,M001,80600.0
2026-02-05,M002,94674.0
2026-02-05,M003,108748.0
2026-02-05,M004,122822.0
2026-02-05,M005,136896.0
2026-02-05,M006,150970.0
2026-02-05,M007,165044.0
2026-02-05,M008,100998.0
2026-02-05,M009,115072.0
2026-02-05,M010,129146.0
2026-02-05,M011,143220.0
2026-02-05,M012,157294.0
2026-02-05,M013,171368.0
2026-02-05,M014,185442.0
2026-02-05,M015,121396.0
2026-02-05,M016,135470.0
2026-02-05,M017,149544.0
2026-02-05,M018,163618.0
2026-02-05,M019,177692.0
2026-02-05,M020,191766.0
2026-02-05,M021,205840.0
2026-02-05,M022,141794.0
2026-02-05,M023,155868.0
2026-02-05,M024,169942.0
2026-02-05,M025,184016.0
2026-02-05,M026,198090.0
2026-02-05,M027,212164.0
2026-02-05,M028,226238.0
2026-02-05,M029,162192.0
2026-02-05,M030,176266.0
2026-02-05,M031,190340.0
2026-02-05,M032,204414.0
2026-02-05,M033,218488.0
2026-02-05,M034,232562.0
2026-02-05,M035,246636.0
2026-02-05,M036,182590.0
2026-02-05,M037,196664.0
2026-02-05,M038,210738.0
2026-02-05,M039,224812.0
2026-02-05,M040,238886.0
2026-02-05,M041,252960.0
2026-02-05,M042,267034.0
2026-02-05,M043,202988.0
2026-02-05,M044,217062.0
2026-02-05,M045,231136.0
2026-02-05,M046,245210.0
2026-02-05,M047,259284.0
2026-02-05,M048,273358.0
2026-02-06,M001,80600.0
2026-02-06,M002,94674.0
2026-02-06,M003,108748.0
2026-02-06,M004,122822.0
2026-02-06,M005,136896.0
2026-02-06,M006,150970.0
2026-02-06,M007,165044.0
2026-02-06,M008,100998.0
2026-02-06,M009,115072.0
2026-02-06,M010,129146.0
2026-02-06,M011,143220.0
2026-02-06,M012,157294.0
2026-02-06,M013,171368.0
2026-02-06,M014,185442.0
2026-02-06,M015,121396.0
2026-02-06,M016,135470.0
2026-02-06,M017,149544.0
2026-02-06,M018,163618.0
2026-02-06,M019,177692.0
2026-02-06,M020,191766.0
2026-02-06,M021,205840.0
2026-02-06,M022,141794.0
2026-02-06,M023,155868.0
2026-02-06,M024,169942.0
2026-02-06,M025,184016.0
2026-02-06,M026,198090.0
2026-02-06,M027,212164.0
2026-02-06,M028,226238.0
2026-02-06,M029,162192.0
2026-02-06,M030,176266.0
2026-02-06,M031,190340.0
2026-02-06,M032,204414.0
2026-02-06,M033,218488.0
2026-02-06,M034,232562.0
2026-02-06,M035,246636.0
2026-02-06,M036,182590.0
2026-02-06,M037,196664.0
2026-02-06,M038,210738.0
2026-02-06,M039,224812.0
2026-02-06,M040,238886.0
2026-02-06,M041,252960.0
2026-02-06,M042,267034.0
2026-02-06,M043,202988.0
2026-02-06,M044,217062.0
2026-02-06,M045,231136.0
2026-02-06,M046,245210.0
2026-02-06,M047,259284.0
2026-02-06,M048,273358.0
2026-02-07,M001,80600.0
2026-02-07,M002,94674.0
2026-02-07,M003,108748.0
2026-02-07,M004,122822.0
2026-02-07,M005,136896.0
2026-02-07,M006,150970.0
2026-02-07,M007,165044.0
2026-02-07,M008,100998.0
2026-02-07,M009,115072.0
2026-02-07,M010,129146.0
2026-02-07,M011,143220.0
2026-02-07,M012,157294.0
2026-02-07,M013,171368.0
2026-02-07,M014,185442.0
2026-02-07,M015,121396.0
2026-02-07,M016,135470.0
2026-02-07,M017,149544.0
2026-02-07,M018,163618.0
2026-02-07,M019,177692.0
2026-02-07,M020,191766.0
2026-02-07,M021,205840.0
2026-02-07,M022,141794.0
2026-02-07,M023,155868.0
2026-02-07,M024,169942.0
2026-02-07,M025,184016.0
2026-02-07,M026,198090.0
2026-02-07,M027,212164.0
2026-02-07,M028,226238.0
2026-02-07,M029,162192.0
2026-02-07,M030,176266.0
2026-02-07,M031,190340.0
2026-02-07,M032,204414.0
2026-02-07,M033,218488.0
2026-02-07,M034,232562.0
2026-02-07,M035,246636.0
2026-02-07,M036,182590.0
2026-02-07,M037,196664.0
2026-02-07,M038,210738.0
2026-02-07,M039,224812.0
2026-02-07,M040,238886.0
2026-02-07,M041,252960.0
2026-02-07,M042,267034.0
2026-02-07,M043,202988.0
2026-02-07,M044,217062.0
2026-02-07,M045,231136.0
2026-02-07,M046,245210.0
2026-02-07,M047,259284.0
2026-02-07,M048,273358.0
2026-02-08,M001,80600.0
2026-02-08,M002,94674.0
2026-02-08,M003,108748.0
2026-02-08,M004,122822.0
2026-02-08,M005,136896.0
2026-02-08,M006,150970.0
2026-02-08,M007,165044.0
2026-02-08,M008,100998.0
2026-02-08,M009,115072.0
2026-02-08,M010,129146.0
2026-02-08,M011,143220.0
2026-02-08,M012,157294.0
2026-02-08,M013,171368.0
2026-02-08,M014,185442.0
2026-02-08,M015,121396.0
2026-02-08,M016,135470.0
2026-02-08,M017,149544.0
2026-02-08,M018,163618.0
2026-02-08,M019,177692.0
2026-02-08,M020,191766.0
2026-02-08,M021,205840.0
2026-02-08,M022,141794.0
2026-02-08,M023,155868.0
2026-02-08,M024,169942.0
2026-02-08,M025,184016.0
2026-02-08,M026,198090.0
2026-02-08,M027,212164.0
2026-02-08,M028,226238.0
2026-02-08,M029,162192.0
2026-02-08,M030,176266.0
2026-02-08,M031,190340.0
2026-02-08,M032,204414.0
2026-02-08,M033,218488.0
2026-02-08,M034,232562.0
2026-02-08,M035,246636.0
2026-02-08,M036,182590.0
2026-02-08,M037,196664.0
2026-02-08,M038,210738.0
2026-02-08,M039,224812.0
2026-02-08,M040,238886.0
2026-02-08,M041,252960.0
2026-02-08,M042,267034.0
2026-02-08,M043,202988.0
2026-02-08,M044,217062.0
2026-02-08,M045,231136.0
2026-02-08,M046,245210.0
2026-02-08,M047,259284.0
2026-02-08,M048,273358.0
2026-02-09,M001,80600.0
2026-02-09,M002,94674.0
2026-02-09,M003,108748.0
2026-02-09,M004,122822.0
2026-02-09,M005,136896.0
2026-02-09,M006,150970.0
2026-02-09,M007,165044.0
2026-02-09,M008,100998.0
2026-02-09,M009,115072.0
2026-02-09,M010,129146.0
2026-02-09,M011,143220.0
2026-02-09,M012,157294.0
2026-02-09,M013,171368.0
2026-02-09,M014,185442.0
2026-02-09,M015,121396.0
2026-02-09,M016,135470.0
2026-02-09,M017,149544.0
2026-02-09,M018,163618.0
2026-02-09,M019,177692.0
2026-02-09,M020,191766.0
2026-02-09,M021,205840.0
2026-02-09,M022,141794.0
2026-02-09,M023,155868.0
2026-02-09,M024,169942.0
2026-02-09,M025,184016.0
2026-02-09,M026,198090.0
2026-02-09,M027,212164.0
2026-02-09,M028,226238.0
2026-02-09,M029,162192.0
2026-02-09,M030,176266.0
2026-02-09,M031,190340.0
2026-02-09,M032,204414.0
2026-02-09,M033,218488.0
2026-02-09,M034,232562.0
2026-02-09,M035,246636.0
2026-02-09,M036,182590.0
2026-02-09,M037,196664.0
2026-02-09,M038,210738.0
2026-02-09,M039,224812.0
2026-02-09,M040,238886.0
2026-02-09,M041,252960.0
2026-02-09,M042,267034.0
2026-02-09,M043,202988.0
2026-02-09,M044,217062.0
2026-02-09,M045,231136.0
2026-02-09,M046,245210.0
2026-02-09,M047,259284.0
2026-02-09,M048,273358.0
2026-02-10,M001,80600.0
2026-02-10,M002,94674.0
2026-02-10,M003,108748.0
2026-02-10,M004,122822.0
2026-02-10,M005,136896.0
2026-02-10,M006,150970.0
2026-02-10,M007,165044.0
2026-02-10,M008,100998.0
2026-02-10,M009,115072.0
2026-02-10,M010,129146.0
2026-02-10,M011,143220.0
2026-02-10,M012,157294.0
2026-02-10,M013,171368.0
2026-02-10,M014,185442.0
2026-02-10,M015,121396.0
2026-02-10,M016,135470.0
2026-02-10,M017,149544.0
2026-02-10,M018,163618.0
2026-02-10,M019,177692.0
2026-02-10,M020,191766.0
2026-02-10,M021,205840.0
2026-02-10,M022,141794.0
2026-02-10,M023,155868.0
2026-02-10,M024,169942.0
2026-02-10,M025,184016.0
2026-02-10,M026,198090.0
2026-02-10,M027,212164.0
2026-02-10,M028,226238.0
2026-02-10,M029,162192.0
2026-02-10,M030,176266.0
2026-02-10,M031,190340.0
2026-02-10,M032,204414.0
2026-02-10,M033,218488.0
2026-02-10,M034,232562.0
2026-02-10,M035,246636.0
2026-02-10,M036,182590.0
2026-02-10,M037,196664.0
2026-02-10,M038,210738.0
2026-02-10,M039,224812.0
2026-02-10,M040,238886.0
2026-02-10,M041,252960.0
2026-02-10,M042,267034.0
2026-02-10,M043,202988.0
2026-02-10,M044,217062.0
2026-02-10,M045,231136.0
2026-02-10,M046,245210.0
2026-02-10,M047,259284.0
2026-02-10,M048,273358.0
2026-02-11,M001,80600.0
2026-02-11,M002,94674.0
2026-02-11,M003,108748.0
2026-02-11,M004,122822.0
2026-02-11,M005,136896.0
2026-02-11,M006,150970.0
2026-02-11,M007,165044.0
2026-02-11,M008,100998.0
2026-02-11,M009,115072.0
2026-02-11,M010,129146.0
2026-02-11,M011,143220.0
2026-02-11,M012,157294.0
2026-02-11,M013,171368.0
2026-02-11,M014,185442.0
2026-02-11,M015,121396.0
2026-02-11,M016,135470.0
2026-02-11,M017,149544.0
2026-02-11,M018,163618.0
2026-02-11,M019,177692.0
2026-02-11,M020,191766.0
2026-02-11,M021,205840.0
2026-02-11,M022,141794.0
2026-02-11,M023,155868.0
2026-02-11,M024,169942.0
2026-02-11,M025,184016.0
2026-02-11,M026,198090.0
2026-02-11,M027,212164.0
2026-02-11,M028,226238.0
2026-02-11,M029,162192.0
2026-02-11,M030,176266.0
2026-02-11,M031,190340.0
2026-02-11,M032,204414.0
2026-02-11,M033,218488.0
2026-02-11,M034,232562.0
2026-02-11,M035,246636.0
2026-02-11,M036,182590.0
2026-02-11,M037,196664.0
2026-02-11,M038,210738.0
2026-02-11,M039,224812.0
2026-02-11,M040,238886.0
2026-02-11,M041,252960.0
2026-02-11,M042,267034.0
2026-02-11,M043,202988.0
2026-02-11,M044,217062.0
2026-02-11,M045,231136.0
2026-02-11,M046,245210.0
2026-02-11,M047,259284.0
2026-02-11,M048,273358.0
2026-02-12,M001,80600.0
2026-02-12,M002,94674.0
2026-02-12,M003,108748.0
2026-02-12,M004,122822.0
2026-02-12,M005,136896.0
2026-02-12,M006,150970.0
2026-02-12,M007,165044.0
2026-02-12,M008,100998.0
2026-02-12,M009,115072.0
2026-02-12,M010,129146.0
2026-02-12,M011,143220.0
2026-02-12,M012,157294.0
2026-02-12,M013,171368.0
2026-02-12,M014,185442.0
2026-02-12,M015,121396.0
2026-02-12,M016,135470.0
2026-02-12,M017,149544.0
2026-02-12,M018,163618.0
2026-02-12,M019,177692.0
2026-02-12,M020,191766.0
2026-02-12,M021,205840.0
2026-02-12,M022,141794.0
2026-02-12,M023,155868.0
2026-02-12,M024,169942.0
2026-02-12,M025,184016.0
2026-02-12,M026,198090.0
2026-02-12,M027,212164.0
2026-02-12,M028,226238.0
2026-02-12,M029,162192.0
2026-02-12,M030,176266.0
2026-02-12,M031,190340.0
2026-02-12,M032,204414.0
2026-02-12,M033,218488.0
2026-02-12,M034,232562.0
2026-02-12,M035,246636.0
2026-02-12,M036,182590.0
2026-02-12,M037,196664.0
2026-02-12,M038,210738.0
2026-02-12,M039,224812.0
2026-02-12,M040,238886.0
2026-02-12,M041,252960.0
2026-02-12,M042,267034.0
2026-02-12,M043,202988.0
2026-02-12,M044,217062.0
2026-02-12,M045,231136.0
2026-02-12,M046,245210.0
2026-02-12,M047,259284.0
2026-02-12,M048,273358.0
2026-02-13,M001,80600.0
2026-02-13,M002,94674.0
2026-02-13,M003,108748.0
2026-02-13,M004,122822.0
2026-02-13,M005,136896.0
2026-02-13,M006,150970.0
2026-02-13,M007,165044.0
2026-02-13,M008,100998.0
2026-02-13,M009,115072.0
2026-02-13,M010,129146.0
2026-02-13,M011,143220.0
2026-02-13,M012,157294.0
2026-02-13,M013,171368.0
2026-02-13,M014,185442.0
2026-02-13,M015,121396.0
2026-02-13,M016,135470.0
2026-02-13,M017,149544.0
2026-02-13,M018,163618.0
2026-02-13,M019,177692.0
2026-02-13,M020,191766.0
2026-02-13,M021,205840.0
2026-02-13,M022,141794.0
2026-02-13,M023,155868.0
2026-02-13,M024,169942.0
2026-02-13,M025,184016.0
2026-02-13,M026,198090.0
2026-02-13,M027,212164.0
2026-02-13,M028,226238.0
2026-02-13,M029,162192.0
2026-02-13,M030,176266.0
2026-02-13,M031,190340.0
2026-02-13,M032,204414.0
2026-02-13,M033,218488.0
2026-02-13,M034,232562.0
2026-02-13,M035,246636.0
2026-02-13,M036,182590.0
2026-02-13,M037,196664.0
2026-02-13,M038,210738.0
2026-02-13,M039,224812.0
2026-02-13,M040,238886.0
2026-02-13,M041,252960.0
2026-02-13,M042,267034.0
2026-02-13,M043,202988.0
2026-02-13,M044,217062.0
2026-02-13,M045,231136.0
2026-02-13,M046,245210.0
2026-02-13,M047,259284.0
2026-02-13,M048,273358.0
2026-02-14,M001,80600.0
2026-02-14,M002,94674.0
2026-02-14,M003,108748.0
2026-02-14,M004,122822.0
2026-02-14,M005,136896.0
2026-02-14,M006,150970.0
2026-02-14,M007,165044.0
2026-02-14,M008,100998.0
2026-02-14,M009,115072.0
2026-02-14,M010,129146.0
2026-02-14,M011,143220.0
2026-02-14,M012,157294.0
2026-02-14,M013,171368.0
2026-02-14,M014,185442.0
2026-02-14,M015,121396.0
2026-02-14,M016,135470.0
2026-02-14,M017,149544.0
2026-02-14,M018,163618.0
2026-02-14,M019,177692.0
2026-02-14,M020,191766.0
2026-02-14,M021,205840.0
2026-02-14,M022,141794.0
2026-02-14,M023,155868.0
2026-02-14,M024,169942.0
2026-02-14,M025,184016.0
2026-02-14,M026,198090.0
2026-02-14,M027,212164.0
2026-02-14,M028,226238.0
2026-02-14,M029,162192.0
2026-02-14,M030,176266.0
2026-02-14,M031,190340.0
2026-02-14,M032,204414.0
2026-02-14,M033,218488.0
2026-02-14,M034,232562.0
2026-02-14,M035,246636.0
2026-02-14,M036,182590.0
2026-02-14,M037,196664.0
2026-02-14,M038,210738.0
2026-02-14,M039,224812.0
2026-02-14,M040,238886.0
2026-02-14,M041,252960.0
2026-02-14,M042,267034.0
2026-02-14,M043,202988.0
2026-02-14,M044,217062.0
2026-02-14,M045,231136.0
2026-02-14,M046,245210.0
2026-02-14,M047,259284.0
2026-02-14,M048,273358.0
2026-02-15,M001,80600.0
2026-02-15,M002,94674.0
2026-02-15,M003,108748.0
2026-02-15,M004,122822.0
2026-02-15,M005,136896.0
2026-02-15,M006,150970.0
2026-02-15,M007,165044.0
2026-02-15,M008,100998.0
2026-02-15,M009,115072.0
2026-02-15,M010,129146.0
2026-02-15,M011,143220.0
2026-02-15,M012,157294.0
2026-02-15,M013,171368.0
2026-02-15,M014,185442.0
2026-02-15,M015,121396.0
2026-02-15,M016,135470.0
2026-02-15,M017,149544.0
2026-02-15,M018,163618.0
2026-02-15,M019,177692.0
2026-02-15,M020,191766.0
2026-02-15,M021,205840.0
2026-02-15,M022,141794.0
2026-02-15,M023,155868.0
2026-02-15,M024,169942.0
2026-02-15,M025,184016.0
2026-02-15,M026,198090.0
2026-02-15,M027,212164.0
2026-02-15,M028,226238.0
2026-02-15,M029,162192.0
2026-02-15,M030,176266.0
2026-02-15,M031,190340.0
2026-02-15,M032,204414.0
2026-02-15,M033,218488.0
2026-02-15,M034,232562.0
2026-02-15,M035,246636.0
2026-02-15,M036,182590.0
2026-02-15,M037,196664.0
2026-02-15,M038,210738.0
2026-02-15,M039,224812.0
2026-02-15,M040,238886.0
2026-02-15,M041,252960.0
2026-02-15,M042,267034.0
2026-02-15,M043,202988.0
2026-02-15,M044,217062.0
2026-02-15,M045,231136.0
2026-02-15,M046,245210.0
2026-02-15,M047,259284.0
2026-02-15,M048,273358.0
2026-02-16,M001,80600.0
2026-02-16,M002,94674.0
2026-02-16,M003,108748.0
2026-02-16,M004,122822.0
2026-02-16,M005,136896.0
2026-02-16,M006,150970.0
2026-02-16,M007,165044.0
2026-02-16,M008,100998.0
2026-02-16,M009,115072.0
2026-02-16,M010,129146.0
2026-02-16,M011,143220.0
2026-02-16,M012,157294.0
2026-02-16,M013,171368.0
2026-02-16,M014,185442.0
2026-02-16,M015,121396.0
2026-02-16,M016,135470.0
2026-02-16,M017,149544.0
2026-02-16,M018,163618.0
2026-02-16,M019,177692.0
2026-02-16,M020,191766.0
2026-02-16,M021,205840.0
2026-02-16,M022,141794.0
2026-02-16,M023,155868.0
2026-02-16,M024,169942.0
2026-02-16,M025,184016.0
2026-02-16,M026,198090.0
2026-02-16,M027,212164.0
2026-02-16,M028,226238.0
2026-02-16,M029,162192.0
2026-02-16,M030,176266.0
2026-02-16,M031,190340.0
2026-02-16,M032,204414.0
2026-02-16,M033,218488.0
2026-02-16,M034,232562.0
2026-02-16,M035,246636.0
2026-02-16,M036,182590.0
2026-02-16,M037,196664.0
2026-02-16,M038,210738.0
2026-02-16,M039,224812.0
2026-02-16,M040,238886.0
2026-02-16,M041,252960.0
2026-02-16,M042,267034.0
2026-02-16,M043,202988.0
2026-02-16,M044,217062.0
2026-02-16,M045,231136.0
2026-02-16,M046,245210.0
2026-02-16,M047,259284.0
2026-02-16,M048,273358.0
2026-02-17,M001,80600.0
2026-02-17,M002,94674.0
2026-02-17,M003,108748.0
2026-02-17,M004,122822.0
2026-02-17,M005,136896.0
2026-02-17,M006,150970.0
2026-02-17,M007,165044.0
2026-02-17,M008,100998.0
2026-02-17,M009,115072.0
2026-02-17,M010,129146.0
2026-02-17,M011,143220.0
2026-02-17,M012,157294.0
2026-02-17,M013,171368.0
2026-02-17,M014,185442.0
2026-02-17,M015,121396.0
2026-02-17,M016,135470.0
2026-02-17,M017,149544.0
2026-02-17,M018,163618.0
2026-02-17,M019,177692.0
2026-02-17,M020,191766.0
2026-02-17,M021,205840.0
2026-02-17,M022,141794.0
2026-02-17,M023,155868.0
2026-02-17,M024,169942.0
2026-02-17,M025,184016.0
2026-02-17,M026,198090.0
2026-02-17,M027,212164.0
2026-02-17,M028,226238.0
2026-02-17,M029,162192.0
2026-02-17,M030,176266.0
2026-02-17,M031,190340.0
2026-02-17,M032,204414.0
2026-02-17,M033,218488.0
2026-02-17,M034,232562.0
2026-02-17,M035,246636.0
2026-02-17,M036,182590.0
2026-02-17,M037,196664.0
2026-02-17,M038,210738.0
2026-02-17,M039,224812.0
2026-02-17,M040,238886.0
2026-02-17,M041,252960.0
2026-02-17,M042,267034.0
2026-02-17,M043,202988.0
2026-02-17,M044,217062.0
2026-02-17,M045,231136.0
2026-02-17,M046,245210.0
2026-02-17,M047,259284.0
2026-02-17,M048,273358.0
2026-02-18,M001,80600.0
2026-02-18,M002,94674.0
2026-02-18,M003,108748.0
2026-02-18,M004,122822.0
2026-02-18,M005,136896.0
2026-02-18,M006,150970.0
2026-02-18,M007,165044.0
2026-02-18,M008,100998.0
2026-02-18,M009,115072.0
2026-02-18,M010,129146.0
2026-02-18,M011,143220.0
2026-02-18,M012,157294.0
2026-02-18,M013,171368.0
2026-02-18,M014,185442.0
2026-02-18,M015,121396.0
2026-02-18,M016,135470.0
2026-02-18,M017,149544.0
2026-02-18,M018,163618.0
2026-02-18,M019,177692.0
2026-02-18,M020,191766.0
2026-02-18,M021,205840.0
2026-02-18,M022,141794.0
2026-02-18,M023,155868.0
2026-02-18,M024,169942.0
2026-02-18,M025,184016.0
2026-02-18,M026,198090.0
2026-02-18,M027,212164.0
2026-02-18,M028,226238.0
2026-02-18,M029,162192.0
2026-02-18,M030,176266.0
2026-02-18,M031,190340.0
2026-02-18,M032,204414.0
2026-02-18,M033,218488.0
2026-02-18,M034,232562.0
2026-02-18,M035,246636.0
2026-02-18,M036,182590.0
2026-02-18,M037,196664.0
2026-02-18,M038,210738.0
2026-02-18,M039,224812.0
2026-02-18,M040,238886.0
2026-02-18,M041,252960.0
2026-02-18,M042,267034.0
2026-02-18,M043,202988.0
2026-02-18,M044,217062.0
2026-02-18,M045,231136.0
2026-02-18,M046,245210.0
2026-02-18,M047,259284.0
2026-02-18,M048,273358.0
2026-02-19,M001,80600.0
2026-02-19,M002,94674.0
2026-02-19,M003,108748.0
2026-02-19,M004,122822.0
2026-02-19,M005,136896.0
2026-02-19,M006,150970.0
2026-02-19,M007,165044.0
2026-02-19,M008,100998.0
2026-02-19,M009,115072.0
2026-02-19,M010,129146.0
2026-02-19,M011,143220.0
2026-02-19,M012,157294.0
2026-02-19,M013,171368.0
2026-02-19,M014,185442.0
2026-02-19,M015,121396.0
2026-02-19,M016,135470.0
2026-02-19,M017,149544.0
2026-02-19,M018,163618.0
2026-02-19,M019,177692.0
2026-02-19,M020,191766.0
2026-02-19,M021,205840.0
2026-02-19,M022,141794.0
2026-02-19,M023,155868.0
2026-02-19,M024,169942.0
2026-02-19,M025,184016.0
2026-02-19,M026,198090.0
2026-02-19,M027,212164.0
2026-02-19,M028,226238.0
2026-02-19,M029,162192.0
2026-02-19,M030,176266.0
2026-02-19,M031,190340.0
2026-02-19,M032,204414.0
2026-02-19,M033,218488.0
2026-02-19,M034,232562.0
2026-02-19,M035,246636.0
2026-02-19,M036,182590.0
2026-02-19,M037,196664.0
2026-02-19,M038,210738.0
2026-02-19,M039,224812.0
2026-02-19,M040,238886.0
2026-02-19,M041,252960.0
2026-02-19,M042,267034.0
2026-02-19,M043,202988.0
2026-02-19,M044,217062.0
2026-02-19,M045,231136.0
2026-02-19,M046,245210.0
2026-02-19,M047,259284.0
2026-02-19,M048,273358.0
2026-02-20,M001,80600.0
2026-02-20,M002,94674.0
2026-02-20,M003,108748.0
2026-02-20,M004,122822.0
2026-02-20,M005,136896.0
2026-02-20,M006,150970.0
2026-02-20,M007,165044.0
2026-02-20,M008,100998.0
2026-02-20,M009,115072.0
2026-02-20,M010,129146.0
2026-02-20,M011,143220.0
2026-02-20,M012,157294.0
2026-02-20,M013,171368.0
2026-02-20,M014,185442.0
2026-02-20,M015,121396.0
2026-02-20,M016,135470.0
2026-02-20,M017,149544.0
2026-02-20,M018,163618.0
2026-02-20,M019,177692.0
2026-02-20,M020,191766.0
2026-02-20,M021,205840.0
2026-02-20,M022,141794.0
2026-02-20,M023,155868.0
2026-02-20,M024,169942.0
2026-02-20,M025,184016.0
2026-02-20,M026,198090.0
2026-02-20,M027,212164.0
2026-02-20,M028,226238.0
2026-02-20,M029,162192.0
2026-02-20,M030,176266.0
2026-02-20,M031,190340.0
2026-02-20,M032,204414.0
2026-02-20,M033,218488.0
2026-02-20,M034,232562.0
2026-02-20,M035,246636.0
2026-02-20,M036,182590.0
2026-02-20,M037,196664.0
2026-02-20,M038,210738.0
2026-02-20,M039,224812.0
2026-02-20,M040,238886.0
2026-02-20,M041,252960.0
2026-02-20,M042,267034.0
2026-02-20,M043,202988.0
2026-02-20,M044,217062.0
2026-02-20,M045,231136.0
2026-02-20,M046,245210.0
2026-02-20,M047,259284.0
2026-02-20,M048,273358.0
2026-02-21,M001,80600.0
2026-02-21,M002,94674.0
2026-02-21,M003,108748.0
2026-02-21,M004,122822.0
2026-02-21,M005,136896.0
2026-02-21,M006,150970.0
2026-02-21,M007,165044.0
2026-02-21,M008,100998.0
2026-02-21,M009,115072.0
2026-02-21,M010,129146.0
2026-02-21,M011,143220.0
2026-02-21,M012,157294.0
2026-02-21,M013,171368.0
2026-02-21,M014,185442.0
2026-02-21,M015,121396.0
2026-02-21,M016,135470.0
2026-02-21,M017,149544.0
2026-02-21,M018,163618.0
2026-02-21,M019,177692.0
2026-02-21,M020,191766.0
2026-02-21,M021,205840.0
2026-02-21,M022,141794.0
2026-02-21,M023,155868.0
2026-02-21,M024,169942.0
2026-02-21,M025,184016.0
2026-02-21,M026,198090.0
2026-02-21,M027,212164.0
2026-02-21,M028,226238.0
2026-02-21,M029,162192.0
2026-02-21,M030,176266.0
2026-02-21,M031,190340.0
2026-02-21,M032,204414.0
2026-02-21,M033,218488.0
2026-02-21,M034,232562.0
2026-02-21,M035,246636.0
2026-02-21,M036,182590.0
2026-02-21,M037,196664.0
2026-02-21,M038,210738.0
2026-02-21,M039,224812.0
2026-02-21,M040,238886.0
2026-02-21,M041,252960.0
2026-02-21,M042,267034.0
2026-02-21,M043,202988.0
2026-02-21,M044,217062.0
2026-02-21,M045,231136.0
2026-02-21,M046,245210.0
2026-02-21,M047,259284.0
2026-02-21,M048,273358.0
2026-02-22,M001,80600.0
2026-02-22,M002,94674.0
2026-02-22,M003,108748.0
2026-02-22,M004,122822.0
2026-02-22,M005,136896.0
2026-02-22,M006,150970.0
2026-02-22,M007,165044.0
2026-02-22,M008,100998.0
2026-02-22,M009,115072.0
2026-02-22,M010,129146.0
2026-02-22,M011,143220.0
2026-02-22,M012,157294.0
2026-02-22,M013,171368.0
2026-02-22,M014,185442.0
2026-02-22,M015,121396.0
2026-02-22,M016,135470.0
2026-02-22,M017,149544.0
2026-02-22,M018,163618.0
2026-02-22,M019,177692.0
2026-02-22,M020,191766.0
2026-02-22,M021,205840.0
2026-02-22,M022,141794.0
2026-02-22,M023,155868.0
2026-02-22,M024,169942.0
2026-02-22,M025,184016.0
2026-02-22,M026,198090.0
2026-02-22,M027,212164.0
2026-02-22,M028,226238.0
2026-02-22,M029,162192.0
2026-02-22,M030,176266.0
2026-02-22,M031,190340.0
2026-02-22,M032,204414.0
2026-02-22,M033,218488.0
2026-02-22,M034,232562.0
2026-02-22,M035,246636.0
2026-02-22,M036,182590.0
2026-02-22,M037,196664.0
2026-02-22,M038,210738.0
2026-02-22,M039,224812.0
2026-02-22,M040,238886.0
2026-02-22,M041,252960.0
2026-02-22,M042,267034.0
2026-02-22,M043,202988.0
2026-02-22,M044,217062.0
2026-02-22,M045,231136.0
2026-02-22,M046,245210.0
2026-02-22,M047,259284.0
2026-02-22,M048,273358.0
2026-02-23,M001,80600.0
2026-02-23,M002,94674.0
2026-02-23,M003,108748.0
2026-02-23,M004,122822.0
2026-02-23,M005,136896.0
2026-02-23,M006,150970.0
2026-02-23,M007,165044.0
2026-02-23,M008,100998.0
2026-02-23,M009,115072.0
2026-02-23,M010,129146.0
2026-02-23,M011,143220.0
2026-02-23,M012,157294.0
2026-02-23,M013,171368.0
2026-02-23,M014,185442.0
2026-02-23,M015,121396.0
2026-02-23,M016,135470.0
2026-02-23,M017,149544.0
2026-02-23,M018,163618.0
2026-02-23,M019,177692.0
2026-02-23,M020,191766.0
2026-02-23,M021,205840.0
2026-02-23,M022,141794.0
2026-02-23,M023,155868.0
2026-02-23,M024,169942.0
2026-02-23,M025,184016.0
2026-02-23,M026,198090.0
2026-02-23,M027,212164.0
2026-02-23,M028,226238.0
2026-02-23,M029,162192.0
2026-02-23,M030,176266.0
2026-02-23,M031,190340.0
2026-02-23,M032,204414.0
2026-02-23,M033,218488.0
2026-02-23,M034,232562.0
2026-02-23,M035,246636.0
2026-02-23,M036,182590.0
2026-02-23,M037,196664.0
2026-02-23,M038,210738.0
2026-02-23,M039,224812.0
2026-02-23,M040,238886.0
2026-02-23,M041,252960.0
2026-02-23,M042,267034.0
2026-02-23,M043,202988.0
2026-02-23,M044,217062.0
2026-02-23,M045,231136.0
2026-02-23,M046,245210.0
2026-02-23,M047,259284.0
2026-02-23,M048,273358.0
2026-02-24,M001,80600.0
2026-02-24,M002,94674.0
2026-02-24,M003,108748.0
2026-02-24,M004,122822.0
2026-02-24,M005,136896.0
2026-02-24,M006,150970.0
2026-02-24,M007,165044.0
2026-02-24,M008,100998.0
2026-02-24,M009,115072.0
2026-02-24,M010,129146.0
2026-02-24,M011,143220.0
2026-02-24,M012,157294.0
2026-02-24,M013,171368.0
2026-02-24,M014,185442.0
2026-02-24,M015,121396.0
2026-02-24,M016,135470.0
2026-02-24,M017,149544.0
2026-02-24,M018,163618.0
2026-02-24,M019,177692.0
2026-02-24,M020,191766.0
2026-02-24,M021,205840.0
2026-02-24,M022,141794.0
2026-02-24,M023,155868.0
2026-02-24,M024,169942.0
2026-02-24,M025,184016.0
2026-02-24,M026,198090.0
2026-02-24,M027,212164.0
2026-02-24,M028,226238.0
2026-02-24,M029,162192.0
2026-02-24,M030,176266.0
2026-02-24,M031,190340.0
2026-02-24,M032,204414.0
2026-02-24,M033,218488.0
2026-02-24,M034,232562.0
2026-02-24,M035,246636.0
2026-02-24,M036,182590.0
2026-02-24,M037,196664.0
2026-02-24,M038,210738.0
2026-02-24,M039,224812.0
2026-02-24,M040,238886.0
2026-02-24,M041,252960.0
2026-02-24,M042,267034.0
2026-02-24,M043,202988.0
2026-02-24,M044,217062.0
2026-02-24,M045,231136.0
2026-02-24,M046,245210.0
2026-02-24,M047,259284.0
2026-02-24,M048,273358.0
2026-02-25,M001,80600.0
2026-02-25,M002,94674.0
2026-02-25,M003,108748.0
2026-02-25,M004,122822.0
2026-02-25,M005,136896.0
2026-02-25,M006,150970.0
2026-02-25,M007,165044.0
2026-02-25,M008,100998.0
2026-02-25,M009,115072.0
2026-02-25,M010,129146.0
2026-02-25,M011,143220.0
2026-02-25,M012,157294.0
2026-02-25,M013,171368.0
2026-02-25,M014,185442.0
2026-02-25,M015,121396.0
2026-02-25,M016,135470.0
2026-02-25,M017,149544.0
2026-02-25,M018,163618.0
2026-02-25,M019,177692.0
2026-02-25,M020,191766.0
2026-02-25,M021,205840.0
2026-02-25,M022,141794.0
2026-02-25,M023,155868.0
2026-02-25,M024,169942.0
2026-02-25,M025,184016.0
2026-02-25,M026,198090.0
2026-02-25,M027,212164.0
2026-02-25,M028,226238.0
2026-02-25,M029,162192.0
2026-02-25,M030,176266.0
2026-02-25,M031,190340.0
2026-02-25,M032,204414.0
2026-02-25,M033,218488.0
2026-02-25,M034,232562.0
2026-02-25,M035,246636.0
2026-02-25,M036,182590.0
2026-02-25,M037,196664.0
2026-02-25,M038,210738.0
2026-02-25,M039,224812.0
2026-02-25,M040,238886.0
2026-02-25,M041,252960.0
2026-02-25,M042,267034.0
2026-02-25,M043,202988.0
2026-02-25,M044,217062.0
2026-02-25,M045,231136.0
2026-02-25,M046,245210.0
2026-02-25,M047,259284.0
2026-02-25,M048,273358.0
2026-02-26,M001,80600.0
2026-02-26,M002,94674.0
2026-02-26,M003,108748.0
2026-02-26,M004,122822.0
2026-02-26,M005,136896.0
2026-02-26,M006,150970.0
2026-02-26,M007,165044.0
2026-02-26,M008,100998.0
2026-02-26,M009,115072.0
2026-02-26,M010,129146.0
2026-02-26,M011,143220.0
2026-02-26,M012,157294.0
2026-02-26,M013,171368.0
2026-02-26,M014,185442.0
2026-02-26,M015,121396.0
2026-02-26,M016,135470.0
2026-02-26,M017,149544.0
2026-02-26,M018,163618.0
2026-02-26,M019,177692.0
2026-02-26,M020,191766.0
2026-02-26,M021,205840.0
2026-02-26,M022,141794.0
2026-02-26,M023,155868.0
2026-02-26,M024,169942.0
2026-02-26,M025,184016.0
2026-02-26,M026,198090.0
2026-02-26,M027,212164.0
2026-02-26,M028,226238.0
2026-02-26,M029,162192.0
2026-02-26,M030,176266.0
2026-02-26,M031,190340.0
2026-02-26,M032,204414.0
2026-02-26,M033,218488.0
2026-02-26,M034,232562.0
2026-02-26,M035,246636.0
2026-02-26,M036,182590.0
2026-02-26,M037,196664.0
2026-02-26,M038,210738.0
2026-02-26,M039,224812.0
2026-02-26,M040,238886.0
2026-02-26,M041,252960.0
2026-02-26,M042,267034.0
2026-02-26,M043,202988.0
2026-02-26,M044,217062.0
2026-02-26,M045,231136.0
2026-02-26,M046,245210.0
2026-02-26,M047,259284.0
2026-02-26,M048,273358.0
2026-02-27,M001,80600.0
2026-02-27,M002,94674.0
2026-02-27,M003,108748.0
2026-02-27,M004,122822.0
2026-02-27,M005,136896.0
2026-02-27,M006,150970.0
2026-02-27,M007,165044.0
2026-02-27,M008,100998.0
2026-02-27,M009,115072.0
2026-02-27,M010,129146.0
2026-02-27,M011,143220.0
2026-02-27,M012,157294.0
2026-02-27,M013,171368.0
2026-02-27,M014,185442.0
2026-02-27,M015,121396.0
2026-02-27,M016,135470.0
2026-02-27,M017,149544.0
2026-02-27,M018,163618.0
2026-02-27,M019,177692.0
2026-02-27,M020,191766.0
2026-02-27,M021,205840.0
2026-02-27,M022,141794.0
2026-02-27,M023,155868.0
2026-02-27,M024,169942.0
2026-02-27,M025,184016.0
2026-02-27,M026,198090.0
2026-02-27,M027,212164.0
2026-02-27,M028,226238.0
2026-02-27,M029,162192.0
2026-02-27,M030,176266.0
2026-02-27,M031,190340.0
2026-02-27,M032,204414.0
2026-02-27,M033,218488.0
2026-02-27,M034,232562.0
2026-02-27,M035,246636.0
2026-02-27,M036,182590.0
2026-02-27,M037,196664.0
2026-02-27,M038,210738.0
2026-02-27,M039,224812.0
2026-02-27,M040,238886.0
2026-02-27,M041,252960.0
2026-02-27,M042,267034.0
2026-02-27,M043,202988.0
2026-02-27,M044,217062.0
2026-02-27,M045,231136.0
2026-02-27,M046,245210.0
2026-02-27,M047,259284.0
2026-02-27,M048,273358.0
2026-02-28,M001,80600.0
2026-02-28,M002,94674.0
2026-02-28,M003,108748.0
2026-02-28,M004,122822.0
2026-02-28,M005,136896.0
2026-02-28,M006,150970.0
2026-02-28,M007,165044.0
2026-02-28,M008,100998.0
2026-02-28,M009,115072.0
2026-02-28,M010,129146.0
2026-02-28,M011,143220.0
2026-02-28,M012,157294.0
2026-02-28,M013,171368.0
2026-02-28,M014,185442.0
2026-02-28,M015,121396.0
2026-02-28,M016,135470.0
2026-02-28,M017,149544.0
2026-02-28,M018,163618.0
2026-02-28,M019,177692.0
2026-02-28,M020,191766.0
2026-02-28,M021,205840.0
2026-02-28,M022,141794.0
2026-02-28,M023,155868.0
2026-02-28,M024,169942.0
2026-02-28,M025,184016.0
2026-02-28,M026,198090.0
2026-02-28,M027,212164.0
2026-02-28,M028,226238.0
2026-02-28,M029,162192.0
2026-02-28,M030,176266.0
2026-02-28,M031,190340.0
2026-02-28,M032,204414.0
2026-02-28,M033,218488.0
2026-02-28,M034,232562.0
2026-02-28,M035,246636.0
2026-02-28,M036,182590.0
2026-02-28,M037,196664.0
2026-02-28,M038,210738.0
2026-02-28,M039,224812.0
2026-02-28,M040,238886.0
2026-02-28,M041,252960.0
2026-02-28,M042,267034.0
2026-02-28,M043,202988.0
2026-02-28,M044,217062.0
2026-02-28,M045,231136.0
2026-02-28,M046,245210.0
2026-02-28,M047,259284.0
2026-02-28,M048,273358.0
2026-03-01,M001,80600.0
2026-03-01,M002,94674.0
2026-03-01,M003,108748.0
2026-03-01,M004,122822.0
2026-03-01,M005,136896.0
2026-03-01,M006,150970.0
2026-03-01,M007,165044.0
2026-03-01,M008,100998.0
2026-03-01,M009,115072.0
2026-03-01,M010,129146.0
2026-03-01,M011,143220.0
2026-03-01,M012,157294.0
2026-03-01,M013,171368.0
2026-03-01,M014,185442.0
2026-03-01,M015,121396.0
2026-03-01,M016,135470.0
2026-03-01,M017,149544.0
2026-03-01,M018,163618.0
2026-03-01,M019,177692.0
2026-03-01,M020,191766.0
2026-03-01,M021,205840.0
2026-03-01,M022,141794.0
2026-03-01,M023,155868.0
2026-03-01,M024,169942.0
2026-03-01,M025,184016.0
2026-03-01,M026,198090.0
2026-03-01,M027,212164.0
2026-03-01,M028,226238.0
2026-03-01,M029,162192.0
2026-03-01,M030,176266.0
2026-03-01,M031,190340.0
2026-03-01,M032,204414.0
2026-03-01,M033,218488.0
2026-03-01,M034,232562.0
2026-03-01,M035,246636.0
2026-03-01,M036,182590.0
2026-03-01,M037,196664.0
2026-03-01,M038,210738.0
2026-03-01,M039,224812.0
2026-03-01,M040,238886.0
2026-03-01,M041,252960.0
2026-03-01,M042,267034.0
2026-03-01,M043,202988.0
2026-03-01,M044,217062.0
2026-03-01,M045,231136.0
2026-03-01,M046,245210.0
2026-03-01,M047,259284.0
2026-03-01,M048,273358.0
2026-03-02,M001,80600.0
2026-03-02,M002,94674.0
2026-03-02,M003,108748.0
2026-03-02,M004,122822.0
2026-03-02,M005,136896.0
2026-03-02,M006,150970.0
2026-03-02,M007,165044.0
2026-03-02,M008,100998.0
2026-03-02,M009,115072.0
2026-03-02,M010,129146.0
2026-03-02,M011,143220.0
2026-03-02,M012,157294.0
2026-03-02,M013,171368.0
2026-03-02,M014,185442.0
2026-03-02,M015,121396.0
2026-03-02,M016,135470.0
2026-03-02,M017,149544.0
2026-03-02,M018,163618.0
2026-03-02,M019,177692.0
2026-03-02,M020,191766.0
2026-03-02,M021,205840.0
2026-03-02,M022,141794.0
2026-03-02,M023,155868.0
2026-03-02,M024,169942.0
2026-03-02,M025,184016.0
2026-03-02,M026,198090.0
2026-03-02,M027,212164.0
2026-03-02,M028,226238.0
2026-03-02,M029,162192.0
2026-03-02,M030,176266.0
2026-03-02,M031,190340.0
2026-03-02,M032,204414.0
2026-03-02,M033,218488.0
2026-03-02,M034,232562.0
2026-03-02,M035,246636.0
2026-03-02,M036,182590.0
2026-03-02,M037,196664.0
2026-03-02,M038,210738.0
2026-03-02,M039,224812.0
2026-03-02,M040,238886.0
2026-03-02,M041,252960.0
2026-03-02,M042,267034.0
2026-03-02,M043,202988.0
2026-03-02,M044,217062.0
2026-03-02,M045,231136.0
2026-03-02,M046,245210.0
2026-03-02,M047,259284.0
2026-03-02,M048,273358.0
2026-03-03,M001,80600.0
2026-03-03,M002,94674.0
2026-03-03,M003,108748.0
2026-03-03,M004,122822.0
2026-03-03,M005,136896.0
2026-03-03,M006,150970.0
2026-03-03,M007,165044.0
2026-03-03,M008,100998.0
2026-03-03,M009,115072.0
2026-03-03,M010,129146.0
2026-03-03,M011,143220.0
2026-03-03,M012,157294.0
2026-03-03,M013,171368.0
2026-03-03,M014,185442.0
2026-03-03,M015,121396.0
2026-03-03,M016,135470.0
2026-03-03,M017,149544.0
2026-03-03,M018,163618.0
2026-03-03,M019,177692.0
2026-03-03,M020,191766.0
2026-03-03,M021,205840.0
2026-03-03,M022,141794.0
2026-03-03,M023,155868.0
2026-03-03,M024,169942.0
2026-03-03,M025,184016.0
2026-03-03,M026,198090.0
2026-03-03,M027,212164.0
2026-03-03,M028,226238.0
2026-03-03,M029,162192.0
2026-03-03,M030,176266.0
2026-03-03,M031,190340.0
2026-03-03,M032,204414.0
2026-03-03,M033,218488.0
2026-03-03,M034,232562.0
2026-03-03,M035,246636.0
2026-03-03,M036,182590.0
2026-03-03,M037,196664.0
2026-03-03,M038,210738.0
2026-03-03,M039,224812.0
2026-03-03,M040,238886.0
2026-03-03,M041,252960.0
2026-03-03,M042,267034.0
2026-03-03,M043,202988.0
2026-03-03,M044,217062.0
2026-03-03,M045,231136.0
2026-03-03,M046,245210.0
2026-03-03,M047,259284.0
2026-03-03,M048,273358.0
2026-03-04,M001,80600.0
2026-03-04,M002,94674.0
2026-03-04,M003,108748.0
2026-03-04,M004,122822.0
2026-03-04,M005,136896.0
2026-03-04,M006,150970.0
2026-03-04,M007,165044.0
2026-03-04,M008,100998.0
2026-03-04,M009,115072.0
2026-03-04,M010,129146.0
2026-03-04,M011,143220.0
2026-03-04,M012,157294.0
2026-03-04,M013,171368.0
2026-03-04,M014,185442.0
2026-03-04,M015,121396.0
2026-03-04,M016,135470.0
2026-03-04,M017,149544.0
2026-03-04,M018,163618.0
2026-03-04,M019,177692.0
2026-03-04,M020,191766.0
2026-03-04,M021,205840.0
2026-03-04,M022,141794.0
2026-03-04,M023,155868.0
2026-03-04,M024,169942.0
2026-03-04,M025,184016.0
2026-03-04,M026,198090.0
2026-03-04,M027,212164.0
2026-03-04,M028,226238.0
2026-03-04,M029,162192.0
2026-03-04,M030,176266.0
2026-03-04,M031,190340.0
2026-03-04,M032,204414.0
2026-03-04,M033,218488.0
2026-03-04,M034,232562.0
2026-03-04,M035,246636.0
2026-03-04,M036,182590.0
2026-03-04,M037,196664.0
2026-03-04,M038,210738.0
2026-03-04,M039,224812.0
2026-03-04,M040,238886.0
2026-03-04,M041,252960.0
2026-03-04,M042,267034.0
2026-03-04,M043,202988.0
2026-03-04,M044,217062.0
2026-03-04,M045,231136.0
2026-03-04,M046,245210.0
2026-03-04,M047,259284.0
2026-03-04,M048,273358.0
2026-03-05,M001,80600.0
2026-03-05,M002,94674.0
2026-03-05,M003,108748.0
2026-03-05,M004,122822.0
2026-03-05,M005,136896.0
2026-03-05,M006,150970.0
2026-03-05,M007,165044.0
2026-03-05,M008,100998.0
2026-03-05,M009,115072.0
2026-03-05,M010,129146.0
2026-03-05,M011,143220.0
2026-03-05,M012,157294.0
2026-03-05,M013,171368.0
2026-03-05,M014,185442.0
2026-03-05,M015,121396.0
2026-03-05,M016,135470.0
2026-03-05,M017,149544.0
2026-03-05,M018,163618.0
2026-03-05,M019,177692.0
2026-03-05,M020,191766.0
2026-03-05,M021,205840.0
2026-03-05,M022,141794.0
2026-03-05,M023,155868.0
2026-03-05,M024,169942.0
2026-03-05,M025,184016.0
2026-03-05,M026,198090.0
2026-03-05,M027,212164.0
2026-03-05,M028,226238.0
2026-03-05,M029,162192.0
2026-03-05,M030,176266.0
2026-03-05,M031,190340.0
2026-03-05,M032,204414.0
2026-03-05,M033,218488.0
2026-03-05,M034,232562.0
2026-03-05,M035,246636.0
2026-03-05,M036,182590.0
2026-03-05,M037,196664.0
2026-03-05,M038,210738.0
2026-03-05,M039,224812.0
2026-03-05,M040,238886.0
2026-03-05,M041,252960.0
2026-03-05,M042,267034.0
2026-03-05,M043,202988.0
2026-03-05,M044,217062.0
2026-03-05,M045,231136.0
2026-03-05,M046,245210.0
2026-03-05,M047,259284.0
2026-03-05,M048,273358.0
2026-03-06,M001,80600.0
2026-03-06,M002,94674.0
2026-03-06,M003,108748.0
2026-03-06,M004,122822.0
2026-03-06,M005,136896.0
2026-03-06,M006,150970.0
2026-03-06,M007,165044.0
2026-03-06,M008,100998.0
2026-03-06,M009,115072.0
2026-03-06,M010,129146.0
2026-03-06,M011,143220.0
2026-03-06,M012,157294.0
2026-03-06,M013,171368.0
2026-03-06,M014,185442.0
2026-03-06,M015,121396.0
2026-03-06,M016,135470.0
2026-03-06,M017,149544.0
2026-03-06,M018,163618.0
2026-03-06,M019,177692.0
2026-03-06,M020,191766.0
2026-03-06,M021,205840.0
2026-03-06,M022,141794.0
2026-03-06,M023,155868.0
2026-03-06,M024,169942.0
2026-03-06,M025,184016.0
2026-03-06,M026,198090.0
2026-03-06,M027,212164.0
2026-03-06,M028,226238.0
2026-03-06,M029,162192.0
2026-03-06,M030,176266.0
2026-03-06,M031,190340.0
2026-03-06,M032,204414.0
2026-03-06,M033,218488.0
2026-03-06,M034,232562.0
2026-03-06,M035,246636.0
2026-03-06,M036,182590.0
2026-03-06,M037,196664.0
2026-03-06,M038,210738.0
2026-03-06,M039,224812.0
2026-03-06,M040,238886.0
2026-03-06,M041,252960.0
2026-03-06,M042,267034.0
2026-03-06,M043,202988.0
2026-03-06,M044,217062.0
2026-03-06,M045,231136.0
2026-03-06,M046,245210.0
2026-03-06,M047,259284.0
2026-03-06,M048,273358.0
2026-03-07,M001,80600.0
2026-03-07,M002,94674.0
2026-03-07,M003,108748.0
2026-03-07,M004,122822.0
2026-03-07,M005,136896.0
2026-03-07,M006,150970.0
2026-03-07,M007,165044.0
2026-03-07,M008,100998.0
2026-03-07,M009,115072.0
2026-03-07,M010,129146.0
2026-03-07,M011,143220.0
2026-03-07,M012,157294.0
2026-03-07,M013,171368.0
2026-03-07,M014,185442.0
2026-03-07,M015,121396.0
2026-03-07,M016,135470.0
2026-03-07,M017,149544.0
2026-03-07,M018,163618.0
2026-03-07,M019,177692.0
2026-03-07,M020,191766.0
2026-03-07,M021,205840.0
2026-03-07,M022,141794.0
2026-03-07,M023,155868.0
2026-03-07,M024,169942.0
2026-03-07,M025,184016.0
2026-03-07,M026,198090.0
2026-03-07,M027,212164.0
2026-03-07,M028,226238.0
2026-03-07,M029,162192.0
2026-03-07,M030,176266.0
2026-03-07,M031,190340.0
2026-03-07,M032,204414.0
2026-03-07,M033,218488.0
2026-03-07,M034,232562.0
2026-03-07,M035,246636.0
2026-03-07,M036,182590.0
2026-03-07,M037,196664.0
2026-03-07,M038,210738.0
2026-03-07,M039,224812.0
2026-03-07,M040,238886.0
2026-03-07,M041,252960.0
2026-03-07,M042,267034.0
2026-03-07,M043,202988.0
2026-03-07,M044,217062.0
2026-03-07,M045,231136.0
2026-03-07,M046,245210.0
2026-03-07,M047,259284.0
2026-03-07,M048,273358.0
2026-03-08,M001,80600.0
2026-03-08,M002,94674.0
2026-03-08,M003,108748.0
2026-03-08,M004,122822.0
2026-03-08,M005,136896.0
2026-03-08,M006,150970.0
2026-03-08,M007,165044.0
2026-03-08,M008,100998.0
2026-03-08,M009,115072.0
2026-03-08,M010,129146.0
2026-03-08,M011,143220.0
2026-03-08,M012,157294.0
2026-03-08,M013,171368.0
2026-03-08,M014,185442.0
2026-03-08,M015,121396.0
2026-03-08,M016,135470.0
2026-03-08,M017,149544.0
2026-03-08,M018,163618.0
2026-03-08,M019,177692.0
2026-03-08,M020,191766.0
2026-03-08,M021,205840.0
2026-03-08,M022,141794.0
2026-03-08,M023,155868.0
2026-03-08,M024,169942.0
2026-03-08,M025,184016.0
2026-03-08,M026,198090.0
2026-03-08,M027,212164.0
2026-03-08,M028,226238.0
2026-03-08,M029,162192.0
2026-03-08,M030,176266.0
2026-03-08,M031,190340.0
2026-03-08,M032,204414.0
2026-03-08,M033,218488.0
2026-03-08,M034,232562.0
2026-03-08,M035,246636.0
2026-03-08,M036,182590.0
2026-03-08,M037,196664.0
2026-03-08,M038,210738.0
2026-03-08,M039,224812.0
2026-03-08,M040,238886.0
2026-03-08,M041,252960.0
2026-03-08,M042,267034.0
2026-03-08,M043,202988.0
2026-03-08,M044,217062.0
2026-03-08,M045,231136.0
2026-03-08,M046,245210.0
2026-03-08,M047,259284.0
2026-03-08,M048,273358.0
2026-03-09,M001,80600.0
2026-03-09,M002,94674.0
2026-03-09,M003,108748.0
2026-03-09,M004,122822.0
2026-03-09,M005,136896.0
2026-03-09,M006,150970.0
2026-03-09,M007,165044.0
2026-03-09,M008,100998.0
2026-03-09,M009,115072.0
2026-03-09,M010,129146.0
2026-03-09,M011,143220.0
2026-03-09,M012,157294.0
2026-03-09,M013,171368.0
2026-03-09,M014,185442.0
2026-03-09,M015,121396.0
2026-03-09,M016,135470.0
2026-03-09,M017,149544.0
2026-03-09,M018,163618.0
2026-03-09,M019,177692.0
2026-03-09,M020,191766.0
2026-03-09,M021,205840.0
2026-03-09,M022,141794.0
2026-03-09,M023,155868.0
2026-03-09,M024,169942.0
2026-03-09,M025,184016.0
2026-03-09,M026,198090.0
2026-03-09,M027,212164.0
2026-03-09,M028,226238.0
2026-03-09,M029,162192.0
2026-03-09,M030,176266.0
2026-03-09,M031,190340.0
2026-03-09,M032,204414.0
2026-03-09,M033,218488.0
2026-03-09,M034,232562.0
2026-03-09,M035,246636.0
2026-03-09,M036,182590.0
2026-03-09,M037,196664.0
2026-03-09,M038,210738.0
2026-03-09,M039,224812.0
2026-03-09,M040,238886.0
2026-03-09,M041,252960.0
2026-03-09,M042,267034.0
2026-03-09,M043,202988.0
2026-03-09,M044,217062.0
2026-03-09,M045,231136.0
2026-03-09,M046,245210.0
2026-03-09,M047,259284.0
2026-03-09,M048,273358.0
2026-03-10,M001,80600.0
2026-03-10,M002,94674.0
2026-03-10,M003,108748.0
2026-03-10,M004,122822.0
2026-03-10,M005,136896.0
2026-03-10,M006,150970.0
2026-03-10,M007,165044.0
2026-03-10,M008,100998.0
2026-03-10,M009,115072.0
2026-03-10,M010,129146.0
2026-03-10,M011,143220.0
2026-03-10,M012,157294.0
2026-03-10,M013,171368.0
2026-03-10,M014,185442.0
2026-03-10,M015,121396.0
2026-03-10,M016,135470.0
2026-03-10,M017,149544.0
2026-03-10,M018,163618.0
2026-03-10,M019,177692.0
2026-03-10,M020,191766.0
2026-03-10,M021,205840.0
2026-03-10,M022,141794.0
2026-03-10,M023,155868.0
2026-03-10,M024,169942.0
2026-03-10,M025,184016.0
2026-03-10,M026,198090.0
2026-03-10,M027,212164.0
2026-03-10,M028,226238.0
2026-03-10,M029,162192.0
2026-03-10,M030,176266.0
2026-03-10,M031,190340.0
2026-03-10,M032,204414.0
2026-03-10,M033,218488.0
2026-03-10,M034,232562.0
2026-03-10,M035,246636.0
2026-03-10,M036,182590.0
2026-03-10,M037,196664.0
2026-03-10,M038,210738.0
2026-03-10,M039,224812.0
2026-03-10,M040,238886.0
2026-03-10,M041,252960.0
2026-03-10,M042,267034.0
2026-03-10,M043,202988.0
2026-03-10,M044,217062.0
2026-03-10,M045,231136.0
2026-03-10,M046,245210.0
2026-03-10,M047,259284.0
2026-03-10,M048,273358.0
2026-03-11,M001,80600.0
2026-03-11,M002,94674.0
2026-03-11,M003,108748.0
2026-03-11,M004,122822.0
2026-03-11,M005,136896.0
2026-03-11,M006,150970.0
2026-03-11,M007,165044.0
2026-03-11,M008,100998.0
2026-03-11,M009,115072.0
2026-03-11,M010,129146.0
2026-03-11,M011,143220.0
2026-03-11,M012,157294.0
2026-03-11,M013,171368.0
2026-03-11,M014,185442.0
2026-03-11,M015,121396.0
2026-03-11,M016,135470.0
2026-03-11,M017,149544.0
2026-03-11,M018,163618.0
2026-03-11,M019,177692.0
2026-03-11,M020,191766.0
2026-03-11,M021,205840.0
2026-03-11,M022,141794.0
2026-03-11,M023,155868.0
2026-03-11,M024,169942.0
2026-03-11,M025,184016.0
2026-03-11,M026,198090.0
2026-03-11,M027,212164.0
2026-03-11,M028,226238.0
2026-03-11,M029,162192.0
2026-03-11,M030,176266.0
2026-03-11,M031,190340.0
2026-03-11,M032,204414.0
2026-03-11,M033,218488.0
2026-03-11,M034,232562.0
2026-03-11,M035,246636.0
2026-03-11,M036,182590.0
2026-03-11,M037,196664.0
2026-03-11,M038,210738.0
2026-03-11,M039,224812.0
2026-03-11,M040,238886.0
2026-03-11,M041,252960.0
2026-03-11,M042,267034.0
2026-03-11,M043,202988.0
2026-03-11,M044,217062.0
2026-03-11,M045,231136.0
2026-03-11,M046,245210.0
2026-03-11,M047,259284.0
2026-03-11,M048,273358.0
2026-03-12,M001,80600.0
2026-03-12,M002,94674.0
2026-03-12,M003,108748.0
2026-03-12,M004,122822.0
2026-03-12,M005,136896.0
2026-03-12,M006,150970.0
2026-03-12,M007,165044.0
2026-03-12,M008,100998.0
2026-03-12,M009,115072.0
2026-03-12,M010,129146.0
2026-03-12,M011,143220.0
2026-03-12,M012,157294.0
2026-03-12,M013,171368.0
2026-03-12,M014,185442.0
2026-03-12,M015,121396.0
2026-03-12,M016,135470.0
2026-03-12,M017,149544.0
2026-03-12,M018,163618.0
2026-03-12,M019,177692.0
2026-03-12,M020,191766.0
2026-03-12,M021,205840.0
2026-03-12,M022,141794.0
2026-03-12,M023,155868.0
2026-03-12,M024,169942.0
2026-03-12,M025,184016.0
2026-03-12,M026,198090.0
2026-03-12,M027,212164.0
2026-03-12,M028,226238.0
2026-03-12,M029,162192.0
2026-03-12,M030,176266.0
2026-03-12,M031,190340.0
2026-03-12,M032,204414.0
2026-03-12,M033,218488.0
2026-03-12,M034,232562.0
2026-03-12,M035,246636.0
2026-03-12,M036,182590.0
2026-03-12,M037,196664.0
2026-03-12,M038,210738.0
2026-03-12,M039,224812.0
2026-03-12,M040,238886.0
2026-03-12,M041,252960.0
2026-03-12,M042,267034.0
2026-03-12,M043,202988.0
2026-03-12,M044,217062.0
2026-03-12,M045,231136.0
2026-03-12,M046,245210.0
2026-03-12,M047,259284.0
2026-03-12,M048,273358.0
2026-03-13,M001,80600.0
2026-03-13,M002,94674.0
2026-03-13,M003,108748.0
2026-03-13,M004,122822.0
2026-03-13,M005,136896.0
2026-03-13,M006,150970.0
2026-03-13,M007,165044.0
2026-03-13,M008,100998.0
2026-03-13,M009,115072.0
2026-03-13,M010,129146.0
2026-03-13,M011,143220.0
2026-03-13,M012,157294.0
2026-03-13,M013,171368.0
2026-03-13,M014,185442.0
2026-03-13,M015,121396.0
2026-03-13,M016,135470.0
2026-03-13,M017,149544.0
2026-03-13,M018,163618.0
2026-03-13,M019,177692.0
2026-03-13,M020,191766.0
2026-03-13,M021,205840.0
2026-03-13,M022,141794.0
2026-03-13,M023,155868.0
2026-03-13,M024,169942.0
2026-03-13,M025,184016.0
2026-03-13,M026,198090.0
2026-03-13,M027,212164.0
2026-03-13,M028,226238.0
2026-03-13,M029,162192.0
2026-03-13,M030,176266.0
2026-03-13,M031,190340.0
2026-03-13,M032,204414.0
2026-03-13,M033,218488.0
2026-03-13,M034,232562.0
2026-03-13,M035,246636.0
2026-03-13,M036,182590.0
2026-03-13,M037,196664.0
2026-03-13,M038,210738.0
2026-03-13,M039,224812.0
2026-03-13,M040,238886.0
2026-03-13,M041,252960.0
2026-03-13,M042,267034.0
2026-03-13,M043,202988.0
2026-03-13,M044,217062.0
2026-03-13,M045,231136.0
2026-03-13,M046,245210.0
2026-03-13,M047,259284.0
2026-03-13,M048,273358.0
2026-03-14,M001,80600.0
2026-03-14,M002,94674.0
2026-03-14,M003,108748.0
2026-03-14,M004,122822.0
2026-03-14,M005,136896.0
2026-03-14,M006,150970.0
2026-03-14,M007,165044.0
2026-03-14,M008,100998.0
2026-03-14,M009,115072.0
2026-03-14,M010,129146.0
2026-03-14,M011,143220.0
2026-03-14,M012,157294.0
2026-03-14,M013,171368.0
2026-03-14,M014,185442.0
2026-03-14,M015,121396.0
2026-03-14,M016,135470.0
2026-03-14,M017,149544.0
2026-03-14,M018,163618.0
2026-03-14,M019,177692.0
2026-03-14,M020,191766.0
2026-03-14,M021,205840.0
2026-03-14,M022,141794.0
2026-03-14,M023,155868.0
2026-03-14,M024,169942.0
2026-03-14,M025,184016.0
2026-03-14,M026,198090.0
2026-03-14,M027,212164.0
2026-03-14,M028,226238.0
2026-03-14,M029,162192.0
2026-03-14,M030,176266.0
2026-03-14,M031,190340.0
2026-03-14,M032,204414.0
2026-03-14,M033,218488.0
2026-03-14,M034,232562.0
2026-03-14,M035,246636.0
2026-03-14,M036,182590.0
2026-03-14,M037,196664.0
2026-03-14,M038,210738.0
2026-03-14,M039,224812.0
2026-03-14,M040,238886.0
2026-03-14,M041,252960.0
2026-03-14,M042,267034.0
2026-03-14,M043,202988.0
2026-03-14,M044,217062.0
2026-03-14,M045,231136.0
2026-03-14,M046,245210.0
2026-03-14,M047,259284.0
2026-03-14,M048,273358.0
2026-03-15,M001,80600.0
2026-03-15,M002,94674.0
2026-03-15,M003,108748.0
2026-03-15,M004,122822.0
2026-03-15,M005,136896.0
2026-03-15,M006,150970.0
2026-03-15,M007,165044.0
2026-03-15,M008,100998.0
2026-03-15,M009,115072.0
2026-03-15,M010,129146.0
2026-03-15,M011,143220.0
2026-03-15,M012,157294.0
2026-03-15,M013,171368.0
2026-03-15,M014,185442.0
2026-03-15,M015,121396.0
2026-03-15,M016,135470.0
2026-03-15,M017,149544.0
2026-03-15,M018,163618.0
2026-03-15,M019,177692.0
2026-03-15,M020,191766.0
2026-03-15,M021,205840.0
2026-03-15,M022,141794.0
2026-03-15,M023,155868.0
2026-03-15,M024,169942.0
2026-03-15,M025,184016.0
2026-03-15,M026,198090.0
2026-03-15,M027,212164.0
2026-03-15,M028,226238.0
2026-03-15,M029,162192.0
2026-03-15,M030,176266.0
2026-03-15,M031,190340.0
2026-03-15,M032,204414.0
2026-03-15,M033,218488.0
2026-03-15,M034,232562.0
2026-03-15,M035,246636.0
2026-03-15,M036,182590.0
2026-03-15,M037,196664.0
2026-03-15,M038,210738.0
2026-03-15,M039,224812.0
2026-03-15,M040,238886.0
2026-03-15,M041,252960.0
2026-03-15,M042,267034.0
2026-03-15,M043,202988.0
2026-03-15,M044,217062.0
2026-03-15,M045,231136.0
2026-03-15,M046,245210.0
2026-03-15,M047,259284.0
2026-03-15,M048,273358.0
2026-03-16,M001,80600.0
2026-03-16,M002,94674.0
2026-03-16,M003,108748.0
2026-03-16,M004,122822.0
2026-03-16,M005,136896.0
2026-03-16,M006,150970.0
2026-03-16,M007,165044.0
2026-03-16,M008,100998.0
2026-03-16,M009,115072.0
2026-03-16,M010,129146.0
2026-03-16,M011,143220.0
2026-03-16,M012,157294.0
2026-03-16,M013,171368.0
2026-03-16,M014,185442.0
2026-03-16,M015,121396.0
2026-03-16,M016,135470.0
2026-03-16,M017,149544.0
2026-03-16,M018,163618.0
2026-03-16,M019,177692.0
2026-03-16,M020,191766.0
2026-03-16,M021,205840.0
2026-03-16,M022,141794.0
2026-03-16,M023,155868.0
2026-03-16,M024,169942.0
2026-03-16,M025,184016.0
2026-03-16,M026,198090.0
2026-03-16,M027,212164.0
2026-03-16,M028,226238.0
2026-03-16,M029,162192.0
2026-03-16,M030,176266.0
2026-03-16,M031,190340.0
2026-03-16,M032,204414.0
2026-03-16,M033,218488.0
2026-03-16,M034,232562.0
2026-03-16,M035,246636.0
2026-03-16,M036,182590.0
2026-03-16,M037,196664.0
2026-03-16,M038,210738.0
2026-03-16,M039,224812.0
2026-03-16,M040,238886.0
2026-03-16,M041,252960.0
2026-03-16,M042,267034.0
2026-03-16,M043,202988.0
2026-03-16,M044,217062.0
2026-03-16,M045,231136.0
2026-03-16,M046,245210.0
2026-03-16,M047,259284.0
2026-03-16,M048,273358.0
2026-03-17,M001,80600.0
2026-03-17,M002,94674.0
2026-03-17,M003,108748.0
2026-03-17,M004,122822.0
2026-03-17,M005,136896.0
2026-03-17,M006,150970.0
2026-03-17,M007,165044.0
2026-03-17,M008,100998.0
2026-03-17,M009,115072.0
2026-03-17,M010,129146.0
2026-03-17,M011,143220.0
2026-03-17,M012,157294.0
2026-03-17,M013,171368.0
2026-03-17,M014,185442.0
2026-03-17,M015,121396.0
2026-03-17,M016,135470.0
2026-03-17,M017,149544.0
2026-03-17,M018,163618.0
2026-03-17,M019,177692.0
2026-03-17,M020,191766.0
2026-03-17,M021,205840.0
2026-03-17,M022,141794.0
2026-03-17,M023,155868.0
2026-03-17,M024,169942.0
2026-03-17,M025,184016.0
2026-03-17,M026,198090.0
2026-03-17,M027,212164.0
2026-03-17,M028,226238.0
2026-03-17,M029,162192.0
2026-03-17,M030,176266.0
2026-03-17,M031,190340.0
2026-03-17,M032,204414.0
2026-03-17,M033,218488.0
2026-03-17,M034,232562.0
2026-03-17,M035,246636.0
2026-03-17,M036,182590.0
2026-03-17,M037,196664.0
2026-03-17,M038,210738.0
2026-03-17,M039,224812.0
2026-03-17,M040,238886.0
2026-03-17,M041,252960.0
2026-03-17,M042,267034.0
2026-03-17,M043,202988.0
2026-03-17,M044,217062.0
2026-03-17,M045,231136.0
2026-03-17,M046,245210.0
2026-03-17,M047,259284.0
2026-03-17,M048,273358.0
2026-03-18,M001,80600.0
2026-03-18,M002,94674.0
2026-03-18,M003,108748.0
2026-03-18,M004,122822.0
2026-03-18,M005,136896.0
2026-03-18,M006,150970.0
2026-03-18,M007,165044.0
2026-03-18,M008,100998.0
2026-03-18,M009,115072.0
2026-03-18,M010,129146.0
2026-03-18,M011,143220.0
2026-03-18,M012,157294.0
2026-03-18,M013,171368.0
2026-03-18,M014,185442.0
2026-03-18,M015,121396.0
2026-03-18,M016,135470.0
2026-03-18,M017,149544.0
2026-03-18,M018,163618.0
2026-03-18,M019,177692.0
2026-03-18,M020,191766.0
2026-03-18,M021,205840.0
2026-03-18,M022,141794.0
2026-03-18,M023,155868.0
2026-03-18,M024,169942.0
2026-03-18,M025,184016.0
2026-03-18,M026,198090.0
2026-03-18,M027,212164.0
2026-03-18,M028,226238.0
2026-03-18,M029,162192.0
2026-03-18,M030,176266.0
2026-03-18,M031,190340.0
2026-03-18,M032,204414.0
2026-03-18,M033,218488.0
2026-03-18,M034,232562.0
2026-03-18,M035,246636.0
2026-03-18,M036,182590.0
2026-03-18,M037,196664.0
2026-03-18,M038,210738.0
2026-03-18,M039,224812.0
2026-03-18,M040,238886.0
2026-03-18,M041,252960.0
2026-03-18,M042,267034.0
2026-03-18,M043,202988.0
2026-03-18,M044,217062.0
2026-03-18,M045,231136.0
2026-03-18,M046,245210.0
2026-03-18,M047,259284.0
2026-03-18,M048,273358.0
2026-03-19,M001,80600.0
2026-03-19,M002,94674.0
2026-03-19,M003,108748.0
2026-03-19,M004,122822.0
2026-03-19,M005,136896.0
2026-03-19,M006,150970.0
2026-03-19,M007,165044.0
2026-03-19,M008,100998.0
2026-03-19,M009,115072.0
2026-03-19,M010,129146.0
2026-03-19,M011,143220.0
2026-03-19,M012,157294.0
2026-03-19,M013,171368.0
2026-03-19,M014,185442.0
2026-03-19,M015,121396.0
2026-03-19,M016,135470.0
2026-03-19,M017,149544.0
2026-03-19,M018,163618.0
2026-03-19,M019,177692.0
2026-03-19,M020,191766.0
2026-03-19,M021,205840.0
2026-03-19,M022,141794.0
2026-03-19,M023,155868.0
2026-03-19,M024,169942.0
2026-03-19,M025,184016.0
2026-03-19,M026,198090.0
2026-03-19,M027,212164.0
2026-03-19,M028,226238.0
2026-03-19,M029,162192.0
2026-03-19,M030,176266.0
2026-03-19,M031,190340.0
2026-03-19,M032,204414.0
2026-03-19,M033,218488.0
2026-03-19,M034,232562.0
2026-03-19,M035,246636.0
2026-03-19,M036,182590.0
2026-03-19,M037,196664.0
2026-03-19,M038,210738.0
2026-03-19,M039,224812.0
2026-03-19,M040,238886.0
2026-03-19,M041,252960.0
2026-03-19,M042,267034.0
2026-03-19,M043,202988.0
2026-03-19,M044,217062.0
2026-03-19,M045,231136.0
2026-03-19,M046,245210.0
2026-03-19,M047,259284.0
2026-03-19,M048,273358.0
2026-03-20,M001,80600.0
2026-03-20,M002,94674.0
2026-03-20,M003,108748.0
2026-03-20,M004,122822.0
2026-03-20,M005,136896.0
2026-03-20,M006,150970.0
2026-03-20,M007,165044.0
2026-03-20,M008,100998.0
2026-03-20,M009,115072.0
2026-03-20,M010,129146.0
2026-03-20,M011,143220.0
2026-03-20,M012,157294.0
2026-03-20,M013,171368.0
2026-03-20,M014,185442.0
2026-03-20,M015,121396.0
2026-03-20,M016,135470.0
2026-03-20,M017,149544.0
2026-03-20,M018,163618.0
2026-03-20,M019,177692.0
2026-03-20,M020,191766.0
2026-03-20,M021,205840.0
2026-03-20,M022,141794.0
2026-03-20,M023,155868.0
2026-03-20,M024,169942.0
2026-03-20,M025,184016.0
2026-03-20,M026,198090.0
2026-03-20,M027,212164.0
2026-03-20,M028,226238.0
2026-03-20,M029,162192.0
2026-03-20,M030,176266.0
2026-03-20,M031,190340.0
2026-03-20,M032,204414.0
2026-03-20,M033,218488.0
2026-03-20,M034,232562.0
2026-03-20,M035,246636.0
2026-03-20,M036,182590.0
2026-03-20,M037,196664.0
2026-03-20,M038,210738.0
2026-03-20,M039,224812.0
2026-03-20,M040,238886.0
2026-03-20,M041,252960.0
2026-03-20,M042,267034.0
2026-03-20,M043,202988.0
2026-03-20,M044,217062.0
2026-03-20,M045,231136.0
2026-03-20,M046,245210.0
2026-03-20,M047,259284.0
2026-03-20,M048,273358.0
2026-03-21,M001,80600.0
2026-03-21,M002,94674.0
2026-03-21,M003,108748.0
2026-03-21,M004,122822.0
2026-03-21,M005,136896.0
2026-03-21,M006,150970.0
2026-03-21,M007,165044.0
2026-03-21,M008,100998.0
2026-03-21,M009,115072.0
2026-03-21,M010,129146.0
2026-03-21,M011,143220.0
2026-03-21,M012,157294.0
2026-03-21,M013,171368.0
2026-03-21,M014,185442.0
2026-03-21,M015,121396.0
2026-03-21,M016,135470.0
2026-03-21,M017,149544.0
2026-03-21,M018,163618.0
2026-03-21,M019,177692.0
2026-03-21,M020,191766.0
2026-03-21,M021,205840.0
2026-03-21,M022,141794.0
2026-03-21,M023,155868.0
2026-03-21,M024,169942.0
2026-03-21,M025,184016.0
2026-03-21,M026,198090.0
2026-03-21,M027,212164.0
2026-03-21,M028,226238.0
2026-03-21,M029,162192.0
2026-03-21,M030,176266.0
2026-03-21,M031,190340.0
2026-03-21,M032,204414.0
2026-03-21,M033,218488.0
2026-03-21,M034,232562.0
2026-03-21,M035,246636.0
2026-03-21,M036,182590.0
2026-03-21,M037,196664.0
2026-03-21,M038,210738.0
2026-03-21,M039,224812.0
2026-03-21,M040,238886.0
2026-03-21,M041,252960.0
2026-03-21,M042,267034.0
2026-03-21,M043,202988.0
2026-03-21,M044,217062.0
2026-03-21,M045,231136.0
2026-03-21,M046,245210.0
2026-03-21,M047,259284.0
2026-03-21,M048,273358.0
2026-03-22,M001,80600.0
2026-03-22,M002,94674.0
2026-03-22,M003,108748.0
2026-03-22,M004,122822.0
2026-03-22,M005,136896.0
2026-03-22,M006,150970.0
2026-03-22,M007,165044.0
2026-03-22,M008,100998.0
2026-03-22,M009,115072.0
2026-03-22,M010,129146.0
2026-03-22,M011,143220.0
2026-03-22,M012,157294.0
2026-03-22,M013,171368.0
2026-03-22,M014,185442.0
2026-03-22,M015,121396.0
2026-03-22,M016,135470.0
2026-03-22,M017,149544.0
2026-03-22,M018,163618.0
2026-03-22,M019,177692.0
2026-03-22,M020,191766.0
2026-03-22,M021,205840.0
2026-03-22,M022,141794.0
2026-03-22,M023,155868.0
2026-03-22,M024,169942.0
2026-03-22,M025,184016.0
2026-03-22,M026,198090.0
2026-03-22,M027,212164.0
2026-03-22,M028,226238.0
2026-03-22,M029,162192.0
2026-03-22,M030,176266.0
2026-03-22,M031,190340.0
2026-03-22,M032,204414.0
2026-03-22,M033,218488.0
2026-03-22,M034,232562.0
2026-03-22,M035,246636.0
2026-03-22,M036,182590.0
2026-03-22,M037,196664.0
2026-03-22,M038,210738.0
2026-03-22,M039,224812.0
2026-03-22,M040,238886.0
2026-03-22,M041,252960.0
2026-03-22,M042,267034.0
2026-03-22,M043,202988.0
2026-03-22,M044,217062.0
2026-03-22,M045,231136.0
2026-03-22,M046,245210.0
2026-03-22,M047,259284.0
2026-03-22,M048,273358.0
2026-03-23,M001,80600.0
2026-03-23,M002,94674.0
2026-03-23,M003,108748.0
2026-03-23,M004,122822.0
2026-03-23,M005,136896.0
2026-03-23,M006,150970.0
2026-03-23,M007,165044.0
2026-03-23,M008,100998.0
2026-03-23,M009,115072.0
2026-03-23,M010,129146.0
2026-03-23,M011,143220.0
2026-03-23,M012,157294.0
2026-03-23,M013,171368.0
2026-03-23,M014,185442.0
2026-03-23,M015,121396.0
2026-03-23,M016,135470.0
2026-03-23,M017,149544.0
2026-03-23,M018,163618.0
2026-03-23,M019,177692.0
2026-03-23,M020,191766.0
2026-03-23,M021,205840.0
2026-03-23,M022,141794.0
2026-03-23,M023,155868.0
2026-03-23,M024,169942.0
2026-03-23,M025,184016.0
2026-03-23,M026,198090.0
2026-03-23,M027,212164.0
2026-03-23,M028,226238.0
2026-03-23,M029,162192.0
2026-03-23,M030,176266.0
2026-03-23,M031,190340.0
2026-03-23,M032,204414.0
2026-03-23,M033,218488.0
2026-03-23,M034,232562.0
2026-03-23,M035,246636.0
2026-03-23,M036,182590.0
2026-03-23,M037,196664.0
2026-03-23,M038,210738.0
2026-03-23,M039,224812.0
2026-03-23,M040,238886.0
2026-03-23,M041,252960.0
2026-03-23,M042,267034.0
2026-03-23,M043,202988.0
2026-03-23,M044,217062.0
2026-03-23,M045,231136.0
2026-03-23,M046,245210.0
2026-03-23,M047,259284.0
2026-03-23,M048,273358.0
2026-03-24,M001,80600.0
2026-03-24,M002,94674.0
2026-03-24,M003,108748.0
2026-03-24,M004,122822.0
2026-03-24,M005,136896.0
2026-03-24,M006,150970.0
2026-03-24,M007,165044.0
2026-03-24,M008,100998.0
2026-03-24,M009,115072.0
2026-03-24,M010,129146.0
2026-03-24,M011,143220.0
2026-03-24,M012,157294.0
2026-03-24,M013,171368.0
2026-03-24,M014,185442.0
2026-03-24,M015,121396.0
2026-03-24,M016,135470.0
2026-03-24,M017,149544.0
2026-03-24,M018,163618.0
2026-03-24,M019,177692.0
2026-03-24,M020,191766.0
2026-03-24,M021,205840.0
2026-03-24,M022,141794.0
2026-03-24,M023,155868.0
2026-03-24,M024,169942.0
2026-03-24,M025,184016.0
2026-03-24,M026,198090.0
2026-03-24,M027,212164.0
2026-03-24,M028,226238.0
2026-03-24,M029,162192.0
2026-03-24,M030,176266.0
2026-03-24,M031,190340.0
2026-03-24,M032,204414.0
2026-03-24,M033,218488.0
2026-03-24,M034,232562.0
2026-03-24,M035,246636.0
2026-03-24,M036,182590.0
2026-03-24,M037,196664.0
2026-03-24,M038,210738.0
2026-03-24,M039,224812.0
2026-03-24,M040,238886.0
2026-03-24,M041,252960.0
2026-03-24,M042,267034.0
2026-03-24,M043,202988.0
2026-03-24,M044,217062.0
2026-03-24,M045,231136.0
2026-03-24,M046,245210.0
2026-03-24,M047,259284.0
2026-03-24,M048,273358.0
2026-03-25,M001,80600.0
2026-03-25,M002,94674.0
2026-03-25,M003,108748.0
2026-03-25,M004,122822.0
2026-03-25,M005,136896.0
2026-03-25,M006,150970.0
2026-03-25,M007,165044.0
2026-03-25,M008,100998.0
2026-03-25,M009,115072.0
2026-03-25,M010,129146.0
2026-03-25,M011,143220.0
2026-03-25,M012,157294.0
2026-03-25,M013,171368.0
2026-03-25,M014,185442.0
2026-03-25,M015,121396.0
2026-03-25,M016,135470.0
2026-03-25,M017,149544.0
2026-03-25,M018,163618.0
2026-03-25,M019,177692.0
2026-03-25,M020,191766.0
2026-03-25,M021,205840.0
2026-03-25,M022,141794.0
2026-03-25,M023,155868.0
2026-03-25,M024,169942.0
2026-03-25,M025,184016.0
2026-03-25,M026,198090.0
2026-03-25,M027,212164.0
2026-03-25,M028,226238.0
2026-03-25,M029,162192.0
2026-03-25,M030,176266.0
2026-03-25,M031,190340.0
2026-03-25,M032,204414.0
2026-03-25,M033,218488.0
2026-03-25,M034,232562.0
2026-03-25,M035,246636.0
2026-03-25,M036,182590.0
2026-03-25,M037,196664.0
2026-03-25,M038,210738.0
2026-03-25,M039,224812.0
2026-03-25,M040,238886.0
2026-03-25,M041,252960.0
2026-03-25,M042,267034.0
2026-03-25,M043,202988.0
2026-03-25,M044,217062.0
2026-03-25,M045,231136.0
2026-03-25,M046,245210.0
2026-03-25,M047,259284.0
2026-03-25,M048,273358.0
2026-03-26,M001,80600.0
2026-03-26,M002,94674.0
2026-03-26,M003,108748.0
2026-03-26,M004,122822.0
2026-03-26,M005,136896.0
2026-03-26,M006,150970.0
2026-03-26,M007,165044.0
2026-03-26,M008,100998.0
2026-03-26,M009,115072.0
2026-03-26,M010,129146.0
2026-03-26,M011,143220.0
2026-03-26,M012,157294.0
2026-03-26,M013,171368.0
2026-03-26,M014,185442.0
2026-03-26,M015,121396.0
2026-03-26,M016,135470.0
2026-03-26,M017,149544.0
2026-03-26,M018,163618.0
2026-03-26,M019,177692.0
2026-03-26,M020,191766.0
2026-03-26,M021,205840.0
2026-03-26,M022,141794.0
2026-03-26,M023,155868.0
2026-03-26,M024,169942.0
2026-03-26,M025,184016.0
2026-03-26,M026,198090.0
2026-03-26,M027,212164.0
2026-03-26,M028,226238.0
2026-03-26,M029,162192.0
2026-03-26,M030,176266.0
2026-03-26,M031,190340.0
2026-03-26,M032,204414.0
2026-03-26,M033,218488.0
2026-03-26,M034,232562.0
2026-03-26,M035,246636.0
2026-03-26,M036,182590.0
2026-03-26,M037,196664.0
2026-03-26,M038,210738.0
2026-03-26,M039,224812.0
2026-03-26,M040,238886.0
2026-03-26,M041,252960.0
2026-03-26,M042,267034.0
2026-03-26,M043,202988.0
2026-03-26,M044,217062.0
2026-03-26,M045,231136.0
2026-03-26,M046,245210.0
2026-03-26,M047,259284.0
2026-03-26,M048,273358.0
2026-03-27,M001,80600.0
2026-03-27,M002,94674.0
2026-03-27,M003,108748.0
2026-03-27,M004,122822.0
2026-03-27,M005,136896.0
2026-03-27,M006,150970.0
2026-03-27,M007,165044.0
2026-03-27,M008,100998.0
2026-03-27,M009,115072.0
2026-03-27,M010,129146.0
2026-03-27,M011,143220.0
2026-03-27,M012,157294.0
2026-03-27,M013,171368.0
2026-03-27,M014,185442.0
2026-03-27,M015,121396.0
2026-03-27,M016,135470.0
2026-03-27,M017,149544.0
2026-03-27,M018,163618.0
2026-03-27,M019,177692.0
2026-03-27,M020,191766.0
2026-03-27,M021,205840.0
2026-03-27,M022,141794.0
2026-03-27,M023,155868.0
2026-03-27,M024,169942.0
2026-03-27,M025,184016.0
2026-03-27,M026,198090.0
2026-03-27,M027,212164.0
2026-03-27,M028,226238.0
2026-03-27,M029,162192.0
2026-03-27,M030,176266.0
2026-03-27,M031,190340.0
2026-03-27,M032,204414.0
2026-03-27,M033,218488.0
2026-03-27,M034,232562.0
2026-03-27,M035,246636.0
2026-03-27,M036,182590.0
2026-03-27,M037,196664.0
2026-03-27,M038,210738.0
2026-03-27,M039,224812.0
2026-03-27,M040,238886.0
2026-03-27,M041,252960.0
2026-03-27,M042,267034.0
2026-03-27,M043,202988.0
2026-03-27,M044,217062.0
2026-03-27,M045,231136.0
2026-03-27,M046,245210.0
2026-03-27,M047,259284.0
2026-03-27,M048,273358.0
2026-03-28,M001,80600.0
2026-03-28,M002,94674.0
2026-03-28,M003,108748.0
2026-03-28,M004,122822.0
2026-03-28,M005,136896.0
2026-03-28,M006,150970.0
2026-03-28,M007,165044.0
2026-03-28,M008,100998.0
2026-03-28,M009,115072.0
2026-03-28,M010,129146.0
2026-03-28,M011,143220.0
2026-03-28,M012,157294.0
2026-03-28,M013,171368.0
2026-03-28,M014,185442.0
2026-03-28,M015,121396.0
2026-03-28,M016,135470.0
2026-03-28,M017,149544.0
2026-03-28,M018,163618.0
2026-03-28,M019,177692.0
2026-03-28,M020,191766.0
2026-03-28,M021,205840.0
2026-03-28,M022,141794.0
2026-03-28,M023,155868.0
2026-03-28,M024,169942.0
2026-03-28,M025,184016.0
2026-03-28,M026,198090.0
2026-03-28,M027,212164.0
2026-03-28,M028,226238.0
2026-03-28,M029,162192.0
2026-03-28,M030,176266.0
2026-03-28,M031,190340.0
2026-03-28,M032,204414.0
2026-03-28,M033,218488.0
2026-03-28,M034,232562.0
2026-03-28,M035,246636.0
2026-03-28,M036,182590.0
2026-03-28,M037,196664.0
2026-03-28,M038,210738.0
2026-03-28,M039,224812.0
2026-03-28,M040,238886.0
2026-03-28,M041,252960.0
2026-03-28,M042,267034.0
2026-03-28,M043,202988.0
2026-03-28,M044,217062.0
2026-03-28,M045,231136.0
2026-03-28,M046,245210.0
2026-03-28,M047,259284.0
2026-03-28,M048,273358.0
2026-03-29,M001,80600.0
2026-03-29,M002,94674.0
2026-03-29,M003,108748.0
2026-03-29,M004,122822.0
2026-03-29,M005,136896.0
2026-03-29,M006,150970.0
2026-03-29,M007,165044.0
2026-03-29,M008,100998.0
2026-03-29,M009,115072.0
2026-03-29,M010,129146.0
2026-03-29,M011,143220.0
2026-03-29,M012,157294.0
2026-03-29,M013,171368.0
2026-03-29,M014,185442.0
2026-03-29,M015,121396.0
2026-03-29,M016,135470.0
2026-03-29,M017,149544.0
2026-03-29,M018,163618.0
2026-03-29,M019,177692.0
2026-03-29,M020,191766.0
2026-03-29,M021,205840.0
2026-03-29,M022,141794.0
2026-03-29,M023,155868.0
2026-03-29,M024,169942.0
2026-03-29,M025,184016.0
2026-03-29,M026,198090.0
2026-03-29,M027,212164.0
2026-03-29,M028,226238.0
2026-03-29,M029,162192.0
2026-03-29,M030,176266.0
2026-03-29,M031,190340.0
2026-03-29,M032,204414.0
2026-03-29,M033,218488.0
2026-03-29,M034,232562.0
2026-03-29,M035,246636.0
2026-03-29,M036,182590.0
2026-03-29,M037,196664.0
2026-03-29,M038,210738.0
2026-03-29,M039,224812.0
2026-03-29,M040,238886.0
2026-03-29,M041,252960.0
2026-03-29,M042,267034.0
2026-03-29,M043,202988.0
2026-03-29,M044,217062.0
2026-03-29,M045,231136.0
2026-03-29,M046,245210.0
2026-03-29,M047,259284.0
2026-03-29,M048,273358.0
2026-03-30,M001,80600.0
2026-03-30,M002,94674.0
2026-03-30,M003,108748.0
2026-03-30,M004,122822.0
2026-03-30,M005,136896.0
2026-03-30,M006,150970.0
2026-03-30,M007,165044.0
2026-03-30,M008,100998.0
2026-03-30,M009,115072.0
2026-03-30,M010,129146.0
2026-03-30,M011,143220.0
2026-03-30,M012,157294.0
2026-03-30,M013,171368.0
2026-03-30,M014,185442.0
2026-03-30,M015,121396.0
2026-03-30,M016,135470.0
2026-03-30,M017,149544.0
2026-03-30,M018,163618.0
2026-03-30,M019,177692.0
2026-03-30,M020,191766.0
2026-03-30,M021,205840.0
2026-03-30,M022,141794.0
2026-03-30,M023,155868.0
2026-03-30,M024,169942.0
2026-03-30,M025,184016.0
2026-03-30,M026,198090.0
2026-03-30,M027,212164.0
2026-03-30,M028,226238.0
2026-03-30,M029,162192.0
2026-03-30,M030,176266.0
2026-03-30,M031,190340.0
2026-03-30,M032,204414.0
2026-03-30,M033,218488.0
2026-03-30,M034,232562.0
2026-03-30,M035,246636.0
2026-03-30,M036,182590.0
2026-03-30,M037,196664.0
2026-03-30,M038,210738.0
2026-03-30,M039,224812.0
2026-03-30,M040,238886.0
2026-03-30,M041,252960.0
2026-03-30,M042,267034.0
2026-03-30,M043,202988.0
2026-03-30,M044,217062.0
2026-03-30,M045,231136.0
2026-03-30,M046,245210.0
2026-03-30,M047,259284.0
2026-03-30,M048,273358.0
2026-03-31,M001,80600.0
2026-03-31,M002,94674.0
2026-03-31,M003,108748.0
2026-03-31,M004,122822.0
2026-03-31,M005,136896.0
2026-03-31,M006,150970.0
2026-03-31,M007,165044.0
2026-03-31,M008,100998.0
2026-03-31,M009,115072.0
2026-03-31,M010,129146.0
2026-03-31,M011,143220.0
2026-03-31,M012,157294.0
2026-03-31,M013,171368.0
2026-03-31,M014,185442.0
2026-03-31,M015,121396.0
2026-03-31,M016,135470.0
2026-03-31,M017,149544.0
2026-03-31,M018,163618.0
2026-03-31,M019,177692.0
2026-03-31,M020,191766.0
2026-03-31,M021,205840.0
2026-03-31,M022,141794.0
2026-03-31,M023,155868.0
2026-03-31,M024,169942.0
2026-03-31,M025,184016.0
2026-03-31,M026,198090.0
2026-03-31,M027,212164.0
2026-03-31,M028,226238.0
2026-03-31,M029,162192.0
2026-03-31,M030,176266.0
2026-03-31,M031,190340.0
2026-03-31,M032,204414.0
2026-03-31,M033,218488.0
2026-03-31,M034,232562.0
2026-03-31,M035,246636.0
2026-03-31,M036,182590.0
2026-03-31,M037,196664.0
2026-03-31,M038,210738.0
2026-03-31,M039,224812.0
2026-03-31,M040,238886.0
2026-03-31,M041,252960.0
2026-03-31,M042,267034.0
2026-03-31,M043,202988.0
2026-03-31,M044,217062.0
2026-03-31,M045,231136.0
2026-03-31,M046,245210.0
2026-03-31,M047,259284.0
2026-03-31,M048,273358.0
2026-04-01,M001,80600.0
2026-04-01,M002,94674.0
2026-04-01,M003,108748.0
2026-04-01,M004,122822.0
2026-04-01,M005,136896.0
2026-04-01,M006,150970.0
2026-04-01,M007,165044.0
2026-04-01,M008,100998.0
2026-04-01,M009,115072.0
2026-04-01,M010,129146.0
2026-04-01,M011,143220.0
2026-04-01,M012,157294.0
2026-04-01,M013,171368.0
2026-04-01,M014,185442.0
2026-04-01,M015,121396.0
2026-04-01,M016,135470.0
2026-04-01,M017,149544.0
2026-04-01,M018,163618.0
2026-04-01,M019,177692.0
2026-04-01,M020,191766.0
2026-04-01,M021,205840.0
2026-04-01,M022,141794.0
2026-04-01,M023,155868.0
2026-04-01,M024,169942.0
2026-04-01,M025,184016.0
2026-04-01,M026,198090.0
2026-04-01,M027,212164.0
2026-04-01,M028,226238.0
2026-04-01,M029,162192.0
2026-04-01,M030,176266.0
2026-04-01,M031,190340.0
2026-04-01,M032,204414.0
2026-04-01,M033,218488.0
2026-04-01,M034,232562.0
2026-04-01,M035,246636.0
2026-04-01,M036,182590.0
2026-04-01,M037,196664.0
2026-04-01,M038,210738.0
2026-04-01,M039,224812.0
2026-04-01,M040,238886.0
2026-04-01,M041,252960.0
2026-04-01,M042,267034.0
2026-04-01,M043,202988.0
2026-04-01,M044,217062.0
2026-04-01,M045,231136.0
2026-04-01,M046,245210.0
2026-04-01,M047,259284.0
2026-04-01,M048,273358.0
2026-04-02,M001,80600.0
2026-04-02,M002,94674.0
2026-04-02,M003,108748.0
2026-04-02,M004,122822.0
2026-04-02,M005,136896.0
2026-04-02,M006,150970.0
2026-04-02,M007,165044.0
2026-04-02,M008,100998.0
2026-04-02,M009,115072.0
2026-04-02,M010,129146.0
2026-04-02,M011,143220.0
2026-04-02,M012,157294.0
2026-04-02,M013,171368.0
2026-04-02,M014,185442.0
2026-04-02,M015,121396.0
2026-04-02,M016,135470.0
2026-04-02,M017,149544.0
2026-04-02,M018,163618.0
2026-04-02,M019,177692.0
2026-04-02,M020,191766.0
2026-04-02,M021,205840.0
2026-04-02,M022,141794.0
2026-04-02,M023,155868.0
2026-04-02,M024,169942.0
2026-04-02,M025,184016.0
2026-04-02,M026,198090.0
2026-04-02,M027,212164.0
2026-04-02,M028,226238.0
2026-04-02,M029,162192.0
2026-04-02,M030,176266.0
2026-04-02,M031,190340.0
2026-04-02,M032,204414.0
2026-04-02,M033,218488.0
2026-04-02,M034,232562.0
2026-04-02,M035,246636.0
2026-04-02,M036,182590.0
2026-04-02,M037,196664.0
2026-04-02,M038,210738.0
2026-04-02,M039,224812.0
2026-04-02,M040,238886.0
2026-04-02,M041,252960.0
2026-04-02,M042,267034.0
2026-04-02,M043,202988.0
2026-04-02,M044,217062.0
2026-04-02,M045,231136.0
2026-04-02,M046,245210.0
2026-04-02,M047,259284.0
2026-04-02,M048,273358.0
2026-04-03,M001,80600.0
2026-04-03,M002,94674.0
2026-04-03,M003,108748.0
2026-04-03,M004,122822.0
2026-04-03,M005,136896.0
2026-04-03,M006,150970.0
2026-04-03,M007,165044.0
2026-04-03,M008,100998.0
2026-04-03,M009,115072.0
2026-04-03,M010,129146.0
2026-04-03,M011,143220.0
2026-04-03,M012,157294.0
2026-04-03,M013,171368.0
2026-04-03,M014,185442.0
2026-04-03,M015,121396.0
2026-04-03,M016,135470.0
2026-04-03,M017,149544.0
2026-04-03,M018,163618.0
2026-04-03,M019,177692.0
2026-04-03,M020,191766.0
2026-04-03,M021,205840.0
2026-04-03,M022,141794.0
2026-04-03,M023,155868.0
2026-04-03,M024,169942.0
2026-04-03,M025,184016.0
2026-04-03,M026,198090.0
2026-04-03,M027,212164.0
2026-04-03,M028,226238.0
2026-04-03,M029,162192.0
2026-04-03,M030,176266.0
2026-04-03,M031,190340.0
2026-04-03,M032,204414.0
2026-04-03,M033,218488.0
2026-04-03,M034,232562.0
2026-04-03,M035,246636.0
2026-04-03,M036,182590.0
2026-04-03,M037,196664.0
2026-04-03,M038,210738.0
2026-04-03,M039,224812.0
2026-04-03,M040,238886.0
2026-04-03,M041,252960.0
2026-04-03,M042,267034.0
2026-04-03,M043,202988.0
2026-04-03,M044,217062.0
2026-04-03,M045,231136.0
2026-04-03,M046,245210.0
2026-04-03,M047,259284.0
2026-04-03,M048,273358.0
2026-04-04,M001,80600.0
2026-04-04,M002,94674.0
2026-04-04,M003,108748.0
2026-04-04,M004,122822.0
2026-04-04,M005,136896.0
2026-04-04,M006,150970.0
2026-04-04,M007,165044.0
2026-04-04,M008,100998.0
2026-04-04,M009,115072.0
2026-04-04,M010,129146.0
2026-04-04,M011,143220.0
2026-04-04,M012,157294.0
2026-04-04,M013,171368.0
2026-04-04,M014,185442.0
2026-04-04,M015,121396.0
2026-04-04,M016,135470.0
2026-04-04,M017,149544.0
2026-04-04,M018,163618.0
2026-04-04,M019,177692.0
2026-04-04,M020,191766.0
2026-04-04,M021,205840.0
2026-04-04,M022,141794.0
2026-04-04,M023,155868.0
2026-04-04,M024,169942.0
2026-04-04,M025,184016.0
2026-04-04,M026,198090.0
2026-04-04,M027,212164.0
2026-04-04,M028,226238.0
2026-04-04,M029,162192.0
2026-04-04,M030,176266.0
2026-04-04,M031,190340.0
2026-04-04,M032,204414.0
2026-04-04,M033,218488.0
2026-04-04,M034,232562.0
2026-04-04,M035,246636.0
2026-04-04,M036,182590.0
2026-04-04,M037,196664.0
2026-04-04,M038,210738.0
2026-04-04,M039,224812.0
2026-04-04,M040,238886.0
2026-04-04,M041,252960.0
2026-04-04,M042,267034.0
2026-04-04,M043,202988.0
2026-04-04,M044,217062.0
2026-04-04,M045,231136.0
2026-04-04,M046,245210.0
2026-04-04,M047,259284.0
2026-04-04,M048,273358.0
2026-04-05,M001,80600.0
2026-04-05,M002,94674.0
2026-04-05,M003,108748.0
2026-04-05,M004,122822.0
2026-04-05,M005,136896.0
2026-04-05,M006,150970.0
2026-04-05,M007,165044.0
2026-04-05,M008,100998.0
2026-04-05,M009,115072.0
2026-04-05,M010,129146.0
2026-04-05,M011,143220.0
2026-04-05,M012,157294.0
2026-04-05,M013,171368.0
2026-04-05,M014,185442.0
2026-04-05,M015,121396.0
2026-04-05,M016,135470.0
2026-04-05,M017,149544.0
2026-04-05,M018,163618.0
2026-04-05,M019,177692.0
2026-04-05,M020,191766.0
2026-04-05,M021,205840.0
2026-04-05,M022,141794.0
2026-04-05,M023,155868.0
2026-04-05,M024,169942.0
2026-04-05,M025,184016.0
2026-04-05,M026,198090.0
2026-04-05,M027,212164.0
2026-04-05,M028,226238.0
2026-04-05,M029,162192.0
2026-04-05,M030,176266.0
2026-04-05,M031,190340.0
2026-04-05,M032,204414.0
2026-04-05,M033,218488.0
2026-04-05,M034,232562.0
2026-04-05,M035,246636.0
2026-04-05,M036,182590.0
2026-04-05,M037,196664.0
2026-04-05,M038,210738.0
2026-04-05,M039,224812.0
2026-04-05,M040,238886.0
2026-04-05,M041,252960.0
2026-04-05,M042,267034.0
2026-04-05,M043,202988.0
2026-04-05,M044,217062.0
2026-04-05,M045,231136.0
2026-04-05,M046,245210.0
2026-04-05,M047,259284.0
2026-04-05,M048,273358.0
2026-04-06,M001,80600.0
2026-04-06,M002,94674.0
2026-04-06,M003,108748.0
2026-04-06,M004,122822.0
2026-04-06,M005,136896.0
2026-04-06,M006,150970.0
2026-04-06,M007,165044.0
2026-04-06,M008,100998.0
2026-04-06,M009,115072.0
2026-04-06,M010,129146.0
2026-04-06,M011,143220.0
2026-04-06,M012,157294.0
2026-04-06,M013,171368.0
2026-04-06,M014,185442.0
2026-04-06,M015,121396.0
2026-04-06,M016,135470.0
2026-04-06,M017,149544.0
2026-04-06,M018,163618.0
2026-04-06,M019,177692.0
2026-04-06,M020,191766.0
2026-04-06,M021,205840.0
2026-04-06,M022,141794.0
2026-04-06,M023,155868.0
2026-04-06,M024,169942.0
2026-04-06,M025,184016.0
2026-04-06,M026,198090.0
2026-04-06,M027,212164.0
2026-04-06,M028,226238.0
2026-04-06,M029,162192.0
2026-04-06,M030,176266.0
2026-04-06,M031,190340.0
2026-04-06,M032,204414.0
2026-04-06,M033,218488.0
2026-04-06,M034,232562.0
2026-04-06,M035,246636.0
2026-04-06,M036,182590.0
2026-04-06,M037,196664.0
2026-04-06,M038,210738.0
2026-04-06,M039,224812.0
2026-04-06,M040,238886.0
2026-04-06,M041,252960.0
2026-04-06,M042,267034.0
2026-04-06,M043,202988.0
2026-04-06,M044,217062.0
2026-04-06,M045,231136.0
2026-04-06,M046,245210.0
2026-04-06,M047,259284.0
2026-04-06,M048,273358.0
2026-04-07,M001,80600.0
2026-04-07,M002,94674.0
2026-04-07,M003,108748.0
2026-04-07,M004,122822.0
2026-04-07,M005,136896.0
2026-04-07,M006,150970.0
2026-04-07,M007,165044.0
2026-04-07,M008,100998.0
2026-04-07,M009,115072.0
2026-04-07,M010,129146.0
2026-04-07,M011,143220.0
2026-04-07,M012,157294.0
2026-04-07,M013,171368.0
2026-04-07,M014,185442.0
2026-04-07,M015,121396.0
2026-04-07,M016,135470.0
2026-04-07,M017,149544.0
2026-04-07,M018,163618.0
2026-04-07,M019,177692.0
2026-04-07,M020,191766.0
2026-04-07,M021,205840.0
2026-04-07,M022,141794.0
2026-04-07,M023,155868.0
2026-04-07,M024,169942.0
2026-04-07,M025,184016.0
2026-04-07,M026,198090.0
2026-04-07,M027,212164.0
2026-04-07,M028,226238.0
2026-04-07,M029,162192.0
2026-04-07,M030,176266.0
2026-04-07,M031,190340.0
2026-04-07,M032,204414.0
2026-04-07,M033,218488.0
2026-04-07,M034,232562.0
2026-04-07,M035,246636.0
2026-04-07,M036,182590.0
2026-04-07,M037,196664.0
2026-04-07,M038,210738.0
2026-04-07,M039,224812.0
2026-04-07,M040,238886.0
2026-04-07,M041,252960.0
2026-04-07,M042,267034.0
2026-04-07,M043,202988.0
2026-04-07,M044,217062.0
2026-04-07,M045,231136.0
2026-04-07,M046,245210.0
2026-04-07,M047,259284.0
2026-04-07,M048,273358.0
2026-04-08,M001,80600.0
2026-04-08,M002,94674.0
2026-04-08,M003,108748.0
2026-04-08,M004,122822.0
2026-04-08,M005,136896.0
2026-04-08,M006,150970.0
2026-04-08,M007,165044.0
2026-04-08,M008,100998.0
2026-04-08,M009,115072.0
2026-04-08,M010,129146.0
2026-04-08,M011,143220.0
2026-04-08,M012,157294.0
2026-04-08,M013,171368.0
2026-04-08,M014,185442.0
2026-04-08,M015,121396.0
2026-04-08,M016,135470.0
2026-04-08,M017,149544.0
2026-04-08,M018,163618.0
2026-04-08,M019,177692.0
2026-04-08,M020,191766.0
2026-04-08,M021,205840.0
2026-04-08,M022,141794.0
2026-04-08,M023,155868.0
2026-04-08,M024,169942.0
2026-04-08,M025,184016.0
2026-04-08,M026,198090.0
2026-04-08,M027,212164.0
2026-04-08,M028,226238.0
2026-04-08,M029,162192.0
2026-04-08,M030,176266.0
2026-04-08,M031,190340.0
2026-04-08,M032,204414.0
2026-04-08,M033,218488.0
2026-04-08,M034,232562.0
2026-04-08,M035,246636.0
2026-04-08,M036,182590.0
2026-04-08,M037,196664.0
2026-04-08,M038,210738.0
2026-04-08,M039,224812.0
2026-04-08,M040,238886.0
2026-04-08,M041,252960.0
2026-04-08,M042,267034.0
2026-04-08,M043,202988.0
2026-04-08,M044,217062.0
2026-04-08,M045,231136.0
2026-04-08,M046,245210.0
2026-04-08,M047,259284.0
2026-04-08,M048,273358.0
2026-04-09,M001,80600.0
2026-04-09,M002,94674.0
2026-04-09,M003,108748.0
2026-04-09,M004,122822.0
2026-04-09,M005,136896.0
2026-04-09,M006,150970.0
2026-04-09,M007,165044.0
2026-04-09,M008,100998.0
2026-04-09,M009,115072.0
2026-04-09,M010,129146.0
2026-04-09,M011,143220.0
2026-04-09,M012,157294.0
2026-04-09,M013,171368.0
2026-04-09,M014,185442.0
2026-04-09,M015,121396.0
2026-04-09,M016,135470.0
2026-04-09,M017,149544.0
2026-04-09,M018,163618.0
2026-04-09,M019,177692.0
2026-04-09,M020,191766.0
2026-04-09,M021,205840.0
2026-04-09,M022,141794.0
2026-04-09,M023,155868.0
2026-04-09,M024,169942.0
2026-04-09,M025,184016.0
2026-04-09,M026,198090.0
2026-04-09,M027,212164.0
2026-04-09,M028,226238.0
2026-04-09,M029,162192.0
2026-04-09,M030,176266.0
2026-04-09,M031,190340.0
2026-04-09,M032,204414.0
2026-04-09,M033,218488.0
2026-04-09,M034,232562.0
2026-04-09,M035,246636.0
2026-04-09,M036,182590.0
2026-04-09,M037,196664.0
2026-04-09,M038,210738.0
2026-04-09,M039,224812.0
2026-04-09,M040,238886.0
2026-04-09,M041,252960.0
2026-04-09,M042,267034.0
2026-04-09,M043,202988.0
2026-04-09,M044,217062.0
2026-04-09,M045,231136.0
2026-04-09,M046,245210.0
2026-04-09,M047,259284.0
2026-04-09,M048,273358.0
2026-04-10,M001,80600.0
2026-04-10,M002,94674.0
2026-04-10,M003,108748.0
2026-04-10,M004,122822.0
2026-04-10,M005,136896.0
2026-04-10,M006,150970.0
2026-04-10,M007,165044.0
2026-04-10,M008,100998.0
2026-04-10,M009,115072.0
2026-04-10,M010,129146.0
2026-04-10,M011,143220.0
2026-04-10,M012,157294.0
2026-04-10,M013,171368.0
2026-04-10,M014,185442.0
2026-04-10,M015,121396.0
2026-04-10,M016,135470.0
2026-04-10,M017,149544.0
2026-04-10,M018,163618.0
2026-04-10,M019,177692.0
2026-04-10,M020,191766.0
2026-04-10,M021,205840.0
2026-04-10,M022,141794.0
2026-04-10,M023,155868.0
2026-04-10,M024,169942.0
2026-04-10,M025,184016.0
2026-04-10,M026,198090.0
2026-04-10,M027,212164.0
2026-04-10,M028,226238.0
2026-04-10,M029,162192.0
2026-04-10,M030,176266.0
2026-04-10,M031,190340.0
2026-04-10,M032,204414.0
2026-04-10,M033,218488.0
2026-04-10,M034,232562.0
2026-04-10,M035,246636.0
2026-04-10,M036,182590.0
2026-04-10,M037,196664.0
2026-04-10,M038,210738.0
2026-04-10,M039,224812.0
2026-04-10,M040,238886.0
2026-04-10,M041,252960.0
2026-04-10,M042,267034.0
2026-04-10,M043,202988.0
2026-04-10,M044,217062.0
2026-04-10,M045,231136.0
2026-04-10,M046,245210.0
2026-04-10,M047,259284.0
2026-04-10,M048,273358.0
2026-04-11,M001,80600.0
2026-04-11,M002,94674.0
2026-04-11,M003,108748.0
2026-04-11,M004,122822.0
2026-04-11,M005,136896.0
2026-04-11,M006,150970.0
2026-04-11,M007,165044.0
2026-04-11,M008,100998.0
2026-04-11,M009,115072.0
2026-04-11,M010,129146.0
2026-04-11,M011,143220.0
2026-04-11,M012,157294.0
2026-04-11,M013,171368.0
2026-04-11,M014,185442.0
2026-04-11,M015,121396.0
2026-04-11,M016,135470.0
2026-04-11,M017,149544.0
2026-04-11,M018,163618.0
2026-04-11,M019,177692.0
2026-04-11,M020,191766.0
2026-04-11,M021,205840.0
2026-04-11,M022,141794.0
2026-04-11,M023,155868.0
2026-04-11,M024,169942.0
2026-04-11,M025,184016.0
2026-04-11,M026,198090.0
2026-04-11,M027,212164.0
2026-04-11,M028,226238.0
2026-04-11,M029,162192.0
2026-04-11,M030,176266.0
2026-04-11,M031,190340.0
2026-04-11,M032,204414.0
2026-04-11,M033,218488.0
2026-04-11,M034,232562.0
2026-04-11,M035,246636.0
2026-04-11,M036,182590.0
2026-04-11,M037,196664.0
2026-04-11,M038,210738.0
2026-04-11,M039,224812.0
2026-04-11,M040,238886.0
2026-04-11,M041,252960.0
2026-04-11,M042,267034.0
2026-04-11,M043,202988.0
2026-04-11,M044,217062.0
2026-04-11,M045,231136.0
2026-04-11,M046,245210.0
2026-04-11,M047,259284.0
2026-04-11,M048,273358.0
2026-04-12,M001,80600.0
2026-04-12,M002,94674.0
2026-04-12,M003,108748.0
2026-04-12,M004,122822.0
2026-04-12,M005,136896.0
2026-04-12,M006,150970.0
2026-04-12,M007,165044.0
2026-04-12,M008,100998.0
2026-04-12,M009,115072.0
2026-04-12,M010,129146.0
2026-04-12,M011,143220.0
2026-04-12,M012,157294.0
2026-04-12,M013,171368.0
2026-04-12,M014,185442.0
2026-04-12,M015,121396.0
2026-04-12,M016,135470.0
2026-04-12,M017,149544.0
2026-04-12,M018,163618.0
2026-04-12,M019,177692.0
2026-04-12,M020,191766.0
2026-04-12,M021,205840.0
2026-04-12,M022,141794.0
2026-04-12,M023,155868.0
2026-04-12,M024,169942.0
2026-04-12,M025,184016.0
2026-04-12,M026,198090.0
2026-04-12,M027,212164.0
2026-04-12,M028,226238.0
2026-04-12,M029,162192.0
2026-04-12,M030,176266.0
2026-04-12,M031,190340.0
2026-04-12,M032,204414.0
2026-04-12,M033,218488.0
2026-04-12,M034,232562.0
2026-04-12,M035,246636.0
2026-04-12,M036,182590.0
2026-04-12,M037,196664.0
2026-04-12,M038,210738.0
2026-04-12,M039,224812.0
2026-04-12,M040,238886.0
2026-04-12,M041,252960.0
2026-04-12,M042,267034.0
2026-04-12,M043,202988.0
2026-04-12,M044,217062.0
2026-04-12,M045,231136.0
2026-04-12,M046,245210.0
2026-04-12,M047,259284.0
2026-04-12,M048,273358.0
2026-04-13,M001,80600.0
2026-04-13,M002,94674.0
2026-04-13,M003,108748.0
2026-04-13,M004,122822.0
2026-04-13,M005,136896.0
2026-04-13,M006,150970.0
2026-04-13,M007,165044.0
2026-04-13,M008,100998.0
2026-04-13,M009,115072.0
2026-04-13,M010,129146.0
2026-04-13,M011,143220.0
2026-04-13,M012,157294.0
2026-04-13,M013,171368.0
2026-04-13,M014,185442.0
2026-04-13,M015,121396.0
2026-04-13,M016,135470.0
2026-04-13,M017,149544.0
2026-04-13,M018,163618.0
2026-04-13,M019,177692.0
2026-04-13,M020,191766.0
2026-04-13,M021,205840.0
2026-04-13,M022,141794.0
2026-04-13,M023,155868.0
2026-04-13,M024,169942.0
2026-04-13,M025,184016.0
2026-04-13,M026,198090.0
2026-04-13,M027,212164.0
2026-04-13,M028,226238.0
2026-04-13,M029,162192.0
2026-04-13,M030,176266.0
2026-04-13,M031,190340.0
2026-04-13,M032,204414.0
2026-04-13,M033,218488.0
2026-04-13,M034,232562.0
2026-04-13,M035,246636.0
2026-04-13,M036,182590.0
2026-04-13,M037,196664.0
2026-04-13,M038,210738.0
2026-04-13,M039,224812.0
2026-04-13,M040,238886.0
2026-04-13,M041,252960.0
2026-04-13,M042,267034.0
2026-04-13,M043,202988.0
2026-04-13,M044,217062.0
2026-04-13,M045,231136.0
2026-04-13,M046,245210.0
2026-04-13,M047,259284.0
2026-04-13,M048,273358.0
2026-04-14,M001,80600.0
2026-04-14,M002,94674.0
2026-04-14,M003,108748.0
2026-04-14,M004,122822.0
2026-04-14,M005,136896.0
2026-04-14,M006,150970.0
2026-04-14,M007,165044.0
2026-04-14,M008,100998.0
2026-04-14,M009,115072.0
2026-04-14,M010,129146.0
2026-04-14,M011,143220.0
2026-04-14,M012,157294.0
2026-04-14,M013,171368.0
2026-04-14,M014,185442.0
2026-04-14,M015,121396.0
2026-04-14,M016,135470.0
2026-04-14,M017,149544.0
2026-04-14,M018,163618.0
2026-04-14,M019,177692.0
2026-04-14,M020,191766.0
2026-04-14,M021,205840.0
2026-04-14,M022,141794.0
2026-04-14,M023,155868.0
2026-04-14,M024,169942.0
2026-04-14,M025,184016.0
2026-04-14,M026,198090.0
2026-04-14,M027,212164.0
2026-04-14,M028,226238.0
2026-04-14,M029,162192.0
2026-04-14,M030,176266.0
2026-04-14,M031,190340.0
2026-04-14,M032,204414.0
2026-04-14,M033,218488.0
2026-04-14,M034,232562.0
2026-04-14,M035,246636.0
2026-04-14,M036,182590.0
2026-04-14,M037,196664.0
2026-04-14,M038,210738.0
2026-04-14,M039,224812.0
2026-04-14,M040,238886.0
2026-04-14,M041,252960.0
2026-04-14,M042,267034.0
2026-04-14,M043,202988.0
2026-04-14,M044,217062.0
2026-04-14,M045,231136.0
2026-04-14,M046,245210.0
2026-04-14,M047,259284.0
2026-04-14,M048,273358.0
2026-04-15,M001,80600.0
2026-04-15,M002,94674.0
2026-04-15,M003,108748.0
2026-04-15,M004,122822.0
2026-04-15,M005,136896.0
2026-04-15,M006,150970.0
2026-04-15,M007,165044.0
2026-04-15,M008,100998.0
2026-04-15,M009,115072.0
2026-04-15,M010,129146.0
2026-04-15,M011,143220.0
2026-04-15,M012,157294.0
2026-04-15,M013,171368.0
2026-04-15,M014,185442.0
2026-04-15,M015,121396.0
2026-04-15,M016,135470.0
2026-04-15,M017,149544.0
2026-04-15,M018,163618.0
2026-04-15,M019,177692.0
2026-04-15,M020,191766.0
2026-04-15,M021,205840.0
2026-04-15,M022,141794.0
2026-04-15,M023,155868.0
2026-04-15,M024,169942.0
2026-04-15,M025,184016.0
2026-04-15,M026,198090.0
2026-04-15,M027,212164.0
2026-04-15,M028,226238.0
2026-04-15,M029,162192.0
2026-04-15,M030,176266.0
2026-04-15,M031,190340.0
2026-04-15,M032,204414.0
2026-04-15,M033,218488.0
2026-04-15,M034,232562.0
2026-04-15,M035,246636.0
2026-04-15,M036,182590.0
2026-04-15,M037,196664.0
2026-04-15,M038,210738.0
2026-04-15,M039,224812.0
2026-04-15,M040,238886.0
2026-04-15,M041,252960.0
2026-04-15,M042,267034.0
2026-04-15,M043,202988.0
2026-04-15,M044,217062.0
2026-04-15,M045,231136.0
2026-04-15,M046,245210.0
2026-04-15,M047,259284.0
2026-04-15,M048,273358.0
2026-04-16,M001,80600.0
2026-04-16,M002,94674.0
2026-04-16,M003,108748.0
2026-04-16,M004,122822.0
2026-04-16,M005,136896.0
2026-04-16,M006,150970.0
2026-04-16,M007,165044.0
2026-04-16,M008,100998.0
2026-04-16,M009,115072.0
2026-04-16,M010,129146.0
2026-04-16,M011,143220.0
2026-04-16,M012,157294.0
2026-04-16,M013,171368.0
2026-04-16,M014,185442.0
2026-04-16,M015,121396.0
2026-04-16,M016,135470.0
2026-04-16,M017,149544.0
2026-04-16,M018,163618.0
2026-04-16,M019,177692.0
2026-04-16,M020,191766.0
2026-04-16,M021,205840.0
2026-04-16,M022,141794.0
2026-04-16,M023,155868.0
2026-04-16,M024,169942.0
2026-04-16,M025,184016.0
2026-04-16,M026,198090.0
2026-04-16,M027,212164.0
2026-04-16,M028,226238.0
2026-04-16,M029,162192.0
2026-04-16,M030,176266.0
2026-04-16,M031,190340.0
2026-04-16,M032,204414.0
2026-04-16,M033,218488.0
2026-04-16,M034,232562.0
2026-04-16,M035,246636.0
2026-04-16,M036,182590.0
2026-04-16,M037,196664.0
2026-04-16,M038,210738.0
2026-04-16,M039,224812.0
2026-04-16,M040,238886.0
2026-04-16,M041,252960.0
2026-04-16,M042,267034.0
2026-04-16,M043,202988.0
2026-04-16,M044,217062.0
2026-04-16,M045,231136.0
2026-04-16,M046,245210.0
2026-04-16,M047,259284.0
2026-04-16,M048,273358.0
2026-04-17,M001,80600.0
2026-04-17,M002,94674.0
2026-04-17,M003,108748.0
2026-04-17,M004,122822.0
2026-04-17,M005,136896.0
2026-04-17,M006,150970.0
2026-04-17,M007,165044.0
2026-04-17,M008,100998.0
2026-04-17,M009,115072.0
2026-04-17,M010,129146.0
2026-04-17,M011,143220.0
2026-04-17,M012,157294.0
2026-04-17,M013,171368.0
2026-04-17,M014,185442.0
2026-04-17,M015,121396.0
2026-04-17,M016,135470.0
2026-04-17,M017,149544.0
2026-04-17,M018,163618.0
2026-04-17,M019,177692.0
2026-04-17,M020,191766.0
2026-04-17,M021,205840.0
2026-04-17,M022,141794.0
2026-04-17,M023,155868.0
2026-04-17,M024,169942.0
2026-04-17,M025,184016.0
2026-04-17,M026,198090.0
2026-04-17,M027,212164.0
2026-04-17,M028,226238.0
2026-04-17,M029,162192.0
2026-04-17,M030,176266.0
2026-04-17,M031,190340.0
2026-04-17,M032,204414.0
2026-04-17,M033,218488.0
2026-04-17,M034,232562.0
2026-04-17,M035,246636.0
2026-04-17,M036,182590.0
2026-04-17,M037,196664.0
2026-04-17,M038,210738.0
2026-04-17,M039,224812.0
2026-04-17,M040,238886.0
2026-04-17,M041,252960.0
2026-04-17,M042,267034.0
2026-04-17,M043,202988.0
2026-04-17,M044,217062.0
2026-04-17,M045,231136.0
2026-04-17,M046,245210.0
2026-04-17,M047,259284.0
2026-04-17,M048,273358.0
2026-04-18,M001,80600.0
2026-04-18,M002,94674.0
2026-04-18,M003,108748.0
2026-04-18,M004,122822.0
2026-04-18,M005,136896.0
2026-04-18,M006,150970.0
2026-04-18,M007,165044.0
2026-04-18,M008,100998.0
2026-04-18,M009,115072.0
2026-04-18,M010,129146.0
2026-04-18,M011,143220.0
2026-04-18,M012,157294.0
2026-04-18,M013,171368.0
2026-04-18,M014,185442.0
2026-04-18,M015,121396.0
2026-04-18,M016,135470.0
2026-04-18,M017,149544.0
2026-04-18,M018,163618.0
2026-04-18,M019,177692.0
2026-04-18,M020,191766.0
2026-04-18,M021,205840.0
2026-04-18,M022,141794.0
2026-04-18,M023,155868.0
2026-04-18,M024,169942.0
2026-04-18,M025,184016.0
2026-04-18,M026,198090.0
2026-04-18,M027,212164.0
2026-04-18,M028,226238.0
2026-04-18,M029,162192.0
2026-04-18,M030,176266.0
2026-04-18,M031,190340.0
2026-04-18,M032,204414.0
2026-04-18,M033,218488.0
2026-04-18,M034,232562.0
2026-04-18,M035,246636.0
2026-04-18,M036,182590.0
2026-04-18,M037,196664.0
2026-04-18,M038,210738.0
2026-04-18,M039,224812.0
2026-04-18,M040,238886.0
2026-04-18,M041,252960.0
2026-04-18,M042,267034.0
2026-04-18,M043,202988.0
2026-04-18,M044,217062.0
2026-04-18,M045,231136.0
2026-04-18,M046,245210.0
2026-04-18,M047,259284.0
2026-04-18,M048,273358.0
2026-04-19,M001,80600.0
2026-04-19,M002,94674.0
2026-04-19,M003,108748.0
2026-04-19,M004,122822.0
2026-04-19,M005,136896.0
2026-04-19,M006,150970.0
2026-04-19,M007,165044.0
2026-04-19,M008,100998.0
2026-04-19,M009,115072.0
2026-04-19,M010,129146.0
2026-04-19,M011,143220.0
2026-04-19,M012,157294.0
2026-04-19,M013,171368.0
2026-04-19,M014,185442.0
2026-04-19,M015,121396.0
2026-04-19,M016,135470.0
2026-04-19,M017,149544.0
2026-04-19,M018,163618.0
2026-04-19,M019,177692.0
2026-04-19,M020,191766.0
2026-04-19,M021,205840.0
2026-04-19,M022,141794.0
2026-04-19,M023,155868.0
2026-04-19,M024,169942.0
2026-04-19,M025,184016.0
2026-04-19,M026,198090.0
2026-04-19,M027,212164.0
2026-04-19,M028,226238.0
2026-04-19,M029,162192.0
2026-04-19,M030,176266.0
2026-04-19,M031,190340.0
2026-04-19,M032,204414.0
2026-04-19,M033,218488.0
2026-04-19,M034,232562.0
2026-04-19,M035,246636.0
2026-04-19,M036,182590.0
2026-04-19,M037,196664.0
2026-04-19,M038,210738.0
2026-04-19,M039,224812.0
2026-04-19,M040,238886.0
2026-04-19,M041,252960.0
2026-04-19,M042,267034.0
2026-04-19,M043,202988.0
2026-04-19,M044,217062.0
2026-04-19,M045,231136.0
2026-04-19,M046,245210.0
2026-04-19,M047,259284.0
2026-04-19,M048,273358.0
2026-04-20,M001,80600.0
2026-04-20,M002,94674.0
2026-04-20,M003,108748.0
2026-04-20,M004,122822.0
2026-04-20,M005,136896.0
2026-04-20,M006,150970.0
2026-04-20,M007,165044.0
2026-04-20,M008,100998.0
2026-04-20,M009,115072.0
2026-04-20,M010,129146.0
2026-04-20,M011,143220.0
2026-04-20,M012,157294.0
2026-04-20,M013,171368.0
2026-04-20,M014,185442.0
2026-04-20,M015,121396.0
2026-04-20,M016,135470.0
2026-04-20,M017,149544.0
2026-04-20,M018,163618.0
2026-04-20,M019,177692.0
2026-04-20,M020,191766.0
2026-04-20,M021,205840.0
2026-04-20,M022,141794.0
2026-04-20,M023,155868.0
2026-04-20,M024,169942.0
2026-04-20,M025,184016.0
2026-04-20,M026,198090.0
2026-04-20,M027,212164.0
2026-04-20,M028,226238.0
2026-04-20,M029,162192.0
2026-04-20,M030,176266.0
2026-04-20,M031,190340.0
2026-04-20,M032,204414.0
2026-04-20,M033,218488.0
2026-04-20,M034,232562.0
2026-04-20,M035,246636.0
2026-04-20,M036,182590.0
2026-04-20,M037,196664.0
2026-04-20,M038,210738.0
2026-04-20,M039,224812.0
2026-04-20,M040,238886.0
2026-04-20,M041,252960.0
2026-04-20,M042,267034.0
2026-04-20,M043,202988.0
2026-04-20,M044,217062.0
2026-04-20,M045,231136.0
2026-04-20,M046,245210.0
2026-04-20,M047,259284.0
2026-04-20,M048,273358.0
2026-04-21,M001,80600.0
2026-04-21,M002,94674.0
2026-04-21,M003,108748.0
2026-04-21,M004,122822.0
2026-04-21,M005,136896.0
2026-04-21,M006,150970.0
2026-04-21,M007,165044.0
2026-04-21,M008,100998.0
2026-04-21,M009,115072.0
2026-04-21,M010,129146.0
2026-04-21,M011,143220.0
2026-04-21,M012,157294.0
2026-04-21,M013,171368.0
2026-04-21,M014,185442.0
2026-04-21,M015,121396.0
2026-04-21,M016,135470.0
2026-04-21,M017,149544.0
2026-04-21,M018,163618.0
2026-04-21,M019,177692.0
2026-04-21,M020,191766.0
2026-04-21,M021,205840.0
2026-04-21,M022,141794.0
2026-04-21,M023,155868.0
2026-04-21,M024,169942.0
2026-04-21,M025,184016.0
2026-04-21,M026,198090.0
2026-04-21,M027,212164.0
2026-04-21,M028,226238.0
2026-04-21,M029,162192.0
2026-04-21,M030,176266.0
2026-04-21,M031,190340.0
2026-04-21,M032,204414.0
2026-04-21,M033,218488.0
2026-04-21,M034,232562.0
2026-04-21,M035,246636.0
2026-04-21,M036,182590.0
2026-04-21,M037,196664.0
2026-04-21,M038,210738.0
2026-04-21,M039,224812.0
2026-04-21,M040,238886.0
2026-04-21,M041,252960.0
2026-04-21,M042,267034.0
2026-04-21,M043,202988.0
2026-04-21,M044,217062.0
2026-04-21,M045,231136.0
2026-04-21,M046,245210.0
2026-04-21,M047,259284.0
2026-04-21,M048,273358.0
2026-04-22,M001,80600.0
2026-04-22,M002,94674.0
2026-04-22,M003,108748.0
2026-04-22,M004,122822.0
2026-04-22,M005,136896.0
2026-04-22,M006,150970.0
2026-04-22,M007,165044.0
2026-04-22,M008,100998.0
2026-04-22,M009,115072.0
2026-04-22,M010,129146.0
2026-04-22,M011,143220.0
2026-04-22,M012,157294.0
2026-04-22,M013,171368.0
2026-04-22,M014,185442.0
2026-04-22,M015,121396.0
2026-04-22,M016,135470.0
2026-04-22,M017,149544.0
2026-04-22,M018,163618.0
2026-04-22,M019,177692.0
2026-04-22,M020,191766.0
2026-04-22,M021,205840.0
2026-04-22,M022,141794.0
2026-04-22,M023,155868.0
2026-04-22,M024,169942.0
2026-04-22,M025,184016.0
2026-04-22,M026,198090.0
2026-04-22,M027,212164.0
2026-04-22,M028,226238.0
2026-04-22,M029,162192.0
2026-04-22,M030,176266.0
2026-04-22,M031,190340.0
2026-04-22,M032,204414.0
2026-04-22,M033,218488.0
2026-04-22,M034,232562.0
2026-04-22,M035,246636.0
2026-04-22,M036,182590.0
2026-04-22,M037,196664.0
2026-04-22,M038,210738.0
2026-04-22,M039,224812.0
2026-04-22,M040,238886.0
2026-04-22,M041,252960.0
2026-04-22,M042,267034.0
2026-04-22,M043,202988.0
2026-04-22,M044,217062.0
2026-04-22,M045,231136.0
2026-04-22,M046,245210.0
2026-04-22,M047,259284.0
2026-04-22,M048,273358.0
2026-04-23,M001,80600.0
2026-04-23,M002,94674.0
2026-04-23,M003,108748.0
2026-04-23,M004,122822.0
2026-04-23,M005,136896.0
2026-04-23,M006,150970.0
2026-04-23,M007,165044.0
2026-04-23,M008,100998.0
2026-04-23,M009,115072.0
2026-04-23,M010,129146.0
2026-04-23,M011,143220.0
2026-04-23,M012,157294.0
2026-04-23,M013,171368.0
2026-04-23,M014,185442.0
2026-04-23,M015,121396.0
2026-04-23,M016,135470.0
2026-04-23,M017,149544.0
2026-04-23,M018,163618.0
2026-04-23,M019,177692.0
2026-04-23,M020,191766.0
2026-04-23,M021,205840.0
2026-04-23,M022,141794.0
2026-04-23,M023,155868.0
2026-04-23,M024,169942.0
2026-04-23,M025,184016.0
2026-04-23,M026,198090.0
2026-04-23,M027,212164.0
2026-04-23,M028,226238.0
2026-04-23,M029,162192.0
2026-04-23,M030,176266.0
2026-04-23,M031,190340.0
2026-04-23,M032,204414.0
2026-04-23,M033,218488.0
2026-04-23,M034,232562.0
2026-04-23,M035,246636.0
2026-04-23,M036,182590.0
2026-04-23,M037,196664.0
2026-04-23,M038,210738.0
2026-04-23,M039,224812.0
2026-04-23,M040,238886.0
2026-04-23,M041,252960.0
2026-04-23,M042,267034.0
2026-04-23,M043,202988.0
2026-04-23,M044,217062.0
2026-04-23,M045,231136.0
2026-04-23,M046,245210.0
2026-04-23,M047,259284.0
2026-04-23,M048,273358.0
2026-04-24,M001,80600.0
2026-04-24,M002,94674.0
2026-04-24,M003,108748.0
2026-04-24,M004,122822.0
2026-04-24,M005,136896.0
2026-04-24,M006,150970.0
2026-04-24,M007,165044.0
2026-04-24,M008,100998.0
2026-04-24,M009,115072.0
2026-04-24,M010,129146.0
2026-04-24,M011,143220.0
2026-04-24,M012,157294.0
2026-04-24,M013,171368.0
2026-04-24,M014,185442.0
2026-04-24,M015,121396.0
2026-04-24,M016,135470.0
2026-04-24,M017,149544.0
2026-04-24,M018,163618.0
2026-04-24,M019,177692.0
2026-04-24,M020,191766.0
2026-04-24,M021,205840.0
2026-04-24,M022,141794.0
2026-04-24,M023,155868.0
2026-04-24,M024,169942.0
2026-04-24,M025,184016.0
2026-04-24,M026,198090.0
2026-04-24,M027,212164.0
2026-04-24,M028,226238.0
2026-04-24,M029,162192.0
2026-04-24,M030,176266.0
2026-04-24,M031,190340.0
2026-04-24,M032,204414.0
2026-04-24,M033,218488.0
2026-04-24,M034,232562.0
2026-04-24,M035,246636.0
2026-04-24,M036,182590.0
2026-04-24,M037,196664.0
2026-04-24,M038,210738.0
2026-04-24,M039,224812.0
2026-04-24,M040,238886.0
2026-04-24,M041,252960.0
2026-04-24,M042,267034.0
2026-04-24,M043,202988.0
2026-04-24,M044,217062.0
2026-04-24,M045,231136.0
2026-04-24,M046,245210.0
2026-04-24,M047,259284.0
2026-04-24,M048,273358.0
2026-04-25,M001,80600.0
2026-04-25,M002,94674.0
2026-04-25,M003,108748.0
2026-04-25,M004,122822.0
2026-04-25,M005,136896.0
2026-04-25,M006,150970.0
2026-04-25,M007,165044.0
2026-04-25,M008,100998.0
2026-04-25,M009,115072.0
2026-04-25,M010,129146.0
2026-04-25,M011,143220.0
2026-04-25,M012,157294.0
2026-04-25,M013,171368.0
2026-04-25,M014,185442.0
2026-04-25,M015,121396.0
2026-04-25,M016,135470.0
2026-04-25,M017,149544.0
2026-04-25,M018,163618.0
2026-04-25,M019,177692.0
2026-04-25,M020,191766.0
2026-04-25,M021,205840.0
2026-04-25,M022,141794.0
2026-04-25,M023,155868.0
2026-04-25,M024,169942.0
2026-04-25,M025,184016.0
2026-04-25,M026,198090.0
2026-04-25,M027,212164.0
2026-04-25,M028,226238.0
2026-04-25,M029,162192.0
2026-04-25,M030,176266.0
2026-04-25,M031,190340.0
2026-04-25,M032,204414.0
2026-04-25,M033,218488.0
2026-04-25,M034,232562.0
2026-04-25,M035,246636.0
2026-04-25,M036,182590.0
2026-04-25,M037,196664.0
2026-04-25,M038,210738.0
2026-04-25,M039,224812.0
2026-04-25,M040,238886.0
2026-04-25,M041,252960.0
2026-04-25,M042,267034.0
2026-04-25,M043,202988.0
2026-04-25,M044,217062.0
2026-04-25,M045,231136.0
2026-04-25,M046,245210.0
2026-04-25,M047,259284.0
2026-04-25,M048,273358.0
2026-04-26,M001,80600.0
2026-04-26,M002,94674.0
2026-04-26,M003,108748.0
2026-04-26,M004,122822.0
2026-04-26,M005,136896.0
2026-04-26,M006,150970.0
2026-04-26,M007,165044.0
2026-04-26,M008,100998.0
2026-04-26,M009,115072.0
2026-04-26,M010,129146.0
2026-04-26,M011,143220.0
2026-04-26,M012,157294.0
2026-04-26,M013,171368.0
2026-04-26,M014,185442.0
2026-04-26,M015,121396.0
2026-04-26,M016,135470.0
2026-04-26,M017,149544.0
2026-04-26,M018,163618.0
2026-04-26,M019,177692.0
2026-04-26,M020,191766.0
2026-04-26,M021,205840.0
2026-04-26,M022,141794.0
2026-04-26,M023,155868.0
2026-04-26,M024,169942.0
2026-04-26,M025,184016.0
2026-04-26,M026,198090.0
2026-04-26,M027,212164.0
2026-04-26,M028,226238.0
2026-04-26,M029,162192.0
2026-04-26,M030,176266.0
2026-04-26,M031,190340.0
2026-04-26,M032,204414.0
2026-04-26,M033,218488.0
2026-04-26,M034,232562.0
2026-04-26,M035,246636.0
2026-04-26,M036,182590.0
2026-04-26,M037,196664.0
2026-04-26,M038,210738.0
2026-04-26,M039,224812.0
2026-04-26,M040,238886.0
2026-04-26,M041,252960.0
2026-04-26,M042,267034.0
2026-04-26,M043,202988.0
2026-04-26,M044,217062.0
2026-04-26,M045,231136.0
2026-04-26,M046,245210.0
2026-04-26,M047,259284.0
2026-04-26,M048,273358.0
2026-04-27,M001,80600.0
2026-04-27,M002,94674.0
2026-04-27,M003,108748.0
2026-04-27,M004,122822.0
2026-04-27,M005,136896.0
2026-04-27,M006,150970.0
2026-04-27,M007,165044.0
2026-04-27,M008,100998.0
2026-04-27,M009,115072.0
2026-04-27,M010,129146.0
2026-04-27,M011,143220.0
2026-04-27,M012,157294.0
2026-04-27,M013,171368.0
2026-04-27,M014,185442.0
2026-04-27,M015,121396.0
2026-04-27,M016,135470.0
2026-04-27,M017,149544.0
2026-04-27,M018,163618.0
2026-04-27,M019,177692.0
2026-04-27,M020,191766.0
2026-04-27,M021,205840.0
2026-04-27,M022,141794.0
2026-04-27,M023,155868.0
2026-04-27,M024,169942.0
2026-04-27,M025,184016.0
2026-04-27,M026,198090.0
2026-04-27,M027,212164.0
2026-04-27,M028,226238.0
2026-04-27,M029,162192.0
2026-04-27,M030,176266.0
2026-04-27,M031,190340.0
2026-04-27,M032,204414.0
2026-04-27,M033,218488.0
2026-04-27,M034,232562.0
2026-04-27,M035,246636.0
2026-04-27,M036,182590.0
2026-04-27,M037,196664.0
2026-04-27,M038,210738.0
2026-04-27,M039,224812.0
2026-04-27,M040,238886.0
2026-04-27,M041,252960.0
2026-04-27,M042,267034.0
2026-04-27,M043,202988.0
2026-04-27,M044,217062.0
2026-04-27,M045,231136.0
2026-04-27,M046,245210.0
2026-04-27,M047,259284.0
2026-04-27,M048,273358.0
2026-04-28,M001,80600.0
2026-04-28,M002,94674.0
2026-04-28,M003,108748.0
2026-04-28,M004,122822.0
2026-04-28,M005,136896.0
2026-04-28,M006,150970.0
2026-04-28,M007,165044.0
2026-04-28,M008,100998.0
2026-04-28,M009,115072.0
2026-04-28,M010,129146.0
2026-04-28,M011,143220.0
2026-04-28,M012,157294.0
2026-04-28,M013,171368.0
2026-04-28,M014,185442.0
2026-04-28,M015,121396.0
2026-04-28,M016,135470.0
2026-04-28,M017,149544.0
2026-04-28,M018,163618.0
2026-04-28,M019,177692.0
2026-04-28,M020,191766.0
2026-04-28,M021,205840.0
2026-04-28,M022,141794.0
2026-04-28,M023,155868.0
2026-04-28,M024,169942.0
2026-04-28,M025,184016.0
2026-04-28,M026,198090.0
2026-04-28,M027,212164.0
2026-04-28,M028,226238.0
2026-04-28,M029,162192.0
2026-04-28,M030,176266.0
2026-04-28,M031,190340.0
2026-04-28,M032,204414.0
2026-04-28,M033,218488.0
2026-04-28,M034,232562.0
2026-04-28,M035,246636.0
2026-04-28,M036,182590.0
2026-04-28,M037,196664.0
2026-04-28,M038,210738.0
2026-04-28,M039,224812.0
2026-04-28,M040,238886.0
2026-04-28,M041,252960.0
2026-04-28,M042,267034.0
2026-04-28,M043,202988.0
2026-04-28,M044,217062.0
2026-04-28,M045,231136.0
2026-04-28,M046,245210.0
2026-04-28,M047,259284.0
2026-04-28,M048,273358.0
2026-04-29,M001,80600.0
2026-04-29,M002,94674.0
2026-04-29,M003,108748.0
2026-04-29,M004,122822.0
2026-04-29,M005,136896.0
2026-04-29,M006,150970.0
2026-04-29,M007,165044.0
2026-04-29,M008,100998.0
2026-04-29,M009,115072.0
2026-04-29,M010,129146.0
2026-04-29,M011,143220.0
2026-04-29,M012,157294.0
2026-04-29,M013,171368.0
2026-04-29,M014,185442.0
2026-04-29,M015,121396.0
2026-04-29,M016,135470.0
2026-04-29,M017,149544.0
2026-04-29,M018,163618.0
2026-04-29,M019,177692.0
2026-04-29,M020,191766.0
2026-04-29,M021,205840.0
2026-04-29,M022,141794.0
2026-04-29,M023,155868.0
2026-04-29,M024,169942.0
2026-04-29,M025,184016.0
2026-04-29,M026,198090.0
2026-04-29,M027,212164.0
2026-04-29,M028,226238.0
2026-04-29,M029,162192.0
2026-04-29,M030,176266.0
2026-04-29,M031,190340.0
2026-04-29,M032,204414.0
2026-04-29,M033,218488.0
2026-04-29,M034,232562.0
2026-04-29,M035,246636.0
2026-04-29,M036,182590.0
2026-04-29,M037,196664.0
2026-04-29,M038,210738.0
2026-04-29,M039,224812.0
2026-04-29,M040,238886.0
2026-04-29,M041,252960.0
2026-04-29,M042,267034.0
2026-04-29,M043,202988.0
2026-04-29,M044,217062.0
2026-04-29,M045,231136.0
2026-04-29,M046,245210.0
2026-04-29,M047,259284.0
2026-04-29,M048,273358.0
2026-04-30,M001,80600.0
2026-04-30,M002,94674.0
2026-04-30,M003,108748.0
2026-04-30,M004,122822.0
2026-04-30,M005,136896.0
2026-04-30,M006,150970.0
2026-04-30,M007,165044.0
2026-04-30,M008,100998.0
2026-04-30,M009,115072.0
2026-04-30,M010,129146.0
2026-04-30,M011,143220.0
2026-04-30,M012,157294.0
2026-04-30,M013,171368.0
2026-04-30,M014,185442.0
2026-04-30,M015,121396.0
2026-04-30,M016,135470.0
2026-04-30,M017,149544.0
2026-04-30,M018,163618.0
2026-04-30,M019,177692.0
2026-04-30,M020,191766.0
2026-04-30,M021,205840.0
2026-04-30,M022,141794.0
2026-04-30,M023,155868.0
2026-04-30,M024,169942.0
2026-04-30,M025,184016.0
2026-04-30,M026,198090.0
2026-04-30,M027,212164.0
2026-04-30,M028,226238.0
2026-04-30,M029,162192.0
2026-04-30,M030,176266.0
2026-04-30,M031,190340.0
2026-04-30,M032,204414.0
2026-04-30,M033,218488.0
2026-04-30,M034,232562.0
2026-04-30,M035,246636.0
2026-04-30,M036,182590.0
2026-04-30,M037,196664.0
2026-04-30,M038,210738.0
2026-04-30,M039,224812.0
2026-04-30,M040,238886.0
2026-04-30,M041,252960.0
2026-04-30,M042,267034.0
2026-04-30,M043,202988.0
2026-04-30,M044,217062.0
2026-04-30,M045,231136.0
2026-04-30,M046,245210.0
2026-04-30,M047,259284.0
2026-04-30,M048,273358.0
2026-05-01,M001,80600.0
2026-05-01,M002,94674.0
2026-05-01,M003,108748.0
2026-05-01,M004,122822.0
2026-05-01,M005,136896.0
2026-05-01,M006,150970.0
2026-05-01,M007,165044.0
2026-05-01,M008,100998.0
2026-05-01,M009,115072.0
2026-05-01,M010,129146.0
2026-05-01,M011,143220.0
2026-05-01,M012,157294.0
2026-05-01,M013,171368.0
2026-05-01,M014,185442.0
2026-05-01,M015,121396.0
2026-05-01,M016,135470.0
2026-05-01,M017,149544.0
2026-05-01,M018,163618.0
2026-05-01,M019,177692.0
2026-05-01,M020,191766.0
2026-05-01,M021,205840.0
2026-05-01,M022,141794.0
2026-05-01,M023,155868.0
2026-05-01,M024,169942.0
2026-05-01,M025,184016.0
2026-05-01,M026,198090.0
2026-05-01,M027,212164.0
2026-05-01,M028,226238.0
2026-05-01,M029,162192.0
2026-05-01,M030,176266.0
2026-05-01,M031,190340.0
2026-05-01,M032,204414.0
2026-05-01,M033,218488.0
2026-05-01,M034,232562.0
2026-05-01,M035,246636.0
2026-05-01,M036,182590.0
2026-05-01,M037,196664.0
2026-05-01,M038,210738.0
2026-05-01,M039,224812.0
2026-05-01,M040,238886.0
2026-05-01,M041,252960.0
2026-05-01,M042,267034.0
2026-05-01,M043,202988.0
2026-05-01,M044,217062.0
2026-05-01,M045,231136.0
2026-05-01,M046,245210.0
2026-05-01,M047,259284.0
2026-05-01,M048,273358.0
2026-05-02,M001,80600.0
2026-05-02,M002,94674.0
2026-05-02,M003,108748.0
2026-05-02,M004,122822.0
2026-05-02,M005,136896.0
2026-05-02,M006,150970.0
2026-05-02,M007,165044.0
2026-05-02,M008,100998.0
2026-05-02,M009,115072.0
2026-05-02,M010,129146.0
2026-05-02,M011,143220.0
2026-05-02,M012,157294.0
2026-05-02,M013,171368.0
2026-05-02,M014,185442.0
2026-05-02,M015,121396.0
2026-05-02,M016,135470.0
2026-05-02,M017,149544.0
2026-05-02,M018,163618.0
2026-05-02,M019,177692.0
2026-05-02,M020,191766.0
2026-05-02,M021,205840.0
2026-05-02,M022,141794.0
2026-05-02,M023,155868.0
2026-05-02,M024,169942.0
2026-05-02,M025,184016.0
2026-05-02,M026,198090.0
2026-05-02,M027,212164.0
2026-05-02,M028,226238.0
2026-05-02,M029,162192.0
2026-05-02,M030,176266.0
2026-05-02,M031,190340.0
2026-05-02,M032,204414.0
2026-05-02,M033,218488.0
2026-05-02,M034,232562.0
2026-05-02,M035,246636.0
2026-05-02,M036,182590.0
2026-05-02,M037,196664.0
2026-05-02,M038,210738.0
2026-05-02,M039,224812.0
2026-05-02,M040,238886.0
2026-05-02,M041,252960.0
2026-05-02,M042,267034.0
2026-05-02,M043,202988.0
2026-05-02,M044,217062.0
2026-05-02,M045,231136.0
2026-05-02,M046,245210.0
2026-05-02,M047,259284.0
2026-05-02,M048,273358.0
2026-05-03,M001,80600.0
2026-05-03,M002,94674.0
2026-05-03,M003,108748.0
2026-05-03,M004,122822.0
2026-05-03,M005,136896.0
2026-05-03,M006,150970.0
2026-05-03,M007,165044.0
2026-05-03,M008,100998.0
2026-05-03,M009,115072.0
2026-05-03,M010,129146.0
2026-05-03,M011,143220.0
2026-05-03,M012,157294.0
2026-05-03,M013,171368.0
2026-05-03,M014,185442.0
2026-05-03,M015,121396.0
2026-05-03,M016,135470.0
2026-05-03,M017,149544.0
2026-05-03,M018,163618.0
2026-05-03,M019,177692.0
2026-05-03,M020,191766.0
2026-05-03,M021,205840.0
2026-05-03,M022,141794.0
2026-05-03,M023,155868.0
2026-05-03,M024,169942.0
2026-05-03,M025,184016.0
2026-05-03,M026,198090.0
2026-05-03,M027,212164.0
2026-05-03,M028,226238.0
2026-05-03,M029,162192.0
2026-05-03,M030,176266.0
2026-05-03,M031,190340.0
2026-05-03,M032,204414.0
2026-05-03,M033,218488.0
2026-05-03,M034,232562.0
2026-05-03,M035,246636.0
2026-05-03,M036,182590.0
2026-05-03,M037,196664.0
2026-05-03,M038,210738.0
2026-05-03,M039,224812.0
2026-05-03,M040,238886.0
2026-05-03,M041,252960.0
2026-05-03,M042,267034.0
2026-05-03,M043,202988.0
2026-05-03,M044,217062.0
2026-05-03,M045,231136.0
2026-05-03,M046,245210.0
2026-05-03,M047,259284.0
2026-05-03,M048,273358.0
2026-05-04,M001,80600.0
2026-05-04,M002,94674.0
2026-05-04,M003,108748.0
2026-05-04,M004,122822.0
2026-05-04,M005,136896.0
2026-05-04,M006,150970.0
2026-05-04,M007,165044.0
2026-05-04,M008,100998.0
2026-05-04,M009,115072.0
2026-05-04,M010,129146.0
2026-05-04,M011,143220.0
2026-05-04,M012,157294.0
2026-05-04,M013,171368.0
2026-05-04,M014,185442.0
2026-05-04,M015,121396.0
2026-05-04,M016,135470.0
2026-05-04,M017,149544.0
2026-05-04,M018,163618.0
2026-05-04,M019,177692.0
2026-05-04,M020,191766.0
2026-05-04,M021,205840.0
2026-05-04,M022,141794.0
2026-05-04,M023,155868.0
2026-05-04,M024,169942.0
2026-05-04,M025,184016.0
2026-05-04,M026,198090.0
2026-05-04,M027,212164.0
2026-05-04,M028,226238.0
2026-05-04,M029,162192.0
2026-05-04,M030,176266.0
2026-05-04,M031,190340.0
2026-05-04,M032,204414.0
2026-05-04,M033,218488.0
2026-05-04,M034,232562.0
2026-05-04,M035,246636.0
2026-05-04,M036,182590.0
2026-05-04,M037,196664.0
2026-05-04,M038,210738.0
2026-05-04,M039,224812.0
2026-05-04,M040,238886.0
2026-05-04,M041,252960.0
2026-05-04,M042,267034.0
2026-05-04,M043,202988.0
2026-05-04,M044,217062.0
2026-05-04,M045,231136.0
2026-05-04,M046,245210.0
2026-05-04,M047,259284.0
2026-05-04,M048,273358.0
2026-05-05,M001,80600.0
2026-05-05,M002,94674.0
2026-05-05,M003,108748.0
2026-05-05,M004,122822.0
2026-05-05,M005,136896.0
2026-05-05,M006,150970.0
2026-05-05,M007,165044.0
2026-05-05,M008,100998.0
2026-05-05,M009,115072.0
2026-05-05,M010,129146.0
2026-05-05,M011,143220.0
2026-05-05,M012,157294.0
2026-05-05,M013,171368.0
2026-05-05,M014,185442.0
2026-05-05,M015,121396.0
2026-05-05,M016,135470.0
2026-05-05,M017,149544.0
2026-05-05,M018,163618.0
2026-05-05,M019,177692.0
2026-05-05,M020,191766.0
2026-05-05,M021,205840.0
2026-05-05,M022,141794.0
2026-05-05,M023,155868.0
2026-05-05,M024,169942.0
2026-05-05,M025,184016.0
2026-05-05,M026,198090.0
2026-05-05,M027,212164.0
2026-05-05,M028,226238.0
2026-05-05,M029,162192.0
2026-05-05,M030,176266.0
2026-05-05,M031,190340.0
2026-05-05,M032,204414.0
2026-05-05,M033,218488.0
2026-05-05,M034,232562.0
2026-05-05,M035,246636.0
2026-05-05,M036,182590.0
2026-05-05,M037,196664.0
2026-05-05,M038,210738.0
2026-05-05,M039,224812.0
2026-05-05,M040,238886.0
2026-05-05,M041,252960.0
2026-05-05,M042,267034.0
2026-05-05,M043,202988.0
2026-05-05,M044,217062.0
2026-05-05,M045,231136.0
2026-05-05,M046,245210.0
2026-05-05,M047,259284.0
2026-05-05,M048,273358.0
2026-05-06,M001,80600.0
2026-05-06,M002,94674.0
2026-05-06,M003,108748.0
2026-05-06,M004,122822.0
2026-05-06,M005,136896.0
2026-05-06,M006,150970.0
2026-05-06,M007,165044.0
2026-05-06,M008,100998.0
2026-05-06,M009,115072.0
2026-05-06,M010,129146.0
2026-05-06,M011,143220.0
2026-05-06,M012,157294.0
2026-05-06,M013,171368.0
2026-05-06,M014,185442.0
2026-05-06,M015,121396.0
2026-05-06,M016,135470.0
2026-05-06,M017,149544.0
2026-05-06,M018,163618.0
2026-05-06,M019,177692.0
2026-05-06,M020,191766.0
2026-05-06,M021,205840.0
2026-05-06,M022,141794.0
2026-05-06,M023,155868.0
2026-05-06,M024,169942.0
2026-05-06,M025,184016.0
2026-05-06,M026,198090.0
2026-05-06,M027,212164.0
2026-05-06,M028,226238.0
2026-05-06,M029,162192.0
2026-05-06,M030,176266.0
2026-05-06,M031,190340.0
2026-05-06,M032,204414.0
2026-05-06,M033,218488.0
2026-05-06,M034,232562.0
2026-05-06,M035,246636.0
2026-05-06,M036,182590.0
2026-05-06,M037,196664.0
2026-05-06,M038,210738.0
2026-05-06,M039,224812.0
2026-05-06,M040,238886.0
2026-05-06,M041,252960.0
2026-05-06,M042,267034.0
2026-05-06,M043,202988.0
2026-05-06,M044,217062.0
2026-05-06,M045,231136.0
2026-05-06,M046,245210.0
2026-05-06,M047,259284.0
2026-05-06,M048,273358.0
2026-05-07,M001,80600.0
2026-05-07,M002,94674.0
2026-05-07,M003,108748.0
2026-05-07,M004,122822.0
2026-05-07,M005,136896.0
2026-05-07,M006,150970.0
2026-05-07,M007,165044.0
2026-05-07,M008,100998.0
2026-05-07,M009,115072.0
2026-05-07,M010,129146.0
2026-05-07,M011,143220.0
2026-05-07,M012,157294.0
2026-05-07,M013,171368.0
2026-05-07,M014,185442.0
2026-05-07,M015,121396.0
2026-05-07,M016,135470.0
2026-05-07,M017,149544.0
2026-05-07,M018,163618.0
2026-05-07,M019,177692.0
2026-05-07,M020,191766.0
2026-05-07,M021,205840.0
2026-05-07,M022,141794.0
2026-05-07,M023,155868.0
2026-05-07,M024,169942.0
2026-05-07,M025,184016.0
2026-05-07,M026,198090.0
2026-05-07,M027,212164.0
2026-05-07,M028,226238.0
2026-05-07,M029,162192.0
2026-05-07,M030,176266.0
2026-05-07,M031,190340.0
2026-05-07,M032,204414.0
2026-05-07,M033,218488.0
2026-05-07,M034,232562.0
2026-05-07,M035,246636.0
2026-05-07,M036,182590.0
2026-05-07,M037,196664.0
2026-05-07,M038,210738.0
2026-05-07,M039,224812.0
2026-05-07,M040,238886.0
2026-05-07,M041,252960.0
2026-05-07,M042,267034.0
2026-05-07,M043,202988.0
2026-05-07,M044,217062.0
2026-05-07,M045,231136.0
2026-05-07,M046,245210.0
2026-05-07,M047,259284.0
2026-05-07,M048,273358.0
2026-05-08,M001,80600.0
2026-05-08,M002,94674.0
2026-05-08,M003,108748.0
2026-05-08,M004,122822.0
2026-05-08,M005,136896.0
2026-05-08,M006,150970.0
2026-05-08,M007,165044.0
2026-05-08,M008,100998.0
2026-05-08,M009,115072.0
2026-05-08,M010,129146.0
2026-05-08,M011,143220.0
2026-05-08,M012,157294.0
2026-05-08,M013,171368.0
2026-05-08,M014,185442.0
2026-05-08,M015,121396.0
2026-05-08,M016,135470.0
2026-05-08,M017,149544.0
2026-05-08,M018,163618.0
2026-05-08,M019,177692.0
2026-05-08,M020,191766.0
2026-05-08,M021,205840.0
2026-05-08,M022,141794.0
2026-05-08,M023,155868.0
2026-05-08,M024,169942.0
2026-05-08,M025,184016.0
2026-05-08,M026,198090.0
2026-05-08,M027,212164.0
2026-05-08,M028,226238.0
2026-05-08,M029,162192.0
2026-05-08,M030,176266.0
2026-05-08,M031,190340.0
2026-05-08,M032,204414.0
2026-05-08,M033,218488.0
2026-05-08,M034,232562.0
2026-05-08,M035,246636.0
2026-05-08,M036,182590.0
2026-05-08,M037,196664.0
2026-05-08,M038,210738.0
2026-05-08,M039,224812.0
2026-05-08,M040,238886.0
2026-05-08,M041,252960.0
2026-05-08,M042,267034.0
2026-05-08,M043,202988.0
2026-05-08,M044,217062.0
2026-05-08,M045,231136.0
2026-05-08,M046,245210.0
2026-05-08,M047,259284.0
2026-05-08,M048,273358.0
2026-05-09,M001,80600.0
2026-05-09,M002,94674.0
2026-05-09,M003,108748.0
2026-05-09,M004,122822.0
2026-05-09,M005,136896.0
2026-05-09,M006,150970.0
2026-05-09,M007,165044.0
2026-05-09,M008,100998.0
2026-05-09,M009,115072.0
2026-05-09,M010,129146.0
2026-05-09,M011,143220.0
2026-05-09,M012,157294.0
2026-05-09,M013,171368.0
2026-05-09,M014,185442.0
2026-05-09,M015,121396.0
2026-05-09,M016,135470.0
2026-05-09,M017,149544.0
2026-05-09,M018,163618.0
2026-05-09,M019,177692.0
2026-05-09,M020,191766.0
2026-05-09,M021,205840.0
2026-05-09,M022,141794.0
2026-05-09,M023,155868.0
2026-05-09,M024,169942.0
2026-05-09,M025,184016.0
2026-05-09,M026,198090.0
2026-05-09,M027,212164.0
2026-05-09,M028,226238.0
2026-05-09,M029,162192.0
2026-05-09,M030,176266.0
2026-05-09,M031,190340.0
2026-05-09,M032,204414.0
2026-05-09,M033,218488.0
2026-05-09,M034,232562.0
2026-05-09,M035,246636.0
2026-05-09,M036,182590.0
2026-05-09,M037,196664.0
2026-05-09,M038,210738.0
2026-05-09,M039,224812.0
2026-05-09,M040,238886.0
2026-05-09,M041,252960.0
2026-05-09,M042,267034.0
2026-05-09,M043,202988.0
2026-05-09,M044,217062.0
2026-05-09,M045,231136.0
2026-05-09,M046,245210.0
2026-05-09,M047,259284.0
2026-05-09,M048,273358.0
2026-05-10,M001,80600.0
2026-05-10,M002,94674.0
2026-05-10,M003,108748.0
2026-05-10,M004,122822.0
2026-05-10,M005,136896.0
2026-05-10,M006,150970.0
2026-05-10,M007,165044.0
2026-05-10,M008,100998.0
2026-05-10,M009,115072.0
2026-05-10,M010,129146.0
2026-05-10,M011,143220.0
2026-05-10,M012,157294.0
2026-05-10,M013,171368.0
2026-05-10,M014,185442.0
2026-05-10,M015,121396.0
2026-05-10,M016,135470.0
2026-05-10,M017,149544.0
2026-05-10,M018,163618.0
2026-05-10,M019,177692.0
2026-05-10,M020,191766.0
2026-05-10,M021,205840.0
2026-05-10,M022,141794.0
2026-05-10,M023,155868.0
2026-05-10,M024,169942.0
2026-05-10,M025,184016.0
2026-05-10,M026,198090.0
2026-05-10,M027,212164.0
2026-05-10,M028,226238.0
2026-05-10,M029,162192.0
2026-05-10,M030,176266.0
2026-05-10,M031,190340.0
2026-05-10,M032,204414.0
2026-05-10,M033,218488.0
2026-05-10,M034,232562.0
2026-05-10,M035,246636.0
2026-05-10,M036,182590.0
2026-05-10,M037,196664.0
2026-05-10,M038,210738.0
2026-05-10,M039,224812.0
2026-05-10,M040,238886.0
2026-05-10,M041,252960.0
2026-05-10,M042,267034.0
2026-05-10,M043,202988.0
2026-05-10,M044,217062.0
2026-05-10,M045,231136.0
2026-05-10,M046,245210.0
2026-05-10,M047,259284.0
2026-05-10,M048,273358.0
2026-05-11,M001,80600.0
2026-05-11,M002,94674.0
2026-05-11,M003,108748.0
2026-05-11,M004,122822.0
2026-05-11,M005,136896.0
2026-05-11,M006,150970.0
2026-05-11,M007,165044.0
2026-05-11,M008,100998.0
2026-05-11,M009,115072.0
2026-05-11,M010,129146.0
2026-05-11,M011,143220.0
2026-05-11,M012,157294.0
2026-05-11,M013,171368.0
2026-05-11,M014,185442.0
2026-05-11,M015,121396.0
2026-05-11,M016,135470.0
2026-05-11,M017,149544.0
2026-05-11,M018,163618.0
2026-05-11,M019,177692.0
2026-05-11,M020,191766.0
2026-05-11,M021,205840.0
2026-05-11,M022,141794.0
2026-05-11,M023,155868.0
2026-05-11,M024,169942.0
2026-05-11,M025,184016.0
2026-05-11,M026,198090.0
2026-05-11,M027,212164.0
2026-05-11,M028,226238.0
2026-05-11,M029,162192.0
2026-05-11,M030,176266.0
2026-05-11,M031,190340.0
2026-05-11,M032,204414.0
2026-05-11,M033,218488.0
2026-05-11,M034,232562.0
2026-05-11,M035,246636.0
2026-05-11,M036,182590.0
2026-05-11,M037,196664.0
2026-05-11,M038,210738.0
2026-05-11,M039,224812.0
2026-05-11,M040,238886.0
2026-05-11,M041,252960.0
2026-05-11,M042,267034.0
2026-05-11,M043,202988.0
2026-05-11,M044,217062.0
2026-05-11,M045,231136.0
2026-05-11,M046,245210.0
2026-05-11,M047,259284.0
2026-05-11,M048,273358.0
2026-05-12,M001,80600.0
2026-05-12,M002,94674.0
2026-05-12,M003,108748.0
2026-05-12,M004,122822.0
2026-05-12,M005,136896.0
2026-05-12,M006,150970.0
2026-05-12,M007,165044.0
2026-05-12,M008,100998.0
2026-05-12,M009,115072.0
2026-05-12,M010,129146.0
2026-05-12,M011,143220.0
2026-05-12,M012,157294.0
2026-05-12,M013,171368.0
2026-05-12,M014,185442.0
2026-05-12,M015,121396.0
2026-05-12,M016,135470.0
2026-05-12,M017,149544.0
2026-05-12,M018,163618.0
2026-05-12,M019,177692.0
2026-05-12,M020,191766.0
2026-05-12,M021,205840.0
2026-05-12,M022,141794.0
2026-05-12,M023,155868.0
2026-05-12,M024,169942.0
2026-05-12,M025,184016.0
2026-05-12,M026,198090.0
2026-05-12,M027,212164.0
2026-05-12,M028,226238.0
2026-05-12,M029,162192.0
2026-05-12,M030,176266.0
2026-05-12,M031,190340.0
2026-05-12,M032,204414.0
2026-05-12,M033,218488.0
2026-05-12,M034,232562.0
2026-05-12,M035,246636.0
2026-05-12,M036,182590.0
2026-05-12,M037,196664.0
2026-05-12,M038,210738.0
2026-05-12,M039,224812.0
2026-05-12,M040,238886.0
2026-05-12,M041,252960.0
2026-05-12,M042,267034.0
2026-05-12,M043,202988.0
2026-05-12,M044,217062.0
2026-05-12,M045,231136.0
2026-05-12,M046,245210.0
2026-05-12,M047,259284.0
2026-05-12,M048,273358.0
2026-05-13,M001,80600.0
2026-05-13,M002,94674.0
2026-05-13,M003,108748.0
2026-05-13,M004,122822.0
2026-05-13,M005,136896.0
2026-05-13,M006,150970.0
2026-05-13,M007,165044.0
2026-05-13,M008,100998.0
2026-05-13,M009,115072.0
2026-05-13,M010,129146.0
2026-05-13,M011,143220.0
2026-05-13,M012,157294.0
2026-05-13,M013,171368.0
2026-05-13,M014,185442.0
2026-05-13,M015,121396.0
2026-05-13,M016,135470.0
2026-05-13,M017,149544.0
2026-05-13,M018,163618.0
2026-05-13,M019,177692.0
2026-05-13,M020,191766.0
2026-05-13,M021,205840.0
2026-05-13,M022,141794.0
2026-05-13,M023,155868.0
2026-05-13,M024,169942.0
2026-05-13,M025,184016.0
2026-05-13,M026,198090.0
2026-05-13,M027,212164.0
2026-05-13,M028,226238.0
2026-05-13,M029,162192.0
2026-05-13,M030,176266.0
2026-05-13,M031,190340.0
2026-05-13,M032,204414.0
2026-05-13,M033,218488.0
2026-05-13,M034,232562.0
2026-05-13,M035,246636.0
2026-05-13,M036,182590.0
2026-05-13,M037,196664.0
2026-05-13,M038,210738.0
2026-05-13,M039,224812.0
2026-05-13,M040,238886.0
2026-05-13,M041,252960.0
2026-05-13,M042,267034.0
2026-05-13,M043,202988.0
2026-05-13,M044,217062.0
2026-05-13,M045,231136.0
2026-05-13,M046,245210.0
2026-05-13,M047,259284.0
2026-05-13,M048,273358.0
2026-05-14,M001,80600.0
2026-05-14,M002,94674.0
2026-05-14,M003,108748.0
2026-05-14,M004,122822.0
2026-05-14,M005,136896.0
2026-05-14,M006,150970.0
2026-05-14,M007,165044.0
2026-05-14,M008,100998.0
2026-05-14,M009,115072.0
2026-05-14,M010,129146.0
2026-05-14,M011,143220.0
2026-05-14,M012,157294.0
2026-05-14,M013,171368.0
2026-05-14,M014,185442.0
2026-05-14,M015,121396.0
2026-05-14,M016,135470.0
2026-05-14,M017,149544.0
2026-05-14,M018,163618.0
2026-05-14,M019,177692.0
2026-05-14,M020,191766.0
2026-05-14,M021,205840.0
2026-05-14,M022,141794.0
2026-05-14,M023,155868.0
2026-05-14,M024,169942.0
2026-05-14,M025,184016.0
2026-05-14,M026,198090.0
2026-05-14,M027,212164.0
2026-05-14,M028,226238.0
2026-05-14,M029,162192.0
2026-05-14,M030,176266.0
2026-05-14,M031,190340.0
2026-05-14,M032,204414.0
2026-05-14,M033,218488.0
2026-05-14,M034,232562.0
2026-05-14,M035,246636.0
2026-05-14,M036,182590.0
2026-05-14,M037,196664.0
2026-05-14,M038,210738.0
2026-05-14,M039,224812.0
2026-05-14,M040,238886.0
2026-05-14,M041,252960.0
2026-05-14,M042,267034.0
2026-05-14,M043,202988.0
2026-05-14,M044,217062.0
2026-05-14,M045,231136.0
2026-05-14,M046,245210.0
2026-05-14,M047,259284.0
2026-05-14,M048,273358.0
2026-05-15,M001,80600.0
2026-05-15,M002,94674.0
2026-05-15,M003,108748.0
2026-05-15,M004,122822.0
2026-05-15,M005,136896.0
2026-05-15,M006,150970.0
2026-05-15,M007,165044.0
2026-05-15,M008,100998.0
2026-05-15,M009,115072.0
2026-05-15,M010,129146.0
2026-05-15,M011,143220.0
2026-05-15,M012,157294.0
2026-05-15,M013,171368.0
2026-05-15,M014,185442.0
2026-05-15,M015,121396.0
2026-05-15,M016,135470.0
2026-05-15,M017,149544.0
2026-05-15,M018,163618.0
2026-05-15,M019,177692.0
2026-05-15,M020,191766.0
2026-05-15,M021,205840.0
2026-05-15,M022,141794.0
2026-05-15,M023,155868.0
2026-05-15,M024,169942.0
2026-05-15,M025,184016.0
2026-05-15,M026,198090.0
2026-05-15,M027,212164.0
2026-05-15,M028,226238.0
2026-05-15,M029,162192.0
2026-05-15,M030,176266.0
2026-05-15,M031,190340.0
2026-05-15,M032,204414.0
2026-05-15,M033,218488.0
2026-05-15,M034,232562.0
2026-05-15,M035,246636.0
2026-05-15,M036,182590.0
2026-05-15,M037,196664.0
2026-05-15,M038,210738.0
2026-05-15,M039,224812.0
2026-05-15,M040,238886.0
2026-05-15,M041,252960.0
2026-05-15,M042,267034.0
2026-05-15,M043,202988.0
2026-05-15,M044,217062.0
2026-05-15,M045,231136.0
2026-05-15,M046,245210.0
2026-05-15,M047,259284.0
2026-05-15,M048,273358.0
2026-05-16,M001,80600.0
2026-05-16,M002,94674.0
2026-05-16,M003,108748.0
2026-05-16,M004,122822.0
2026-05-16,M005,136896.0
2026-05-16,M006,150970.0
2026-05-16,M007,165044.0
2026-05-16,M008,100998.0
2026-05-16,M009,115072.0
2026-05-16,M010,129146.0
2026-05-16,M011,143220.0
2026-05-16,M012,157294.0
2026-05-16,M013,171368.0
2026-05-16,M014,185442.0
2026-05-16,M015,121396.0
2026-05-16,M016,135470.0
2026-05-16,M017,149544.0
2026-05-16,M018,163618.0
2026-05-16,M019,177692.0
2026-05-16,M020,191766.0
2026-05-16,M021,205840.0
2026-05-16,M022,141794.0
2026-05-16,M023,155868.0
2026-05-16,M024,169942.0
2026-05-16,M025,184016.0
2026-05-16,M026,198090.0
2026-05-16,M027,212164.0
2026-05-16,M028,226238.0
2026-05-16,M029,162192.0
2026-05-16,M030,176266.0
2026-05-16,M031,190340.0
2026-05-16,M032,204414.0
2026-05-16,M033,218488.0
2026-05-16,M034,232562.0
2026-05-16,M035,246636.0
2026-05-16,M036,182590.0
2026-05-16,M037,196664.0
2026-05-16,M038,210738.0
2026-05-16,M039,224812.0
2026-05-16,M040,238886.0
2026-05-16,M041,252960.0
2026-05-16,M042,267034.0
2026-05-16,M043,202988.0
2026-05-16,M044,217062.0
2026-05-16,M045,231136.0
2026-05-16,M046,245210.0
2026-05-16,M047,259284.0
2026-05-16,M048,273358.0
2026-05-17,M001,80600.0
2026-05-17,M002,94674.0
2026-05-17,M003,108748.0
2026-05-17,M004,122822.0
2026-05-17,M005,136896.0
2026-05-17,M006,150970.0
2026-05-17,M007,165044.0
2026-05-17,M008,100998.0
2026-05-17,M009,115072.0
2026-05-17,M010,129146.0
2026-05-17,M011,143220.0
2026-05-17,M012,157294.0
2026-05-17,M013,171368.0
2026-05-17,M014,185442.0
2026-05-17,M015,121396.0
2026-05-17,M016,135470.0
2026-05-17,M017,149544.0
2026-05-17,M018,163618.0
2026-05-17,M019,177692.0
2026-05-17,M020,191766.0
2026-05-17,M021,205840.0
2026-05-17,M022,141794.0
2026-05-17,M023,155868.0
2026-05-17,M024,169942.0
2026-05-17,M025,184016.0
2026-05-17,M026,198090.0
2026-05-17,M027,212164.0
2026-05-17,M028,226238.0
2026-05-17,M029,162192.0
2026-05-17,M030,176266.0
2026-05-17,M031,190340.0
2026-05-17,M032,204414.0
2026-05-17,M033,218488.0
2026-05-17,M034,232562.0
2026-05-17,M035,246636.0
2026-05-17,M036,182590.0
2026-05-17,M037,196664.0
2026-05-17,M038,210738.0
2026-05-17,M039,224812.0
2026-05-17,M040,238886.0
2026-05-17,M041,252960.0
2026-05-17,M042,267034.0
2026-05-17,M043,202988.0
2026-05-17,M044,217062.0
2026-05-17,M045,231136.0
2026-05-17,M046,245210.0
2026-05-17,M047,259284.0
2026-05-17,M048,273358.0
2026-05-18,M001,80600.0
2026-05-18,M002,94674.0
2026-05-18,M003,108748.0
2026-05-18,M004,122822.0
2026-05-18,M005,136896.0
2026-05-18,M006,150970.0
2026-05-18,M007,165044.0
2026-05-18,M008,100998.0
2026-05-18,M009,115072.0
2026-05-18,M010,129146.0
2026-05-18,M011,143220.0
2026-05-18,M012,157294.0
2026-05-18,M013,171368.0
2026-05-18,M014,185442.0
2026-05-18,M015,121396.0
2026-05-18,M016,135470.0
2026-05-18,M017,149544.0
2026-05-18,M018,163618.0
2026-05-18,M019,177692.0
2026-05-18,M020,191766.0
2026-05-18,M021,205840.0
2026-05-18,M022,141794.0
2026-05-18,M023,155868.0
2026-05-18,M024,169942.0
2026-05-18,M025,184016.0
2026-05-18,M026,198090.0
2026-05-18,M027,212164.0
2026-05-18,M028,226238.0
2026-05-18,M029,162192.0
2026-05-18,M030,176266.0
2026-05-18,M031,190340.0
2026-05-18,M032,204414.0
2026-05-18,M033,218488.0
2026-05-18,M034,232562.0
2026-05-18,M035,246636.0
2026-05-18,M036,182590.0
2026-05-18,M037,196664.0
2026-05-18,M038,210738.0
2026-05-18,M039,224812.0
2026-05-18,M040,238886.0
2026-05-18,M041,252960.0
2026-05-18,M042,267034.0
2026-05-18,M043,202988.0
2026-05-18,M044,217062.0
2026-05-18,M045,231136.0
2026-05-18,M046,245210.0
2026-05-18,M047,259284.0
2026-05-18,M048,273358.0
2026-05-19,M001,80600.0
2026-05-19,M002,94674.0
2026-05-19,M003,108748.0
2026-05-19,M004,122822.0
2026-05-19,M005,136896.0
2026-05-19,M006,150970.0
2026-05-19,M007,165044.0
2026-05-19,M008,100998.0
2026-05-19,M009,115072.0
2026-05-19,M010,129146.0
2026-05-19,M011,143220.0
2026-05-19,M012,157294.0
2026-05-19,M013,171368.0
2026-05-19,M014,185442.0
2026-05-19,M015,121396.0
2026-05-19,M016,135470.0
2026-05-19,M017,149544.0
2026-05-19,M018,163618.0
2026-05-19,M019,177692.0
2026-05-19,M020,191766.0
2026-05-19,M021,205840.0
2026-05-19,M022,141794.0
2026-05-19,M023,155868.0
2026-05-19,M024,169942.0
2026-05-19,M025,184016.0
2026-05-19,M026,198090.0
2026-05-19,M027,212164.0
2026-05-19,M028,226238.0
2026-05-19,M029,162192.0
2026-05-19,M030,176266.0
2026-05-19,M031,190340.0
2026-05-19,M032,204414.0
2026-05-19,M033,218488.0
2026-05-19,M034,232562.0
2026-05-19,M035,246636.0
2026-05-19,M036,182590.0
2026-05-19,M037,196664.0
2026-05-19,M038,210738.0
2026-05-19,M039,224812.0
2026-05-19,M040,238886.0
2026-05-19,M041,252960.0
2026-05-19,M042,267034.0
2026-05-19,M043,202988.0
2026-05-19,M044,217062.0
2026-05-19,M045,231136.0
2026-05-19,M046,245210.0
2026-05-19,M047,259284.0
2026-05-19,M048,273358.0
2026-05-20,M001,80600.0
2026-05-20,M002,94674.0
2026-05-20,M003,108748.0
2026-05-20,M004,122822.0
2026-05-20,M005,136896.0
2026-05-20,M006,150970.0
2026-05-20,M007,165044.0
2026-05-20,M008,100998.0
2026-05-20,M009,115072.0
2026-05-20,M010,129146.0
2026-05-20,M011,143220.0
2026-05-20,M012,157294.0
2026-05-20,M013,171368.0
2026-05-20,M014,185442.0
2026-05-20,M015,121396.0
2026-05-20,M016,135470.0
2026-05-20,M017,149544.0
2026-05-20,M018,163618.0
2026-05-20,M019,177692.0
2026-05-20,M020,191766.0
2026-05-20,M021,205840.0
2026-05-20,M022,141794.0
2026-05-20,M023,155868.0
2026-05-20,M024,169942.0
2026-05-20,M025,184016.0
2026-05-20,M026,198090.0
2026-05-20,M027,212164.0
2026-05-20,M028,226238.0
2026-05-20,M029,162192.0
2026-05-20,M030,176266.0
2026-05-20,M031,190340.0
2026-05-20,M032,204414.0
2026-05-20,M033,218488.0
2026-05-20,M034,232562.0
2026-05-20,M035,246636.0
2026-05-20,M036,182590.0
2026-05-20,M037,196664.0
2026-05-20,M038,210738.0
2026-05-20,M039,224812.0
2026-05-20,M040,238886.0
2026-05-20,M041,252960.0
2026-05-20,M042,267034.0
2026-05-20,M043,202988.0
2026-05-20,M044,217062.0
2026-05-20,M045,231136.0
2026-05-20,M046,245210.0
2026-05-20,M047,259284.0
2026-05-20,M048,273358.0
2026-05-21,M001,80600.0
2026-05-21,M002,94674.0
2026-05-21,M003,108748.0
2026-05-21,M004,122822.0
2026-05-21,M005,136896.0
2026-05-21,M006,150970.0
2026-05-21,M007,165044.0
2026-05-21,M008,100998.0
2026-05-21,M009,115072.0
2026-05-21,M010,129146.0
2026-05-21,M011,143220.0
2026-05-21,M012,157294.0
2026-05-21,M013,171368.0
2026-05-21,M014,185442.0
2026-05-21,M015,121396.0
2026-05-21,M016,135470.0
2026-05-21,M017,149544.0
2026-05-21,M018,163618.0
2026-05-21,M019,177692.0
2026-05-21,M020,191766.0
2026-05-21,M021,205840.0
2026-05-21,M022,141794.0
2026-05-21,M023,155868.0
2026-05-21,M024,169942.0
2026-05-21,M025,184016.0
2026-05-21,M026,198090.0
2026-05-21,M027,212164.0
2026-05-21,M028,226238.0
2026-05-21,M029,162192.0
2026-05-21,M030,176266.0
2026-05-21,M031,190340.0
2026-05-21,M032,204414.0
2026-05-21,M033,218488.0
2026-05-21,M034,232562.0
2026-05-21,M035,246636.0
2026-05-21,M036,182590.0
2026-05-21,M037,196664.0
2026-05-21,M038,210738.0
2026-05-21,M039,224812.0
2026-05-21,M040,238886.0
2026-05-21,M041,252960.0
2026-05-21,M042,267034.0
2026-05-21,M043,202988.0
2026-05-21,M044,217062.0
2026-05-21,M045,231136.0
2026-05-21,M046,245210.0
2026-05-21,M047,259284.0
2026-05-21,M048,273358.0
2026-05-22,M001,80600.0
2026-05-22,M002,94674.0
2026-05-22,M003,108748.0
2026-05-22,M004,122822.0
2026-05-22,M005,136896.0
2026-05-22,M006,150970.0
2026-05-22,M007,165044.0
2026-05-22,M008,100998.0
2026-05-22,M009,115072.0
2026-05-22,M010,129146.0
2026-05-22,M011,143220.0
2026-05-22,M012,157294.0
2026-05-22,M013,171368.0
2026-05-22,M014,185442.0
2026-05-22,M015,121396.0
2026-05-22,M016,135470.0
2026-05-22,M017,149544.0
2026-05-22,M018,163618.0
2026-05-22,M019,177692.0
2026-05-22,M020,191766.0
2026-05-22,M021,205840.0
2026-05-22,M022,141794.0
2026-05-22,M023,155868.0
2026-05-22,M024,169942.0
2026-05-22,M025,184016.0
2026-05-22,M026,198090.0
2026-05-22,M027,212164.0
2026-05-22,M028,226238.0
2026-05-22,M029,162192.0
2026-05-22,M030,176266.0
2026-05-22,M031,190340.0
2026-05-22,M032,204414.0
2026-05-22,M033,218488.0
2026-05-22,M034,232562.0
2026-05-22,M035,246636.0
2026-05-22,M036,182590.0
2026-05-22,M037,196664.0
2026-05-22,M038,210738.0
2026-05-22,M039,224812.0
2026-05-22,M040,238886.0
2026-05-22,M041,252960.0
2026-05-22,M042,267034.0
2026-05-22,M043,202988.0
2026-05-22,M044,217062.0
2026-05-22,M045,231136.0
2026-05-22,M046,245210.0
2026-05-22,M047,259284.0
2026-05-22,M048,273358.0
2026-05-23,M001,80600.0
2026-05-23,M002,94674.0
2026-05-23,M003,108748.0
2026-05-23,M004,122822.0
2026-05-23,M005,136896.0
2026-05-23,M006,150970.0
2026-05-23,M007,165044.0
2026-05-23,M008,100998.0
2026-05-23,M009,115072.0
2026-05-23,M010,129146.0
2026-05-23,M011,143220.0
2026-05-23,M012,157294.0
2026-05-23,M013,171368.0
2026-05-23,M014,185442.0
2026-05-23,M015,121396.0
2026-05-23,M016,135470.0
2026-05-23,M017,149544.0
2026-05-23,M018,163618.0
2026-05-23,M019,177692.0
2026-05-23,M020,191766.0
2026-05-23,M021,205840.0
2026-05-23,M022,141794.0
2026-05-23,M023,155868.0
2026-05-23,M024,169942.0
2026-05-23,M025,184016.0
2026-05-23,M026,198090.0
2026-05-23,M027,212164.0
2026-05-23,M028,226238.0
2026-05-23,M029,162192.0
2026-05-23,M030,176266.0
2026-05-23,M031,190340.0
2026-05-23,M032,204414.0
2026-05-23,M033,218488.0
2026-05-23,M034,232562.0
2026-05-23,M035,246636.0
2026-05-23,M036,182590.0
2026-05-23,M037,196664.0
2026-05-23,M038,210738.0
2026-05-23,M039,224812.0
2026-05-23,M040,238886.0
2026-05-23,M041,252960.0
2026-05-23,M042,267034.0
2026-05-23,M043,202988.0
2026-05-23,M044,217062.0
2026-05-23,M045,231136.0
2026-05-23,M046,245210.0
2026-05-23,M047,259284.0
2026-05-23,M048,273358.0
2026-05-24,M001,80600.0
2026-05-24,M002,94674.0
2026-05-24,M003,108748.0
2026-05-24,M004,122822.0
2026-05-24,M005,136896.0
2026-05-24,M006,150970.0
2026-05-24,M007,165044.0
2026-05-24,M008,100998.0
2026-05-24,M009,115072.0
2026-05-24,M010,129146.0
2026-05-24,M011,143220.0
2026-05-24,M012,157294.0
2026-05-24,M013,171368.0
2026-05-24,M014,185442.0
2026-05-24,M015,121396.0
2026-05-24,M016,135470.0
2026-05-24,M017,149544.0
2026-05-24,M018,163618.0
2026-05-24,M019,177692.0
2026-05-24,M020,191766.0
2026-05-24,M021,205840.0
2026-05-24,M022,141794.0
2026-05-24,M023,155868.0
2026-05-24,M024,169942.0
2026-05-24,M025,184016.0
2026-05-24,M026,198090.0
2026-05-24,M027,212164.0
2026-05-24,M028,226238.0
2026-05-24,M029,162192.0
2026-05-24,M030,176266.0
2026-05-24,M031,190340.0
2026-05-24,M032,204414.0
2026-05-24,M033,218488.0
2026-05-24,M034,232562.0
2026-05-24,M035,246636.0
2026-05-24,M036,182590.0
2026-05-24,M037,196664.0
2026-05-24,M038,210738.0
2026-05-24,M039,224812.0
2026-05-24,M040,238886.0
2026-05-24,M041,252960.0
2026-05-24,M042,267034.0
2026-05-24,M043,202988.0
2026-05-24,M044,217062.0
2026-05-24,M045,231136.0
2026-05-24,M046,245210.0
2026-05-24,M047,259284.0
2026-05-24,M048,273358.0
2026-05-25,M001,80600.0
2026-05-25,M002,94674.0
2026-05-25,M003,108748.0
2026-05-25,M004,122822.0
2026-05-25,M005,136896.0
2026-05-25,M006,150970.0
2026-05-25,M007,165044.0
2026-05-25,M008,100998.0
2026-05-25,M009,115072.0
2026-05-25,M010,129146.0
2026-05-25,M011,143220.0
2026-05-25,M012,157294.0
2026-05-25,M013,171368.0
2026-05-25,M014,185442.0
2026-05-25,M015,121396.0
2026-05-25,M016,135470.0
2026-05-25,M017,149544.0
2026-05-25,M018,163618.0
2026-05-25,M019,177692.0
2026-05-25,M020,191766.0
2026-05-25,M021,205840.0
2026-05-25,M022,141794.0
2026-05-25,M023,155868.0
2026-05-25,M024,169942.0
2026-05-25,M025,184016.0
2026-05-25,M026,198090.0
2026-05-25,M027,212164.0
2026-05-25,M028,226238.0
2026-05-25,M029,162192.0
2026-05-25,M030,176266.0
2026-05-25,M031,190340.0
2026-05-25,M032,204414.0
2026-05-25,M033,218488.0
2026-05-25,M034,232562.0
2026-05-25,M035,246636.0
2026-05-25,M036,182590.0
2026-05-25,M037,196664.0
2026-05-25,M038,210738.0
2026-05-25,M039,224812.0
2026-05-25,M040,238886.0
2026-05-25,M041,252960.0
2026-05-25,M042,267034.0
2026-05-25,M043,202988.0
2026-05-25,M044,217062.0
2026-05-25,M045,231136.0
2026-05-25,M046,245210.0
2026-05-25,M047,259284.0
2026-05-25,M048,273358.0
2026-05-26,M001,80600.0
2026-05-26,M002,94674.0
2026-05-26,M003,108748.0
2026-05-26,M004,122822.0
2026-05-26,M005,136896.0
2026-05-26,M006,150970.0
2026-05-26,M007,165044.0
2026-05-26,M008,100998.0
2026-05-26,M009,115072.0
2026-05-26,M010,129146.0
2026-05-26,M011,143220.0
2026-05-26,M012,157294.0
2026-05-26,M013,171368.0
2026-05-26,M014,185442.0
2026-05-26,M015,121396.0
2026-05-26,M016,135470.0
2026-05-26,M017,149544.0
2026-05-26,M018,163618.0
2026-05-26,M019,177692.0
2026-05-26,M020,191766.0
2026-05-26,M021,205840.0
2026-05-26,M022,141794.0
2026-05-26,M023,155868.0
2026-05-26,M024,169942.0
2026-05-26,M025,184016.0
2026-05-26,M026,198090.0
2026-05-26,M027,212164.0
2026-05-26,M028,226238.0
2026-05-26,M029,162192.0
2026-05-26,M030,176266.0
2026-05-26,M031,190340.0
2026-05-26,M032,204414.0
2026-05-26,M033,218488.0
2026-05-26,M034,232562.0
2026-05-26,M035,246636.0
2026-05-26,M036,182590.0
2026-05-26,M037,196664.0
2026-05-26,M038,210738.0
2026-05-26,M039,224812.0
2026-05-26,M040,238886.0
2026-05-26,M041,252960.0
2026-05-26,M042,267034.0
2026-05-26,M043,202988.0
2026-05-26,M044,217062.0
2026-05-26,M045,231136.0
2026-05-26,M046,245210.0
2026-05-26,M047,259284.0
2026-05-26,M048,273358.0
2026-05-27,M001,80600.0
2026-05-27,M002,94674.0
2026-05-27,M003,108748.0
2026-05-27,M004,122822.0
2026-05-27,M005,136896.0
2026-05-27,M006,150970.0
2026-05-27,M007,165044.0
2026-05-27,M008,100998.0
2026-05-27,M009,115072.0
2026-05-27,M010,129146.0
2026-05-27,M011,143220.0
2026-05-27,M012,157294.0
2026-05-27,M013,171368.0
2026-05-27,M014,185442.0
2026-05-27,M015,121396.0
2026-05-27,M016,135470.0
2026-05-27,M017,149544.0
2026-05-27,M018,163618.0
2026-05-27,M019,177692.0
2026-05-27,M020,191766.0
2026-05-27,M021,205840.0
2026-05-27,M022,141794.0
2026-05-27,M023,155868.0
2026-05-27,M024,169942.0
2026-05-27,M025,184016.0
2026-05-27,M026,198090.0
2026-05-27,M027,212164.0
2026-05-27,M028,226238.0
2026-05-27,M029,162192.0
2026-05-27,M030,176266.0
2026-05-27,M031,190340.0
2026-05-27,M032,204414.0
2026-05-27,M033,218488.0
2026-05-27,M034,232562.0
2026-05-27,M035,246636.0
2026-05-27,M036,182590.0
2026-05-27,M037,196664.0
2026-05-27,M038,210738.0
2026-05-27,M039,224812.0
2026-05-27,M040,238886.0
2026-05-27,M041,252960.0
2026-05-27,M042,267034.0
2026-05-27,M043,202988.0
2026-05-27,M044,217062.0
2026-05-27,M045,231136.0
2026-05-27,M046,245210.0
2026-05-27,M047,259284.0
2026-05-27,M048,273358.0
2026-05-28,M001,80600.0
2026-05-28,M002,94674.0
2026-05-28,M003,108748.0
2026-05-28,M004,122822.0
2026-05-28,M005,136896.0
2026-05-28,M006,150970.0
2026-05-28,M007,165044.0
2026-05-28,M008,100998.0
2026-05-28,M009,115072.0
2026-05-28,M010,129146.0
2026-05-28,M011,143220.0
2026-05-28,M012,157294.0
2026-05-28,M013,171368.0
2026-05-28,M014,185442.0
2026-05-28,M015,121396.0
2026-05-28,M016,135470.0
2026-05-28,M017,149544.0
2026-05-28,M018,163618.0
2026-05-28,M019,177692.0
2026-05-28,M020,191766.0
2026-05-28,M021,205840.0
2026-05-28,M022,141794.0
2026-05-28,M023,155868.0
2026-05-28,M024,169942.0
2026-05-28,M025,184016.0
2026-05-28,M026,198090.0
2026-05-28,M027,212164.0
2026-05-28,M028,226238.0
2026-05-28,M029,162192.0
2026-05-28,M030,176266.0
2026-05-28,M031,190340.0
2026-05-28,M032,204414.0
2026-05-28,M033,218488.0
2026-05-28,M034,232562.0
2026-05-28,M035,246636.0
2026-05-28,M036,182590.0
2026-05-28,M037,196664.0
2026-05-28,M038,210738.0
2026-05-28,M039,224812.0
2026-05-28,M040,238886.0
2026-05-28,M041,252960.0
2026-05-28,M042,267034.0
2026-05-28,M043,202988.0
2026-05-28,M044,217062.0
2026-05-28,M045,231136.0
2026-05-28,M046,245210.0
2026-05-28,M047,259284.0
2026-05-28,M048,273358.0
2026-05-29,M001,80600.0
2026-05-29,M002,94674.0
2026-05-29,M003,108748.0
2026-05-29,M004,122822.0
2026-05-29,M005,136896.0
2026-05-29,M006,150970.0
2026-05-29,M007,165044.0
2026-05-29,M008,100998.0
2026-05-29,M009,115072.0
2026-05-29,M010,129146.0
2026-05-29,M011,143220.0
2026-05-29,M012,157294.0
2026-05-29,M013,171368.0
2026-05-29,M014,185442.0
2026-05-29,M015,121396.0
2026-05-29,M016,135470.0
2026-05-29,M017,149544.0
2026-05-29,M018,163618.0
2026-05-29,M019,177692.0
2026-05-29,M020,191766.0
2026-05-29,M021,205840.0
2026-05-29,M022,141794.0
2026-05-29,M023,155868.0
2026-05-29,M024,169942.0
2026-05-29,M025,184016.0
2026-05-29,M026,198090.0
2026-05-29,M027,212164.0
2026-05-29,M028,226238.0
2026-05-29,M029,162192.0
2026-05-29,M030,176266.0
2026-05-29,M031,190340.0
2026-05-29,M032,204414.0
2026-05-29,M033,218488.0
2026-05-29,M034,232562.0
2026-05-29,M035,246636.0
2026-05-29,M036,182590.0
2026-05-29,M037,196664.0
2026-05-29,M038,210738.0
2026-05-29,M039,224812.0
2026-05-29,M040,238886.0
2026-05-29,M041,252960.0
2026-05-29,M042,267034.0
2026-05-29,M043,202988.0
2026-05-29,M044,217062.0
2026-05-29,M045,231136.0
2026-05-29,M046,245210.0
2026-05-29,M047,259284.0
2026-05-29,M048,273358.0
2026-05-30,M001,80600.0
2026-05-30,M002,94674.0
2026-05-30,M003,108748.0
2026-05-30,M004,122822.0
2026-05-30,M005,136896.0
2026-05-30,M006,150970.0
2026-05-30,M007,165044.0
2026-05-30,M008,100998.0
2026-05-30,M009,115072.0
2026-05-30,M010,129146.0
2026-05-30,M011,143220.0
2026-05-30,M012,157294.0
2026-05-30,M013,171368.0
2026-05-30,M014,185442.0
2026-05-30,M015,121396.0
2026-05-30,M016,135470.0
2026-05-30,M017,149544.0
2026-05-30,M018,163618.0
2026-05-30,M019,177692.0
2026-05-30,M020,191766.0
2026-05-30,M021,205840.0
2026-05-30,M022,141794.0
2026-05-30,M023,155868.0
2026-05-30,M024,169942.0
2026-05-30,M025,184016.0
2026-05-30,M026,198090.0
2026-05-30,M027,212164.0
2026-05-30,M028,226238.0
2026-05-30,M029,162192.0
2026-05-30,M030,176266.0
2026-05-30,M031,190340.0
2026-05-30,M032,204414.0
2026-05-30,M033,218488.0
2026-05-30,M034,232562.0
2026-05-30,M035,246636.0
2026-05-30,M036,182590.0
2026-05-30,M037,196664.0
2026-05-30,M038,210738.0
2026-05-30,M039,224812.0
2026-05-30,M040,238886.0
2026-05-30,M041,252960.0
2026-05-30,M042,267034.0
2026-05-30,M043,202988.0
2026-05-30,M044,217062.0
2026-05-30,M045,231136.0
2026-05-30,M046,245210.0
2026-05-30,M047,259284.0
2026-05-30,M048,273358.0
2026-05-31,M001,80600.0
2026-05-31,M002,94674.0
2026-05-31,M003,108748.0
2026-05-31,M004,122822.0
2026-05-31,M005,136896.0
2026-05-31,M006,150970.0
2026-05-31,M007,165044.0
2026-05-31,M008,100998.0
2026-05-31,M009,115072.0
2026-05-31,M010,129146.0
2026-05-31,M011,143220.0
2026-05-31,M012,157294.0
2026-05-31,M013,171368.0
2026-05-31,M014,185442.0
2026-05-31,M015,121396.0
2026-05-31,M016,135470.0
2026-05-31,M017,149544.0
2026-05-31,M018,163618.0
2026-05-31,M019,177692.0
2026-05-31,M020,191766.0
2026-05-31,M021,205840.0
2026-05-31,M022,141794.0
2026-05-31,M023,155868.0
2026-05-31,M024,169942.0
2026-05-31,M025,184016.0
2026-05-31,M026,198090.0
2026-05-31,M027,212164.0
2026-05-31,M028,226238.0
2026-05-31,M029,162192.0
2026-05-31,M030,176266.0
2026-05-31,M031,190340.0
2026-05-31,M032,204414.0
2026-05-31,M033,218488.0
2026-05-31,M034,232562.0
2026-05-31,M035,246636.0
2026-05-31,M036,182590.0
2026-05-31,M037,196664.0
2026-05-31,M038,210738.0
2026-05-31,M039,224812.0
2026-05-31,M040,238886.0
2026-05-31,M041,252960.0
2026-05-31,M042,267034.0
2026-05-31,M043,202988.0
2026-05-31,M044,217062.0
2026-05-31,M045,231136.0
2026-05-31,M046,245210.0
2026-05-31,M047,259284.0
2026-05-31,M048,273358.0
2026-06-01,M001,80600.0
2026-06-01,M002,94674.0
2026-06-01,M003,108748.0
2026-06-01,M004,122822.0
2026-06-01,M005,136896.0
2026-06-01,M006,150970.0
2026-06-01,M007,165044.0
2026-06-01,M008,100998.0
2026-06-01,M009,115072.0
2026-06-01,M010,129146.0
2026-06-01,M011,143220.0
2026-06-01,M012,157294.0
2026-06-01,M013,171368.0
2026-06-01,M014,185442.0
2026-06-01,M015,121396.0
2026-06-01,M016,135470.0
2026-06-01,M017,149544.0
2026-06-01,M018,163618.0
2026-06-01,M019,177692.0
2026-06-01,M020,191766.0
2026-06-01,M021,205840.0
2026-06-01,M022,141794.0
2026-06-01,M023,155868.0
2026-06-01,M024,169942.0
2026-06-01,M025,184016.0
2026-06-01,M026,198090.0
2026-06-01,M027,212164.0
2026-06-01,M028,226238.0
2026-06-01,M029,162192.0
2026-06-01,M030,176266.0
2026-06-01,M031,190340.0
2026-06-01,M032,204414.0
2026-06-01,M033,218488.0
2026-06-01,M034,232562.0
2026-06-01,M035,246636.0
2026-06-01,M036,182590.0
2026-06-01,M037,196664.0
2026-06-01,M038,210738.0
2026-06-01,M039,224812.0
2026-06-01,M040,238886.0
2026-06-01,M041,252960.0
2026-06-01,M042,267034.0
2026-06-01,M043,202988.0
2026-06-01,M044,217062.0
2026-06-01,M045,231136.0
2026-06-01,M046,245210.0
2026-06-01,M047,259284.0
2026-06-01,M048,273358.0
2026-06-02,M001,80600.0
2026-06-02,M002,94674.0
2026-06-02,M003,108748.0
2026-06-02,M004,122822.0
2026-06-02,M005,136896.0
2026-06-02,M006,150970.0
2026-06-02,M007,165044.0
2026-06-02,M008,100998.0
2026-06-02,M009,115072.0
2026-06-02,M010,129146.0
2026-06-02,M011,143220.0
2026-06-02,M012,157294.0
2026-06-02,M013,171368.0
2026-06-02,M014,185442.0
2026-06-02,M015,121396.0
2026-06-02,M016,135470.0
2026-06-02,M017,149544.0
2026-06-02,M018,163618.0
2026-06-02,M019,177692.0
2026-06-02,M020,191766.0
2026-06-02,M021,205840.0
2026-06-02,M022,141794.0
2026-06-02,M023,155868.0
2026-06-02,M024,169942.0
2026-06-02,M025,184016.0
2026-06-02,M026,198090.0
2026-06-02,M027,212164.0
2026-06-02,M028,226238.0
2026-06-02,M029,162192.0
2026-06-02,M030,176266.0
2026-06-02,M031,190340.0
2026-06-02,M032,204414.0
2026-06-02,M033,218488.0
2026-06-02,M034,232562.0
2026-06-02,M035,246636.0
2026-06-02,M036,182590.0
2026-06-02,M037,196664.0
2026-06-02,M038,210738.0
2026-06-02,M039,224812.0
2026-06-02,M040,238886.0
2026-06-02,M041,252960.0
2026-06-02,M042,267034.0
2026-06-02,M043,202988.0
2026-06-02,M044,217062.0
2026-06-02,M045,231136.0
2026-06-02,M046,245210.0
2026-06-02,M047,259284.0
2026-06-02,M048,273358.0
2026-06-03,M001,80600.0
2026-06-03,M002,94674.0
2026-06-03,M003,108748.0
2026-06-03,M004,122822.0
2026-06-03,M005,136896.0
2026-06-03,M006,150970.0
2026-06-03,M007,165044.0
2026-06-03,M008,100998.0
2026-06-03,M009,115072.0
2026-06-03,M010,129146.0
2026-06-03,M011,143220.0
2026-06-03,M012,157294.0
2026-06-03,M013,171368.0
2026-06-03,M014,185442.0
2026-06-03,M015,121396.0
2026-06-03,M016,135470.0
2026-06-03,M017,149544.0
2026-06-03,M018,163618.0
2026-06-03,M019,177692.0
2026-06-03,M020,191766.0
2026-06-03,M021,205840.0
2026-06-03,M022,141794.0
2026-06-03,M023,155868.0
2026-06-03,M024,169942.0
2026-06-03,M025,184016.0
2026-06-03,M026,198090.0
2026-06-03,M027,212164.0
2026-06-03,M028,226238.0
2026-06-03,M029,162192.0
2026-06-03,M030,176266.0
2026-06-03,M031,190340.0
2026-06-03,M032,204414.0
2026-06-03,M033,218488.0
2026-06-03,M034,232562.0
2026-06-03,M035,246636.0
2026-06-03,M036,182590.0
2026-06-03,M037,196664.0
2026-06-03,M038,210738.0
2026-06-03,M039,224812.0
2026-06-03,M040,238886.0
2026-06-03,M041,252960.0
2026-06-03,M042,267034.0
2026-06-03,M043,202988.0
2026-06-03,M044,217062.0
2026-06-03,M045,231136.0
2026-06-03,M046,245210.0
2026-06-03,M047,259284.0
2026-06-03,M048,273358.0
2026-06-04,M001,80600.0
2026-06-04,M002,94674.0
2026-06-04,M003,108748.0
2026-06-04,M004,122822.0
2026-06-04,M005,136896.0
2026-06-04,M006,150970.0
2026-06-04,M007,165044.0
2026-06-04,M008,100998.0
2026-06-04,M009,115072.0
2026-06-04,M010,129146.0
2026-06-04,M011,143220.0
2026-06-04,M012,157294.0
2026-06-04,M013,171368.0
2026-06-04,M014,185442.0
2026-06-04,M015,121396.0
2026-06-04,M016,135470.0
2026-06-04,M017,149544.0
2026-06-04,M018,163618.0
2026-06-04,M019,177692.0
2026-06-04,M020,191766.0
2026-06-04,M021,205840.0
2026-06-04,M022,141794.0
2026-06-04,M023,155868.0
2026-06-04,M024,169942.0
2026-06-04,M025,184016.0
2026-06-04,M026,198090.0
2026-06-04,M027,212164.0
2026-06-04,M028,226238.0
2026-06-04,M029,162192.0
2026-06-04,M030,176266.0
2026-06-04,M031,190340.0
2026-06-04,M032,204414.0
2026-06-04,M033,218488.0
2026-06-04,M034,232562.0
2026-06-04,M035,246636.0
2026-06-04,M036,182590.0
2026-06-04,M037,196664.0
2026-06-04,M038,210738.0
2026-06-04,M039,224812.0
2026-06-04,M040,238886.0
2026-06-04,M041,252960.0
2026-06-04,M042,267034.0
2026-06-04,M043,202988.0
2026-06-04,M044,217062.0
2026-06-04,M045,231136.0
2026-06-04,M046,245210.0
2026-06-04,M047,259284.0
2026-06-04,M048,273358.0
2026-06-05,M001,80600.0
2026-06-05,M002,94674.0
2026-06-05,M003,108748.0
2026-06-05,M004,122822.0
2026-06-05,M005,136896.0
2026-06-05,M006,150970.0
2026-06-05,M007,165044.0
2026-06-05,M008,100998.0
2026-06-05,M009,115072.0
2026-06-05,M010,129146.0
2026-06-05,M011,143220.0
2026-06-05,M012,157294.0
2026-06-05,M013,171368.0
2026-06-05,M014,185442.0
2026-06-05,M015,121396.0
2026-06-05,M016,135470.0
2026-06-05,M017,149544.0
2026-06-05,M018,163618.0
2026-06-05,M019,177692.0
2026-06-05,M020,191766.0
2026-06-05,M021,205840.0
2026-06-05,M022,141794.0
2026-06-05,M023,155868.0
2026-06-05,M024,169942.0
2026-06-05,M025,184016.0
2026-06-05,M026,198090.0
2026-06-05,M027,212164.0
2026-06-05,M028,226238.0
2026-06-05,M029,162192.0
2026-06-05,M030,176266.0
2026-06-05,M031,190340.0
2026-06-05,M032,204414.0
2026-06-05,M033,218488.0
2026-06-05,M034,232562.0
2026-06-05,M035,246636.0
2026-06-05,M036,182590.0
2026-06-05,M037,196664.0
2026-06-05,M038,210738.0
2026-06-05,M039,224812.0
2026-06-05,M040,238886.0
2026-06-05,M041,252960.0
2026-06-05,M042,267034.0
2026-06-05,M043,202988.0
2026-06-05,M044,217062.0
2026-06-05,M045,231136.0
2026-06-05,M046,245210.0
2026-06-05,M047,259284.0
2026-06-05,M048,273358.0
2026-06-06,M001,80600.0
2026-06-06,M002,94674.0
2026-06-06,M003,108748.0
2026-06-06,M004,122822.0
2026-06-06,M005,136896.0
2026-06-06,M006,150970.0
2026-06-06,M007,165044.0
2026-06-06,M008,100998.0
2026-06-06,M009,115072.0
2026-06-06,M010,129146.0
2026-06-06,M011,143220.0
2026-06-06,M012,157294.0
2026-06-06,M013,171368.0
2026-06-06,M014,185442.0
2026-06-06,M015,121396.0
2026-06-06,M016,135470.0
2026-06-06,M017,149544.0
2026-06-06,M018,163618.0
2026-06-06,M019,177692.0
2026-06-06,M020,191766.0
2026-06-06,M021,205840.0
2026-06-06,M022,141794.0
2026-06-06,M023,155868.0
2026-06-06,M024,169942.0
2026-06-06,M025,184016.0
2026-06-06,M026,198090.0
2026-06-06,M027,212164.0
2026-06-06,M028,226238.0
2026-06-06,M029,162192.0
2026-06-06,M030,176266.0
2026-06-06,M031,190340.0
2026-06-06,M032,204414.0
2026-06-06,M033,218488.0
2026-06-06,M034,232562.0
2026-06-06,M035,246636.0
2026-06-06,M036,182590.0
2026-06-06,M037,196664.0
2026-06-06,M038,210738.0
2026-06-06,M039,224812.0
2026-06-06,M040,238886.0
2026-06-06,M041,252960.0
2026-06-06,M042,267034.0
2026-06-06,M043,202988.0
2026-06-06,M044,217062.0
2026-06-06,M045,231136.0
2026-06-06,M046,245210.0
2026-06-06,M047,259284.0
2026-06-06,M048,273358.0
2026-06-07,M001,80600.0
2026-06-07,M002,94674.0
2026-06-07,M003,108748.0
2026-06-07,M004,122822.0
2026-06-07,M005,136896.0
2026-06-07,M006,150970.0
2026-06-07,M007,165044.0
2026-06-07,M008,100998.0
2026-06-07,M009,115072.0
2026-06-07,M010,129146.0
2026-06-07,M011,143220.0
2026-06-07,M012,157294.0
2026-06-07,M013,171368.0
2026-06-07,M014,185442.0
2026-06-07,M015,121396.0
2026-06-07,M016,135470.0
2026-06-07,M017,149544.0
2026-06-07,M018,163618.0
2026-06-07,M019,177692.0
2026-06-07,M020,191766.0
2026-06-07,M021,205840.0
2026-06-07,M022,141794.0
2026-06-07,M023,155868.0
2026-06-07,M024,169942.0
2026-06-07,M025,184016.0
2026-06-07,M026,198090.0
2026-06-07,M027,212164.0
2026-06-07,M028,226238.0
2026-06-07,M029,162192.0
2026-06-07,M030,176266.0
2026-06-07,M031,190340.0
2026-06-07,M032,204414.0
2026-06-07,M033,218488.0
2026-06-07,M034,232562.0
2026-06-07,M035,246636.0
2026-06-07,M036,182590.0
2026-06-07,M037,196664.0
2026-06-07,M038,210738.0
2026-06-07,M039,224812.0
2026-06-07,M040,238886.0
2026-06-07,M041,252960.0
2026-06-07,M042,267034.0
2026-06-07,M043,202988.0
2026-06-07,M044,217062.0
2026-06-07,M045,231136.0
2026-06-07,M046,245210.0
2026-06-07,M047,259284.0
2026-06-07,M048,273358.0
2026-06-08,M001,80600.0
2026-06-08,M002,94674.0
2026-06-08,M003,108748.0
2026-06-08,M004,122822.0
2026-06-08,M005,136896.0
2026-06-08,M006,150970.0
2026-06-08,M007,165044.0
2026-06-08,M008,100998.0
2026-06-08,M009,115072.0
2026-06-08,M010,129146.0
2026-06-08,M011,143220.0
2026-06-08,M012,157294.0
2026-06-08,M013,171368.0
2026-06-08,M014,185442.0
2026-06-08,M015,121396.0
2026-06-08,M016,135470.0
2026-06-08,M017,149544.0
2026-06-08,M018,163618.0
2026-06-08,M019,177692.0
2026-06-08,M020,191766.0
2026-06-08,M021,205840.0
2026-06-08,M022,141794.0
2026-06-08,M023,155868.0
2026-06-08,M024,169942.0
2026-06-08,M025,184016.0
2026-06-08,M026,198090.0
2026-06-08,M027,212164.0
2026-06-08,M028,226238.0
2026-06-08,M029,162192.0
2026-06-08,M030,176266.0
2026-06-08,M031,190340.0
2026-06-08,M032,204414.0
2026-06-08,M033,218488.0
2026-06-08,M034,232562.0
2026-06-08,M035,246636.0
2026-06-08,M036,182590.0
2026-06-08,M037,196664.0
2026-06-08,M038,210738.0
2026-06-08,M039,224812.0
2026-06-08,M040,238886.0
2026-06-08,M041,252960.0
2026-06-08,M042,267034.0
2026-06-08,M043,202988.0
2026-06-08,M044,217062.0
2026-06-08,M045,231136.0
2026-06-08,M046,245210.0
2026-06-08,M047,259284.0
2026-06-08,M048,273358.0
2026-06-09,M001,80600.0
2026-06-09,M002,94674.0
2026-06-09,M003,108748.0
2026-06-09,M004,122822.0
2026-06-09,M005,136896.0
2026-06-09,M006,150970.0
2026-06-09,M007,165044.0
2026-06-09,M008,100998.0
2026-06-09,M009,115072.0
2026-06-09,M010,129146.0
2026-06-09,M011,143220.0
2026-06-09,M012,157294.0
2026-06-09,M013,171368.0
2026-06-09,M014,185442.0
2026-06-09,M015,121396.0
2026-06-09,M016,135470.0
2026-06-09,M017,149544.0
2026-06-09,M018,163618.0
2026-06-09,M019,177692.0
2026-06-09,M020,191766.0
2026-06-09,M021,205840.0
2026-06-09,M022,141794.0
2026-06-09,M023,155868.0
2026-06-09,M024,169942.0
2026-06-09,M025,184016.0
2026-06-09,M026,198090.0
2026-06-09,M027,212164.0
2026-06-09,M028,226238.0
2026-06-09,M029,162192.0
2026-06-09,M030,176266.0
2026-06-09,M031,190340.0
2026-06-09,M032,204414.0
2026-06-09,M033,218488.0
2026-06-09,M034,232562.0
2026-06-09,M035,246636.0
2026-06-09,M036,182590.0
2026-06-09,M037,196664.0
2026-06-09,M038,210738.0
2026-06-09,M039,224812.0
2026-06-09,M040,238886.0
2026-06-09,M041,252960.0
2026-06-09,M042,267034.0
2026-06-09,M043,202988.0
2026-06-09,M044,217062.0
2026-06-09,M045,231136.0
2026-06-09,M046,245210.0
2026-06-09,M047,259284.0
2026-06-09,M048,273358.0
2026-06-10,M001,80600.0
2026-06-10,M002,94674.0
2026-06-10,M003,108748.0
2026-06-10,M004,122822.0
2026-06-10,M005,136896.0
2026-06-10,M006,150970.0
2026-06-10,M007,165044.0
2026-06-10,M008,100998.0
2026-06-10,M009,115072.0
2026-06-10,M010,129146.0
2026-06-10,M011,143220.0
2026-06-10,M012,157294.0
2026-06-10,M013,171368.0
2026-06-10,M014,185442.0
2026-06-10,M015,121396.0
2026-06-10,M016,135470.0
2026-06-10,M017,149544.0
2026-06-10,M018,163618.0
2026-06-10,M019,177692.0
2026-06-10,M020,191766.0
2026-06-10,M021,205840.0
2026-06-10,M022,141794.0
2026-06-10,M023,155868.0
2026-06-10,M024,169942.0
2026-06-10,M025,184016.0
2026-06-10,M026,198090.0
2026-06-10,M027,212164.0
2026-06-10,M028,226238.0
2026-06-10,M029,162192.0
2026-06-10,M030,176266.0
2026-06-10,M031,190340.0
2026-06-10,M032,204414.0
2026-06-10,M033,218488.0
2026-06-10,M034,232562.0
2026-06-10,M035,246636.0
2026-06-10,M036,182590.0
2026-06-10,M037,196664.0
2026-06-10,M038,210738.0
2026-06-10,M039,224812.0
2026-06-10,M040,238886.0
2026-06-10,M041,252960.0
2026-06-10,M042,267034.0
2026-06-10,M043,202988.0
2026-06-10,M044,217062.0
2026-06-10,M045,231136.0
2026-06-10,M046,245210.0
2026-06-10,M047,259284.0
2026-06-10,M048,273358.0
2026-06-11,M001,80600.0
2026-06-11,M002,94674.0
2026-06-11,M003,108748.0
2026-06-11,M004,122822.0
2026-06-11,M005,136896.0
2026-06-11,M006,150970.0
2026-06-11,M007,165044.0
2026-06-11,M008,100998.0
2026-06-11,M009,115072.0
2026-06-11,M010,129146.0
2026-06-11,M011,143220.0
2026-06-11,M012,157294.0
2026-06-11,M013,171368.0
2026-06-11,M014,185442.0
2026-06-11,M015,121396.0
2026-06-11,M016,135470.0
2026-06-11,M017,149544.0
2026-06-11,M018,163618.0
2026-06-11,M019,177692.0
2026-06-11,M020,191766.0
2026-06-11,M021,205840.0
2026-06-11,M022,141794.0
2026-06-11,M023,155868.0
2026-06-11,M024,169942.0
2026-06-11,M025,184016.0
2026-06-11,M026,198090.0
2026-06-11,M027,212164.0
2026-06-11,M028,226238.0
2026-06-11,M029,162192.0
2026-06-11,M030,176266.0
2026-06-11,M031,190340.0
2026-06-11,M032,204414.0
2026-06-11,M033,218488.0
2026-06-11,M034,232562.0
2026-06-11,M035,246636.0
2026-06-11,M036,182590.0
2026-06-11,M037,196664.0
2026-06-11,M038,210738.0
2026-06-11,M039,224812.0
2026-06-11,M040,238886.0
2026-06-11,M041,252960.0
2026-06-11,M042,267034.0
2026-06-11,M043,202988.0
2026-06-11,M044,217062.0
2026-06-11,M045,231136.0
2026-06-11,M046,245210.0
2026-06-11,M047,259284.0
2026-06-11,M048,273358.0
2026-06-12,M001,80600.0
2026-06-12,M002,94674.0
2026-06-12,M003,108748.0
2026-06-12,M004,122822.0
2026-06-12,M005,136896.0
2026-06-12,M006,150970.0
2026-06-12,M007,165044.0
2026-06-12,M008,100998.0
2026-06-12,M009,115072.0
2026-06-12,M010,129146.0
2026-06-12,M011,143220.0
2026-06-12,M012,157294.0
2026-06-12,M013,171368.0
2026-06-12,M014,185442.0
2026-06-12,M015,121396.0
2026-06-12,M016,135470.0
2026-06-12,M017,149544.0
2026-06-12,M018,163618.0
2026-06-12,M019,177692.0
2026-06-12,M020,191766.0
2026-06-12,M021,205840.0
2026-06-12,M022,141794.0
2026-06-12,M023,155868.0
2026-06-12,M024,169942.0
2026-06-12,M025,184016.0
2026-06-12,M026,198090.0
2026-06-12,M027,212164.0
2026-06-12,M028,226238.0
2026-06-12,M029,162192.0
2026-06-12,M030,176266.0
2026-06-12,M031,190340.0
2026-06-12,M032,204414.0
2026-06-12,M033,218488.0
2026-06-12,M034,232562.0
2026-06-12,M035,246636.0
2026-06-12,M036,182590.0
2026-06-12,M037,196664.0
2026-06-12,M038,210738.0
2026-06-12,M039,224812.0
2026-06-12,M040,238886.0
2026-06-12,M041,252960.0
2026-06-12,M042,267034.0
2026-06-12,M043,202988.0
2026-06-12,M044,217062.0
2026-06-12,M045,231136.0
2026-06-12,M046,245210.0
2026-06-12,M047,259284.0
2026-06-12,M048,273358.0
2026-06-13,M001,80600.0
2026-06-13,M002,94674.0
2026-06-13,M003,108748.0
2026-06-13,M004,122822.0
2026-06-13,M005,136896.0
2026-06-13,M006,150970.0
2026-06-13,M007,165044.0
2026-06-13,M008,100998.0
2026-06-13,M009,115072.0
2026-06-13,M010,129146.0
2026-06-13,M011,143220.0
2026-06-13,M012,157294.0
2026-06-13,M013,171368.0
2026-06-13,M014,185442.0
2026-06-13,M015,121396.0
2026-06-13,M016,135470.0
2026-06-13,M017,149544.0
2026-06-13,M018,163618.0
2026-06-13,M019,177692.0
2026-06-13,M020,191766.0
2026-06-13,M021,205840.0
2026-06-13,M022,141794.0
2026-06-13,M023,155868.0
2026-06-13,M024,169942.0
2026-06-13,M025,184016.0
2026-06-13,M026,198090.0
2026-06-13,M027,212164.0
2026-06-13,M028,226238.0
2026-06-13,M029,162192.0
2026-06-13,M030,176266.0
2026-06-13,M031,190340.0
2026-06-13,M032,204414.0
2026-06-13,M033,218488.0
2026-06-13,M034,232562.0
2026-06-13,M035,246636.0
2026-06-13,M036,182590.0
2026-06-13,M037,196664.0
2026-06-13,M038,210738.0
2026-06-13,M039,224812.0
2026-06-13,M040,238886.0
2026-06-13,M041,252960.0
2026-06-13,M042,267034.0
2026-06-13,M043,202988.0
2026-06-13,M044,217062.0
2026-06-13,M045,231136.0
2026-06-13,M046,245210.0
2026-06-13,M047,259284.0
2026-06-13,M048,273358.0
2026-06-14,M001,80600.0
2026-06-14,M002,94674.0
2026-06-14,M003,108748.0
2026-06-14,M004,122822.0
2026-06-14,M005,136896.0
2026-06-14,M006,150970.0
2026-06-14,M007,165044.0
2026-06-14,M008,100998.0
2026-06-14,M009,115072.0
2026-06-14,M010,129146.0
2026-06-14,M011,143220.0
2026-06-14,M012,157294.0
2026-06-14,M013,171368.0
2026-06-14,M014,185442.0
2026-06-14,M015,121396.0
2026-06-14,M016,135470.0
2026-06-14,M017,149544.0
2026-06-14,M018,163618.0
2026-06-14,M019,177692.0
2026-06-14,M020,191766.0
2026-06-14,M021,205840.0
2026-06-14,M022,141794.0
2026-06-14,M023,155868.0
2026-06-14,M024,169942.0
2026-06-14,M025,184016.0
2026-06-14,M026,198090.0
2026-06-14,M027,212164.0
2026-06-14,M028,226238.0
2026-06-14,M029,162192.0
2026-06-14,M030,176266.0
2026-06-14,M031,190340.0
2026-06-14,M032,204414.0
2026-06-14,M033,218488.0
2026-06-14,M034,232562.0
2026-06-14,M035,246636.0
2026-06-14,M036,182590.0
2026-06-14,M037,196664.0
2026-06-14,M038,210738.0
2026-06-14,M039,224812.0
2026-06-14,M040,238886.0
2026-06-14,M041,252960.0
2026-06-14,M042,267034.0
2026-06-14,M043,202988.0
2026-06-14,M044,217062.0
2026-06-14,M045,231136.0
2026-06-14,M046,245210.0
2026-06-14,M047,259284.0
2026-06-14,M048,273358.0
2026-06-15,M001,80600.0
2026-06-15,M002,94674.0
2026-06-15,M003,108748.0
2026-06-15,M004,122822.0
2026-06-15,M005,136896.0
2026-06-15,M006,150970.0
2026-06-15,M007,165044.0
2026-06-15,M008,100998.0
2026-06-15,M009,115072.0
2026-06-15,M010,129146.0
2026-06-15,M011,143220.0
2026-06-15,M012,157294.0
2026-06-15,M013,171368.0
2026-06-15,M014,185442.0
2026-06-15,M015,121396.0
2026-06-15,M016,135470.0
2026-06-15,M017,149544.0
2026-06-15,M018,163618.0
2026-06-15,M019,177692.0
2026-06-15,M020,191766.0
2026-06-15,M021,205840.0
2026-06-15,M022,141794.0
2026-06-15,M023,155868.0
2026-06-15,M024,169942.0
2026-06-15,M025,184016.0
2026-06-15,M026,198090.0
2026-06-15,M027,212164.0
2026-06-15,M028,226238.0
2026-06-15,M029,162192.0
2026-06-15,M030,176266.0
2026-06-15,M031,190340.0
2026-06-15,M032,204414.0
2026-06-15,M033,218488.0
2026-06-15,M034,232562.0
2026-06-15,M035,246636.0
2026-06-15,M036,182590.0
2026-06-15,M037,196664.0
2026-06-15,M038,210738.0
2026-06-15,M039,224812.0
2026-06-15,M040,238886.0
2026-06-15,M041,252960.0
2026-06-15,M042,267034.0
2026-06-15,M043,202988.0
2026-06-15,M044,217062.0
2026-06-15,M045,231136.0
2026-06-15,M046,245210.0
2026-06-15,M047,259284.0
2026-06-15,M048,273358.0
2026-06-16,M001,80600.0
2026-06-16,M002,94674.0
2026-06-16,M003,108748.0
2026-06-16,M004,122822.0
2026-06-16,M005,136896.0
2026-06-16,M006,150970.0
2026-06-16,M007,165044.0
2026-06-16,M008,100998.0
2026-06-16,M009,115072.0
2026-06-16,M010,129146.0
2026-06-16,M011,143220.0
2026-06-16,M012,157294.0
2026-06-16,M013,171368.0
2026-06-16,M014,185442.0
2026-06-16,M015,121396.0
2026-06-16,M016,135470.0
2026-06-16,M017,149544.0
2026-06-16,M018,163618.0
2026-06-16,M019,177692.0
2026-06-16,M020,191766.0
2026-06-16,M021,205840.0
2026-06-16,M022,141794.0
2026-06-16,M023,155868.0
2026-06-16,M024,169942.0
2026-06-16,M025,184016.0
2026-06-16,M026,198090.0
2026-06-16,M027,212164.0
2026-06-16,M028,226238.0
2026-06-16,M029,162192.0
2026-06-16,M030,176266.0
2026-06-16,M031,190340.0
2026-06-16,M032,204414.0
2026-06-16,M033,218488.0
2026-06-16,M034,232562.0
2026-06-16,M035,246636.0
2026-06-16,M036,182590.0
2026-06-16,M037,196664.0
2026-06-16,M038,210738.0
2026-06-16,M039,224812.0
2026-06-16,M040,238886.0
2026-06-16,M041,252960.0
2026-06-16,M042,267034.0
2026-06-16,M043,202988.0
2026-06-16,M044,217062.0
2026-06-16,M045,231136.0
2026-06-16,M046,245210.0
2026-06-16,M047,259284.0
2026-06-16,M048,273358.0
2026-06-17,M001,80600.0
2026-06-17,M002,94674.0
2026-06-17,M003,108748.0
2026-06-17,M004,122822.0
2026-06-17,M005,136896.0
2026-06-17,M006,150970.0
2026-06-17,M007,165044.0
2026-06-17,M008,100998.0
2026-06-17,M009,115072.0
2026-06-17,M010,129146.0
2026-06-17,M011,143220.0
2026-06-17,M012,157294.0
2026-06-17,M013,171368.0
2026-06-17,M014,185442.0
2026-06-17,M015,121396.0
2026-06-17,M016,135470.0
2026-06-17,M017,149544.0
2026-06-17,M018,163618.0
2026-06-17,M019,177692.0
2026-06-17,M020,191766.0
2026-06-17,M021,205840.0
2026-06-17,M022,141794.0
2026-06-17,M023,155868.0
2026-06-17,M024,169942.0
2026-06-17,M025,184016.0
2026-06-17,M026,198090.0
2026-06-17,M027,212164.0
2026-06-17,M028,226238.0
2026-06-17,M029,162192.0
2026-06-17,M030,176266.0
2026-06-17,M031,190340.0
2026-06-17,M032,204414.0
2026-06-17,M033,218488.0
2026-06-17,M034,232562.0
2026-06-17,M035,246636.0
2026-06-17,M036,182590.0
2026-06-17,M037,196664.0
2026-06-17,M038,210738.0
2026-06-17,M039,224812.0
2026-06-17,M040,238886.0
2026-06-17,M041,252960.0
2026-06-17,M042,267034.0
2026-06-17,M043,202988.0
2026-06-17,M044,217062.0
2026-06-17,M045,231136.0
2026-06-17,M046,245210.0
2026-06-17,M047,259284.0
2026-06-17,M048,273358.0
2026-06-18,M001,80600.0
2026-06-18,M002,94674.0
2026-06-18,M003,108748.0
2026-06-18,M004,122822.0
2026-06-18,M005,136896.0
2026-06-18,M006,150970.0
2026-06-18,M007,165044.0
2026-06-18,M008,100998.0
2026-06-18,M009,115072.0
2026-06-18,M010,129146.0
2026-06-18,M011,143220.0
2026-06-18,M012,157294.0
2026-06-18,M013,171368.0
2026-06-18,M014,185442.0
2026-06-18,M015,121396.0
2026-06-18,M016,135470.0
2026-06-18,M017,149544.0
2026-06-18,M018,163618.0
2026-06-18,M019,177692.0
2026-06-18,M020,191766.0
2026-06-18,M021,205840.0
2026-06-18,M022,141794.0
2026-06-18,M023,155868.0
2026-06-18,M024,169942.0
2026-06-18,M025,184016.0
2026-06-18,M026,198090.0
2026-06-18,M027,212164.0
2026-06-18,M028,226238.0
2026-06-18,M029,162192.0
2026-06-18,M030,176266.0
2026-06-18,M031,190340.0
2026-06-18,M032,204414.0
2026-06-18,M033,218488.0
2026-06-18,M034,232562.0
2026-06-18,M035,246636.0
2026-06-18,M036,182590.0
2026-06-18,M037,196664.0
2026-06-18,M038,210738.0
2026-06-18,M039,224812.0
2026-06-18,M040,238886.0
2026-06-18,M041,252960.0
2026-06-18,M042,267034.0
2026-06-18,M043,202988.0
2026-06-18,M044,217062.0
2026-06-18,M045,231136.0
2026-06-18,M046,245210.0
2026-06-18,M047,259284.0
2026-06-18,M048,273358.0
2026-06-19,M001,80600.0
2026-06-19,M002,94674.0
2026-06-19,M003,108748.0
2026-06-19,M004,122822.0
2026-06-19,M005,136896.0
2026-06-19,M006,150970.0
2026-06-19,M007,165044.0
2026-06-19,M008,100998.0
2026-06-19,M009,115072.0
2026-06-19,M010,129146.0
2026-06-19,M011,143220.0
2026-06-19,M012,157294.0
2026-06-19,M013,171368.0
2026-06-19,M014,185442.0
2026-06-19,M015,121396.0
2026-06-19,M016,135470.0
2026-06-19,M017,149544.0
2026-06-19,M018,163618.0
2026-06-19,M019,177692.0
2026-06-19,M020,191766.0
2026-06-19,M021,205840.0
2026-06-19,M022,141794.0
2026-06-19,M023,155868.0
2026-06-19,M024,169942.0
2026-06-19,M025,184016.0
2026-06-19,M026,198090.0
2026-06-19,M027,212164.0
2026-06-19,M028,226238.0
2026-06-19,M029,162192.0
2026-06-19,M030,176266.0
2026-06-19,M031,190340.0
2026-06-19,M032,204414.0
2026-06-19,M033,218488.0
2026-06-19,M034,232562.0
2026-06-19,M035,246636.0
2026-06-19,M036,182590.0
2026-06-19,M037,196664.0
2026-06-19,M038,210738.0
2026-06-19,M039,224812.0
2026-06-19,M040,238886.0
2026-06-19,M041,252960.0
2026-06-19,M042,267034.0
2026-06-19,M043,202988.0
2026-06-19,M044,217062.0
2026-06-19,M045,231136.0
2026-06-19,M046,245210.0
2026-06-19,M047,259284.0
2026-06-19,M048,273358.0
2026-06-20,M001,80600.0
2026-06-20,M002,94674.0
2026-06-20,M003,108748.0
2026-06-20,M004,122822.0
2026-06-20,M005,136896.0
2026-06-20,M006,150970.0
2026-06-20,M007,165044.0
2026-06-20,M008,100998.0
2026-06-20,M009,115072.0
2026-06-20,M010,129146.0
2026-06-20,M011,143220.0
2026-06-20,M012,157294.0
2026-06-20,M013,171368.0
2026-06-20,M014,185442.0
2026-06-20,M015,121396.0
2026-06-20,M016,135470.0
2026-06-20,M017,149544.0
2026-06-20,M018,163618.0
2026-06-20,M019,177692.0
2026-06-20,M020,191766.0
2026-06-20,M021,205840.0
2026-06-20,M022,141794.0
2026-06-20,M023,155868.0
2026-06-20,M024,169942.0
2026-06-20,M025,184016.0
2026-06-20,M026,198090.0
2026-06-20,M027,212164.0
2026-06-20,M028,226238.0
2026-06-20,M029,162192.0
2026-06-20,M030,176266.0
2026-06-20,M031,190340.0
2026-06-20,M032,204414.0
2026-06-20,M033,218488.0
2026-06-20,M034,232562.0
2026-06-20,M035,246636.0
2026-06-20,M036,182590.0
2026-06-20,M037,196664.0
2026-06-20,M038,210738.0
2026-06-20,M039,224812.0
2026-06-20,M040,238886.0
2026-06-20,M041,252960.0
2026-06-20,M042,267034.0
2026-06-20,M043,202988.0
2026-06-20,M044,217062.0
2026-06-20,M045,231136.0
2026-06-20,M046,245210.0
2026-06-20,M047,259284.0
2026-06-20,M048,273358.0
2026-06-21,M001,80600.0
2026-06-21,M002,94674.0
2026-06-21,M003,108748.0
2026-06-21,M004,122822.0
2026-06-21,M005,136896.0
2026-06-21,M006,150970.0
2026-06-21,M007,165044.0
2026-06-21,M008,100998.0
2026-06-21,M009,115072.0
2026-06-21,M010,129146.0
2026-06-21,M011,143220.0
2026-06-21,M012,157294.0
2026-06-21,M013,171368.0
2026-06-21,M014,185442.0
2026-06-21,M015,121396.0
2026-06-21,M016,135470.0
2026-06-21,M017,149544.0
2026-06-21,M018,163618.0
2026-06-21,M019,177692.0
2026-06-21,M020,191766.0
2026-06-21,M021,205840.0
2026-06-21,M022,141794.0
2026-06-21,M023,155868.0
2026-06-21,M024,169942.0
2026-06-21,M025,184016.0
2026-06-21,M026,198090.0
2026-06-21,M027,212164.0
2026-06-21,M028,226238.0
2026-06-21,M029,162192.0
2026-06-21,M030,176266.0
2026-06-21,M031,190340.0
2026-06-21,M032,204414.0
2026-06-21,M033,218488.0
2026-06-21,M034,232562.0
2026-06-21,M035,246636.0
2026-06-21,M036,182590.0
2026-06-21,M037,196664.0
2026-06-21,M038,210738.0
2026-06-21,M039,224812.0
2026-06-21,M040,238886.0
2026-06-21,M041,252960.0
2026-06-21,M042,267034.0
2026-06-21,M043,202988.0
2026-06-21,M044,217062.0
2026-06-21,M045,231136.0
2026-06-21,M046,245210.0
2026-06-21,M047,259284.0
2026-06-21,M048,273358.0
2026-06-22,M001,80600.0
2026-06-22,M002,94674.0
2026-06-22,M003,108748.0
2026-06-22,M004,122822.0
2026-06-22,M005,136896.0
2026-06-22,M006,150970.0
2026-06-22,M007,165044.0
2026-06-22,M008,100998.0
2026-06-22,M009,115072.0
2026-06-22,M010,129146.0
2026-06-22,M011,143220.0
2026-06-22,M012,157294.0
2026-06-22,M013,171368.0
2026-06-22,M014,185442.0
2026-06-22,M015,121396.0
2026-06-22,M016,135470.0
2026-06-22,M017,149544.0
2026-06-22,M018,163618.0
2026-06-22,M019,177692.0
2026-06-22,M020,191766.0
2026-06-22,M021,205840.0
2026-06-22,M022,141794.0
2026-06-22,M023,155868.0
2026-06-22,M024,169942.0
2026-06-22,M025,184016.0
2026-06-22,M026,198090.0
2026-06-22,M027,212164.0
2026-06-22,M028,226238.0
2026-06-22,M029,162192.0
2026-06-22,M030,176266.0
2026-06-22,M031,190340.0
2026-06-22,M032,204414.0
2026-06-22,M033,218488.0
2026-06-22,M034,232562.0
2026-06-22,M035,246636.0
2026-06-22,M036,182590.0
2026-06-22,M037,196664.0
2026-06-22,M038,210738.0
2026-06-22,M039,224812.0
2026-06-22,M040,238886.0
2026-06-22,M041,252960.0
2026-06-22,M042,267034.0
2026-06-22,M043,202988.0
2026-06-22,M044,217062.0
2026-06-22,M045,231136.0
2026-06-22,M046,245210.0
2026-06-22,M047,259284.0
2026-06-22,M048,273358.0
2026-06-23,M001,80600.0
2026-06-23,M002,94674.0
2026-06-23,M003,108748.0
2026-06-23,M004,122822.0
2026-06-23,M005,136896.0
2026-06-23,M006,150970.0
2026-06-23,M007,165044.0
2026-06-23,M008,100998.0
2026-06-23,M009,115072.0
2026-06-23,M010,129146.0
2026-06-23,M011,143220.0
2026-06-23,M012,157294.0
2026-06-23,M013,171368.0
2026-06-23,M014,185442.0
2026-06-23,M015,121396.0
2026-06-23,M016,135470.0
2026-06-23,M017,149544.0
2026-06-23,M018,163618.0
2026-06-23,M019,177692.0
2026-06-23,M020,191766.0
2026-06-23,M021,205840.0
2026-06-23,M022,141794.0
2026-06-23,M023,155868.0
2026-06-23,M024,169942.0
2026-06-23,M025,184016.0
2026-06-23,M026,198090.0
2026-06-23,M027,212164.0
2026-06-23,M028,226238.0
2026-06-23,M029,162192.0
2026-06-23,M030,176266.0
2026-06-23,M031,190340.0
2026-06-23,M032,204414.0
2026-06-23,M033,218488.0
2026-06-23,M034,232562.0
2026-06-23,M035,246636.0
2026-06-23,M036,182590.0
2026-06-23,M037,196664.0
2026-06-23,M038,210738.0
2026-06-23,M039,224812.0
2026-06-23,M040,238886.0
2026-06-23,M041,252960.0
2026-06-23,M042,267034.0
2026-06-23,M043,202988.0
2026-06-23,M044,217062.0
2026-06-23,M045,231136.0
2026-06-23,M046,245210.0
2026-06-23,M047,259284.0
2026-06-23,M048,273358.0
2026-06-24,M001,80600.0
2026-06-24,M002,94674.0
2026-06-24,M003,108748.0
2026-06-24,M004,122822.0
2026-06-24,M005,136896.0
2026-06-24,M006,150970.0
2026-06-24,M007,165044.0
2026-06-24,M008,100998.0
2026-06-24,M009,115072.0
2026-06-24,M010,129146.0
2026-06-24,M011,143220.0
2026-06-24,M012,157294.0
2026-06-24,M013,171368.0
2026-06-24,M014,185442.0
2026-06-24,M015,121396.0
2026-06-24,M016,135470.0
2026-06-24,M017,149544.0
2026-06-24,M018,163618.0
2026-06-24,M019,177692.0
2026-06-24,M020,191766.0
2026-06-24,M021,205840.0
2026-06-24,M022,141794.0
2026-06-24,M023,155868.0
2026-06-24,M024,169942.0
2026-06-24,M025,184016.0
2026-06-24,M026,198090.0
2026-06-24,M027,212164.0
2026-06-24,M028,226238.0
2026-06-24,M029,162192.0
2026-06-24,M030,176266.0
2026-06-24,M031,190340.0
2026-06-24,M032,204414.0
2026-06-24,M033,218488.0
2026-06-24,M034,232562.0
2026-06-24,M035,246636.0
2026-06-24,M036,182590.0
2026-06-24,M037,196664.0
2026-06-24,M038,210738.0
2026-06-24,M039,224812.0
2026-06-24,M040,238886.0
2026-06-24,M041,252960.0
2026-06-24,M042,267034.0
2026-06-24,M043,202988.0
2026-06-24,M044,217062.0
2026-06-24,M045,231136.0
2026-06-24,M046,245210.0
2026-06-24,M047,259284.0
2026-06-24,M048,273358.0
2026-06-25,M001,80600.0
2026-06-25,M002,94674.0
2026-06-25,M003,108748.0
2026-06-25,M004,122822.0
2026-06-25,M005,136896.0
2026-06-25,M006,150970.0
2026-06-25,M007,165044.0
2026-06-25,M008,100998.0
2026-06-25,M009,115072.0
2026-06-25,M010,129146.0
2026-06-25,M011,143220.0
2026-06-25,M012,157294.0
2026-06-25,M013,171368.0
2026-06-25,M014,185442.0
2026-06-25,M015,121396.0
2026-06-25,M016,135470.0
2026-06-25,M017,149544.0
2026-06-25,M018,163618.0
2026-06-25,M019,177692.0
2026-06-25,M020,191766.0
2026-06-25,M021,205840.0
2026-06-25,M022,141794.0
2026-06-25,M023,155868.0
2026-06-25,M024,169942.0
2026-06-25,M025,184016.0
2026-06-25,M026,198090.0
2026-06-25,M027,212164.0
2026-06-25,M028,226238.0
2026-06-25,M029,162192.0
2026-06-25,M030,176266.0
2026-06-25,M031,190340.0
2026-06-25,M032,204414.0
2026-06-25,M033,218488.0
2026-06-25,M034,232562.0
2026-06-25,M035,246636.0
2026-06-25,M036,182590.0
2026-06-25,M037,196664.0
2026-06-25,M038,210738.0
2026-06-25,M039,224812.0
2026-06-25,M040,238886.0
2026-06-25,M041,252960.0
2026-06-25,M042,267034.0
2026-06-25,M043,202988.0
2026-06-25,M044,217062.0
2026-06-25,M045,231136.0
2026-06-25,M046,245210.0
2026-06-25,M047,259284.0
2026-06-25,M048,273358.0
2026-06-26,M001,80600.0
2026-06-26,M002,94674.0
2026-06-26,M003,108748.0
2026-06-26,M004,122822.0
2026-06-26,M005,136896.0
2026-06-26,M006,150970.0
2026-06-26,M007,165044.0
2026-06-26,M008,100998.0
2026-06-26,M009,115072.0
2026-06-26,M010,129146.0
2026-06-26,M011,143220.0
2026-06-26,M012,157294.0
2026-06-26,M013,171368.0
2026-06-26,M014,185442.0
2026-06-26,M015,121396.0
2026-06-26,M016,135470.0
2026-06-26,M017,149544.0
2026-06-26,M018,163618.0
2026-06-26,M019,177692.0
2026-06-26,M020,191766.0
2026-06-26,M021,205840.0
2026-06-26,M022,141794.0
2026-06-26,M023,155868.0
2026-06-26,M024,169942.0
2026-06-26,M025,184016.0
2026-06-26,M026,198090.0
2026-06-26,M027,212164.0
2026-06-26,M028,226238.0
2026-06-26,M029,162192.0
2026-06-26,M030,176266.0
2026-06-26,M031,190340.0
2026-06-26,M032,204414.0
2026-06-26,M033,218488.0
2026-06-26,M034,232562.0
2026-06-26,M035,246636.0
2026-06-26,M036,182590.0
2026-06-26,M037,196664.0
2026-06-26,M038,210738.0
2026-06-26,M039,224812.0
2026-06-26,M040,238886.0
2026-06-26,M041,252960.0
2026-06-26,M042,267034.0
2026-06-26,M043,202988.0
2026-06-26,M044,217062.0
2026-06-26,M045,231136.0
2026-06-26,M046,245210.0
2026-06-26,M047,259284.0
2026-06-26,M048,273358.0
2026-06-27,M001,80600.0
2026-06-27,M002,94674.0
2026-06-27,M003,108748.0
2026-06-27,M004,122822.0
2026-06-27,M005,136896.0
2026-06-27,M006,150970.0
2026-06-27,M007,165044.0
2026-06-27,M008,100998.0
2026-06-27,M009,115072.0
2026-06-27,M010,129146.0
2026-06-27,M011,143220.0
2026-06-27,M012,157294.0
2026-06-27,M013,171368.0
2026-06-27,M014,185442.0
2026-06-27,M015,121396.0
2026-06-27,M016,135470.0
2026-06-27,M017,149544.0
2026-06-27,M018,163618.0
2026-06-27,M019,177692.0
2026-06-27,M020,191766.0
2026-06-27,M021,205840.0
2026-06-27,M022,141794.0
2026-06-27,M023,155868.0
2026-06-27,M024,169942.0
2026-06-27,M025,184016.0
2026-06-27,M026,198090.0
2026-06-27,M027,212164.0
2026-06-27,M028,226238.0
2026-06-27,M029,162192.0
2026-06-27,M030,176266.0
2026-06-27,M031,190340.0
2026-06-27,M032,204414.0
2026-06-27,M033,218488.0
2026-06-27,M034,232562.0
2026-06-27,M035,246636.0
2026-06-27,M036,182590.0
2026-06-27,M037,196664.0
2026-06-27,M038,210738.0
2026-06-27,M039,224812.0
2026-06-27,M040,238886.0
2026-06-27,M041,252960.0
2026-06-27,M042,267034.0
2026-06-27,M043,202988.0
2026-06-27,M044,217062.0
2026-06-27,M045,231136.0
2026-06-27,M046,245210.0
2026-06-27,M047,259284.0
2026-06-27,M048,273358.0
2026-06-28,M001,80600.0
2026-06-28,M002,94674.0
2026-06-28,M003,108748.0
2026-06-28,M004,122822.0
2026-06-28,M005,136896.0
2026-06-28,M006,150970.0
2026-06-28,M007,165044.0
2026-06-28,M008,100998.0
2026-06-28,M009,115072.0
2026-06-28,M010,129146.0
2026-06-28,M011,143220.0
2026-06-28,M012,157294.0
2026-06-28,M013,171368.0
2026-06-28,M014,185442.0
2026-06-28,M015,121396.0
2026-06-28,M016,135470.0
2026-06-28,M017,149544.0
2026-06-28,M018,163618.0
2026-06-28,M019,177692.0
2026-06-28,M020,191766.0
2026-06-28,M021,205840.0
2026-06-28,M022,141794.0
2026-06-28,M023,155868.0
2026-06-28,M024,169942.0
2026-06-28,M025,184016.0
2026-06-28,M026,198090.0
2026-06-28,M027,212164.0
2026-06-28,M028,226238.0
2026-06-28,M029,162192.0
2026-06-28,M030,176266.0
2026-06-28,M031,190340.0
2026-06-28,M032,204414.0
2026-06-28,M033,218488.0
2026-06-28,M034,232562.0
2026-06-28,M035,246636.0
2026-06-28,M036,182590.0
2026-06-28,M037,196664.0
2026-06-28,M038,210738.0
2026-06-28,M039,224812.0
2026-06-28,M040,238886.0
2026-06-28,M041,252960.0
2026-06-28,M042,267034.0
2026-06-28,M043,202988.0
2026-06-28,M044,217062.0
2026-06-28,M045,231136.0
2026-06-28,M046,245210.0
2026-06-28,M047,259284.0
2026-06-28,M048,273358.0
2026-06-29,M001,80600.0
2026-06-29,M002,94674.0
2026-06-29,M003,108748.0
2026-06-29,M004,122822.0
2026-06-29,M005,136896.0
2026-06-29,M006,150970.0
2026-06-29,M007,165044.0
2026-06-29,M008,100998.0
2026-06-29,M009,115072.0
2026-06-29,M010,129146.0
2026-06-29,M011,143220.0
2026-06-29,M012,157294.0
2026-06-29,M013,171368.0
2026-06-29,M014,185442.0
2026-06-29,M015,121396.0
2026-06-29,M016,135470.0
2026-06-29,M017,149544.0
2026-06-29,M018,163618.0
2026-06-29,M019,177692.0
2026-06-29,M020,191766.0
2026-06-29,M021,205840.0
2026-06-29,M022,141794.0
2026-06-29,M023,155868.0
2026-06-29,M024,169942.0
2026-06-29,M025,184016.0
2026-06-29,M026,198090.0
2026-06-29,M027,212164.0
2026-06-29,M028,226238.0
2026-06-29,M029,162192.0
2026-06-29,M030,176266.0
2026-06-29,M031,190340.0
2026-06-29,M032,204414.0
2026-06-29,M033,218488.0
2026-06-29,M034,232562.0
2026-06-29,M035,246636.0
2026-06-29,M036,182590.0
2026-06-29,M037,196664.0
2026-06-29,M038,210738.0
2026-06-29,M039,224812.0
2026-06-29,M040,238886.0
2026-06-29,M041,252960.0
2026-06-29,M042,267034.0
2026-06-29,M043,202988.0
2026-06-29,M044,217062.0
2026-06-29,M045,231136.0
2026-06-29,M046,245210.0
2026-06-29,M047,259284.0
2026-06-29,M048,273358.0
2026-06-30,M001,80600.0
2026-06-30,M002,94674.0
2026-06-30,M003,108748.0
2026-06-30,M004,122822.0
2026-06-30,M005,136896.0
2026-06-30,M006,150970.0
2026-06-30,M007,165044.0
2026-06-30,M008,100998.0
2026-06-30,M009,115072.0
2026-06-30,M010,129146.0
2026-06-30,M011,143220.0
2026-06-30,M012,157294.0
2026-06-30,M013,171368.0
2026-06-30,M014,185442.0
2026-06-30,M015,121396.0
2026-06-30,M016,135470.0
2026-06-30,M017,149544.0
2026-06-30,M018,163618.0
2026-06-30,M019,177692.0
2026-06-30,M020,191766.0
2026-06-30,M021,205840.0
2026-06-30,M022,141794.0
2026-06-30,M023,155868.0
2026-06-30,M024,169942.0
2026-06-30,M025,184016.0
2026-06-30,M026,198090.0
2026-06-30,M027,212164.0
2026-06-30,M028,226238.0
2026-06-30,M029,162192.0
2026-06-30,M030,176266.0
2026-06-30,M031,190340.0
2026-06-30,M032,204414.0
2026-06-30,M033,218488.0
2026-06-30,M034,232562.0
2026-06-30,M035,246636.0
2026-06-30,M036,182590.0
2026-06-30,M037,196664.0
2026-06-30,M038,210738.0
2026-06-30,M039,224812.0
2026-06-30,M040,238886.0
2026-06-30,M041,252960.0
2026-06-30,M042,267034.0
2026-06-30,M043,202988.0
2026-06-30,M044,217062.0
2026-06-30,M045,231136.0
2026-06-30,M046,245210.0
2026-06-30,M047,259284.0
2026-06-30,M048,273358.0
2026-07-01,M001,80600.0
2026-07-01,M002,94674.0
2026-07-01,M003,108748.0
2026-07-01,M004,122822.0
2026-07-01,M005,136896.0
2026-07-01,M006,150970.0
2026-07-01,M007,165044.0
2026-07-01,M008,100998.0
2026-07-01,M009,115072.0
2026-07-01,M010,129146.0
2026-07-01,M011,143220.0
2026-07-01,M012,157294.0
2026-07-01,M013,171368.0
2026-07-01,M014,185442.0
2026-07-01,M015,121396.0
2026-07-01,M016,135470.0
2026-07-01,M017,149544.0
2026-07-01,M018,163618.0
2026-07-01,M019,177692.0
2026-07-01,M020,191766.0
2026-07-01,M021,205840.0
2026-07-01,M022,141794.0
2026-07-01,M023,155868.0
2026-07-01,M024,169942.0
2026-07-01,M025,184016.0
2026-07-01,M026,198090.0
2026-07-01,M027,212164.0
2026-07-01,M028,226238.0
2026-07-01,M029,162192.0
2026-07-01,M030,176266.0
2026-07-01,M031,190340.0
2026-07-01,M032,204414.0
2026-07-01,M033,218488.0
2026-07-01,M034,232562.0
2026-07-01,M035,246636.0
2026-07-01,M036,182590.0
2026-07-01,M037,196664.0
2026-07-01,M038,210738.0
2026-07-01,M039,224812.0
2026-07-01,M040,238886.0
2026-07-01,M041,252960.0
2026-07-01,M042,267034.0
2026-07-01,M043,202988.0
2026-07-01,M044,217062.0
2026-07-01,M045,231136.0
2026-07-01,M046,245210.0
2026-07-01,M047,259284.0
2026-07-01,M048,273358.0
2026-07-02,M001,80600.0
2026-07-02,M002,94674.0
2026-07-02,M003,108748.0
2026-07-02,M004,122822.0
2026-07-02,M005,136896.0
2026-07-02,M006,150970.0
2026-07-02,M007,165044.0
2026-07-02,M008,100998.0
2026-07-02,M009,115072.0
2026-07-02,M010,129146.0
2026-07-02,M011,143220.0
2026-07-02,M012,157294.0
2026-07-02,M013,171368.0
2026-07-02,M014,185442.0
2026-07-02,M015,121396.0
2026-07-02,M016,135470.0
2026-07-02,M017,149544.0
2026-07-02,M018,163618.0
2026-07-02,M019,177692.0
2026-07-02,M020,191766.0
2026-07-02,M021,205840.0
2026-07-02,M022,141794.0
2026-07-02,M023,155868.0
2026-07-02,M024,169942.0
2026-07-02,M025,184016.0
2026-07-02,M026,198090.0
2026-07-02,M027,212164.0
2026-07-02,M028,226238.0
2026-07-02,M029,162192.0
2026-07-02,M030,176266.0
2026-07-02,M031,190340.0
2026-07-02,M032,204414.0
2026-07-02,M033,218488.0
2026-07-02,M034,232562.0
2026-07-02,M035,246636.0
2026-07-02,M036,182590.0
2026-07-02,M037,196664.0
2026-07-02,M038,210738.0
2026-07-02,M039,224812.0
2026-07-02,M040,238886.0
2026-07-02,M041,252960.0
2026-07-02,M042,267034.0
2026-07-02,M043,202988.0
2026-07-02,M044,217062.0
2026-07-02,M045,231136.0
2026-07-02,M046,245210.0
2026-07-02,M047,259284.0
2026-07-02,M048,273358.0
2026-07-03,M001,80600.0
2026-07-03,M002,94674.0
2026-07-03,M003,108748.0
2026-07-03,M004,122822.0
2026-07-03,M005,136896.0
2026-07-03,M006,150970.0
2026-07-03,M007,165044.0
2026-07-03,M008,100998.0
2026-07-03,M009,115072.0
2026-07-03,M010,129146.0
2026-07-03,M011,143220.0
2026-07-03,M012,157294.0
2026-07-03,M013,171368.0
2026-07-03,M014,185442.0
2026-07-03,M015,121396.0
2026-07-03,M016,135470.0
2026-07-03,M017,149544.0
2026-07-03,M018,163618.0
2026-07-03,M019,177692.0
2026-07-03,M020,191766.0
2026-07-03,M021,205840.0
2026-07-03,M022,141794.0
2026-07-03,M023,155868.0
2026-07-03,M024,169942.0
2026-07-03,M025,184016.0
2026-07-03,M026,198090.0
2026-07-03,M027,212164.0
2026-07-03,M028,226238.0
2026-07-03,M029,162192.0
2026-07-03,M030,176266.0
2026-07-03,M031,190340.0
2026-07-03,M032,204414.0
2026-07-03,M033,218488.0
2026-07-03,M034,232562.0
2026-07-03,M035,246636.0
2026-07-03,M036,182590.0
2026-07-03,M037,196664.0
2026-07-03,M038,210738.0
2026-07-03,M039,224812.0
2026-07-03,M040,238886.0
2026-07-03,M041,252960.0
2026-07-03,M042,267034.0
2026-07-03,M043,202988.0
2026-07-03,M044,217062.0
2026-07-03,M045,231136.0
2026-07-03,M046,245210.0
2026-07-03,M047,259284.0
2026-07-03,M048,273358.0
2026-07-04,M001,80600.0
2026-07-04,M002,94674.0
2026-07-04,M003,108748.0
2026-07-04,M004,122822.0
2026-07-04,M005,136896.0
2026-07-04,M006,150970.0
2026-07-04,M007,165044.0
2026-07-04,M008,100998.0
2026-07-04,M009,115072.0
2026-07-04,M010,129146.0
2026-07-04,M011,143220.0
2026-07-04,M012,157294.0
2026-07-04,M013,171368.0
2026-07-04,M014,185442.0
2026-07-04,M015,121396.0
2026-07-04,M016,135470.0
2026-07-04,M017,149544.0
2026-07-04,M018,163618.0
2026-07-04,M019,177692.0
2026-07-04,M020,191766.0
2026-07-04,M021,205840.0
2026-07-04,M022,141794.0
2026-07-04,M023,155868.0
2026-07-04,M024,169942.0
2026-07-04,M025,184016.0
2026-07-04,M026,198090.0
2026-07-04,M027,212164.0
2026-07-04,M028,226238.0
2026-07-04,M029,162192.0
2026-07-04,M030,176266.0
2026-07-04,M031,190340.0
2026-07-04,M032,204414.0
2026-07-04,M033,218488.0
2026-07-04,M034,232562.0
2026-07-04,M035,246636.0
2026-07-04,M036,182590.0
2026-07-04,M037,196664.0
2026-07-04,M038,210738.0
2026-07-04,M039,224812.0
2026-07-04,M040,238886.0
2026-07-04,M041,252960.0
2026-07-04,M042,267034.0
2026-07-04,M043,202988.0
2026-07-04,M044,217062.0
2026-07-04,M045,231136.0
2026-07-04,M046,245210.0
2026-07-04,M047,259284.0
2026-07-04,M048,273358.0
2026-07-05,M001,80600.0
2026-07-05,M002,94674.0
2026-07-05,M003,108748.0
2026-07-05,M004,122822.0
2026-07-05,M005,136896.0
2026-07-05,M006,150970.0
2026-07-05,M007,165044.0
2026-07-05,M008,100998.0
2026-07-05,M009,115072.0
2026-07-05,M010,129146.0
2026-07-05,M011,143220.0
2026-07-05,M012,157294.0
2026-07-05,M013,171368.0
2026-07-05,M014,185442.0
2026-07-05,M015,121396.0
2026-07-05,M016,135470.0
2026-07-05,M017,149544.0
2026-07-05,M018,163618.0
2026-07-05,M019,177692.0
2026-07-05,M020,191766.0
2026-07-05,M021,205840.0
2026-07-05,M022,141794.0
2026-07-05,M023,155868.0
2026-07-05,M024,169942.0
2026-07-05,M025,184016.0
2026-07-05,M026,198090.0
2026-07-05,M027,212164.0
2026-07-05,M028,226238.0
2026-07-05,M029,162192.0
2026-07-05,M030,176266.0
2026-07-05,M031,190340.0
2026-07-05,M032,204414.0
2026-07-05,M033,218488.0
2026-07-05,M034,232562.0
2026-07-05,M035,246636.0
2026-07-05,M036,182590.0
2026-07-05,M037,196664.0
2026-07-05,M038,210738.0
2026-07-05,M039,224812.0
2026-07-05,M040,238886.0
2026-07-05,M041,252960.0
2026-07-05,M042,267034.0
2026-07-05,M043,202988.0
2026-07-05,M044,217062.0
2026-07-05,M045,231136.0
2026-07-05,M046,245210.0
2026-07-05,M047,259284.0
2026-07-05,M048,273358.0
2026-07-06,M001,80600.0
2026-07-06,M002,94674.0
2026-07-06,M003,108748.0
2026-07-06,M004,122822.0
2026-07-06,M005,136896.0
2026-07-06,M006,150970.0
2026-07-06,M007,165044.0
2026-07-06,M008,100998.0
2026-07-06,M009,115072.0
2026-07-06,M010,129146.0
2026-07-06,M011,143220.0
2026-07-06,M012,157294.0
2026-07-06,M013,171368.0
2026-07-06,M014,185442.0
2026-07-06,M015,121396.0
2026-07-06,M016,135470.0
2026-07-06,M017,149544.0
2026-07-06,M018,163618.0
2026-07-06,M019,177692.0
2026-07-06,M020,191766.0
2026-07-06,M021,205840.0
2026-07-06,M022,141794.0
2026-07-06,M023,155868.0
2026-07-06,M024,169942.0
2026-07-06,M025,184016.0
2026-07-06,M026,198090.0
2026-07-06,M027,212164.0
2026-07-06,M028,226238.0
2026-07-06,M029,162192.0
2026-07-06,M030,176266.0
2026-07-06,M031,190340.0
2026-07-06,M032,204414.0
2026-07-06,M033,218488.0
2026-07-06,M034,232562.0
2026-07-06,M035,246636.0
2026-07-06,M036,182590.0
2026-07-06,M037,196664.0
2026-07-06,M038,210738.0
2026-07-06,M039,224812.0
2026-07-06,M040,238886.0
2026-07-06,M041,252960.0
2026-07-06,M042,267034.0
2026-07-06,M043,202988.0
2026-07-06,M044,217062.0
2026-07-06,M045,231136.0
2026-07-06,M046,245210.0
2026-07-06,M047,259284.0
2026-07-06,M048,273358.0
2026-07-07,M001,80600.0
2026-07-07,M002,94674.0
2026-07-07,M003,108748.0
2026-07-07,M004,122822.0
2026-07-07,M005,136896.0
2026-07-07,M006,150970.0
2026-07-07,M007,165044.0
2026-07-07,M008,100998.0
2026-07-07,M009,115072.0
2026-07-07,M010,129146.0
2026-07-07,M011,143220.0
2026-07-07,M012,157294.0
2026-07-07,M013,171368.0
2026-07-07,M014,185442.0
2026-07-07,M015,121396.0
2026-07-07,M016,135470.0
2026-07-07,M017,149544.0
2026-07-07,M018,163618.0
2026-07-07,M019,177692.0
2026-07-07,M020,191766.0
2026-07-07,M021,205840.0
2026-07-07,M022,141794.0
2026-07-07,M023,155868.0
2026-07-07,M024,169942.0
2026-07-07,M025,184016.0
2026-07-07,M026,198090.0
2026-07-07,M027,212164.0
2026-07-07,M028,226238.0
2026-07-07,M029,162192.0
2026-07-07,M030,176266.0
2026-07-07,M031,190340.0
2026-07-07,M032,204414.0
2026-07-07,M033,218488.0
2026-07-07,M034,232562.0
2026-07-07,M035,246636.0
2026-07-07,M036,182590.0
2026-07-07,M037,196664.0
2026-07-07,M038,210738.0
2026-07-07,M039,224812.0
2026-07-07,M040,238886.0
2026-07-07,M041,252960.0
2026-07-07,M042,267034.0
2026-07-07,M043,202988.0
2026-07-07,M044,217062.0
2026-07-07,M045,231136.0
2026-07-07,M046,245210.0
2026-07-07,M047,259284.0
2026-07-07,M048,273358.0
2026-07-08,M001,80600.0
2026-07-08,M002,94674.0
2026-07-08,M003,108748.0
2026-07-08,M004,122822.0
2026-07-08,M005,136896.0
2026-07-08,M006,150970.0
2026-07-08,M007,165044.0
2026-07-08,M008,100998.0
2026-07-08,M009,115072.0
2026-07-08,M010,129146.0
2026-07-08,M011,143220.0
2026-07-08,M012,157294.0
2026-07-08,M013,171368.0
2026-07-08,M014,185442.0
2026-07-08,M015,121396.0
2026-07-08,M016,135470.0
2026-07-08,M017,149544.0
2026-07-08,M018,163618.0
2026-07-08,M019,177692.0
2026-07-08,M020,191766.0
2026-07-08,M021,205840.0
2026-07-08,M022,141794.0
2026-07-08,M023,155868.0
2026-07-08,M024,169942.0
2026-07-08,M025,184016.0
2026-07-08,M026,198090.0
2026-07-08,M027,212164.0
2026-07-08,M028,226238.0
2026-07-08,M029,162192.0
2026-07-08,M030,176266.0
2026-07-08,M031,190340.0
2026-07-08,M032,204414.0
2026-07-08,M033,218488.0
2026-07-08,M034,232562.0
2026-07-08,M035,246636.0
2026-07-08,M036,182590.0
2026-07-08,M037,196664.0
2026-07-08,M038,210738.0
2026-07-08,M039,224812.0
2026-07-08,M040,238886.0
2026-07-08,M041,252960.0
2026-07-08,M042,267034.0
2026-07-08,M043,202988.0
2026-07-08,M044,217062.0
2026-07-08,M045,231136.0
2026-07-08,M046,245210.0
2026-07-08,M047,259284.0
2026-07-08,M048,273358.0
2026-07-09,M001,80600.0
2026-07-09,M002,94674.0
2026-07-09,M003,108748.0
2026-07-09,M004,122822.0
2026-07-09,M005,136896.0
2026-07-09,M006,150970.0
2026-07-09,M007,165044.0
2026-07-09,M008,100998.0
2026-07-09,M009,115072.0
2026-07-09,M010,129146.0
2026-07-09,M011,143220.0
2026-07-09,M012,157294.0
2026-07-09,M013,171368.0
2026-07-09,M014,185442.0
2026-07-09,M015,121396.0
2026-07-09,M016,135470.0
2026-07-09,M017,149544.0
2026-07-09,M018,163618.0
2026-07-09,M019,177692.0
2026-07-09,M020,191766.0
2026-07-09,M021,205840.0
2026-07-09,M022,141794.0
2026-07-09,M023,155868.0
2026-07-09,M024,169942.0
2026-07-09,M025,184016.0
2026-07-09,M026,198090.0
2026-07-09,M027,212164.0
2026-07-09,M028,226238.0
2026-07-09,M029,162192.0
2026-07-09,M030,176266.0
2026-07-09,M031,190340.0
2026-07-09,M032,204414.0
2026-07-09,M033,218488.0
2026-07-09,M034,232562.0
2026-07-09,M035,246636.0
2026-07-09,M036,182590.0
2026-07-09,M037,196664.0
2026-07-09,M038,210738.0
2026-07-09,M039,224812.0
2026-07-09,M040,238886.0
2026-07-09,M041,252960.0
2026-07-09,M042,267034.0
2026-07-09,M043,202988.0
2026-07-09,M044,217062.0
2026-07-09,M045,231136.0
2026-07-09,M046,245210.0
2026-07-09,M047,259284.0
2026-07-09,M048,273358.0
2026-07-10,M001,80600.0
2026-07-10,M002,94674.0
2026-07-10,M003,108748.0
2026-07-10,M004,122822.0
2026-07-10,M005,136896.0
2026-07-10,M006,150970.0
2026-07-10,M007,165044.0
2026-07-10,M008,100998.0
2026-07-10,M009,115072.0
2026-07-10,M010,129146.0
2026-07-10,M011,143220.0
2026-07-10,M012,157294.0
2026-07-10,M013,171368.0
2026-07-10,M014,185442.0
2026-07-10,M015,121396.0
2026-07-10,M016,135470.0
2026-07-10,M017,149544.0
2026-07-10,M018,163618.0
2026-07-10,M019,177692.0
2026-07-10,M020,191766.0
2026-07-10,M021,205840.0
2026-07-10,M022,141794.0
2026-07-10,M023,155868.0
2026-07-10,M024,169942.0
2026-07-10,M025,184016.0
2026-07-10,M026,198090.0
2026-07-10,M027,212164.0
2026-07-10,M028,226238.0
2026-07-10,M029,162192.0
2026-07-10,M030,176266.0
2026-07-10,M031,190340.0
2026-07-10,M032,204414.0
2026-07-10,M033,218488.0
2026-07-10,M034,232562.0
2026-07-10,M035,246636.0
2026-07-10,M036,182590.0
2026-07-10,M037,196664.0
2026-07-10,M038,210738.0
2026-07-10,M039,224812.0
2026-07-10,M040,238886.0
2026-07-10,M041,252960.0
2026-07-10,M042,267034.0
2026-07-10,M043,202988.0
2026-07-10,M044,217062.0
2026-07-10,M045,231136.0
2026-07-10,M046,245210.0
2026-07-10,M047,259284.0
2026-07-10,M048,273358.0
2026-07-11,M001,80600.0
2026-07-11,M002,94674.0
2026-07-11,M003,108748.0
2026-07-11,M004,122822.0
2026-07-11,M005,136896.0
2026-07-11,M006,150970.0
2026-07-11,M007,165044.0
2026-07-11,M008,100998.0
2026-07-11,M009,115072.0
2026-07-11,M010,129146.0
2026-07-11,M011,143220.0
2026-07-11,M012,157294.0
2026-07-11,M013,171368.0
2026-07-11,M014,185442.0
2026-07-11,M015,121396.0
2026-07-11,M016,135470.0
2026-07-11,M017,149544.0
2026-07-11,M018,163618.0
2026-07-11,M019,177692.0
2026-07-11,M020,191766.0
2026-07-11,M021,205840.0
2026-07-11,M022,141794.0
2026-07-11,M023,155868.0
2026-07-11,M024,169942.0
2026-07-11,M025,184016.0
2026-07-11,M026,198090.0
2026-07-11,M027,212164.0
2026-07-11,M028,226238.0
2026-07-11,M029,162192.0
2026-07-11,M030,176266.0
2026-07-11,M031,190340.0
2026-07-11,M032,204414.0
2026-07-11,M033,218488.0
2026-07-11,M034,232562.0
2026-07-11,M035,246636.0
2026-07-11,M036,182590.0
2026-07-11,M037,196664.0
2026-07-11,M038,210738.0
2026-07-11,M039,224812.0
2026-07-11,M040,238886.0
2026-07-11,M041,252960.0
2026-07-11,M042,267034.0
2026-07-11,M043,202988.0
2026-07-11,M044,217062.0
2026-07-11,M045,231136.0
2026-07-11,M046,245210.0
2026-07-11,M047,259284.0
2026-07-11,M048,273358.0
2026-07-12,M001,80600.0
2026-07-12,M002,94674.0
2026-07-12,M003,108748.0
2026-07-12,M004,122822.0
2026-07-12,M005,136896.0
2026-07-12,M006,150970.0
2026-07-12,M007,165044.0
2026-07-12,M008,100998.0
2026-07-12,M009,115072.0
2026-07-12,M010,129146.0
2026-07-12,M011,143220.0
2026-07-12,M012,157294.0
2026-07-12,M013,171368.0
2026-07-12,M014,185442.0
2026-07-12,M015,121396.0
2026-07-12,M016,135470.0
2026-07-12,M017,149544.0
2026-07-12,M018,163618.0
2026-07-12,M019,177692.0
2026-07-12,M020,191766.0
2026-07-12,M021,205840.0
2026-07-12,M022,141794.0
2026-07-12,M023,155868.0
2026-07-12,M024,169942.0
2026-07-12,M025,184016.0
2026-07-12,M026,198090.0
2026-07-12,M027,212164.0
2026-07-12,M028,226238.0
2026-07-12,M029,162192.0
2026-07-12,M030,176266.0
2026-07-12,M031,190340.0
2026-07-12,M032,204414.0
2026-07-12,M033,218488.0
2026-07-12,M034,232562.0
2026-07-12,M035,246636.0
2026-07-12,M036,182590.0
2026-07-12,M037,196664.0
2026-07-12,M038,210738.0
2026-07-12,M039,224812.0
2026-07-12,M040,238886.0
2026-07-12,M041,252960.0
2026-07-12,M042,267034.0
2026-07-12,M043,202988.0
2026-07-12,M044,217062.0
2026-07-12,M045,231136.0
2026-07-12,M046,245210.0
2026-07-12,M047,259284.0
2026-07-12,M048,273358.0
2026-07-13,M001,80600.0
2026-07-13,M002,94674.0
2026-07-13,M003,108748.0
2026-07-13,M004,122822.0
2026-07-13,M005,136896.0
2026-07-13,M006,150970.0
2026-07-13,M007,165044.0
2026-07-13,M008,100998.0
2026-07-13,M009,115072.0
2026-07-13,M010,129146.0
2026-07-13,M011,143220.0
2026-07-13,M012,157294.0
2026-07-13,M013,171368.0
2026-07-13,M014,185442.0
2026-07-13,M015,121396.0
2026-07-13,M016,135470.0
2026-07-13,M017,149544.0
2026-07-13,M018,163618.0
2026-07-13,M019,177692.0
2026-07-13,M020,191766.0
2026-07-13,M021,205840.0
2026-07-13,M022,141794.0
2026-07-13,M023,155868.0
2026-07-13,M024,169942.0
2026-07-13,M025,184016.0
2026-07-13,M026,198090.0
2026-07-13,M027,212164.0
2026-07-13,M028,226238.0
2026-07-13,M029,162192.0
2026-07-13,M030,176266.0
2026-07-13,M031,190340.0
2026-07-13,M032,204414.0
2026-07-13,M033,218488.0
2026-07-13,M034,232562.0
2026-07-13,M035,246636.0
2026-07-13,M036,182590.0
2026-07-13,M037,196664.0
2026-07-13,M038,210738.0
2026-07-13,M039,224812.0
2026-07-13,M040,238886.0
2026-07-13,M041,252960.0
2026-07-13,M042,267034.0
2026-07-13,M043,202988.0
2026-07-13,M044,217062.0
2026-07-13,M045,231136.0
2026-07-13,M046,245210.0
2026-07-13,M047,259284.0
2026-07-13,M048,273358.0
2026-07-14,M001,80600.0
2026-07-14,M002,94674.0
2026-07-14,M003,108748.0
2026-07-14,M004,122822.0
2026-07-14,M005,136896.0
2026-07-14,M006,150970.0
2026-07-14,M007,165044.0
2026-07-14,M008,100998.0
2026-07-14,M009,115072.0
2026-07-14,M010,129146.0
2026-07-14,M011,143220.0
2026-07-14,M012,157294.0
2026-07-14,M013,171368.0
2026-07-14,M014,185442.0
2026-07-14,M015,121396.0
2026-07-14,M016,135470.0
2026-07-14,M017,149544.0
2026-07-14,M018,163618.0
2026-07-14,M019,177692.0
2026-07-14,M020,191766.0
2026-07-14,M021,205840.0
2026-07-14,M022,141794.0
2026-07-14,M023,155868.0
2026-07-14,M024,169942.0
2026-07-14,M025,184016.0
2026-07-14,M026,198090.0
2026-07-14,M027,212164.0
2026-07-14,M028,226238.0
2026-07-14,M029,162192.0
2026-07-14,M030,176266.0
2026-07-14,M031,190340.0
2026-07-14,M032,204414.0
2026-07-14,M033,218488.0
2026-07-14,M034,232562.0
2026-07-14,M035,246636.0
2026-07-14,M036,182590.0
2026-07-14,M037,196664.0
2026-07-14,M038,210738.0
2026-07-14,M039,224812.0
2026-07-14,M040,238886.0
2026-07-14,M041,252960.0
2026-07-14,M042,267034.0
2026-07-14,M043,202988.0
2026-07-14,M044,217062.0
2026-07-14,M045,231136.0
2026-07-14,M046,245210.0
2026-07-14,M047,259284.0
2026-07-14,M048,273358.0
2026-07-15,M001,80600.0
2026-07-15,M002,94674.0
2026-07-15,M003,108748.0
2026-07-15,M004,122822.0
2026-07-15,M005,136896.0
2026-07-15,M006,150970.0
2026-07-15,M007,165044.0
2026-07-15,M008,100998.0
2026-07-15,M009,115072.0
2026-07-15,M010,129146.0
2026-07-15,M011,143220.0
2026-07-15,M012,157294.0
2026-07-15,M013,171368.0
2026-07-15,M014,185442.0
2026-07-15,M015,121396.0
2026-07-15,M016,135470.0
2026-07-15,M017,149544.0
2026-07-15,M018,163618.0
2026-07-15,M019,177692.0
2026-07-15,M020,191766.0
2026-07-15,M021,205840.0
2026-07-15,M022,141794.0
2026-07-15,M023,155868.0
2026-07-15,M024,169942.0
2026-07-15,M025,184016.0
2026-07-15,M026,198090.0
2026-07-15,M027,212164.0
2026-07-15,M028,226238.0
2026-07-15,M029,162192.0
2026-07-15,M030,176266.0
2026-07-15,M031,190340.0
2026-07-15,M032,204414.0
2026-07-15,M033,218488.0
2026-07-15,M034,232562.0
2026-07-15,M035,246636.0
2026-07-15,M036,182590.0
2026-07-15,M037,196664.0
2026-07-15,M038,210738.0
2026-07-15,M039,224812.0
2026-07-15,M040,238886.0
2026-07-15,M041,252960.0
2026-07-15,M042,267034.0
2026-07-15,M043,202988.0
2026-07-15,M044,217062.0
2026-07-15,M045,231136.0
2026-07-15,M046,245210.0
2026-07-15,M047,259284.0
2026-07-15,M048,273358.0
2026-07-16,M001,80600.0
2026-07-16,M002,94674.0
2026-07-16,M003,108748.0
2026-07-16,M004,122822.0
2026-07-16,M005,136896.0
2026-07-16,M006,150970.0
2026-07-16,M007,165044.0
2026-07-16,M008,100998.0
2026-07-16,M009,115072.0
2026-07-16,M010,129146.0
2026-07-16,M011,143220.0
2026-07-16,M012,157294.0
2026-07-16,M013,171368.0
2026-07-16,M014,185442.0
2026-07-16,M015,121396.0
2026-07-16,M016,135470.0
2026-07-16,M017,149544.0
2026-07-16,M018,163618.0
2026-07-16,M019,177692.0
2026-07-16,M020,191766.0
2026-07-16,M021,205840.0
2026-07-16,M022,141794.0
2026-07-16,M023,155868.0
2026-07-16,M024,169942.0
2026-07-16,M025,184016.0
2026-07-16,M026,198090.0
2026-07-16,M027,212164.0
2026-07-16,M028,226238.0
2026-07-16,M029,162192.0
2026-07-16,M030,176266.0
2026-07-16,M031,190340.0
2026-07-16,M032,204414.0
2026-07-16,M033,218488.0
2026-07-16,M034,232562.0
2026-07-16,M035,246636.0
2026-07-16,M036,182590.0
2026-07-16,M037,196664.0
2026-07-16,M038,210738.0
2026-07-16,M039,224812.0
2026-07-16,M040,238886.0
2026-07-16,M041,252960.0
2026-07-16,M042,267034.0
2026-07-16,M043,202988.0
2026-07-16,M044,217062.0
2026-07-16,M045,231136.0
2026-07-16,M046,245210.0
2026-07-16,M047,259284.0
2026-07-16,M048,273358.0
2026-07-17,M001,80600.0
2026-07-17,M002,94674.0
2026-07-17,M003,108748.0
2026-07-17,M004,122822.0
2026-07-17,M005,136896.0
2026-07-17,M006,150970.0
2026-07-17,M007,165044.0
2026-07-17,M008,100998.0
2026-07-17,M009,115072.0
2026-07-17,M010,129146.0
2026-07-17,M011,143220.0
2026-07-17,M012,157294.0
2026-07-17,M013,171368.0
2026-07-17,M014,185442.0
2026-07-17,M015,121396.0
2026-07-17,M016,135470.0
2026-07-17,M017,149544.0
2026-07-17,M018,163618.0
2026-07-17,M019,177692.0
2026-07-17,M020,191766.0
2026-07-17,M021,205840.0
2026-07-17,M022,141794.0
2026-07-17,M023,155868.0
2026-07-17,M024,169942.0
2026-07-17,M025,184016.0
2026-07-17,M026,198090.0
2026-07-17,M027,212164.0
2026-07-17,M028,226238.0
2026-07-17,M029,162192.0
2026-07-17,M030,176266.0
2026-07-17,M031,190340.0
2026-07-17,M032,204414.0
2026-07-17,M033,218488.0
2026-07-17,M034,232562.0
2026-07-17,M035,246636.0
2026-07-17,M036,182590.0
2026-07-17,M037,196664.0
2026-07-17,M038,210738.0
2026-07-17,M039,224812.0
2026-07-17,M040,238886.0
2026-07-17,M041,252960.0
2026-07-17,M042,267034.0
2026-07-17,M043,202988.0
2026-07-17,M044,217062.0
2026-07-17,M045,231136.0
2026-07-17,M046,245210.0
2026-07-17,M047,259284.0
2026-07-17,M048,273358.0
2026-07-18,M001,80600.0
2026-07-18,M002,94674.0
2026-07-18,M003,108748.0
2026-07-18,M004,122822.0
2026-07-18,M005,136896.0
2026-07-18,M006,150970.0
2026-07-18,M007,165044.0
2026-07-18,M008,100998.0
2026-07-18,M009,115072.0
2026-07-18,M010,129146.0
2026-07-18,M011,143220.0
2026-07-18,M012,157294.0
2026-07-18,M013,171368.0
2026-07-18,M014,185442.0
2026-07-18,M015,121396.0
2026-07-18,M016,135470.0
2026-07-18,M017,149544.0
2026-07-18,M018,163618.0
2026-07-18,M019,177692.0
2026-07-18,M020,191766.0
2026-07-18,M021,205840.0
2026-07-18,M022,141794.0
2026-07-18,M023,155868.0
2026-07-18,M024,169942.0
2026-07-18,M025,184016.0
2026-07-18,M026,198090.0
2026-07-18,M027,212164.0
2026-07-18,M028,226238.0
2026-07-18,M029,162192.0
2026-07-18,M030,176266.0
2026-07-18,M031,190340.0
2026-07-18,M032,204414.0
2026-07-18,M033,218488.0
2026-07-18,M034,232562.0
2026-07-18,M035,246636.0
2026-07-18,M036,182590.0
2026-07-18,M037,196664.0
2026-07-18,M038,210738.0
2026-07-18,M039,224812.0
2026-07-18,M040,238886.0
2026-07-18,M041,252960.0
2026-07-18,M042,267034.0
2026-07-18,M043,202988.0
2026-07-18,M044,217062.0
2026-07-18,M045,231136.0
2026-07-18,M046,245210.0
2026-07-18,M047,259284.0
2026-07-18,M048,273358.0
2026-07-19,M001,80600.0
2026-07-19,M002,94674.0
2026-07-19,M003,108748.0
2026-07-19,M004,122822.0
2026-07-19,M005,136896.0
2026-07-19,M006,150970.0
2026-07-19,M007,165044.0
2026-07-19,M008,100998.0
2026-07-19,M009,115072.0
2026-07-19,M010,129146.0
2026-07-19,M011,143220.0
2026-07-19,M012,157294.0
2026-07-19,M013,171368.0
2026-07-19,M014,185442.0
2026-07-19,M015,121396.0
2026-07-19,M016,135470.0
2026-07-19,M017,149544.0
2026-07-19,M018,163618.0
2026-07-19,M019,177692.0
2026-07-19,M020,191766.0
2026-07-19,M021,205840.0
2026-07-19,M022,141794.0
2026-07-19,M023,155868.0
2026-07-19,M024,169942.0
2026-07-19,M025,184016.0
2026-07-19,M026,198090.0
2026-07-19,M027,212164.0
2026-07-19,M028,226238.0
2026-07-19,M029,162192.0
2026-07-19,M030,176266.0
2026-07-19,M031,190340.0
2026-07-19,M032,204414.0
2026-07-19,M033,218488.0
2026-07-19,M034,232562.0
2026-07-19,M035,246636.0
2026-07-19,M036,182590.0
2026-07-19,M037,196664.0
2026-07-19,M038,210738.0
2026-07-19,M039,224812.0
2026-07-19,M040,238886.0
2026-07-19,M041,252960.0
2026-07-19,M042,267034.0
2026-07-19,M043,202988.0
2026-07-19,M044,217062.0
2026-07-19,M045,231136.0
2026-07-19,M046,245210.0
2026-07-19,M047,259284.0
2026-07-19,M048,273358.0
2026-07-20,M001,80600.0
2026-07-20,M002,94674.0
2026-07-20,M003,108748.0
2026-07-20,M004,122822.0
2026-07-20,M005,136896.0
2026-07-20,M006,150970.0
2026-07-20,M007,165044.0
2026-07-20,M008,100998.0
2026-07-20,M009,115072.0
2026-07-20,M010,129146.0
2026-07-20,M011,143220.0
2026-07-20,M012,157294.0
2026-07-20,M013,171368.0
2026-07-20,M014,185442.0
2026-07-20,M015,121396.0
2026-07-20,M016,135470.0
2026-07-20,M017,149544.0
2026-07-20,M018,163618.0
2026-07-20,M019,177692.0
2026-07-20,M020,191766.0
2026-07-20,M021,205840.0
2026-07-20,M022,141794.0
2026-07-20,M023,155868.0
2026-07-20,M024,169942.0
2026-07-20,M025,184016.0
2026-07-20,M026,198090.0
2026-07-20,M027,212164.0
2026-07-20,M028,226238.0
2026-07-20,M029,162192.0
2026-07-20,M030,176266.0
2026-07-20,M031,190340.0
2026-07-20,M032,204414.0
2026-07-20,M033,218488.0
2026-07-20,M034,232562.0
2026-07-20,M035,246636.0
2026-07-20,M036,182590.0
2026-07-20,M037,196664.0
2026-07-20,M038,210738.0
2026-07-20,M039,224812.0
2026-07-20,M040,238886.0
2026-07-20,M041,252960.0
2026-07-20,M042,267034.0
2026-07-20,M043,202988.0
2026-07-20,M044,217062.0
2026-07-20,M045,231136.0
2026-07-20,M046,245210.0
2026-07-20,M047,259284.0
2026-07-20,M048,273358.0
2026-07-21,M001,80600.0
2026-07-21,M002,94674.0
2026-07-21,M003,108748.0
2026-07-21,M004,122822.0
2026-07-21,M005,136896.0
2026-07-21,M006,150970.0
2026-07-21,M007,165044.0
2026-07-21,M008,100998.0
2026-07-21,M009,115072.0
2026-07-21,M010,129146.0
2026-07-21,M011,143220.0
2026-07-21,M012,157294.0
2026-07-21,M013,171368.0
2026-07-21,M014,185442.0
2026-07-21,M015,121396.0
2026-07-21,M016,135470.0
2026-07-21,M017,149544.0
2026-07-21,M018,163618.0
2026-07-21,M019,177692.0
2026-07-21,M020,191766.0
2026-07-21,M021,205840.0
2026-07-21,M022,141794.0
2026-07-21,M023,155868.0
2026-07-21,M024,169942.0
2026-07-21,M025,184016.0
2026-07-21,M026,198090.0
2026-07-21,M027,212164.0
2026-07-21,M028,226238.0
2026-07-21,M029,162192.0
2026-07-21,M030,176266.0
2026-07-21,M031,190340.0
2026-07-21,M032,204414.0
2026-07-21,M033,218488.0
2026-07-21,M034,232562.0
2026-07-21,M035,246636.0
2026-07-21,M036,182590.0
2026-07-21,M037,196664.0
2026-07-21,M038,210738.0
2026-07-21,M039,224812.0
2026-07-21,M040,238886.0
2026-07-21,M041,252960.0
2026-07-21,M042,267034.0
2026-07-21,M043,202988.0
2026-07-21,M044,217062.0
2026-07-21,M045,231136.0
2026-07-21,M046,245210.0
2026-07-21,M047,259284.0
2026-07-21,M048,273358.0
2026-07-22,M001,80600.0
2026-07-22,M002,94674.0
2026-07-22,M003,108748.0
2026-07-22,M004,122822.0
2026-07-22,M005,136896.0
2026-07-22,M006,150970.0
2026-07-22,M007,165044.0
2026-07-22,M008,100998.0
2026-07-22,M009,115072.0
2026-07-22,M010,129146.0
2026-07-22,M011,143220.0
2026-07-22,M012,157294.0
2026-07-22,M013,171368.0
2026-07-22,M014,185442.0
2026-07-22,M015,121396.0
2026-07-22,M016,135470.0
2026-07-22,M017,149544.0
2026-07-22,M018,163618.0
2026-07-22,M019,177692.0
2026-07-22,M020,191766.0
2026-07-22,M021,205840.0
2026-07-22,M022,141794.0
2026-07-22,M023,155868.0
2026-07-22,M024,169942.0
2026-07-22,M025,184016.0
2026-07-22,M026,198090.0
2026-07-22,M027,212164.0
2026-07-22,M028,226238.0
2026-07-22,M029,162192.0
2026-07-22,M030,176266.0
2026-07-22,M031,190340.0
2026-07-22,M032,204414.0
2026-07-22,M033,218488.0
2026-07-22,M034,232562.0
2026-07-22,M035,246636.0
2026-07-22,M036,182590.0
2026-07-22,M037,196664.0
2026-07-22,M038,210738.0
2026-07-22,M039,224812.0
2026-07-22,M040,238886.0
2026-07-22,M041,252960.0
2026-07-22,M042,267034.0
2026-07-22,M043,202988.0
2026-07-22,M044,217062.0
2026-07-22,M045,231136.0
2026-07-22,M046,245210.0
2026-07-22,M047,259284.0
2026-07-22,M048,273358.0
2026-07-23,M001,80600.0
2026-07-23,M002,94674.0
2026-07-23,M003,108748.0
2026-07-23,M004,122822.0
2026-07-23,M005,136896.0
2026-07-23,M006,150970.0
2026-07-23,M007,165044.0
2026-07-23,M008,100998.0
2026-07-23,M009,115072.0
2026-07-23,M010,129146.0
2026-07-23,M011,143220.0
2026-07-23,M012,157294.0
2026-07-23,M013,171368.0
2026-07-23,M014,185442.0
2026-07-23,M015,121396.0
2026-07-23,M016,135470.0
2026-07-23,M017,149544.0
2026-07-23,M018,163618.0
2026-07-23,M019,177692.0
2026-07-23,M020,191766.0
2026-07-23,M021,205840.0
2026-07-23,M022,141794.0
2026-07-23,M023,155868.0
2026-07-23,M024,169942.0
2026-07-23,M025,184016.0
2026-07-23,M026,198090.0
2026-07-23,M027,212164.0
2026-07-23,M028,226238.0
2026-07-23,M029,162192.0
2026-07-23,M030,176266.0
2026-07-23,M031,190340.0
2026-07-23,M032,204414.0
2026-07-23,M033,218488.0
2026-07-23,M034,232562.0
2026-07-23,M035,246636.0
2026-07-23,M036,182590.0
2026-07-23,M037,196664.0
2026-07-23,M038,210738.0
2026-07-23,M039,224812.0
2026-07-23,M040,238886.0
2026-07-23,M041,252960.0
2026-07-23,M042,267034.0
2026-07-23,M043,202988.0
2026-07-23,M044,217062.0
2026-07-23,M045,231136.0
2026-07-23,M046,245210.0
2026-07-23,M047,259284.0
2026-07-23,M048,273358.0
2026-07-24,M001,80600.0
2026-07-24,M002,94674.0
2026-07-24,M003,108748.0
2026-07-24,M004,122822.0
2026-07-24,M005,136896.0
2026-07-24,M006,150970.0
2026-07-24,M007,165044.0
2026-07-24,M008,100998.0
2026-07-24,M009,115072.0
2026-07-24,M010,129146.0
2026-07-24,M011,143220.0
2026-07-24,M012,157294.0
2026-07-24,M013,171368.0
2026-07-24,M014,185442.0
2026-07-24,M015,121396.0
2026-07-24,M016,135470.0
2026-07-24,M017,149544.0
2026-07-24,M018,163618.0
2026-07-24,M019,177692.0
2026-07-24,M020,191766.0
2026-07-24,M021,205840.0
2026-07-24,M022,141794.0
2026-07-24,M023,155868.0
2026-07-24,M024,169942.0
2026-07-24,M025,184016.0
2026-07-24,M026,198090.0
2026-07-24,M027,212164.0
2026-07-24,M028,226238.0
2026-07-24,M029,162192.0
2026-07-24,M030,176266.0
2026-07-24,M031,190340.0
2026-07-24,M032,204414.0
2026-07-24,M033,218488.0
2026-07-24,M034,232562.0
2026-07-24,M035,246636.0
2026-07-24,M036,182590.0
2026-07-24,M037,196664.0
2026-07-24,M038,210738.0
2026-07-24,M039,224812.0
2026-07-24,M040,238886.0
2026-07-24,M041,252960.0
2026-07-24,M042,267034.0
2026-07-24,M043,202988.0
2026-07-24,M044,217062.0
2026-07-24,M045,231136.0
2026-07-24,M046,245210.0
2026-07-24,M047,259284.0
2026-07-24,M048,273358.0
2026-07-25,M001,80600.0
2026-07-25,M002,94674.0
2026-07-25,M003,108748.0
2026-07-25,M004,122822.0
2026-07-25,M005,136896.0
2026-07-25,M006,150970.0
2026-07-25,M007,165044.0
2026-07-25,M008,100998.0
2026-07-25,M009,115072.0
2026-07-25,M010,129146.0
2026-07-25,M011,143220.0
2026-07-25,M012,157294.0
2026-07-25,M013,171368.0
2026-07-25,M014,185442.0
2026-07-25,M015,121396.0
2026-07-25,M016,135470.0
2026-07-25,M017,149544.0
2026-07-25,M018,163618.0
2026-07-25,M019,177692.0
2026-07-25,M020,191766.0
2026-07-25,M021,205840.0
2026-07-25,M022,141794.0
2026-07-25,M023,155868.0
2026-07-25,M024,169942.0
2026-07-25,M025,184016.0
2026-07-25,M026,198090.0
2026-07-25,M027,212164.0
2026-07-25,M028,226238.0
2026-07-25,M029,162192.0
2026-07-25,M030,176266.0
2026-07-25,M031,190340.0
2026-07-25,M032,204414.0
2026-07-25,M033,218488.0
2026-07-25,M034,232562.0
2026-07-25,M035,246636.0
2026-07-25,M036,182590.0
2026-07-25,M037,196664.0
2026-07-25,M038,210738.0
2026-07-25,M039,224812.0
2026-07-25,M040,238886.0
2026-07-25,M041,252960.0
2026-07-25,M042,267034.0
2026-07-25,M043,202988.0
2026-07-25,M044,217062.0
2026-07-25,M045,231136.0
2026-07-25,M046,245210.0
2026-07-25,M047,259284.0
2026-07-25,M048,273358.0
