date,merchant_id,product_id,traffic_id,gross_revenue
2025-01-01,M001,P02,T02,101119.9
2025-01-01,M002,P03,T04,73928.86
2025-01-01,M003,P04,T02,101894.73
2025-01-01,M004,P01,T04,123957.89
2025-01-01,M005,P02,T02,165518.34
2025-01-01,M006,P03,T04,128826.16
2025-01-01,M007,P04,T02,155473.33
2025-01-01,M008,P01,T04,94058.33
2025-01-01,M009,P02,T02,135704.56
2025-01-01,M010,P03,T04,97495.23
2025-01-01,M011,P04,T02,143785.71
2025-01-01,M012,P01,T04,159195.72
2025-01-01,M013,P02,T02,199089.87
2025-01-01,M014,P03,T04,140190.14
2025-01-01,M015,P04,T02,125441.85
2025-01-01,M016,P01,T04,137681.02
2025-01-01,M017,P02,T02,186516.65
2025-01-01,M018,P03,T04,139608.57
2025-01-01,M019,P04,T02,180583.53
2025-01-01,M020,P01,T04,190028.15
2025-01-01,M021,P02,T02,264923.69
2025-01-01,M022,P03,T04,123358.4
2025-01-01,M023,P04,T02,160779.54
2025-01-01,M024,P01,T04,181021.9
2025-01-01,M025,P02,T02,221120.02
2025-01-01,M026,P03,T04,151202.2
2025-01-01,M027,P04,T02,194400.39
2025-01-01,M028,P01,T04,232820.56
2025-01-01,M029,P02,T02,201635.49
2025-01-01,M030,P03,T04,153108.43
2025-01-01,M031,P04,T02,189519.93
2025-01-01,M032,P01,T04,192725.09
2025-01-01,M033,P02,T02,285410.01
2025-01-01,M034,P03,T04,189443.58
2025-01-01,M035,P04,T02,243232.67
2025-01-01,M036,P01,T04,172556.13
2025-01-01,M037,P02,T02,250466.08
2025-01-01,M038,P03,T04,165405.98
2025-01-01,M039,P04,T02,227873.04
2025-01-01,M040,P01,T04,240141.46
2025-01-01,M041,P02,T02,285043.28
2025-01-01,M042,P03,T04,223472.6
2025-01-01,M043,P04,T02,209182.81
2025-01-01,M044,P01,T04,218125.04
2025-01-01,M045,P02,T02,268875.15
2025-01-01,M046,P03,T04,203077.86
2025-01-01,M047,P04,T02,259133.12
2025-01-01,M048,P01,T04,271254.29
2025-01-02,M001,P03,T03,54966.44
2025-01-02,M002,P04,T01,114699.39
2025-01-02,M003,P01,T03,96212.39
2025-01-02,M004,P02,T01,167269.46
2025-01-02,M005,P03,T03,89959.67
2025-01-02,M006,P04,T01,172240.42
2025-01-02,M007,P01,T03,147755.47
2025-01-02,M008,P02,T01,138548.58
2025-01-02,M009,P03,T03,80310.95
2025-01-02,M010,P04,T01,155842.53
2025-01-02,M011,P01,T03,111876.88
2025-01-02,M012,P02,T01,235004.46
2025-01-02,M013,P03,T03,113065.82
2025-01-02,M014,P04,T01,216388.35
2025-01-02,M015,P01,T03,107423.79
2025-01-02,M016,P02,T01,196005.41
2025-01-02,M017,P03,T03,101313.74
2025-01-02,M018,P04,T01,187919.78
2025-01-02,M019,P01,T03,138675.44
2025-01-02,M020,P02,T01,253149.99
2025-01-02,M021,P03,T03,139262.01
2025-01-02,M022,P04,T01,162078.28
2025-01-02,M023,P01,T03,140825.62
2025-01-02,M024,P02,T01,258429.08
2025-01-02,M025,P03,T03,126346.28
2025-01-02,M026,P04,T01,241309.64
2025-01-02,M027,P01,T03,177441.25
2025-01-02,M028,P02,T01,333063.52
2025-01-02,M029,P03,T03,103255.06
2025-01-02,M030,P04,T01,204860.94
2025-01-02,M031,P01,T03,149772.05
2025-01-02,M032,P02,T01,271016.16
2025-01-02,M033,P03,T03,149504.28
2025-01-02,M034,P04,T01,275955.45
2025-01-02,M035,P01,T03,205231.35
2025-01-02,M036,P02,T01,246053.32
2025-01-02,M037,P03,T03,136735.24
2025-01-02,M038,P04,T01,247459.71
2025-01-02,M039,P01,T03,183085.86
2025-01-02,M040,P02,T01,343063.18
2025-01-02,M041,P03,T03,183147.44
2025-01-02,M042,P04,T01,284769.84
2025-01-02,M043,P01,T03,162881.18
2025-01-02,M044,P02,T01,326409.71
2025-01-02,M045,P03,T03,155391.17
2025-01-02,M046,P04,T01,273621.43
2025-01-02,M047,P01,T03,217177.39
2025-01-02,M048,P02,T01,413148.3
2025-01-03,M001,P04,T04,70655.88
2025-01-03,M002,P01,T02,100871.25
2025-01-03,M003,P02,T04,133803.98
2025-01-03,M004,P03,T02,99510.92
2025-01-03,M005,P04,T04,127662.82
2025-01-03,M006,P01,T02,169021.7
2025-01-03,M007,P02,T04,189060.23
2025-01-03,M008,P03,T02,84267.51
2025-01-03,M009,P04,T04,113393.21
2025-01-03,M010,P01,T02,139047.56
2025-01-03,M011,P02,T04,153691.33
2025-01-03,M012,P03,T02,140820.65
2025-01-03,M013,P04,T04,155560.81
2025-01-03,M014,P01,T02,207868.18
2025-01-03,M015,P02,T04,144063.95
2025-01-03,M016,P03,T02,113294.82
2025-01-03,M017,P04,T04,136931.35
2025-01-03,M018,P01,T02,177804.32
2025-01-03,M019,P02,T04,209009.52
2025-01-03,M020,P03,T02,168302.06
2025-01-03,M021,P04,T04,200774.65
2025-01-03,M022,P01,T02,154643.5
2025-01-03,M023,P02,T04,189286.46
2025-01-03,M024,P03,T02,147763.92
2025-01-03,M025,P04,T04,166255.37
2025-01-03,M026,P01,T02,199852.46
2025-01-03,M027,P02,T04,226789.05
2025-01-03,M028,P03,T02,209133.2
2025-01-03,M029,P04,T04,160017.1
2025-01-03,M030,P01,T02,195826.03
2025-01-03,M031,P02,T04,234354.7
2025-01-03,M032,P03,T02,176563.74
2025-01-03,M033,P04,T04,204195.64
2025-01-03,M034,P01,T02,230675.28
2025-01-03,M035,P02,T04,259784.72
2025-01-03,M036,P03,T02,169894.65
2025-01-03,M037,P04,T04,190854.1
2025-01-03,M038,P01,T02,230535.58
2025-01-03,M039,P02,T04,242554.37
2025-01-03,M040,P03,T02,215959.1
2025-01-03,M041,P04,T04,250575.6
2025-01-03,M042,P01,T02,281207.89
2025-01-03,M043,P02,T04,248373.39
2025-01-03,M044,P03,T02,196598.52
2025-01-03,M045,P04,T04,206816.57
2025-01-03,M046,P01,T02,259280.51
2025-01-03,M047,P02,T04,298019.46
2025-01-03,M048,P03,T02,241982.25
2025-01-04,M001,P01,T01,85951.82
2025-01-04,M002,P02,T03,78609.99
2025-01-04,M003,P03,T01,93135.17
2025-01-04,M004,P04,T03,92963.8
2025-01-04,M005,P01,T01,151268.82
2025-01-04,M006,P02,T03,132764.92
2025-01-04,M007,P03,T01,157518.41
2025-01-04,M008,P04,T03,72126.58
2025-01-04,M009,P01,T01,135895.39
2025-01-04,M010,P02,T03,119369.28
2025-01-04,M011,P03,T01,136161.29
2025-01-04,M012,P04,T03,119295.51
2025-01-04,M013,P01,T01,199067.33
2025-01-04,M014,P02,T03,159929.33
2025-01-04,M015,P03,T01,117935.17
2025-01-04,M016,P04,T03,89967.34
2025-01-04,M017,P01,T01,174129.29
2025-01-04,M018,P02,T03,132353.91
2025-01-04,M019,P03,T01,166015.63
2025-01-04,M020,P04,T03,126474.54
2025-01-04,M021,P01,T01,226971.27
2025-01-04,M022,P02,T03,128245.19
2025-01-04,M023,P03,T01,130820.27
2025-01-04,M024,P04,T03,127924.39
2025-01-04,M025,P01,T01,202117.49
2025-01-04,M026,P02,T03,157599.25
2025-01-04,M027,P03,T01,180101.77
2025-01-04,M028,P04,T03,160375.68
2025-01-04,M029,P01,T01,172893.4
2025-01-04,M030,P02,T03,145778.43
2025-01-04,M031,P03,T01,180971.03
2025-01-04,M032,P04,T03,136960.78
2025-01-04,M033,P01,T01,254034.54
2025-01-04,M034,P02,T03,191632.89
2025-01-04,M035,P03,T01,219608.28
2025-01-04,M036,P04,T03,129609.21
2025-01-04,M037,P01,T01,229117.15
2025-01-04,M038,P02,T03,180628.83
2025-01-04,M039,P03,T01,219078.43
2025-01-04,M040,P04,T03,176297.39
2025-01-04,M041,P01,T01,279601.09
2025-01-04,M042,P02,T03,211987.93
2025-01-04,M043,P03,T01,196997.75
2025-01-04,M044,P04,T03,158597.48
2025-01-04,M045,P01,T01,260368.49
2025-01-04,M046,P02,T03,209074.82
2025-01-04,M047,P03,T01,221308.65
2025-01-04,M048,P04,T03,200648.46
2025-01-05,M001,P02,T02,86718.79
2025-01-05,M002,P03,T04,66529.48
2025-01-05,M003,P04,T02,100855.43
2025-01-05,M004,P01,T04,119380.75
2025-01-05,M005,P02,T02,146989.55
2025-01-05,M006,P03,T04,107000.57
2025-01-05,M007,P04,T02,136642.65
2025-01-05,M008,P01,T04,89793.52
2025-01-05,M009,P02,T02,133449.8
2025-01-05,M010,P03,T04,101900.98
2025-01-05,M011,P04,T02,131118.25
2025-01-05,M012,P01,T04,146272.05
2025-01-05,M013,P02,T02,176099.25
2025-01-05,M014,P03,T04,137680.87
2025-01-05,M015,P04,T02,109937.01
2025-01-05,M016,P01,T04,128281.61
2025-01-05,M017,P02,T02,158971.02
2025-01-05,M018,P03,T04,120933.93
2025-01-05,M019,P04,T02,155193.04
2025-01-05,M020,P01,T04,180989.14
2025-01-05,M021,P02,T02,232331.96
2025-01-05,M022,P03,T04,103923.46
2025-01-05,M023,P04,T02,134266.01
2025-01-05,M024,P01,T04,149028.02
2025-01-05,M025,P02,T02,189240.1
2025-01-05,M026,P03,T04,152121.46
2025-01-05,M027,P04,T02,191735.24
2025-01-05,M028,P01,T04,196840.22
2025-01-05,M029,P02,T02,166863.74
2025-01-05,M030,P03,T04,132771.85
2025-01-05,M031,P04,T02,164706.69
2025-01-05,M032,P01,T04,183088.61
2025-01-05,M033,P02,T02,226242.99
2025-01-05,M034,P03,T04,168961.01
2025-01-05,M035,P04,T02,218683.48
2025-01-05,M036,P01,T04,153574.71
2025-01-05,M037,P02,T02,224417.51
2025-01-05,M038,P03,T04,150894.78
2025-01-05,M039,P04,T02,202248.12
2025-01-05,M040,P01,T04,231531.27
2025-01-05,M041,P02,T02,273979.87
2025-01-05,M042,P03,T04,181775.25
2025-01-05,M043,P04,T02,189566.27
2025-01-05,M044,P01,T04,199166.48
2025-01-05,M045,P02,T02,261546.5
2025-01-05,M046,P03,T04,170589.45
2025-01-05,M047,P04,T02,250191.46
2025-01-05,M048,P01,T04,227471.52
2025-01-06,M001,P03,T03,52836.94
2025-01-06,M002,P04,T01,107841.94
2025-01-06,M003,P01,T03,90863.18
2025-01-06,M004,P02,T01,170868.71
2025-01-06,M005,P03,T03,88720.21
2025-01-06,M006,P04,T01,183472.83
2025-01-06,M007,P01,T03,139379.75
2025-01-06,M008,P02,T01,142512.48
2025-01-06,M009,P03,T03,77892.72
2025-01-06,M010,P04,T01,144820.09
2025-01-06,M011,P01,T03,124173.09
2025-01-06,M012,P02,T01,205988.01
2025-01-06,M013,P03,T03,123765.72
2025-01-06,M014,P04,T01,207921.15
2025-01-06,M015,P01,T03,102936.72
2025-01-06,M016,P02,T01,206196.85
2025-01-06,M017,P03,T03,101477.43
2025-01-06,M018,P04,T01,202590.5
2025-01-06,M019,P01,T03,137808.2
2025-01-06,M020,P02,T01,275609.56
2025-01-06,M021,P03,T03,146184.34
2025-01-06,M022,P04,T01,159563.89
2025-01-06,M023,P01,T03,136849.82
2025-01-06,M024,P02,T01,235040.38
2025-01-06,M025,P03,T03,116406.32
2025-01-06,M026,P04,T01,237097.43
2025-01-06,M027,P01,T03,179278.95
2025-01-06,M028,P02,T01,323164.75
2025-01-06,M029,P03,T03,114586.32
2025-01-06,M030,P04,T01,197031.72
2025-01-06,M031,P01,T03,164315.43
2025-01-06,M032,P02,T01,284063.5
2025-01-06,M033,P03,T03,146939.76
2025-01-06,M034,P04,T01,267937.71
2025-01-06,M035,P01,T03,202862.53
2025-01-06,M036,P02,T01,256323.09
2025-01-06,M037,P03,T03,141234.93
2025-01-06,M038,P04,T01,245199.49
2025-01-06,M039,P01,T03,196636.78
2025-01-06,M040,P02,T01,359277.29
2025-01-06,M041,P03,T03,160571.28
2025-01-06,M042,P04,T01,319748.04
2025-01-06,M043,P01,T03,158825.76
2025-01-06,M044,P02,T01,323943.78
2025-01-06,M045,P03,T03,149392.86
2025-01-06,M046,P04,T01,293297.0
2025-01-06,M047,P01,T03,206942.49
2025-01-06,M048,P02,T01,379709.27
2025-01-07,M001,P04,T04,80863.81
2025-01-07,M002,P01,T02,94486.66
2025-01-07,M003,P02,T04,120353.64
2025-01-07,M004,P03,T02,105271.0
2025-01-07,M005,P04,T04,120720.36
2025-01-07,M006,P01,T02,154896.62
2025-01-07,M007,P02,T04,178242.06
2025-01-07,M008,P03,T02,87703.56
2025-01-07,M009,P04,T04,110499.62
2025-01-07,M010,P01,T02,137115.46
2025-01-07,M011,P02,T04,150248.14
2025-01-07,M012,P03,T02,135172.17
2025-01-07,M013,P04,T04,150435.9
2025-01-07,M014,P01,T02,200258.48
2025-01-07,M015,P02,T04,135242.62
2025-01-07,M016,P03,T02,121629.61
2025-01-07,M017,P04,T04,133330.42
2025-01-07,M018,P01,T02,165590.52
2025-01-07,M019,P02,T04,211417.01
2025-01-07,M020,P03,T02,154444.68
2025-01-07,M021,P04,T04,189033.29
2025-01-07,M022,P01,T02,141136.99
2025-01-07,M023,P02,T04,165333.48
2025-01-07,M024,P03,T02,135964.52
2025-01-07,M025,P04,T04,184625.9
2025-01-07,M026,P01,T02,219646.21
2025-01-07,M027,P02,T04,252830.58
2025-01-07,M028,P03,T02,209860.72
2025-01-07,M029,P04,T04,160882.16
2025-01-07,M030,P01,T02,179217.16
2025-01-07,M031,P02,T04,223799.34
2025-01-07,M032,P03,T02,187760.37
2025-01-07,M033,P04,T04,203203.5
2025-01-07,M034,P01,T02,258360.46
2025-01-07,M035,P02,T04,265515.43
2025-01-07,M036,P03,T02,163998.37
2025-01-07,M037,P04,T04,190917.25
2025-01-07,M038,P01,T02,217153.01
2025-01-07,M039,P02,T04,256231.39
2025-01-07,M040,P03,T02,195058.74
2025-01-07,M041,P04,T04,249327.24
2025-01-07,M042,P01,T02,289984.86
2025-01-07,M043,P02,T04,217606.76
2025-01-07,M044,P03,T02,184105.85
2025-01-07,M045,P04,T04,203155.02
2025-01-07,M046,P01,T02,246941.47
2025-01-07,M047,P02,T04,276456.16
2025-01-07,M048,P03,T02,241204.93
2025-01-08,M001,P01,T01,107435.59
2025-01-08,M002,P02,T03,88068.86
2025-01-08,M003,P03,T01,115338.26
2025-01-08,M004,P04,T03,97008.24
2025-01-08,M005,P01,T01,168059.78
2025-01-08,M006,P02,T03,135872.55
2025-01-08,M007,P03,T01,161222.57
2025-01-08,M008,P04,T03,79921.71
2025-01-08,M009,P01,T01,137696.05
2025-01-08,M010,P02,T03,132112.21
2025-01-08,M011,P03,T01,142813.19
2025-01-08,M012,P04,T03,122433.7
2025-01-08,M013,P01,T01,208751.67
2025-01-08,M014,P02,T03,172435.91
2025-01-08,M015,P03,T01,119451.48
2025-01-08,M016,P04,T03,102006.48
2025-01-08,M017,P01,T01,178527.66
2025-01-08,M018,P02,T03,144345.42
2025-01-08,M019,P03,T01,187071.14
2025-01-08,M020,P04,T03,156533.55
2025-01-08,M021,P01,T01,237271.78
2025-01-08,M022,P02,T03,134731.9
2025-01-08,M023,P03,T01,158258.54
2025-01-08,M024,P04,T03,127658.17
2025-01-08,M025,P01,T01,212289.8
2025-01-08,M026,P02,T03,188510.56
2025-01-08,M027,P03,T01,215578.86
2025-01-08,M028,P04,T03,177245.69
2025-01-08,M029,P01,T01,188682.59
2025-01-08,M030,P02,T03,174611.21
2025-01-08,M031,P03,T01,201906.62
2025-01-08,M032,P04,T03,156352.67
2025-01-08,M033,P01,T01,251346.8
2025-01-08,M034,P02,T03,210779.77
2025-01-08,M035,P03,T01,259297.49
2025-01-08,M036,P04,T03,150962.39
2025-01-08,M037,P01,T01,252547.04
2025-01-08,M038,P02,T03,216572.69
2025-01-08,M039,P03,T01,230583.99
2025-01-08,M040,P04,T03,190698.91
2025-01-08,M041,P01,T01,292078.11
2025-01-08,M042,P02,T03,241791.31
2025-01-08,M043,P03,T01,212624.28
2025-01-08,M044,P04,T03,162438.06
2025-01-08,M045,P01,T01,294456.31
2025-01-08,M046,P02,T03,225515.98
2025-01-08,M047,P03,T01,260407.91
2025-01-08,M048,P04,T03,210270.03
2025-01-09,M001,P02,T02,90682.06
2025-01-09,M002,P03,T04,78676.82
2025-01-09,M003,P04,T02,116734.4
2025-01-09,M004,P01,T04,118095.09
2025-01-09,M005,P02,T02,153700.73
2025-01-09,M006,P03,T04,124944.18
2025-01-09,M007,P04,T02,161229.1
2025-01-09,M008,P01,T04,106205.07
2025-01-09,M009,P02,T02,145435.11
2025-01-09,M010,P03,T04,111013.61
2025-01-09,M011,P04,T02,139984.64
2025-01-09,M012,P01,T04,166968.23
2025-01-09,M013,P02,T02,199329.46
2025-01-09,M014,P03,T04,148502.93
2025-01-09,M015,P04,T02,112258.61
2025-01-09,M016,P01,T04,139449.91
2025-01-09,M017,P02,T02,188275.87
2025-01-09,M018,P03,T04,135722.94
2025-01-09,M019,P04,T02,190112.3
2025-01-09,M020,P01,T04,187246.82
2025-01-09,M021,P02,T02,250814.19
2025-01-09,M022,P03,T04,110712.97
2025-01-09,M023,P04,T02,151939.58
2025-01-09,M024,P01,T04,158338.45
2025-01-09,M025,P02,T02,219581.06
2025-01-09,M026,P03,T04,165363.9
2025-01-09,M027,P04,T02,203122.73
2025-01-09,M028,P01,T04,242638.51
2025-01-09,M029,P02,T02,198850.45
2025-01-09,M030,P03,T04,140823.91
2025-01-09,M031,P04,T02,195165.03
2025-01-09,M032,P01,T04,208700.15
2025-01-09,M033,P02,T02,284312.33
2025-01-09,M034,P03,T04,184591.91
2025-01-09,M035,P04,T02,242438.92
2025-01-09,M036,P01,T04,181396.57
2025-01-09,M037,P02,T02,247947.26
2025-01-09,M038,P03,T04,162635.14
2025-01-09,M039,P04,T02,210504.44
2025-01-09,M040,P01,T04,241935.02
2025-01-09,M041,P02,T02,286494.64
2025-01-09,M042,P03,T04,229365.17
2025-01-09,M043,P04,T02,191838.16
2025-01-09,M044,P01,T04,234496.75
2025-01-09,M045,P02,T02,273750.4
2025-01-09,M046,P03,T04,196500.02
2025-01-09,M047,P04,T02,247467.97
2025-01-09,M048,P01,T04,271263.37
2025-01-10,M001,P03,T03,59078.95
2025-01-10,M002,P04,T01,102510.43
2025-01-10,M003,P01,T03,87997.57
2025-01-10,M004,P02,T01,179101.41
2025-01-10,M005,P03,T03,92305.69
2025-01-10,M006,P04,T01,181960.93
2025-01-10,M007,P01,T03,145023.06
2025-01-10,M008,P02,T01,149124.89
2025-01-10,M009,P03,T03,82248.69
2025-01-10,M010,P04,T01,140463.9
2025-01-10,M011,P01,T03,129266.28
2025-01-10,M012,P02,T01,210391.51
2025-01-10,M013,P03,T03,111457.59
2025-01-10,M014,P04,T01,203363.78
2025-01-10,M015,P01,T03,103097.86
2025-01-10,M016,P02,T01,201145.23
2025-01-10,M017,P03,T03,102864.17
2025-01-10,M018,P04,T01,197749.03
2025-01-10,M019,P01,T03,154637.11
2025-01-10,M020,P02,T01,259301.47
2025-01-10,M021,P03,T03,133404.64
2025-01-10,M022,P04,T01,154556.66
2025-01-10,M023,P01,T03,139980.13
2025-01-10,M024,P02,T01,231671.34
2025-01-10,M025,P03,T03,121566.53
2025-01-10,M026,P04,T01,222295.46
2025-01-10,M027,P01,T03,182738.85
2025-01-10,M028,P02,T01,321511.06
2025-01-10,M029,P03,T03,119163.26
2025-01-10,M030,P04,T01,195441.35
2025-01-10,M031,P01,T03,159975.66
2025-01-10,M032,P02,T01,280400.24
2025-01-10,M033,P03,T03,142471.77
2025-01-10,M034,P04,T01,281015.49
2025-01-10,M035,P01,T03,207736.86
2025-01-10,M036,P02,T01,258534.86
2025-01-10,M037,P03,T03,131810.09
2025-01-10,M038,P04,T01,258785.11
2025-01-10,M039,P01,T03,200819.8
2025-01-10,M040,P02,T01,344666.4
2025-01-10,M041,P03,T03,179842.68
2025-01-10,M042,P04,T01,328561.43
2025-01-10,M043,P01,T03,176706.66
2025-01-10,M044,P02,T01,324732.95
2025-01-10,M045,P03,T03,149464.89
2025-01-10,M046,P04,T01,262215.95
2025-01-10,M047,P01,T03,206902.56
2025-01-10,M048,P02,T01,395390.43
2025-01-11,M001,P04,T04,62803.19
2025-01-11,M002,P01,T02,93582.84
2025-01-11,M003,P02,T04,115856.33
2025-01-11,M004,P03,T02,90788.36
2025-01-11,M005,P04,T04,109413.4
2025-01-11,M006,P01,T02,137168.83
2025-01-11,M007,P02,T04,181563.11
2025-01-11,M008,P03,T02,78633.54
2025-01-11,M009,P04,T04,95442.2
2025-01-11,M010,P01,T02,121060.16
2025-01-11,M011,P02,T04,155129.04
2025-01-11,M012,P03,T02,116913.06
2025-01-11,M013,P04,T04,149092.02
2025-01-11,M014,P01,T02,164705.27
2025-01-11,M015,P02,T04,116649.08
2025-01-11,M016,P03,T02,100319.51
2025-01-11,M017,P04,T04,120618.67
2025-01-11,M018,P01,T02,148839.44
2025-01-11,M019,P02,T04,191997.25
2025-01-11,M020,P03,T02,145105.59
2025-01-11,M021,P04,T04,166796.6
2025-01-11,M022,P01,T02,145224.03
2025-01-11,M023,P02,T04,164529.35
2025-01-11,M024,P03,T02,141568.77
2025-01-11,M025,P04,T04,146030.74
2025-01-11,M026,P01,T02,180034.18
2025-01-11,M027,P02,T04,209015.95
2025-01-11,M028,P03,T02,167319.54
2025-01-11,M029,P04,T04,146399.14
2025-01-11,M030,P01,T02,177937.56
2025-01-11,M031,P02,T04,211374.43
2025-01-11,M032,P03,T02,162179.38
2025-01-11,M033,P04,T04,198000.68
2025-01-11,M034,P01,T02,230088.57
2025-01-11,M035,P02,T04,266460.15
2025-01-11,M036,P03,T02,134662.66
2025-01-11,M037,P04,T04,175102.13
2025-01-11,M038,P01,T02,187777.36
2025-01-11,M039,P02,T04,231122.75
2025-01-11,M040,P03,T02,178582.47
2025-01-11,M041,P04,T04,223555.97
2025-01-11,M042,P01,T02,273724.4
2025-01-11,M043,P02,T04,213699.39
2025-01-11,M044,P03,T02,161120.76
2025-01-11,M045,P04,T04,199499.78
2025-01-11,M046,P01,T02,249865.89
2025-01-11,M047,P02,T04,262836.77
2025-01-11,M048,P03,T02,211094.77
2025-01-12,M001,P01,T01,83034.94
2025-01-12,M002,P02,T03,86359.31
2025-01-12,M003,P03,T01,93429.83
2025-01-12,M004,P04,T03,86916.55
2025-01-12,M005,P01,T01,147823.49
2025-01-12,M006,P02,T03,128990.51
2025-01-12,M007,P03,T01,142560.65
2025-01-12,M008,P04,T03,68116.62
2025-01-12,M009,P01,T01,137953.06
2025-01-12,M010,P02,T03,118854.85
2025-01-12,M011,P03,T01,124923.84
2025-01-12,M012,P04,T03,106883.97
2025-01-12,M013,P01,T01,201296.76
2025-01-12,M014,P02,T03,169835.46
2025-01-12,M015,P03,T01,118126.84
2025-01-12,M016,P04,T03,89690.74
2025-01-12,M017,P01,T01,174248.15
2025-01-12,M018,P02,T03,130080.78
2025-01-12,M019,P03,T01,150403.78
2025-01-12,M020,P04,T03,125628.52
2025-01-12,M021,P01,T01,238448.6
2025-01-12,M022,P02,T03,115859.46
2025-01-12,M023,P03,T01,130056.49
2025-01-12,M024,P04,T03,112877.31
2025-01-12,M025,P01,T01,209450.57
2025-01-12,M026,P02,T03,172867.53
2025-01-12,M027,P03,T01,193751.62
2025-01-12,M028,P04,T03,152352.83
2025-01-12,M029,P01,T01,194481.7
2025-01-12,M030,P02,T03,163610.41
2025-01-12,M031,P03,T01,170680.25
2025-01-12,M032,P04,T03,148879.09
2025-01-12,M033,P01,T01,252467.65
2025-01-12,M034,P02,T03,196232.67
2025-01-12,M035,P03,T01,235928.51
2025-01-12,M036,P04,T03,127750.93
2025-01-12,M037,P01,T01,230470.25
2025-01-12,M038,P02,T03,176131.84
2025-01-12,M039,P03,T01,188113.65
2025-01-12,M040,P04,T03,170003.88
2025-01-12,M041,P01,T01,262838.64
2025-01-12,M042,P02,T03,240252.28
2025-01-12,M043,P03,T01,183847.92
2025-01-12,M044,P04,T03,153150.31
2025-01-12,M045,P01,T01,276766.91
2025-01-12,M046,P02,T03,207881.83
2025-01-12,M047,P03,T01,247450.3
2025-01-12,M048,P04,T03,201872.15
2025-01-13,M001,P02,T02,103823.03
2025-01-13,M002,P03,T04,79270.2
2025-01-13,M003,P04,T02,104170.23
2025-01-13,M004,P01,T04,130290.02
2025-01-13,M005,P02,T02,171550.33
2025-01-13,M006,P03,T04,113336.46
2025-01-13,M007,P04,T02,166969.77
2025-01-13,M008,P01,T04,97656.39
2025-01-13,M009,P02,T02,146363.77
2025-01-13,M010,P03,T04,108709.8
2025-01-13,M011,P04,T02,152202.26
2025-01-13,M012,P01,T04,152105.2
2025-01-13,M013,P02,T02,208869.96
2025-01-13,M014,P03,T04,150524.22
2025-01-13,M015,P04,T02,128749.15
2025-01-13,M016,P01,T04,132993.4
2025-01-13,M017,P02,T02,177494.36
2025-01-13,M018,P03,T04,124288.72
2025-01-13,M019,P04,T02,165910.47
2025-01-13,M020,P01,T04,183662.51
2025-01-13,M021,P02,T02,250344.71
2025-01-13,M022,P03,T04,118386.75
2025-01-13,M023,P04,T02,148662.15
2025-01-13,M024,P01,T04,171818.97
2025-01-13,M025,P02,T02,219404.66
2025-01-13,M026,P03,T04,165008.98
2025-01-13,M027,P04,T02,208601.32
2025-01-13,M028,P01,T04,218830.97
2025-01-13,M029,P02,T02,185338.95
2025-01-13,M030,P03,T04,134213.1
2025-01-13,M031,P04,T02,178053.79
2025-01-13,M032,P01,T04,205187.41
2025-01-13,M033,P02,T02,265343.87
2025-01-13,M034,P03,T04,177263.07
2025-01-13,M035,P04,T02,260009.17
2025-01-13,M036,P01,T04,194656.19
2025-01-13,M037,P02,T02,236354.65
2025-01-13,M038,P03,T04,175589.33
2025-01-13,M039,P04,T02,224568.43
2025-01-13,M040,P01,T04,242380.72
2025-01-13,M041,P02,T02,306796.41
2025-01-13,M042,P03,T04,200322.52
2025-01-13,M043,P04,T02,211044.91
2025-01-13,M044,P01,T04,223592.53
2025-01-13,M045,P02,T02,277316.59
2025-01-13,M046,P03,T04,201313.65
2025-01-13,M047,P04,T02,256220.21
2025-01-13,M048,P01,T04,284543.02
2025-01-14,M001,P03,T03,59228.34
2025-01-14,M002,P04,T01,109988.47
2025-01-14,M003,P01,T03,96507.68
2025-01-14,M004,P02,T01,170707.05
2025-01-14,M005,P03,T03,91337.22
2025-01-14,M006,P04,T01,167177.94
2025-01-14,M007,P01,T03,137575.67
2025-01-14,M008,P02,T01,136077.88
2025-01-14,M009,P03,T03,80358.82
2025-01-14,M010,P04,T01,139480.97
2025-01-14,M011,P01,T03,127256.68
2025-01-14,M012,P02,T01,238558.61
2025-01-14,M013,P03,T03,110357.15
2025-01-14,M014,P04,T01,227860.03
2025-01-14,M015,P01,T03,96830.3
2025-01-14,M016,P02,T01,192533.31
2025-01-14,M017,P03,T03,98698.99
2025-01-14,M018,P04,T01,201078.97
2025-01-14,M019,P01,T03,157915.5
2025-01-14,M020,P02,T01,284331.42
2025-01-14,M021,P03,T03,131837.79
2025-01-14,M022,P04,T01,151943.68
2025-01-14,M023,P01,T03,130115.55
2025-01-14,M024,P02,T01,249264.42
2025-01-14,M025,P03,T03,118597.3
2025-01-14,M026,P04,T01,211916.03
2025-01-14,M027,P01,T03,182806.37
2025-01-14,M028,P02,T01,295526.05
2025-01-14,M029,P03,T03,115987.89
2025-01-14,M030,P04,T01,194380.27
2025-01-14,M031,P01,T03,157697.59
2025-01-14,M032,P02,T01,301028.93
2025-01-14,M033,P03,T03,138477.61
2025-01-14,M034,P04,T01,275926.49
2025-01-14,M035,P01,T03,218412.58
2025-01-14,M036,P02,T01,255446.15
2025-01-14,M037,P03,T03,132981.35
2025-01-14,M038,P04,T01,259245.24
2025-01-14,M039,P01,T03,195132.49
2025-01-14,M040,P02,T01,313116.97
2025-01-14,M041,P03,T03,175545.71
2025-01-14,M042,P04,T01,289499.39
2025-01-14,M043,P01,T03,168551.78
2025-01-14,M044,P02,T01,330339.85
2025-01-14,M045,P03,T03,161942.89
2025-01-14,M046,P04,T01,271365.77
2025-01-14,M047,P01,T03,229886.15
2025-01-14,M048,P02,T01,366616.08
2025-01-15,M001,P04,T04,75667.89
2025-01-15,M002,P01,T02,97764.53
2025-01-15,M003,P02,T04,126353.57
2025-01-15,M004,P03,T02,106642.61
2025-01-15,M005,P04,T04,137894.11
2025-01-15,M006,P01,T02,168719.94
2025-01-15,M007,P02,T04,200127.1
2025-01-15,M008,P03,T02,85846.23
2025-01-15,M009,P04,T04,108560.02
2025-01-15,M010,P01,T02,147085.17
2025-01-15,M011,P02,T04,173187.56
2025-01-15,M012,P03,T02,125323.09
2025-01-15,M013,P04,T04,151226.17
2025-01-15,M014,P01,T02,199176.34
2025-01-15,M015,P02,T04,138495.67
2025-01-15,M016,P03,T02,125529.74
2025-01-15,M017,P04,T04,138052.84
2025-01-15,M018,P01,T02,170554.33
2025-01-15,M019,P02,T04,187016.33
2025-01-15,M020,P03,T02,168739.43
2025-01-15,M021,P04,T04,185183.93
2025-01-15,M022,P01,T02,143433.83
2025-01-15,M023,P02,T04,175178.37
2025-01-15,M024,P03,T02,144789.45
2025-01-15,M025,P04,T04,179167.99
2025-01-15,M026,P01,T02,216505.0
2025-01-15,M027,P02,T04,233448.25
2025-01-15,M028,P03,T02,207264.62
2025-01-15,M029,P04,T04,148157.36
2025-01-15,M030,P01,T02,201772.34
2025-01-15,M031,P02,T04,210091.02
2025-01-15,M032,P03,T02,169891.15
2025-01-15,M033,P04,T04,213118.01
2025-01-15,M034,P01,T02,242680.25
2025-01-15,M035,P02,T04,265849.04
2025-01-15,M036,P03,T02,159838.08
2025-01-15,M037,P04,T04,172825.39
2025-01-15,M038,P01,T02,233699.93
2025-01-15,M039,P02,T04,250835.75
2025-01-15,M040,P03,T02,217416.59
2025-01-15,M041,P04,T04,245794.39
2025-01-15,M042,P01,T02,278531.39
2025-01-15,M043,P02,T04,213629.48
2025-01-15,M044,P03,T02,183572.94
2025-01-15,M045,P04,T04,205537.86
2025-01-15,M046,P01,T02,261856.91
2025-01-15,M047,P02,T04,306393.32
2025-01-15,M048,P03,T02,223624.17
2025-01-16,M001,P01,T01,99762.45
2025-01-16,M002,P02,T03,88040.03
2025-01-16,M003,P03,T01,114539.02
2025-01-16,M004,P04,T03,94562.92
2025-01-16,M005,P01,T01,162962.53
2025-01-16,M006,P02,T03,151781.43
2025-01-16,M007,P03,T01,153029.35
2025-01-16,M008,P04,T03,80510.98
2025-01-16,M009,P01,T01,134435.93
2025-01-16,M010,P02,T03,130066.17
2025-01-16,M011,P03,T01,149516.74
2025-01-16,M012,P04,T03,119348.27
2025-01-16,M013,P01,T01,215586.98
2025-01-16,M014,P02,T03,185059.76
2025-01-16,M015,P03,T01,131189.94
2025-01-16,M016,P04,T03,97989.13
2025-01-16,M017,P01,T01,199948.31
2025-01-16,M018,P02,T03,161051.87
2025-01-16,M019,P03,T01,165612.13
2025-01-16,M020,P04,T03,141355.15
2025-01-16,M021,P01,T01,250911.35
2025-01-16,M022,P02,T03,138945.93
2025-01-16,M023,P03,T01,161502.9
2025-01-16,M024,P04,T03,138730.3
2025-01-16,M025,P01,T01,244888.89
2025-01-16,M026,P02,T03,191590.85
2025-01-16,M027,P03,T01,198838.2
2025-01-16,M028,P04,T03,180045.35
2025-01-16,M029,P01,T01,193009.39
2025-01-16,M030,P02,T03,160134.58
2025-01-16,M031,P03,T01,192700.59
2025-01-16,M032,P04,T03,158669.28
2025-01-16,M033,P01,T01,261833.7
2025-01-16,M034,P02,T03,232595.9
2025-01-16,M035,P03,T01,228533.79
2025-01-16,M036,P04,T03,150552.68
2025-01-16,M037,P01,T01,236517.5
2025-01-16,M038,P02,T03,187801.01
2025-01-16,M039,P03,T01,229499.6
2025-01-16,M040,P04,T03,175926.71
2025-01-16,M041,P01,T01,337180.22
2025-01-16,M042,P02,T03,264848.78
2025-01-16,M043,P03,T01,201706.69
2025-01-16,M044,P04,T03,166012.17
2025-01-16,M045,P01,T01,301313.24
2025-01-16,M046,P02,T03,244780.55
2025-01-16,M047,P03,T01,249138.95
2025-01-16,M048,P04,T03,225429.56
2025-01-17,M001,P02,T02,99462.63
2025-01-17,M002,P03,T04,77033.22
2025-01-17,M003,P04,T02,110498.99
2025-01-17,M004,P01,T04,124386.34
2025-01-17,M005,P02,T02,172079.16
2025-01-17,M006,P03,T04,123849.74
2025-01-17,M007,P04,T02,169275.03
2025-01-17,M008,P01,T04,103527.27
2025-01-17,M009,P02,T02,137172.12
2025-01-17,M010,P03,T04,105868.37
2025-01-17,M011,P04,T02,143810.08
2025-01-17,M012,P01,T04,149118.76
2025-01-17,M013,P02,T02,217903.64
2025-01-17,M014,P03,T04,154367.84
2025-01-17,M015,P04,T02,113895.23
2025-01-17,M016,P01,T04,128932.63
2025-01-17,M017,P02,T02,185096.86
2025-01-17,M018,P03,T04,132850.76
2025-01-17,M019,P04,T02,187048.76
2025-01-17,M020,P01,T04,197646.79
2025-01-17,M021,P02,T02,256475.26
2025-01-17,M022,P03,T04,109690.24
2025-01-17,M023,P04,T02,167137.28
2025-01-17,M024,P01,T04,173366.71
2025-01-17,M025,P02,T02,212496.33
2025-01-17,M026,P03,T04,152398.68
2025-01-17,M027,P04,T02,201934.57
2025-01-17,M028,P01,T04,223172.47
2025-01-17,M029,P02,T02,182016.92
2025-01-17,M030,P03,T04,137664.95
2025-01-17,M031,P04,T02,198716.97
2025-01-17,M032,P01,T04,198534.66
2025-01-17,M033,P02,T02,245597.19
2025-01-17,M034,P03,T04,194939.18
2025-01-17,M035,P04,T02,264196.88
2025-01-17,M036,P01,T04,186792.28
2025-01-17,M037,P02,T02,237943.14
2025-01-17,M038,P03,T04,162192.85
2025-01-17,M039,P04,T02,211950.56
2025-01-17,M040,P01,T04,253952.5
2025-01-17,M041,P02,T02,315410.07
2025-01-17,M042,P03,T04,208066.49
2025-01-17,M043,P04,T02,194439.89
2025-01-17,M044,P01,T04,223441.19
2025-01-17,M045,P02,T02,287324.9
2025-01-17,M046,P03,T04,209702.83
2025-01-17,M047,P04,T02,272491.89
2025-01-17,M048,P01,T04,280356.01
2025-01-18,M001,P03,T03,45992.87
2025-01-18,M002,P04,T01,100989.37
2025-01-18,M003,P01,T03,78289.79
2025-01-18,M004,P02,T01,149736.84
2025-01-18,M005,P03,T03,80492.95
2025-01-18,M006,P04,T01,163431.48
2025-01-18,M007,P01,T03,128575.04
2025-01-18,M008,P02,T01,131548.65
2025-01-18,M009,P03,T03,66922.32
2025-01-18,M010,P04,T01,123766.99
2025-01-18,M011,P01,T03,108441.98
2025-01-18,M012,P02,T01,209639.55
2025-01-18,M013,P03,T03,108036.84
2025-01-18,M014,P04,T01,183438.47
2025-01-18,M015,P01,T03,93717.99
2025-01-18,M016,P02,T01,166036.19
2025-01-18,M017,P03,T03,94603.55
2025-01-18,M018,P04,T01,175375.99
2025-01-18,M019,P01,T03,143851.74
2025-01-18,M020,P02,T01,244321.74
2025-01-18,M021,P03,T03,135537.68
2025-01-18,M022,P04,T01,157374.96
2025-01-18,M023,P01,T03,115191.65
2025-01-18,M024,P02,T01,201539.68
2025-01-18,M025,P03,T03,114770.26
2025-01-18,M026,P04,T01,210436.87
2025-01-18,M027,P01,T03,155582.79
2025-01-18,M028,P02,T01,274181.9
2025-01-18,M029,P03,T03,97495.05
2025-01-18,M030,P04,T01,194871.96
2025-01-18,M031,P01,T03,134935.17
2025-01-18,M032,P02,T01,272261.64
2025-01-18,M033,P03,T03,131626.35
2025-01-18,M034,P04,T01,245037.17
2025-01-18,M035,P01,T03,185051.45
2025-01-18,M036,P02,T01,223673.0
2025-01-18,M037,P03,T03,112575.91
2025-01-18,M038,P04,T01,235734.94
2025-01-18,M039,P01,T03,177344.33
2025-01-18,M040,P02,T01,316171.32
2025-01-18,M041,P03,T03,163422.75
2025-01-18,M042,P04,T01,294743.7
2025-01-18,M043,P01,T03,145955.01
2025-01-18,M044,P02,T01,257323.37
2025-01-18,M045,P03,T03,136937.75
2025-01-18,M046,P04,T01,236627.92
2025-01-18,M047,P01,T03,191485.68
2025-01-18,M048,P02,T01,358911.12
2025-01-19,M001,P04,T04,65231.03
2025-01-19,M002,P01,T02,85816.31
2025-01-19,M003,P02,T04,118426.72
2025-01-19,M004,P03,T02,99273.57
2025-01-19,M005,P04,T04,106924.31
2025-01-19,M006,P01,T02,152009.54
2025-01-19,M007,P02,T04,178216.14
2025-01-19,M008,P03,T02,79322.14
2025-01-19,M009,P04,T04,94615.56
2025-01-19,M010,P01,T02,125103.62
2025-01-19,M011,P02,T04,147543.11
2025-01-19,M012,P03,T02,120843.43
2025-01-19,M013,P04,T04,137118.22
2025-01-19,M014,P01,T02,172264.9
2025-01-19,M015,P02,T04,124059.34
2025-01-19,M016,P03,T02,105197.64
2025-01-19,M017,P04,T04,120868.56
2025-01-19,M018,P01,T02,147099.82
2025-01-19,M019,P02,T04,189693.72
2025-01-19,M020,P03,T02,152469.29
2025-01-19,M021,P04,T04,178839.51
2025-01-19,M022,P01,T02,143222.37
2025-01-19,M023,P02,T04,150305.02
2025-01-19,M024,P03,T02,123763.8
2025-01-19,M025,P04,T04,154367.21
2025-01-19,M026,P01,T02,202366.59
2025-01-19,M027,P02,T04,231362.48
2025-01-19,M028,P03,T02,173324.9
2025-01-19,M029,P04,T04,126616.02
2025-01-19,M030,P01,T02,176937.89
2025-01-19,M031,P02,T04,196886.26
2025-01-19,M032,P03,T02,157865.94
2025-01-19,M033,P04,T04,184692.23
2025-01-19,M034,P01,T02,207307.98
2025-01-19,M035,P02,T04,238925.81
2025-01-19,M036,P03,T02,140472.95
2025-01-19,M037,P04,T04,164266.21
2025-01-19,M038,P01,T02,219211.68
2025-01-19,M039,P02,T04,232147.47
2025-01-19,M040,P03,T02,191829.99
2025-01-19,M041,P04,T04,212204.62
2025-01-19,M042,P01,T02,246305.04
2025-01-19,M043,P02,T04,195020.24
2025-01-19,M044,P03,T02,175030.45
2025-01-19,M045,P04,T04,183645.64
2025-01-19,M046,P01,T02,252682.37
2025-01-19,M047,P02,T04,259863.38
2025-01-19,M048,P03,T02,210506.93
2025-01-20,M001,P01,T01,105471.91
2025-01-20,M002,P02,T03,94013.93
2025-01-20,M003,P03,T01,115756.29
2025-01-20,M004,P04,T03,94256.85
2025-01-20,M005,P01,T01,160295.68
2025-01-20,M006,P02,T03,133336.72
2025-01-20,M007,P03,T01,157830.15
2025-01-20,M008,P04,T03,84417.81
2025-01-20,M009,P01,T01,131670.09
2025-01-20,M010,P02,T03,118435.88
2025-01-20,M011,P03,T01,133692.02
2025-01-20,M012,P04,T03,130593.06
2025-01-20,M013,P01,T01,216170.07
2025-01-20,M014,P02,T03,181431.31
2025-01-20,M015,P03,T01,124354.31
2025-01-20,M016,P04,T03,105238.38
2025-01-20,M017,P01,T01,184942.2
2025-01-20,M018,P02,T03,144811.24
2025-01-20,M019,P03,T01,184944.41
2025-01-20,M020,P04,T03,140630.57
2025-01-20,M021,P01,T01,264460.39
2025-01-20,M022,P02,T03,138537.06
2025-01-20,M023,P03,T01,150347.02
2025-01-20,M024,P04,T03,137199.56
2025-01-20,M025,P01,T01,231658.57
2025-01-20,M026,P02,T03,189020.29
2025-01-20,M027,P03,T01,218477.86
2025-01-20,M028,P04,T03,172787.52
2025-01-20,M029,P01,T01,190676.89
2025-01-20,M030,P02,T03,167554.29
2025-01-20,M031,P03,T01,203068.28
2025-01-20,M032,P04,T03,163692.75
2025-01-20,M033,P01,T01,281463.2
2025-01-20,M034,P02,T03,211876.93
2025-01-20,M035,P03,T01,257321.15
2025-01-20,M036,P04,T03,135635.02
2025-01-20,M037,P01,T01,241814.16
2025-01-20,M038,P02,T03,199879.0
2025-01-20,M039,P03,T01,239838.81
2025-01-20,M040,P04,T03,172590.28
2025-01-20,M041,P01,T01,303291.28
2025-01-20,M042,P02,T03,266117.12
2025-01-20,M043,P03,T01,210576.76
2025-01-20,M044,P04,T03,166007.3
2025-01-20,M045,P01,T01,299587.05
2025-01-20,M046,P02,T03,217837.94
2025-01-20,M047,P03,T01,278990.3
2025-01-20,M048,P04,T03,224315.05
2025-01-21,M001,P02,T02,103662.31
2025-01-21,M002,P03,T04,82285.23
2025-01-21,M003,P04,T02,112267.25
2025-01-21,M004,P01,T04,121458.78
2025-01-21,M005,P02,T02,162644.33
2025-01-21,M006,P03,T04,126924.06
2025-01-21,M007,P04,T02,167374.23
2025-01-21,M008,P01,T04,99472.2
2025-01-21,M009,P02,T02,133567.85
2025-01-21,M010,P03,T04,107056.09
2025-01-21,M011,P04,T02,151586.29
2025-01-21,M012,P01,T04,150116.12
2025-01-21,M013,P02,T02,203830.77
2025-01-21,M014,P03,T04,144015.15
2025-01-21,M015,P04,T02,119754.29
2025-01-21,M016,P01,T04,140630.75
2025-01-21,M017,P02,T02,187526.56
2025-01-21,M018,P03,T04,127338.47
2025-01-21,M019,P04,T02,183706.97
2025-01-21,M020,P01,T04,207267.07
2025-01-21,M021,P02,T02,263865.0
2025-01-21,M022,P03,T04,111967.93
2025-01-21,M023,P04,T02,165548.61
2025-01-21,M024,P01,T04,168991.25
2025-01-21,M025,P02,T02,212796.66
2025-01-21,M026,P03,T04,160489.24
2025-01-21,M027,P04,T02,203982.63
2025-01-21,M028,P01,T04,225690.31
2025-01-21,M029,P02,T02,210137.72
2025-01-21,M030,P03,T04,140833.71
2025-01-21,M031,P04,T02,186065.63
2025-01-21,M032,P01,T04,213330.44
2025-01-21,M033,P02,T02,270841.46
2025-01-21,M034,P03,T04,188940.34
2025-01-21,M035,P04,T02,234185.85
2025-01-21,M036,P01,T04,170051.62
2025-01-21,M037,P02,T02,237269.73
2025-01-21,M038,P03,T04,171071.1
2025-01-21,M039,P04,T02,237656.97
2025-01-21,M040,P01,T04,256103.57
2025-01-21,M041,P02,T02,310714.46
2025-01-21,M042,P03,T04,232292.01
2025-01-21,M043,P04,T02,214050.14
2025-01-21,M044,P01,T04,231654.36
2025-01-21,M045,P02,T02,271543.81
2025-01-21,M046,P03,T04,184854.6
2025-01-21,M047,P04,T02,262193.41
2025-01-21,M048,P01,T04,264926.45
2025-01-22,M001,P03,T03,52505.11
2025-01-22,M002,P04,T01,101934.29
2025-01-22,M003,P01,T03,91173.48
2025-01-22,M004,P02,T01,179702.66
2025-01-22,M005,P03,T03,96024.34
2025-01-22,M006,P04,T01,179978.94
2025-01-22,M007,P01,T03,149507.27
2025-01-22,M008,P02,T01,147330.71
2025-01-22,M009,P03,T03,76645.43
2025-01-22,M010,P04,T01,149118.42
2025-01-22,M011,P01,T03,115132.99
2025-01-22,M012,P02,T01,232022.43
2025-01-22,M013,P03,T03,116473.75
2025-01-22,M014,P04,T01,224207.05
2025-01-22,M015,P01,T03,95835.47
2025-01-22,M016,P02,T01,189837.6
2025-01-22,M017,P03,T03,103275.02
2025-01-22,M018,P04,T01,192854.59
2025-01-22,M019,P01,T03,152646.43
2025-01-22,M020,P02,T01,288605.0
2025-01-22,M021,P03,T03,138465.34
2025-01-22,M022,P04,T01,167033.89
2025-01-22,M023,P01,T03,133988.1
2025-01-22,M024,P02,T01,242926.19
2025-01-22,M025,P03,T03,132959.79
2025-01-22,M026,P04,T01,239263.46
2025-01-22,M027,P01,T03,179905.01
2025-01-22,M028,P02,T01,319180.54
2025-01-22,M029,P03,T03,117195.33
2025-01-22,M030,P04,T01,195784.01
2025-01-22,M031,P01,T03,150792.46
2025-01-22,M032,P02,T01,275160.95
2025-01-22,M033,P03,T03,149259.99
2025-01-22,M034,P04,T01,249350.48
2025-01-22,M035,P01,T03,196065.3
2025-01-22,M036,P02,T01,243609.27
2025-01-22,M037,P03,T03,130902.85
2025-01-22,M038,P04,T01,231037.74
2025-01-22,M039,P01,T03,191577.88
2025-01-22,M040,P02,T01,328926.09
2025-01-22,M041,P03,T03,177259.48
2025-01-22,M042,P04,T01,283796.07
2025-01-22,M043,P01,T03,172899.64
2025-01-22,M044,P02,T01,306896.37
2025-01-22,M045,P03,T03,158929.22
2025-01-22,M046,P04,T01,283631.22
2025-01-22,M047,P01,T03,224456.29
2025-01-22,M048,P02,T01,393371.59
2025-01-23,M001,P04,T04,76411.73
2025-01-23,M002,P01,T02,109216.58
2025-01-23,M003,P02,T04,128005.48
2025-01-23,M004,P03,T02,108074.03
2025-01-23,M005,P04,T04,123365.81
2025-01-23,M006,P01,T02,155623.47
2025-01-23,M007,P02,T04,178837.61
2025-01-23,M008,P03,T02,84804.6
2025-01-23,M009,P04,T04,110477.15
2025-01-23,M010,P01,T02,148158.61
2025-01-23,M011,P02,T04,161923.18
2025-01-23,M012,P03,T02,131698.0
2025-01-23,M013,P04,T04,157121.17
2025-01-23,M014,P01,T02,192523.18
2025-01-23,M015,P02,T04,138859.51
2025-01-23,M016,P03,T02,115111.32
2025-01-23,M017,P04,T04,128718.41
2025-01-23,M018,P01,T02,164402.32
2025-01-23,M019,P02,T04,209044.6
2025-01-23,M020,P03,T02,158078.5
2025-01-23,M021,P04,T04,196289.9
2025-01-23,M022,P01,T02,157099.13
2025-01-23,M023,P02,T04,180253.01
2025-01-23,M024,P03,T02,150256.03
2025-01-23,M025,P04,T04,166957.57
2025-01-23,M026,P01,T02,217837.25
2025-01-23,M027,P02,T04,245129.32
2025-01-23,M028,P03,T02,184637.29
2025-01-23,M029,P04,T04,152847.16
2025-01-23,M030,P01,T02,182779.22
2025-01-23,M031,P02,T04,200298.68
2025-01-23,M032,P03,T02,174336.09
2025-01-23,M033,P04,T04,215035.69
2025-01-23,M034,P01,T02,249020.37
2025-01-23,M035,P02,T04,278516.56
2025-01-23,M036,P03,T02,153532.13
2025-01-23,M037,P04,T04,179875.56
2025-01-23,M038,P01,T02,230603.23
2025-01-23,M039,P02,T04,249492.05
2025-01-23,M040,P03,T02,209593.44
2025-01-23,M041,P04,T04,248816.24
2025-01-23,M042,P01,T02,288570.99
2025-01-23,M043,P02,T04,238770.89
2025-01-23,M044,P03,T02,177662.57
2025-01-23,M045,P04,T04,222643.77
2025-01-23,M046,P01,T02,274205.88
2025-01-23,M047,P02,T04,275603.46
2025-01-23,M048,P03,T02,221005.91
2025-01-24,M001,P01,T01,94602.74
2025-01-24,M002,P02,T03,88240.05
2025-01-24,M003,P03,T01,102210.15
2025-01-24,M004,P04,T03,100321.31
2025-01-24,M005,P01,T01,171760.98
2025-01-24,M006,P02,T03,142154.91
2025-01-24,M007,P03,T01,161643.78
2025-01-24,M008,P04,T03,74985.78
2025-01-24,M009,P01,T01,140397.38
2025-01-24,M010,P02,T03,122380.49
2025-01-24,M011,P03,T01,139580.38
2025-01-24,M012,P04,T03,123217.83
2025-01-24,M013,P01,T01,220031.8
2025-01-24,M014,P02,T03,190232.24
2025-01-24,M015,P03,T01,121473.68
2025-01-24,M016,P04,T03,107279.78
2025-01-24,M017,P01,T01,183195.67
2025-01-24,M018,P02,T03,157450.73
2025-01-24,M019,P03,T01,164867.29
2025-01-24,M020,P04,T03,153538.23
2025-01-24,M021,P01,T01,246361.19
2025-01-24,M022,P02,T03,135131.47
2025-01-24,M023,P03,T01,153749.32
2025-01-24,M024,P04,T03,140953.88
2025-01-24,M025,P01,T01,224565.66
2025-01-24,M026,P02,T03,180207.9
2025-01-24,M027,P03,T01,208457.56
2025-01-24,M028,P04,T03,176058.82
2025-01-24,M029,P01,T01,196627.33
2025-01-24,M030,P02,T03,177945.34
2025-01-24,M031,P03,T01,190098.83
2025-01-24,M032,P04,T03,157448.88
2025-01-24,M033,P01,T01,252690.25
2025-01-24,M034,P02,T03,210076.87
2025-01-24,M035,P03,T01,245391.41
2025-01-24,M036,P04,T03,135291.39
2025-01-24,M037,P01,T01,246468.65
2025-01-24,M038,P02,T03,195551.99
2025-01-24,M039,P03,T01,218048.04
2025-01-24,M040,P04,T03,191312.2
2025-01-24,M041,P01,T01,336854.76
2025-01-24,M042,P02,T03,259726.42
2025-01-24,M043,P03,T01,200610.73
2025-01-24,M044,P04,T03,177095.92
2025-01-24,M045,P01,T01,288765.64
2025-01-24,M046,P02,T03,223197.41
2025-01-24,M047,P03,T01,271316.97
2025-01-24,M048,P04,T03,216765.16
2025-01-25,M001,P02,T02,87807.06
2025-01-25,M002,P03,T04,73196.71
2025-01-25,M003,P04,T02,90635.9
2025-01-25,M004,P01,T04,118298.31
2025-01-25,M005,P02,T02,154074.9
2025-01-25,M006,P03,T04,104055.84
2025-01-25,M007,P04,T02,143709.16
2025-01-25,M008,P01,T04,93822.08
2025-01-25,M009,P02,T02,123719.92
2025-01-25,M010,P03,T04,93348.85
2025-01-25,M011,P04,T02,131623.08
2025-01-25,M012,P01,T04,152823.24
2025-01-25,M013,P02,T02,189470.0
2025-01-25,M014,P03,T04,145916.41
2025-01-25,M015,P04,T02,111674.16
2025-01-25,M016,P01,T04,122404.99
2025-01-25,M017,P02,T02,160449.61
2025-01-25,M018,P03,T04,113756.48
2025-01-25,M019,P04,T02,169745.98
2025-01-25,M020,P01,T04,159492.1
2025-01-25,M021,P02,T02,217494.89
2025-01-25,M022,P03,T04,111870.93
2025-01-25,M023,P04,T02,139372.65
2025-01-25,M024,P01,T04,148632.54
2025-01-25,M025,P02,T02,211665.57
2025-01-25,M026,P03,T04,154236.21
2025-01-25,M027,P04,T02,182864.41
2025-01-25,M028,P01,T04,209671.66
2025-01-25,M029,P02,T02,164121.79
2025-01-25,M030,P03,T04,129557.08
2025-01-25,M031,P04,T02,157921.23
2025-01-25,M032,P01,T04,176493.92
2025-01-25,M033,P02,T02,253510.41
2025-01-25,M034,P03,T04,172580.46
2025-01-25,M035,P04,T02,222674.61
2025-01-25,M036,P01,T04,167719.22
2025-01-25,M037,P02,T02,221144.87
2025-01-25,M038,P03,T04,166318.0
2025-01-25,M039,P04,T02,185989.98
2025-01-25,M040,P01,T04,214218.56
2025-01-25,M041,P02,T02,297479.83
2025-01-25,M042,P03,T04,201219.25
2025-01-25,M043,P04,T02,187311.25
2025-01-25,M044,P01,T04,190875.52
2025-01-25,M045,P02,T02,243726.43
2025-01-25,M046,P03,T04,179684.42
2025-01-25,M047,P04,T02,219563.48
2025-01-25,M048,P01,T04,259336.31
2025-01-26,M001,P03,T03,50759.05
2025-01-26,M002,P04,T01,100890.07
2025-01-26,M003,P01,T03,84354.17
2025-01-26,M004,P02,T01,164006.03
2025-01-26,M005,P03,T03,79082.87
2025-01-26,M006,P04,T01,165909.54
2025-01-26,M007,P01,T03,134836.59
2025-01-26,M008,P02,T01,122231.93
2025-01-26,M009,P03,T03,70594.68
2025-01-26,M010,P04,T01,130270.66
2025-01-26,M011,P01,T03,102884.15
2025-01-26,M012,P02,T01,189147.6
2025-01-26,M013,P03,T03,112093.2
2025-01-26,M014,P04,T01,207950.21
2025-01-26,M015,P01,T03,84708.64
2025-01-26,M016,P02,T01,181581.1
2025-01-26,M017,P03,T03,88299.63
2025-01-26,M018,P04,T01,181714.26
2025-01-26,M019,P01,T03,138542.37
2025-01-26,M020,P02,T01,251796.88
2025-01-26,M021,P03,T03,121184.81
2025-01-26,M022,P04,T01,158103.43
2025-01-26,M023,P01,T03,110084.56
2025-01-26,M024,P02,T01,214009.65
2025-01-26,M025,P03,T03,110430.55
2025-01-26,M026,P04,T01,200643.9
2025-01-26,M027,P01,T03,164726.94
2025-01-26,M028,P02,T01,273400.63
2025-01-26,M029,P03,T03,94994.54
2025-01-26,M030,P04,T01,173856.03
2025-01-26,M031,P01,T03,144953.31
2025-01-26,M032,P02,T01,251350.85
2025-01-26,M033,P03,T03,128584.23
2025-01-26,M034,P04,T01,223943.27
2025-01-26,M035,P01,T03,200707.5
2025-01-26,M036,P02,T01,226487.44
2025-01-26,M037,P03,T03,128409.09
2025-01-26,M038,P04,T01,220952.27
2025-01-26,M039,P01,T03,175827.43
2025-01-26,M040,P02,T01,286470.28
2025-01-26,M041,P03,T03,148095.04
2025-01-26,M042,P04,T01,277299.77
2025-01-26,M043,P01,T03,161780.18
2025-01-26,M044,P02,T01,292169.75
2025-01-26,M045,P03,T03,140921.02
2025-01-26,M046,P04,T01,235445.07
2025-01-26,M047,P01,T03,205951.26
2025-01-26,M048,P02,T01,350232.19
2025-01-27,M001,P04,T04,81013.37
2025-01-27,M002,P01,T02,107383.09
2025-01-27,M003,P02,T04,131017.9
2025-01-27,M004,P03,T02,107719.26
2025-01-27,M005,P04,T04,118707.29
2025-01-27,M006,P01,T02,158547.06
2025-01-27,M007,P02,T04,198484.55
2025-01-27,M008,P03,T02,92755.83
2025-01-27,M009,P04,T04,107196.91
2025-01-27,M010,P01,T02,144948.58
2025-01-27,M011,P02,T04,158560.41
2025-01-27,M012,P03,T02,136604.82
2025-01-27,M013,P04,T04,162432.75
2025-01-27,M014,P01,T02,205677.18
2025-01-27,M015,P02,T04,131381.4
2025-01-27,M016,P03,T02,110063.31
2025-01-27,M017,P04,T04,133537.43
2025-01-27,M018,P01,T02,169128.26
2025-01-27,M019,P02,T04,215212.35
2025-01-27,M020,P03,T02,159013.93
2025-01-27,M021,P04,T04,185822.93
2025-01-27,M022,P01,T02,152876.55
2025-01-27,M023,P02,T04,165625.83
2025-01-27,M024,P03,T02,147202.82
2025-01-27,M025,P04,T04,172312.78
2025-01-27,M026,P01,T02,218883.96
2025-01-27,M027,P02,T04,249804.26
2025-01-27,M028,P03,T02,202261.39
2025-01-27,M029,P04,T04,141552.96
2025-01-27,M030,P01,T02,193153.74
2025-01-27,M031,P02,T04,225668.43
2025-01-27,M032,P03,T02,175247.1
2025-01-27,M033,P04,T04,213094.27
2025-01-27,M034,P01,T02,264454.95
2025-01-27,M035,P02,T04,280720.39
2025-01-27,M036,P03,T02,163467.03
2025-01-27,M037,P04,T04,191437.88
2025-01-27,M038,P01,T02,220111.29
2025-01-27,M039,P02,T04,245886.12
2025-01-27,M040,P03,T02,218459.45
2025-01-27,M041,P04,T04,252258.27
2025-01-27,M042,P01,T02,286591.92
2025-01-27,M043,P02,T04,241450.59
2025-01-27,M044,P03,T02,178034.91
2025-01-27,M045,P04,T04,218636.97
2025-01-27,M046,P01,T02,245285.56
2025-01-27,M047,P02,T04,313290.9
2025-01-27,M048,P03,T02,226164.06
2025-01-28,M001,P01,T01,105967.59
2025-01-28,M002,P02,T03,96178.21
2025-01-28,M003,P03,T01,114065.85
2025-01-28,M004,P04,T03,99114.48
2025-01-28,M005,P01,T01,181955.19
2025-01-28,M006,P02,T03,135915.84
2025-01-28,M007,P03,T01,168112.71
2025-01-28,M008,P04,T03,80392.09
2025-01-28,M009,P01,T01,147217.65
2025-01-28,M010,P02,T03,124015.13
2025-01-28,M011,P03,T01,155367.63
2025-01-28,M012,P04,T03,116880.79
2025-01-28,M013,P01,T01,227447.24
2025-01-28,M014,P02,T03,168902.12
2025-01-28,M015,P03,T01,124000.52
2025-01-28,M016,P04,T03,109473.62
2025-01-28,M017,P01,T01,173023.8
2025-01-28,M018,P02,T03,158167.2
2025-01-28,M019,P03,T01,191850.78
2025-01-28,M020,P04,T03,147042.8
2025-01-28,M021,P01,T01,235829.69
2025-01-28,M022,P02,T03,135894.44
2025-01-28,M023,P03,T01,168215.36
2025-01-28,M024,P04,T03,127147.87
2025-01-28,M025,P01,T01,215691.88
2025-01-28,M026,P02,T03,202318.49
2025-01-28,M027,P03,T01,199678.6
2025-01-28,M028,P04,T03,186199.07
2025-01-28,M029,P01,T01,185402.69
2025-01-28,M030,P02,T03,165313.87
2025-01-28,M031,P03,T01,194327.98
2025-01-28,M032,P04,T03,166739.1
2025-01-28,M033,P01,T01,285610.36
2025-01-28,M034,P02,T03,210547.6
2025-01-28,M035,P03,T01,241975.67
2025-01-28,M036,P04,T03,133499.35
2025-01-28,M037,P01,T01,246329.44
2025-01-28,M038,P02,T03,191855.01
2025-01-28,M039,P03,T01,213941.57
2025-01-28,M040,P04,T03,186319.39
2025-01-28,M041,P01,T01,313482.06
2025-01-28,M042,P02,T03,260525.99
2025-01-28,M043,P03,T01,196494.68
2025-01-28,M044,P04,T03,176438.0
2025-01-28,M045,P01,T01,291116.42
2025-01-28,M046,P02,T03,239057.78
2025-01-28,M047,P03,T01,244966.05
2025-01-28,M048,P04,T03,208586.39
2025-01-29,M001,P02,T02,99224.18
2025-01-29,M002,P03,T04,71406.58
2025-01-29,M003,P04,T02,101973.69
2025-01-29,M004,P01,T04,118903.61
2025-01-29,M005,P02,T02,161590.7
2025-01-29,M006,P03,T04,119308.9
2025-01-29,M007,P04,T02,168388.53
2025-01-29,M008,P01,T04,108151.71
2025-01-29,M009,P02,T02,140548.13
2025-01-29,M010,P03,T04,109068.65
2025-01-29,M011,P04,T02,148687.98
2025-01-29,M012,P01,T04,149636.71
2025-01-29,M013,P02,T02,221086.13
2025-01-29,M014,P03,T04,151672.3
2025-01-29,M015,P04,T02,117352.26
2025-01-29,M016,P01,T04,132300.88
2025-01-29,M017,P02,T02,191840.96
2025-01-29,M018,P03,T04,128638.16
2025-01-29,M019,P04,T02,172409.4
2025-01-29,M020,P01,T04,202676.51
2025-01-29,M021,P02,T02,269233.01
2025-01-29,M022,P03,T04,121723.95
2025-01-29,M023,P04,T02,153908.42
2025-01-29,M024,P01,T04,157357.07
2025-01-29,M025,P02,T02,215376.57
2025-01-29,M026,P03,T04,161017.55
2025-01-29,M027,P04,T02,217647.85
2025-01-29,M028,P01,T04,238096.72
2025-01-29,M029,P02,T02,184456.97
2025-01-29,M030,P03,T04,150893.51
2025-01-29,M031,P04,T02,188306.8
2025-01-29,M032,P01,T04,213084.49
2025-01-29,M033,P02,T02,266021.25
2025-01-29,M034,P03,T04,194980.48
2025-01-29,M035,P04,T02,258673.46
2025-01-29,M036,P01,T04,185808.31
2025-01-29,M037,P02,T02,222555.68
2025-01-29,M038,P03,T04,164707.32
2025-01-29,M039,P04,T02,234640.85
2025-01-29,M040,P01,T04,226196.23
2025-01-29,M041,P02,T02,297143.08
2025-01-29,M042,P03,T04,216687.28
2025-01-29,M043,P04,T02,201615.78
2025-01-29,M044,P01,T04,204388.0
2025-01-29,M045,P02,T02,288420.06
2025-01-29,M046,P03,T04,208738.02
2025-01-29,M047,P04,T02,267152.25
2025-01-29,M048,P01,T04,255042.41
2025-01-30,M001,P03,T03,54006.01
2025-01-30,M002,P04,T01,105758.25
2025-01-30,M003,P01,T03,96593.02
2025-01-30,M004,P02,T01,164499.53
2025-01-30,M005,P03,T03,88813.38
2025-01-30,M006,P04,T01,170360.93
2025-01-30,M007,P01,T03,146740.61
2025-01-30,M008,P02,T01,151736.7
2025-01-30,M009,P03,T03,72633.66
2025-01-30,M010,P04,T01,156519.31
2025-01-30,M011,P01,T03,116533.48
2025-01-30,M012,P02,T01,214276.38
2025-01-30,M013,P03,T03,118474.47
2025-01-30,M014,P04,T01,224139.14
2025-01-30,M015,P01,T03,99814.42
2025-01-30,M016,P02,T01,182188.16
2025-01-30,M017,P03,T03,101502.32
2025-01-30,M018,P04,T01,177001.66
2025-01-30,M019,P01,T03,139716.63
2025-01-30,M020,P02,T01,263971.59
2025-01-30,M021,P03,T03,145939.8
2025-01-30,M022,P04,T01,162973.15
2025-01-30,M023,P01,T03,121452.08
2025-01-30,M024,P02,T01,229680.5
2025-01-30,M025,P03,T03,122726.95
2025-01-30,M026,P04,T01,237086.81
2025-01-30,M027,P01,T03,188223.7
2025-01-30,M028,P02,T01,339097.84
2025-01-30,M029,P03,T03,115976.42
2025-01-30,M030,P04,T01,193781.12
2025-01-30,M031,P01,T03,167064.76
2025-01-30,M032,P02,T01,280732.24
2025-01-30,M033,P03,T03,156587.89
2025-01-30,M034,P04,T01,257567.84
2025-01-30,M035,P01,T03,215608.11
2025-01-30,M036,P02,T01,265369.58
2025-01-30,M037,P03,T03,123908.76
2025-01-30,M038,P04,T01,231109.78
2025-01-30,M039,P01,T03,179170.47
2025-01-30,M040,P02,T01,312577.55
2025-01-30,M041,P03,T03,158374.55
2025-01-30,M042,P04,T01,295271.82
2025-01-30,M043,P01,T03,183964.39
2025-01-30,M044,P02,T01,309856.1
2025-01-30,M045,P03,T03,167228.43
2025-01-30,M046,P04,T01,285924.24
2025-01-30,M047,P01,T03,215328.62
2025-01-30,M048,P02,T01,366611.22
2025-01-31,M001,P04,T04,79867.28
2025-01-31,M002,P01,T02,104498.26
2025-01-31,M003,P02,T04,122593.16
2025-01-31,M004,P03,T02,102522.37
2025-01-31,M005,P04,T04,134356.83
2025-01-31,M006,P01,T02,164198.71
2025-01-31,M007,P02,T04,180866.75
2025-01-31,M008,P03,T02,86240.81
2025-01-31,M009,P04,T04,108195.65
2025-01-31,M010,P01,T02,128121.45
2025-01-31,M011,P02,T04,172314.72
2025-01-31,M012,P03,T02,133656.06
2025-01-31,M013,P04,T04,156021.57
2025-01-31,M014,P01,T02,206231.31
2025-01-31,M015,P02,T04,136039.13
2025-01-31,M016,P03,T02,119681.04
2025-01-31,M017,P04,T04,134140.82
2025-01-31,M018,P01,T02,184187.18
2025-01-31,M019,P02,T04,200008.48
2025-01-31,M020,P03,T02,155693.13
2025-01-31,M021,P04,T04,187111.76
2025-01-31,M022,P01,T02,143856.68
2025-01-31,M023,P02,T04,178939.47
2025-01-31,M024,P03,T02,151156.12
2025-01-31,M025,P04,T04,177486.29
2025-01-31,M026,P01,T02,209751.39
2025-01-31,M027,P02,T04,223319.96
2025-01-31,M028,P03,T02,193209.19
2025-01-31,M029,P04,T04,146703.26
2025-01-31,M030,P01,T02,185651.61
2025-01-31,M031,P02,T04,225171.16
2025-01-31,M032,P03,T02,171374.14
2025-01-31,M033,P04,T04,189803.41
2025-01-31,M034,P01,T02,239351.04
2025-01-31,M035,P02,T04,290726.86
2025-01-31,M036,P03,T02,158519.93
2025-01-31,M037,P04,T04,179833.74
2025-01-31,M038,P01,T02,241905.56
2025-01-31,M039,P02,T04,239947.16
2025-01-31,M040,P03,T02,193579.14
2025-01-31,M041,P04,T04,253182.22
2025-01-31,M042,P01,T02,273680.93
2025-01-31,M043,P02,T04,244675.22
2025-01-31,M044,P03,T02,181153.81
2025-01-31,M045,P04,T04,199228.27
2025-01-31,M046,P01,T02,263421.45
2025-01-31,M047,P02,T04,312023.23
2025-01-31,M048,P03,T02,246149.08
2025-02-01,M001,P02,T02,93494.05
2025-02-01,M002,P03,T04,71034.52
2025-02-01,M003,P04,T02,99676.45
2025-02-01,M004,P01,T04,121141.82
2025-02-01,M005,P02,T02,153417.62
2025-02-01,M006,P03,T04,116070.48
2025-02-01,M007,P04,T02,163087.05
2025-02-01,M008,P01,T04,89395.56
2025-02-01,M009,P02,T02,139116.71
2025-02-01,M010,P03,T04,98904.36
2025-02-01,M011,P04,T02,132898.18
2025-02-01,M012,P01,T04,158160.44
2025-02-01,M013,P02,T02,197188.97
2025-02-01,M014,P03,T04,133466.74
2025-02-01,M015,P04,T02,105584.01
2025-02-01,M016,P01,T04,121055.98
2025-02-01,M017,P02,T02,171875.52
2025-02-01,M018,P03,T04,127720.89
2025-02-01,M019,P04,T02,161727.68
2025-02-01,M020,P01,T04,169631.38
2025-02-01,M021,P02,T02,216619.49
2025-02-01,M022,P03,T04,107418.22
2025-02-01,M023,P04,T02,151845.27
2025-02-01,M024,P01,T04,158990.16
2025-02-01,M025,P02,T02,202309.33
2025-02-01,M026,P03,T04,145473.37
2025-02-01,M027,P04,T02,186469.76
2025-02-01,M028,P01,T04,204780.96
2025-02-01,M029,P02,T02,178230.46
2025-02-01,M030,P03,T04,140756.18
2025-02-01,M031,P04,T02,167352.2
2025-02-01,M032,P01,T04,176338.09
2025-02-01,M033,P02,T02,261188.33
2025-02-01,M034,P03,T04,170247.07
2025-02-01,M035,P04,T02,226938.91
2025-02-01,M036,P01,T04,174596.54
2025-02-01,M037,P02,T02,225348.24
2025-02-01,M038,P03,T04,148276.13
2025-02-01,M039,P04,T02,223679.46
2025-02-01,M040,P01,T04,236677.83
2025-02-01,M041,P02,T02,296398.81
2025-02-01,M042,P03,T04,190518.85
2025-02-01,M043,P04,T02,181886.25
2025-02-01,M044,P01,T04,203285.53
2025-02-01,M045,P02,T02,275150.03
2025-02-01,M046,P03,T04,185061.54
2025-02-01,M047,P04,T02,242723.22
2025-02-01,M048,P01,T04,262128.78
2025-02-02,M001,P03,T03,49127.74
2025-02-02,M002,P04,T01,96280.2
2025-02-02,M003,P01,T03,88767.84
2025-02-02,M004,P02,T01,157180.41
2025-02-02,M005,P03,T03,85617.47
2025-02-02,M006,P04,T01,159669.58
2025-02-02,M007,P01,T03,125246.13
2025-02-02,M008,P02,T01,126624.13
2025-02-02,M009,P03,T03,75572.59
2025-02-02,M010,P04,T01,135249.01
2025-02-02,M011,P01,T03,115277.06
2025-02-02,M012,P02,T01,191588.54
2025-02-02,M013,P03,T03,110855.82
2025-02-02,M014,P04,T01,195472.78
2025-02-02,M015,P01,T03,91586.6
2025-02-02,M016,P02,T01,186807.0
2025-02-02,M017,P03,T03,101015.13
2025-02-02,M018,P04,T01,163642.22
2025-02-02,M019,P01,T03,143682.19
2025-02-02,M020,P02,T01,233132.18
2025-02-02,M021,P03,T03,138489.66
2025-02-02,M022,P04,T01,140743.6
2025-02-02,M023,P01,T03,129285.39
2025-02-02,M024,P02,T01,206265.62
2025-02-02,M025,P03,T03,109875.23
2025-02-02,M026,P04,T01,225987.37
2025-02-02,M027,P01,T03,163458.04
2025-02-02,M028,P02,T01,277730.82
2025-02-02,M029,P03,T03,98761.22
2025-02-02,M030,P04,T01,192614.39
2025-02-02,M031,P01,T03,150194.45
2025-02-02,M032,P02,T01,285729.59
2025-02-02,M033,P03,T03,145733.95
2025-02-02,M034,P04,T01,231052.66
2025-02-02,M035,P01,T03,200523.7
2025-02-02,M036,P02,T01,249858.84
2025-02-02,M037,P03,T03,133996.89
2025-02-02,M038,P04,T01,220703.35
2025-02-02,M039,P01,T03,167445.1
2025-02-02,M040,P02,T01,308321.57
2025-02-02,M041,P03,T03,158722.41
2025-02-02,M042,P04,T01,275013.22
2025-02-02,M043,P01,T03,152895.91
2025-02-02,M044,P02,T01,308184.44
2025-02-02,M045,P03,T03,147513.98
2025-02-02,M046,P04,T01,269196.28
2025-02-02,M047,P01,T03,190915.36
2025-02-02,M048,P02,T01,343773.55
2025-02-03,M001,P04,T04,82738.33
2025-02-03,M002,P01,T02,105555.72
2025-02-03,M003,P02,T04,134408.26
2025-02-03,M004,P03,T02,116400.57
2025-02-03,M005,P04,T04,132114.7
2025-02-03,M006,P01,T02,156715.27
2025-02-03,M007,P02,T04,200688.14
2025-02-03,M008,P03,T02,92314.16
2025-02-03,M009,P04,T04,119714.43
2025-02-03,M010,P01,T02,140596.72
2025-02-03,M011,P02,T04,171343.19
2025-02-03,M012,P03,T02,131143.75
2025-02-03,M013,P04,T04,153975.3
2025-02-03,M014,P01,T02,216777.47
2025-02-03,M015,P02,T04,146848.49
2025-02-03,M016,P03,T02,117068.59
2025-02-03,M017,P04,T04,140219.73
2025-02-03,M018,P01,T02,189032.02
2025-02-03,M019,P02,T04,218015.41
2025-02-03,M020,P03,T02,171778.49
2025-02-03,M021,P04,T04,213177.08
2025-02-03,M022,P01,T02,157110.12
2025-02-03,M023,P02,T04,173351.71
2025-02-03,M024,P03,T02,154458.65
2025-02-03,M025,P04,T04,167653.1
2025-02-03,M026,P01,T02,219700.59
2025-02-03,M027,P02,T04,256724.52
2025-02-03,M028,P03,T02,201293.59
2025-02-03,M029,P04,T04,164735.82
2025-02-03,M030,P01,T02,182748.23
2025-02-03,M031,P02,T04,234793.51
2025-02-03,M032,P03,T02,168731.54
2025-02-03,M033,P04,T04,204077.67
2025-02-03,M034,P01,T02,260199.05
2025-02-03,M035,P02,T04,279954.91
2025-02-03,M036,P03,T02,170667.15
2025-02-03,M037,P04,T04,200416.81
2025-02-03,M038,P01,T02,225757.78
2025-02-03,M039,P02,T04,281710.03
2025-02-03,M040,P03,T02,219189.49
2025-02-03,M041,P04,T04,229955.09
2025-02-03,M042,P01,T02,273538.39
2025-02-03,M043,P02,T04,235415.03
2025-02-03,M044,P03,T02,190838.29
2025-02-03,M045,P04,T04,236444.85
2025-02-03,M046,P01,T02,268430.36
2025-02-03,M047,P02,T04,305741.78
2025-02-03,M048,P03,T02,251598.77
2025-02-04,M001,P01,T01,111147.98
2025-02-04,M002,P02,T03,97390.69
2025-02-04,M003,P03,T01,112160.96
2025-02-04,M004,P04,T03,106785.56
2025-02-04,M005,P01,T01,170905.24
2025-02-04,M006,P02,T03,150165.31
2025-02-04,M007,P03,T01,158270.85
2025-02-04,M008,P04,T03,80529.51
2025-02-04,M009,P01,T01,158677.8
2025-02-04,M010,P02,T03,137167.12
2025-02-04,M011,P03,T01,155700.41
2025-02-04,M012,P04,T03,123733.3
2025-02-04,M013,P01,T01,210243.2
2025-02-04,M014,P02,T03,180620.18
2025-02-04,M015,P03,T01,124967.97
2025-02-04,M016,P04,T03,101670.94
2025-02-04,M017,P01,T01,188745.33
2025-02-04,M018,P02,T03,153452.45
2025-02-04,M019,P03,T01,195025.71
2025-02-04,M020,P04,T03,159038.11
2025-02-04,M021,P01,T01,249122.15
2025-02-04,M022,P02,T03,149727.12
2025-02-04,M023,P03,T01,151625.05
2025-02-04,M024,P04,T03,139427.15
2025-02-04,M025,P01,T01,238800.64
2025-02-04,M026,P02,T03,205785.96
2025-02-04,M027,P03,T01,203643.97
2025-02-04,M028,P04,T03,186121.3
2025-02-04,M029,P01,T01,207736.25
2025-02-04,M030,P02,T03,167808.12
2025-02-04,M031,P03,T01,204392.0
2025-02-04,M032,P04,T03,153778.44
2025-02-04,M033,P01,T01,289804.13
2025-02-04,M034,P02,T03,232474.84
2025-02-04,M035,P03,T01,264505.59
2025-02-04,M036,P04,T03,137779.92
2025-02-04,M037,P01,T01,262507.4
2025-02-04,M038,P02,T03,219601.97
2025-02-04,M039,P03,T01,217904.96
2025-02-04,M040,P04,T03,181022.17
2025-02-04,M041,P01,T01,331413.41
2025-02-04,M042,P02,T03,283635.01
2025-02-04,M043,P03,T01,212875.02
2025-02-04,M044,P04,T03,174437.91
2025-02-04,M045,P01,T01,307507.16
2025-02-04,M046,P02,T03,241287.88
2025-02-04,M047,P03,T01,257033.5
2025-02-04,M048,P04,T03,217910.92
2025-02-05,M001,P02,T02,108396.62
2025-02-05,M002,P03,T04,82086.27
2025-02-05,M003,P04,T02,115445.66
2025-02-05,M004,P01,T04,123143.51
2025-02-05,M005,P02,T02,179528.02
2025-02-05,M006,P03,T04,133744.12
2025-02-05,M007,P04,T02,159614.82
2025-02-05,M008,P01,T04,100933.19
2025-02-05,M009,P02,T02,154563.44
2025-02-05,M010,P03,T04,115965.05
2025-02-05,M011,P04,T02,146040.56
2025-02-05,M012,P01,T04,156338.77
2025-02-05,M013,P02,T02,213673.77
2025-02-05,M014,P03,T04,146764.74
2025-02-05,M015,P04,T02,134102.45
2025-02-05,M016,P01,T04,150154.35
2025-02-05,M017,P02,T02,177393.33
2025-02-05,M018,P03,T04,129616.79
2025-02-05,M019,P04,T02,189623.89
2025-02-05,M020,P01,T04,197789.71
2025-02-05,M021,P02,T02,249661.41
2025-02-05,M022,P03,T04,115000.48
2025-02-05,M023,P04,T02,169199.55
2025-02-05,M024,P01,T04,189823.87
2025-02-05,M025,P02,T02,228859.92
2025-02-05,M026,P03,T04,172727.0
2025-02-05,M027,P04,T02,216281.0
2025-02-05,M028,P01,T04,233997.78
2025-02-05,M029,P02,T02,208278.82
2025-02-05,M030,P03,T04,152116.62
2025-02-05,M031,P04,T02,199808.26
2025-02-05,M032,P01,T04,214403.89
2025-02-05,M033,P02,T02,287696.28
2025-02-05,M034,P03,T04,196579.44
2025-02-05,M035,P04,T02,246256.47
2025-02-05,M036,P01,T04,180704.78
2025-02-05,M037,P02,T02,256318.63
2025-02-05,M038,P03,T04,169710.11
2025-02-05,M039,P04,T02,244457.87
2025-02-05,M040,P01,T04,265306.61
2025-02-05,M041,P02,T02,314737.21
2025-02-05,M042,P03,T04,226867.85
2025-02-05,M043,P04,T02,192428.96
2025-02-05,M044,P01,T04,214687.75
2025-02-05,M045,P02,T02,308954.28
2025-02-05,M046,P03,T04,209596.31
2025-02-05,M047,P04,T02,264160.02
2025-02-05,M048,P01,T04,279035.82
2025-02-06,M001,P03,T03,55795.3
2025-02-06,M002,P04,T01,117674.59
2025-02-06,M003,P01,T03,98412.55
2025-02-06,M004,P02,T01,179315.01
2025-02-06,M005,P03,T03,101697.37
2025-02-06,M006,P04,T01,175512.77
2025-02-06,M007,P01,T03,143004.68
2025-02-06,M008,P02,T01,144940.96
2025-02-06,M009,P03,T03,79889.79
2025-02-06,M010,P04,T01,147832.85
2025-02-06,M011,P01,T03,128396.34
2025-02-06,M012,P02,T01,226136.09
2025-02-06,M013,P03,T03,112639.17
2025-02-06,M014,P04,T01,232051.96
2025-02-06,M015,P01,T03,105676.66
2025-02-06,M016,P02,T01,187075.33
2025-02-06,M017,P03,T03,110246.87
2025-02-06,M018,P04,T01,193883.58
2025-02-06,M019,P01,T03,144165.99
2025-02-06,M020,P02,T01,265009.33
2025-02-06,M021,P03,T03,142556.57
2025-02-06,M022,P04,T01,181352.71
2025-02-06,M023,P01,T03,140266.4
2025-02-06,M024,P02,T01,254128.93
2025-02-06,M025,P03,T03,139726.9
2025-02-06,M026,P04,T01,229603.66
2025-02-06,M027,P01,T03,177415.06
2025-02-06,M028,P02,T01,305523.33
2025-02-06,M029,P03,T03,117476.24
2025-02-06,M030,P04,T01,210517.35
2025-02-06,M031,P01,T03,152535.91
2025-02-06,M032,P02,T01,309065.11
2025-02-06,M033,P03,T03,141784.2
2025-02-06,M034,P04,T01,266623.56
2025-02-06,M035,P01,T03,212267.41
2025-02-06,M036,P02,T01,254703.68
2025-02-06,M037,P03,T03,138125.71
2025-02-06,M038,P04,T01,236365.8
2025-02-06,M039,P01,T03,202675.72
2025-02-06,M040,P02,T01,349682.0
2025-02-06,M041,P03,T03,176146.56
2025-02-06,M042,P04,T01,331589.57
2025-02-06,M043,P01,T03,181948.8
2025-02-06,M044,P02,T01,307730.6
2025-02-06,M045,P03,T03,161145.61
2025-02-06,M046,P04,T01,272700.76
2025-02-06,M047,P01,T03,235796.54
2025-02-06,M048,P02,T01,398865.11
2025-02-07,M001,P04,T04,83288.34
2025-02-07,M002,P01,T02,105143.55
2025-02-07,M003,P02,T04,127510.74
2025-02-07,M004,P03,T02,117754.37
2025-02-07,M005,P04,T04,140549.09
2025-02-07,M006,P01,T02,179624.84
2025-02-07,M007,P02,T04,187866.84
2025-02-07,M008,P03,T02,85811.95
2025-02-07,M009,P04,T04,102440.41
2025-02-07,M010,P01,T02,136691.23
2025-02-07,M011,P02,T04,158551.74
2025-02-07,M012,P03,T02,150644.63
2025-02-07,M013,P04,T04,173466.8
2025-02-07,M014,P01,T02,209136.35
2025-02-07,M015,P02,T04,135651.62
2025-02-07,M016,P03,T02,115388.66
2025-02-07,M017,P04,T04,151427.98
2025-02-07,M018,P01,T02,176295.01
2025-02-07,M019,P02,T04,203134.92
2025-02-07,M020,P03,T02,164264.9
2025-02-07,M021,P04,T04,188881.57
2025-02-07,M022,P01,T02,152097.31
2025-02-07,M023,P02,T04,191690.13
2025-02-07,M024,P03,T02,149993.94
2025-02-07,M025,P04,T04,165599.67
2025-02-07,M026,P01,T02,202939.55
2025-02-07,M027,P02,T04,258823.05
2025-02-07,M028,P03,T02,195805.27
2025-02-07,M029,P04,T04,168046.47
2025-02-07,M030,P01,T02,202465.04
2025-02-07,M031,P02,T04,234525.2
2025-02-07,M032,P03,T02,180651.23
2025-02-07,M033,P04,T04,213757.1
2025-02-07,M034,P01,T02,266092.86
2025-02-07,M035,P02,T04,301813.05
2025-02-07,M036,P03,T02,174322.86
2025-02-07,M037,P04,T04,193128.04
2025-02-07,M038,P01,T02,245112.94
2025-02-07,M039,P02,T04,245608.83
2025-02-07,M040,P03,T02,230448.5
2025-02-07,M041,P04,T04,239068.81
2025-02-07,M042,P01,T02,280919.92
2025-02-07,M043,P02,T04,230592.57
2025-02-07,M044,P03,T02,182497.29
2025-02-07,M045,P04,T04,224371.63
2025-02-07,M046,P01,T02,264229.03
2025-02-07,M047,P02,T04,318489.19
2025-02-07,M048,P03,T02,239280.19
2025-02-08,M001,P01,T01,87470.42
2025-02-08,M002,P02,T03,85137.5
2025-02-08,M003,P03,T01,102552.03
2025-02-08,M004,P04,T03,86177.43
2025-02-08,M005,P01,T01,159519.38
2025-02-08,M006,P02,T03,136818.68
2025-02-08,M007,P03,T01,158905.13
2025-02-08,M008,P04,T03,70798.88
2025-02-08,M009,P01,T01,141842.12
2025-02-08,M010,P02,T03,122395.47
2025-02-08,M011,P03,T01,124591.64
2025-02-08,M012,P04,T03,109060.56
2025-02-08,M013,P01,T01,205248.14
2025-02-08,M014,P02,T03,174365.7
2025-02-08,M015,P03,T01,118041.18
2025-02-08,M016,P04,T03,91537.62
2025-02-08,M017,P01,T01,165224.33
2025-02-08,M018,P02,T03,145006.26
2025-02-08,M019,P03,T01,179703.82
2025-02-08,M020,P04,T03,140488.06
2025-02-08,M021,P01,T01,251006.93
2025-02-08,M022,P02,T03,134230.74
2025-02-08,M023,P03,T01,150742.35
2025-02-08,M024,P04,T03,124461.13
2025-02-08,M025,P01,T01,215314.21
2025-02-08,M026,P02,T03,181639.37
2025-02-08,M027,P03,T01,195366.12
2025-02-08,M028,P04,T03,163877.14
2025-02-08,M029,P01,T01,196380.22
2025-02-08,M030,P02,T03,163137.02
2025-02-08,M031,P03,T01,183492.8
2025-02-08,M032,P04,T03,152159.58
2025-02-08,M033,P01,T01,271091.89
2025-02-08,M034,P02,T03,209159.34
2025-02-08,M035,P03,T01,244657.78
2025-02-08,M036,P04,T03,142753.93
2025-02-08,M037,P01,T01,232940.92
2025-02-08,M038,P02,T03,191598.6
2025-02-08,M039,P03,T01,209963.03
2025-02-08,M040,P04,T03,163664.09
2025-02-08,M041,P01,T01,271873.32
2025-02-08,M042,P02,T03,229724.4
2025-02-08,M043,P03,T01,179496.08
2025-02-08,M044,P04,T03,165285.06
2025-02-08,M045,P01,T01,261377.02
2025-02-08,M046,P02,T03,223706.89
2025-02-08,M047,P03,T01,231098.86
2025-02-08,M048,P04,T03,187230.78
2025-02-09,M001,P02,T02,88986.95
2025-02-09,M002,P03,T04,66770.92
2025-02-09,M003,P04,T02,103561.13
2025-02-09,M004,P01,T04,111931.57
2025-02-09,M005,P02,T02,167748.93
2025-02-09,M006,P03,T04,121568.91
2025-02-09,M007,P04,T02,153910.28
2025-02-09,M008,P01,T04,90256.87
2025-02-09,M009,P02,T02,132554.73
2025-02-09,M010,P03,T04,92578.48
2025-02-09,M011,P04,T02,133398.99
2025-02-09,M012,P01,T04,157447.22
2025-02-09,M013,P02,T02,198808.1
2025-02-09,M014,P03,T04,133531.83
2025-02-09,M015,P04,T02,111096.64
2025-02-09,M016,P01,T04,123123.2
2025-02-09,M017,P02,T02,161898.27
2025-02-09,M018,P03,T04,130949.41
2025-02-09,M019,P04,T02,173473.5
2025-02-09,M020,P01,T04,166489.97
2025-02-09,M021,P02,T02,232109.99
2025-02-09,M022,P03,T04,108511.05
2025-02-09,M023,P04,T02,156149.83
2025-02-09,M024,P01,T04,171032.72
2025-02-09,M025,P02,T02,193185.39
2025-02-09,M026,P03,T04,138959.9
2025-02-09,M027,P04,T02,196507.51
2025-02-09,M028,P01,T04,209483.19
2025-02-09,M029,P02,T02,183529.8
2025-02-09,M030,P03,T04,127017.42
2025-02-09,M031,P04,T02,163114.17
2025-02-09,M032,P01,T04,198917.81
2025-02-09,M033,P02,T02,236634.33
2025-02-09,M034,P03,T04,174088.65
2025-02-09,M035,P04,T02,214541.19
2025-02-09,M036,P01,T04,178390.68
2025-02-09,M037,P02,T02,240421.5
2025-02-09,M038,P03,T04,153551.11
2025-02-09,M039,P04,T02,208982.02
2025-02-09,M040,P01,T04,221337.98
2025-02-09,M041,P02,T02,305162.68
2025-02-09,M042,P03,T04,195031.48
2025-02-09,M043,P04,T02,200213.28
2025-02-09,M044,P01,T04,193992.53
2025-02-09,M045,P02,T02,269425.91
2025-02-09,M046,P03,T04,174519.4
2025-02-09,M047,P04,T02,229461.39
2025-02-09,M048,P01,T04,255290.32
2025-02-10,M001,P03,T03,55768.46
2025-02-10,M002,P04,T01,120520.97
2025-02-10,M003,P01,T03,96341.75
2025-02-10,M004,P02,T01,169830.08
2025-02-10,M005,P03,T03,98164.08
2025-02-10,M006,P04,T01,170932.37
2025-02-10,M007,P01,T03,153712.04
2025-02-10,M008,P02,T01,152006.78
2025-02-10,M009,P03,T03,80258.08
2025-02-10,M010,P04,T01,147479.46
2025-02-10,M011,P01,T03,124072.66
2025-02-10,M012,P02,T01,227092.33
2025-02-10,M013,P03,T03,113249.43
2025-02-10,M014,P04,T01,223487.95
2025-02-10,M015,P01,T03,98761.74
2025-02-10,M016,P02,T01,195924.87
2025-02-10,M017,P03,T03,112986.35
2025-02-10,M018,P04,T01,188334.51
2025-02-10,M019,P01,T03,161772.71
2025-02-10,M020,P02,T01,269835.71
2025-02-10,M021,P03,T03,138740.4
2025-02-10,M022,P04,T01,181542.6
2025-02-10,M023,P01,T03,134057.16
2025-02-10,M024,P02,T01,232246.03
2025-02-10,M025,P03,T03,130815.95
2025-02-10,M026,P04,T01,220322.07
2025-02-10,M027,P01,T03,184687.47
2025-02-10,M028,P02,T01,311495.11
2025-02-10,M029,P03,T03,107260.7
2025-02-10,M030,P04,T01,219411.04
2025-02-10,M031,P01,T03,157864.66
2025-02-10,M032,P02,T01,306447.04
2025-02-10,M033,P03,T03,156160.26
2025-02-10,M034,P04,T01,294227.26
2025-02-10,M035,P01,T03,220178.68
2025-02-10,M036,P02,T01,265870.39
2025-02-10,M037,P03,T03,132828.31
2025-02-10,M038,P04,T01,236881.66
2025-02-10,M039,P01,T03,210793.53
2025-02-10,M040,P02,T01,333434.65
2025-02-10,M041,P03,T03,167894.22
2025-02-10,M042,P04,T01,313196.61
2025-02-10,M043,P01,T03,168748.83
2025-02-10,M044,P02,T01,340433.3
2025-02-10,M045,P03,T03,158235.78
2025-02-10,M046,P04,T01,316221.33
2025-02-10,M047,P01,T03,214767.95
2025-02-10,M048,P02,T01,401310.62
2025-02-11,M001,P04,T04,71746.68
2025-02-11,M002,P01,T02,98880.66
2025-02-11,M003,P02,T04,130581.84
2025-02-11,M004,P03,T02,102390.16
2025-02-11,M005,P04,T04,140646.6
2025-02-11,M006,P01,T02,174022.35
2025-02-11,M007,P02,T04,208496.35
2025-02-11,M008,P03,T02,91250.35
2025-02-11,M009,P04,T04,110402.29
2025-02-11,M010,P01,T02,136246.2
2025-02-11,M011,P02,T04,172348.31
2025-02-11,M012,P03,T02,142260.14
2025-02-11,M013,P04,T04,161739.68
2025-02-11,M014,P01,T02,218472.37
2025-02-11,M015,P02,T04,135291.19
2025-02-11,M016,P03,T02,123598.28
2025-02-11,M017,P04,T04,154914.44
2025-02-11,M018,P01,T02,185658.17
2025-02-11,M019,P02,T04,202534.46
2025-02-11,M020,P03,T02,185116.91
2025-02-11,M021,P04,T04,203468.62
2025-02-11,M022,P01,T02,157599.69
2025-02-11,M023,P02,T04,176046.21
2025-02-11,M024,P03,T02,144073.55
2025-02-11,M025,P04,T04,171370.7
2025-02-11,M026,P01,T02,223783.52
2025-02-11,M027,P02,T04,234705.98
2025-02-11,M028,P03,T02,203547.05
2025-02-11,M029,P04,T04,161975.42
2025-02-11,M030,P01,T02,188992.85
2025-02-11,M031,P02,T04,214653.94
2025-02-11,M032,P03,T02,195649.48
2025-02-11,M033,P04,T04,207432.49
2025-02-11,M034,P01,T02,275245.27
2025-02-11,M035,P02,T04,276838.47
2025-02-11,M036,P03,T02,154584.14
2025-02-11,M037,P04,T04,179518.66
2025-02-11,M038,P01,T02,221622.03
2025-02-11,M039,P02,T04,277975.71
2025-02-11,M040,P03,T02,227746.91
2025-02-11,M041,P04,T04,241582.38
2025-02-11,M042,P01,T02,305105.13
2025-02-11,M043,P02,T04,247312.27
2025-02-11,M044,P03,T02,187922.46
2025-02-11,M045,P04,T04,217844.8
2025-02-11,M046,P01,T02,250256.35
2025-02-11,M047,P02,T04,292461.55
2025-02-11,M048,P03,T02,264055.66
2025-02-12,M001,P01,T01,109008.34
2025-02-12,M002,P02,T03,95774.58
2025-02-12,M003,P03,T01,107392.58
2025-02-12,M004,P04,T03,100064.53
2025-02-12,M005,P01,T01,185883.28
2025-02-12,M006,P02,T03,140503.57
2025-02-12,M007,P03,T01,170824.45
2025-02-12,M008,P04,T03,84698.6
2025-02-12,M009,P01,T01,153026.1
2025-02-12,M010,P02,T03,136514.14
2025-02-12,M011,P03,T01,143830.37
2025-02-12,M012,P04,T03,126333.18
2025-02-12,M013,P01,T01,229528.11
2025-02-12,M014,P02,T03,173500.54
2025-02-12,M015,P03,T01,124416.06
2025-02-12,M016,P04,T03,101243.39
2025-02-12,M017,P01,T01,203104.57
2025-02-12,M018,P02,T03,172986.27
2025-02-12,M019,P03,T01,183822.74
2025-02-12,M020,P04,T03,153000.53
2025-02-12,M021,P01,T01,248825.1
2025-02-12,M022,P02,T03,131216.55
2025-02-12,M023,P03,T01,173960.25
2025-02-12,M024,P04,T03,131929.63
2025-02-12,M025,P01,T01,240964.48
2025-02-12,M026,P02,T03,180714.98
2025-02-12,M027,P03,T01,227513.66
2025-02-12,M028,P04,T03,177282.66
2025-02-12,M029,P01,T01,222805.71
2025-02-12,M030,P02,T03,165717.32
2025-02-12,M031,P03,T01,186160.34
2025-02-12,M032,P04,T03,164148.58
2025-02-12,M033,P01,T01,283674.96
2025-02-12,M034,P02,T03,223064.38
2025-02-12,M035,P03,T01,272094.22
2025-02-12,M036,P04,T03,157421.48
2025-02-12,M037,P01,T01,235987.48
2025-02-12,M038,P02,T03,202439.31
2025-02-12,M039,P03,T01,229072.59
2025-02-12,M040,P04,T03,179678.55
2025-02-12,M041,P01,T01,314286.86
2025-02-12,M042,P02,T03,259704.01
2025-02-12,M043,P03,T01,226279.34
2025-02-12,M044,P04,T03,183590.42
2025-02-12,M045,P01,T01,293852.91
2025-02-12,M046,P02,T03,235572.05
2025-02-12,M047,P03,T01,248801.77
2025-02-12,M048,P04,T03,228464.95
2025-02-13,M001,P02,T02,95462.04
2025-02-13,M002,P03,T04,79354.57
2025-02-13,M003,P04,T02,108226.93
2025-02-13,M004,P01,T04,121388.52
2025-02-13,M005,P02,T02,171375.07
2025-02-13,M006,P03,T04,136777.89
2025-02-13,M007,P04,T02,181560.25
2025-02-13,M008,P01,T04,106880.79
2025-02-13,M009,P02,T02,140862.6
2025-02-13,M010,P03,T04,109182.82
2025-02-13,M011,P04,T02,152869.91
2025-02-13,M012,P01,T04,160795.14
2025-02-13,M013,P02,T02,212606.97
2025-02-13,M014,P03,T04,150421.66
2025-02-13,M015,P04,T02,117233.83
2025-02-13,M016,P01,T04,141987.59
2025-02-13,M017,P02,T02,183884.83
2025-02-13,M018,P03,T04,127254.12
2025-02-13,M019,P04,T02,169712.13
2025-02-13,M020,P01,T04,209573.64
2025-02-13,M021,P02,T02,250603.86
2025-02-13,M022,P03,T04,116116.88
2025-02-13,M023,P04,T02,167154.78
2025-02-13,M024,P01,T04,165722.04
2025-02-13,M025,P02,T02,224658.59
2025-02-13,M026,P03,T04,170762.99
2025-02-13,M027,P04,T02,220179.66
2025-02-13,M028,P01,T04,229062.06
2025-02-13,M029,P02,T02,219983.57
2025-02-13,M030,P03,T04,139984.95
2025-02-13,M031,P04,T02,202896.96
2025-02-13,M032,P01,T04,228717.87
2025-02-13,M033,P02,T02,268425.89
2025-02-13,M034,P03,T04,191883.73
2025-02-13,M035,P04,T02,246667.67
2025-02-13,M036,P01,T04,181275.18
2025-02-13,M037,P02,T02,236101.97
2025-02-13,M038,P03,T04,179078.14
2025-02-13,M039,P04,T02,235979.07
2025-02-13,M040,P01,T04,238975.73
2025-02-13,M041,P02,T02,298001.73
2025-02-13,M042,P03,T04,209895.94
2025-02-13,M043,P04,T02,224343.34
2025-02-13,M044,P01,T04,227289.38
2025-02-13,M045,P02,T02,293722.82
2025-02-13,M046,P03,T04,201935.13
2025-02-13,M047,P04,T02,286731.34
2025-02-13,M048,P01,T04,272623.8
2025-02-14,M001,P03,T03,55774.99
2025-02-14,M002,P04,T01,121400.22
2025-02-14,M003,P01,T03,99483.49
2025-02-14,M004,P02,T01,173130.22
2025-02-14,M005,P03,T03,91239.66
2025-02-14,M006,P04,T01,169512.84
2025-02-14,M007,P01,T03,138034.24
2025-02-14,M008,P02,T01,144675.34
2025-02-14,M009,P03,T03,77062.77
2025-02-14,M010,P04,T01,150835.15
2025-02-14,M011,P01,T03,129207.8
2025-02-14,M012,P02,T01,247327.39
2025-02-14,M013,P03,T03,121305.95
2025-02-14,M014,P04,T01,226027.69
2025-02-14,M015,P01,T03,103973.85
2025-02-14,M016,P02,T01,193202.67
2025-02-14,M017,P03,T03,98645.21
2025-02-14,M018,P04,T01,204697.13
2025-02-14,M019,P01,T03,146430.98
2025-02-14,M020,P02,T01,286415.58
2025-02-14,M021,P03,T03,150567.57
2025-02-14,M022,P04,T01,164620.3
2025-02-14,M023,P01,T03,131516.74
2025-02-14,M024,P02,T01,243480.79
2025-02-14,M025,P03,T03,131913.93
2025-02-14,M026,P04,T01,235912.37
2025-02-14,M027,P01,T03,180535.27
2025-02-14,M028,P02,T01,327116.05
2025-02-14,M029,P03,T03,111981.58
2025-02-14,M030,P04,T01,226073.67
2025-02-14,M031,P01,T03,172184.79
2025-02-14,M032,P02,T01,318897.28
2025-02-14,M033,P03,T03,151992.82
2025-02-14,M034,P04,T01,259603.21
2025-02-14,M035,P01,T03,226576.06
2025-02-14,M036,P02,T01,278479.07
2025-02-14,M037,P03,T03,149084.18
2025-02-14,M038,P04,T01,245197.32
2025-02-14,M039,P01,T03,197682.47
2025-02-14,M040,P02,T01,356404.72
2025-02-14,M041,P03,T03,192103.05
2025-02-14,M042,P04,T01,296665.73
2025-02-14,M043,P01,T03,177727.7
2025-02-14,M044,P02,T01,305491.59
2025-02-14,M045,P03,T03,168588.4
2025-02-14,M046,P04,T01,271304.25
2025-02-14,M047,P01,T03,232813.33
2025-02-14,M048,P02,T01,383601.08
2025-02-15,M001,P04,T04,67946.08
2025-02-15,M002,P01,T02,93188.54
2025-02-15,M003,P02,T04,121846.55
2025-02-15,M004,P03,T02,103473.27
2025-02-15,M005,P04,T04,111841.37
2025-02-15,M006,P01,T02,144785.23
2025-02-15,M007,P02,T04,172813.05
2025-02-15,M008,P03,T02,77212.77
2025-02-15,M009,P04,T04,101560.89
2025-02-15,M010,P01,T02,123493.3
2025-02-15,M011,P02,T04,157934.08
2025-02-15,M012,P03,T02,121749.31
2025-02-15,M013,P04,T04,160272.87
2025-02-15,M014,P01,T02,170418.45
2025-02-15,M015,P02,T04,130550.76
2025-02-15,M016,P03,T02,111827.05
2025-02-15,M017,P04,T04,129161.97
2025-02-15,M018,P01,T02,150254.14
2025-02-15,M019,P02,T04,179625.88
2025-02-15,M020,P03,T02,156880.76
2025-02-15,M021,P04,T04,172560.55
2025-02-15,M022,P01,T02,149501.74
2025-02-15,M023,P02,T04,167052.49
2025-02-15,M024,P03,T02,140179.45
2025-02-15,M025,P04,T04,149188.08
2025-02-15,M026,P01,T02,209565.77
2025-02-15,M027,P02,T04,218230.25
2025-02-15,M028,P03,T02,194578.33
2025-02-15,M029,P04,T04,142445.78
2025-02-15,M030,P01,T02,173090.27
2025-02-15,M031,P02,T04,207097.05
2025-02-15,M032,P03,T02,158013.93
2025-02-15,M033,P04,T04,188011.72
2025-02-15,M034,P01,T02,225690.72
2025-02-15,M035,P02,T04,246329.78
2025-02-15,M036,P03,T02,147998.33
2025-02-15,M037,P04,T04,160906.51
2025-02-15,M038,P01,T02,216027.94
2025-02-15,M039,P02,T04,247881.12
2025-02-15,M040,P03,T02,201861.62
2025-02-15,M041,P04,T04,231749.24
2025-02-15,M042,P01,T02,266196.91
2025-02-15,M043,P02,T04,215828.79
2025-02-15,M044,P03,T02,178248.73
2025-02-15,M045,P04,T04,213714.65
2025-02-15,M046,P01,T02,248973.68
2025-02-15,M047,P02,T04,268874.57
2025-02-15,M048,P03,T02,226718.84
2025-02-16,M001,P01,T01,90250.61
2025-02-16,M002,P02,T03,87778.08
2025-02-16,M003,P03,T01,95912.76
2025-02-16,M004,P04,T03,92768.74
2025-02-16,M005,P01,T01,157116.64
2025-02-16,M006,P02,T03,127463.28
2025-02-16,M007,P03,T01,155763.26
2025-02-16,M008,P04,T03,69157.55
2025-02-16,M009,P01,T01,129174.02
2025-02-16,M010,P02,T03,107246.1
2025-02-16,M011,P03,T01,133816.16
2025-02-16,M012,P04,T03,107474.99
2025-02-16,M013,P01,T01,190242.35
2025-02-16,M014,P02,T03,158336.62
2025-02-16,M015,P03,T01,105809.01
2025-02-16,M016,P04,T03,93555.1
2025-02-16,M017,P01,T01,165793.06
2025-02-16,M018,P02,T03,139086.48
2025-02-16,M019,P03,T01,159416.81
2025-02-16,M020,P04,T03,149394.53
2025-02-16,M021,P01,T01,219422.55
2025-02-16,M022,P02,T03,125220.12
2025-02-16,M023,P03,T01,156618.23
2025-02-16,M024,P04,T03,129711.3
2025-02-16,M025,P01,T01,207226.55
2025-02-16,M026,P02,T03,173170.8
2025-02-16,M027,P03,T01,209428.93
2025-02-16,M028,P04,T03,175284.71
2025-02-16,M029,P01,T01,202798.39
2025-02-16,M030,P02,T03,152435.95
2025-02-16,M031,P03,T01,174269.87
2025-02-16,M032,P04,T03,151910.23
2025-02-16,M033,P01,T01,260036.56
2025-02-16,M034,P02,T03,199506.69
2025-02-16,M035,P03,T01,245455.84
2025-02-16,M036,P04,T03,126286.31
2025-02-16,M037,P01,T01,218051.8
2025-02-16,M038,P02,T03,180284.68
2025-02-16,M039,P03,T01,219328.1
2025-02-16,M040,P04,T03,160775.01
2025-02-16,M041,P01,T01,294471.13
2025-02-16,M042,P02,T03,252000.95
2025-02-16,M043,P03,T01,201551.49
2025-02-16,M044,P04,T03,162494.73
2025-02-16,M045,P01,T01,254413.57
2025-02-16,M046,P02,T03,224576.0
2025-02-16,M047,P03,T01,229622.08
2025-02-16,M048,P04,T03,190881.04
2025-02-17,M001,P02,T02,97933.14
2025-02-17,M002,P03,T04,80046.46
2025-02-17,M003,P04,T02,113244.04
2025-02-17,M004,P01,T04,119317.29
2025-02-17,M005,P02,T02,170260.75
2025-02-17,M006,P03,T04,135340.04
2025-02-17,M007,P04,T02,173638.21
2025-02-17,M008,P01,T04,113029.39
2025-02-17,M009,P02,T02,148100.33
2025-02-17,M010,P03,T04,100018.35
2025-02-17,M011,P04,T02,156871.43
2025-02-17,M012,P01,T04,161785.65
2025-02-17,M013,P02,T02,231089.35
2025-02-17,M014,P03,T04,144948.73
2025-02-17,M015,P04,T02,119922.28
2025-02-17,M016,P01,T04,146453.61
2025-02-17,M017,P02,T02,191608.04
2025-02-17,M018,P03,T04,141493.4
2025-02-17,M019,P04,T02,171687.34
2025-02-17,M020,P01,T04,193832.97
2025-02-17,M021,P02,T02,268966.57
2025-02-17,M022,P03,T04,110676.3
2025-02-17,M023,P04,T02,150687.55
2025-02-17,M024,P01,T04,189661.12
2025-02-17,M025,P02,T02,220900.31
2025-02-17,M026,P03,T04,162084.59
2025-02-17,M027,P04,T02,226869.88
2025-02-17,M028,P01,T04,251926.02
2025-02-17,M029,P02,T02,195821.93
2025-02-17,M030,P03,T04,152808.32
2025-02-17,M031,P04,T02,180490.72
2025-02-17,M032,P01,T04,218271.16
2025-02-17,M033,P02,T02,260774.06
2025-02-17,M034,P03,T04,190051.5
2025-02-17,M035,P04,T02,265245.61
2025-02-17,M036,P01,T04,185411.37
2025-02-17,M037,P02,T02,265202.11
2025-02-17,M038,P03,T04,162948.64
2025-02-17,M039,P04,T02,217532.77
2025-02-17,M040,P01,T04,238226.63
2025-02-17,M041,P02,T02,313293.88
2025-02-17,M042,P03,T04,223899.82
2025-02-17,M043,P04,T02,223468.71
2025-02-17,M044,P01,T04,237595.54
2025-02-17,M045,P02,T02,292181.66
2025-02-17,M046,P03,T04,199076.92
2025-02-17,M047,P04,T02,257227.87
2025-02-17,M048,P01,T04,291641.97
2025-02-18,M001,P03,T03,60905.03
2025-02-18,M002,P04,T01,121028.71
2025-02-18,M003,P01,T03,101509.37
2025-02-18,M004,P02,T01,176801.34
2025-02-18,M005,P03,T03,102738.66
2025-02-18,M006,P04,T01,168808.26
2025-02-18,M007,P01,T03,142175.54
2025-02-18,M008,P02,T01,155490.32
2025-02-18,M009,P03,T03,78424.89
2025-02-18,M010,P04,T01,163907.83
2025-02-18,M011,P01,T03,131130.03
2025-02-18,M012,P02,T01,213642.79
2025-02-18,M013,P03,T03,115136.27
2025-02-18,M014,P04,T01,212111.73
2025-02-18,M015,P01,T03,97706.78
2025-02-18,M016,P02,T01,188787.58
2025-02-18,M017,P03,T03,98859.22
2025-02-18,M018,P04,T01,194471.61
2025-02-18,M019,P01,T03,157484.54
2025-02-18,M020,P02,T01,288543.52
2025-02-18,M021,P03,T03,141641.54
2025-02-18,M022,P04,T01,163813.46
2025-02-18,M023,P01,T03,129068.55
2025-02-18,M024,P02,T01,252059.22
2025-02-18,M025,P03,T03,121134.53
2025-02-18,M026,P04,T01,244163.44
2025-02-18,M027,P01,T03,188462.49
2025-02-18,M028,P02,T01,354462.72
2025-02-18,M029,P03,T03,108363.04
2025-02-18,M030,P04,T01,206609.86
2025-02-18,M031,P01,T03,156059.65
2025-02-18,M032,P02,T01,321940.29
2025-02-18,M033,P03,T03,146871.74
2025-02-18,M034,P04,T01,285992.62
2025-02-18,M035,P01,T03,198686.84
2025-02-18,M036,P02,T01,274944.09
2025-02-18,M037,P03,T03,145858.15
2025-02-18,M038,P04,T01,241618.34
2025-02-18,M039,P01,T03,206001.6
2025-02-18,M040,P02,T01,333584.19
2025-02-18,M041,P03,T03,175303.26
2025-02-18,M042,P04,T01,318376.49
2025-02-18,M043,P01,T03,177514.62
2025-02-18,M044,P02,T01,296971.07
2025-02-18,M045,P03,T03,164231.17
2025-02-18,M046,P04,T01,308809.2
2025-02-18,M047,P01,T03,223842.37
2025-02-18,M048,P02,T01,388759.12
2025-02-19,M001,P04,T04,80237.89
2025-02-19,M002,P01,T02,102669.79
2025-02-19,M003,P02,T04,122456.63
2025-02-19,M004,P03,T02,110734.61
2025-02-19,M005,P04,T04,138057.96
2025-02-19,M006,P01,T02,172672.5
2025-02-19,M007,P02,T04,207474.42
2025-02-19,M008,P03,T02,86657.06
2025-02-19,M009,P04,T04,106740.71
2025-02-19,M010,P01,T02,132344.54
2025-02-19,M011,P02,T04,156574.42
2025-02-19,M012,P03,T02,138753.17
2025-02-19,M013,P04,T04,155746.39
2025-02-19,M014,P01,T02,221467.08
2025-02-19,M015,P02,T04,139476.06
2025-02-19,M016,P03,T02,122651.4
2025-02-19,M017,P04,T04,152077.93
2025-02-19,M018,P01,T02,174183.3
2025-02-19,M019,P02,T04,200183.53
2025-02-19,M020,P03,T02,181593.33
2025-02-19,M021,P04,T04,213758.46
2025-02-19,M022,P01,T02,145781.08
2025-02-19,M023,P02,T04,194243.39
2025-02-19,M024,P03,T02,161611.46
2025-02-19,M025,P04,T04,174193.71
2025-02-19,M026,P01,T02,218169.65
2025-02-19,M027,P02,T04,234367.68
2025-02-19,M028,P03,T02,188014.05
2025-02-19,M029,P04,T04,149906.83
2025-02-19,M030,P01,T02,198288.65
2025-02-19,M031,P02,T04,211834.5
2025-02-19,M032,P03,T02,179515.31
2025-02-19,M033,P04,T04,195374.76
2025-02-19,M034,P01,T02,245193.62
2025-02-19,M035,P02,T04,274953.19
2025-02-19,M036,P03,T02,171633.13
2025-02-19,M037,P04,T04,191669.22
2025-02-19,M038,P01,T02,222977.86
2025-02-19,M039,P02,T04,244470.0
2025-02-19,M040,P03,T02,216282.09
2025-02-19,M041,P04,T04,253537.67
2025-02-19,M042,P01,T02,307937.18
2025-02-19,M043,P02,T04,257743.07
2025-02-19,M044,P03,T02,187549.02
2025-02-19,M045,P04,T04,207267.6
2025-02-19,M046,P01,T02,267820.05
2025-02-19,M047,P02,T04,329443.08
2025-02-19,M048,P03,T02,244056.06
2025-02-20,M001,P01,T01,96906.42
2025-02-20,M002,P02,T03,88232.95
2025-02-20,M003,P03,T01,108185.45
2025-02-20,M004,P04,T03,107151.57
2025-02-20,M005,P01,T01,175379.7
2025-02-20,M006,P02,T03,152987.34
2025-02-20,M007,P03,T01,172953.15
2025-02-20,M008,P04,T03,78531.61
2025-02-20,M009,P01,T01,147306.84
2025-02-20,M010,P02,T03,118316.97
2025-02-20,M011,P03,T01,154459.04
2025-02-20,M012,P04,T03,136482.08
2025-02-20,M013,P01,T01,210457.4
2025-02-20,M014,P02,T03,197054.27
2025-02-20,M015,P03,T01,126570.97
2025-02-20,M016,P04,T03,113060.29
2025-02-20,M017,P01,T01,195424.44
2025-02-20,M018,P02,T03,152464.48
2025-02-20,M019,P03,T01,182165.48
2025-02-20,M020,P04,T03,162799.7
2025-02-20,M021,P01,T01,273366.46
2025-02-20,M022,P02,T03,140267.23
2025-02-20,M023,P03,T01,151418.39
2025-02-20,M024,P04,T03,130708.67
2025-02-20,M025,P01,T01,234334.04
2025-02-20,M026,P02,T03,191817.31
2025-02-20,M027,P03,T01,236874.37
2025-02-20,M028,P04,T03,192777.48
2025-02-20,M029,P01,T01,211325.5
2025-02-20,M030,P02,T03,165869.1
2025-02-20,M031,P03,T01,190626.5
2025-02-20,M032,P04,T03,161925.71
2025-02-20,M033,P01,T01,265301.48
2025-02-20,M034,P02,T03,223593.64
2025-02-20,M035,P03,T01,251752.15
2025-02-20,M036,P04,T03,136650.59
2025-02-20,M037,P01,T01,255985.34
2025-02-20,M038,P02,T03,199746.52
2025-02-20,M039,P03,T01,236265.29
2025-02-20,M040,P04,T03,202756.44
2025-02-20,M041,P01,T01,350277.45
2025-02-20,M042,P02,T03,275119.82
2025-02-20,M043,P03,T01,208302.97
2025-02-20,M044,P04,T03,185796.69
2025-02-20,M045,P01,T01,289352.73
2025-02-20,M046,P02,T03,228409.18
2025-02-20,M047,P03,T01,271864.22
2025-02-20,M048,P04,T03,216116.41
2025-02-21,M001,P02,T02,109475.74
2025-02-21,M002,P03,T04,81999.38
2025-02-21,M003,P04,T02,113325.66
2025-02-21,M004,P01,T04,136994.45
2025-02-21,M005,P02,T02,178428.85
2025-02-21,M006,P03,T04,119241.11
2025-02-21,M007,P04,T02,170053.22
2025-02-21,M008,P01,T04,108164.89
2025-02-21,M009,P02,T02,144436.23
2025-02-21,M010,P03,T04,109170.41
2025-02-21,M011,P04,T02,151109.18
2025-02-21,M012,P01,T04,157081.64
2025-02-21,M013,P02,T02,225578.01
2025-02-21,M014,P03,T04,164423.32
2025-02-21,M015,P04,T02,126704.29
2025-02-21,M016,P01,T04,143702.23
2025-02-21,M017,P02,T02,192861.12
2025-02-21,M018,P03,T04,142798.44
2025-02-21,M019,P04,T02,186787.1
2025-02-21,M020,P01,T04,207109.99
2025-02-21,M021,P02,T02,254410.44
2025-02-21,M022,P03,T04,123700.29
2025-02-21,M023,P04,T02,148042.09
2025-02-21,M024,P01,T04,186519.48
2025-02-21,M025,P02,T02,213487.4
2025-02-21,M026,P03,T04,162905.85
2025-02-21,M027,P04,T02,214715.38
2025-02-21,M028,P01,T04,217420.71
2025-02-21,M029,P02,T02,209916.79
2025-02-21,M030,P03,T04,156592.7
2025-02-21,M031,P04,T02,182860.61
2025-02-21,M032,P01,T04,208797.54
2025-02-21,M033,P02,T02,264089.52
2025-02-21,M034,P03,T04,184242.9
2025-02-21,M035,P04,T02,239363.47
2025-02-21,M036,P01,T04,179169.49
2025-02-21,M037,P02,T02,241000.68
2025-02-21,M038,P03,T04,178174.25
2025-02-21,M039,P04,T02,249007.46
2025-02-21,M040,P01,T04,248154.95
2025-02-21,M041,P02,T02,338185.44
2025-02-21,M042,P03,T04,218074.36
2025-02-21,M043,P04,T02,218246.53
2025-02-21,M044,P01,T04,220142.68
2025-02-21,M045,P02,T02,307587.87
2025-02-21,M046,P03,T04,205671.7
2025-02-21,M047,P04,T02,255578.96
2025-02-21,M048,P01,T04,279079.21
2025-02-22,M001,P03,T03,50092.07
2025-02-22,M002,P04,T01,97555.79
2025-02-22,M003,P01,T03,91278.43
2025-02-22,M004,P02,T01,168474.76
2025-02-22,M005,P03,T03,81403.23
2025-02-22,M006,P04,T01,170266.0
2025-02-22,M007,P01,T03,128088.58
2025-02-22,M008,P02,T01,140810.42
2025-02-22,M009,P03,T03,77766.4
2025-02-22,M010,P04,T01,134255.54
2025-02-22,M011,P01,T03,117790.09
2025-02-22,M012,P02,T01,221946.45
2025-02-22,M013,P03,T03,102644.0
2025-02-22,M014,P04,T01,208503.71
2025-02-22,M015,P01,T03,92116.05
2025-02-22,M016,P02,T01,171854.81
2025-02-22,M017,P03,T03,94063.53
2025-02-22,M018,P04,T01,168325.92
2025-02-22,M019,P01,T03,148837.7
2025-02-22,M020,P02,T01,253251.86
2025-02-22,M021,P03,T03,126655.74
2025-02-22,M022,P04,T01,163264.88
2025-02-22,M023,P01,T03,116901.97
2025-02-22,M024,P02,T01,229484.69
2025-02-22,M025,P03,T03,111794.43
2025-02-22,M026,P04,T01,215127.69
2025-02-22,M027,P01,T03,171200.85
2025-02-22,M028,P02,T01,287107.45
2025-02-22,M029,P03,T03,102302.91
2025-02-22,M030,P04,T01,177784.08
2025-02-22,M031,P01,T03,143944.06
2025-02-22,M032,P02,T01,251422.93
2025-02-22,M033,P03,T03,148592.34
2025-02-22,M034,P04,T01,257468.96
2025-02-22,M035,P01,T03,193478.02
2025-02-22,M036,P02,T01,255795.86
2025-02-22,M037,P03,T03,128026.37
2025-02-22,M038,P04,T01,222217.8
2025-02-22,M039,P01,T03,172758.63
2025-02-22,M040,P02,T01,330865.58
2025-02-22,M041,P03,T03,161320.1
2025-02-22,M042,P04,T01,279835.45
2025-02-22,M043,P01,T03,168024.06
2025-02-22,M044,P02,T01,266702.74
2025-02-22,M045,P03,T03,152353.04
2025-02-22,M046,P04,T01,284274.06
2025-02-22,M047,P01,T03,191635.93
2025-02-22,M048,P02,T01,335383.15
2025-02-23,M001,P04,T04,74568.32
2025-02-23,M002,P01,T02,99244.88
2025-02-23,M003,P02,T04,118967.52
2025-02-23,M004,P03,T02,93568.42
2025-02-23,M005,P04,T04,118238.61
2025-02-23,M006,P01,T02,138965.17
2025-02-23,M007,P02,T04,164711.29
2025-02-23,M008,P03,T02,81486.38
2025-02-23,M009,P04,T04,95633.36
2025-02-23,M010,P01,T02,135282.24
2025-02-23,M011,P02,T04,145848.38
2025-02-23,M012,P03,T02,124789.79
2025-02-23,M013,P04,T04,137792.9
2025-02-23,M014,P01,T02,196026.61
2025-02-23,M015,P02,T04,134137.36
2025-02-23,M016,P03,T02,105713.11
2025-02-23,M017,P04,T04,134135.32
2025-02-23,M018,P01,T02,167377.63
2025-02-23,M019,P02,T04,175745.72
2025-02-23,M020,P03,T02,156137.43
2025-02-23,M021,P04,T04,176870.44
2025-02-23,M022,P01,T02,149907.8
2025-02-23,M023,P02,T04,178277.08
2025-02-23,M024,P03,T02,127966.78
2025-02-23,M025,P04,T04,154571.69
2025-02-23,M026,P01,T02,202154.14
2025-02-23,M027,P02,T04,228662.92
2025-02-23,M028,P03,T02,192777.97
2025-02-23,M029,P04,T04,134130.29
2025-02-23,M030,P01,T02,183186.79
2025-02-23,M031,P02,T04,206238.9
2025-02-23,M032,P03,T02,169597.34
2025-02-23,M033,P04,T04,176509.37
2025-02-23,M034,P01,T02,224061.41
2025-02-23,M035,P02,T04,282296.39
2025-02-23,M036,P03,T02,151349.61
2025-02-23,M037,P04,T04,176017.79
2025-02-23,M038,P01,T02,223107.17
2025-02-23,M039,P02,T04,233047.05
2025-02-23,M040,P03,T02,204316.18
2025-02-23,M041,P04,T04,234552.71
2025-02-23,M042,P01,T02,245800.58
2025-02-23,M043,P02,T04,220583.59
2025-02-23,M044,P03,T02,187531.2
2025-02-23,M045,P04,T04,196368.64
2025-02-23,M046,P01,T02,249742.62
2025-02-23,M047,P02,T04,274127.52
2025-02-23,M048,P03,T02,212549.47
2025-02-24,M001,P01,T01,98122.88
2025-02-24,M002,P02,T03,91091.82
2025-02-24,M003,P03,T01,118276.3
2025-02-24,M004,P04,T03,94197.54
2025-02-24,M005,P01,T01,165867.79
2025-02-24,M006,P02,T03,150979.93
2025-02-24,M007,P03,T01,178437.24
2025-02-24,M008,P04,T03,81492.72
2025-02-24,M009,P01,T01,139328.16
2025-02-24,M010,P02,T03,122857.18
2025-02-24,M011,P03,T01,154932.85
2025-02-24,M012,P04,T03,121551.23
2025-02-24,M013,P01,T01,206314.02
2025-02-24,M014,P02,T03,176186.61
2025-02-24,M015,P03,T01,119870.18
2025-02-24,M016,P04,T03,118327.16
2025-02-24,M017,P01,T01,191862.5
2025-02-24,M018,P02,T03,150467.24
2025-02-24,M019,P03,T01,195655.85
2025-02-24,M020,P04,T03,164896.94
2025-02-24,M021,P01,T01,247967.12
2025-02-24,M022,P02,T03,144791.93
2025-02-24,M023,P03,T01,153415.54
2025-02-24,M024,P04,T03,146550.57
2025-02-24,M025,P01,T01,246364.82
2025-02-24,M026,P02,T03,187595.1
2025-02-24,M027,P03,T01,208931.62
2025-02-24,M028,P04,T03,191691.64
2025-02-24,M029,P01,T01,210550.79
2025-02-24,M030,P02,T03,171602.3
2025-02-24,M031,P03,T01,185500.22
2025-02-24,M032,P04,T03,178516.27
2025-02-24,M033,P01,T01,301532.42
2025-02-24,M034,P02,T03,239977.3
2025-02-24,M035,P03,T01,268892.44
2025-02-24,M036,P04,T03,148969.53
2025-02-24,M037,P01,T01,265805.48
2025-02-24,M038,P02,T03,210692.68
2025-02-24,M039,P03,T01,227276.95
2025-02-24,M040,P04,T03,192129.1
2025-02-24,M041,P01,T01,344965.68
2025-02-24,M042,P02,T03,281932.06
2025-02-24,M043,P03,T01,223805.99
2025-02-24,M044,P04,T03,182905.92
2025-02-24,M045,P01,T01,277948.96
2025-02-24,M046,P02,T03,254368.69
2025-02-24,M047,P03,T01,277075.82
2025-02-24,M048,P04,T03,230729.9
2025-02-25,M001,P02,T02,107734.15
2025-02-25,M002,P03,T04,82265.54
2025-02-25,M003,P04,T02,110528.36
2025-02-25,M004,P01,T04,119916.19
2025-02-25,M005,P02,T02,166048.34
2025-02-25,M006,P03,T04,121097.83
2025-02-25,M007,P04,T02,172414.38
2025-02-25,M008,P01,T04,103970.69
2025-02-25,M009,P02,T02,136369.02
2025-02-25,M010,P03,T04,112111.47
2025-02-25,M011,P04,T02,147082.74
2025-02-25,M012,P01,T04,152753.93
2025-02-25,M013,P02,T02,200938.27
2025-02-25,M014,P03,T04,153047.58
2025-02-25,M015,P04,T02,130735.84
2025-02-25,M016,P01,T04,138606.02
2025-02-25,M017,P02,T02,180606.16
2025-02-25,M018,P03,T04,142466.96
2025-02-25,M019,P04,T02,195454.67
2025-02-25,M020,P01,T04,213798.83
2025-02-25,M021,P02,T02,254488.07
2025-02-25,M022,P03,T04,126954.83
2025-02-25,M023,P04,T02,156157.59
2025-02-25,M024,P01,T04,181922.97
2025-02-25,M025,P02,T02,249562.6
2025-02-25,M026,P03,T04,153369.27
2025-02-25,M027,P04,T02,225116.28
2025-02-25,M028,P01,T04,251578.3
2025-02-25,M029,P02,T02,193111.22
2025-02-25,M030,P03,T04,157449.6
2025-02-25,M031,P04,T02,208895.51
2025-02-25,M032,P01,T04,209167.93
2025-02-25,M033,P02,T02,290299.58
2025-02-25,M034,P03,T04,192897.34
2025-02-25,M035,P04,T02,241009.1
2025-02-25,M036,P01,T04,174513.84
2025-02-25,M037,P02,T02,251316.72
2025-02-25,M038,P03,T04,174103.76
2025-02-25,M039,P04,T02,221751.99
2025-02-25,M040,P01,T04,260029.71
2025-02-25,M041,P02,T02,342632.99
2025-02-25,M042,P03,T04,222312.05
2025-02-25,M043,P04,T02,198185.24
2025-02-25,M044,P01,T04,215727.69
2025-02-25,M045,P02,T02,287704.43
2025-02-25,M046,P03,T04,219539.56
2025-02-25,M047,P04,T02,253214.78
2025-02-25,M048,P01,T04,265447.12
2025-02-26,M001,P03,T03,56163.87
2025-02-26,M002,P04,T01,110025.47
2025-02-26,M003,P01,T03,96887.79
2025-02-26,M004,P02,T01,180508.2
2025-02-26,M005,P03,T03,92975.34
2025-02-26,M006,P04,T01,188873.44
2025-02-26,M007,P01,T03,150223.45
2025-02-26,M008,P02,T01,155890.37
2025-02-26,M009,P03,T03,77363.31
2025-02-26,M010,P04,T01,165980.42
2025-02-26,M011,P01,T03,116206.84
2025-02-26,M012,P02,T01,221951.8
2025-02-26,M013,P03,T03,124773.3
2025-02-26,M014,P04,T01,219993.09
2025-02-26,M015,P01,T03,110443.8
2025-02-26,M016,P02,T01,193913.1
2025-02-26,M017,P03,T03,103194.45
2025-02-26,M018,P04,T01,190953.26
2025-02-26,M019,P01,T03,145364.64
2025-02-26,M020,P02,T01,291841.23
2025-02-26,M021,P03,T03,147810.7
2025-02-26,M022,P04,T01,157797.48
2025-02-26,M023,P01,T03,145155.94
2025-02-26,M024,P02,T01,257659.23
2025-02-26,M025,P03,T03,131708.0
2025-02-26,M026,P04,T01,255663.86
2025-02-26,M027,P01,T03,173344.4
2025-02-26,M028,P02,T01,340455.38
2025-02-26,M029,P03,T03,109225.53
2025-02-26,M030,P04,T01,225698.26
2025-02-26,M031,P01,T03,175613.62
2025-02-26,M032,P02,T01,301919.52
2025-02-26,M033,P03,T03,161491.91
2025-02-26,M034,P04,T01,272493.99
2025-02-26,M035,P01,T03,210845.8
2025-02-26,M036,P02,T01,260039.55
2025-02-26,M037,P03,T03,128740.6
2025-02-26,M038,P04,T01,265565.29
2025-02-26,M039,P01,T03,187933.16
2025-02-26,M040,P02,T01,326422.33
2025-02-26,M041,P03,T03,164826.43
2025-02-26,M042,P04,T01,314851.92
2025-02-26,M043,P01,T03,183044.8
2025-02-26,M044,P02,T01,291859.28
2025-02-26,M045,P03,T03,150651.63
2025-02-26,M046,P04,T01,275865.39
2025-02-26,M047,P01,T03,237977.79
2025-02-26,M048,P02,T01,372194.24
2025-02-27,M001,P04,T04,75504.94
2025-02-27,M002,P01,T02,98377.6
2025-02-27,M003,P02,T04,132331.5
2025-02-27,M004,P03,T02,101777.19
2025-02-27,M005,P04,T04,142504.73
2025-02-27,M006,P01,T02,161730.21
2025-02-27,M007,P02,T04,206531.52
2025-02-27,M008,P03,T02,96665.13
2025-02-27,M009,P04,T04,117133.91
2025-02-27,M010,P01,T02,150630.48
2025-02-27,M011,P02,T04,157674.24
2025-02-27,M012,P03,T02,130245.56
2025-02-27,M013,P04,T04,169774.47
2025-02-27,M014,P01,T02,220607.04
2025-02-27,M015,P02,T04,151735.33
2025-02-27,M016,P03,T02,112753.66
2025-02-27,M017,P04,T04,145507.12
2025-02-27,M018,P01,T02,178750.35
2025-02-27,M019,P02,T04,206064.24
2025-02-27,M020,P03,T02,163197.02
2025-02-27,M021,P04,T04,206979.23
2025-02-27,M022,P01,T02,148653.91
2025-02-27,M023,P02,T04,194384.66
2025-02-27,M024,P03,T02,159034.25
2025-02-27,M025,P04,T04,189867.31
2025-02-27,M026,P01,T02,209910.07
2025-02-27,M027,P02,T04,263735.94
2025-02-27,M028,P03,T02,188991.07
2025-02-27,M029,P04,T04,151308.49
2025-02-27,M030,P01,T02,201907.17
2025-02-27,M031,P02,T04,242113.46
2025-02-27,M032,P03,T02,190727.1
2025-02-27,M033,P04,T04,221621.12
2025-02-27,M034,P01,T02,248376.77
2025-02-27,M035,P02,T04,292922.09
2025-02-27,M036,P03,T02,162448.06
2025-02-27,M037,P04,T04,201396.33
2025-02-27,M038,P01,T02,247612.82
2025-02-27,M039,P02,T04,282501.32
2025-02-27,M040,P03,T02,211514.42
2025-02-27,M041,P04,T04,241477.32
2025-02-27,M042,P01,T02,313044.13
2025-02-27,M043,P02,T04,220951.86
2025-02-27,M044,P03,T02,204114.89
2025-02-27,M045,P04,T04,234135.15
2025-02-27,M046,P01,T02,275937.09
2025-02-27,M047,P02,T04,302412.93
2025-02-27,M048,P03,T02,256397.07
2025-02-28,M001,P01,T01,104929.87
2025-02-28,M002,P02,T03,87022.21
2025-02-28,M003,P03,T01,119266.71
2025-02-28,M004,P04,T03,91530.55
2025-02-28,M005,P01,T01,165386.83
2025-02-28,M006,P02,T03,144450.1
2025-02-28,M007,P03,T01,167535.79
2025-02-28,M008,P04,T03,75425.72
2025-02-28,M009,P01,T01,155482.04
2025-02-28,M010,P02,T03,119940.96
2025-02-28,M011,P03,T01,156250.05
2025-02-28,M012,P04,T03,127012.62
2025-02-28,M013,P01,T01,220922.08
2025-02-28,M014,P02,T03,186731.67
2025-02-28,M015,P03,T01,132573.91
2025-02-28,M016,P04,T03,109469.91
2025-02-28,M017,P01,T01,181626.73
2025-02-28,M018,P02,T03,158217.23
2025-02-28,M019,P03,T01,178771.35
2025-02-28,M020,P04,T03,147454.77
2025-02-28,M021,P01,T01,281938.7
2025-02-28,M022,P02,T03,131345.94
2025-02-28,M023,P03,T01,158528.27
2025-02-28,M024,P04,T03,142862.82
2025-02-28,M025,P01,T01,238717.99
2025-02-28,M026,P02,T03,191728.12
2025-02-28,M027,P03,T01,228606.02
2025-02-28,M028,P04,T03,168605.85
2025-02-28,M029,P01,T01,212544.7
2025-02-28,M030,P02,T03,167494.94
2025-02-28,M031,P03,T01,185610.73
2025-02-28,M032,P04,T03,172533.59
2025-02-28,M033,P01,T01,276132.53
2025-02-28,M034,P02,T03,227765.9
2025-02-28,M035,P03,T01,241728.39
2025-02-28,M036,P04,T03,159557.4
2025-02-28,M037,P01,T01,263221.06
2025-02-28,M038,P02,T03,215875.6
2025-02-28,M039,P03,T01,238916.77
2025-02-28,M040,P04,T03,183415.07
2025-02-28,M041,P01,T01,309708.02
2025-02-28,M042,P02,T03,252764.93
2025-02-28,M043,P03,T01,212985.95
2025-02-28,M044,P04,T03,182951.37
2025-02-28,M045,P01,T01,295236.34
2025-02-28,M046,P02,T03,237991.86
2025-02-28,M047,P03,T01,288239.47
2025-02-28,M048,P04,T03,216015.78
2025-03-01,M001,P02,T02,94690.06
2025-03-01,M002,P03,T04,67669.8
2025-03-01,M003,P04,T02,107941.81
2025-03-01,M004,P01,T04,121930.08
2025-03-01,M005,P02,T02,166076.77
2025-03-01,M006,P03,T04,123156.92
2025-03-01,M007,P04,T02,159372.0
2025-03-01,M008,P01,T04,94818.51
2025-03-01,M009,P02,T02,125625.75
2025-03-01,M010,P03,T04,104070.55
2025-03-01,M011,P04,T02,136026.79
2025-03-01,M012,P01,T04,158833.98
2025-03-01,M013,P02,T02,195307.41
2025-03-01,M014,P03,T04,145885.28
2025-03-01,M015,P04,T02,106378.34
2025-03-01,M016,P01,T04,121653.21
2025-03-01,M017,P02,T02,180683.82
2025-03-01,M018,P03,T04,120644.96
2025-03-01,M019,P04,T02,174915.35
2025-03-01,M020,P01,T04,186590.23
2025-03-01,M021,P02,T02,254578.64
2025-03-01,M022,P03,T04,117368.48
2025-03-01,M023,P04,T02,153383.0
2025-03-01,M024,P01,T04,175633.55
2025-03-01,M025,P02,T02,225071.74
2025-03-01,M026,P03,T04,150228.67
2025-03-01,M027,P04,T02,203022.96
2025-03-01,M028,P01,T04,202941.91
2025-03-01,M029,P02,T02,189075.04
2025-03-01,M030,P03,T04,141142.08
2025-03-01,M031,P04,T02,185180.56
2025-03-01,M032,P01,T04,183808.8
2025-03-01,M033,P02,T02,256140.64
2025-03-01,M034,P03,T04,192734.06
2025-03-01,M035,P04,T02,223319.12
2025-03-01,M036,P01,T04,172481.28
2025-03-01,M037,P02,T02,224477.34
2025-03-01,M038,P03,T04,167676.09
2025-03-01,M039,P04,T02,205736.19
2025-03-01,M040,P01,T04,238865.32
2025-03-01,M041,P02,T02,281539.19
2025-03-01,M042,P03,T04,219270.01
2025-03-01,M043,P04,T02,190987.02
2025-03-01,M044,P01,T04,195347.71
2025-03-01,M045,P02,T02,258020.72
2025-03-01,M046,P03,T04,202013.9
2025-03-01,M047,P04,T02,262197.55
2025-03-01,M048,P01,T04,262900.01
2025-03-02,M001,P03,T03,53316.05
2025-03-02,M002,P04,T01,109969.67
2025-03-02,M003,P01,T03,91563.78
2025-03-02,M004,P02,T01,169186.6
2025-03-02,M005,P03,T03,94365.06
2025-03-02,M006,P04,T01,169159.16
2025-03-02,M007,P01,T03,132898.17
2025-03-02,M008,P02,T01,139259.86
2025-03-02,M009,P03,T03,77052.06
2025-03-02,M010,P04,T01,144475.12
2025-03-02,M011,P01,T03,119023.98
2025-03-02,M012,P02,T01,211043.24
2025-03-02,M013,P03,T03,110009.75
2025-03-02,M014,P04,T01,191306.6
2025-03-02,M015,P01,T03,90005.12
2025-03-02,M016,P02,T01,174540.76
2025-03-02,M017,P03,T03,96597.09
2025-03-02,M018,P04,T01,185029.68
2025-03-02,M019,P01,T03,152351.64
2025-03-02,M020,P02,T01,258611.12
2025-03-02,M021,P03,T03,138481.96
2025-03-02,M022,P04,T01,159417.0
2025-03-02,M023,P01,T03,119075.44
2025-03-02,M024,P02,T01,232433.02
2025-03-02,M025,P03,T03,123147.8
2025-03-02,M026,P04,T01,223577.62
2025-03-02,M027,P01,T03,163420.42
2025-03-02,M028,P02,T01,305962.31
2025-03-02,M029,P03,T03,102512.34
2025-03-02,M030,P04,T01,203405.11
2025-03-02,M031,P01,T03,141074.78
2025-03-02,M032,P02,T01,294804.57
2025-03-02,M033,P03,T03,134324.25
2025-03-02,M034,P04,T01,271700.2
2025-03-02,M035,P01,T03,203187.34
2025-03-02,M036,P02,T01,264212.67
2025-03-02,M037,P03,T03,127422.08
2025-03-02,M038,P04,T01,235099.25
2025-03-02,M039,P01,T03,190327.27
2025-03-02,M040,P02,T01,305860.15
2025-03-02,M041,P03,T03,155210.27
2025-03-02,M042,P04,T01,286278.08
2025-03-02,M043,P01,T03,175945.32
2025-03-02,M044,P02,T01,301507.48
2025-03-02,M045,P03,T03,153469.14
2025-03-02,M046,P04,T01,271409.05
2025-03-02,M047,P01,T03,222947.7
2025-03-02,M048,P02,T01,347568.14
2025-03-03,M001,P04,T04,74036.73
2025-03-03,M002,P01,T02,107736.11
2025-03-03,M003,P02,T04,126710.16
2025-03-03,M004,P03,T02,112817.96
2025-03-03,M005,P04,T04,132805.53
2025-03-03,M006,P01,T02,180586.77
2025-03-03,M007,P02,T04,193475.91
2025-03-03,M008,P03,T02,88014.55
2025-03-03,M009,P04,T04,116293.21
2025-03-03,M010,P01,T02,147255.25
2025-03-03,M011,P02,T04,183353.16
2025-03-03,M012,P03,T02,147891.23
2025-03-03,M013,P04,T04,160355.45
2025-03-03,M014,P01,T02,220562.71
2025-03-03,M015,P02,T04,151928.6
2025-03-03,M016,P03,T02,132444.16
2025-03-03,M017,P04,T04,156386.65
2025-03-03,M018,P01,T02,177185.86
2025-03-03,M019,P02,T04,230343.19
2025-03-03,M020,P03,T02,176735.51
2025-03-03,M021,P04,T04,189076.71
2025-03-03,M022,P01,T02,158804.25
2025-03-03,M023,P02,T04,177880.91
2025-03-03,M024,P03,T02,159887.46
2025-03-03,M025,P04,T04,193203.87
2025-03-03,M026,P01,T02,224996.61
2025-03-03,M027,P02,T04,273098.52
2025-03-03,M028,P03,T02,221638.69
2025-03-03,M029,P04,T04,166816.87
2025-03-03,M030,P01,T02,189388.12
2025-03-03,M031,P02,T04,240661.63
2025-03-03,M032,P03,T02,185491.04
2025-03-03,M033,P04,T04,203942.15
2025-03-03,M034,P01,T02,256359.19
2025-03-03,M035,P02,T04,295892.86
2025-03-03,M036,P03,T02,174358.36
2025-03-03,M037,P04,T04,210123.92
2025-03-03,M038,P01,T02,247882.64
2025-03-03,M039,P02,T04,267888.16
2025-03-03,M040,P03,T02,212943.82
2025-03-03,M041,P04,T04,262810.96
2025-03-03,M042,P01,T02,313965.09
2025-03-03,M043,P02,T04,250045.79
2025-03-03,M044,P03,T02,183814.51
2025-03-03,M045,P04,T04,212089.91
2025-03-03,M046,P01,T02,274515.66
2025-03-03,M047,P02,T04,290071.85
2025-03-03,M048,P03,T02,234471.9
2025-03-04,M001,P01,T01,113330.7
2025-03-04,M002,P02,T03,97818.65
2025-03-04,M003,P03,T01,115673.84
2025-03-04,M004,P04,T03,104766.2
2025-03-04,M005,P01,T01,169474.87
2025-03-04,M006,P02,T03,164365.54
2025-03-04,M007,P03,T01,187557.11
2025-03-04,M008,P04,T03,85185.8
2025-03-04,M009,P01,T01,143785.08
2025-03-04,M010,P02,T03,126656.25
2025-03-04,M011,P03,T01,146582.49
2025-03-04,M012,P04,T03,126167.51
2025-03-04,M013,P01,T01,241243.43
2025-03-04,M014,P02,T03,193752.01
2025-03-04,M015,P03,T01,132638.36
2025-03-04,M016,P04,T03,119675.1
2025-03-04,M017,P01,T01,200858.25
2025-03-04,M018,P02,T03,167548.37
2025-03-04,M019,P03,T01,195754.73
2025-03-04,M020,P04,T03,159698.2
2025-03-04,M021,P01,T01,254789.47
2025-03-04,M022,P02,T03,152030.54
2025-03-04,M023,P03,T01,156659.1
2025-03-04,M024,P04,T03,138976.39
2025-03-04,M025,P01,T01,232156.55
2025-03-04,M026,P02,T03,212011.51
2025-03-04,M027,P03,T01,229287.21
2025-03-04,M028,P04,T03,192634.04
2025-03-04,M029,P01,T01,215689.57
2025-03-04,M030,P02,T03,183670.45
2025-03-04,M031,P03,T01,203744.4
2025-03-04,M032,P04,T03,178535.71
2025-03-04,M033,P01,T01,284175.01
2025-03-04,M034,P02,T03,252358.2
2025-03-04,M035,P03,T01,250556.24
2025-03-04,M036,P04,T03,149001.81
2025-03-04,M037,P01,T01,252886.87
2025-03-04,M038,P02,T03,225663.4
2025-03-04,M039,P03,T01,231652.42
2025-03-04,M040,P04,T03,205159.07
2025-03-04,M041,P01,T01,334607.58
2025-03-04,M042,P02,T03,285735.54
2025-03-04,M043,P03,T01,221158.43
2025-03-04,M044,P04,T03,183631.77
2025-03-04,M045,P01,T01,296669.39
2025-03-04,M046,P02,T03,248076.61
2025-03-04,M047,P03,T01,273505.91
2025-03-04,M048,P04,T03,232384.05
2025-03-05,M001,P02,T02,101613.33
2025-03-05,M002,P03,T04,85431.51
2025-03-05,M003,P04,T02,120577.95
2025-03-05,M004,P01,T04,136600.7
2025-03-05,M005,P02,T02,183649.46
2025-03-05,M006,P03,T04,139765.04
2025-03-05,M007,P04,T02,171538.95
2025-03-05,M008,P01,T04,100386.49
2025-03-05,M009,P02,T02,143670.64
2025-03-05,M010,P03,T04,116332.84
2025-03-05,M011,P04,T02,142545.08
2025-03-05,M012,P01,T04,164490.02
2025-03-05,M013,P02,T02,216563.38
2025-03-05,M014,P03,T04,148938.7
2025-03-05,M015,P04,T02,128343.62
2025-03-05,M016,P01,T04,145415.65
2025-03-05,M017,P02,T02,191875.35
2025-03-05,M018,P03,T04,143472.96
2025-03-05,M019,P04,T02,181673.6
2025-03-05,M020,P01,T04,203417.13
2025-03-05,M021,P02,T02,260377.05
2025-03-05,M022,P03,T04,117446.37
2025-03-05,M023,P04,T02,152661.48
2025-03-05,M024,P01,T04,187952.57
2025-03-05,M025,P02,T02,222663.99
2025-03-05,M026,P03,T04,165498.58
2025-03-05,M027,P04,T02,235751.9
2025-03-05,M028,P01,T04,232231.41
2025-03-05,M029,P02,T02,205650.92
2025-03-05,M030,P03,T04,155737.03
2025-03-05,M031,P04,T02,196869.52
2025-03-05,M032,P01,T04,233436.19
2025-03-05,M033,P02,T02,270656.16
2025-03-05,M034,P03,T04,205486.01
2025-03-05,M035,P04,T02,279405.21
2025-03-05,M036,P01,T04,198050.73
2025-03-05,M037,P02,T02,243827.65
2025-03-05,M038,P03,T04,179632.93
2025-03-05,M039,P04,T02,223165.65
2025-03-05,M040,P01,T04,248634.13
2025-03-05,M041,P02,T02,306567.08
2025-03-05,M042,P03,T04,215589.04
2025-03-05,M043,P04,T02,202612.75
2025-03-05,M044,P01,T04,237881.29
2025-03-05,M045,P02,T02,290826.25
2025-03-05,M046,P03,T04,197744.68
2025-03-05,M047,P04,T02,255966.62
2025-03-05,M048,P01,T04,272390.36
2025-03-06,M001,P03,T03,62609.1
2025-03-06,M002,P04,T01,110074.17
2025-03-06,M003,P01,T03,93974.74
2025-03-06,M004,P02,T01,184230.38
2025-03-06,M005,P03,T03,100669.48
2025-03-06,M006,P04,T01,191484.82
2025-03-06,M007,P01,T03,139482.36
2025-03-06,M008,P02,T01,153190.92
2025-03-06,M009,P03,T03,84433.41
2025-03-06,M010,P04,T01,165213.6
2025-03-06,M011,P01,T03,122055.11
2025-03-06,M012,P02,T01,219658.13
2025-03-06,M013,P03,T03,127193.83
2025-03-06,M014,P04,T01,243349.53
2025-03-06,M015,P01,T03,114693.14
2025-03-06,M016,P02,T01,199541.08
2025-03-06,M017,P03,T03,104767.51
2025-03-06,M018,P04,T01,209768.39
2025-03-06,M019,P01,T03,157637.39
2025-03-06,M020,P02,T01,265964.35
2025-03-06,M021,P03,T03,139632.16
2025-03-06,M022,P04,T01,187131.84
2025-03-06,M023,P01,T03,145215.31
2025-03-06,M024,P02,T01,252176.28
2025-03-06,M025,P03,T03,128874.59
2025-03-06,M026,P04,T01,252426.58
2025-03-06,M027,P01,T03,185356.21
2025-03-06,M028,P02,T01,315493.91
2025-03-06,M029,P03,T03,123205.02
2025-03-06,M030,P04,T01,212347.92
2025-03-06,M031,P01,T03,181768.21
2025-03-06,M032,P02,T01,287585.53
2025-03-06,M033,P03,T03,151769.75
2025-03-06,M034,P04,T01,290929.08
2025-03-06,M035,P01,T03,221733.62
2025-03-06,M036,P02,T01,258114.61
2025-03-06,M037,P03,T03,135306.52
2025-03-06,M038,P04,T01,266578.8
2025-03-06,M039,P01,T03,195100.56
2025-03-06,M040,P02,T01,361698.03
2025-03-06,M041,P03,T03,183327.47
2025-03-06,M042,P04,T01,342080.15
2025-03-06,M043,P01,T03,187776.84
2025-03-06,M044,P02,T01,335171.93
2025-03-06,M045,P03,T03,158292.45
2025-03-06,M046,P04,T01,307940.11
2025-03-06,M047,P01,T03,213277.45
2025-03-06,M048,P02,T01,420344.91
2025-03-07,M001,P04,T04,77446.49
2025-03-07,M002,P01,T02,102983.59
2025-03-07,M003,P02,T04,129635.06
2025-03-07,M004,P03,T02,121658.39
2025-03-07,M005,P04,T04,125280.25
2025-03-07,M006,P01,T02,164640.97
2025-03-07,M007,P02,T04,213925.84
2025-03-07,M008,P03,T02,92655.59
2025-03-07,M009,P04,T04,112477.55
2025-03-07,M010,P01,T02,138707.77
2025-03-07,M011,P02,T04,164370.41
2025-03-07,M012,P03,T02,153255.41
2025-03-07,M013,P04,T04,169905.42
2025-03-07,M014,P01,T02,209392.28
2025-03-07,M015,P02,T04,144901.33
2025-03-07,M016,P03,T02,120976.6
2025-03-07,M017,P04,T04,141694.17
2025-03-07,M018,P01,T02,185458.46
2025-03-07,M019,P02,T04,221850.59
2025-03-07,M020,P03,T02,174688.51
2025-03-07,M021,P04,T04,212520.25
2025-03-07,M022,P01,T02,157543.38
2025-03-07,M023,P02,T04,185130.63
2025-03-07,M024,P03,T02,146498.07
2025-03-07,M025,P04,T04,189820.44
2025-03-07,M026,P01,T02,238045.91
2025-03-07,M027,P02,T04,266377.43
2025-03-07,M028,P03,T02,192533.19
2025-03-07,M029,P04,T04,168871.28
2025-03-07,M030,P01,T02,205872.58
2025-03-07,M031,P02,T04,235117.73
2025-03-07,M032,P03,T02,178935.36
2025-03-07,M033,P04,T04,231511.22
2025-03-07,M034,P01,T02,272437.77
2025-03-07,M035,P02,T04,276181.97
2025-03-07,M036,P03,T02,169156.46
2025-03-07,M037,P04,T04,205232.74
2025-03-07,M038,P01,T02,244166.28
2025-03-07,M039,P02,T04,290085.77
2025-03-07,M040,P03,T02,233705.44
2025-03-07,M041,P04,T04,243556.18
2025-03-07,M042,P01,T02,290251.81
2025-03-07,M043,P02,T04,261402.24
2025-03-07,M044,P03,T02,202788.27
2025-03-07,M045,P04,T04,238990.71
2025-03-07,M046,P01,T02,265214.48
2025-03-07,M047,P02,T04,312065.31
2025-03-07,M048,P03,T02,264857.66
2025-03-08,M001,P01,T01,89647.26
2025-03-08,M002,P02,T03,86290.22
2025-03-08,M003,P03,T01,108724.99
2025-03-08,M004,P04,T03,91114.41
2025-03-08,M005,P01,T01,151195.86
2025-03-08,M006,P02,T03,140864.72
2025-03-08,M007,P03,T01,146591.9
2025-03-08,M008,P04,T03,76863.82
2025-03-08,M009,P01,T01,139065.86
2025-03-08,M010,P02,T03,118551.54
2025-03-08,M011,P03,T01,131724.78
2025-03-08,M012,P04,T03,114475.71
2025-03-08,M013,P01,T01,201351.88
2025-03-08,M014,P02,T03,179193.43
2025-03-08,M015,P03,T01,107580.02
2025-03-08,M016,P04,T03,99303.93
2025-03-08,M017,P01,T01,183270.97
2025-03-08,M018,P02,T03,150052.78
2025-03-08,M019,P03,T01,167588.39
2025-03-08,M020,P04,T03,149254.42
2025-03-08,M021,P01,T01,243252.71
2025-03-08,M022,P02,T03,134114.55
2025-03-08,M023,P03,T01,147875.25
2025-03-08,M024,P04,T03,118537.76
2025-03-08,M025,P01,T01,214648.03
2025-03-08,M026,P02,T03,178766.21
2025-03-08,M027,P03,T01,208669.23
2025-03-08,M028,P04,T03,162999.64
2025-03-08,M029,P01,T01,183734.84
2025-03-08,M030,P02,T03,164687.57
2025-03-08,M031,P03,T01,195094.96
2025-03-08,M032,P04,T03,160468.98
2025-03-08,M033,P01,T01,266634.02
2025-03-08,M034,P02,T03,222895.31
2025-03-08,M035,P03,T01,254017.15
2025-03-08,M036,P04,T03,141441.37
2025-03-08,M037,P01,T01,236287.61
2025-03-08,M038,P02,T03,183739.18
2025-03-08,M039,P03,T01,226184.62
2025-03-08,M040,P04,T03,175353.17
2025-03-08,M041,P01,T01,303462.69
2025-03-08,M042,P02,T03,241190.46
2025-03-08,M043,P03,T01,185127.5
2025-03-08,M044,P04,T03,155858.04
2025-03-08,M045,P01,T01,260446.6
2025-03-08,M046,P02,T03,214794.89
2025-03-08,M047,P03,T01,263455.32
2025-03-08,M048,P04,T03,214787.3
2025-03-09,M001,P02,T02,87888.7
2025-03-09,M002,P03,T04,73200.13
2025-03-09,M003,P04,T02,103791.52
2025-03-09,M004,P01,T04,126994.9
2025-03-09,M005,P02,T02,158741.67
2025-03-09,M006,P03,T04,120912.72
2025-03-09,M007,P04,T02,150553.96
2025-03-09,M008,P01,T04,92664.98
2025-03-09,M009,P02,T02,140503.81
2025-03-09,M010,P03,T04,100414.9
2025-03-09,M011,P04,T02,142848.15
2025-03-09,M012,P01,T04,143701.3
2025-03-09,M013,P02,T02,190468.88
2025-03-09,M014,P03,T04,154685.43
2025-03-09,M015,P04,T02,118644.07
2025-03-09,M016,P01,T04,133242.2
2025-03-09,M017,P02,T02,180238.82
2025-03-09,M018,P03,T04,131999.35
2025-03-09,M019,P04,T02,169398.7
2025-03-09,M020,P01,T04,196029.96
2025-03-09,M021,P02,T02,252889.36
2025-03-09,M022,P03,T04,117904.95
2025-03-09,M023,P04,T02,141015.42
2025-03-09,M024,P01,T04,156833.37
2025-03-09,M025,P02,T02,220754.24
2025-03-09,M026,P03,T04,162581.04
2025-03-09,M027,P04,T02,203043.69
2025-03-09,M028,P01,T04,215756.57
2025-03-09,M029,P02,T02,193622.21
2025-03-09,M030,P03,T04,146297.66
2025-03-09,M031,P04,T02,185179.55
2025-03-09,M032,P01,T04,197236.57
2025-03-09,M033,P02,T02,249613.57
2025-03-09,M034,P03,T04,173349.81
2025-03-09,M035,P04,T02,229788.47
2025-03-09,M036,P01,T04,180288.9
2025-03-09,M037,P02,T02,219963.17
2025-03-09,M038,P03,T04,166250.75
2025-03-09,M039,P04,T02,202595.63
2025-03-09,M040,P01,T04,232735.37
2025-03-09,M041,P02,T02,278832.38
2025-03-09,M042,P03,T04,219378.88
2025-03-09,M043,P04,T02,184742.85
2025-03-09,M044,P01,T04,207212.92
2025-03-09,M045,P02,T02,253244.12
2025-03-09,M046,P03,T04,193167.97
2025-03-09,M047,P04,T02,258268.47
2025-03-09,M048,P01,T04,268340.37
2025-03-10,M001,P03,T03,61785.76
2025-03-10,M002,P04,T01,115874.94
2025-03-10,M003,P01,T03,99147.27
2025-03-10,M004,P02,T01,178937.61
2025-03-10,M005,P03,T03,101621.26
2025-03-10,M006,P04,T01,177440.44
2025-03-10,M007,P01,T03,136758.96
2025-03-10,M008,P02,T01,150274.82
2025-03-10,M009,P03,T03,84324.21
2025-03-10,M010,P04,T01,155728.65
2025-03-10,M011,P01,T03,135669.52
2025-03-10,M012,P02,T01,232486.11
2025-03-10,M013,P03,T03,120479.18
2025-03-10,M014,P04,T01,228809.53
2025-03-10,M015,P01,T03,108662.48
2025-03-10,M016,P02,T01,188866.73
2025-03-10,M017,P03,T03,103804.32
2025-03-10,M018,P04,T01,196751.71
2025-03-10,M019,P01,T03,162745.87
2025-03-10,M020,P02,T01,271675.12
2025-03-10,M021,P03,T03,157883.66
2025-03-10,M022,P04,T01,186645.88
2025-03-10,M023,P01,T03,137819.03
2025-03-10,M024,P02,T01,253606.46
2025-03-10,M025,P03,T03,136076.46
2025-03-10,M026,P04,T01,246142.9
2025-03-10,M027,P01,T03,174516.26
2025-03-10,M028,P02,T01,337427.6
2025-03-10,M029,P03,T03,124339.8
2025-03-10,M030,P04,T01,200627.9
2025-03-10,M031,P01,T03,171024.76
2025-03-10,M032,P02,T01,299740.12
2025-03-10,M033,P03,T03,168195.09
2025-03-10,M034,P04,T01,305146.18
2025-03-10,M035,P01,T03,212404.98
2025-03-10,M036,P02,T01,278488.04
2025-03-10,M037,P03,T03,143146.88
2025-03-10,M038,P04,T01,263871.7
2025-03-10,M039,P01,T03,205322.89
2025-03-10,M040,P02,T01,340889.59
2025-03-10,M041,P03,T03,175096.2
2025-03-10,M042,P04,T01,323199.49
2025-03-10,M043,P01,T03,177634.89
2025-03-10,M044,P02,T01,323469.86
2025-03-10,M045,P03,T03,171760.31
2025-03-10,M046,P04,T01,312022.65
2025-03-10,M047,P01,T03,231253.23
2025-03-10,M048,P02,T01,381787.74
2025-03-11,M001,P04,T04,73454.67
2025-03-11,M002,P01,T02,103668.83
2025-03-11,M003,P02,T04,131662.23
2025-03-11,M004,P03,T02,112693.71
2025-03-11,M005,P04,T04,132995.68
2025-03-11,M006,P01,T02,178285.85
2025-03-11,M007,P02,T04,195609.34
2025-03-11,M008,P03,T02,96345.08
2025-03-11,M009,P04,T04,113230.79
2025-03-11,M010,P01,T02,152100.74
2025-03-11,M011,P02,T04,174226.55
2025-03-11,M012,P03,T02,138093.63
2025-03-11,M013,P04,T04,163590.18
2025-03-11,M014,P01,T02,198510.98
2025-03-11,M015,P02,T04,136291.6
2025-03-11,M016,P03,T02,122371.24
2025-03-11,M017,P04,T04,150481.68
2025-03-11,M018,P01,T02,185200.43
2025-03-11,M019,P02,T04,231913.29
2025-03-11,M020,P03,T02,182663.95
2025-03-11,M021,P04,T04,194126.35
2025-03-11,M022,P01,T02,169090.82
2025-03-11,M023,P02,T04,185675.81
2025-03-11,M024,P03,T02,161746.15
2025-03-11,M025,P04,T04,181807.25
2025-03-11,M026,P01,T02,233573.5
2025-03-11,M027,P02,T04,267079.14
2025-03-11,M028,P03,T02,203819.31
2025-03-11,M029,P04,T04,166968.36
2025-03-11,M030,P01,T02,195407.68
2025-03-11,M031,P02,T04,240366.17
2025-03-11,M032,P03,T02,175978.67
2025-03-11,M033,P04,T04,221244.52
2025-03-11,M034,P01,T02,274179.4
2025-03-11,M035,P02,T04,288197.23
2025-03-11,M036,P03,T02,168775.68
2025-03-11,M037,P04,T04,184413.14
2025-03-11,M038,P01,T02,254201.45
2025-03-11,M039,P02,T04,250367.76
2025-03-11,M040,P03,T02,227246.86
2025-03-11,M041,P04,T04,262006.96
2025-03-11,M042,P01,T02,306406.09
2025-03-11,M043,P02,T04,246081.03
2025-03-11,M044,P03,T02,186540.68
2025-03-11,M045,P04,T04,214284.47
2025-03-11,M046,P01,T02,293139.91
2025-03-11,M047,P02,T04,298543.02
2025-03-11,M048,P03,T02,263378.03
2025-03-12,M001,P01,T01,104629.81
2025-03-12,M002,P02,T03,92996.43
2025-03-12,M003,P03,T01,119814.55
2025-03-12,M004,P04,T03,109972.87
2025-03-12,M005,P01,T01,183416.87
2025-03-12,M006,P02,T03,143536.22
2025-03-12,M007,P03,T01,174308.79
2025-03-12,M008,P04,T03,82429.06
2025-03-12,M009,P01,T01,142580.0
2025-03-12,M010,P02,T03,131514.6
2025-03-12,M011,P03,T01,145928.86
2025-03-12,M012,P04,T03,130657.93
2025-03-12,M013,P01,T01,211177.1
2025-03-12,M014,P02,T03,191448.41
2025-03-12,M015,P03,T01,125638.87
2025-03-12,M016,P04,T03,120308.79
2025-03-12,M017,P01,T01,199512.77
2025-03-12,M018,P02,T03,170993.53
2025-03-12,M019,P03,T01,203918.4
2025-03-12,M020,P04,T03,158833.37
2025-03-12,M021,P01,T01,257077.31
2025-03-12,M022,P02,T03,146158.14
2025-03-12,M023,P03,T01,163976.34
2025-03-12,M024,P04,T03,137731.46
2025-03-12,M025,P01,T01,254099.49
2025-03-12,M026,P02,T03,215722.07
2025-03-12,M027,P03,T01,222716.43
2025-03-12,M028,P04,T03,181776.18
2025-03-12,M029,P01,T01,209780.86
2025-03-12,M030,P02,T03,176180.38
2025-03-12,M031,P03,T01,215101.89
2025-03-12,M032,P04,T03,169504.37
2025-03-12,M033,P01,T01,308684.05
2025-03-12,M034,P02,T03,232216.82
2025-03-12,M035,P03,T01,244389.85
2025-03-12,M036,P04,T03,155919.14
2025-03-12,M037,P01,T01,274296.27
2025-03-12,M038,P02,T03,224235.58
2025-03-12,M039,P03,T01,239590.47
2025-03-12,M040,P04,T03,202155.72
2025-03-12,M041,P01,T01,358092.59
2025-03-12,M042,P02,T03,271176.26
2025-03-12,M043,P03,T01,210317.81
2025-03-12,M044,P04,T03,176796.56
2025-03-12,M045,P01,T01,283000.02
2025-03-12,M046,P02,T03,233203.41
2025-03-12,M047,P03,T01,298331.27
2025-03-12,M048,P04,T03,211580.14
2025-03-13,M001,P02,T02,98233.84
2025-03-13,M002,P03,T04,86022.35
2025-03-13,M003,P04,T02,112257.51
2025-03-13,M004,P01,T04,129324.18
2025-03-13,M005,P02,T02,163846.44
2025-03-13,M006,P03,T04,136404.7
2025-03-13,M007,P04,T02,173282.35
2025-03-13,M008,P01,T04,107969.65
2025-03-13,M009,P02,T02,155908.59
2025-03-13,M010,P03,T04,114754.44
2025-03-13,M011,P04,T02,143930.99
2025-03-13,M012,P01,T04,170900.62
2025-03-13,M013,P02,T02,215034.06
2025-03-13,M014,P03,T04,151026.35
2025-03-13,M015,P04,T02,136356.43
2025-03-13,M016,P01,T04,138288.22
2025-03-13,M017,P02,T02,196699.85
2025-03-13,M018,P03,T04,150006.15
2025-03-13,M019,P04,T02,176632.07
2025-03-13,M020,P01,T04,196129.82
2025-03-13,M021,P02,T02,269222.58
2025-03-13,M022,P03,T04,114739.81
2025-03-13,M023,P04,T02,170445.93
2025-03-13,M024,P01,T04,171208.8
2025-03-13,M025,P02,T02,238237.28
2025-03-13,M026,P03,T04,183046.82
2025-03-13,M027,P04,T02,219124.98
2025-03-13,M028,P01,T04,233462.72
2025-03-13,M029,P02,T02,198185.52
2025-03-13,M030,P03,T04,151277.14
2025-03-13,M031,P04,T02,190920.37
2025-03-13,M032,P01,T04,219855.59
2025-03-13,M033,P02,T02,281426.29
2025-03-13,M034,P03,T04,216193.09
2025-03-13,M035,P04,T02,269334.03
2025-03-13,M036,P01,T04,206383.88
2025-03-13,M037,P02,T02,248859.62
2025-03-13,M038,P03,T04,171333.16
2025-03-13,M039,P04,T02,254810.43
2025-03-13,M040,P01,T04,263758.57
2025-03-13,M041,P02,T02,350482.53
2025-03-13,M042,P03,T04,213957.94
2025-03-13,M043,P04,T02,222080.3
2025-03-13,M044,P01,T04,217622.3
2025-03-13,M045,P02,T02,311833.91
2025-03-13,M046,P03,T04,217814.72
2025-03-13,M047,P04,T02,270325.98
2025-03-13,M048,P01,T04,284152.59
2025-03-14,M001,P03,T03,60828.58
2025-03-14,M002,P04,T01,116156.67
2025-03-14,M003,P01,T03,103890.06
2025-03-14,M004,P02,T01,192280.49
2025-03-14,M005,P03,T03,94853.35
2025-03-14,M006,P04,T01,186792.25
2025-03-14,M007,P01,T03,149846.59
2025-03-14,M008,P02,T01,141158.68
2025-03-14,M009,P03,T03,78850.72
2025-03-14,M010,P04,T01,169795.43
2025-03-14,M011,P01,T03,120114.56
2025-03-14,M012,P02,T01,239006.65
2025-03-14,M013,P03,T03,122311.05
2025-03-14,M014,P04,T01,228859.25
2025-03-14,M015,P01,T03,99725.92
2025-03-14,M016,P02,T01,193298.19
2025-03-14,M017,P03,T03,114649.54
2025-03-14,M018,P04,T01,201209.47
2025-03-14,M019,P01,T03,146292.51
2025-03-14,M020,P02,T01,273146.41
2025-03-14,M021,P03,T03,145415.55
2025-03-14,M022,P04,T01,177520.91
2025-03-14,M023,P01,T03,132216.22
2025-03-14,M024,P02,T01,266017.78
2025-03-14,M025,P03,T03,143215.43
2025-03-14,M026,P04,T01,224026.4
2025-03-14,M027,P01,T03,192993.67
2025-03-14,M028,P02,T01,338493.28
2025-03-14,M029,P03,T03,125472.62
2025-03-14,M030,P04,T01,205935.23
2025-03-14,M031,P01,T03,167111.63
2025-03-14,M032,P02,T01,311101.33
2025-03-14,M033,P03,T03,158047.64
2025-03-14,M034,P04,T01,273090.71
2025-03-14,M035,P01,T03,220205.15
2025-03-14,M036,P02,T01,276960.69
2025-03-14,M037,P03,T03,131781.44
2025-03-14,M038,P04,T01,262359.49
2025-03-14,M039,P01,T03,204054.61
2025-03-14,M040,P02,T01,384517.16
2025-03-14,M041,P03,T03,181055.63
2025-03-14,M042,P04,T01,303349.7
2025-03-14,M043,P01,T03,186559.96
2025-03-14,M044,P02,T01,314821.98
2025-03-14,M045,P03,T03,168543.29
2025-03-14,M046,P04,T01,289425.41
2025-03-14,M047,P01,T03,217165.35
2025-03-14,M048,P02,T01,419627.08
2025-03-15,M001,P04,T04,77525.28
2025-03-15,M002,P01,T02,101221.2
2025-03-15,M003,P02,T04,123250.41
2025-03-15,M004,P03,T02,108496.35
2025-03-15,M005,P04,T04,126857.37
2025-03-15,M006,P01,T02,144524.21
2025-03-15,M007,P02,T04,188281.48
2025-03-15,M008,P03,T02,90338.22
2025-03-15,M009,P04,T04,105334.45
2025-03-15,M010,P01,T02,128333.12
2025-03-15,M011,P02,T04,162667.02
2025-03-15,M012,P03,T02,128011.94
2025-03-15,M013,P04,T04,145806.88
2025-03-15,M014,P01,T02,202220.62
2025-03-15,M015,P02,T04,135846.34
2025-03-15,M016,P03,T02,114871.53
2025-03-15,M017,P04,T04,138203.53
2025-03-15,M018,P01,T02,160061.58
2025-03-15,M019,P02,T04,178499.43
2025-03-15,M020,P03,T02,146905.85
2025-03-15,M021,P04,T04,190090.54
2025-03-15,M022,P01,T02,153001.62
2025-03-15,M023,P02,T04,174055.18
2025-03-15,M024,P03,T02,135733.46
2025-03-15,M025,P04,T04,164351.43
2025-03-15,M026,P01,T02,194300.08
2025-03-15,M027,P02,T04,247556.99
2025-03-15,M028,P03,T02,198625.22
2025-03-15,M029,P04,T04,151104.98
2025-03-15,M030,P01,T02,183997.84
2025-03-15,M031,P02,T04,202295.19
2025-03-15,M032,P03,T02,181555.38
2025-03-15,M033,P04,T04,200636.91
2025-03-15,M034,P01,T02,250605.02
2025-03-15,M035,P02,T04,279736.24
2025-03-15,M036,P03,T02,145015.1
2025-03-15,M037,P04,T04,180940.15
2025-03-15,M038,P01,T02,201933.03
2025-03-15,M039,P02,T04,257769.78
2025-03-15,M040,P03,T02,182693.31
2025-03-15,M041,P04,T04,209271.4
2025-03-15,M042,P01,T02,288324.26
2025-03-15,M043,P02,T04,207552.05
2025-03-15,M044,P03,T02,183730.38
2025-03-15,M045,P04,T04,198762.78
2025-03-15,M046,P01,T02,261011.64
2025-03-15,M047,P02,T04,280440.2
2025-03-15,M048,P03,T02,213256.06
2025-03-16,M001,P01,T01,95704.15
2025-03-16,M002,P02,T03,83995.27
2025-03-16,M003,P03,T01,110943.1
2025-03-16,M004,P04,T03,89783.09
2025-03-16,M005,P01,T01,159389.98
2025-03-16,M006,P02,T03,136723.18
2025-03-16,M007,P03,T01,170534.0
2025-03-16,M008,P04,T03,70006.51
2025-03-16,M009,P01,T01,145088.69
2025-03-16,M010,P02,T03,124509.67
2025-03-16,M011,P03,T01,137276.62
2025-03-16,M012,P04,T03,114715.13
2025-03-16,M013,P01,T01,189161.22
2025-03-16,M014,P02,T03,156245.6
2025-03-16,M015,P03,T01,117354.6
2025-03-16,M016,P04,T03,101507.44
2025-03-16,M017,P01,T01,177258.92
2025-03-16,M018,P02,T03,156741.43
2025-03-16,M019,P03,T01,167497.9
2025-03-16,M020,P04,T03,153892.09
2025-03-16,M021,P01,T01,259605.74
2025-03-16,M022,P02,T03,125812.64
2025-03-16,M023,P03,T01,145068.71
2025-03-16,M024,P04,T03,119766.48
2025-03-16,M025,P01,T01,204536.59
2025-03-16,M026,P02,T03,183616.24
2025-03-16,M027,P03,T01,200723.87
2025-03-16,M028,P04,T03,181940.17
2025-03-16,M029,P01,T01,180975.29
2025-03-16,M030,P02,T03,164906.58
2025-03-16,M031,P03,T01,180531.45
2025-03-16,M032,P04,T03,161534.65
2025-03-16,M033,P01,T01,263633.02
2025-03-16,M034,P02,T03,206907.61
2025-03-16,M035,P03,T01,239874.0
2025-03-16,M036,P04,T03,134664.03
2025-03-16,M037,P01,T01,238598.4
2025-03-16,M038,P02,T03,177716.56
2025-03-16,M039,P03,T01,221140.15
2025-03-16,M040,P04,T03,168790.4
2025-03-16,M041,P01,T01,314074.99
2025-03-16,M042,P02,T03,240871.06
2025-03-16,M043,P03,T01,206737.68
2025-03-16,M044,P04,T03,152396.01
2025-03-16,M045,P01,T01,260678.87
2025-03-16,M046,P02,T03,227576.49
2025-03-16,M047,P03,T01,242960.66
2025-03-16,M048,P04,T03,210432.58
2025-03-17,M001,P02,T02,97236.61
2025-03-17,M002,P03,T04,77393.46
2025-03-17,M003,P04,T02,106010.89
2025-03-17,M004,P01,T04,130722.12
2025-03-17,M005,P02,T02,164535.55
2025-03-17,M006,P03,T04,120823.71
2025-03-17,M007,P04,T02,160591.53
2025-03-17,M008,P01,T04,98847.83
2025-03-17,M009,P02,T02,139882.69
2025-03-17,M010,P03,T04,109107.64
2025-03-17,M011,P04,T02,157532.33
2025-03-17,M012,P01,T04,161718.2
2025-03-17,M013,P02,T02,233909.92
2025-03-17,M014,P03,T04,155159.35
2025-03-17,M015,P04,T02,124941.87
2025-03-17,M016,P01,T04,147481.04
2025-03-17,M017,P02,T02,189506.85
2025-03-17,M018,P03,T04,140184.14
2025-03-17,M019,P04,T02,200501.5
2025-03-17,M020,P01,T04,199575.04
2025-03-17,M021,P02,T02,248797.09
2025-03-17,M022,P03,T04,130450.95
2025-03-17,M023,P04,T02,152915.92
2025-03-17,M024,P01,T04,174677.11
2025-03-17,M025,P02,T02,241098.29
2025-03-17,M026,P03,T04,182470.04
2025-03-17,M027,P04,T02,226337.21
2025-03-17,M028,P01,T04,238393.99
2025-03-17,M029,P02,T02,208377.86
2025-03-17,M030,P03,T04,147616.48
2025-03-17,M031,P04,T02,216703.95
2025-03-17,M032,P01,T04,199846.28
2025-03-17,M033,P02,T02,290199.4
2025-03-17,M034,P03,T04,188266.85
2025-03-17,M035,P04,T02,276099.18
2025-03-17,M036,P01,T04,182841.51
2025-03-17,M037,P02,T02,252337.93
2025-03-17,M038,P03,T04,191089.69
2025-03-17,M039,P04,T02,224300.27
2025-03-17,M040,P01,T04,235797.93
2025-03-17,M041,P02,T02,312456.73
2025-03-17,M042,P03,T04,233125.67
2025-03-17,M043,P04,T02,223036.11
2025-03-17,M044,P01,T04,236259.11
2025-03-17,M045,P02,T02,281979.31
2025-03-17,M046,P03,T04,210727.67
2025-03-17,M047,P04,T02,281183.73
2025-03-17,M048,P01,T04,294884.22
2025-03-18,M001,P03,T03,56352.28
2025-03-18,M002,P04,T01,111717.68
2025-03-18,M003,P01,T03,99868.56
2025-03-18,M004,P02,T01,181985.01
2025-03-18,M005,P03,T03,99044.89
2025-03-18,M006,P04,T01,186283.71
2025-03-18,M007,P01,T03,136975.79
2025-03-18,M008,P02,T01,154213.21
2025-03-18,M009,P03,T03,84531.25
2025-03-18,M010,P04,T01,150283.81
2025-03-18,M011,P01,T03,136452.36
2025-03-18,M012,P02,T01,252594.58
2025-03-18,M013,P03,T03,117831.06
2025-03-18,M014,P04,T01,226001.32
2025-03-18,M015,P01,T03,100518.28
2025-03-18,M016,P02,T01,206367.68
2025-03-18,M017,P03,T03,104260.08
2025-03-18,M018,P04,T01,195421.44
2025-03-18,M019,P01,T03,151139.12
2025-03-18,M020,P02,T01,271096.28
2025-03-18,M021,P03,T03,150294.08
2025-03-18,M022,P04,T01,174603.78
2025-03-18,M023,P01,T03,149487.23
2025-03-18,M024,P02,T01,250173.66
2025-03-18,M025,P03,T03,136039.99
2025-03-18,M026,P04,T01,245503.25
2025-03-18,M027,P01,T03,180372.61
2025-03-18,M028,P02,T01,317085.08
2025-03-18,M029,P03,T03,110877.35
2025-03-18,M030,P04,T01,219670.71
2025-03-18,M031,P01,T03,158449.99
2025-03-18,M032,P02,T01,296067.67
2025-03-18,M033,P03,T03,160092.37
2025-03-18,M034,P04,T01,267407.41
2025-03-18,M035,P01,T03,230364.9
2025-03-18,M036,P02,T01,258486.2
2025-03-18,M037,P03,T03,144628.2
2025-03-18,M038,P04,T01,268994.08
2025-03-18,M039,P01,T03,205052.0
2025-03-18,M040,P02,T01,331381.99
2025-03-18,M041,P03,T03,189560.46
2025-03-18,M042,P04,T01,307336.32
2025-03-18,M043,P01,T03,180780.82
2025-03-18,M044,P02,T01,311297.43
2025-03-18,M045,P03,T03,166414.53
2025-03-18,M046,P04,T01,291120.9
2025-03-18,M047,P01,T03,221422.38
2025-03-18,M048,P02,T01,382101.24
2025-03-19,M001,P04,T04,84342.32
2025-03-19,M002,P01,T02,106926.45
2025-03-19,M003,P02,T04,124903.33
2025-03-19,M004,P03,T02,106983.89
2025-03-19,M005,P04,T04,134224.87
2025-03-19,M006,P01,T02,176453.02
2025-03-19,M007,P02,T04,211170.79
2025-03-19,M008,P03,T02,86751.07
2025-03-19,M009,P04,T04,122547.53
2025-03-19,M010,P01,T02,153875.71
2025-03-19,M011,P02,T04,182228.56
2025-03-19,M012,P03,T02,135318.46
2025-03-19,M013,P04,T04,181520.82
2025-03-19,M014,P01,T02,195776.42
2025-03-19,M015,P02,T04,156785.08
2025-03-19,M016,P03,T02,129427.51
2025-03-19,M017,P04,T04,158072.05
2025-03-19,M018,P01,T02,195858.53
2025-03-19,M019,P02,T04,201952.41
2025-03-19,M020,P03,T02,173037.73
2025-03-19,M021,P04,T04,212416.03
2025-03-19,M022,P01,T02,158602.16
2025-03-19,M023,P02,T04,203300.39
2025-03-19,M024,P03,T02,145608.19
2025-03-19,M025,P04,T04,179249.57
2025-03-19,M026,P01,T02,233811.42
2025-03-19,M027,P02,T04,268923.93
2025-03-19,M028,P03,T02,192156.84
2025-03-19,M029,P04,T04,148422.85
2025-03-19,M030,P01,T02,194753.66
2025-03-19,M031,P02,T04,212592.13
2025-03-19,M032,P03,T02,197086.39
2025-03-19,M033,P04,T04,224474.54
2025-03-19,M034,P01,T02,284301.4
2025-03-19,M035,P02,T04,319330.3
2025-03-19,M036,P03,T02,154518.57
2025-03-19,M037,P04,T04,203438.37
2025-03-19,M038,P01,T02,251370.71
2025-03-19,M039,P02,T04,271953.14
2025-03-19,M040,P03,T02,203071.14
2025-03-19,M041,P04,T04,249215.63
2025-03-19,M042,P01,T02,305073.23
2025-03-19,M043,P02,T04,233683.78
2025-03-19,M044,P03,T02,213999.63
2025-03-19,M045,P04,T04,244423.49
2025-03-19,M046,P01,T02,268506.81
2025-03-19,M047,P02,T04,323478.89
2025-03-19,M048,P03,T02,269895.23
2025-03-20,M001,P01,T01,101558.68
2025-03-20,M002,P02,T03,100868.21
2025-03-20,M003,P03,T01,121771.08
2025-03-20,M004,P04,T03,99584.52
2025-03-20,M005,P01,T01,178109.82
2025-03-20,M006,P02,T03,157361.97
2025-03-20,M007,P03,T01,186497.6
2025-03-20,M008,P04,T03,83672.89
2025-03-20,M009,P01,T01,150292.38
2025-03-20,M010,P02,T03,139555.1
2025-03-20,M011,P03,T01,146570.01
2025-03-20,M012,P04,T03,134763.67
2025-03-20,M013,P01,T01,239563.04
2025-03-20,M014,P02,T03,186717.33
2025-03-20,M015,P03,T01,128408.49
2025-03-20,M016,P04,T03,105909.93
2025-03-20,M017,P01,T01,188364.33
2025-03-20,M018,P02,T03,172611.95
2025-03-20,M019,P03,T01,184613.62
2025-03-20,M020,P04,T03,158355.97
2025-03-20,M021,P01,T01,257817.15
2025-03-20,M022,P02,T03,153127.82
2025-03-20,M023,P03,T01,174531.29
2025-03-20,M024,P04,T03,145452.33
2025-03-20,M025,P01,T01,242565.86
2025-03-20,M026,P02,T03,204126.62
2025-03-20,M027,P03,T01,239570.54
2025-03-20,M028,P04,T03,193214.07
2025-03-20,M029,P01,T01,209696.99
2025-03-20,M030,P02,T03,181095.37
2025-03-20,M031,P03,T01,192151.12
2025-03-20,M032,P04,T03,160508.16
2025-03-20,M033,P01,T01,275081.83
2025-03-20,M034,P02,T03,225636.1
2025-03-20,M035,P03,T01,260013.1
2025-03-20,M036,P04,T03,144987.25
2025-03-20,M037,P01,T01,243897.48
2025-03-20,M038,P02,T03,199772.55
2025-03-20,M039,P03,T01,235171.24
2025-03-20,M040,P04,T03,209397.41
2025-03-20,M041,P01,T01,313849.37
2025-03-20,M042,P02,T03,252920.5
2025-03-20,M043,P03,T01,199446.99
2025-03-20,M044,P04,T03,194210.79
2025-03-20,M045,P01,T01,281163.68
2025-03-20,M046,P02,T03,231438.57
2025-03-20,M047,P03,T01,272816.13
2025-03-20,M048,P04,T03,244618.33
2025-03-21,M001,P02,T02,105594.19
2025-03-21,M002,P03,T04,86691.66
2025-03-21,M003,P04,T02,105698.65
2025-03-21,M004,P01,T04,123344.28
2025-03-21,M005,P02,T02,180810.74
2025-03-21,M006,P03,T04,120438.04
2025-03-21,M007,P04,T02,167547.92
2025-03-21,M008,P01,T04,115241.06
2025-03-21,M009,P02,T02,145231.9
2025-03-21,M010,P03,T04,107033.81
2025-03-21,M011,P04,T02,162407.98
2025-03-21,M012,P01,T04,170535.99
2025-03-21,M013,P02,T02,238134.6
2025-03-21,M014,P03,T04,164634.33
2025-03-21,M015,P04,T02,122396.81
2025-03-21,M016,P01,T04,140348.81
2025-03-21,M017,P02,T02,192436.62
2025-03-21,M018,P03,T04,143664.82
2025-03-21,M019,P04,T02,179005.2
2025-03-21,M020,P01,T04,199278.89
2025-03-21,M021,P02,T02,286408.54
2025-03-21,M022,P03,T04,125761.77
2025-03-21,M023,P04,T02,151812.35
2025-03-21,M024,P01,T04,193501.71
2025-03-21,M025,P02,T02,231404.04
2025-03-21,M026,P03,T04,183590.61
2025-03-21,M027,P04,T02,224456.1
2025-03-21,M028,P01,T04,227339.88
2025-03-21,M029,P02,T02,217831.62
2025-03-21,M030,P03,T04,148665.01
2025-03-21,M031,P04,T02,216140.91
2025-03-21,M032,P01,T04,209311.53
2025-03-21,M033,P02,T02,290331.2
2025-03-21,M034,P03,T04,208230.92
2025-03-21,M035,P04,T02,240157.59
2025-03-21,M036,P01,T04,207968.25
2025-03-21,M037,P02,T02,271151.33
2025-03-21,M038,P03,T04,188920.77
2025-03-21,M039,P04,T02,238207.96
2025-03-21,M040,P01,T04,263208.33
2025-03-21,M041,P02,T02,335418.87
2025-03-21,M042,P03,T04,217123.53
2025-03-21,M043,P04,T02,227711.11
2025-03-21,M044,P01,T04,233714.35
2025-03-21,M045,P02,T02,280235.72
2025-03-21,M046,P03,T04,208003.9
2025-03-21,M047,P04,T02,291555.26
2025-03-21,M048,P01,T04,292533.94
2025-03-22,M001,P03,T03,55157.78
2025-03-22,M002,P04,T01,104807.87
2025-03-22,M003,P01,T03,82691.89
2025-03-22,M004,P02,T01,175663.46
2025-03-22,M005,P03,T03,82845.5
2025-03-22,M006,P04,T01,173463.92
2025-03-22,M007,P01,T03,135376.84
2025-03-22,M008,P02,T01,129761.36
2025-03-22,M009,P03,T03,77829.86
2025-03-22,M010,P04,T01,147084.95
2025-03-22,M011,P01,T03,111664.34
2025-03-22,M012,P02,T01,197773.64
2025-03-22,M013,P03,T03,117747.57
2025-03-22,M014,P04,T01,196827.05
2025-03-22,M015,P01,T03,99296.75
2025-03-22,M016,P02,T01,194469.94
2025-03-22,M017,P03,T03,98429.91
2025-03-22,M018,P04,T01,171624.89
2025-03-22,M019,P01,T03,145327.99
2025-03-22,M020,P02,T01,250533.99
2025-03-22,M021,P03,T03,133283.64
2025-03-22,M022,P04,T01,150398.38
2025-03-22,M023,P01,T03,134164.1
2025-03-22,M024,P02,T01,239158.33
2025-03-22,M025,P03,T03,111470.77
2025-03-22,M026,P04,T01,218708.56
2025-03-22,M027,P01,T03,166054.27
2025-03-22,M028,P02,T01,295305.55
2025-03-22,M029,P03,T03,104738.54
2025-03-22,M030,P04,T01,179571.15
2025-03-22,M031,P01,T03,146911.38
2025-03-22,M032,P02,T01,275990.67
2025-03-22,M033,P03,T03,139088.19
2025-03-22,M034,P04,T01,275673.88
2025-03-22,M035,P01,T03,191626.46
2025-03-22,M036,P02,T01,243831.89
2025-03-22,M037,P03,T03,119359.04
2025-03-22,M038,P04,T01,217065.98
2025-03-22,M039,P01,T03,170734.8
2025-03-22,M040,P02,T01,311909.52
2025-03-22,M041,P03,T03,156281.93
2025-03-22,M042,P04,T01,308989.8
2025-03-22,M043,P01,T03,171968.98
2025-03-22,M044,P02,T01,299996.32
2025-03-22,M045,P03,T03,148436.55
2025-03-22,M046,P04,T01,280131.86
2025-03-22,M047,P01,T03,215542.36
2025-03-22,M048,P02,T01,344858.11
2025-03-23,M001,P04,T04,74562.07
2025-03-23,M002,P01,T02,90578.22
2025-03-23,M003,P02,T04,119480.78
2025-03-23,M004,P03,T02,96732.73
2025-03-23,M005,P04,T04,125254.02
2025-03-23,M006,P01,T02,142325.44
2025-03-23,M007,P02,T04,182252.99
2025-03-23,M008,P03,T02,89180.79
2025-03-23,M009,P04,T04,97579.12
2025-03-23,M010,P01,T02,124268.91
2025-03-23,M011,P02,T04,152415.48
2025-03-23,M012,P03,T02,138210.06
2025-03-23,M013,P04,T04,163443.51
2025-03-23,M014,P01,T02,183921.42
2025-03-23,M015,P02,T04,135523.42
2025-03-23,M016,P03,T02,114796.7
2025-03-23,M017,P04,T04,126123.16
2025-03-23,M018,P01,T02,162912.42
2025-03-23,M019,P02,T04,185826.04
2025-03-23,M020,P03,T02,157152.82
2025-03-23,M021,P04,T04,184936.39
2025-03-23,M022,P01,T02,152651.66
2025-03-23,M023,P02,T04,182831.6
2025-03-23,M024,P03,T02,145994.73
2025-03-23,M025,P04,T04,166263.86
2025-03-23,M026,P01,T02,208572.04
2025-03-23,M027,P02,T04,224385.07
2025-03-23,M028,P03,T02,194571.27
2025-03-23,M029,P04,T04,155867.34
2025-03-23,M030,P01,T02,177262.64
2025-03-23,M031,P02,T04,209025.97
2025-03-23,M032,P03,T02,159102.5
2025-03-23,M033,P04,T04,191150.8
2025-03-23,M034,P01,T02,256241.96
2025-03-23,M035,P02,T04,256548.12
2025-03-23,M036,P03,T02,142827.41
2025-03-23,M037,P04,T04,167385.77
2025-03-23,M038,P01,T02,203840.89
2025-03-23,M039,P02,T04,229598.16
2025-03-23,M040,P03,T02,192626.93
2025-03-23,M041,P04,T04,216985.22
2025-03-23,M042,P01,T02,275957.82
2025-03-23,M043,P02,T04,215000.61
2025-03-23,M044,P03,T02,190577.13
2025-03-23,M045,P04,T04,194137.4
2025-03-23,M046,P01,T02,258369.85
2025-03-23,M047,P02,T04,281684.76
2025-03-23,M048,P03,T02,221329.7
2025-03-24,M001,P01,T01,99058.76
2025-03-24,M002,P02,T03,101156.21
2025-03-24,M003,P03,T01,110536.9
2025-03-24,M004,P04,T03,97016.19
2025-03-24,M005,P01,T01,186427.07
2025-03-24,M006,P02,T03,140764.21
2025-03-24,M007,P03,T01,175150.29
2025-03-24,M008,P04,T03,80007.7
2025-03-24,M009,P01,T01,153749.14
2025-03-24,M010,P02,T03,129565.32
2025-03-24,M011,P03,T01,145422.83
2025-03-24,M012,P04,T03,136244.28
2025-03-24,M013,P01,T01,235352.65
2025-03-24,M014,P02,T03,183596.12
2025-03-24,M015,P03,T01,127891.54
2025-03-24,M016,P04,T03,114010.54
2025-03-24,M017,P01,T01,202328.99
2025-03-24,M018,P02,T03,175300.79
2025-03-24,M019,P03,T01,204158.46
2025-03-24,M020,P04,T03,161891.43
2025-03-24,M021,P01,T01,285150.77
2025-03-24,M022,P02,T03,147760.16
2025-03-24,M023,P03,T01,167179.27
2025-03-24,M024,P04,T03,140260.51
2025-03-24,M025,P01,T01,248917.64
2025-03-24,M026,P02,T03,186028.77
2025-03-24,M027,P03,T01,211560.7
2025-03-24,M028,P04,T03,199371.7
2025-03-24,M029,P01,T01,202859.63
2025-03-24,M030,P02,T03,179230.74
2025-03-24,M031,P03,T01,210480.87
2025-03-24,M032,P04,T03,178394.38
2025-03-24,M033,P01,T01,283300.1
2025-03-24,M034,P02,T03,254431.18
2025-03-24,M035,P03,T01,272976.0
2025-03-24,M036,P04,T03,159907.25
2025-03-24,M037,P01,T01,269534.74
2025-03-24,M038,P02,T03,198345.1
2025-03-24,M039,P03,T01,253278.77
2025-03-24,M040,P04,T03,189757.46
2025-03-24,M041,P01,T01,325367.35
2025-03-24,M042,P02,T03,251281.43
2025-03-24,M043,P03,T01,230859.99
2025-03-24,M044,P04,T03,165697.15
2025-03-24,M045,P01,T01,295941.47
2025-03-24,M046,P02,T03,255172.29
2025-03-24,M047,P03,T01,267774.02
2025-03-24,M048,P04,T03,244559.03
2025-03-25,M001,P02,T02,99203.19
2025-03-25,M002,P03,T04,85325.9
2025-03-25,M003,P04,T02,117200.38
2025-03-25,M004,P01,T04,125088.72
2025-03-25,M005,P02,T02,183392.16
2025-03-25,M006,P03,T04,121768.61
2025-03-25,M007,P04,T02,184282.03
2025-03-25,M008,P01,T04,111153.29
2025-03-25,M009,P02,T02,152297.33
2025-03-25,M010,P03,T04,106517.12
2025-03-25,M011,P04,T02,149941.28
2025-03-25,M012,P01,T04,163525.14
2025-03-25,M013,P02,T02,212261.85
2025-03-25,M014,P03,T04,161817.14
2025-03-25,M015,P04,T02,117883.22
2025-03-25,M016,P01,T04,144686.28
2025-03-25,M017,P02,T02,199602.51
2025-03-25,M018,P03,T04,144330.08
2025-03-25,M019,P04,T02,196279.75
2025-03-25,M020,P01,T04,214219.97
2025-03-25,M021,P02,T02,270555.46
2025-03-25,M022,P03,T04,115162.24
2025-03-25,M023,P04,T02,163025.12
2025-03-25,M024,P01,T04,172876.2
2025-03-25,M025,P02,T02,228185.91
2025-03-25,M026,P03,T04,160198.55
2025-03-25,M027,P04,T02,230712.28
2025-03-25,M028,P01,T04,258410.81
2025-03-25,M029,P02,T02,214027.29
2025-03-25,M030,P03,T04,158526.15
2025-03-25,M031,P04,T02,215388.01
2025-03-25,M032,P01,T04,234035.25
2025-03-25,M033,P02,T02,290859.26
2025-03-25,M034,P03,T04,186898.95
2025-03-25,M035,P04,T02,279441.91
2025-03-25,M036,P01,T04,185515.25
2025-03-25,M037,P02,T02,241919.47
2025-03-25,M038,P03,T04,179172.92
2025-03-25,M039,P04,T02,248994.78
2025-03-25,M040,P01,T04,248413.34
2025-03-25,M041,P02,T02,302521.66
2025-03-25,M042,P03,T04,216457.54
2025-03-25,M043,P04,T02,216296.14
2025-03-25,M044,P01,T04,213074.79
2025-03-25,M045,P02,T02,313282.12
2025-03-25,M046,P03,T04,215073.06
2025-03-25,M047,P04,T02,277215.74
2025-03-25,M048,P01,T04,286215.57
2025-03-26,M001,P03,T03,55555.93
2025-03-26,M002,P04,T01,119636.79
2025-03-26,M003,P01,T03,91597.24
2025-03-26,M004,P02,T01,174474.86
2025-03-26,M005,P03,T03,101446.14
2025-03-26,M006,P04,T01,187446.25
2025-03-26,M007,P01,T03,157911.24
2025-03-26,M008,P02,T01,141140.22
2025-03-26,M009,P03,T03,79966.25
2025-03-26,M010,P04,T01,170696.79
2025-03-26,M011,P01,T03,134710.88
2025-03-26,M012,P02,T01,235040.45
2025-03-26,M013,P03,T03,119805.65
2025-03-26,M014,P04,T01,216767.87
2025-03-26,M015,P01,T03,103778.33
2025-03-26,M016,P02,T01,194874.97
2025-03-26,M017,P03,T03,103624.45
2025-03-26,M018,P04,T01,195493.35
2025-03-26,M019,P01,T03,167597.21
2025-03-26,M020,P02,T01,309075.42
2025-03-26,M021,P03,T03,151328.34
2025-03-26,M022,P04,T01,184723.02
2025-03-26,M023,P01,T03,137695.08
2025-03-26,M024,P02,T01,239183.42
2025-03-26,M025,P03,T03,131990.09
2025-03-26,M026,P04,T01,258212.23
2025-03-26,M027,P01,T03,176974.54
2025-03-26,M028,P02,T01,356912.45
2025-03-26,M029,P03,T03,122583.02
2025-03-26,M030,P04,T01,199521.12
2025-03-26,M031,P01,T03,159441.75
2025-03-26,M032,P02,T01,294940.7
2025-03-26,M033,P03,T03,156684.07
2025-03-26,M034,P04,T01,263603.86
2025-03-26,M035,P01,T03,231711.83
2025-03-26,M036,P02,T01,294069.11
2025-03-26,M037,P03,T03,142976.65
2025-03-26,M038,P04,T01,242031.98
2025-03-26,M039,P01,T03,214914.27
2025-03-26,M040,P02,T01,365299.63
2025-03-26,M041,P03,T03,171835.28
2025-03-26,M042,P04,T01,348812.57
2025-03-26,M043,P01,T03,183079.49
2025-03-26,M044,P02,T01,314358.92
2025-03-26,M045,P03,T03,155918.83
2025-03-26,M046,P04,T01,309006.33
2025-03-26,M047,P01,T03,238800.22
2025-03-26,M048,P02,T01,440651.61
2025-03-27,M001,P04,T04,85233.53
2025-03-27,M002,P01,T02,102346.86
2025-03-27,M003,P02,T04,130421.62
2025-03-27,M004,P03,T02,119066.67
2025-03-27,M005,P04,T04,145182.03
2025-03-27,M006,P01,T02,162307.93
2025-03-27,M007,P02,T04,201341.75
2025-03-27,M008,P03,T02,86234.81
2025-03-27,M009,P04,T04,115519.32
2025-03-27,M010,P01,T02,148058.15
2025-03-27,M011,P02,T04,170236.38
2025-03-27,M012,P03,T02,145802.61
2025-03-27,M013,P04,T04,160720.22
2025-03-27,M014,P01,T02,218879.48
2025-03-27,M015,P02,T04,157177.01
2025-03-27,M016,P03,T02,130407.62
2025-03-27,M017,P04,T04,157115.25
2025-03-27,M018,P01,T02,184211.39
2025-03-27,M019,P02,T04,211390.0
2025-03-27,M020,P03,T02,162240.14
2025-03-27,M021,P04,T04,219460.12
2025-03-27,M022,P01,T02,162048.15
2025-03-27,M023,P02,T04,198820.85
2025-03-27,M024,P03,T02,160090.27
2025-03-27,M025,P04,T04,175017.6
2025-03-27,M026,P01,T02,233230.92
2025-03-27,M027,P02,T04,250401.77
2025-03-27,M028,P03,T02,221745.27
2025-03-27,M029,P04,T04,168625.62
2025-03-27,M030,P01,T02,202572.05
2025-03-27,M031,P02,T04,237991.66
2025-03-27,M032,P03,T02,180782.39
2025-03-27,M033,P04,T04,220468.11
2025-03-27,M034,P01,T02,273435.5
2025-03-27,M035,P02,T04,292756.81
2025-03-27,M036,P03,T02,171066.68
2025-03-27,M037,P04,T04,209666.86
2025-03-27,M038,P01,T02,257557.79
2025-03-27,M039,P02,T04,281035.35
2025-03-27,M040,P03,T02,205021.32
2025-03-27,M041,P04,T04,265109.46
2025-03-27,M042,P01,T02,325860.17
2025-03-27,M043,P02,T04,254279.6
2025-03-27,M044,P03,T02,214317.7
2025-03-27,M045,P04,T04,245976.12
2025-03-27,M046,P01,T02,290254.03
2025-03-27,M047,P02,T04,328735.6
2025-03-27,M048,P03,T02,269335.86
2025-03-28,M001,P01,T01,111695.32
2025-03-28,M002,P02,T03,88917.61
2025-03-28,M003,P03,T01,116946.62
2025-03-28,M004,P04,T03,102023.49
2025-03-28,M005,P01,T01,171963.73
2025-03-28,M006,P02,T03,149911.73
2025-03-28,M007,P03,T01,176281.09
2025-03-28,M008,P04,T03,86882.91
2025-03-28,M009,P01,T01,149104.62
2025-03-28,M010,P02,T03,122972.15
2025-03-28,M011,P03,T01,156393.12
2025-03-28,M012,P04,T03,125513.4
2025-03-28,M013,P01,T01,232602.13
2025-03-28,M014,P02,T03,185353.22
2025-03-28,M015,P03,T01,131983.55
2025-03-28,M016,P04,T03,116364.0
2025-03-28,M017,P01,T01,201195.31
2025-03-28,M018,P02,T03,162191.87
2025-03-28,M019,P03,T01,187427.72
2025-03-28,M020,P04,T03,162321.74
2025-03-28,M021,P01,T01,277365.47
2025-03-28,M022,P02,T03,136030.2
2025-03-28,M023,P03,T01,170828.76
2025-03-28,M024,P04,T03,144348.95
2025-03-28,M025,P01,T01,236570.66
2025-03-28,M026,P02,T03,203741.36
2025-03-28,M027,P03,T01,240629.72
2025-03-28,M028,P04,T03,200932.29
2025-03-28,M029,P01,T01,220530.85
2025-03-28,M030,P02,T03,170237.89
2025-03-28,M031,P03,T01,218044.87
2025-03-28,M032,P04,T03,161037.57
2025-03-28,M033,P01,T01,271645.15
2025-03-28,M034,P02,T03,231594.32
2025-03-28,M035,P03,T01,273582.37
2025-03-28,M036,P04,T03,158933.74
2025-03-28,M037,P01,T01,247396.44
2025-03-28,M038,P02,T03,197796.91
2025-03-28,M039,P03,T01,246511.43
2025-03-28,M040,P04,T03,183663.82
2025-03-28,M041,P01,T01,357150.33
2025-03-28,M042,P02,T03,250344.68
2025-03-28,M043,P03,T01,226596.64
2025-03-28,M044,P04,T03,179875.14
2025-03-28,M045,P01,T01,312234.37
2025-03-28,M046,P02,T03,236115.81
2025-03-28,M047,P03,T01,278491.89
2025-03-28,M048,P04,T03,224109.39
2025-03-29,M001,P02,T02,86495.41
2025-03-29,M002,P03,T04,70559.44
2025-03-29,M003,P04,T02,109506.74
2025-03-29,M004,P01,T04,121640.95
2025-03-29,M005,P02,T02,155887.36
2025-03-29,M006,P03,T04,108822.91
2025-03-29,M007,P04,T02,167664.73
2025-03-29,M008,P01,T04,99645.24
2025-03-29,M009,P02,T02,127698.56
2025-03-29,M010,P03,T04,98372.12
2025-03-29,M011,P04,T02,139387.57
2025-03-29,M012,P01,T04,155292.42
2025-03-29,M013,P02,T02,207880.42
2025-03-29,M014,P03,T04,134495.81
2025-03-29,M015,P04,T02,111039.09
2025-03-29,M016,P01,T04,125761.1
2025-03-29,M017,P02,T02,161848.94
2025-03-29,M018,P03,T04,125092.46
2025-03-29,M019,P04,T02,157781.46
2025-03-29,M020,P01,T04,196733.61
2025-03-29,M021,P02,T02,236492.72
2025-03-29,M022,P03,T04,107577.61
2025-03-29,M023,P04,T02,156499.16
2025-03-29,M024,P01,T04,154164.59
2025-03-29,M025,P02,T02,218563.95
2025-03-29,M026,P03,T04,164681.51
2025-03-29,M027,P04,T02,203910.21
2025-03-29,M028,P01,T04,227645.24
2025-03-29,M029,P02,T02,188768.12
2025-03-29,M030,P03,T04,143936.51
2025-03-29,M031,P04,T02,181219.19
2025-03-29,M032,P01,T04,181478.94
2025-03-29,M033,P02,T02,267874.41
2025-03-29,M034,P03,T04,182075.35
2025-03-29,M035,P04,T02,230933.92
2025-03-29,M036,P01,T04,175263.04
2025-03-29,M037,P02,T02,218254.49
2025-03-29,M038,P03,T04,163376.46
2025-03-29,M039,P04,T02,198177.73
2025-03-29,M040,P01,T04,241127.08
2025-03-29,M041,P02,T02,297131.87
2025-03-29,M042,P03,T04,220884.69
2025-03-29,M043,P04,T02,189295.59
2025-03-29,M044,P01,T04,224091.6
2025-03-29,M045,P02,T02,254526.35
2025-03-29,M046,P03,T04,195032.02
2025-03-29,M047,P04,T02,249274.92
2025-03-29,M048,P01,T04,262208.25
2025-03-30,M001,P03,T03,55254.97
2025-03-30,M002,P04,T01,96876.85
2025-03-30,M003,P01,T03,81288.85
2025-03-30,M004,P02,T01,159065.3
2025-03-30,M005,P03,T03,91993.35
2025-03-30,M006,P04,T01,171652.99
2025-03-30,M007,P01,T03,128582.13
2025-03-30,M008,P02,T01,127196.56
2025-03-30,M009,P03,T03,80788.33
2025-03-30,M010,P04,T01,143860.73
2025-03-30,M011,P01,T03,113583.12
2025-03-30,M012,P02,T01,216685.51
2025-03-30,M013,P03,T03,116495.15
2025-03-30,M014,P04,T01,219638.29
2025-03-30,M015,P01,T03,94742.0
2025-03-30,M016,P02,T01,179139.72
2025-03-30,M017,P03,T03,96399.52
2025-03-30,M018,P04,T01,171328.88
2025-03-30,M019,P01,T03,141989.26
2025-03-30,M020,P02,T01,260117.42
2025-03-30,M021,P03,T03,134283.9
2025-03-30,M022,P04,T01,158292.34
2025-03-30,M023,P01,T03,125416.99
2025-03-30,M024,P02,T01,215964.81
2025-03-30,M025,P03,T03,116283.28
2025-03-30,M026,P04,T01,235883.81
2025-03-30,M027,P01,T03,158853.55
2025-03-30,M028,P02,T01,296996.26
2025-03-30,M029,P03,T03,101113.35
2025-03-30,M030,P04,T01,207571.71
2025-03-30,M031,P01,T03,143447.4
2025-03-30,M032,P02,T01,255899.36
2025-03-30,M033,P03,T03,140814.86
2025-03-30,M034,P04,T01,259157.1
2025-03-30,M035,P01,T03,201693.54
2025-03-30,M036,P02,T01,236769.33
2025-03-30,M037,P03,T03,135045.2
2025-03-30,M038,P04,T01,216799.33
2025-03-30,M039,P01,T03,184072.94
2025-03-30,M040,P02,T01,328885.08
2025-03-30,M041,P03,T03,172202.31
2025-03-30,M042,P04,T01,304830.61
2025-03-30,M043,P01,T03,158360.5
2025-03-30,M044,P02,T01,288873.32
2025-03-30,M045,P03,T03,145064.96
2025-03-30,M046,P04,T01,288745.04
2025-03-30,M047,P01,T03,200363.85
2025-03-30,M048,P02,T01,370733.13
2025-03-31,M001,P04,T04,78326.14
2025-03-31,M002,P01,T02,114047.39
2025-03-31,M003,P02,T04,126414.91
2025-03-31,M004,P03,T02,105379.31
2025-03-31,M005,P04,T04,134612.85
2025-03-31,M006,P01,T02,167641.7
2025-03-31,M007,P02,T04,190218.41
2025-03-31,M008,P03,T02,99713.11
2025-03-31,M009,P04,T04,106085.61
2025-03-31,M010,P01,T02,138137.78
2025-03-31,M011,P02,T04,162195.15
2025-03-31,M012,P03,T02,139561.59
2025-03-31,M013,P04,T04,159671.74
2025-03-31,M014,P01,T02,224488.86
2025-03-31,M015,P02,T04,143009.06
2025-03-31,M016,P03,T02,125949.55
2025-03-31,M017,P04,T04,138382.79
2025-03-31,M018,P01,T02,177004.77
2025-03-31,M019,P02,T04,227055.29
2025-03-31,M020,P03,T02,176968.59
2025-03-31,M021,P04,T04,187753.46
2025-03-31,M022,P01,T02,170587.38
2025-03-31,M023,P02,T04,194105.24
2025-03-31,M024,P03,T02,159305.64
2025-03-31,M025,P04,T04,173065.42
2025-03-31,M026,P01,T02,214620.92
2025-03-31,M027,P02,T04,260277.06
2025-03-31,M028,P03,T02,200319.98
2025-03-31,M029,P04,T04,161739.14
2025-03-31,M030,P01,T02,193723.01
2025-03-31,M031,P02,T04,237867.16
2025-03-31,M032,P03,T02,199171.45
2025-03-31,M033,P04,T04,216425.56
2025-03-31,M034,P01,T02,274577.13
2025-03-31,M035,P02,T04,279252.36
2025-03-31,M036,P03,T02,180856.55
2025-03-31,M037,P04,T04,201300.53
2025-03-31,M038,P01,T02,224766.45
2025-03-31,M039,P02,T04,291457.35
2025-03-31,M040,P03,T02,223175.93
2025-03-31,M041,P04,T04,257150.48
2025-03-31,M042,P01,T02,303125.39
2025-03-31,M043,P02,T04,238447.34
2025-03-31,M044,P03,T02,193812.68
2025-03-31,M045,P04,T04,224273.74
2025-03-31,M046,P01,T02,290456.82
2025-03-31,M047,P02,T04,325476.48
2025-03-31,M048,P03,T02,251128.32
2025-04-01,M001,P02,T02,99859.95
2025-04-01,M002,P03,T04,80638.65
2025-04-01,M003,P04,T02,120014.71
2025-04-01,M004,P01,T04,129346.21
2025-04-01,M005,P02,T02,189638.74
2025-04-01,M006,P03,T04,129016.28
2025-04-01,M007,P04,T02,166026.36
2025-04-01,M008,P01,T04,105262.1
2025-04-01,M009,P02,T02,143988.37
2025-04-01,M010,P03,T04,120938.18
2025-04-01,M011,P04,T02,142389.21
2025-04-01,M012,P01,T04,173996.58
2025-04-01,M013,P02,T02,231307.1
2025-04-01,M014,P03,T04,162057.37
2025-04-01,M015,P04,T02,130256.46
2025-04-01,M016,P01,T04,139623.8
2025-04-01,M017,P02,T02,193997.42
2025-04-01,M018,P03,T04,131510.79
2025-04-01,M019,P04,T02,200628.7
2025-04-01,M020,P01,T04,202261.03
2025-04-01,M021,P02,T02,255217.78
2025-04-01,M022,P03,T04,132983.66
2025-04-01,M023,P04,T02,159473.82
2025-04-01,M024,P01,T04,195799.2
2025-04-01,M025,P02,T02,250781.54
2025-04-01,M026,P03,T04,171680.96
2025-04-01,M027,P04,T02,227020.73
2025-04-01,M028,P01,T04,250106.72
2025-04-01,M029,P02,T02,197572.68
2025-04-01,M030,P03,T04,157558.81
2025-04-01,M031,P04,T02,207729.96
2025-04-01,M032,P01,T04,217712.32
2025-04-01,M033,P02,T02,284759.39
2025-04-01,M034,P03,T04,208381.68
2025-04-01,M035,P04,T02,257164.33
2025-04-01,M036,P01,T04,199136.95
2025-04-01,M037,P02,T02,275459.12
2025-04-01,M038,P03,T04,192349.22
2025-04-01,M039,P04,T02,227986.08
2025-04-01,M040,P01,T04,246686.92
2025-04-01,M041,P02,T02,317457.51
2025-04-01,M042,P03,T04,220036.22
2025-04-01,M043,P04,T02,222536.42
2025-04-01,M044,P01,T04,240122.76
2025-04-01,M045,P02,T02,284074.08
2025-04-01,M046,P03,T04,221369.18
2025-04-01,M047,P04,T02,256381.7
2025-04-01,M048,P01,T04,312493.84
2025-04-02,M001,P03,T03,60501.2
2025-04-02,M002,P04,T01,120597.14
2025-04-02,M003,P01,T03,103046.97
2025-04-02,M004,P02,T01,191543.79
2025-04-02,M005,P03,T03,107186.15
2025-04-02,M006,P04,T01,185565.74
2025-04-02,M007,P01,T03,154039.43
2025-04-02,M008,P02,T01,158672.51
2025-04-02,M009,P03,T03,84030.01
2025-04-02,M010,P04,T01,172110.29
2025-04-02,M011,P01,T03,129559.76
2025-04-02,M012,P02,T01,225787.56
2025-04-02,M013,P03,T03,132187.7
2025-04-02,M014,P04,T01,219576.97
2025-04-02,M015,P01,T03,109827.42
2025-04-02,M016,P02,T01,197603.24
2025-04-02,M017,P03,T03,113712.95
2025-04-02,M018,P04,T01,196623.76
2025-04-02,M019,P01,T03,147491.59
2025-04-02,M020,P02,T01,280052.28
2025-04-02,M021,P03,T03,142427.5
2025-04-02,M022,P04,T01,177678.25
2025-04-02,M023,P01,T03,142925.46
2025-04-02,M024,P02,T01,276807.59
2025-04-02,M025,P03,T03,129159.16
2025-04-02,M026,P04,T01,237054.51
2025-04-02,M027,P01,T03,199910.98
2025-04-02,M028,P02,T01,336375.14
2025-04-02,M029,P03,T03,119348.51
2025-04-02,M030,P04,T01,229599.68
2025-04-02,M031,P01,T03,179174.48
2025-04-02,M032,P02,T01,292255.94
2025-04-02,M033,P03,T03,162702.46
2025-04-02,M034,P04,T01,292105.41
2025-04-02,M035,P01,T03,220952.03
2025-04-02,M036,P02,T01,260580.6
2025-04-02,M037,P03,T03,145069.51
2025-04-02,M038,P04,T01,272555.25
2025-04-02,M039,P01,T03,197972.8
2025-04-02,M040,P02,T01,377859.62
2025-04-02,M041,P03,T03,178961.74
2025-04-02,M042,P04,T01,332483.14
2025-04-02,M043,P01,T03,187613.21
2025-04-02,M044,P02,T01,317857.45
2025-04-02,M045,P03,T03,170905.98
2025-04-02,M046,P04,T01,303368.46
2025-04-02,M047,P01,T03,244190.25
2025-04-02,M048,P02,T01,434017.93
2025-04-03,M001,P04,T04,75625.84
2025-04-03,M002,P01,T02,116041.48
2025-04-03,M003,P02,T04,129188.02
2025-04-03,M004,P03,T02,117409.29
2025-04-03,M005,P04,T04,145147.56
2025-04-03,M006,P01,T02,182125.33
2025-04-03,M007,P02,T04,202351.41
2025-04-03,M008,P03,T02,88719.29
2025-04-03,M009,P04,T04,121874.18
2025-04-03,M010,P01,T02,157830.11
2025-04-03,M011,P02,T04,170960.91
2025-04-03,M012,P03,T02,143252.3
2025-04-03,M013,P04,T04,169022.79
2025-04-03,M014,P01,T02,202619.78
2025-04-03,M015,P02,T04,138379.03
2025-04-03,M016,P03,T02,123460.4
2025-04-03,M017,P04,T04,158537.09
2025-04-03,M018,P01,T02,175544.89
2025-04-03,M019,P02,T04,202213.43
2025-04-03,M020,P03,T02,179834.54
2025-04-03,M021,P04,T04,218184.21
2025-04-03,M022,P01,T02,150551.6
2025-04-03,M023,P02,T04,180260.81
2025-04-03,M024,P03,T02,167607.01
2025-04-03,M025,P04,T04,175762.97
2025-04-03,M026,P01,T02,232881.91
2025-04-03,M027,P02,T04,267698.49
2025-04-03,M028,P03,T02,205391.06
2025-04-03,M029,P04,T04,150190.45
2025-04-03,M030,P01,T02,194950.55
2025-04-03,M031,P02,T04,221015.16
2025-04-03,M032,P03,T02,199336.65
2025-04-03,M033,P04,T04,206844.24
2025-04-03,M034,P01,T02,272570.13
2025-04-03,M035,P02,T04,299232.91
2025-04-03,M036,P03,T02,163086.63
2025-04-03,M037,P04,T04,184201.03
2025-04-03,M038,P01,T02,227394.68
2025-04-03,M039,P02,T04,265757.33
2025-04-03,M040,P03,T02,226652.07
2025-04-03,M041,P04,T04,236954.61
2025-04-03,M042,P01,T02,291364.54
2025-04-03,M043,P02,T04,267002.01
2025-04-03,M044,P03,T02,215312.97
2025-04-03,M045,P04,T04,228411.4
2025-04-03,M046,P01,T02,297746.2
2025-04-03,M047,P02,T04,335008.83
2025-04-03,M048,P03,T02,264937.25
2025-04-04,M001,P01,T01,99056.06
2025-04-04,M002,P02,T03,92447.96
2025-04-04,M003,P03,T01,116605.78
2025-04-04,M004,P04,T03,102244.13
2025-04-04,M005,P01,T01,185530.5
2025-04-04,M006,P02,T03,166093.83
2025-04-04,M007,P03,T01,173503.85
2025-04-04,M008,P04,T03,85326.32
2025-04-04,M009,P01,T01,153172.26
2025-04-04,M010,P02,T03,129158.37
2025-04-04,M011,P03,T01,157147.53
2025-04-04,M012,P04,T03,133939.05
2025-04-04,M013,P01,T01,209592.43
2025-04-04,M014,P02,T03,183699.32
2025-04-04,M015,P03,T01,137995.19
2025-04-04,M016,P04,T03,107264.45
2025-04-04,M017,P01,T01,205083.27
2025-04-04,M018,P02,T03,170862.27
2025-04-04,M019,P03,T01,177739.37
2025-04-04,M020,P04,T03,162537.2
2025-04-04,M021,P01,T01,281260.91
2025-04-04,M022,P02,T03,146631.5
2025-04-04,M023,P03,T01,170959.42
2025-04-04,M024,P04,T03,132806.31
2025-04-04,M025,P01,T01,236131.27
2025-04-04,M026,P02,T03,206780.56
2025-04-04,M027,P03,T01,241403.86
2025-04-04,M028,P04,T03,203060.97
2025-04-04,M029,P01,T01,200493.75
2025-04-04,M030,P02,T03,172150.07
2025-04-04,M031,P03,T01,197738.67
2025-04-04,M032,P04,T03,176150.64
2025-04-04,M033,P01,T01,306671.99
2025-04-04,M034,P02,T03,224225.97
2025-04-04,M035,P03,T01,277541.08
2025-04-04,M036,P04,T03,148606.75
2025-04-04,M037,P01,T01,267920.73
2025-04-04,M038,P02,T03,204548.61
2025-04-04,M039,P03,T01,259854.26
2025-04-04,M040,P04,T03,197063.06
2025-04-04,M041,P01,T01,317330.31
2025-04-04,M042,P02,T03,268083.93
2025-04-04,M043,P03,T01,230553.36
2025-04-04,M044,P04,T03,196022.71
2025-04-04,M045,P01,T01,305674.76
2025-04-04,M046,P02,T03,256285.46
2025-04-04,M047,P03,T01,284691.7
2025-04-04,M048,P04,T03,228569.6
2025-04-05,M001,P02,T02,101288.24
2025-04-05,M002,P03,T04,77164.66
2025-04-05,M003,P04,T02,96085.23
2025-04-05,M004,P01,T04,110822.35
2025-04-05,M005,P02,T02,171933.11
2025-04-05,M006,P03,T04,127697.46
2025-04-05,M007,P04,T02,158337.15
2025-04-05,M008,P01,T04,92417.48
2025-04-05,M009,P02,T02,128672.66
2025-04-05,M010,P03,T04,97245.21
2025-04-05,M011,P04,T02,130901.85
2025-04-05,M012,P01,T04,141244.96
2025-04-05,M013,P02,T02,199569.63
2025-04-05,M014,P03,T04,153263.02
2025-04-05,M015,P04,T02,124647.09
2025-04-05,M016,P01,T04,134622.71
2025-04-05,M017,P02,T02,173323.11
2025-04-05,M018,P03,T04,132967.81
2025-04-05,M019,P04,T02,178523.98
2025-04-05,M020,P01,T04,182670.49
2025-04-05,M021,P02,T02,255688.25
2025-04-05,M022,P03,T04,111158.58
2025-04-05,M023,P04,T02,161422.51
2025-04-05,M024,P01,T04,154127.73
2025-04-05,M025,P02,T02,215332.78
2025-04-05,M026,P03,T04,143541.16
2025-04-05,M027,P04,T02,203980.5
2025-04-05,M028,P01,T04,209528.09
2025-04-05,M029,P02,T02,177089.47
2025-04-05,M030,P03,T04,144750.58
2025-04-05,M031,P04,T02,172051.51
2025-04-05,M032,P01,T04,182622.77
2025-04-05,M033,P02,T02,266964.94
2025-04-05,M034,P03,T04,192729.51
2025-04-05,M035,P04,T02,241761.78
2025-04-05,M036,P01,T04,175969.34
2025-04-05,M037,P02,T02,239045.65
2025-04-05,M038,P03,T04,152792.76
2025-04-05,M039,P04,T02,199203.24
2025-04-05,M040,P01,T04,230254.73
2025-04-05,M041,P02,T02,293867.28
2025-04-05,M042,P03,T04,211661.85
2025-04-05,M043,P04,T02,195552.71
2025-04-05,M044,P01,T04,207194.28
2025-04-05,M045,P02,T02,279730.09
2025-04-05,M046,P03,T04,182874.05
2025-04-05,M047,P04,T02,258630.79
2025-04-05,M048,P01,T04,267379.02
2025-04-06,M001,P03,T03,56067.05
2025-04-06,M002,P04,T01,97222.96
2025-04-06,M003,P01,T03,83935.71
2025-04-06,M004,P02,T01,180471.51
2025-04-06,M005,P03,T03,82769.32
2025-04-06,M006,P04,T01,156140.87
2025-04-06,M007,P01,T03,129562.76
2025-04-06,M008,P02,T01,134332.15
2025-04-06,M009,P03,T03,80711.05
2025-04-06,M010,P04,T01,155012.57
2025-04-06,M011,P01,T03,120800.01
2025-04-06,M012,P02,T01,229904.61
2025-04-06,M013,P03,T03,111549.74
2025-04-06,M014,P04,T01,198490.74
2025-04-06,M015,P01,T03,97304.53
2025-04-06,M016,P02,T01,195648.94
2025-04-06,M017,P03,T03,95184.41
2025-04-06,M018,P04,T01,184505.95
2025-04-06,M019,P01,T03,141117.35
2025-04-06,M020,P02,T01,257565.47
2025-04-06,M021,P03,T03,135870.06
2025-04-06,M022,P04,T01,161717.71
2025-04-06,M023,P01,T03,132983.82
2025-04-06,M024,P02,T01,213313.39
2025-04-06,M025,P03,T03,125655.79
2025-04-06,M026,P04,T01,204562.94
2025-04-06,M027,P01,T03,172840.55
2025-04-06,M028,P02,T01,331747.14
2025-04-06,M029,P03,T03,106727.02
2025-04-06,M030,P04,T01,206768.29
2025-04-06,M031,P01,T03,146217.82
2025-04-06,M032,P02,T01,295921.22
2025-04-06,M033,P03,T03,152739.74
2025-04-06,M034,P04,T01,246270.82
2025-04-06,M035,P01,T03,208880.79
2025-04-06,M036,P02,T01,259135.03
2025-04-06,M037,P03,T03,128101.39
2025-04-06,M038,P04,T01,238582.38
2025-04-06,M039,P01,T03,179467.16
2025-04-06,M040,P02,T01,313556.59
2025-04-06,M041,P03,T03,172724.47
2025-04-06,M042,P04,T01,312452.81
2025-04-06,M043,P01,T03,161900.8
2025-04-06,M044,P02,T01,284103.49
2025-04-06,M045,P03,T03,147827.22
2025-04-06,M046,P04,T01,259254.1
2025-04-06,M047,P01,T03,226762.44
2025-04-06,M048,P02,T01,348793.8
2025-04-07,M001,P04,T04,84287.58
2025-04-07,M002,P01,T02,100703.43
2025-04-07,M003,P02,T04,125570.67
2025-04-07,M004,P03,T02,107170.24
2025-04-07,M005,P04,T04,141623.21
2025-04-07,M006,P01,T02,168767.73
2025-04-07,M007,P02,T04,200407.19
2025-04-07,M008,P03,T02,93507.68
2025-04-07,M009,P04,T04,115243.13
2025-04-07,M010,P01,T02,148044.42
2025-04-07,M011,P02,T04,180400.35
2025-04-07,M012,P03,T02,150550.13
2025-04-07,M013,P04,T04,168162.55
2025-04-07,M014,P01,T02,202814.33
2025-04-07,M015,P02,T04,151966.18
2025-04-07,M016,P03,T02,134099.57
2025-04-07,M017,P04,T04,153832.18
2025-04-07,M018,P01,T02,173703.85
2025-04-07,M019,P02,T04,230328.87
2025-04-07,M020,P03,T02,180250.6
2025-04-07,M021,P04,T04,204501.6
2025-04-07,M022,P01,T02,149348.11
2025-04-07,M023,P02,T04,203981.02
2025-04-07,M024,P03,T02,149060.63
2025-04-07,M025,P04,T04,198217.7
2025-04-07,M026,P01,T02,237701.23
2025-04-07,M027,P02,T04,277192.38
2025-04-07,M028,P03,T02,199886.25
2025-04-07,M029,P04,T04,164558.26
2025-04-07,M030,P01,T02,185730.76
2025-04-07,M031,P02,T04,239478.06
2025-04-07,M032,P03,T02,174590.22
2025-04-07,M033,P04,T04,217751.03
2025-04-07,M034,P01,T02,271952.36
2025-04-07,M035,P02,T04,316854.56
2025-04-07,M036,P03,T02,158608.14
2025-04-07,M037,P04,T04,198012.36
2025-04-07,M038,P01,T02,221976.87
2025-04-07,M039,P02,T04,262967.48
2025-04-07,M040,P03,T02,227505.16
2025-04-07,M041,P04,T04,237411.11
2025-04-07,M042,P01,T02,315314.4
2025-04-07,M043,P02,T04,243690.16
2025-04-07,M044,P03,T02,198592.63
2025-04-07,M045,P04,T04,229324.39
2025-04-07,M046,P01,T02,278152.26
2025-04-07,M047,P02,T04,297722.36
2025-04-07,M048,P03,T02,247564.91
2025-04-08,M001,P01,T01,99819.12
2025-04-08,M002,P02,T03,93921.31
2025-04-08,M003,P03,T01,119677.79
2025-04-08,M004,P04,T03,100076.65
2025-04-08,M005,P01,T01,174187.01
2025-04-08,M006,P02,T03,165943.45
2025-04-08,M007,P03,T01,171801.3
2025-04-08,M008,P04,T03,89683.19
2025-04-08,M009,P01,T01,151915.33
2025-04-08,M010,P02,T03,130263.84
2025-04-08,M011,P03,T01,161726.3
2025-04-08,M012,P04,T03,125414.86
2025-04-08,M013,P01,T01,228393.71
2025-04-08,M014,P02,T03,189117.5
2025-04-08,M015,P03,T01,120637.35
2025-04-08,M016,P04,T03,121624.81
2025-04-08,M017,P01,T01,212104.83
2025-04-08,M018,P02,T03,178500.32
2025-04-08,M019,P03,T01,193311.11
2025-04-08,M020,P04,T03,149904.93
2025-04-08,M021,P01,T01,289904.89
2025-04-08,M022,P02,T03,140835.31
2025-04-08,M023,P03,T01,175886.63
2025-04-08,M024,P04,T03,143532.67
2025-04-08,M025,P01,T01,229905.29
2025-04-08,M026,P02,T03,206763.61
2025-04-08,M027,P03,T01,237043.23
2025-04-08,M028,P04,T03,188370.41
2025-04-08,M029,P01,T01,222049.65
2025-04-08,M030,P02,T03,178775.85
2025-04-08,M031,P03,T01,194011.96
2025-04-08,M032,P04,T03,170632.21
2025-04-08,M033,P01,T01,292507.47
2025-04-08,M034,P02,T03,224744.16
2025-04-08,M035,P03,T01,249638.72
2025-04-08,M036,P04,T03,160152.59
2025-04-08,M037,P01,T01,240381.74
2025-04-08,M038,P02,T03,214987.7
2025-04-08,M039,P03,T01,253536.66
2025-04-08,M040,P04,T03,215220.62
2025-04-08,M041,P01,T01,349438.44
2025-04-08,M042,P02,T03,268986.87
2025-04-08,M043,P03,T01,222107.66
2025-04-08,M044,P04,T03,181375.05
2025-04-08,M045,P01,T01,282343.37
2025-04-08,M046,P02,T03,243268.11
2025-04-08,M047,P03,T01,261213.65
2025-04-08,M048,P04,T03,237531.82
2025-04-09,M001,P02,T02,96491.47
2025-04-09,M002,P03,T04,85939.84
2025-04-09,M003,P04,T02,108402.88
2025-04-09,M004,P01,T04,134244.49
2025-04-09,M005,P02,T02,191427.12
2025-04-09,M006,P03,T04,123308.04
2025-04-09,M007,P04,T02,171276.92
2025-04-09,M008,P01,T04,110728.01
2025-04-09,M009,P02,T02,142602.32
2025-04-09,M010,P03,T04,105021.99
2025-04-09,M011,P04,T02,163239.34
2025-04-09,M012,P01,T04,158108.44
2025-04-09,M013,P02,T02,207028.99
2025-04-09,M014,P03,T04,152441.53
2025-04-09,M015,P04,T02,130232.52
2025-04-09,M016,P01,T04,143664.44
2025-04-09,M017,P02,T02,189714.27
2025-04-09,M018,P03,T04,146783.04
2025-04-09,M019,P04,T02,188130.76
2025-04-09,M020,P01,T04,198281.02
2025-04-09,M021,P02,T02,251598.08
2025-04-09,M022,P03,T04,128539.5
2025-04-09,M023,P04,T02,159058.55
2025-04-09,M024,P01,T04,170641.35
2025-04-09,M025,P02,T02,254920.45
2025-04-09,M026,P03,T04,162905.52
2025-04-09,M027,P04,T02,231078.93
2025-04-09,M028,P01,T04,238611.95
2025-04-09,M029,P02,T02,204149.61
2025-04-09,M030,P03,T04,147130.73
2025-04-09,M031,P04,T02,200158.17
2025-04-09,M032,P01,T04,204988.66
2025-04-09,M033,P02,T02,265991.14
2025-04-09,M034,P03,T04,187232.42
2025-04-09,M035,P04,T02,242332.88
2025-04-09,M036,P01,T04,201569.82
2025-04-09,M037,P02,T02,240713.24
2025-04-09,M038,P03,T04,184160.06
2025-04-09,M039,P04,T02,249956.24
2025-04-09,M040,P01,T04,256782.08
2025-04-09,M041,P02,T02,348222.79
2025-04-09,M042,P03,T04,246698.01
2025-04-09,M043,P04,T02,204085.88
2025-04-09,M044,P01,T04,228464.81
2025-04-09,M045,P02,T02,307174.77
2025-04-09,M046,P03,T04,200542.95
2025-04-09,M047,P04,T02,286515.99
2025-04-09,M048,P01,T04,298106.25
2025-04-10,M001,P03,T03,59721.32
2025-04-10,M002,P04,T01,118298.85
2025-04-10,M003,P01,T03,94527.37
2025-04-10,M004,P02,T01,190544.68
2025-04-10,M005,P03,T03,102362.93
2025-04-10,M006,P04,T01,184331.51
2025-04-10,M007,P01,T03,148109.72
2025-04-10,M008,P02,T01,152262.85
2025-04-10,M009,P03,T03,79380.72
2025-04-10,M010,P04,T01,169849.11
2025-04-10,M011,P01,T03,134299.18
2025-04-10,M012,P02,T01,228709.54
2025-04-10,M013,P03,T03,123280.38
2025-04-10,M014,P04,T01,232280.01
2025-04-10,M015,P01,T03,111290.66
2025-04-10,M016,P02,T01,194719.11
2025-04-10,M017,P03,T03,114996.18
2025-04-10,M018,P04,T01,199210.18
2025-04-10,M019,P01,T03,156327.01
2025-04-10,M020,P02,T01,278245.63
2025-04-10,M021,P03,T03,156693.03
2025-04-10,M022,P04,T01,174537.93
2025-04-10,M023,P01,T03,144874.23
2025-04-10,M024,P02,T01,249460.12
2025-04-10,M025,P03,T03,128837.21
2025-04-10,M026,P04,T01,246374.75
2025-04-10,M027,P01,T03,193391.47
2025-04-10,M028,P02,T01,340822.63
2025-04-10,M029,P03,T03,122725.86
2025-04-10,M030,P04,T01,204707.56
2025-04-10,M031,P01,T03,177087.01
2025-04-10,M032,P02,T01,332124.41
2025-04-10,M033,P03,T03,150549.7
2025-04-10,M034,P04,T01,279867.19
2025-04-10,M035,P01,T03,219632.81
2025-04-10,M036,P02,T01,285510.59
2025-04-10,M037,P03,T03,149042.88
2025-04-10,M038,P04,T01,253373.52
2025-04-10,M039,P01,T03,195490.49
2025-04-10,M040,P02,T01,372235.8
2025-04-10,M041,P03,T03,195299.93
2025-04-10,M042,P04,T01,327135.07
2025-04-10,M043,P01,T03,181477.2
2025-04-10,M044,P02,T01,304551.64
2025-04-10,M045,P03,T03,155865.05
2025-04-10,M046,P04,T01,310107.77
2025-04-10,M047,P01,T03,220226.85
2025-04-10,M048,P02,T01,403625.59
2025-04-11,M001,P04,T04,75934.84
2025-04-11,M002,P01,T02,99772.85
2025-04-11,M003,P02,T04,133642.26
2025-04-11,M004,P03,T02,121717.9
2025-04-11,M005,P04,T04,129518.15
2025-04-11,M006,P01,T02,169926.51
2025-04-11,M007,P02,T04,186696.06
2025-04-11,M008,P03,T02,90112.26
2025-04-11,M009,P04,T04,120767.38
2025-04-11,M010,P01,T02,140762.7
2025-04-11,M011,P02,T04,175314.81
2025-04-11,M012,P03,T02,145688.93
2025-04-11,M013,P04,T04,179370.37
2025-04-11,M014,P01,T02,208469.03
2025-04-11,M015,P02,T04,154410.42
2025-04-11,M016,P03,T02,128004.35
2025-04-11,M017,P04,T04,153773.03
2025-04-11,M018,P01,T02,190165.71
2025-04-11,M019,P02,T04,206918.06
2025-04-11,M020,P03,T02,170597.92
2025-04-11,M021,P04,T04,197760.2
2025-04-11,M022,P01,T02,155078.66
2025-04-11,M023,P02,T04,203472.93
2025-04-11,M024,P03,T02,155958.96
2025-04-11,M025,P04,T04,173399.65
2025-04-11,M026,P01,T02,233390.39
2025-04-11,M027,P02,T04,244863.63
2025-04-11,M028,P03,T02,199951.81
2025-04-11,M029,P04,T04,152857.77
2025-04-11,M030,P01,T02,216682.93
2025-04-11,M031,P02,T04,225614.29
2025-04-11,M032,P03,T02,184077.03
2025-04-11,M033,P04,T04,216397.58
2025-04-11,M034,P01,T02,277275.51
2025-04-11,M035,P02,T04,293985.38
2025-04-11,M036,P03,T02,158134.39
2025-04-11,M037,P04,T04,192054.08
2025-04-11,M038,P01,T02,241174.84
2025-04-11,M039,P02,T04,256486.94
2025-04-11,M040,P03,T02,215683.22
2025-04-11,M041,P04,T04,249089.62
2025-04-11,M042,P01,T02,283656.17
2025-04-11,M043,P02,T04,254227.97
2025-04-11,M044,P03,T02,214262.39
2025-04-11,M045,P04,T04,216318.58
2025-04-11,M046,P01,T02,265845.75
2025-04-11,M047,P02,T04,329916.96
2025-04-11,M048,P03,T02,241644.62
2025-04-12,M001,P01,T01,101592.14
2025-04-12,M002,P02,T03,81604.55
2025-04-12,M003,P03,T01,101476.61
2025-04-12,M004,P04,T03,95328.16
2025-04-12,M005,P01,T01,175651.1
2025-04-12,M006,P02,T03,129725.39
2025-04-12,M007,P03,T01,161701.37
2025-04-12,M008,P04,T03,77250.24
2025-04-12,M009,P01,T01,139258.67
2025-04-12,M010,P02,T03,112792.5
2025-04-12,M011,P03,T01,128800.46
2025-04-12,M012,P04,T03,128124.77
2025-04-12,M013,P01,T01,204436.28
2025-04-12,M014,P02,T03,182410.49
2025-04-12,M015,P03,T01,125116.31
2025-04-12,M016,P04,T03,94332.98
2025-04-12,M017,P01,T01,170744.78
2025-04-12,M018,P02,T03,147347.2
2025-04-12,M019,P03,T01,167876.94
2025-04-12,M020,P04,T03,152973.86
2025-04-12,M021,P01,T01,226878.27
2025-04-12,M022,P02,T03,126213.5
2025-04-12,M023,P03,T01,143094.98
2025-04-12,M024,P04,T03,137455.49
2025-04-12,M025,P01,T01,216556.41
2025-04-12,M026,P02,T03,178097.53
2025-04-12,M027,P03,T01,221738.53
2025-04-12,M028,P04,T03,181396.27
2025-04-12,M029,P01,T01,190924.23
2025-04-12,M030,P02,T03,161324.98
2025-04-12,M031,P03,T01,198356.47
2025-04-12,M032,P04,T03,160620.6
2025-04-12,M033,P01,T01,262667.4
2025-04-12,M034,P02,T03,207229.07
2025-04-12,M035,P03,T01,246213.82
2025-04-12,M036,P04,T03,133696.22
2025-04-12,M037,P01,T01,242941.45
2025-04-12,M038,P02,T03,192438.54
2025-04-12,M039,P03,T01,220470.39
2025-04-12,M040,P04,T03,186576.57
2025-04-12,M041,P01,T01,309304.61
2025-04-12,M042,P02,T03,263100.16
2025-04-12,M043,P03,T01,206077.33
2025-04-12,M044,P04,T03,155364.87
2025-04-12,M045,P01,T01,259595.77
2025-04-12,M046,P02,T03,238163.73
2025-04-12,M047,P03,T01,248203.07
2025-04-12,M048,P04,T03,190413.17
2025-04-13,M001,P02,T02,101831.5
2025-04-13,M002,P03,T04,79494.25
2025-04-13,M003,P04,T02,111266.88
2025-04-13,M004,P01,T04,123874.08
2025-04-13,M005,P02,T02,152986.36
2025-04-13,M006,P03,T04,120418.05
2025-04-13,M007,P04,T02,167633.55
2025-04-13,M008,P01,T04,104712.93
2025-04-13,M009,P02,T02,132470.78
2025-04-13,M010,P03,T04,103593.42
2025-04-13,M011,P04,T02,144698.41
2025-04-13,M012,P01,T04,150300.32
2025-04-13,M013,P02,T02,188252.38
2025-04-13,M014,P03,T04,135958.44
2025-04-13,M015,P04,T02,107754.46
2025-04-13,M016,P01,T04,124416.41
2025-04-13,M017,P02,T02,174437.35
2025-04-13,M018,P03,T04,122431.94
2025-04-13,M019,P04,T02,157592.22
2025-04-13,M020,P01,T04,189076.09
2025-04-13,M021,P02,T02,240950.63
2025-04-13,M022,P03,T04,107063.14
2025-04-13,M023,P04,T02,154938.74
2025-04-13,M024,P01,T04,174720.22
2025-04-13,M025,P02,T02,206655.32
2025-04-13,M026,P03,T04,150140.05
2025-04-13,M027,P04,T02,188586.34
2025-04-13,M028,P01,T04,231648.52
2025-04-13,M029,P02,T02,185552.42
2025-04-13,M030,P03,T04,129938.1
2025-04-13,M031,P04,T02,185317.7
2025-04-13,M032,P01,T04,212949.07
2025-04-13,M033,P02,T02,275425.09
2025-04-13,M034,P03,T04,168476.95
2025-04-13,M035,P04,T02,233458.2
2025-04-13,M036,P01,T04,182610.93
2025-04-13,M037,P02,T02,216778.41
2025-04-13,M038,P03,T04,154647.57
2025-04-13,M039,P04,T02,217711.4
2025-04-13,M040,P01,T04,231880.1
2025-04-13,M041,P02,T02,287852.28
2025-04-13,M042,P03,T04,203035.9
2025-04-13,M043,P04,T02,198943.27
2025-04-13,M044,P01,T04,209701.52
2025-04-13,M045,P02,T02,281837.24
2025-04-13,M046,P03,T04,186433.84
2025-04-13,M047,P04,T02,260330.18
2025-04-13,M048,P01,T04,280567.27
2025-04-14,M001,P03,T03,59639.62
2025-04-14,M002,P04,T01,112505.37
2025-04-14,M003,P01,T03,99271.76
2025-04-14,M004,P02,T01,173562.63
2025-04-14,M005,P03,T03,93426.05
2025-04-14,M006,P04,T01,183546.31
2025-04-14,M007,P01,T03,136713.68
2025-04-14,M008,P02,T01,147582.28
2025-04-14,M009,P03,T03,90320.59
2025-04-14,M010,P04,T01,149388.65
2025-04-14,M011,P01,T03,136083.91
2025-04-14,M012,P02,T01,225508.31
2025-04-14,M013,P03,T03,129685.81
2025-04-14,M014,P04,T01,222048.71
2025-04-14,M015,P01,T03,112565.35
2025-04-14,M016,P02,T01,189749.48
2025-04-14,M017,P03,T03,106149.0
2025-04-14,M018,P04,T01,216497.35
2025-04-14,M019,P01,T03,164386.47
2025-04-14,M020,P02,T01,284120.44
2025-04-14,M021,P03,T03,140997.43
2025-04-14,M022,P04,T01,166178.56
2025-04-14,M023,P01,T03,150115.1
2025-04-14,M024,P02,T01,255032.89
2025-04-14,M025,P03,T03,137213.02
2025-04-14,M026,P04,T01,228047.34
2025-04-14,M027,P01,T03,180146.49
2025-04-14,M028,P02,T01,316095.05
2025-04-14,M029,P03,T03,119292.32
2025-04-14,M030,P04,T01,213790.88
2025-04-14,M031,P01,T03,180706.56
2025-04-14,M032,P02,T01,297492.7
2025-04-14,M033,P03,T03,152058.83
2025-04-14,M034,P04,T01,265735.18
2025-04-14,M035,P01,T03,221821.14
2025-04-14,M036,P02,T01,295316.75
2025-04-14,M037,P03,T03,149292.84
2025-04-14,M038,P04,T01,243700.48
2025-04-14,M039,P01,T03,194489.08
2025-04-14,M040,P02,T01,350952.66
2025-04-14,M041,P03,T03,175849.51
2025-04-14,M042,P04,T01,311321.68
2025-04-14,M043,P01,T03,196667.46
2025-04-14,M044,P02,T01,343225.76
2025-04-14,M045,P03,T03,167957.91
2025-04-14,M046,P04,T01,322101.12
2025-04-14,M047,P01,T03,231203.05
2025-04-14,M048,P02,T01,384652.72
2025-04-15,M001,P04,T04,76987.29
2025-04-15,M002,P01,T02,107262.02
2025-04-15,M003,P02,T04,142751.55
2025-04-15,M004,P03,T02,122019.89
2025-04-15,M005,P04,T04,130990.11
2025-04-15,M006,P01,T02,159608.91
2025-04-15,M007,P02,T04,188663.75
2025-04-15,M008,P03,T02,88891.03
2025-04-15,M009,P04,T04,117986.98
2025-04-15,M010,P01,T02,150768.57
2025-04-15,M011,P02,T04,176738.85
2025-04-15,M012,P03,T02,134151.91
2025-04-15,M013,P04,T04,163628.62
2025-04-15,M014,P01,T02,216548.34
2025-04-15,M015,P02,T04,153026.61
2025-04-15,M016,P03,T02,135135.72
2025-04-15,M017,P04,T04,156998.17
2025-04-15,M018,P01,T02,183568.51
2025-04-15,M019,P02,T04,219088.64
2025-04-15,M020,P03,T02,179503.33
2025-04-15,M021,P04,T04,217459.52
2025-04-15,M022,P01,T02,172170.95
2025-04-15,M023,P02,T04,196068.07
2025-04-15,M024,P03,T02,149578.82
2025-04-15,M025,P04,T04,195684.44
2025-04-15,M026,P01,T02,213829.08
2025-04-15,M027,P02,T04,266402.02
2025-04-15,M028,P03,T02,209438.1
2025-04-15,M029,P04,T04,159272.53
2025-04-15,M030,P01,T02,209841.65
2025-04-15,M031,P02,T04,214254.99
2025-04-15,M032,P03,T02,182091.14
2025-04-15,M033,P04,T04,215485.28
2025-04-15,M034,P01,T02,284991.77
2025-04-15,M035,P02,T04,311358.29
2025-04-15,M036,P03,T02,162576.15
2025-04-15,M037,P04,T04,203138.01
2025-04-15,M038,P01,T02,240190.27
2025-04-15,M039,P02,T04,269997.16
2025-04-15,M040,P03,T02,212916.66
2025-04-15,M041,P04,T04,234366.55
2025-04-15,M042,P01,T02,316036.83
2025-04-15,M043,P02,T04,232823.04
2025-04-15,M044,P03,T02,193566.76
2025-04-15,M045,P04,T04,238362.93
2025-04-15,M046,P01,T02,300546.68
2025-04-15,M047,P02,T04,321227.69
2025-04-15,M048,P03,T02,235208.94
2025-04-16,M001,P01,T01,112978.01
2025-04-16,M002,P02,T03,102351.98
2025-04-16,M003,P03,T01,120651.96
2025-04-16,M004,P04,T03,104875.08
2025-04-16,M005,P01,T01,193974.49
2025-04-16,M006,P02,T03,150484.17
2025-04-16,M007,P03,T01,189124.26
2025-04-16,M008,P04,T03,78922.77
2025-04-16,M009,P01,T01,152604.21
2025-04-16,M010,P02,T03,130426.86
2025-04-16,M011,P03,T01,141930.43
2025-04-16,M012,P04,T03,137381.88
2025-04-16,M013,P01,T01,220914.82
2025-04-16,M014,P02,T03,177560.83
2025-04-16,M015,P03,T01,123236.38
2025-04-16,M016,P04,T03,115339.9
2025-04-16,M017,P01,T01,186689.35
2025-04-16,M018,P02,T03,166743.97
2025-04-16,M019,P03,T01,191619.62
2025-04-16,M020,P04,T03,165151.47
2025-04-16,M021,P01,T01,270995.37
2025-04-16,M022,P02,T03,140208.36
2025-04-16,M023,P03,T01,162508.41
2025-04-16,M024,P04,T03,145200.38
2025-04-16,M025,P01,T01,236294.28
2025-04-16,M026,P02,T03,216316.15
2025-04-16,M027,P03,T01,224821.91
2025-04-16,M028,P04,T03,181648.04
2025-04-16,M029,P01,T01,213592.06
2025-04-16,M030,P02,T03,182379.45
2025-04-16,M031,P03,T01,202519.84
2025-04-16,M032,P04,T03,167029.04
2025-04-16,M033,P01,T01,273346.03
2025-04-16,M034,P02,T03,231630.69
2025-04-16,M035,P03,T01,266777.42
2025-04-16,M036,P04,T03,145599.66
2025-04-16,M037,P01,T01,247145.64
2025-04-16,M038,P02,T03,221707.4
2025-04-16,M039,P03,T01,239807.56
2025-04-16,M040,P04,T03,207944.11
2025-04-16,M041,P01,T01,311924.84
2025-04-16,M042,P02,T03,281665.61
2025-04-16,M043,P03,T01,228418.11
2025-04-16,M044,P04,T03,191090.83
2025-04-16,M045,P01,T01,286438.36
2025-04-16,M046,P02,T03,244770.65
2025-04-16,M047,P03,T01,274682.6
2025-04-16,M048,P04,T03,219425.58
2025-04-17,M001,P02,T02,98848.6
2025-04-17,M002,P03,T04,84824.68
2025-04-17,M003,P04,T02,119599.23
2025-04-17,M004,P01,T04,137121.45
2025-04-17,M005,P02,T02,167963.94
2025-04-17,M006,P03,T04,126029.52
2025-04-17,M007,P04,T02,186555.46
2025-04-17,M008,P01,T04,107918.68
2025-04-17,M009,P02,T02,138914.98
2025-04-17,M010,P03,T04,118076.51
2025-04-17,M011,P04,T02,151695.43
2025-04-17,M012,P01,T04,160892.18
2025-04-17,M013,P02,T02,212605.68
2025-04-17,M014,P03,T04,169075.65
2025-04-17,M015,P04,T02,130344.37
2025-04-17,M016,P01,T04,156085.6
2025-04-17,M017,P02,T02,183683.05
2025-04-17,M018,P03,T04,136385.31
2025-04-17,M019,P04,T02,192235.08
2025-04-17,M020,P01,T04,191653.11
2025-04-17,M021,P02,T02,248446.0
2025-04-17,M022,P03,T04,126482.4
2025-04-17,M023,P04,T02,166235.43
2025-04-17,M024,P01,T04,174415.87
2025-04-17,M025,P02,T02,257327.35
2025-04-17,M026,P03,T04,162558.95
2025-04-17,M027,P04,T02,240184.68
2025-04-17,M028,P01,T04,242633.25
2025-04-17,M029,P02,T02,211637.17
2025-04-17,M030,P03,T04,160586.6
2025-04-17,M031,P04,T02,209155.13
2025-04-17,M032,P01,T04,205904.29
2025-04-17,M033,P02,T02,306226.01
2025-04-17,M034,P03,T04,194815.94
2025-04-17,M035,P04,T02,278860.84
2025-04-17,M036,P01,T04,199246.27
2025-04-17,M037,P02,T02,274439.74
2025-04-17,M038,P03,T04,187807.68
2025-04-17,M039,P04,T02,235689.31
2025-04-17,M040,P01,T04,262825.57
2025-04-17,M041,P02,T02,303588.0
2025-04-17,M042,P03,T04,236762.67
2025-04-17,M043,P04,T02,222245.02
2025-04-17,M044,P01,T04,249964.64
2025-04-17,M045,P02,T02,284389.15
2025-04-17,M046,P03,T04,196983.91
2025-04-17,M047,P04,T02,279287.37
2025-04-17,M048,P01,T04,273445.82
2025-04-18,M001,P03,T03,57730.85
2025-04-18,M002,P04,T01,108582.69
2025-04-18,M003,P01,T03,101903.92
2025-04-18,M004,P02,T01,176381.5
2025-04-18,M005,P03,T03,98724.82
2025-04-18,M006,P04,T01,189755.45
2025-04-18,M007,P01,T03,146141.38
2025-04-18,M008,P02,T01,163853.75
2025-04-18,M009,P03,T03,87804.41
2025-04-18,M010,P04,T01,152445.32
2025-04-18,M011,P01,T03,135649.85
2025-04-18,M012,P02,T01,231092.62
2025-04-18,M013,P03,T03,120519.29
2025-04-18,M014,P04,T01,235867.18
2025-04-18,M015,P01,T03,114922.2
2025-04-18,M016,P02,T01,218334.06
2025-04-18,M017,P03,T03,116408.5
2025-04-18,M018,P04,T01,200522.58
2025-04-18,M019,P01,T03,161047.93
2025-04-18,M020,P02,T01,274379.14
2025-04-18,M021,P03,T03,145123.21
2025-04-18,M022,P04,T01,167014.76
2025-04-18,M023,P01,T03,140734.86
2025-04-18,M024,P02,T01,262583.11
2025-04-18,M025,P03,T03,143795.85
2025-04-18,M026,P04,T01,239896.79
2025-04-18,M027,P01,T03,205581.96
2025-04-18,M028,P02,T01,323880.27
2025-04-18,M029,P03,T03,124615.15
2025-04-18,M030,P04,T01,224804.76
2025-04-18,M031,P01,T03,174445.38
2025-04-18,M032,P02,T01,301044.74
2025-04-18,M033,P03,T03,152489.61
2025-04-18,M034,P04,T01,304623.59
2025-04-18,M035,P01,T03,237723.17
2025-04-18,M036,P02,T01,277375.66
2025-04-18,M037,P03,T03,139215.14
2025-04-18,M038,P04,T01,247767.68
2025-04-18,M039,P01,T03,208795.06
2025-04-18,M040,P02,T01,335031.7
2025-04-18,M041,P03,T03,176150.7
2025-04-18,M042,P04,T01,330963.58
2025-04-18,M043,P01,T03,181062.12
2025-04-18,M044,P02,T01,325164.44
2025-04-18,M045,P03,T03,168364.7
2025-04-18,M046,P04,T01,315184.68
2025-04-18,M047,P01,T03,214452.69
2025-04-18,M048,P02,T01,439567.69
2025-04-19,M001,P04,T04,68776.78
2025-04-19,M002,P01,T02,92594.21
2025-04-19,M003,P02,T04,114219.12
2025-04-19,M004,P03,T02,110410.4
2025-04-19,M005,P04,T04,131924.96
2025-04-19,M006,P01,T02,152277.42
2025-04-19,M007,P02,T04,169680.75
2025-04-19,M008,P03,T02,79683.98
2025-04-19,M009,P04,T04,101512.84
2025-04-19,M010,P01,T02,124899.92
2025-04-19,M011,P02,T04,146354.06
2025-04-19,M012,P03,T02,122159.85
2025-04-19,M013,P04,T04,145866.94
2025-04-19,M014,P01,T02,183604.99
2025-04-19,M015,P02,T04,140688.01
2025-04-19,M016,P03,T02,112487.74
2025-04-19,M017,P04,T04,132447.83
2025-04-19,M018,P01,T02,181957.88
2025-04-19,M019,P02,T04,189834.26
2025-04-19,M020,P03,T02,166332.67
2025-04-19,M021,P04,T04,193140.43
2025-04-19,M022,P01,T02,143866.67
2025-04-19,M023,P02,T04,180739.68
2025-04-19,M024,P03,T02,135880.96
2025-04-19,M025,P04,T04,160418.5
2025-04-19,M026,P01,T02,216561.12
2025-04-19,M027,P02,T04,217467.39
2025-04-19,M028,P03,T02,178949.59
2025-04-19,M029,P04,T04,138725.25
2025-04-19,M030,P01,T02,168674.0
2025-04-19,M031,P02,T04,216259.8
2025-04-19,M032,P03,T02,165624.62
2025-04-19,M033,P04,T04,189761.39
2025-04-19,M034,P01,T02,253806.12
2025-04-19,M035,P02,T04,263902.16
2025-04-19,M036,P03,T02,146769.25
2025-04-19,M037,P04,T04,165169.47
2025-04-19,M038,P01,T02,226663.65
2025-04-19,M039,P02,T04,234423.87
2025-04-19,M040,P03,T02,207230.25
2025-04-19,M041,P04,T04,230342.21
2025-04-19,M042,P01,T02,281892.63
2025-04-19,M043,P02,T04,227113.53
2025-04-19,M044,P03,T02,186443.8
2025-04-19,M045,P04,T04,204248.87
2025-04-19,M046,P01,T02,263944.22
2025-04-19,M047,P02,T04,276750.43
2025-04-19,M048,P03,T02,236730.81
2025-04-20,M001,P01,T01,101218.38
2025-04-20,M002,P02,T03,93912.05
2025-04-20,M003,P03,T01,102065.94
2025-04-20,M004,P04,T03,88654.31
2025-04-20,M005,P01,T01,153870.29
2025-04-20,M006,P02,T03,132471.78
2025-04-20,M007,P03,T01,154238.07
2025-04-20,M008,P04,T03,80749.01
2025-04-20,M009,P01,T01,142336.39
2025-04-20,M010,P02,T03,123131.55
2025-04-20,M011,P03,T01,138488.52
2025-04-20,M012,P04,T03,121418.87
2025-04-20,M013,P01,T01,214374.56
2025-04-20,M014,P02,T03,159306.07
2025-04-20,M015,P03,T01,123725.07
2025-04-20,M016,P04,T03,97670.7
2025-04-20,M017,P01,T01,170321.34
2025-04-20,M018,P02,T03,148000.1
2025-04-20,M019,P03,T01,182997.01
2025-04-20,M020,P04,T03,154533.65
2025-04-20,M021,P01,T01,262817.12
2025-04-20,M022,P02,T03,128029.24
2025-04-20,M023,P03,T01,141262.62
2025-04-20,M024,P04,T03,134672.75
2025-04-20,M025,P01,T01,234857.5
2025-04-20,M026,P02,T03,182459.85
2025-04-20,M027,P03,T01,205016.45
2025-04-20,M028,P04,T03,166293.21
2025-04-20,M029,P01,T01,209073.26
2025-04-20,M030,P02,T03,172330.19
2025-04-20,M031,P03,T01,183137.75
2025-04-20,M032,P04,T03,155176.98
2025-04-20,M033,P01,T01,269137.1
2025-04-20,M034,P02,T03,217354.33
2025-04-20,M035,P03,T01,255679.94
2025-04-20,M036,P04,T03,140196.54
2025-04-20,M037,P01,T01,243864.81
2025-04-20,M038,P02,T03,187885.57
2025-04-20,M039,P03,T01,204463.89
2025-04-20,M040,P04,T03,190078.26
2025-04-20,M041,P01,T01,299623.84
2025-04-20,M042,P02,T03,257976.04
2025-04-20,M043,P03,T01,201322.49
2025-04-20,M044,P04,T03,159515.77
2025-04-20,M045,P01,T01,275499.46
2025-04-20,M046,P02,T03,242279.55
2025-04-20,M047,P03,T01,256614.82
2025-04-20,M048,P04,T03,190263.36
2025-04-21,M001,P02,T02,101918.52
2025-04-21,M002,P03,T04,88597.52
2025-04-21,M003,P04,T02,118550.5
2025-04-21,M004,P01,T04,135235.69
2025-04-21,M005,P02,T02,165032.76
2025-04-21,M006,P03,T04,140591.75
2025-04-21,M007,P04,T02,187666.16
2025-04-21,M008,P01,T04,103526.28
2025-04-21,M009,P02,T02,152228.5
2025-04-21,M010,P03,T04,109676.17
2025-04-21,M011,P04,T02,142642.67
2025-04-21,M012,P01,T04,169186.44
2025-04-21,M013,P02,T02,211105.25
2025-04-21,M014,P03,T04,162871.54
2025-04-21,M015,P04,T02,136750.71
2025-04-21,M016,P01,T04,136418.61
2025-04-21,M017,P02,T02,192945.64
2025-04-21,M018,P03,T04,142076.48
2025-04-21,M019,P04,T02,199684.7
2025-04-21,M020,P01,T04,195224.1
2025-04-21,M021,P02,T02,268292.41
2025-04-21,M022,P03,T04,114273.29
2025-04-21,M023,P04,T02,176725.64
2025-04-21,M024,P01,T04,188103.36
2025-04-21,M025,P02,T02,256142.6
2025-04-21,M026,P03,T04,172597.28
2025-04-21,M027,P04,T02,240983.29
2025-04-21,M028,P01,T04,252996.67
2025-04-21,M029,P02,T02,204877.11
2025-04-21,M030,P03,T04,159251.43
2025-04-21,M031,P04,T02,201326.49
2025-04-21,M032,P01,T04,208740.63
2025-04-21,M033,P02,T02,303863.94
2025-04-21,M034,P03,T04,214322.69
2025-04-21,M035,P04,T02,259087.68
2025-04-21,M036,P01,T04,203914.92
2025-04-21,M037,P02,T02,275224.62
2025-04-21,M038,P03,T04,185928.84
2025-04-21,M039,P04,T02,220726.17
2025-04-21,M040,P01,T04,252122.54
2025-04-21,M041,P02,T02,312462.61
2025-04-21,M042,P03,T04,233324.09
2025-04-21,M043,P04,T02,216697.63
2025-04-21,M044,P01,T04,239721.59
2025-04-21,M045,P02,T02,294326.8
2025-04-21,M046,P03,T04,213491.56
2025-04-21,M047,P04,T02,260690.54
2025-04-21,M048,P01,T04,310726.57
2025-04-22,M001,P03,T03,61234.59
2025-04-22,M002,P04,T01,114315.15
2025-04-22,M003,P01,T03,99886.54
2025-04-22,M004,P02,T01,184007.72
2025-04-22,M005,P03,T03,94294.43
2025-04-22,M006,P04,T01,198063.12
2025-04-22,M007,P01,T03,159238.47
2025-04-22,M008,P02,T01,149159.56
2025-04-22,M009,P03,T03,84918.98
2025-04-22,M010,P04,T01,160865.68
2025-04-22,M011,P01,T03,128736.0
2025-04-22,M012,P02,T01,253461.36
2025-04-22,M013,P03,T03,122827.67
2025-04-22,M014,P04,T01,241830.59
2025-04-22,M015,P01,T03,107935.41
2025-04-22,M016,P02,T01,196763.86
2025-04-22,M017,P03,T03,105107.38
2025-04-22,M018,P04,T01,190958.2
2025-04-22,M019,P01,T03,158021.33
2025-04-22,M020,P02,T01,300811.33
2025-04-22,M021,P03,T03,140593.96
2025-04-22,M022,P04,T01,166201.94
2025-04-22,M023,P01,T03,145161.83
2025-04-22,M024,P02,T01,269328.14
2025-04-22,M025,P03,T03,134503.86
2025-04-22,M026,P04,T01,240357.84
2025-04-22,M027,P01,T03,195895.37
2025-04-22,M028,P02,T01,320007.1
2025-04-22,M029,P03,T03,118944.49
2025-04-22,M030,P04,T01,221542.14
2025-04-22,M031,P01,T03,171428.88
2025-04-22,M032,P02,T01,290822.57
2025-04-22,M033,P03,T03,154155.16
2025-04-22,M034,P04,T01,270269.84
2025-04-22,M035,P01,T03,225915.09
2025-04-22,M036,P02,T01,261670.14
2025-04-22,M037,P03,T03,132234.51
2025-04-22,M038,P04,T01,276857.19
2025-04-22,M039,P01,T03,190100.3
2025-04-22,M040,P02,T01,378299.45
2025-04-22,M041,P03,T03,169787.37
2025-04-22,M042,P04,T01,337653.53
2025-04-22,M043,P01,T03,186595.3
2025-04-22,M044,P02,T01,337251.45
2025-04-22,M045,P03,T03,166319.68
2025-04-22,M046,P04,T01,286573.13
2025-04-22,M047,P01,T03,250697.38
2025-04-22,M048,P02,T01,389580.14
2025-04-23,M001,P04,T04,86727.64
2025-04-23,M002,P01,T02,112003.4
2025-04-23,M003,P02,T04,135206.76
2025-04-23,M004,P03,T02,106391.83
2025-04-23,M005,P04,T04,134059.01
2025-04-23,M006,P01,T02,164266.97
2025-04-23,M007,P02,T04,216730.16
2025-04-23,M008,P03,T02,95699.54
2025-04-23,M009,P04,T04,113011.52
2025-04-23,M010,P01,T02,143679.52
2025-04-23,M011,P02,T04,186645.23
2025-04-23,M012,P03,T02,156307.29
2025-04-23,M013,P04,T04,179145.72
2025-04-23,M014,P01,T02,228923.29
2025-04-23,M015,P02,T04,145546.15
2025-04-23,M016,P03,T02,127007.47
2025-04-23,M017,P04,T04,138067.03
2025-04-23,M018,P01,T02,179727.59
2025-04-23,M019,P02,T04,230869.79
2025-04-23,M020,P03,T02,191774.69
2025-04-23,M021,P04,T04,212794.26
2025-04-23,M022,P01,T02,150299.09
2025-04-23,M023,P02,T04,185206.94
2025-04-23,M024,P03,T02,149704.15
2025-04-23,M025,P04,T04,169216.3
2025-04-23,M026,P01,T02,212021.13
2025-04-23,M027,P02,T04,269033.74
2025-04-23,M028,P03,T02,211854.45
2025-04-23,M029,P04,T04,169978.71
2025-04-23,M030,P01,T02,194051.15
2025-04-23,M031,P02,T04,240711.43
2025-04-23,M032,P03,T02,175050.72
2025-04-23,M033,P04,T04,220529.32
2025-04-23,M034,P01,T02,254498.2
2025-04-23,M035,P02,T04,311122.92
2025-04-23,M036,P03,T02,158786.57
2025-04-23,M037,P04,T04,183339.84
2025-04-23,M038,P01,T02,228933.24
2025-04-23,M039,P02,T04,254785.23
2025-04-23,M040,P03,T02,212418.31
2025-04-23,M041,P04,T04,239853.85
2025-04-23,M042,P01,T02,326027.15
2025-04-23,M043,P02,T04,237131.24
2025-04-23,M044,P03,T02,187459.35
2025-04-23,M045,P04,T04,235922.09
2025-04-23,M046,P01,T02,294367.6
2025-04-23,M047,P02,T04,316228.96
2025-04-23,M048,P03,T02,270015.61
2025-04-24,M001,P01,T01,111978.16
2025-04-24,M002,P02,T03,95132.3
2025-04-24,M003,P03,T01,108569.52
2025-04-24,M004,P04,T03,109524.05
2025-04-24,M005,P01,T01,194687.02
2025-04-24,M006,P02,T03,161544.72
2025-04-24,M007,P03,T01,172310.59
2025-04-24,M008,P04,T03,87420.82
2025-04-24,M009,P01,T01,143592.52
2025-04-24,M010,P02,T03,121895.49
2025-04-24,M011,P03,T01,148673.78
2025-04-24,M012,P04,T03,123795.06
2025-04-24,M013,P01,T01,225905.26
2025-04-24,M014,P02,T03,185153.23
2025-04-24,M015,P03,T01,139031.36
2025-04-24,M016,P04,T03,105430.28
2025-04-24,M017,P01,T01,184384.63
2025-04-24,M018,P02,T03,157436.48
2025-04-24,M019,P03,T01,183693.86
2025-04-24,M020,P04,T03,170886.39
2025-04-24,M021,P01,T01,270855.56
2025-04-24,M022,P02,T03,133776.32
2025-04-24,M023,P03,T01,157345.93
2025-04-24,M024,P04,T03,135904.56
2025-04-24,M025,P01,T01,246969.76
2025-04-24,M026,P02,T03,215291.08
2025-04-24,M027,P03,T01,244347.83
2025-04-24,M028,P04,T03,203473.01
2025-04-24,M029,P01,T01,221421.75
2025-04-24,M030,P02,T03,191931.57
2025-04-24,M031,P03,T01,195999.57
2025-04-24,M032,P04,T03,161017.2
2025-04-24,M033,P01,T01,274112.19
2025-04-24,M034,P02,T03,226276.74
2025-04-24,M035,P03,T01,275731.97
2025-04-24,M036,P04,T03,153451.83
2025-04-24,M037,P01,T01,265428.38
2025-04-24,M038,P02,T03,220991.1
2025-04-24,M039,P03,T01,234703.26
2025-04-24,M040,P04,T03,208698.87
2025-04-24,M041,P01,T01,318426.23
2025-04-24,M042,P02,T03,265714.28
2025-04-24,M043,P03,T01,235253.49
2025-04-24,M044,P04,T03,170632.26
2025-04-24,M045,P01,T01,308761.66
2025-04-24,M046,P02,T03,231446.53
2025-04-24,M047,P03,T01,296659.06
2025-04-24,M048,P04,T03,222938.19
2025-04-25,M001,P02,T02,103696.63
2025-04-25,M002,P03,T04,76152.83
2025-04-25,M003,P04,T02,116816.92
2025-04-25,M004,P01,T04,128492.17
2025-04-25,M005,P02,T02,169028.95
2025-04-25,M006,P03,T04,128738.03
2025-04-25,M007,P04,T02,177176.49
2025-04-25,M008,P01,T04,109957.22
2025-04-25,M009,P02,T02,161565.08
2025-04-25,M010,P03,T04,119389.71
2025-04-25,M011,P04,T02,157092.91
2025-04-25,M012,P01,T04,169809.43
2025-04-25,M013,P02,T02,221341.51
2025-04-25,M014,P03,T04,153890.84
2025-04-25,M015,P04,T02,134669.43
2025-04-25,M016,P01,T04,144640.1
2025-04-25,M017,P02,T02,192931.76
2025-04-25,M018,P03,T04,134062.42
2025-04-25,M019,P04,T02,201532.73
2025-04-25,M020,P01,T04,202500.58
2025-04-25,M021,P02,T02,277399.69
2025-04-25,M022,P03,T04,131006.89
2025-04-25,M023,P04,T02,165333.49
2025-04-25,M024,P01,T04,192075.92
2025-04-25,M025,P02,T02,223852.24
2025-04-25,M026,P03,T04,160870.17
2025-04-25,M027,P04,T02,232004.4
2025-04-25,M028,P01,T04,243644.05
2025-04-25,M029,P02,T02,217217.82
2025-04-25,M030,P03,T04,142177.09
2025-04-25,M031,P04,T02,212042.35
2025-04-25,M032,P01,T04,234856.62
2025-04-25,M033,P02,T02,270194.55
2025-04-25,M034,P03,T04,187601.2
2025-04-25,M035,P04,T02,247634.52
2025-04-25,M036,P01,T04,184517.07
2025-04-25,M037,P02,T02,264221.56
2025-04-25,M038,P03,T04,180810.48
2025-04-25,M039,P04,T02,232064.78
2025-04-25,M040,P01,T04,248787.63
2025-04-25,M041,P02,T02,324934.36
2025-04-25,M042,P03,T04,244746.73
2025-04-25,M043,P04,T02,229150.51
2025-04-25,M044,P01,T04,217328.7
2025-04-25,M045,P02,T02,289610.13
2025-04-25,M046,P03,T04,214515.42
2025-04-25,M047,P04,T02,267605.65
2025-04-25,M048,P01,T04,280458.24
2025-04-26,M001,P03,T03,53118.85
2025-04-26,M002,P04,T01,100618.24
2025-04-26,M003,P01,T03,82563.08
2025-04-26,M004,P02,T01,178688.1
2025-04-26,M005,P03,T03,94657.89
2025-04-26,M006,P04,T01,180848.84
2025-04-26,M007,P01,T03,132507.88
2025-04-26,M008,P02,T01,126589.01
2025-04-26,M009,P03,T03,72958.32
2025-04-26,M010,P04,T01,149875.18
2025-04-26,M011,P01,T03,115946.04
2025-04-26,M012,P02,T01,207077.55
2025-04-26,M013,P03,T03,105334.57
2025-04-26,M014,P04,T01,219621.24
2025-04-26,M015,P01,T03,96302.38
2025-04-26,M016,P02,T01,194374.09
2025-04-26,M017,P03,T03,95086.16
2025-04-26,M018,P04,T01,185182.68
2025-04-26,M019,P01,T03,148488.23
2025-04-26,M020,P02,T01,240416.38
2025-04-26,M021,P03,T03,126889.38
2025-04-26,M022,P04,T01,166261.32
2025-04-26,M023,P01,T03,134930.17
2025-04-26,M024,P02,T01,214434.12
2025-04-26,M025,P03,T03,116718.75
2025-04-26,M026,P04,T01,232370.26
2025-04-26,M027,P01,T03,173729.98
2025-04-26,M028,P02,T01,299989.94
2025-04-26,M029,P03,T03,101546.93
2025-04-26,M030,P04,T01,197245.51
2025-04-26,M031,P01,T03,144787.37
2025-04-26,M032,P02,T01,263825.81
2025-04-26,M033,P03,T03,136846.79
2025-04-26,M034,P04,T01,241216.68
2025-04-26,M035,P01,T03,194578.03
2025-04-26,M036,P02,T01,230738.46
2025-04-26,M037,P03,T03,133817.93
2025-04-26,M038,P04,T01,233562.3
2025-04-26,M039,P01,T03,185041.42
2025-04-26,M040,P02,T01,317460.76
2025-04-26,M041,P03,T03,168917.2
2025-04-26,M042,P04,T01,319344.01
2025-04-26,M043,P01,T03,169434.38
2025-04-26,M044,P02,T01,292933.04
2025-04-26,M045,P03,T03,151576.96
2025-04-26,M046,P04,T01,282790.26
2025-04-26,M047,P01,T03,193771.04
2025-04-26,M048,P02,T01,368854.41
2025-04-27,M001,P04,T04,71991.07
2025-04-27,M002,P01,T02,92605.42
2025-04-27,M003,P02,T04,112584.83
2025-04-27,M004,P03,T02,103324.37
2025-04-27,M005,P04,T04,133022.02
2025-04-27,M006,P01,T02,156466.77
2025-04-27,M007,P02,T04,184724.8
2025-04-27,M008,P03,T02,81016.58
2025-04-27,M009,P04,T04,107841.73
2025-04-27,M010,P01,T02,127939.31
2025-04-27,M011,P02,T04,163151.47
2025-04-27,M012,P03,T02,127969.99
2025-04-27,M013,P04,T04,158472.32
2025-04-27,M014,P01,T02,182986.35
2025-04-27,M015,P02,T04,142438.15
2025-04-27,M016,P03,T02,114721.69
2025-04-27,M017,P04,T04,140522.04
2025-04-27,M018,P01,T02,169079.12
2025-04-27,M019,P02,T04,188395.73
2025-04-27,M020,P03,T02,157770.84
2025-04-27,M021,P04,T04,174752.61
2025-04-27,M022,P01,T02,152128.23
2025-04-27,M023,P02,T04,174257.27
2025-04-27,M024,P03,T02,144662.65
2025-04-27,M025,P04,T04,172269.33
2025-04-27,M026,P01,T02,211314.28
2025-04-27,M027,P02,T04,249090.43
2025-04-27,M028,P03,T02,194629.56
2025-04-27,M029,P04,T04,144494.88
2025-04-27,M030,P01,T02,173609.02
2025-04-27,M031,P02,T04,200915.05
2025-04-27,M032,P03,T02,162228.81
2025-04-27,M033,P04,T04,195571.73
2025-04-27,M034,P01,T02,253635.81
2025-04-27,M035,P02,T04,256808.91
2025-04-27,M036,P03,T02,163446.15
2025-04-27,M037,P04,T04,164510.52
2025-04-27,M038,P01,T02,210965.95
2025-04-27,M039,P02,T04,233107.13
2025-04-27,M040,P03,T02,200597.07
2025-04-27,M041,P04,T04,216234.35
2025-04-27,M042,P01,T02,256293.08
2025-04-27,M043,P02,T04,232150.4
2025-04-27,M044,P03,T02,192167.41
2025-04-27,M045,P04,T04,192793.51
2025-04-27,M046,P01,T02,237896.78
2025-04-27,M047,P02,T04,304788.3
2025-04-27,M048,P03,T02,236801.54
2025-04-28,M001,P01,T01,103491.39
2025-04-28,M002,P02,T03,95527.56
2025-04-28,M003,P03,T01,114584.46
2025-04-28,M004,P04,T03,106899.73
2025-04-28,M005,P01,T01,172708.13
2025-04-28,M006,P02,T03,143493.83
2025-04-28,M007,P03,T01,183818.55
2025-04-28,M008,P04,T03,84599.96
2025-04-28,M009,P01,T01,140608.06
2025-04-28,M010,P02,T03,134965.82
2025-04-28,M011,P03,T01,151240.39
2025-04-28,M012,P04,T03,129619.71
2025-04-28,M013,P01,T01,215704.27
2025-04-28,M014,P02,T03,180582.27
2025-04-28,M015,P03,T01,130408.08
2025-04-28,M016,P04,T03,109994.32
2025-04-28,M017,P01,T01,211014.98
2025-04-28,M018,P02,T03,168737.6
2025-04-28,M019,P03,T01,204869.08
2025-04-28,M020,P04,T03,155380.48
2025-04-28,M021,P01,T01,260565.47
2025-04-28,M022,P02,T03,135371.18
2025-04-28,M023,P03,T01,171379.59
2025-04-28,M024,P04,T03,140707.81
2025-04-28,M025,P01,T01,253721.67
2025-04-28,M026,P02,T03,201776.83
2025-04-28,M027,P03,T01,210702.61
2025-04-28,M028,P04,T03,188478.62
2025-04-28,M029,P01,T01,208966.82
2025-04-28,M030,P02,T03,172162.97
2025-04-28,M031,P03,T01,212253.34
2025-04-28,M032,P04,T03,174091.37
2025-04-28,M033,P01,T01,308748.95
2025-04-28,M034,P02,T03,246881.74
2025-04-28,M035,P03,T01,266691.14
2025-04-28,M036,P04,T03,164131.92
2025-04-28,M037,P01,T01,259032.96
2025-04-28,M038,P02,T03,212794.38
2025-04-28,M039,P03,T01,232547.97
2025-04-28,M040,P04,T03,186214.54
2025-04-28,M041,P01,T01,316258.2
2025-04-28,M042,P02,T03,267099.51
2025-04-28,M043,P03,T01,216401.43
2025-04-28,M044,P04,T03,178827.64
2025-04-28,M045,P01,T01,307907.23
2025-04-28,M046,P02,T03,251315.04
2025-04-28,M047,P03,T01,293136.62
2025-04-28,M048,P04,T03,212241.81
2025-04-29,M001,P02,T02,101318.2
2025-04-29,M002,P03,T04,83829.38
2025-04-29,M003,P04,T02,114927.96
2025-04-29,M004,P01,T04,124969.33
2025-04-29,M005,P02,T02,179392.95
2025-04-29,M006,P03,T04,121580.22
2025-04-29,M007,P04,T02,187891.4
2025-04-29,M008,P01,T04,114397.61
2025-04-29,M009,P02,T02,159338.75
2025-04-29,M010,P03,T04,120030.21
2025-04-29,M011,P04,T02,142052.31
2025-04-29,M012,P01,T04,176463.95
2025-04-29,M013,P02,T02,218321.22
2025-04-29,M014,P03,T04,149728.22
2025-04-29,M015,P04,T02,125765.1
2025-04-29,M016,P01,T04,134771.48
2025-04-29,M017,P02,T02,198070.41
2025-04-29,M018,P03,T04,147275.87
2025-04-29,M019,P04,T02,188735.35
2025-04-29,M020,P01,T04,194814.16
2025-04-29,M021,P02,T02,255088.65
2025-04-29,M022,P03,T04,125773.97
2025-04-29,M023,P04,T02,154710.4
2025-04-29,M024,P01,T04,192221.24
2025-04-29,M025,P02,T02,253677.32
2025-04-29,M026,P03,T04,170362.52
2025-04-29,M027,P04,T02,209407.3
2025-04-29,M028,P01,T04,233702.81
2025-04-29,M029,P02,T02,223746.41
2025-04-29,M030,P03,T04,151882.65
2025-04-29,M031,P04,T02,191831.44
2025-04-29,M032,P01,T04,227070.33
2025-04-29,M033,P02,T02,299913.2
2025-04-29,M034,P03,T04,212893.71
2025-04-29,M035,P04,T02,256222.15
2025-04-29,M036,P01,T04,185072.8
2025-04-29,M037,P02,T02,236437.17
2025-04-29,M038,P03,T04,179690.39
2025-04-29,M039,P04,T02,224522.95
2025-04-29,M040,P01,T04,268088.47
2025-04-29,M041,P02,T02,332904.25
2025-04-29,M042,P03,T04,245299.24
2025-04-29,M043,P04,T02,219537.81
2025-04-29,M044,P01,T04,231276.89
2025-04-29,M045,P02,T02,315766.01
2025-04-29,M046,P03,T04,198754.28
2025-04-29,M047,P04,T02,273623.85
2025-04-29,M048,P01,T04,298280.99
2025-04-30,M001,P03,T03,58091.38
2025-04-30,M002,P04,T01,119042.71
2025-04-30,M003,P01,T03,91988.08
2025-04-30,M004,P02,T01,198556.97
2025-04-30,M005,P03,T03,92703.3
2025-04-30,M006,P04,T01,179760.04
2025-04-30,M007,P01,T03,152349.86
2025-04-30,M008,P02,T01,147431.88
2025-04-30,M009,P03,T03,86662.63
2025-04-30,M010,P04,T01,159831.14
2025-04-30,M011,P01,T03,121903.78
2025-04-30,M012,P02,T01,229397.11
2025-04-30,M013,P03,T03,127499.57
2025-04-30,M014,P04,T01,223255.58
2025-04-30,M015,P01,T03,104766.74
2025-04-30,M016,P02,T01,216671.15
2025-04-30,M017,P03,T03,106562.98
2025-04-30,M018,P04,T01,188457.87
2025-04-30,M019,P01,T03,150318.12
2025-04-30,M020,P02,T01,294482.03
2025-04-30,M021,P03,T03,146308.7
2025-04-30,M022,P04,T01,176352.08
2025-04-30,M023,P01,T03,148775.79
2025-04-30,M024,P02,T01,252970.01
2025-04-30,M025,P03,T03,127660.37
2025-04-30,M026,P04,T01,239254.46
2025-04-30,M027,P01,T03,187813.93
2025-04-30,M028,P02,T01,366211.19
2025-04-30,M029,P03,T03,115901.89
2025-04-30,M030,P04,T01,232941.09
2025-04-30,M031,P01,T03,176090.1
2025-04-30,M032,P02,T01,332983.91
2025-04-30,M033,P03,T03,157690.29
2025-04-30,M034,P04,T01,300252.61
2025-04-30,M035,P01,T03,238757.51
2025-04-30,M036,P02,T01,266073.22
2025-04-30,M037,P03,T03,154623.59
2025-04-30,M038,P04,T01,277143.08
2025-04-30,M039,P01,T03,217216.09
2025-04-30,M040,P02,T01,384442.27
2025-04-30,M041,P03,T03,185744.62
2025-04-30,M042,P04,T01,355309.08
2025-04-30,M043,P01,T03,190124.25
2025-04-30,M044,P02,T01,348891.81
2025-04-30,M045,P03,T03,159752.88
2025-04-30,M046,P04,T01,287526.65
2025-04-30,M047,P01,T03,243195.73
2025-04-30,M048,P02,T01,380374.37
2025-05-01,M001,P02,T02,98419.5
2025-05-01,M002,P03,T04,84069.11
2025-05-01,M003,P04,T02,106649.73
2025-05-01,M004,P01,T04,131211.05
2025-05-01,M005,P02,T02,171218.84
2025-05-01,M006,P03,T04,129370.33
2025-05-01,M007,P04,T02,176314.43
2025-05-01,M008,P01,T04,108030.12
2025-05-01,M009,P02,T02,156390.73
2025-05-01,M010,P03,T04,106843.17
2025-05-01,M011,P04,T02,162551.23
2025-05-01,M012,P01,T04,174878.79
2025-05-01,M013,P02,T02,222869.09
2025-05-01,M014,P03,T04,159685.56
2025-05-01,M015,P04,T02,129601.05
2025-05-01,M016,P01,T04,135116.76
2025-05-01,M017,P02,T02,193227.06
2025-05-01,M018,P03,T04,131140.19
2025-05-01,M019,P04,T02,180765.66
2025-05-01,M020,P01,T04,204147.47
2025-05-01,M021,P02,T02,278518.79
2025-05-01,M022,P03,T04,130702.61
2025-05-01,M023,P04,T02,157105.14
2025-05-01,M024,P01,T04,181269.53
2025-05-01,M025,P02,T02,241514.25
2025-05-01,M026,P03,T04,157866.57
2025-05-01,M027,P04,T02,212147.75
2025-05-01,M028,P01,T04,258045.0
2025-05-01,M029,P02,T02,223746.06
2025-05-01,M030,P03,T04,150312.93
2025-05-01,M031,P04,T02,213207.33
2025-05-01,M032,P01,T04,217505.05
2025-05-01,M033,P02,T02,298061.45
2025-05-01,M034,P03,T04,197666.48
2025-05-01,M035,P04,T02,250200.53
2025-05-01,M036,P01,T04,178579.13
2025-05-01,M037,P02,T02,257671.63
2025-05-01,M038,P03,T04,184153.1
2025-05-01,M039,P04,T02,248109.97
2025-05-01,M040,P01,T04,234333.86
2025-05-01,M041,P02,T02,308875.02
2025-05-01,M042,P03,T04,214501.26
2025-05-01,M043,P04,T02,214295.23
2025-05-01,M044,P01,T04,239047.06
2025-05-01,M045,P02,T02,284706.84
2025-05-01,M046,P03,T04,197015.61
2025-05-01,M047,P04,T02,254817.27
2025-05-01,M048,P01,T04,278534.47
2025-05-02,M001,P03,T03,61717.23
2025-05-02,M002,P04,T01,116929.83
2025-05-02,M003,P01,T03,94108.52
2025-05-02,M004,P02,T01,187876.53
2025-05-02,M005,P03,T03,96322.24
2025-05-02,M006,P04,T01,180891.53
2025-05-02,M007,P01,T03,138688.85
2025-05-02,M008,P02,T01,141533.31
2025-05-02,M009,P03,T03,77808.25
2025-05-02,M010,P04,T01,169294.1
2025-05-02,M011,P01,T03,128006.02
2025-05-02,M012,P02,T01,221364.05
2025-05-02,M013,P03,T03,121490.71
2025-05-02,M014,P04,T01,240910.09
2025-05-02,M015,P01,T03,105042.25
2025-05-02,M016,P02,T01,215172.03
2025-05-02,M017,P03,T03,109934.76
2025-05-02,M018,P04,T01,205735.69
2025-05-02,M019,P01,T03,154013.62
2025-05-02,M020,P02,T01,269378.07
2025-05-02,M021,P03,T03,153003.2
2025-05-02,M022,P04,T01,184404.69
2025-05-02,M023,P01,T03,147835.32
2025-05-02,M024,P02,T01,239914.24
2025-05-02,M025,P03,T03,125986.52
2025-05-02,M026,P04,T01,245261.83
2025-05-02,M027,P01,T03,200916.94
2025-05-02,M028,P02,T01,355703.09
2025-05-02,M029,P03,T03,115211.13
2025-05-02,M030,P04,T01,219526.24
2025-05-02,M031,P01,T03,160551.31
2025-05-02,M032,P02,T01,330221.03
2025-05-02,M033,P03,T03,162154.61
2025-05-02,M034,P04,T01,296911.58
2025-05-02,M035,P01,T03,213807.07
2025-05-02,M036,P02,T01,265771.75
2025-05-02,M037,P03,T03,146332.89
2025-05-02,M038,P04,T01,265752.92
2025-05-02,M039,P01,T03,210096.86
2025-05-02,M040,P02,T01,376000.33
2025-05-02,M041,P03,T03,179491.96
2025-05-02,M042,P04,T01,311766.17
2025-05-02,M043,P01,T03,193243.56
2025-05-02,M044,P02,T01,344904.0
2025-05-02,M045,P03,T03,156900.11
2025-05-02,M046,P04,T01,307603.58
2025-05-02,M047,P01,T03,232649.2
2025-05-02,M048,P02,T01,412071.75
2025-05-03,M001,P04,T04,72201.23
2025-05-03,M002,P01,T02,100078.43
2025-05-03,M003,P02,T04,116959.35
2025-05-03,M004,P03,T02,107067.48
2025-05-03,M005,P04,T04,117034.39
2025-05-03,M006,P01,T02,164003.29
2025-05-03,M007,P02,T04,173891.07
2025-05-03,M008,P03,T02,80223.17
2025-05-03,M009,P04,T04,106099.54
2025-05-03,M010,P01,T02,121497.08
2025-05-03,M011,P02,T04,150519.03
2025-05-03,M012,P03,T02,136070.76
2025-05-03,M013,P04,T04,143857.95
2025-05-03,M014,P01,T02,188809.81
2025-05-03,M015,P02,T04,142309.83
2025-05-03,M016,P03,T02,121007.45
2025-05-03,M017,P04,T04,137029.81
2025-05-03,M018,P01,T02,154175.69
2025-05-03,M019,P02,T04,188261.79
2025-05-03,M020,P03,T02,162574.41
2025-05-03,M021,P04,T04,182511.16
2025-05-03,M022,P01,T02,151503.13
2025-05-03,M023,P02,T04,171248.45
2025-05-03,M024,P03,T02,139315.98
2025-05-03,M025,P04,T04,158956.77
2025-05-03,M026,P01,T02,206007.97
2025-05-03,M027,P02,T04,244866.32
2025-05-03,M028,P03,T02,199315.41
2025-05-03,M029,P04,T04,139101.24
2025-05-03,M030,P01,T02,193851.95
2025-05-03,M031,P02,T04,218332.87
2025-05-03,M032,P03,T02,163805.77
2025-05-03,M033,P04,T04,196359.16
2025-05-03,M034,P01,T02,230777.78
2025-05-03,M035,P02,T04,274081.47
2025-05-03,M036,P03,T02,147777.59
2025-05-03,M037,P04,T04,177365.42
2025-05-03,M038,P01,T02,230371.95
2025-05-03,M039,P02,T04,228047.23
2025-05-03,M040,P03,T02,195961.55
2025-05-03,M041,P04,T04,227580.25
2025-05-03,M042,P01,T02,284526.33
2025-05-03,M043,P02,T04,225721.85
2025-05-03,M044,P03,T02,167756.47
2025-05-03,M045,P04,T04,192727.65
2025-05-03,M046,P01,T02,231410.21
2025-05-03,M047,P02,T04,280660.05
2025-05-03,M048,P03,T02,238276.65
2025-05-04,M001,P01,T01,93434.51
2025-05-04,M002,P02,T03,86920.16
2025-05-04,M003,P03,T01,103260.93
2025-05-04,M004,P04,T03,84811.12
2025-05-04,M005,P01,T01,171411.07
2025-05-04,M006,P02,T03,141544.78
2025-05-04,M007,P03,T01,151307.2
2025-05-04,M008,P04,T03,70807.63
2025-05-04,M009,P01,T01,136350.9
2025-05-04,M010,P02,T03,123675.05
2025-05-04,M011,P03,T01,135393.92
2025-05-04,M012,P04,T03,122893.73
2025-05-04,M013,P01,T01,194714.47
2025-05-04,M014,P02,T03,161660.95
2025-05-04,M015,P03,T01,114095.6
2025-05-04,M016,P04,T03,99960.41
2025-05-04,M017,P01,T01,165918.94
2025-05-04,M018,P02,T03,142107.41
2025-05-04,M019,P03,T01,166839.76
2025-05-04,M020,P04,T03,139504.94
2025-05-04,M021,P01,T01,237851.67
2025-05-04,M022,P02,T03,124046.7
2025-05-04,M023,P03,T01,144472.7
2025-05-04,M024,P04,T03,130679.85
2025-05-04,M025,P01,T01,205032.93
2025-05-04,M026,P02,T03,169919.51
2025-05-04,M027,P03,T01,207356.71
2025-05-04,M028,P04,T03,163660.07
2025-05-04,M029,P01,T01,179973.23
2025-05-04,M030,P02,T03,162308.31
2025-05-04,M031,P03,T01,181042.43
2025-05-04,M032,P04,T03,156580.66
2025-05-04,M033,P01,T01,246381.86
2025-05-04,M034,P02,T03,203737.46
2025-05-04,M035,P03,T01,243243.55
2025-05-04,M036,P04,T03,140222.37
2025-05-04,M037,P01,T01,218606.09
2025-05-04,M038,P02,T03,200196.43
2025-05-04,M039,P03,T01,203369.18
2025-05-04,M040,P04,T03,190590.4
2025-05-04,M041,P01,T01,297212.33
2025-05-04,M042,P02,T03,262916.24
2025-05-04,M043,P03,T01,190841.79
2025-05-04,M044,P04,T03,159339.07
2025-05-04,M045,P01,T01,254483.65
2025-05-04,M046,P02,T03,238418.84
2025-05-04,M047,P03,T01,242726.69
2025-05-04,M048,P04,T03,205528.48
2025-05-05,M001,P02,T02,104983.26
2025-05-05,M002,P03,T04,79875.85
2025-05-05,M003,P04,T02,112201.76
2025-05-05,M004,P01,T04,133453.41
2025-05-05,M005,P02,T02,179661.79
2025-05-05,M006,P03,T04,124637.82
2025-05-05,M007,P04,T02,165253.38
2025-05-05,M008,P01,T04,107220.2
2025-05-05,M009,P02,T02,158102.21
2025-05-05,M010,P03,T04,108355.83
2025-05-05,M011,P04,T02,151733.77
2025-05-05,M012,P01,T04,171409.96
2025-05-05,M013,P02,T02,204638.67
2025-05-05,M014,P03,T04,152923.74
2025-05-05,M015,P04,T02,136572.75
2025-05-05,M016,P01,T04,146894.47
2025-05-05,M017,P02,T02,207174.94
2025-05-05,M018,P03,T04,151813.93
2025-05-05,M019,P04,T02,201761.89
2025-05-05,M020,P01,T04,209742.42
2025-05-05,M021,P02,T02,246584.17
2025-05-05,M022,P03,T04,117582.89
2025-05-05,M023,P04,T02,174433.2
2025-05-05,M024,P01,T04,169676.77
2025-05-05,M025,P02,T02,240878.21
2025-05-05,M026,P03,T04,174933.33
2025-05-05,M027,P04,T02,221936.81
2025-05-05,M028,P01,T04,257433.76
2025-05-05,M029,P02,T02,200318.25
2025-05-05,M030,P03,T04,147619.06
2025-05-05,M031,P04,T02,185352.85
2025-05-05,M032,P01,T04,209052.62
2025-05-05,M033,P02,T02,297866.81
2025-05-05,M034,P03,T04,208332.17
2025-05-05,M035,P04,T02,271571.62
2025-05-05,M036,P01,T04,203325.94
2025-05-05,M037,P02,T02,237351.18
2025-05-05,M038,P03,T04,182912.54
2025-05-05,M039,P04,T02,243022.94
2025-05-05,M040,P01,T04,244248.46
2025-05-05,M041,P02,T02,337647.75
2025-05-05,M042,P03,T04,240881.36
2025-05-05,M043,P04,T02,217842.83
2025-05-05,M044,P01,T04,227937.36
2025-05-05,M045,P02,T02,294161.66
2025-05-05,M046,P03,T04,216168.34
2025-05-05,M047,P04,T02,259617.71
2025-05-05,M048,P01,T04,277303.58
2025-05-06,M001,P03,T03,58904.52
2025-05-06,M002,P04,T01,108053.37
2025-05-06,M003,P01,T03,92644.56
2025-05-06,M004,P02,T01,182081.73
2025-05-06,M005,P03,T03,92403.72
2025-05-06,M006,P04,T01,173883.93
2025-05-06,M007,P01,T03,135882.21
2025-05-06,M008,P02,T01,160720.41
2025-05-06,M009,P03,T03,83237.06
2025-05-06,M010,P04,T01,152696.51
2025-05-06,M011,P01,T03,136390.65
2025-05-06,M012,P02,T01,241836.3
2025-05-06,M013,P03,T03,127928.29
2025-05-06,M014,P04,T01,236539.96
2025-05-06,M015,P01,T03,116450.25
2025-05-06,M016,P02,T01,191506.25
2025-05-06,M017,P03,T03,106059.07
2025-05-06,M018,P04,T01,190569.55
2025-05-06,M019,P01,T03,168589.07
2025-05-06,M020,P02,T01,270160.26
2025-05-06,M021,P03,T03,146005.26
2025-05-06,M022,P04,T01,172539.12
2025-05-06,M023,P01,T03,148842.76
2025-05-06,M024,P02,T01,239844.82
2025-05-06,M025,P03,T03,130298.71
2025-05-06,M026,P04,T01,234374.39
2025-05-06,M027,P01,T03,185868.27
2025-05-06,M028,P02,T01,346603.07
2025-05-06,M029,P03,T03,112346.3
2025-05-06,M030,P04,T01,211595.74
2025-05-06,M031,P01,T03,181324.41
2025-05-06,M032,P02,T01,292235.73
2025-05-06,M033,P03,T03,159218.89
2025-05-06,M034,P04,T01,290978.16
2025-05-06,M035,P01,T03,221597.85
2025-05-06,M036,P02,T01,273312.19
2025-05-06,M037,P03,T03,145001.0
2025-05-06,M038,P04,T01,243933.3
2025-05-06,M039,P01,T03,215962.39
2025-05-06,M040,P02,T01,334347.86
2025-05-06,M041,P03,T03,183141.61
2025-05-06,M042,P04,T01,348223.07
2025-05-06,M043,P01,T03,177520.03
2025-05-06,M044,P02,T01,336803.52
2025-05-06,M045,P03,T03,170798.66
2025-05-06,M046,P04,T01,317364.64
2025-05-06,M047,P01,T03,229295.71
2025-05-06,M048,P02,T01,378666.6
2025-05-07,M001,P04,T04,73469.34
2025-05-07,M002,P01,T02,107942.73
2025-05-07,M003,P02,T04,123441.98
2025-05-07,M004,P03,T02,110742.98
2025-05-07,M005,P04,T04,131986.74
2025-05-07,M006,P01,T02,182858.32
2025-05-07,M007,P02,T04,210928.52
2025-05-07,M008,P03,T02,98921.45
2025-05-07,M009,P04,T04,112951.76
2025-05-07,M010,P01,T02,146672.06
2025-05-07,M011,P02,T04,184166.19
2025-05-07,M012,P03,T02,139362.18
2025-05-07,M013,P04,T04,162439.35
2025-05-07,M014,P01,T02,222811.66
2025-05-07,M015,P02,T04,153141.26
2025-05-07,M016,P03,T02,118467.71
2025-05-07,M017,P04,T04,139623.03
2025-05-07,M018,P01,T02,171771.84
2025-05-07,M019,P02,T04,217883.27
2025-05-07,M020,P03,T02,185503.52
2025-05-07,M021,P04,T04,214737.1
2025-05-07,M022,P01,T02,159282.93
2025-05-07,M023,P02,T04,182410.75
2025-05-07,M024,P03,T02,165118.88
2025-05-07,M025,P04,T04,183549.04
2025-05-07,M026,P01,T02,219656.71
2025-05-07,M027,P02,T04,255337.19
2025-05-07,M028,P03,T02,192222.62
2025-05-07,M029,P04,T04,171431.45
2025-05-07,M030,P01,T02,211184.66
2025-05-07,M031,P02,T04,239836.54
2025-05-07,M032,P03,T02,188508.69
2025-05-07,M033,P04,T04,225387.76
2025-05-07,M034,P01,T02,244564.96
2025-05-07,M035,P02,T04,311345.42
2025-05-07,M036,P03,T02,162309.33
2025-05-07,M037,P04,T04,182660.09
2025-05-07,M038,P01,T02,234802.33
2025-05-07,M039,P02,T04,285590.16
2025-05-07,M040,P03,T02,209418.86
2025-05-07,M041,P04,T04,248916.74
2025-05-07,M042,P01,T02,282941.4
2025-05-07,M043,P02,T04,260480.5
2025-05-07,M044,P03,T02,190747.5
2025-05-07,M045,P04,T04,237684.1
2025-05-07,M046,P01,T02,260999.47
2025-05-07,M047,P02,T04,337681.73
2025-05-07,M048,P03,T02,232745.03
2025-05-08,M001,P01,T01,113157.74
2025-05-08,M002,P02,T03,99672.93
2025-05-08,M003,P03,T01,107594.08
2025-05-08,M004,P04,T03,106399.66
2025-05-08,M005,P01,T01,183656.34
2025-05-08,M006,P02,T03,162481.7
2025-05-08,M007,P03,T01,184479.19
2025-05-08,M008,P04,T03,90146.76
2025-05-08,M009,P01,T01,143192.04
2025-05-08,M010,P02,T03,128988.89
2025-05-08,M011,P03,T01,149263.32
2025-05-08,M012,P04,T03,125841.13
2025-05-08,M013,P01,T01,222219.77
2025-05-08,M014,P02,T03,200336.0
2025-05-08,M015,P03,T01,137676.91
2025-05-08,M016,P04,T03,107786.63
2025-05-08,M017,P01,T01,205608.57
2025-05-08,M018,P02,T03,162448.41
2025-05-08,M019,P03,T01,203025.36
2025-05-08,M020,P04,T03,154882.25
2025-05-08,M021,P01,T01,291500.06
2025-05-08,M022,P02,T03,134221.99
2025-05-08,M023,P03,T01,163847.48
2025-05-08,M024,P04,T03,145529.66
2025-05-08,M025,P01,T01,253908.72
2025-05-08,M026,P02,T03,193614.65
2025-05-08,M027,P03,T01,211910.06
2025-05-08,M028,P04,T03,201040.06
2025-05-08,M029,P01,T01,217947.29
2025-05-08,M030,P02,T03,177940.64
2025-05-08,M031,P03,T01,212575.45
2025-05-08,M032,P04,T03,170554.65
2025-05-08,M033,P01,T01,270275.02
2025-05-08,M034,P02,T03,230230.48
2025-05-08,M035,P03,T01,251982.17
2025-05-08,M036,P04,T03,143533.21
2025-05-08,M037,P01,T01,264125.46
2025-05-08,M038,P02,T03,217863.57
2025-05-08,M039,P03,T01,244791.78
2025-05-08,M040,P04,T03,203796.58
2025-05-08,M041,P01,T01,344661.48
2025-05-08,M042,P02,T03,249917.37
2025-05-08,M043,P03,T01,214743.05
2025-05-08,M044,P04,T03,182636.33
2025-05-08,M045,P01,T01,323743.76
2025-05-08,M046,P02,T03,245733.33
2025-05-08,M047,P03,T01,275847.13
2025-05-08,M048,P04,T03,220840.98
2025-05-09,M001,P02,T02,95876.38
2025-05-09,M002,P03,T04,85586.3
2025-05-09,M003,P04,T02,112128.79
2025-05-09,M004,P01,T04,134479.67
2025-05-09,M005,P02,T02,181147.13
2025-05-09,M006,P03,T04,121734.24
2025-05-09,M007,P04,T02,176232.3
2025-05-09,M008,P01,T04,104745.61
2025-05-09,M009,P02,T02,141671.55
2025-05-09,M010,P03,T04,119859.86
2025-05-09,M011,P04,T02,149008.07
2025-05-09,M012,P01,T04,170282.92
2025-05-09,M013,P02,T02,228156.93
2025-05-09,M014,P03,T04,166735.36
2025-05-09,M015,P04,T02,118940.2
2025-05-09,M016,P01,T04,142787.58
2025-05-09,M017,P02,T02,201275.1
2025-05-09,M018,P03,T04,143058.24
2025-05-09,M019,P04,T02,202274.09
2025-05-09,M020,P01,T04,208473.01
2025-05-09,M021,P02,T02,268372.51
2025-05-09,M022,P03,T04,121440.68
2025-05-09,M023,P04,T02,154648.3
2025-05-09,M024,P01,T04,181674.09
2025-05-09,M025,P02,T02,225895.26
2025-05-09,M026,P03,T04,182706.55
2025-05-09,M027,P04,T02,208425.05
2025-05-09,M028,P01,T04,258675.5
2025-05-09,M029,P02,T02,193155.38
2025-05-09,M030,P03,T04,151374.91
2025-05-09,M031,P04,T02,196710.09
2025-05-09,M032,P01,T04,234500.84
2025-05-09,M033,P02,T02,300246.21
2025-05-09,M034,P03,T04,213677.4
2025-05-09,M035,P04,T02,256907.43
2025-05-09,M036,P01,T04,183902.23
2025-05-09,M037,P02,T02,245013.33
2025-05-09,M038,P03,T04,180264.43
2025-05-09,M039,P04,T02,228790.21
2025-05-09,M040,P01,T04,262590.56
2025-05-09,M041,P02,T02,306004.55
2025-05-09,M042,P03,T04,220768.28
2025-05-09,M043,P04,T02,215657.15
2025-05-09,M044,P01,T04,243662.86
2025-05-09,M045,P02,T02,313556.16
2025-05-09,M046,P03,T04,199928.92
2025-05-09,M047,P04,T02,274879.2
2025-05-09,M048,P01,T04,273403.87
2025-05-10,M001,P03,T03,48752.57
2025-05-10,M002,P04,T01,107533.84
2025-05-10,M003,P01,T03,85240.29
2025-05-10,M004,P02,T01,161861.52
2025-05-10,M005,P03,T03,87275.19
2025-05-10,M006,P04,T01,165625.65
2025-05-10,M007,P01,T03,125867.89
2025-05-10,M008,P02,T01,126835.99
2025-05-10,M009,P03,T03,73518.66
2025-05-10,M010,P04,T01,150344.42
2025-05-10,M011,P01,T03,112054.22
2025-05-10,M012,P02,T01,224061.23
2025-05-10,M013,P03,T03,106290.85
2025-05-10,M014,P04,T01,189578.72
2025-05-10,M015,P01,T03,91538.9
2025-05-10,M016,P02,T01,175712.44
2025-05-10,M017,P03,T03,97935.07
2025-05-10,M018,P04,T01,182227.0
2025-05-10,M019,P01,T03,136979.24
2025-05-10,M020,P02,T01,249707.91
2025-05-10,M021,P03,T03,140300.71
2025-05-10,M022,P04,T01,161023.03
2025-05-10,M023,P01,T03,134566.72
2025-05-10,M024,P02,T01,245007.95
2025-05-10,M025,P03,T03,125719.06
2025-05-10,M026,P04,T01,205851.61
2025-05-10,M027,P01,T03,170096.45
2025-05-10,M028,P02,T01,329658.21
2025-05-10,M029,P03,T03,108351.01
2025-05-10,M030,P04,T01,181043.66
2025-05-10,M031,P01,T03,160263.62
2025-05-10,M032,P02,T01,274956.68
2025-05-10,M033,P03,T03,145866.19
2025-05-10,M034,P04,T01,262328.99
2025-05-10,M035,P01,T03,207896.55
2025-05-10,M036,P02,T01,251029.12
2025-05-10,M037,P03,T03,127212.7
2025-05-10,M038,P04,T01,226627.57
2025-05-10,M039,P01,T03,183594.66
2025-05-10,M040,P02,T01,312479.17
2025-05-10,M041,P03,T03,153878.55
2025-05-10,M042,P04,T01,307086.39
2025-05-10,M043,P01,T03,157833.7
2025-05-10,M044,P02,T01,272220.34
2025-05-10,M045,P03,T03,141873.96
2025-05-10,M046,P04,T01,288552.52
2025-05-10,M047,P01,T03,200535.19
2025-05-10,M048,P02,T01,363305.27
2025-05-11,M001,P04,T04,72433.32
2025-05-11,M002,P01,T02,96471.11
2025-05-11,M003,P02,T04,127377.75
2025-05-11,M004,P03,T02,105930.61
2025-05-11,M005,P04,T04,131444.97
2025-05-11,M006,P01,T02,152192.47
2025-05-11,M007,P02,T04,178301.52
2025-05-11,M008,P03,T02,79159.55
2025-05-11,M009,P04,T04,95175.51
2025-05-11,M010,P01,T02,135847.5
2025-05-11,M011,P02,T04,150378.32
2025-05-11,M012,P03,T02,122718.98
2025-05-11,M013,P04,T04,164620.39
2025-05-11,M014,P01,T02,185166.83
2025-05-11,M015,P02,T04,125227.51
2025-05-11,M016,P03,T02,111777.13
2025-05-11,M017,P04,T04,139297.84
2025-05-11,M018,P01,T02,159908.3
2025-05-11,M019,P02,T04,205336.12
2025-05-11,M020,P03,T02,169303.26
2025-05-11,M021,P04,T04,171473.35
2025-05-11,M022,P01,T02,148085.23
2025-05-11,M023,P02,T04,175958.82
2025-05-11,M024,P03,T02,141632.07
2025-05-11,M025,P04,T04,177102.74
2025-05-11,M026,P01,T02,202838.88
2025-05-11,M027,P02,T04,229682.32
2025-05-11,M028,P03,T02,185637.45
2025-05-11,M029,P04,T04,135076.72
2025-05-11,M030,P01,T02,175293.42
2025-05-11,M031,P02,T04,196966.12
2025-05-11,M032,P03,T02,173515.15
2025-05-11,M033,P04,T04,190604.48
2025-05-11,M034,P01,T02,253742.94
2025-05-11,M035,P02,T04,260514.32
2025-05-11,M036,P03,T02,147275.87
2025-05-11,M037,P04,T04,175558.03
2025-05-11,M038,P01,T02,228420.83
2025-05-11,M039,P02,T04,234138.47
2025-05-11,M040,P03,T02,182832.04
2025-05-11,M041,P04,T04,210466.5
2025-05-11,M042,P01,T02,278872.16
2025-05-11,M043,P02,T04,228274.96
2025-05-11,M044,P03,T02,176294.8
2025-05-11,M045,P04,T04,193023.04
2025-05-11,M046,P01,T02,249978.25
2025-05-11,M047,P02,T04,270150.0
2025-05-11,M048,P03,T02,211111.22
2025-05-12,M001,P01,T01,101221.35
2025-05-12,M002,P02,T03,95991.28
2025-05-12,M003,P03,T01,112889.29
2025-05-12,M004,P04,T03,108412.19
2025-05-12,M005,P01,T01,172068.84
2025-05-12,M006,P02,T03,158903.78
2025-05-12,M007,P03,T01,186127.16
2025-05-12,M008,P04,T03,78846.35
2025-05-12,M009,P01,T01,157182.1
2025-05-12,M010,P02,T03,126969.74
2025-05-12,M011,P03,T01,154854.77
2025-05-12,M012,P04,T03,120226.98
2025-05-12,M013,P01,T01,232920.76
2025-05-12,M014,P02,T03,174471.14
2025-05-12,M015,P03,T01,137212.83
2025-05-12,M016,P04,T03,108619.59
2025-05-12,M017,P01,T01,198043.92
2025-05-12,M018,P02,T03,166801.19
2025-05-12,M019,P03,T01,190145.92
2025-05-12,M020,P04,T03,157493.6
2025-05-12,M021,P01,T01,251624.03
2025-05-12,M022,P02,T03,146886.07
2025-05-12,M023,P03,T01,167163.83
2025-05-12,M024,P04,T03,148248.78
2025-05-12,M025,P01,T01,241296.24
2025-05-12,M026,P02,T03,198238.76
2025-05-12,M027,P03,T01,243814.24
2025-05-12,M028,P04,T03,183199.31
2025-05-12,M029,P01,T01,226194.42
2025-05-12,M030,P02,T03,192799.44
2025-05-12,M031,P03,T01,205633.13
2025-05-12,M032,P04,T03,166452.44
2025-05-12,M033,P01,T01,301918.66
2025-05-12,M034,P02,T03,216934.06
2025-05-12,M035,P03,T01,267926.74
2025-05-12,M036,P04,T03,158097.61
2025-05-12,M037,P01,T01,249627.46
2025-05-12,M038,P02,T03,202375.38
2025-05-12,M039,P03,T01,254873.57
2025-05-12,M040,P04,T03,199779.45
2025-05-12,M041,P01,T01,323091.43
2025-05-12,M042,P02,T03,249437.7
2025-05-12,M043,P03,T01,232407.36
2025-05-12,M044,P04,T03,168254.67
2025-05-12,M045,P01,T01,288848.38
2025-05-12,M046,P02,T03,235966.52
2025-05-12,M047,P03,T01,279314.02
2025-05-12,M048,P04,T03,217703.89
2025-05-13,M001,P02,T02,98204.67
2025-05-13,M002,P03,T04,87101.73
2025-05-13,M003,P04,T02,110497.72
2025-05-13,M004,P01,T04,135511.32
2025-05-13,M005,P02,T02,183213.15
2025-05-13,M006,P03,T04,135914.43
2025-05-13,M007,P04,T02,174335.95
2025-05-13,M008,P01,T04,111101.3
2025-05-13,M009,P02,T02,149892.76
2025-05-13,M010,P03,T04,114616.02
2025-05-13,M011,P04,T02,158369.85
2025-05-13,M012,P01,T04,157413.56
2025-05-13,M013,P02,T02,224807.92
2025-05-13,M014,P03,T04,161250.37
2025-05-13,M015,P04,T02,133407.18
2025-05-13,M016,P01,T04,148787.62
2025-05-13,M017,P02,T02,208196.27
2025-05-13,M018,P03,T04,132241.44
2025-05-13,M019,P04,T02,190683.66
2025-05-13,M020,P01,T04,197876.65
2025-05-13,M021,P02,T02,283365.07
2025-05-13,M022,P03,T04,114506.05
2025-05-13,M023,P04,T02,158696.85
2025-05-13,M024,P01,T04,190624.37
2025-05-13,M025,P02,T02,222064.53
2025-05-13,M026,P03,T04,157244.14
2025-05-13,M027,P04,T02,235488.44
2025-05-13,M028,P01,T04,241488.3
2025-05-13,M029,P02,T02,215533.21
2025-05-13,M030,P03,T04,141516.53
2025-05-13,M031,P04,T02,215567.17
2025-05-13,M032,P01,T04,219846.87
2025-05-13,M033,P02,T02,283683.21
2025-05-13,M034,P03,T04,207797.8
2025-05-13,M035,P04,T02,266793.25
2025-05-13,M036,P01,T04,205856.79
2025-05-13,M037,P02,T02,259947.25
2025-05-13,M038,P03,T04,175783.12
2025-05-13,M039,P04,T02,231222.34
2025-05-13,M040,P01,T04,246871.68
2025-05-13,M041,P02,T02,334946.34
2025-05-13,M042,P03,T04,233143.69
2025-05-13,M043,P04,T02,224223.72
2025-05-13,M044,P01,T04,245778.87
2025-05-13,M045,P02,T02,296314.71
2025-05-13,M046,P03,T04,223858.69
2025-05-13,M047,P04,T02,267904.57
2025-05-13,M048,P01,T04,307274.05
2025-05-14,M001,P03,T03,62621.76
2025-05-14,M002,P04,T01,124266.96
2025-05-14,M003,P01,T03,99409.41
2025-05-14,M004,P02,T01,190230.43
2025-05-14,M005,P03,T03,99000.56
2025-05-14,M006,P04,T01,185752.25
2025-05-14,M007,P01,T03,152304.1
2025-05-14,M008,P02,T01,156357.82
2025-05-14,M009,P03,T03,85120.7
2025-05-14,M010,P04,T01,154523.6
2025-05-14,M011,P01,T03,126855.87
2025-05-14,M012,P02,T01,238329.18
2025-05-14,M013,P03,T03,129929.93
2025-05-14,M014,P04,T01,219980.59
2025-05-14,M015,P01,T03,102352.37
2025-05-14,M016,P02,T01,188404.98
2025-05-14,M017,P03,T03,106839.84
2025-05-14,M018,P04,T01,194361.97
2025-05-14,M019,P01,T03,160483.38
2025-05-14,M020,P02,T01,289489.74
2025-05-14,M021,P03,T03,154034.76
2025-05-14,M022,P04,T01,181081.34
2025-05-14,M023,P01,T03,149317.5
2025-05-14,M024,P02,T01,244098.29
2025-05-14,M025,P03,T03,128485.03
2025-05-14,M026,P04,T01,251541.29
2025-05-14,M027,P01,T03,197073.64
2025-05-14,M028,P02,T01,340100.84
2025-05-14,M029,P03,T03,126025.38
2025-05-14,M030,P04,T01,227395.7
2025-05-14,M031,P01,T03,169874.14
2025-05-14,M032,P02,T01,305821.61
2025-05-14,M033,P03,T03,153203.7
2025-05-14,M034,P04,T01,270730.15
2025-05-14,M035,P01,T03,222472.79
2025-05-14,M036,P02,T01,283389.55
2025-05-14,M037,P03,T03,153270.05
2025-05-14,M038,P04,T01,262033.79
2025-05-14,M039,P01,T03,197828.99
2025-05-14,M040,P02,T01,358227.21
2025-05-14,M041,P03,T03,169727.51
2025-05-14,M042,P04,T01,320026.02
2025-05-14,M043,P01,T03,170394.37
2025-05-14,M044,P02,T01,300710.63
2025-05-14,M045,P03,T03,172455.76
2025-05-14,M046,P04,T01,313218.1
2025-05-14,M047,P01,T03,228595.58
2025-05-14,M048,P02,T01,394983.8
2025-05-15,M001,P04,T04,74576.88
2025-05-15,M002,P01,T02,112934.6
2025-05-15,M003,P02,T04,138969.89
2025-05-15,M004,P03,T02,109002.44
2025-05-15,M005,P04,T04,138143.8
2025-05-15,M006,P01,T02,166759.19
2025-05-15,M007,P02,T04,186513.26
2025-05-15,M008,P03,T02,89170.52
2025-05-15,M009,P04,T04,107671.51
2025-05-15,M010,P01,T02,155907.87
2025-05-15,M011,P02,T04,182224.2
2025-05-15,M012,P03,T02,149940.59
2025-05-15,M013,P04,T04,166550.9
2025-05-15,M014,P01,T02,207637.69
2025-05-15,M015,P02,T04,155340.12
2025-05-15,M016,P03,T02,128765.79
2025-05-15,M017,P04,T04,136161.83
2025-05-15,M018,P01,T02,184297.09
2025-05-15,M019,P02,T04,204842.02
2025-05-15,M020,P03,T02,163191.59
2025-05-15,M021,P04,T04,202073.04
2025-05-15,M022,P01,T02,172023.38
2025-05-15,M023,P02,T04,197765.59
2025-05-15,M024,P03,T02,156419.72
2025-05-15,M025,P04,T04,189694.06
2025-05-15,M026,P01,T02,231603.34
2025-05-15,M027,P02,T04,276924.48
2025-05-15,M028,P03,T02,200776.93
2025-05-15,M029,P04,T04,171196.92
2025-05-15,M030,P01,T02,215282.67
2025-05-15,M031,P02,T04,220025.58
2025-05-15,M032,P03,T02,188412.21
2025-05-15,M033,P04,T04,207938.66
2025-05-15,M034,P01,T02,277274.52
2025-05-15,M035,P02,T04,299277.46
2025-05-15,M036,P03,T02,163573.91
2025-05-15,M037,P04,T04,195870.52
2025-05-15,M038,P01,T02,245258.41
2025-05-15,M039,P02,T04,259448.58
2025-05-15,M040,P03,T02,210292.41
2025-05-15,M041,P04,T04,259474.23
2025-05-15,M042,P01,T02,310382.0
2025-05-15,M043,P02,T04,237529.14
2025-05-15,M044,P03,T02,209942.16
2025-05-15,M045,P04,T04,221263.28
2025-05-15,M046,P01,T02,282411.3
2025-05-15,M047,P02,T04,332233.55
2025-05-15,M048,P03,T02,231084.33
2025-05-16,M001,P01,T01,106857.04
2025-05-16,M002,P02,T03,88302.85
2025-05-16,M003,P03,T01,123681.38
2025-05-16,M004,P04,T03,108535.45
2025-05-16,M005,P01,T01,170343.36
2025-05-16,M006,P02,T03,159413.84
2025-05-16,M007,P03,T01,176941.62
2025-05-16,M008,P04,T03,79016.67
2025-05-16,M009,P01,T01,153628.21
2025-05-16,M010,P02,T03,135824.95
2025-05-16,M011,P03,T01,152910.22
2025-05-16,M012,P04,T03,134103.24
2025-05-16,M013,P01,T01,228124.19
2025-05-16,M014,P02,T03,185414.68
2025-05-16,M015,P03,T01,124727.46
2025-05-16,M016,P04,T03,121264.99
2025-05-16,M017,P01,T01,186096.89
2025-05-16,M018,P02,T03,162452.84
2025-05-16,M019,P03,T01,175439.6
2025-05-16,M020,P04,T03,156507.97
2025-05-16,M021,P01,T01,283058.33
2025-05-16,M022,P02,T03,139197.0
2025-05-16,M023,P03,T01,161459.67
2025-05-16,M024,P04,T03,142911.47
2025-05-16,M025,P01,T01,251090.65
2025-05-16,M026,P02,T03,197275.33
2025-05-16,M027,P03,T01,221421.06
2025-05-16,M028,P04,T03,199687.22
2025-05-16,M029,P01,T01,218045.66
2025-05-16,M030,P02,T03,169557.76
2025-05-16,M031,P03,T01,197523.12
2025-05-16,M032,P04,T03,170555.87
2025-05-16,M033,P01,T01,304373.48
2025-05-16,M034,P02,T03,238564.58
2025-05-16,M035,P03,T01,266916.21
2025-05-16,M036,P04,T03,160811.69
2025-05-16,M037,P01,T01,245044.17
2025-05-16,M038,P02,T03,217453.77
2025-05-16,M039,P03,T01,249800.47
2025-05-16,M040,P04,T03,207858.06
2025-05-16,M041,P01,T01,313319.65
2025-05-16,M042,P02,T03,276209.52
2025-05-16,M043,P03,T01,225350.2
2025-05-16,M044,P04,T03,173362.11
2025-05-16,M045,P01,T01,315775.93
2025-05-16,M046,P02,T03,264115.17
2025-05-16,M047,P03,T01,297500.79
2025-05-16,M048,P04,T03,225454.35
2025-05-17,M001,P02,T02,89798.94
2025-05-17,M002,P03,T04,69033.34
2025-05-17,M003,P04,T02,98153.99
2025-05-17,M004,P01,T04,118268.55
2025-05-17,M005,P02,T02,164802.58
2025-05-17,M006,P03,T04,110287.61
2025-05-17,M007,P04,T02,146600.87
2025-05-17,M008,P01,T04,93639.95
2025-05-17,M009,P02,T02,129134.58
2025-05-17,M010,P03,T04,103568.44
2025-05-17,M011,P04,T02,138025.17
2025-05-17,M012,P01,T04,156803.5
2025-05-17,M013,P02,T02,195524.05
2025-05-17,M014,P03,T04,133811.49
2025-05-17,M015,P04,T02,113696.95
2025-05-17,M016,P01,T04,130437.24
2025-05-17,M017,P02,T02,176301.58
2025-05-17,M018,P03,T04,134623.34
2025-05-17,M019,P04,T02,177846.67
2025-05-17,M020,P01,T04,186237.45
2025-05-17,M021,P02,T02,256591.12
2025-05-17,M022,P03,T04,111078.72
2025-05-17,M023,P04,T02,148566.99
2025-05-17,M024,P01,T04,175618.1
2025-05-17,M025,P02,T02,198717.1
2025-05-17,M026,P03,T04,162572.02
2025-05-17,M027,P04,T02,192765.79
2025-05-17,M028,P01,T04,226949.64
2025-05-17,M029,P02,T02,198439.84
2025-05-17,M030,P03,T04,129938.81
2025-05-17,M031,P04,T02,175099.55
2025-05-17,M032,P01,T04,186346.43
2025-05-17,M033,P02,T02,255862.26
2025-05-17,M034,P03,T04,169224.74
2025-05-17,M035,P04,T02,221187.87
2025-05-17,M036,P01,T04,179768.28
2025-05-17,M037,P02,T02,220146.28
2025-05-17,M038,P03,T04,157511.29
2025-05-17,M039,P04,T02,209164.83
2025-05-17,M040,P01,T04,240560.23
2025-05-17,M041,P02,T02,295835.36
2025-05-17,M042,P03,T04,209469.76
2025-05-17,M043,P04,T02,198928.85
2025-05-17,M044,P01,T04,192839.59
2025-05-17,M045,P02,T02,289648.62
2025-05-17,M046,P03,T04,192909.15
2025-05-17,M047,P04,T02,247528.42
2025-05-17,M048,P01,T04,277222.74
2025-05-18,M001,P03,T03,54513.1
2025-05-18,M002,P04,T01,106022.23
2025-05-18,M003,P01,T03,82167.38
2025-05-18,M004,P02,T01,162415.16
2025-05-18,M005,P03,T03,93729.1
2025-05-18,M006,P04,T01,165010.68
2025-05-18,M007,P01,T03,127827.6
2025-05-18,M008,P02,T01,131306.57
2025-05-18,M009,P03,T03,73771.88
2025-05-18,M010,P04,T01,136183.14
2025-05-18,M011,P01,T03,110969.67
2025-05-18,M012,P02,T01,202989.57
2025-05-18,M013,P03,T03,110027.11
2025-05-18,M014,P04,T01,194384.74
2025-05-18,M015,P01,T03,93988.78
2025-05-18,M016,P02,T01,184365.45
2025-05-18,M017,P03,T03,94919.75
2025-05-18,M018,P04,T01,171958.1
2025-05-18,M019,P01,T03,139298.28
2025-05-18,M020,P02,T01,260379.67
2025-05-18,M021,P03,T03,143101.42
2025-05-18,M022,P04,T01,158142.19
2025-05-18,M023,P01,T03,123611.53
2025-05-18,M024,P02,T01,229062.0
2025-05-18,M025,P03,T03,120345.12
2025-05-18,M026,P04,T01,211875.51
2025-05-18,M027,P01,T03,177429.37
2025-05-18,M028,P02,T01,315688.63
2025-05-18,M029,P03,T03,98216.1
2025-05-18,M030,P04,T01,199698.91
2025-05-18,M031,P01,T03,145605.34
2025-05-18,M032,P02,T01,278632.91
2025-05-18,M033,P03,T03,142982.89
2025-05-18,M034,P04,T01,240073.18
2025-05-18,M035,P01,T03,208657.76
2025-05-18,M036,P02,T01,239238.8
2025-05-18,M037,P03,T03,132841.91
2025-05-18,M038,P04,T01,250515.91
2025-05-18,M039,P01,T03,184732.64
2025-05-18,M040,P02,T01,346400.7
2025-05-18,M041,P03,T03,154912.93
2025-05-18,M042,P04,T01,287351.74
2025-05-18,M043,P01,T03,165470.79
2025-05-18,M044,P02,T01,304239.44
2025-05-18,M045,P03,T03,159177.12
2025-05-18,M046,P04,T01,279674.22
2025-05-18,M047,P01,T03,213219.34
2025-05-18,M048,P02,T01,348354.27
2025-05-19,M001,P04,T04,78745.98
2025-05-19,M002,P01,T02,106550.86
2025-05-19,M003,P02,T04,131112.12
2025-05-19,M004,P03,T02,105422.24
2025-05-19,M005,P04,T04,131545.43
2025-05-19,M006,P01,T02,171266.98
2025-05-19,M007,P02,T04,190811.53
2025-05-19,M008,P03,T02,94548.15
2025-05-19,M009,P04,T04,109927.83
2025-05-19,M010,P01,T02,137042.74
2025-05-19,M011,P02,T04,167888.29
2025-05-19,M012,P03,T02,142382.26
2025-05-19,M013,P04,T04,161621.17
2025-05-19,M014,P01,T02,214444.22
2025-05-19,M015,P02,T04,157436.06
2025-05-19,M016,P03,T02,126085.36
2025-05-19,M017,P04,T04,157448.47
2025-05-19,M018,P01,T02,185218.44
2025-05-19,M019,P02,T04,216845.21
2025-05-19,M020,P03,T02,184275.2
2025-05-19,M021,P04,T04,198283.05
2025-05-19,M022,P01,T02,165782.1
2025-05-19,M023,P02,T04,197969.46
2025-05-19,M024,P03,T02,152441.16
2025-05-19,M025,P04,T04,186916.5
2025-05-19,M026,P01,T02,216000.1
2025-05-19,M027,P02,T04,248135.91
2025-05-19,M028,P03,T02,215451.03
2025-05-19,M029,P04,T04,167219.0
2025-05-19,M030,P01,T02,210082.27
2025-05-19,M031,P02,T04,223885.69
2025-05-19,M032,P03,T02,184107.11
2025-05-19,M033,P04,T04,201159.87
2025-05-19,M034,P01,T02,256879.59
2025-05-19,M035,P02,T04,300123.39
2025-05-19,M036,P03,T02,179261.24
2025-05-19,M037,P04,T04,207029.32
2025-05-19,M038,P01,T02,253653.63
2025-05-19,M039,P02,T04,251464.75
2025-05-19,M040,P03,T02,210531.86
2025-05-19,M041,P04,T04,239542.82
2025-05-19,M042,P01,T02,308965.73
2025-05-19,M043,P02,T04,244385.0
2025-05-19,M044,P03,T02,186667.35
2025-05-19,M045,P04,T04,236056.8
2025-05-19,M046,P01,T02,285866.05
2025-05-19,M047,P02,T04,293355.12
2025-05-19,M048,P03,T02,245768.24
2025-05-20,M001,P01,T01,106733.48
2025-05-20,M002,P02,T03,98577.36
2025-05-20,M003,P03,T01,121662.68
2025-05-20,M004,P04,T03,95425.11
2025-05-20,M005,P01,T01,191611.01
2025-05-20,M006,P02,T03,144505.81
2025-05-20,M007,P03,T01,189046.59
2025-05-20,M008,P04,T03,79998.11
2025-05-20,M009,P01,T01,153384.52
2025-05-20,M010,P02,T03,134286.96
2025-05-20,M011,P03,T01,142417.83
2025-05-20,M012,P04,T03,130017.44
2025-05-20,M013,P01,T01,239951.27
2025-05-20,M014,P02,T03,200613.23
2025-05-20,M015,P03,T01,122574.79
2025-05-20,M016,P04,T03,103512.64
2025-05-20,M017,P01,T01,185314.72
2025-05-20,M018,P02,T03,158400.27
2025-05-20,M019,P03,T01,196251.06
2025-05-20,M020,P04,T03,149473.0
2025-05-20,M021,P01,T01,258594.12
2025-05-20,M022,P02,T03,143098.4
2025-05-20,M023,P03,T01,168138.79
2025-05-20,M024,P04,T03,132999.54
2025-05-20,M025,P01,T01,256139.28
2025-05-20,M026,P02,T03,213579.44
2025-05-20,M027,P03,T01,242399.25
2025-05-20,M028,P04,T03,177951.63
2025-05-20,M029,P01,T01,200978.67
2025-05-20,M030,P02,T03,189268.56
2025-05-20,M031,P03,T01,213459.27
2025-05-20,M032,P04,T03,158455.44
2025-05-20,M033,P01,T01,268392.86
2025-05-20,M034,P02,T03,228737.56
2025-05-20,M035,P03,T01,278385.63
2025-05-20,M036,P04,T03,150610.32
2025-05-20,M037,P01,T01,249029.49
2025-05-20,M038,P02,T03,213761.96
2025-05-20,M039,P03,T01,238112.0
2025-05-20,M040,P04,T03,213518.59
2025-05-20,M041,P01,T01,354925.08
2025-05-20,M042,P02,T03,289993.48
2025-05-20,M043,P03,T01,201972.04
2025-05-20,M044,P04,T03,177708.45
2025-05-20,M045,P01,T01,326101.78
2025-05-20,M046,P02,T03,233597.26
2025-05-20,M047,P03,T01,268467.09
2025-05-20,M048,P04,T03,218660.3
2025-05-21,M001,P02,T02,98535.46
2025-05-21,M002,P03,T04,86800.43
2025-05-21,M003,P04,T02,112984.64
2025-05-21,M004,P01,T04,126196.51
2025-05-21,M005,P02,T02,176712.82
2025-05-21,M006,P03,T04,134674.58
2025-05-21,M007,P04,T02,178987.74
2025-05-21,M008,P01,T04,111475.89
2025-05-21,M009,P02,T02,142572.45
2025-05-21,M010,P03,T04,115147.22
2025-05-21,M011,P04,T02,143173.05
2025-05-21,M012,P01,T04,169826.66
2025-05-21,M013,P02,T02,220816.75
2025-05-21,M014,P03,T04,151395.23
2025-05-21,M015,P04,T02,129514.57
2025-05-21,M016,P01,T04,142716.45
2025-05-21,M017,P02,T02,202257.73
2025-05-21,M018,P03,T04,139447.38
2025-05-21,M019,P04,T02,194403.1
2025-05-21,M020,P01,T04,213919.38
2025-05-21,M021,P02,T02,262151.0
2025-05-21,M022,P03,T04,127105.37
2025-05-21,M023,P04,T02,171139.12
2025-05-21,M024,P01,T04,176294.28
2025-05-21,M025,P02,T02,230530.68
2025-05-21,M026,P03,T04,161847.66
2025-05-21,M027,P04,T02,217498.91
2025-05-21,M028,P01,T04,222331.47
2025-05-21,M029,P02,T02,193829.6
2025-05-21,M030,P03,T04,140047.31
2025-05-21,M031,P04,T02,199401.14
2025-05-21,M032,P01,T04,204872.68
2025-05-21,M033,P02,T02,276367.28
2025-05-21,M034,P03,T04,190763.92
2025-05-21,M035,P04,T02,246136.0
2025-05-21,M036,P01,T04,181078.09
2025-05-21,M037,P02,T02,258228.28
2025-05-21,M038,P03,T04,183307.16
2025-05-21,M039,P04,T02,238466.6
2025-05-21,M040,P01,T04,256672.98
2025-05-21,M041,P02,T02,332545.05
2025-05-21,M042,P03,T04,221995.76
2025-05-21,M043,P04,T02,210925.46
2025-05-21,M044,P01,T04,227994.97
2025-05-21,M045,P02,T02,286880.59
2025-05-21,M046,P03,T04,211730.76
2025-05-21,M047,P04,T02,282661.68
2025-05-21,M048,P01,T04,294605.06
2025-05-22,M001,P03,T03,60425.38
2025-05-22,M002,P04,T01,118477.28
2025-05-22,M003,P01,T03,97710.29
2025-05-22,M004,P02,T01,182228.01
2025-05-22,M005,P03,T03,106421.59
2025-05-22,M006,P04,T01,177255.15
2025-05-22,M007,P01,T03,145209.77
2025-05-22,M008,P02,T01,154119.3
2025-05-22,M009,P03,T03,85748.19
2025-05-22,M010,P04,T01,152378.47
2025-05-22,M011,P01,T03,118722.62
2025-05-22,M012,P02,T01,240492.12
2025-05-22,M013,P03,T03,133333.08
2025-05-22,M014,P04,T01,216864.51
2025-05-22,M015,P01,T03,108328.16
2025-05-22,M016,P02,T01,196621.9
2025-05-22,M017,P03,T03,106100.37
2025-05-22,M018,P04,T01,206567.24
2025-05-22,M019,P01,T03,168434.15
2025-05-22,M020,P02,T01,273276.94
2025-05-22,M021,P03,T03,160405.22
2025-05-22,M022,P04,T01,181315.32
2025-05-22,M023,P01,T03,136034.41
2025-05-22,M024,P02,T01,272669.81
2025-05-22,M025,P03,T03,132210.15
2025-05-22,M026,P04,T01,253467.52
2025-05-22,M027,P01,T03,199247.7
2025-05-22,M028,P02,T01,333071.8
2025-05-22,M029,P03,T03,116188.18
2025-05-22,M030,P04,T01,230373.2
2025-05-22,M031,P01,T03,169027.53
2025-05-22,M032,P02,T01,313328.49
2025-05-22,M033,P03,T03,163138.21
2025-05-22,M034,P04,T01,269854.63
2025-05-22,M035,P01,T03,230208.27
2025-05-22,M036,P02,T01,275776.62
2025-05-22,M037,P03,T03,135630.78
2025-05-22,M038,P04,T01,247312.76
2025-05-22,M039,P01,T03,187888.94
2025-05-22,M040,P02,T01,351812.03
2025-05-22,M041,P03,T03,185862.76
2025-05-22,M042,P04,T01,312070.38
2025-05-22,M043,P01,T03,167704.96
2025-05-22,M044,P02,T01,310552.11
2025-05-22,M045,P03,T03,166598.72
2025-05-22,M046,P04,T01,292592.6
2025-05-22,M047,P01,T03,235168.96
2025-05-22,M048,P02,T01,419844.42
2025-05-23,M001,P04,T04,78306.35
2025-05-23,M002,P01,T02,109595.47
2025-05-23,M003,P02,T04,134586.97
2025-05-23,M004,P03,T02,113437.8
2025-05-23,M005,P04,T04,132384.08
2025-05-23,M006,P01,T02,176039.71
2025-05-23,M007,P02,T04,189728.41
2025-05-23,M008,P03,T02,92870.95
2025-05-23,M009,P04,T04,111062.48
2025-05-23,M010,P01,T02,149459.97
2025-05-23,M011,P02,T04,159797.39
2025-05-23,M012,P03,T02,153908.88
2025-05-23,M013,P04,T04,162997.39
2025-05-23,M014,P01,T02,208027.74
2025-05-23,M015,P02,T04,154056.35
2025-05-23,M016,P03,T02,121077.27
2025-05-23,M017,P04,T04,148257.28
2025-05-23,M018,P01,T02,191026.55
2025-05-23,M019,P02,T04,207183.03
2025-05-23,M020,P03,T02,164412.5
2025-05-23,M021,P04,T04,203511.56
2025-05-23,M022,P01,T02,155537.1
2025-05-23,M023,P02,T04,180985.87
2025-05-23,M024,P03,T02,148802.73
2025-05-23,M025,P04,T04,177675.92
2025-05-23,M026,P01,T02,238934.97
2025-05-23,M027,P02,T04,241992.13
2025-05-23,M028,P03,T02,204020.77
2025-05-23,M029,P04,T04,155622.15
2025-05-23,M030,P01,T02,192217.61
2025-05-23,M031,P02,T04,242308.18
2025-05-23,M032,P03,T02,173984.63
2025-05-23,M033,P04,T04,204244.48
2025-05-23,M034,P01,T02,271497.22
2025-05-23,M035,P02,T04,316635.38
2025-05-23,M036,P03,T02,158773.42
2025-05-23,M037,P04,T04,204269.22
2025-05-23,M038,P01,T02,257701.33
2025-05-23,M039,P02,T04,285554.6
2025-05-23,M040,P03,T02,222076.51
2025-05-23,M041,P04,T04,266407.67
2025-05-23,M042,P01,T02,300895.92
2025-05-23,M043,P02,T04,240346.19
2025-05-23,M044,P03,T02,212928.29
2025-05-23,M045,P04,T04,238351.03
2025-05-23,M046,P01,T02,299818.33
2025-05-23,M047,P02,T04,315794.01
2025-05-23,M048,P03,T02,246260.94
2025-05-24,M001,P01,T01,89068.76
2025-05-24,M002,P02,T03,81321.73
2025-05-24,M003,P03,T01,107844.77
2025-05-24,M004,P04,T03,93465.67
2025-05-24,M005,P01,T01,166790.4
2025-05-24,M006,P02,T03,138721.06
2025-05-24,M007,P03,T01,166196.44
2025-05-24,M008,P04,T03,76678.22
2025-05-24,M009,P01,T01,128093.37
2025-05-24,M010,P02,T03,112975.84
2025-05-24,M011,P03,T01,140028.01
2025-05-24,M012,P04,T03,110306.01
2025-05-24,M013,P01,T01,219376.38
2025-05-24,M014,P02,T03,178499.67
2025-05-24,M015,P03,T01,114941.2
2025-05-24,M016,P04,T03,104774.69
2025-05-24,M017,P01,T01,170567.89
2025-05-24,M018,P02,T03,160834.93
2025-05-24,M019,P03,T01,162958.04
2025-05-24,M020,P04,T03,140947.49
2025-05-24,M021,P01,T01,228471.44
2025-05-24,M022,P02,T03,137639.05
2025-05-24,M023,P03,T01,152317.79
2025-05-24,M024,P04,T03,118384.06
2025-05-24,M025,P01,T01,224890.61
2025-05-24,M026,P02,T03,191314.98
2025-05-24,M027,P03,T01,211635.26
2025-05-24,M028,P04,T03,156305.38
2025-05-24,M029,P01,T01,178185.53
2025-05-24,M030,P02,T03,168748.66
2025-05-24,M031,P03,T01,177251.53
2025-05-24,M032,P04,T03,142476.75
2025-05-24,M033,P01,T01,271216.01
2025-05-24,M034,P02,T03,213882.18
2025-05-24,M035,P03,T01,246212.93
2025-05-24,M036,P04,T03,126533.58
2025-05-24,M037,P01,T01,230064.97
2025-05-24,M038,P02,T03,193571.78
2025-05-24,M039,P03,T01,226379.43
2025-05-24,M040,P04,T03,179570.54
2025-05-24,M041,P01,T01,306204.33
2025-05-24,M042,P02,T03,257184.7
2025-05-24,M043,P03,T01,179838.4
2025-05-24,M044,P04,T03,160645.56
2025-05-24,M045,P01,T01,259364.08
2025-05-24,M046,P02,T03,222042.84
2025-05-24,M047,P03,T01,258946.64
2025-05-24,M048,P04,T03,190217.13
2025-05-25,M001,P02,T02,97840.16
2025-05-25,M002,P03,T04,70356.68
2025-05-25,M003,P04,T02,103744.08
2025-05-25,M004,P01,T04,110450.1
2025-05-25,M005,P02,T02,167818.43
2025-05-25,M006,P03,T04,108365.35
2025-05-25,M007,P04,T02,146363.9
2025-05-25,M008,P01,T04,103136.82
2025-05-25,M009,P02,T02,127168.82
2025-05-25,M010,P03,T04,103035.61
2025-05-25,M011,P04,T02,130468.78
2025-05-25,M012,P01,T04,145374.71
2025-05-25,M013,P02,T02,203291.58
2025-05-25,M014,P03,T04,147773.97
2025-05-25,M015,P04,T02,111673.92
2025-05-25,M016,P01,T04,136561.74
2025-05-25,M017,P02,T02,160195.48
2025-05-25,M018,P03,T04,135696.76
2025-05-25,M019,P04,T02,177896.42
2025-05-25,M020,P01,T04,172948.78
2025-05-25,M021,P02,T02,229359.83
2025-05-25,M022,P03,T04,115336.92
2025-05-25,M023,P04,T02,155982.54
2025-05-25,M024,P01,T04,149901.02
2025-05-25,M025,P02,T02,209692.35
2025-05-25,M026,P03,T04,164824.88
2025-05-25,M027,P04,T02,192298.7
2025-05-25,M028,P01,T04,226409.92
2025-05-25,M029,P02,T02,184755.96
2025-05-25,M030,P03,T04,134421.67
2025-05-25,M031,P04,T02,182214.24
2025-05-25,M032,P01,T04,206345.97
2025-05-25,M033,P02,T02,255580.58
2025-05-25,M034,P03,T04,193002.91
2025-05-25,M035,P04,T02,242730.19
2025-05-25,M036,P01,T04,161276.9
2025-05-25,M037,P02,T02,220036.74
2025-05-25,M038,P03,T04,160444.11
2025-05-25,M039,P04,T02,228389.43
2025-05-25,M040,P01,T04,224824.19
2025-05-25,M041,P02,T02,314052.53
2025-05-25,M042,P03,T04,196141.7
2025-05-25,M043,P04,T02,189222.22
2025-05-25,M044,P01,T04,193170.82
2025-05-25,M045,P02,T02,260598.07
2025-05-25,M046,P03,T04,200801.11
2025-05-25,M047,P04,T02,230525.9
2025-05-25,M048,P01,T04,270284.91
2025-05-26,M001,P03,T03,57739.11
2025-05-26,M002,P04,T01,117109.09
2025-05-26,M003,P01,T03,89870.0
2025-05-26,M004,P02,T01,173900.99
2025-05-26,M005,P03,T03,97326.64
2025-05-26,M006,P04,T01,189225.76
2025-05-26,M007,P01,T03,156767.19
2025-05-26,M008,P02,T01,158107.19
2025-05-26,M009,P03,T03,89307.28
2025-05-26,M010,P04,T01,167689.96
2025-05-26,M011,P01,T03,131547.87
2025-05-26,M012,P02,T01,217729.66
2025-05-26,M013,P03,T03,131776.16
2025-05-26,M014,P04,T01,218449.21
2025-05-26,M015,P01,T03,99480.96
2025-05-26,M016,P02,T01,201463.21
2025-05-26,M017,P03,T03,115357.91
2025-05-26,M018,P04,T01,208710.53
2025-05-26,M019,P01,T03,148198.09
2025-05-26,M020,P02,T01,264182.69
2025-05-26,M021,P03,T03,140857.61
2025-05-26,M022,P04,T01,180647.19
2025-05-26,M023,P01,T03,145747.75
2025-05-26,M024,P02,T01,263015.92
2025-05-26,M025,P03,T03,135709.47
2025-05-26,M026,P04,T01,255868.91
2025-05-26,M027,P01,T03,194934.03
2025-05-26,M028,P02,T01,323622.69
2025-05-26,M029,P03,T03,114836.08
2025-05-26,M030,P04,T01,204513.47
2025-05-26,M031,P01,T03,165946.59
2025-05-26,M032,P02,T01,302263.35
2025-05-26,M033,P03,T03,164108.61
2025-05-26,M034,P04,T01,288177.96
2025-05-26,M035,P01,T03,227216.37
2025-05-26,M036,P02,T01,268874.72
2025-05-26,M037,P03,T03,142767.01
2025-05-26,M038,P04,T01,257543.84
2025-05-26,M039,P01,T03,201436.72
2025-05-26,M040,P02,T01,376032.94
2025-05-26,M041,P03,T03,174055.19
2025-05-26,M042,P04,T01,308613.9
2025-05-26,M043,P01,T03,170174.37
2025-05-26,M044,P02,T01,332295.25
2025-05-26,M045,P03,T03,177272.54
2025-05-26,M046,P04,T01,307172.25
2025-05-26,M047,P01,T03,244243.53
2025-05-26,M048,P02,T01,386417.55
2025-05-27,M001,P04,T04,75835.57
2025-05-27,M002,P01,T02,106245.57
2025-05-27,M003,P02,T04,127640.1
2025-05-27,M004,P03,T02,108655.27
2025-05-27,M005,P04,T04,138933.12
2025-05-27,M006,P01,T02,183365.19
2025-05-27,M007,P02,T04,203528.09
2025-05-27,M008,P03,T02,94091.76
2025-05-27,M009,P04,T04,109751.22
2025-05-27,M010,P01,T02,135146.32
2025-05-27,M011,P02,T04,172525.9
2025-05-27,M012,P03,T02,137569.09
2025-05-27,M013,P04,T04,162845.78
2025-05-27,M014,P01,T02,199039.56
2025-05-27,M015,P02,T04,151445.4
2025-05-27,M016,P03,T02,128431.9
2025-05-27,M017,P04,T04,153645.28
2025-05-27,M018,P01,T02,180151.33
2025-05-27,M019,P02,T04,200818.72
2025-05-27,M020,P03,T02,184530.62
2025-05-27,M021,P04,T04,199730.36
2025-05-27,M022,P01,T02,169208.98
2025-05-27,M023,P02,T04,182084.65
2025-05-27,M024,P03,T02,151040.01
2025-05-27,M025,P04,T04,179148.56
2025-05-27,M026,P01,T02,236648.43
2025-05-27,M027,P02,T04,257187.55
2025-05-27,M028,P03,T02,215778.16
2025-05-27,M029,P04,T04,165271.08
2025-05-27,M030,P01,T02,198317.0
2025-05-27,M031,P02,T04,219942.57
2025-05-27,M032,P03,T02,177579.8
2025-05-27,M033,P04,T04,231920.93
2025-05-27,M034,P01,T02,282523.45
2025-05-27,M035,P02,T04,321368.15
2025-05-27,M036,P03,T02,165498.56
2025-05-27,M037,P04,T04,202661.82
2025-05-27,M038,P01,T02,224491.37
2025-05-27,M039,P02,T04,278557.65
2025-05-27,M040,P03,T02,231800.5
2025-05-27,M041,P04,T04,255680.7
2025-05-27,M042,P01,T02,296371.63
2025-05-27,M043,P02,T04,237268.73
2025-05-27,M044,P03,T02,209587.59
2025-05-27,M045,P04,T04,226146.76
2025-05-27,M046,P01,T02,283761.42
2025-05-27,M047,P02,T04,328020.18
2025-05-27,M048,P03,T02,267370.06
2025-05-28,M001,P01,T01,98312.95
2025-05-28,M002,P02,T03,101476.97
2025-05-28,M003,P03,T01,112093.41
2025-05-28,M004,P04,T03,108211.39
2025-05-28,M005,P01,T01,192749.9
2025-05-28,M006,P02,T03,146188.42
2025-05-28,M007,P03,T01,185508.94
2025-05-28,M008,P04,T03,85896.77
2025-05-28,M009,P01,T01,148130.11
2025-05-28,M010,P02,T03,135524.02
2025-05-28,M011,P03,T01,148977.29
2025-05-28,M012,P04,T03,137532.05
2025-05-28,M013,P01,T01,228626.31
2025-05-28,M014,P02,T03,195346.39
2025-05-28,M015,P03,T01,133095.28
2025-05-28,M016,P04,T03,103916.93
2025-05-28,M017,P01,T01,207408.5
2025-05-28,M018,P02,T03,175916.32
2025-05-28,M019,P03,T01,177511.11
2025-05-28,M020,P04,T03,151260.13
2025-05-28,M021,P01,T01,277537.28
2025-05-28,M022,P02,T03,141377.77
2025-05-28,M023,P03,T01,173368.76
2025-05-28,M024,P04,T03,145221.94
2025-05-28,M025,P01,T01,243984.74
2025-05-28,M026,P02,T03,188434.01
2025-05-28,M027,P03,T01,224787.65
2025-05-28,M028,P04,T03,180026.94
2025-05-28,M029,P01,T01,221091.46
2025-05-28,M030,P02,T03,184292.96
2025-05-28,M031,P03,T01,196049.98
2025-05-28,M032,P04,T03,175444.84
2025-05-28,M033,P01,T01,289287.66
2025-05-28,M034,P02,T03,234971.26
2025-05-28,M035,P03,T01,248173.74
2025-05-28,M036,P04,T03,162605.34
2025-05-28,M037,P01,T01,270049.57
2025-05-28,M038,P02,T03,224249.1
2025-05-28,M039,P03,T01,244596.16
2025-05-28,M040,P04,T03,203440.24
2025-05-28,M041,P01,T01,332347.83
2025-05-28,M042,P02,T03,276949.8
2025-05-28,M043,P03,T01,209438.41
2025-05-28,M044,P04,T03,184296.95
2025-05-28,M045,P01,T01,295819.51
2025-05-28,M046,P02,T03,259249.64
2025-05-28,M047,P03,T01,262061.95
2025-05-28,M048,P04,T03,227477.58
2025-05-29,M001,P02,T02,107202.97
2025-05-29,M002,P03,T04,85441.99
2025-05-29,M003,P04,T02,116955.73
2025-05-29,M004,P01,T04,138571.21
2025-05-29,M005,P02,T02,166429.76
2025-05-29,M006,P03,T04,128443.45
2025-05-29,M007,P04,T02,170278.42
2025-05-29,M008,P01,T04,109430.36
2025-05-29,M009,P02,T02,156119.22
2025-05-29,M010,P03,T04,106982.79
2025-05-29,M011,P04,T02,146645.14
2025-05-29,M012,P01,T04,170832.3
2025-05-29,M013,P02,T02,236574.1
2025-05-29,M014,P03,T04,169308.63
2025-05-29,M015,P04,T02,121618.27
2025-05-29,M016,P01,T04,132505.27
2025-05-29,M017,P02,T02,204223.78
2025-05-29,M018,P03,T04,144586.41
2025-05-29,M019,P04,T02,199911.19
2025-05-29,M020,P01,T04,211090.28
2025-05-29,M021,P02,T02,279807.78
2025-05-29,M022,P03,T04,129323.43
2025-05-29,M023,P04,T02,175211.78
2025-05-29,M024,P01,T04,189443.49
2025-05-29,M025,P02,T02,253760.36
2025-05-29,M026,P03,T04,176459.32
2025-05-29,M027,P04,T02,235749.37
2025-05-29,M028,P01,T04,233696.05
2025-05-29,M029,P02,T02,214155.51
2025-05-29,M030,P03,T04,149141.74
2025-05-29,M031,P04,T02,187884.32
2025-05-29,M032,P01,T04,204129.45
2025-05-29,M033,P02,T02,272751.31
2025-05-29,M034,P03,T04,194845.23
2025-05-29,M035,P04,T02,264932.81
2025-05-29,M036,P01,T04,199545.85
2025-05-29,M037,P02,T02,271796.09
2025-05-29,M038,P03,T04,185488.47
2025-05-29,M039,P04,T02,254985.03
2025-05-29,M040,P01,T04,269557.78
2025-05-29,M041,P02,T02,327086.82
2025-05-29,M042,P03,T04,224950.62
2025-05-29,M043,P04,T02,225873.4
2025-05-29,M044,P01,T04,239235.0
2025-05-29,M045,P02,T02,315407.66
2025-05-29,M046,P03,T04,195130.67
2025-05-29,M047,P04,T02,288440.61
2025-05-29,M048,P01,T04,283642.48
2025-05-30,M001,P03,T03,55050.7
2025-05-30,M002,P04,T01,111917.18
2025-05-30,M003,P01,T03,89512.65
2025-05-30,M004,P02,T01,196988.58
2025-05-30,M005,P03,T03,105736.46
2025-05-30,M006,P04,T01,170304.33
2025-05-30,M007,P01,T03,152511.36
2025-05-30,M008,P02,T01,161153.44
2025-05-30,M009,P03,T03,81634.81
2025-05-30,M010,P04,T01,163509.53
2025-05-30,M011,P01,T03,125522.06
2025-05-30,M012,P02,T01,247762.09
2025-05-30,M013,P03,T03,115836.05
2025-05-30,M014,P04,T01,237002.19
2025-05-30,M015,P01,T03,105237.69
2025-05-30,M016,P02,T01,190983.95
2025-05-30,M017,P03,T03,100145.25
2025-05-30,M018,P04,T01,202916.72
2025-05-30,M019,P01,T03,165513.94
2025-05-30,M020,P02,T01,309544.13
2025-05-30,M021,P03,T03,148386.27
2025-05-30,M022,P04,T01,171539.96
2025-05-30,M023,P01,T03,147091.15
2025-05-30,M024,P02,T01,261213.94
2025-05-30,M025,P03,T03,129085.36
2025-05-30,M026,P04,T01,246780.49
2025-05-30,M027,P01,T03,193080.45
2025-05-30,M028,P02,T01,358038.47
2025-05-30,M029,P03,T03,114989.01
2025-05-30,M030,P04,T01,230041.4
2025-05-30,M031,P01,T03,182017.24
2025-05-30,M032,P02,T01,303837.81
2025-05-30,M033,P03,T03,162832.07
2025-05-30,M034,P04,T01,287754.45
2025-05-30,M035,P01,T03,222131.71
2025-05-30,M036,P02,T01,287951.36
2025-05-30,M037,P03,T03,145233.53
2025-05-30,M038,P04,T01,271824.42
2025-05-30,M039,P01,T03,186068.63
2025-05-30,M040,P02,T01,369237.2
2025-05-30,M041,P03,T03,186543.98
2025-05-30,M042,P04,T01,333567.25
2025-05-30,M043,P01,T03,177087.88
2025-05-30,M044,P02,T01,307140.19
2025-05-30,M045,P03,T03,160489.48
2025-05-30,M046,P04,T01,281832.19
2025-05-30,M047,P01,T03,241040.72
2025-05-30,M048,P02,T01,392441.91
2025-05-31,M001,P04,T04,71244.74
2025-05-31,M002,P01,T02,98258.87
2025-05-31,M003,P02,T04,122960.56
2025-05-31,M004,P03,T02,98578.12
2025-05-31,M005,P04,T04,124744.27
2025-05-31,M006,P01,T02,155058.92
2025-05-31,M007,P02,T04,189689.39
2025-05-31,M008,P03,T02,81417.47
2025-05-31,M009,P04,T04,102219.38
2025-05-31,M010,P01,T02,132218.05
2025-05-31,M011,P02,T04,164593.84
2025-05-31,M012,P03,T02,138647.4
2025-05-31,M013,P04,T04,148308.14
2025-05-31,M014,P01,T02,194460.71
2025-05-31,M015,P02,T04,122205.23
2025-05-31,M016,P03,T02,106563.0
2025-05-31,M017,P04,T04,122953.95
2025-05-31,M018,P01,T02,173672.76
2025-05-31,M019,P02,T04,193236.85
2025-05-31,M020,P03,T02,154149.44
2025-05-31,M021,P04,T04,197533.62
2025-05-31,M022,P01,T02,152854.65
2025-05-31,M023,P02,T04,158358.94
2025-05-31,M024,P03,T02,133232.17
2025-05-31,M025,P04,T04,168375.4
2025-05-31,M026,P01,T02,212361.82
2025-05-31,M027,P02,T04,240524.6
2025-05-31,M028,P03,T02,177004.84
2025-05-31,M029,P04,T04,143423.52
2025-05-31,M030,P01,T02,178061.69
2025-05-31,M031,P02,T04,214676.75
2025-05-31,M032,P03,T02,162584.43
2025-05-31,M033,P04,T04,181955.4
2025-05-31,M034,P01,T02,249958.68
2025-05-31,M035,P02,T04,261267.26
2025-05-31,M036,P03,T02,139482.69
2025-05-31,M037,P04,T04,165107.54
2025-05-31,M038,P01,T02,203771.38
2025-05-31,M039,P02,T04,235789.97
2025-05-31,M040,P03,T02,187030.83
2025-05-31,M041,P04,T04,216909.37
2025-05-31,M042,P01,T02,270095.37
2025-05-31,M043,P02,T04,233080.66
2025-05-31,M044,P03,T02,187647.36
2025-05-31,M045,P04,T04,200370.03
2025-05-31,M046,P01,T02,238748.76
2025-05-31,M047,P02,T04,265139.36
2025-05-31,M048,P03,T02,224291.37
2025-06-01,M001,P02,T02,112054.3
2025-06-01,M002,P03,T04,88370.22
2025-06-01,M003,P04,T02,118162.22
2025-06-01,M004,P01,T04,148420.86
2025-06-01,M005,P02,T02,192633.21
2025-06-01,M006,P03,T04,145256.62
2025-06-01,M007,P04,T02,174986.23
2025-06-01,M008,P01,T04,108911.48
2025-06-01,M009,P02,T02,162396.91
2025-06-01,M010,P03,T04,128969.41
2025-06-01,M011,P04,T02,168903.27
2025-06-01,M012,P01,T04,176034.51
2025-06-01,M013,P02,T02,218868.3
2025-06-01,M014,P03,T04,180646.29
2025-06-01,M015,P04,T02,128264.82
2025-06-01,M016,P01,T04,160010.66
2025-06-01,M017,P02,T02,209957.8
2025-06-01,M018,P03,T04,158704.44
2025-06-01,M019,P04,T02,205127.75
2025-06-01,M020,P01,T04,222385.31
2025-06-01,M021,P02,T02,291180.5
2025-06-01,M022,P03,T04,130926.21
2025-06-01,M023,P04,T02,190123.85
2025-06-01,M024,P01,T04,180892.81
2025-06-01,M025,P02,T02,236615.53
2025-06-01,M026,P03,T04,176074.17
2025-06-01,M027,P04,T02,247690.99
2025-06-01,M028,P01,T04,241616.57
2025-06-01,M029,P02,T02,227397.46
2025-06-01,M030,P03,T04,154942.13
2025-06-01,M031,P04,T02,232397.39
2025-06-01,M032,P01,T04,240563.5
2025-06-01,M033,P02,T02,299967.96
2025-06-01,M034,P03,T04,229734.49
2025-06-01,M035,P04,T02,294784.22
2025-06-01,M036,P01,T04,196960.75
2025-06-01,M037,P02,T02,273333.9
2025-06-01,M038,P03,T04,181619.37
2025-06-01,M039,P04,T02,237814.65
2025-06-01,M040,P01,T04,280757.81
2025-06-01,M041,P02,T02,341828.77
2025-06-01,M042,P03,T04,235053.27
2025-06-01,M043,P04,T02,221101.21
2025-06-01,M044,P01,T04,241685.19
2025-06-01,M045,P02,T02,307220.29
2025-06-01,M046,P03,T04,217470.08
2025-06-01,M047,P04,T02,275929.83
2025-06-01,M048,P01,T04,322624.91
2025-06-02,M001,P03,T03,68829.88
2025-06-02,M002,P04,T01,141447.08
2025-06-02,M003,P01,T03,123586.3
2025-06-02,M004,P02,T01,222366.1
2025-06-02,M005,P03,T03,116428.84
2025-06-02,M006,P04,T01,230392.75
2025-06-02,M007,P01,T03,179562.51
2025-06-02,M008,P02,T01,179558.51
2025-06-02,M009,P03,T03,94008.44
2025-06-02,M010,P04,T01,174856.13
2025-06-02,M011,P01,T03,159414.99
2025-06-02,M012,P02,T01,268032.05
2025-06-02,M013,P03,T03,157037.91
2025-06-02,M014,P04,T01,267073.95
2025-06-02,M015,P01,T03,118903.03
2025-06-02,M016,P02,T01,239889.42
2025-06-02,M017,P03,T03,124369.95
2025-06-02,M018,P04,T01,226964.5
2025-06-02,M019,P01,T03,190727.1
2025-06-02,M020,P02,T01,329436.53
2025-06-02,M021,P03,T03,187313.51
2025-06-02,M022,P04,T01,203925.38
2025-06-02,M023,P01,T03,167702.44
2025-06-02,M024,P02,T01,314646.43
2025-06-02,M025,P03,T03,145610.08
2025-06-02,M026,P04,T01,291077.79
2025-06-02,M027,P01,T03,227377.07
2025-06-02,M028,P02,T01,407704.87
2025-06-02,M029,P03,T03,138853.42
2025-06-02,M030,P04,T01,251707.6
2025-06-02,M031,P01,T03,186008.35
2025-06-02,M032,P02,T01,362245.38
2025-06-02,M033,P03,T03,190209.62
2025-06-02,M034,P04,T01,359706.93
2025-06-02,M035,P01,T03,248429.82
2025-06-02,M036,P02,T01,346235.16
2025-06-02,M037,P03,T03,161663.31
2025-06-02,M038,P04,T01,299853.99
2025-06-02,M039,P01,T03,225555.1
2025-06-02,M040,P02,T01,406891.72
2025-06-02,M041,P03,T03,226447.73
2025-06-02,M042,P04,T01,376985.89
2025-06-02,M043,P01,T03,219101.14
2025-06-02,M044,P02,T01,397089.13
2025-06-02,M045,P03,T03,188837.1
2025-06-02,M046,P04,T01,344627.78
2025-06-02,M047,P01,T03,271405.24
2025-06-02,M048,P02,T01,522312.99
2025-06-03,M001,P04,T04,94926.68
2025-06-03,M002,P01,T02,127334.89
2025-06-03,M003,P02,T04,147648.62
2025-06-03,M004,P03,T02,130918.23
2025-06-03,M005,P04,T04,171444.54
2025-06-03,M006,P01,T02,193631.27
2025-06-03,M007,P02,T04,255226.34
2025-06-03,M008,P03,T02,118182.35
2025-06-03,M009,P04,T04,146155.8
2025-06-03,M010,P01,T02,171806.35
2025-06-03,M011,P02,T04,213677.18
2025-06-03,M012,P03,T02,166526.36
2025-06-03,M013,P04,T04,213052.58
2025-06-03,M014,P01,T02,244849.75
2025-06-03,M015,P02,T04,182825.0
2025-06-03,M016,P03,T02,150754.04
2025-06-03,M017,P04,T04,180108.22
2025-06-03,M018,P01,T02,207507.8
2025-06-03,M019,P02,T04,254467.71
2025-06-03,M020,P03,T02,209307.16
2025-06-03,M021,P04,T04,245402.92
2025-06-03,M022,P01,T02,180953.48
2025-06-03,M023,P02,T04,220377.99
2025-06-03,M024,P03,T02,198231.81
2025-06-03,M025,P04,T04,231980.71
2025-06-03,M026,P01,T02,265044.74
2025-06-03,M027,P02,T04,301548.42
2025-06-03,M028,P03,T02,265188.86
2025-06-03,M029,P04,T04,196738.95
2025-06-03,M030,P01,T02,246593.65
2025-06-03,M031,P02,T04,254380.96
2025-06-03,M032,P03,T02,207451.7
2025-06-03,M033,P04,T04,262503.71
2025-06-03,M034,P01,T02,317199.1
2025-06-03,M035,P02,T04,370997.3
2025-06-03,M036,P03,T02,190159.73
2025-06-03,M037,P04,T04,247259.07
2025-06-03,M038,P01,T02,269888.59
2025-06-03,M039,P02,T04,322403.22
2025-06-03,M040,P03,T02,240418.29
2025-06-03,M041,P04,T04,287837.03
2025-06-03,M042,P01,T02,341228.05
2025-06-03,M043,P02,T04,288945.06
2025-06-03,M044,P03,T02,220605.31
2025-06-03,M045,P04,T04,252769.89
2025-06-03,M046,P01,T02,355236.47
2025-06-03,M047,P02,T04,368035.77
2025-06-03,M048,P03,T02,314684.37
2025-06-04,M001,P01,T01,124873.09
2025-06-04,M002,P02,T03,118432.71
2025-06-04,M003,P03,T01,128429.15
2025-06-04,M004,P04,T03,115689.31
2025-06-04,M005,P01,T01,213114.55
2025-06-04,M006,P02,T03,184495.11
2025-06-04,M007,P03,T01,225407.03
2025-06-04,M008,P04,T03,102273.02
2025-06-04,M009,P01,T01,169406.8
2025-06-04,M010,P02,T03,147240.69
2025-06-04,M011,P03,T01,168092.26
2025-06-04,M012,P04,T03,143586.98
2025-06-04,M013,P01,T01,250189.17
2025-06-04,M014,P02,T03,214614.79
2025-06-04,M015,P03,T01,148570.99
2025-06-04,M016,P04,T03,127086.38
2025-06-04,M017,P01,T01,217146.39
2025-06-04,M018,P02,T03,191934.6
2025-06-04,M019,P03,T01,222571.75
2025-06-04,M020,P04,T03,177002.78
2025-06-04,M021,P01,T01,334025.12
2025-06-04,M022,P02,T03,174605.64
2025-06-04,M023,P03,T01,200057.45
2025-06-04,M024,P04,T03,158232.41
2025-06-04,M025,P01,T01,273703.52
2025-06-04,M026,P02,T03,234412.4
2025-06-04,M027,P03,T01,282628.67
2025-06-04,M028,P04,T03,221285.05
2025-06-04,M029,P01,T01,257076.77
2025-06-04,M030,P02,T03,201216.55
2025-06-04,M031,P03,T01,257660.93
2025-06-04,M032,P04,T03,211664.77
2025-06-04,M033,P01,T01,350636.51
2025-06-04,M034,P02,T03,292217.01
2025-06-04,M035,P03,T01,319559.19
2025-06-04,M036,P04,T03,170709.3
2025-06-04,M037,P01,T01,301281.73
2025-06-04,M038,P02,T03,260058.76
2025-06-04,M039,P03,T01,273854.99
2025-06-04,M040,P04,T03,230680.12
2025-06-04,M041,P01,T01,404780.45
2025-06-04,M042,P02,T03,305867.5
2025-06-04,M043,P03,T01,249014.32
2025-06-04,M044,P04,T03,224880.75
2025-06-04,M045,P01,T01,382582.02
2025-06-04,M046,P02,T03,301322.89
2025-06-04,M047,P03,T01,350072.51
2025-06-04,M048,P04,T03,273882.72
2025-06-05,M001,P02,T02,123381.77
2025-06-05,M002,P03,T04,90497.08
2025-06-05,M003,P04,T02,140174.87
2025-06-05,M004,P01,T04,155700.35
2025-06-05,M005,P02,T02,210800.63
2025-06-05,M006,P03,T04,155401.56
2025-06-05,M007,P04,T02,200922.84
2025-06-05,M008,P01,T04,132350.6
2025-06-05,M009,P02,T02,184397.6
2025-06-05,M010,P03,T04,122080.38
2025-06-05,M011,P04,T02,186136.61
2025-06-05,M012,P01,T04,184223.18
2025-06-05,M013,P02,T02,243686.2
2025-06-05,M014,P03,T04,203170.34
2025-06-05,M015,P04,T02,150378.82
2025-06-05,M016,P01,T04,158660.23
2025-06-05,M017,P02,T02,238977.56
2025-06-05,M018,P03,T04,156047.58
2025-06-05,M019,P04,T02,216861.63
2025-06-05,M020,P01,T04,244270.52
2025-06-05,M021,P02,T02,292243.18
2025-06-05,M022,P03,T04,142035.86
2025-06-05,M023,P04,T02,199543.82
2025-06-05,M024,P01,T04,222657.61
2025-06-05,M025,P02,T02,275515.83
2025-06-05,M026,P03,T04,193133.71
2025-06-05,M027,P04,T02,279970.09
2025-06-05,M028,P01,T04,274350.14
2025-06-05,M029,P02,T02,244381.93
2025-06-05,M030,P03,T04,187511.65
2025-06-05,M031,P04,T02,251717.73
2025-06-05,M032,P01,T04,242404.2
2025-06-05,M033,P02,T02,345308.94
2025-06-05,M034,P03,T04,230855.79
2025-06-05,M035,P04,T02,326640.6
2025-06-05,M036,P01,T04,225352.53
2025-06-05,M037,P02,T02,289166.31
2025-06-05,M038,P03,T04,202872.09
2025-06-05,M039,P04,T02,296573.49
2025-06-05,M040,P01,T04,317222.71
2025-06-05,M041,P02,T02,368901.35
2025-06-05,M042,P03,T04,255742.0
2025-06-05,M043,P04,T02,260856.41
2025-06-05,M044,P01,T04,282748.48
2025-06-05,M045,P02,T02,349022.3
2025-06-05,M046,P03,T04,249710.89
2025-06-05,M047,P04,T02,342355.68
2025-06-05,M048,P01,T04,354264.46
2025-06-06,M001,P03,T03,66280.91
2025-06-06,M002,P04,T01,146598.46
2025-06-06,M003,P01,T03,109378.0
2025-06-06,M004,P02,T01,213029.94
2025-06-06,M005,P03,T03,113901.95
2025-06-06,M006,P04,T01,219128.36
2025-06-06,M007,P01,T03,163636.96
2025-06-06,M008,P02,T01,174366.79
2025-06-06,M009,P03,T03,101191.85
2025-06-06,M010,P04,T01,196081.57
2025-06-06,M011,P01,T03,156670.3
2025-06-06,M012,P02,T01,291619.12
2025-06-06,M013,P03,T03,151101.97
2025-06-06,M014,P04,T01,279371.18
2025-06-06,M015,P01,T03,134338.4
2025-06-06,M016,P02,T01,251749.12
2025-06-06,M017,P03,T03,127046.26
2025-06-06,M018,P04,T01,229136.35
2025-06-06,M019,P01,T03,183112.32
2025-06-06,M020,P02,T01,351711.11
2025-06-06,M021,P03,T03,184796.91
2025-06-06,M022,P04,T01,219015.78
2025-06-06,M023,P01,T03,169260.77
2025-06-06,M024,P02,T01,295142.44
2025-06-06,M025,P03,T03,157253.47
2025-06-06,M026,P04,T01,306059.56
2025-06-06,M027,P01,T03,237307.65
2025-06-06,M028,P02,T01,408905.36
2025-06-06,M029,P03,T03,133576.1
2025-06-06,M030,P04,T01,245117.79
2025-06-06,M031,P01,T03,209081.81
2025-06-06,M032,P02,T01,367492.04
2025-06-06,M033,P03,T03,185494.93
2025-06-06,M034,P04,T01,337486.09
2025-06-06,M035,P01,T03,265938.58
2025-06-06,M036,P02,T01,333152.0
2025-06-06,M037,P03,T03,171128.35
2025-06-06,M038,P04,T01,304103.14
2025-06-06,M039,P01,T03,250721.65
2025-06-06,M040,P02,T01,455820.01
2025-06-06,M041,P03,T03,228139.16
2025-06-06,M042,P04,T01,368636.18
2025-06-06,M043,P01,T03,227104.95
2025-06-06,M044,P02,T01,414152.97
2025-06-06,M045,P03,T03,208588.1
2025-06-06,M046,P04,T01,364233.76
2025-06-06,M047,P01,T03,270049.77
2025-06-06,M048,P02,T01,472179.97
2025-06-07,M001,P04,T04,90670.55
2025-06-07,M002,P01,T02,108182.42
2025-06-07,M003,P02,T04,144168.03
2025-06-07,M004,P03,T02,128208.74
2025-06-07,M005,P04,T04,144168.78
2025-06-07,M006,P01,T02,171211.61
2025-06-07,M007,P02,T04,208181.75
2025-06-07,M008,P03,T02,97990.3
2025-06-07,M009,P04,T04,116902.46
2025-06-07,M010,P01,T02,151328.03
2025-06-07,M011,P02,T04,200430.22
2025-06-07,M012,P03,T02,161941.26
2025-06-07,M013,P04,T04,182039.07
2025-06-07,M014,P01,T02,229981.9
2025-06-07,M015,P02,T04,160464.7
2025-06-07,M016,P03,T02,128520.22
2025-06-07,M017,P04,T04,152740.07
2025-06-07,M018,P01,T02,195550.71
2025-06-07,M019,P02,T04,212486.62
2025-06-07,M020,P03,T02,189494.99
2025-06-07,M021,P04,T04,213306.34
2025-06-07,M022,P01,T02,160399.01
2025-06-07,M023,P02,T04,202681.98
2025-06-07,M024,P03,T02,158356.5
2025-06-07,M025,P04,T04,196531.21
2025-06-07,M026,P01,T02,236920.87
2025-06-07,M027,P02,T04,288050.98
2025-06-07,M028,P03,T02,231796.42
2025-06-07,M029,P04,T04,168087.45
2025-06-07,M030,P01,T02,225001.94
2025-06-07,M031,P02,T04,233653.67
2025-06-07,M032,P03,T02,192194.82
2025-06-07,M033,P04,T04,244289.42
2025-06-07,M034,P01,T02,288868.67
2025-06-07,M035,P02,T04,339471.14
2025-06-07,M036,P03,T02,186665.02
2025-06-07,M037,P04,T04,203348.36
2025-06-07,M038,P01,T02,249222.94
2025-06-07,M039,P02,T04,310292.4
2025-06-07,M040,P03,T02,234734.72
2025-06-07,M041,P04,T04,258320.12
2025-06-07,M042,P01,T02,306518.64
2025-06-07,M043,P02,T04,283012.53
2025-06-07,M044,P03,T02,204630.82
2025-06-07,M045,P04,T04,245207.49
2025-06-07,M046,P01,T02,278818.5
2025-06-07,M047,P02,T04,334686.23
2025-06-07,M048,P03,T02,273299.54
2025-06-08,M001,P01,T01,106592.14
2025-06-08,M002,P02,T03,101240.03
2025-06-08,M003,P03,T01,123668.95
2025-06-08,M004,P04,T03,113786.35
2025-06-08,M005,P01,T01,181758.58
2025-06-08,M006,P02,T03,173131.53
2025-06-08,M007,P03,T01,196754.34
2025-06-08,M008,P04,T03,86338.08
2025-06-08,M009,P01,T01,158418.44
2025-06-08,M010,P02,T03,151396.92
2025-06-08,M011,P03,T01,171605.99
2025-06-08,M012,P04,T03,130301.73
2025-06-08,M013,P01,T01,235721.57
2025-06-08,M014,P02,T03,191094.7
2025-06-08,M015,P03,T01,130030.53
2025-06-08,M016,P04,T03,116053.25
2025-06-08,M017,P01,T01,212405.92
2025-06-08,M018,P02,T03,168377.29
2025-06-08,M019,P03,T01,206097.21
2025-06-08,M020,P04,T03,175605.88
2025-06-08,M021,P01,T01,305410.3
2025-06-08,M022,P02,T03,158921.26
2025-06-08,M023,P03,T01,168462.89
2025-06-08,M024,P04,T03,162713.9
2025-06-08,M025,P01,T01,248545.73
2025-06-08,M026,P02,T03,221223.53
2025-06-08,M027,P03,T01,245532.55
2025-06-08,M028,P04,T03,204595.56
2025-06-08,M029,P01,T01,235227.0
2025-06-08,M030,P02,T03,189436.06
2025-06-08,M031,P03,T01,214225.4
2025-06-08,M032,P04,T03,193816.15
2025-06-08,M033,P01,T01,292364.69
2025-06-08,M034,P02,T03,256223.36
2025-06-08,M035,P03,T01,296282.97
2025-06-08,M036,P04,T03,173567.23
2025-06-08,M037,P01,T01,266345.87
2025-06-08,M038,P02,T03,235882.18
2025-06-08,M039,P03,T01,272659.11
2025-06-08,M040,P04,T03,210575.3
2025-06-08,M041,P01,T01,330966.14
2025-06-08,M042,P02,T03,293439.49
2025-06-08,M043,P03,T01,226470.34
2025-06-08,M044,P04,T03,188812.01
2025-06-08,M045,P01,T01,324681.27
2025-06-08,M046,P02,T03,270599.14
2025-06-08,M047,P03,T01,289627.52
2025-06-08,M048,P04,T03,228793.38
2025-06-09,M001,P02,T02,121409.5
2025-06-09,M002,P03,T04,101386.76
2025-06-09,M003,P04,T02,140046.23
2025-06-09,M004,P01,T04,154541.84
2025-06-09,M005,P02,T02,224681.85
2025-06-09,M006,P03,T04,155934.3
2025-06-09,M007,P04,T02,214016.1
2025-06-09,M008,P01,T04,131017.62
2025-06-09,M009,P02,T02,175685.6
2025-06-09,M010,P03,T04,124586.73
2025-06-09,M011,P04,T02,177335.64
2025-06-09,M012,P01,T04,203385.41
2025-06-09,M013,P02,T02,253642.41
2025-06-09,M014,P03,T04,189070.26
2025-06-09,M015,P04,T02,149745.82
2025-06-09,M016,P01,T04,184521.13
2025-06-09,M017,P02,T02,221707.36
2025-06-09,M018,P03,T04,176886.31
2025-06-09,M019,P04,T02,227253.62
2025-06-09,M020,P01,T04,259203.38
2025-06-09,M021,P02,T02,309441.59
2025-06-09,M022,P03,T04,155476.52
2025-06-09,M023,P04,T02,195714.96
2025-06-09,M024,P01,T04,221822.63
2025-06-09,M025,P02,T02,281217.39
2025-06-09,M026,P03,T04,200139.78
2025-06-09,M027,P04,T02,251587.95
2025-06-09,M028,P01,T04,300766.91
2025-06-09,M029,P02,T02,247261.39
2025-06-09,M030,P03,T04,181592.81
2025-06-09,M031,P04,T02,239732.36
2025-06-09,M032,P01,T04,248682.58
2025-06-09,M033,P02,T02,327665.4
2025-06-09,M034,P03,T04,238527.25
2025-06-09,M035,P04,T02,299271.03
2025-06-09,M036,P01,T04,235406.01
2025-06-09,M037,P02,T02,324859.96
2025-06-09,M038,P03,T04,214780.18
2025-06-09,M039,P04,T02,297691.98
2025-06-09,M040,P01,T04,284888.56
2025-06-09,M041,P02,T02,393920.7
2025-06-09,M042,P03,T04,271713.9
2025-06-09,M043,P04,T02,237990.79
2025-06-09,M044,P01,T04,262256.48
2025-06-09,M045,P02,T02,343526.41
2025-06-09,M046,P03,T04,266296.13
2025-06-09,M047,P04,T02,313652.95
2025-06-09,M048,P01,T04,324656.43
2025-06-10,M001,P03,T03,69256.78
2025-06-10,M002,P04,T01,134943.52
2025-06-10,M003,P01,T03,119650.88
2025-06-10,M004,P02,T01,206807.39
2025-06-10,M005,P03,T03,115275.9
2025-06-10,M006,P04,T01,224657.39
2025-06-10,M007,P01,T03,169627.38
2025-06-10,M008,P02,T01,180488.89
2025-06-10,M009,P03,T03,92431.94
2025-06-10,M010,P04,T01,182808.33
2025-06-10,M011,P01,T03,160270.86
2025-06-10,M012,P02,T01,298393.99
2025-06-10,M013,P03,T03,153858.33
2025-06-10,M014,P04,T01,275675.01
2025-06-10,M015,P01,T03,135607.6
2025-06-10,M016,P02,T01,232393.94
2025-06-10,M017,P03,T03,132281.59
2025-06-10,M018,P04,T01,222104.01
2025-06-10,M019,P01,T03,177132.1
2025-06-10,M020,P02,T01,358970.67
2025-06-10,M021,P03,T03,180713.48
2025-06-10,M022,P04,T01,197323.63
2025-06-10,M023,P01,T03,166717.1
2025-06-10,M024,P02,T01,295443.71
2025-06-10,M025,P03,T03,152282.77
2025-06-10,M026,P04,T01,307962.68
2025-06-10,M027,P01,T03,217311.42
2025-06-10,M028,P02,T01,433801.39
2025-06-10,M029,P03,T03,144370.77
2025-06-10,M030,P04,T01,236786.59
2025-06-10,M031,P01,T03,196238.08
2025-06-10,M032,P02,T01,337416.63
2025-06-10,M033,P03,T03,175007.1
2025-06-10,M034,P04,T01,347620.05
2025-06-10,M035,P01,T03,246284.55
2025-06-10,M036,P02,T01,316405.0
2025-06-10,M037,P03,T03,157867.92
2025-06-10,M038,P04,T01,299817.15
2025-06-10,M039,P01,T03,220542.29
2025-06-10,M040,P02,T01,433608.34
2025-06-10,M041,P03,T03,219318.66
2025-06-10,M042,P04,T01,369005.21
2025-06-10,M043,P01,T03,229852.06
2025-06-10,M044,P02,T01,409674.49
2025-06-10,M045,P03,T03,202212.93
2025-06-10,M046,P04,T01,375885.26
2025-06-10,M047,P01,T03,284751.81
2025-06-10,M048,P02,T01,486704.11
2025-06-11,M001,P04,T04,96059.78
2025-06-11,M002,P01,T02,122600.45
2025-06-11,M003,P02,T04,168704.02
2025-06-11,M004,P03,T02,128168.26
2025-06-11,M005,P04,T04,150764.27
2025-06-11,M006,P01,T02,203461.51
2025-06-11,M007,P02,T04,254655.51
2025-06-11,M008,P03,T02,119059.81
2025-06-11,M009,P04,T04,138123.32
2025-06-11,M010,P01,T02,169887.68
2025-06-11,M011,P02,T04,209155.91
2025-06-11,M012,P03,T02,180405.6
2025-06-11,M013,P04,T04,197225.52
2025-06-11,M014,P01,T02,269524.78
2025-06-11,M015,P02,T04,165454.46
2025-06-11,M016,P03,T02,155771.72
2025-06-11,M017,P04,T04,184763.75
2025-06-11,M018,P01,T02,231582.42
2025-06-11,M019,P02,T04,251750.01
2025-06-11,M020,P03,T02,202241.96
2025-06-11,M021,P04,T04,230619.86
2025-06-11,M022,P01,T02,187203.16
2025-06-11,M023,P02,T04,241454.93
2025-06-11,M024,P03,T02,172574.06
2025-06-11,M025,P04,T04,201431.18
2025-06-11,M026,P01,T02,269073.43
2025-06-11,M027,P02,T04,304678.64
2025-06-11,M028,P03,T02,245789.67
2025-06-11,M029,P04,T04,192272.1
2025-06-11,M030,P01,T02,241344.99
2025-06-11,M031,P02,T04,281915.37
2025-06-11,M032,P03,T02,239981.64
2025-06-11,M033,P04,T04,251515.29
2025-06-11,M034,P01,T02,290313.08
2025-06-11,M035,P02,T04,364381.92
2025-06-11,M036,P03,T02,197052.31
2025-06-11,M037,P04,T04,240425.23
2025-06-11,M038,P01,T02,277490.83
2025-06-11,M039,P02,T04,338887.0
2025-06-11,M040,P03,T02,268032.49
2025-06-11,M041,P04,T04,285539.48
2025-06-11,M042,P01,T02,373047.98
2025-06-11,M043,P02,T04,306683.08
2025-06-11,M044,P03,T02,252251.87
2025-06-11,M045,P04,T04,292276.86
2025-06-11,M046,P01,T02,337365.57
2025-06-11,M047,P02,T04,361460.92
2025-06-11,M048,P03,T02,299007.47
2025-06-12,M001,P01,T01,133668.95
2025-06-12,M002,P02,T03,111666.93
2025-06-12,M003,P03,T01,148068.23
2025-06-12,M004,P04,T03,127198.41
2025-06-12,M005,P01,T01,224215.38
2025-06-12,M006,P02,T03,169260.12
2025-06-12,M007,P03,T01,194715.85
2025-06-12,M008,P04,T03,97092.44
2025-06-12,M009,P01,T01,194112.2
2025-06-12,M010,P02,T03,159825.08
2025-06-12,M011,P03,T01,189718.48
2025-06-12,M012,P04,T03,157534.41
2025-06-12,M013,P01,T01,269711.34
2025-06-12,M014,P02,T03,206587.64
2025-06-12,M015,P03,T01,147078.53
2025-06-12,M016,P04,T03,128436.23
2025-06-12,M017,P01,T01,228647.09
2025-06-12,M018,P02,T03,188397.06
2025-06-12,M019,P03,T01,224941.5
2025-06-12,M020,P04,T03,202267.02
2025-06-12,M021,P01,T01,306463.14
2025-06-12,M022,P02,T03,167274.43
2025-06-12,M023,P03,T01,212522.39
2025-06-12,M024,P04,T03,163766.94
2025-06-12,M025,P01,T01,305639.39
2025-06-12,M026,P02,T03,232743.0
2025-06-12,M027,P03,T01,273219.39
2025-06-12,M028,P04,T03,234102.2
2025-06-12,M029,P01,T01,250411.25
2025-06-12,M030,P02,T03,210486.44
2025-06-12,M031,P03,T01,227404.84
2025-06-12,M032,P04,T03,196917.39
2025-06-12,M033,P01,T01,328567.72
2025-06-12,M034,P02,T03,272709.42
2025-06-12,M035,P03,T01,288669.69
2025-06-12,M036,P04,T03,165858.02
2025-06-12,M037,P01,T01,318371.35
2025-06-12,M038,P02,T03,268334.86
2025-06-12,M039,P03,T01,275808.9
2025-06-12,M040,P04,T03,251649.58
2025-06-12,M041,P01,T01,374064.84
2025-06-12,M042,P02,T03,309124.26
2025-06-12,M043,P03,T01,253918.73
2025-06-12,M044,P04,T03,229575.24
2025-06-12,M045,P01,T01,367938.96
2025-06-12,M046,P02,T03,273043.18
2025-06-12,M047,P03,T01,345497.74
2025-06-12,M048,P04,T03,284861.34
2025-06-13,M001,P02,T02,123700.06
2025-06-13,M002,P03,T04,100125.55
2025-06-13,M003,P04,T02,147110.72
2025-06-13,M004,P01,T04,155262.13
2025-06-13,M005,P02,T02,222849.07
2025-06-13,M006,P03,T04,153514.92
2025-06-13,M007,P04,T02,216115.41
2025-06-13,M008,P01,T04,125317.07
2025-06-13,M009,P02,T02,180642.66
2025-06-13,M010,P03,T04,135975.12
2025-06-13,M011,P04,T02,188678.46
2025-06-13,M012,P01,T04,201858.33
2025-06-13,M013,P02,T02,244870.83
2025-06-13,M014,P03,T04,177071.58
2025-06-13,M015,P04,T02,143694.96
2025-06-13,M016,P01,T04,173903.36
2025-06-13,M017,P02,T02,226972.96
2025-06-13,M018,P03,T04,167402.39
2025-06-13,M019,P04,T02,215349.4
2025-06-13,M020,P01,T04,237852.04
2025-06-13,M021,P02,T02,329311.62
2025-06-13,M022,P03,T04,142357.04
2025-06-13,M023,P04,T02,200916.85
2025-06-13,M024,P01,T04,222534.17
2025-06-13,M025,P02,T02,262763.16
2025-06-13,M026,P03,T04,193992.64
2025-06-13,M027,P04,T02,254807.99
2025-06-13,M028,P01,T04,285272.69
2025-06-13,M029,P02,T02,229673.26
2025-06-13,M030,P03,T04,177726.7
2025-06-13,M031,P04,T02,257879.78
2025-06-13,M032,P01,T04,257601.52
2025-06-13,M033,P02,T02,340733.64
2025-06-13,M034,P03,T04,248077.43
2025-06-13,M035,P04,T02,299489.23
2025-06-13,M036,P01,T04,248322.17
2025-06-13,M037,P02,T02,290747.19
2025-06-13,M038,P03,T04,202426.12
2025-06-13,M039,P04,T02,297202.51
2025-06-13,M040,P01,T04,302961.55
2025-06-13,M041,P02,T02,409610.81
2025-06-13,M042,P03,T04,286979.82
2025-06-13,M043,P04,T02,268156.97
2025-06-13,M044,P01,T04,292927.02
2025-06-13,M045,P02,T02,380047.08
2025-06-13,M046,P03,T04,246266.73
2025-06-13,M047,P04,T02,348507.27
2025-06-13,M048,P01,T04,353719.36
2025-06-14,M001,P03,T03,61730.48
2025-06-14,M002,P04,T01,130251.63
2025-06-14,M003,P01,T03,96767.27
2025-06-14,M004,P02,T01,185923.3
2025-06-14,M005,P03,T03,113710.52
2025-06-14,M006,P04,T01,193977.26
2025-06-14,M007,P01,T03,151145.8
2025-06-14,M008,P02,T01,164067.51
2025-06-14,M009,P03,T03,95576.38
2025-06-14,M010,P04,T01,170155.87
2025-06-14,M011,P01,T03,138690.22
2025-06-14,M012,P02,T01,253520.37
2025-06-14,M013,P03,T03,130792.79
2025-06-14,M014,P04,T01,225000.92
2025-06-14,M015,P01,T03,115358.9
2025-06-14,M016,P02,T01,210532.17
2025-06-14,M017,P03,T03,111629.37
2025-06-14,M018,P04,T01,222108.39
2025-06-14,M019,P01,T03,173352.44
2025-06-14,M020,P02,T01,310589.85
2025-06-14,M021,P03,T03,151286.42
2025-06-14,M022,P04,T01,199950.05
2025-06-14,M023,P01,T03,152906.54
2025-06-14,M024,P02,T01,277801.78
2025-06-14,M025,P03,T03,148210.41
2025-06-14,M026,P04,T01,269309.32
2025-06-14,M027,P01,T03,205602.73
2025-06-14,M028,P02,T01,344991.59
2025-06-14,M029,P03,T03,131083.6
2025-06-14,M030,P04,T01,216241.46
2025-06-14,M031,P01,T03,192185.57
2025-06-14,M032,P02,T01,316189.57
2025-06-14,M033,P03,T03,161055.41
2025-06-14,M034,P04,T01,327333.67
2025-06-14,M035,P01,T03,234792.55
2025-06-14,M036,P02,T01,273298.97
2025-06-14,M037,P03,T03,156743.87
2025-06-14,M038,P04,T01,269514.82
2025-06-14,M039,P01,T03,231825.61
2025-06-14,M040,P02,T01,394920.51
2025-06-14,M041,P03,T03,203850.85
2025-06-14,M042,P04,T01,333094.5
2025-06-14,M043,P01,T03,189896.44
2025-06-14,M044,P02,T01,333206.76
2025-06-14,M045,P03,T03,167258.47
2025-06-14,M046,P04,T01,324749.61
2025-06-14,M047,P01,T03,244769.84
2025-06-14,M048,P02,T01,456790.83
2025-06-15,M001,P04,T04,82270.63
2025-06-15,M002,P01,T02,106775.33
2025-06-15,M003,P02,T04,148909.7
2025-06-15,M004,P03,T02,115642.95
2025-06-15,M005,P04,T04,136811.68
2025-06-15,M006,P01,T02,188850.62
2025-06-15,M007,P02,T04,200477.15
2025-06-15,M008,P03,T02,94068.44
2025-06-15,M009,P04,T04,131578.18
2025-06-15,M010,P01,T02,166425.69
2025-06-15,M011,P02,T04,179113.5
2025-06-15,M012,P03,T02,154517.37
2025-06-15,M013,P04,T04,190405.86
2025-06-15,M014,P01,T02,240553.64
2025-06-15,M015,P02,T04,158749.61
2025-06-15,M016,P03,T02,125634.04
2025-06-15,M017,P04,T04,157416.08
2025-06-15,M018,P01,T02,200884.73
2025-06-15,M019,P02,T04,236708.54
2025-06-15,M020,P03,T02,187158.21
2025-06-15,M021,P04,T04,229816.65
2025-06-15,M022,P01,T02,181972.73
2025-06-15,M023,P02,T04,214102.82
2025-06-15,M024,P03,T02,158750.81
2025-06-15,M025,P04,T04,197285.41
2025-06-15,M026,P01,T02,255734.88
2025-06-15,M027,P02,T04,285287.58
2025-06-15,M028,P03,T02,217692.96
2025-06-15,M029,P04,T04,176373.64
2025-06-15,M030,P01,T02,226673.79
2025-06-15,M031,P02,T04,231861.16
2025-06-15,M032,P03,T02,205415.84
2025-06-15,M033,P04,T04,225299.57
2025-06-15,M034,P01,T02,297641.74
2025-06-15,M035,P02,T04,325676.65
2025-06-15,M036,P03,T02,192136.33
2025-06-15,M037,P04,T04,207300.58
2025-06-15,M038,P01,T02,256352.62
2025-06-15,M039,P02,T04,275021.71
2025-06-15,M040,P03,T02,224089.01
2025-06-15,M041,P04,T04,287762.47
2025-06-15,M042,P01,T02,317595.43
2025-06-15,M043,P02,T04,283229.43
2025-06-15,M044,P03,T02,217210.45
2025-06-15,M045,P04,T04,251073.17
2025-06-15,M046,P01,T02,309111.08
2025-06-15,M047,P02,T04,356434.59
2025-06-15,M048,P03,T02,287772.51
2025-06-16,M001,P01,T01,130382.32
2025-06-16,M002,P02,T03,115501.64
2025-06-16,M003,P03,T01,137253.01
2025-06-16,M004,P04,T03,119573.23
2025-06-16,M005,P01,T01,220030.35
2025-06-16,M006,P02,T03,190689.94
2025-06-16,M007,P03,T01,220259.33
2025-06-16,M008,P04,T03,100455.07
2025-06-16,M009,P01,T01,183500.6
2025-06-16,M010,P02,T03,159743.99
2025-06-16,M011,P03,T01,188637.68
2025-06-16,M012,P04,T03,148395.62
2025-06-16,M013,P01,T01,258491.64
2025-06-16,M014,P02,T03,210004.74
2025-06-16,M015,P03,T01,160741.28
2025-06-16,M016,P04,T03,128459.94
2025-06-16,M017,P01,T01,225461.47
2025-06-16,M018,P02,T03,189275.92
2025-06-16,M019,P03,T01,216071.62
2025-06-16,M020,P04,T03,203929.43
2025-06-16,M021,P01,T01,300250.55
2025-06-16,M022,P02,T03,175301.52
2025-06-16,M023,P03,T01,183296.75
2025-06-16,M024,P04,T03,170210.22
2025-06-16,M025,P01,T01,294947.96
2025-06-16,M026,P02,T03,225272.8
2025-06-16,M027,P03,T01,288998.67
2025-06-16,M028,P04,T03,231068.41
2025-06-16,M029,P01,T01,243870.44
2025-06-16,M030,P02,T03,205708.85
2025-06-16,M031,P03,T01,260158.07
2025-06-16,M032,P04,T03,186900.14
2025-06-16,M033,P01,T01,367568.37
2025-06-16,M034,P02,T03,273502.75
2025-06-16,M035,P03,T01,291638.4
2025-06-16,M036,P04,T03,183965.15
2025-06-16,M037,P01,T01,286531.03
2025-06-16,M038,P02,T03,259928.82
2025-06-16,M039,P03,T01,290297.17
2025-06-16,M040,P04,T03,227728.39
2025-06-16,M041,P01,T01,418618.16
2025-06-16,M042,P02,T03,329813.59
2025-06-16,M043,P03,T01,254918.72
2025-06-16,M044,P04,T03,220532.56
2025-06-16,M045,P01,T01,360290.66
2025-06-16,M046,P02,T03,275300.75
2025-06-16,M047,P03,T01,338934.42
2025-06-16,M048,P04,T03,265020.15
2025-06-17,M001,P02,T02,130532.72
2025-06-17,M002,P03,T04,99359.14
2025-06-17,M003,P04,T02,126180.69
2025-06-17,M004,P01,T04,144888.12
2025-06-17,M005,P02,T02,219006.6
2025-06-17,M006,P03,T04,160391.48
2025-06-17,M007,P04,T02,219377.99
2025-06-17,M008,P01,T04,121824.52
2025-06-17,M009,P02,T02,166486.36
2025-06-17,M010,P03,T04,131697.05
2025-06-17,M011,P04,T02,183983.31
2025-06-17,M012,P01,T04,204895.82
2025-06-17,M013,P02,T02,278351.66
2025-06-17,M014,P03,T04,179243.83
2025-06-17,M015,P04,T02,155008.08
2025-06-17,M016,P01,T04,178458.82
2025-06-17,M017,P02,T02,244491.69
2025-06-17,M018,P03,T04,174204.01
2025-06-17,M019,P04,T02,211797.39
2025-06-17,M020,P01,T04,234573.29
2025-06-17,M021,P02,T02,321567.75
2025-06-17,M022,P03,T04,133960.34
2025-06-17,M023,P04,T02,194094.66
2025-06-17,M024,P01,T04,224616.23
2025-06-17,M025,P02,T02,296643.56
2025-06-17,M026,P03,T04,191964.66
2025-06-17,M027,P04,T02,276619.26
2025-06-17,M028,P01,T04,272987.04
2025-06-17,M029,P02,T02,246878.88
2025-06-17,M030,P03,T04,187626.62
2025-06-17,M031,P04,T02,220824.71
2025-06-17,M032,P01,T04,273245.88
2025-06-17,M033,P02,T02,350110.49
2025-06-17,M034,P03,T04,254744.59
2025-06-17,M035,P04,T02,292261.16
2025-06-17,M036,P01,T04,226619.31
2025-06-17,M037,P02,T02,298126.81
2025-06-17,M038,P03,T04,218342.82
2025-06-17,M039,P04,T02,268392.34
2025-06-17,M040,P01,T04,301014.85
2025-06-17,M041,P02,T02,411302.33
2025-06-17,M042,P03,T04,278150.65
2025-06-17,M043,P04,T02,248218.08
2025-06-17,M044,P01,T04,256071.11
2025-06-17,M045,P02,T02,345191.87
2025-06-17,M046,P03,T04,241564.52
2025-06-17,M047,P04,T02,346429.87
2025-06-17,M048,P01,T04,344105.66
2025-06-18,M001,P03,T03,67761.26
2025-06-18,M002,P04,T01,146953.89
2025-06-18,M003,P01,T03,111761.06
2025-06-18,M004,P02,T01,217689.01
2025-06-18,M005,P03,T03,112804.79
2025-06-18,M006,P04,T01,213511.95
2025-06-18,M007,P01,T03,185760.72
2025-06-18,M008,P02,T01,180579.57
2025-06-18,M009,P03,T03,94927.1
2025-06-18,M010,P04,T01,198358.86
2025-06-18,M011,P01,T03,152859.51
2025-06-18,M012,P02,T01,281741.68
2025-06-18,M013,P03,T03,143527.96
2025-06-18,M014,P04,T01,270314.48
2025-06-18,M015,P01,T03,135677.32
2025-06-18,M016,P02,T01,249795.71
2025-06-18,M017,P03,T03,122567.92
2025-06-18,M018,P04,T01,230641.74
2025-06-18,M019,P01,T03,185851.26
2025-06-18,M020,P02,T01,350584.94
2025-06-18,M021,P03,T03,180240.51
2025-06-18,M022,P04,T01,193952.19
2025-06-18,M023,P01,T03,173306.27
2025-06-18,M024,P02,T01,322573.67
2025-06-18,M025,P03,T03,149702.71
2025-06-18,M026,P04,T01,301122.23
2025-06-18,M027,P01,T03,242764.17
2025-06-18,M028,P02,T01,403373.46
2025-06-18,M029,P03,T03,138193.99
2025-06-18,M030,P04,T01,268942.41
2025-06-18,M031,P01,T03,211700.03
2025-06-18,M032,P02,T01,390519.14
2025-06-18,M033,P03,T03,189397.78
2025-06-18,M034,P04,T01,362658.35
2025-06-18,M035,P01,T03,267548.86
2025-06-18,M036,P02,T01,342191.84
2025-06-18,M037,P03,T03,181999.97
2025-06-18,M038,P04,T01,330260.63
2025-06-18,M039,P01,T03,243861.05
2025-06-18,M040,P02,T01,399216.15
2025-06-18,M041,P03,T03,226879.97
2025-06-18,M042,P04,T01,361205.5
2025-06-18,M043,P01,T03,212430.56
2025-06-18,M044,P02,T01,393749.22
2025-06-18,M045,P03,T03,205643.77
2025-06-18,M046,P04,T01,371456.16
2025-06-18,M047,P01,T03,281827.36
2025-06-18,M048,P02,T01,453055.0
2025-06-19,M001,P04,T04,91048.12
2025-06-19,M002,P01,T02,137970.83
2025-06-19,M003,P02,T04,155327.28
2025-06-19,M004,P03,T02,130384.63
2025-06-19,M005,P04,T04,168009.38
2025-06-19,M006,P01,T02,210745.5
2025-06-19,M007,P02,T04,226450.84
2025-06-19,M008,P03,T02,102968.82
2025-06-19,M009,P04,T04,135812.57
2025-06-19,M010,P01,T02,175047.03
2025-06-19,M011,P02,T04,206557.25
2025-06-19,M012,P03,T02,168824.98
2025-06-19,M013,P04,T04,205925.83
2025-06-19,M014,P01,T02,256085.47
2025-06-19,M015,P02,T04,171129.98
2025-06-19,M016,P03,T02,159715.76
2025-06-19,M017,P04,T04,184492.35
2025-06-19,M018,P01,T02,205624.09
2025-06-19,M019,P02,T04,242733.02
2025-06-19,M020,P03,T02,200480.78
2025-06-19,M021,P04,T04,242255.04
2025-06-19,M022,P01,T02,204144.05
2025-06-19,M023,P02,T04,236681.0
2025-06-19,M024,P03,T02,186840.85
2025-06-19,M025,P04,T04,224780.05
2025-06-19,M026,P01,T02,282093.32
2025-06-19,M027,P02,T04,293415.03
2025-06-19,M028,P03,T02,267108.14
2025-06-19,M029,P04,T04,180571.67
2025-06-19,M030,P01,T02,240189.88
2025-06-19,M031,P02,T04,266031.33
2025-06-19,M032,P03,T02,208377.84
2025-06-19,M033,P04,T04,269914.61
2025-06-19,M034,P01,T02,291296.41
2025-06-19,M035,P02,T04,349194.68
2025-06-19,M036,P03,T02,205797.63
2025-06-19,M037,P04,T04,224315.87
2025-06-19,M038,P01,T02,267536.78
2025-06-19,M039,P02,T04,319121.14
2025-06-19,M040,P03,T02,280837.85
2025-06-19,M041,P04,T04,295279.07
2025-06-19,M042,P01,T02,380955.52
2025-06-19,M043,P02,T04,296056.08
2025-06-19,M044,P03,T02,243027.78
2025-06-19,M045,P04,T04,257240.57
2025-06-19,M046,P01,T02,323771.19
2025-06-19,M047,P02,T04,375180.16
2025-06-19,M048,P03,T02,275018.94
2025-06-20,M001,P01,T01,118887.07
2025-06-20,M002,P02,T03,116854.63
2025-06-20,M003,P03,T01,137446.23
2025-06-20,M004,P04,T03,125085.15
2025-06-20,M005,P01,T01,211932.36
2025-06-20,M006,P02,T03,174577.59
2025-06-20,M007,P03,T01,213833.56
2025-06-20,M008,P04,T03,96407.18
2025-06-20,M009,P01,T01,194141.2
2025-06-20,M010,P02,T03,154373.76
2025-06-20,M011,P03,T01,173273.48
2025-06-20,M012,P04,T03,151072.66
2025-06-20,M013,P01,T01,276613.32
2025-06-20,M014,P02,T03,231920.86
2025-06-20,M015,P03,T01,162716.74
2025-06-20,M016,P04,T03,136947.08
2025-06-20,M017,P01,T01,232675.86
2025-06-20,M018,P02,T03,193224.71
2025-06-20,M019,P03,T01,232790.76
2025-06-20,M020,P04,T03,180591.72
2025-06-20,M021,P01,T01,328591.2
2025-06-20,M022,P02,T03,181230.95
2025-06-20,M023,P03,T01,185088.82
2025-06-20,M024,P04,T03,178740.82
2025-06-20,M025,P01,T01,292536.48
2025-06-20,M026,P02,T03,240709.34
2025-06-20,M027,P03,T01,249640.51
2025-06-20,M028,P04,T03,209751.9
2025-06-20,M029,P01,T01,239109.0
2025-06-20,M030,P02,T03,223298.06
2025-06-20,M031,P03,T01,252458.36
2025-06-20,M032,P04,T03,210575.84
2025-06-20,M033,P01,T01,357632.5
2025-06-20,M034,P02,T03,282110.25
2025-06-20,M035,P03,T01,321062.73
2025-06-20,M036,P04,T03,171266.52
2025-06-20,M037,P01,T01,288686.07
2025-06-20,M038,P02,T03,246918.68
2025-06-20,M039,P03,T01,274283.28
2025-06-20,M040,P04,T03,237214.42
2025-06-20,M041,P01,T01,372019.81
2025-06-20,M042,P02,T03,321981.86
2025-06-20,M043,P03,T01,273869.61
2025-06-20,M044,P04,T03,205102.8
2025-06-20,M045,P01,T01,367792.04
2025-06-20,M046,P02,T03,314203.3
2025-06-20,M047,P03,T01,319128.97
2025-06-20,M048,P04,T03,276854.34
2025-06-21,M001,P02,T02,93725.31
2025-06-21,M002,P03,T04,69130.99
2025-06-21,M003,P04,T02,100773.74
2025-06-21,M004,P01,T04,110995.72
2025-06-21,M005,P02,T02,152930.84
2025-06-21,M006,P03,T04,110361.47
2025-06-21,M007,P04,T02,144328.46
2025-06-21,M008,P01,T04,101571.43
2025-06-21,M009,P02,T02,122154.01
2025-06-21,M010,P03,T04,97780.76
2025-06-21,M011,P04,T02,126865.58
2025-06-21,M012,P01,T04,149593.21
2025-06-21,M013,P02,T02,200058.37
2025-06-21,M014,P03,T04,151521.88
2025-06-21,M015,P04,T02,114388.66
2025-06-21,M016,P01,T04,127413.11
2025-06-21,M017,P02,T02,158471.09
2025-06-21,M018,P03,T04,132797.24
2025-06-21,M019,P04,T02,154657.48
2025-06-21,M020,P01,T04,183463.12
2025-06-21,M021,P02,T02,250219.38
2025-06-21,M022,P03,T04,111167.33
2025-06-21,M023,P04,T02,144479.91
2025-06-21,M024,P01,T04,152469.67
2025-06-21,M025,P02,T02,211394.65
2025-06-21,M026,P03,T04,161714.99
2025-06-21,M027,P04,T02,187043.06
2025-06-21,M028,P01,T04,206119.94
2025-06-21,M029,P02,T02,184526.99
2025-06-21,M030,P03,T04,129495.07
2025-06-21,M031,P04,T02,166200.35
2025-06-21,M032,P01,T04,189923.87
2025-06-21,M033,P02,T02,264042.33
2025-06-21,M034,P03,T04,170914.04
2025-06-21,M035,P04,T02,238800.57
2025-06-21,M036,P01,T04,172855.19
2025-06-21,M037,P02,T02,235727.98
2025-06-21,M038,P03,T04,146967.56
2025-06-21,M039,P04,T02,205103.28
2025-06-21,M040,P01,T04,213679.12
2025-06-21,M041,P02,T02,299923.7
2025-06-21,M042,P03,T04,206814.59
2025-06-21,M043,P04,T02,177291.98
2025-06-21,M044,P01,T04,218128.79
2025-06-21,M045,P02,T02,274935.92
2025-06-21,M046,P03,T04,194667.88
2025-06-21,M047,P04,T02,227531.43
2025-06-21,M048,P01,T04,267305.68
2025-06-22,M001,P03,T03,48044.41
2025-06-22,M002,P04,T01,104455.9
2025-06-22,M003,P01,T03,78443.59
2025-06-22,M004,P02,T01,166436.82
2025-06-22,M005,P03,T03,82719.57
2025-06-22,M006,P04,T01,150356.6
2025-06-22,M007,P01,T03,121832.86
2025-06-22,M008,P02,T01,132859.15
2025-06-22,M009,P03,T03,75107.13
2025-06-22,M010,P04,T01,129177.89
2025-06-22,M011,P01,T03,115062.09
2025-06-22,M012,P02,T01,214132.15
2025-06-22,M013,P03,T03,110946.94
2025-06-22,M014,P04,T01,215433.67
2025-06-22,M015,P01,T03,101636.84
2025-06-22,M016,P02,T01,174641.27
2025-06-22,M017,P03,T03,94267.88
2025-06-22,M018,P04,T01,163607.99
2025-06-22,M019,P01,T03,144499.81
2025-06-22,M020,P02,T01,252342.5
2025-06-22,M021,P03,T03,131104.74
2025-06-22,M022,P04,T01,155891.67
2025-06-22,M023,P01,T03,116526.41
2025-06-22,M024,P02,T01,231345.29
2025-06-22,M025,P03,T03,112897.36
2025-06-22,M026,P04,T01,217959.44
2025-06-22,M027,P01,T03,157692.51
2025-06-22,M028,P02,T01,292126.81
2025-06-22,M029,P03,T03,107358.71
2025-06-22,M030,P04,T01,204987.4
2025-06-22,M031,P01,T03,159175.31
2025-06-22,M032,P02,T01,289395.81
2025-06-22,M033,P03,T03,128254.08
2025-06-22,M034,P04,T01,264276.27
2025-06-22,M035,P01,T03,199300.78
2025-06-22,M036,P02,T01,236299.14
2025-06-22,M037,P03,T03,117979.2
2025-06-22,M038,P04,T01,237179.08
2025-06-22,M039,P01,T03,184268.88
2025-06-22,M040,P02,T01,314107.63
2025-06-22,M041,P03,T03,153887.19
2025-06-22,M042,P04,T01,270702.97
2025-06-22,M043,P01,T03,153008.69
2025-06-22,M044,P02,T01,307442.24
2025-06-22,M045,P03,T03,154851.29
2025-06-22,M046,P04,T01,261154.12
2025-06-22,M047,P01,T03,211598.66
2025-06-22,M048,P02,T01,349574.53
2025-06-23,M001,P04,T04,79785.34
2025-06-23,M002,P01,T02,112046.35
2025-06-23,M003,P02,T04,125370.26
2025-06-23,M004,P03,T02,113450.26
2025-06-23,M005,P04,T04,127627.56
2025-06-23,M006,P01,T02,167781.16
2025-06-23,M007,P02,T04,187925.8
2025-06-23,M008,P03,T02,88410.59
2025-06-23,M009,P04,T04,109532.86
2025-06-23,M010,P01,T02,143076.82
2025-06-23,M011,P02,T04,158296.34
2025-06-23,M012,P03,T02,133267.31
2025-06-23,M013,P04,T04,175076.18
2025-06-23,M014,P01,T02,210807.83
2025-06-23,M015,P02,T04,140526.29
2025-06-23,M016,P03,T02,125033.57
2025-06-23,M017,P04,T04,154202.89
2025-06-23,M018,P01,T02,192689.89
2025-06-23,M019,P02,T04,211495.14
2025-06-23,M020,P03,T02,164678.69
2025-06-23,M021,P04,T04,185560.14
2025-06-23,M022,P01,T02,166774.86
2025-06-23,M023,P02,T04,191120.62
2025-06-23,M024,P03,T02,144606.95
2025-06-23,M025,P04,T04,165906.65
2025-06-23,M026,P01,T02,229443.41
2025-06-23,M027,P02,T04,230468.97
2025-06-23,M028,P03,T02,213527.31
2025-06-23,M029,P04,T04,156753.06
2025-06-23,M030,P01,T02,201923.65
2025-06-23,M031,P02,T04,221849.72
2025-06-23,M032,P03,T02,174847.92
2025-06-23,M033,P04,T04,209891.88
2025-06-23,M034,P01,T02,260428.03
2025-06-23,M035,P02,T04,290686.73
2025-06-23,M036,P03,T02,163899.17
2025-06-23,M037,P04,T04,193973.37
2025-06-23,M038,P01,T02,244953.31
2025-06-23,M039,P02,T04,269034.96
2025-06-23,M040,P03,T02,222113.37
2025-06-23,M041,P04,T04,263169.09
2025-06-23,M042,P01,T02,276662.92
2025-06-23,M043,P02,T04,223235.08
2025-06-23,M044,P03,T02,199464.24
2025-06-23,M045,P04,T04,230519.64
2025-06-23,M046,P01,T02,282684.09
2025-06-23,M047,P02,T04,317109.9
2025-06-23,M048,P03,T02,232621.79
2025-06-24,M001,P01,T01,106906.46
2025-06-24,M002,P02,T03,98332.54
2025-06-24,M003,P03,T01,108705.74
2025-06-24,M004,P04,T03,95942.76
2025-06-24,M005,P01,T01,176202.34
2025-06-24,M006,P02,T03,142423.39
2025-06-24,M007,P03,T01,181624.22
2025-06-24,M008,P04,T03,82087.78
2025-06-24,M009,P01,T01,147448.51
2025-06-24,M010,P02,T03,135496.6
2025-06-24,M011,P03,T01,140395.66
2025-06-24,M012,P04,T03,125716.9
2025-06-24,M013,P01,T01,209083.28
2025-06-24,M014,P02,T03,173529.03
2025-06-24,M015,P03,T01,130789.52
2025-06-24,M016,P04,T03,106259.39
2025-06-24,M017,P01,T01,178198.92
2025-06-24,M018,P02,T03,159793.94
2025-06-24,M019,P03,T01,185829.04
2025-06-24,M020,P04,T03,160908.28
2025-06-24,M021,P01,T01,285155.9
2025-06-24,M022,P02,T03,138232.0
2025-06-24,M023,P03,T01,155183.92
2025-06-24,M024,P04,T03,128896.82
2025-06-24,M025,P01,T01,221990.12
2025-06-24,M026,P02,T03,184400.46
2025-06-24,M027,P03,T01,203748.52
2025-06-24,M028,P04,T03,168655.99
2025-06-24,M029,P01,T01,215091.46
2025-06-24,M030,P02,T03,160499.43
2025-06-24,M031,P03,T01,197726.03
2025-06-24,M032,P04,T03,174983.58
2025-06-24,M033,P01,T01,300211.7
2025-06-24,M034,P02,T03,226829.87
2025-06-24,M035,P03,T01,257868.19
2025-06-24,M036,P04,T03,136819.68
2025-06-24,M037,P01,T01,234743.51
2025-06-24,M038,P02,T03,215600.45
2025-06-24,M039,P03,T01,228941.48
2025-06-24,M040,P04,T03,203607.2
2025-06-24,M041,P01,T01,322549.23
2025-06-24,M042,P02,T03,281985.17
2025-06-24,M043,P03,T01,221417.55
2025-06-24,M044,P04,T03,188708.56
2025-06-24,M045,P01,T01,308127.29
2025-06-24,M046,P02,T03,226567.15
2025-06-24,M047,P03,T01,290403.28
2025-06-24,M048,P04,T03,226089.96
2025-06-25,M001,P02,T02,99975.59
2025-06-25,M002,P03,T04,78653.93
2025-06-25,M003,P04,T02,109521.35
2025-06-25,M004,P01,T04,134326.57
2025-06-25,M005,P02,T02,178012.59
2025-06-25,M006,P03,T04,124197.36
2025-06-25,M007,P04,T02,181921.12
2025-06-25,M008,P01,T04,100675.55
2025-06-25,M009,P02,T02,148644.48
2025-06-25,M010,P03,T04,108756.76
2025-06-25,M011,P04,T02,144417.12
2025-06-25,M012,P01,T04,165282.97
2025-06-25,M013,P02,T02,226686.63
2025-06-25,M014,P03,T04,148390.14
2025-06-25,M015,P04,T02,132237.72
2025-06-25,M016,P01,T04,135553.66
2025-06-25,M017,P02,T02,187893.11
2025-06-25,M018,P03,T04,136543.1
2025-06-25,M019,P04,T02,192883.95
2025-06-25,M020,P01,T04,205340.57
2025-06-25,M021,P02,T02,256259.72
2025-06-25,M022,P03,T04,125513.66
2025-06-25,M023,P04,T02,166524.79
2025-06-25,M024,P01,T04,188651.19
2025-06-25,M025,P02,T02,235616.16
2025-06-25,M026,P03,T04,168730.63
2025-06-25,M027,P04,T02,214928.37
2025-06-25,M028,P01,T04,229409.3
2025-06-25,M029,P02,T02,191129.52
2025-06-25,M030,P03,T04,158853.6
2025-06-25,M031,P04,T02,187482.11
2025-06-25,M032,P01,T04,203343.0
2025-06-25,M033,P02,T02,289700.46
2025-06-25,M034,P03,T04,186070.24
2025-06-25,M035,P04,T02,269513.07
2025-06-25,M036,P01,T04,190679.04
2025-06-25,M037,P02,T02,241552.71
2025-06-25,M038,P03,T04,167309.11
2025-06-25,M039,P04,T02,238241.44
2025-06-25,M040,P01,T04,256524.89
2025-06-25,M041,P02,T02,299126.73
2025-06-25,M042,P03,T04,221212.94
2025-06-25,M043,P04,T02,202651.97
2025-06-25,M044,P01,T04,214562.66
2025-06-25,M045,P02,T02,269719.32
2025-06-25,M046,P03,T04,210624.62
2025-06-25,M047,P04,T02,280344.52
2025-06-25,M048,P01,T04,263352.03
2025-06-26,M001,P03,T03,54416.34
2025-06-26,M002,P04,T01,114622.94
2025-06-26,M003,P01,T03,95943.31
2025-06-26,M004,P02,T01,186918.39
2025-06-26,M005,P03,T03,98518.55
2025-06-26,M006,P04,T01,177356.66
2025-06-26,M007,P01,T03,153362.87
2025-06-26,M008,P02,T01,144308.48
2025-06-26,M009,P03,T03,81070.44
2025-06-26,M010,P04,T01,159926.08
2025-06-26,M011,P01,T03,114597.08
2025-06-26,M012,P02,T01,220367.63
2025-06-26,M013,P03,T03,118492.39
2025-06-26,M014,P04,T01,225325.94
2025-06-26,M015,P01,T03,99224.09
2025-06-26,M016,P02,T01,213573.17
2025-06-26,M017,P03,T03,103171.69
2025-06-26,M018,P04,T01,201967.65
2025-06-26,M019,P01,T03,162533.3
2025-06-26,M020,P02,T01,273237.53
2025-06-26,M021,P03,T03,153470.08
2025-06-26,M022,P04,T01,181761.21
2025-06-26,M023,P01,T03,136672.79
2025-06-26,M024,P02,T01,229573.38
2025-06-26,M025,P03,T03,135082.29
2025-06-26,M026,P04,T01,254119.32
2025-06-26,M027,P01,T03,176827.24
2025-06-26,M028,P02,T01,314723.0
2025-06-26,M029,P03,T03,112196.34
2025-06-26,M030,P04,T01,208743.96
2025-06-26,M031,P01,T03,160894.38
2025-06-26,M032,P02,T01,309153.03
2025-06-26,M033,P03,T03,158400.61
2025-06-26,M034,P04,T01,271114.89
2025-06-26,M035,P01,T03,225580.24
2025-06-26,M036,P02,T01,274026.0
2025-06-26,M037,P03,T03,137894.77
2025-06-26,M038,P04,T01,249905.32
2025-06-26,M039,P01,T03,200919.2
2025-06-26,M040,P02,T01,351064.34
2025-06-26,M041,P03,T03,172480.42
2025-06-26,M042,P04,T01,321400.31
2025-06-26,M043,P01,T03,180407.03
2025-06-26,M044,P02,T01,317270.23
2025-06-26,M045,P03,T03,170222.18
2025-06-26,M046,P04,T01,284383.31
2025-06-26,M047,P01,T03,218137.99
2025-06-26,M048,P02,T01,400005.38
2025-06-27,M001,P04,T04,77444.82
2025-06-27,M002,P01,T02,109898.29
2025-06-27,M003,P02,T04,121908.04
2025-06-27,M004,P03,T02,109722.49
2025-06-27,M005,P04,T04,126622.27
2025-06-27,M006,P01,T02,178441.54
2025-06-27,M007,P02,T04,198691.93
2025-06-27,M008,P03,T02,95186.89
2025-06-27,M009,P04,T04,117223.18
2025-06-27,M010,P01,T02,133711.82
2025-06-27,M011,P02,T04,159428.25
2025-06-27,M012,P03,T02,139260.61
2025-06-27,M013,P04,T04,163299.85
2025-06-27,M014,P01,T02,220511.83
2025-06-27,M015,P02,T04,153273.95
2025-06-27,M016,P03,T02,130339.34
2025-06-27,M017,P04,T04,140565.22
2025-06-27,M018,P01,T02,181627.16
2025-06-27,M019,P02,T04,200703.43
2025-06-27,M020,P03,T02,163702.56
2025-06-27,M021,P04,T04,198943.5
2025-06-27,M022,P01,T02,168196.42
2025-06-27,M023,P02,T04,182997.52
2025-06-27,M024,P03,T02,148691.35
2025-06-27,M025,P04,T04,163995.97
2025-06-27,M026,P01,T02,213586.64
2025-06-27,M027,P02,T04,230764.3
2025-06-27,M028,P03,T02,191703.29
2025-06-27,M029,P04,T04,149593.13
2025-06-27,M030,P01,T02,184245.14
2025-06-27,M031,P02,T04,234747.88
2025-06-27,M032,P03,T02,168855.79
2025-06-27,M033,P04,T04,195838.69
2025-06-27,M034,P01,T02,272195.33
2025-06-27,M035,P02,T04,282369.24
2025-06-27,M036,P03,T02,168260.23
2025-06-27,M037,P04,T04,200830.13
2025-06-27,M038,P01,T02,239887.06
2025-06-27,M039,P02,T04,245736.94
2025-06-27,M040,P03,T02,225232.42
2025-06-27,M041,P04,T04,240650.1
2025-06-27,M042,P01,T02,277071.06
2025-06-27,M043,P02,T04,230220.28
2025-06-27,M044,P03,T02,187409.28
2025-06-27,M045,P04,T04,232820.49
2025-06-27,M046,P01,T02,262111.93
2025-06-27,M047,P02,T04,306356.21
2025-06-27,M048,P03,T02,231117.36
2025-06-28,M001,P01,T01,99752.83
2025-06-28,M002,P02,T03,81861.06
2025-06-28,M003,P03,T01,107148.77
2025-06-28,M004,P04,T03,88374.2
2025-06-28,M005,P01,T01,164814.26
2025-06-28,M006,P02,T03,128653.91
2025-06-28,M007,P03,T01,158638.68
2025-06-28,M008,P04,T03,73436.66
2025-06-28,M009,P01,T01,139465.9
2025-06-28,M010,P02,T03,122512.73
2025-06-28,M011,P03,T01,125206.24
2025-06-28,M012,P04,T03,107931.36
2025-06-28,M013,P01,T01,206515.47
2025-06-28,M014,P02,T03,177163.64
2025-06-28,M015,P03,T01,115213.41
2025-06-28,M016,P04,T03,105871.91
2025-06-28,M017,P01,T01,166414.81
2025-06-28,M018,P02,T03,143262.24
2025-06-28,M019,P03,T01,171612.3
2025-06-28,M020,P04,T03,135082.4
2025-06-28,M021,P01,T01,242298.47
2025-06-28,M022,P02,T03,121313.58
2025-06-28,M023,P03,T01,138948.94
2025-06-28,M024,P04,T03,118852.43
2025-06-28,M025,P01,T01,215955.65
2025-06-28,M026,P02,T03,170685.09
2025-06-28,M027,P03,T01,202686.16
2025-06-28,M028,P04,T03,156321.7
2025-06-28,M029,P01,T01,196377.32
2025-06-28,M030,P02,T03,152227.64
2025-06-28,M031,P03,T01,171207.28
2025-06-28,M032,P04,T03,150737.52
2025-06-28,M033,P01,T01,259837.11
2025-06-28,M034,P02,T03,205899.86
2025-06-28,M035,P03,T01,248285.98
2025-06-28,M036,P04,T03,143755.99
2025-06-28,M037,P01,T01,229534.99
2025-06-28,M038,P02,T03,182205.31
2025-06-28,M039,P03,T01,221754.13
2025-06-28,M040,P04,T03,165993.28
2025-06-28,M041,P01,T01,303500.34
2025-06-28,M042,P02,T03,252534.76
2025-06-28,M043,P03,T01,187973.71
2025-06-28,M044,P04,T03,163521.66
2025-06-28,M045,P01,T01,258592.62
2025-06-28,M046,P02,T03,205385.64
2025-06-28,M047,P03,T01,231263.0
2025-06-28,M048,P04,T03,202146.6
2025-06-29,M001,P02,T02,89741.5
2025-06-29,M002,P03,T04,75338.28
2025-06-29,M003,P04,T02,100243.82
2025-06-29,M004,P01,T04,115802.91
2025-06-29,M005,P02,T02,144824.53
2025-06-29,M006,P03,T04,118615.21
2025-06-29,M007,P04,T02,149210.71
2025-06-29,M008,P01,T04,100572.35
2025-06-29,M009,P02,T02,125124.08
2025-06-29,M010,P03,T04,92138.03
2025-06-29,M011,P04,T02,137247.91
2025-06-29,M012,P01,T04,143503.44
2025-06-29,M013,P02,T02,209895.0
2025-06-29,M014,P03,T04,146036.83
2025-06-29,M015,P04,T02,109096.57
2025-06-29,M016,P01,T04,127908.5
2025-06-29,M017,P02,T02,183092.88
2025-06-29,M018,P03,T04,126365.26
2025-06-29,M019,P04,T02,171008.51
2025-06-29,M020,P01,T04,170290.65
2025-06-29,M021,P02,T02,245205.21
2025-06-29,M022,P03,T04,106477.63
2025-06-29,M023,P04,T02,141348.56
2025-06-29,M024,P01,T04,152232.39
2025-06-29,M025,P02,T02,194231.03
2025-06-29,M026,P03,T04,160802.36
2025-06-29,M027,P04,T02,208557.85
2025-06-29,M028,P01,T04,213874.42
2025-06-29,M029,P02,T02,192078.7
2025-06-29,M030,P03,T04,130063.05
2025-06-29,M031,P04,T02,165757.58
2025-06-29,M032,P01,T04,189391.43
2025-06-29,M033,P02,T02,247115.14
2025-06-29,M034,P03,T04,164929.58
2025-06-29,M035,P04,T02,246245.25
2025-06-29,M036,P01,T04,166245.37
2025-06-29,M037,P02,T02,212017.06
2025-06-29,M038,P03,T04,157463.74
2025-06-29,M039,P04,T02,206427.24
2025-06-29,M040,P01,T04,230293.33
2025-06-29,M041,P02,T02,306179.5
2025-06-29,M042,P03,T04,205813.79
2025-06-29,M043,P04,T02,174229.84
2025-06-29,M044,P01,T04,217126.78
2025-06-29,M045,P02,T02,263000.73
2025-06-29,M046,P03,T04,188348.21
2025-06-29,M047,P04,T02,228896.21
2025-06-29,M048,P01,T04,266342.7
2025-06-30,M001,P03,T03,56544.33
2025-06-30,M002,P04,T01,113489.93
2025-06-30,M003,P01,T03,94206.98
2025-06-30,M004,P02,T01,191266.97
2025-06-30,M005,P03,T03,99896.71
2025-06-30,M006,P04,T01,191347.5
2025-06-30,M007,P01,T03,149939.3
2025-06-30,M008,P02,T01,145710.67
2025-06-30,M009,P03,T03,74867.8
2025-06-30,M010,P04,T01,158556.25
2025-06-30,M011,P01,T03,121085.6
2025-06-30,M012,P02,T01,241678.53
2025-06-30,M013,P03,T03,116498.47
2025-06-30,M014,P04,T01,235317.91
2025-06-30,M015,P01,T03,107965.45
2025-06-30,M016,P02,T01,202295.05
2025-06-30,M017,P03,T03,100533.61
2025-06-30,M018,P04,T01,210134.97
2025-06-30,M019,P01,T03,151900.09
2025-06-30,M020,P02,T01,287332.46
2025-06-30,M021,P03,T03,146568.49
2025-06-30,M022,P04,T01,171020.51
2025-06-30,M023,P01,T03,131730.1
2025-06-30,M024,P02,T01,258755.43
2025-06-30,M025,P03,T03,122207.2
2025-06-30,M026,P04,T01,231235.79
2025-06-30,M027,P01,T03,194595.87
2025-06-30,M028,P02,T01,340588.55
2025-06-30,M029,P03,T03,115185.53
2025-06-30,M030,P04,T01,198561.01
2025-06-30,M031,P01,T03,174870.12
2025-06-30,M032,P02,T01,279627.77
2025-06-30,M033,P03,T03,146079.32
2025-06-30,M034,P04,T01,258254.65
2025-06-30,M035,P01,T03,216324.9
2025-06-30,M036,P02,T01,256929.16
2025-06-30,M037,P03,T03,131289.6
2025-06-30,M038,P04,T01,239249.45
2025-06-30,M039,P01,T03,209963.21
2025-06-30,M040,P02,T01,334755.74
2025-06-30,M041,P03,T03,182343.28
2025-06-30,M042,P04,T01,306789.78
2025-06-30,M043,P01,T03,188088.51
2025-06-30,M044,P02,T01,303021.92
2025-06-30,M045,P03,T03,168095.3
2025-06-30,M046,P04,T01,292412.8
2025-06-30,M047,P01,T03,214736.6
2025-06-30,M048,P02,T01,389598.42
2025-07-01,M001,P02,T02,96612.66
2025-07-01,M002,P03,T04,78625.11
2025-07-01,M003,P04,T02,100868.84
2025-07-01,M004,P01,T04,113318.47
2025-07-01,M005,P02,T02,164826.81
2025-07-01,M006,P03,T04,121812.86
2025-07-01,M007,P04,T02,176591.96
2025-07-01,M008,P01,T04,99781.51
2025-07-01,M009,P02,T02,132146.2
2025-07-01,M010,P03,T04,105709.14
2025-07-01,M011,P04,T02,139418.83
2025-07-01,M012,P01,T04,149820.93
2025-07-01,M013,P02,T02,204189.12
2025-07-01,M014,P03,T04,161609.17
2025-07-01,M015,P04,T02,124000.82
2025-07-01,M016,P01,T04,126623.48
2025-07-01,M017,P02,T02,196319.22
2025-07-01,M018,P03,T04,125009.43
2025-07-01,M019,P04,T02,176622.46
2025-07-01,M020,P01,T04,196388.28
2025-07-01,M021,P02,T02,263923.96
2025-07-01,M022,P03,T04,108126.61
2025-07-01,M023,P04,T02,165503.65
2025-07-01,M024,P01,T04,171013.07
2025-07-01,M025,P02,T02,225543.73
2025-07-01,M026,P03,T04,162304.58
2025-07-01,M027,P04,T02,203357.86
2025-07-01,M028,P01,T04,216039.79
2025-07-01,M029,P02,T02,199971.51
2025-07-01,M030,P03,T04,143213.03
2025-07-01,M031,P04,T02,191311.14
2025-07-01,M032,P01,T04,195022.19
2025-07-01,M033,P02,T02,278386.67
2025-07-01,M034,P03,T04,183568.52
2025-07-01,M035,P04,T02,261524.89
2025-07-01,M036,P01,T04,196847.42
2025-07-01,M037,P02,T02,228454.11
2025-07-01,M038,P03,T04,170517.41
2025-07-01,M039,P04,T02,219894.86
2025-07-01,M040,P01,T04,243057.95
2025-07-01,M041,P02,T02,323382.83
2025-07-01,M042,P03,T04,208102.56
2025-07-01,M043,P04,T02,205196.81
2025-07-01,M044,P01,T04,227944.34
2025-07-01,M045,P02,T02,272089.47
2025-07-01,M046,P03,T04,200006.42
2025-07-01,M047,P04,T02,259149.62
2025-07-01,M048,P01,T04,263920.98
2025-07-02,M001,P03,T03,52788.2
2025-07-02,M002,P04,T01,116018.88
2025-07-02,M003,P01,T03,84574.76
2025-07-02,M004,P02,T01,177279.7
2025-07-02,M005,P03,T03,96130.3
2025-07-02,M006,P04,T01,163489.89
2025-07-02,M007,P01,T03,140535.44
2025-07-02,M008,P02,T01,138252.78
2025-07-02,M009,P03,T03,84377.36
2025-07-02,M010,P04,T01,138757.23
2025-07-02,M011,P01,T03,122812.83
2025-07-02,M012,P02,T01,213577.8
2025-07-02,M013,P03,T03,111075.46
2025-07-02,M014,P04,T01,212094.24
2025-07-02,M015,P01,T03,102350.24
2025-07-02,M016,P02,T01,195600.81
2025-07-02,M017,P03,T03,106898.98
2025-07-02,M018,P04,T01,192844.9
2025-07-02,M019,P01,T03,150930.76
2025-07-02,M020,P02,T01,250417.46
2025-07-02,M021,P03,T03,133671.27
2025-07-02,M022,P04,T01,166202.92
2025-07-02,M023,P01,T03,124926.49
2025-07-02,M024,P02,T01,241222.43
2025-07-02,M025,P03,T03,134158.83
2025-07-02,M026,P04,T01,225414.32
2025-07-02,M027,P01,T03,167698.41
2025-07-02,M028,P02,T01,316191.69
2025-07-02,M029,P03,T03,108382.5
2025-07-02,M030,P04,T01,214059.28
2025-07-02,M031,P01,T03,169322.25
2025-07-02,M032,P02,T01,307329.51
2025-07-02,M033,P03,T03,138815.49
2025-07-02,M034,P04,T01,255256.66
2025-07-02,M035,P01,T03,219801.62
2025-07-02,M036,P02,T01,267682.28
2025-07-02,M037,P03,T03,138939.96
2025-07-02,M038,P04,T01,245551.32
2025-07-02,M039,P01,T03,176455.9
2025-07-02,M040,P02,T01,324321.05
2025-07-02,M041,P03,T03,182092.82
2025-07-02,M042,P04,T01,319590.86
2025-07-02,M043,P01,T03,159785.49
2025-07-02,M044,P02,T01,286651.86
2025-07-02,M045,P03,T03,159671.86
2025-07-02,M046,P04,T01,271335.33
2025-07-02,M047,P01,T03,203298.28
2025-07-02,M048,P02,T01,376073.8
2025-07-03,M001,P04,T04,80367.62
2025-07-03,M002,P01,T02,94913.3
2025-07-03,M003,P02,T04,133510.82
2025-07-03,M004,P03,T02,101780.44
2025-07-03,M005,P04,T04,130640.25
2025-07-03,M006,P01,T02,162051.21
2025-07-03,M007,P02,T04,195165.49
2025-07-03,M008,P03,T02,89475.31
2025-07-03,M009,P04,T04,111521.34
2025-07-03,M010,P01,T02,140169.08
2025-07-03,M011,P02,T04,155582.29
2025-07-03,M012,P03,T02,136524.27
2025-07-03,M013,P04,T04,164870.99
2025-07-03,M014,P01,T02,202831.49
2025-07-03,M015,P02,T04,131755.67
2025-07-03,M016,P03,T02,115056.1
2025-07-03,M017,P04,T04,138086.46
2025-07-03,M018,P01,T02,167312.91
2025-07-03,M019,P02,T04,209465.44
2025-07-03,M020,P03,T02,167629.94
2025-07-03,M021,P04,T04,184245.95
2025-07-03,M022,P01,T02,159484.58
2025-07-03,M023,P02,T04,164396.57
2025-07-03,M024,P03,T02,153271.24
2025-07-03,M025,P04,T04,179858.02
2025-07-03,M026,P01,T02,224219.48
2025-07-03,M027,P02,T04,235741.76
2025-07-03,M028,P03,T02,194669.84
2025-07-03,M029,P04,T04,140506.47
2025-07-03,M030,P01,T02,176335.74
2025-07-03,M031,P02,T04,213833.29
2025-07-03,M032,P03,T02,165866.49
2025-07-03,M033,P04,T04,219598.4
2025-07-03,M034,P01,T02,238121.36
2025-07-03,M035,P02,T04,261068.07
2025-07-03,M036,P03,T02,151890.1
2025-07-03,M037,P04,T04,178374.93
2025-07-03,M038,P01,T02,226587.28
2025-07-03,M039,P02,T04,264469.38
2025-07-03,M040,P03,T02,219933.14
2025-07-03,M041,P04,T04,241634.7
2025-07-03,M042,P01,T02,291670.68
2025-07-03,M043,P02,T04,236524.18
2025-07-03,M044,P03,T02,180354.68
2025-07-03,M045,P04,T04,203507.03
2025-07-03,M046,P01,T02,246023.52
2025-07-03,M047,P02,T04,284701.67
2025-07-03,M048,P03,T02,248507.13
2025-07-04,M001,P01,T01,99075.4
2025-07-04,M002,P02,T03,86564.57
2025-07-04,M003,P03,T01,106195.6
2025-07-04,M004,P04,T03,96382.95
2025-07-04,M005,P01,T01,181279.27
2025-07-04,M006,P02,T03,136062.77
2025-07-04,M007,P03,T01,176735.29
2025-07-04,M008,P04,T03,75643.73
2025-07-04,M009,P01,T01,153017.97
2025-07-04,M010,P02,T03,128906.63
2025-07-04,M011,P03,T01,137943.77
2025-07-04,M012,P04,T03,126540.43
2025-07-04,M013,P01,T01,212969.58
2025-07-04,M014,P02,T03,165265.73
2025-07-04,M015,P03,T01,129235.24
2025-07-04,M016,P04,T03,97926.66
2025-07-04,M017,P01,T01,188525.98
2025-07-04,M018,P02,T03,160446.94
2025-07-04,M019,P03,T01,166387.96
2025-07-04,M020,P04,T03,148661.25
2025-07-04,M021,P01,T01,268956.01
2025-07-04,M022,P02,T03,125468.69
2025-07-04,M023,P03,T01,148499.66
2025-07-04,M024,P04,T03,125974.69
2025-07-04,M025,P01,T01,211945.21
2025-07-04,M026,P02,T03,204215.8
2025-07-04,M027,P03,T01,222013.16
2025-07-04,M028,P04,T03,184232.92
2025-07-04,M029,P01,T01,188285.45
2025-07-04,M030,P02,T03,179605.29
2025-07-04,M031,P03,T01,186767.7
2025-07-04,M032,P04,T03,152044.06
2025-07-04,M033,P01,T01,286225.45
2025-07-04,M034,P02,T03,222135.18
2025-07-04,M035,P03,T01,262914.29
2025-07-04,M036,P04,T03,131817.74
2025-07-04,M037,P01,T01,234100.31
2025-07-04,M038,P02,T03,215373.21
2025-07-04,M039,P03,T01,242034.69
2025-07-04,M040,P04,T03,184207.24
2025-07-04,M041,P01,T01,303020.48
2025-07-04,M042,P02,T03,236580.8
2025-07-04,M043,P03,T01,189235.69
2025-07-04,M044,P04,T03,178470.31
2025-07-04,M045,P01,T01,266351.72
2025-07-04,M046,P02,T03,243690.36
2025-07-04,M047,P03,T01,262769.22
2025-07-04,M048,P04,T03,224064.36
2025-07-05,M001,P02,T02,81721.81
2025-07-05,M002,P03,T04,67321.89
2025-07-05,M003,P04,T02,99183.52
2025-07-05,M004,P01,T04,112974.36
2025-07-05,M005,P02,T02,150887.8
2025-07-05,M006,P03,T04,113506.15
2025-07-05,M007,P04,T02,144353.99
2025-07-05,M008,P01,T04,87469.45
2025-07-05,M009,P02,T02,117963.4
2025-07-05,M010,P03,T04,98244.18
2025-07-05,M011,P04,T02,128640.77
2025-07-05,M012,P01,T04,135918.43
2025-07-05,M013,P02,T02,187813.63
2025-07-05,M014,P03,T04,138925.55
2025-07-05,M015,P04,T02,107304.94
2025-07-05,M016,P01,T04,121374.05
2025-07-05,M017,P02,T02,151856.49
2025-07-05,M018,P03,T04,111406.48
2025-07-05,M019,P04,T02,166344.45
2025-07-05,M020,P01,T04,159431.99
2025-07-05,M021,P02,T02,219481.45
2025-07-05,M022,P03,T04,96546.33
2025-07-05,M023,P04,T02,147656.29
2025-07-05,M024,P01,T04,156191.66
2025-07-05,M025,P02,T02,209527.88
2025-07-05,M026,P03,T04,144241.41
2025-07-05,M027,P04,T02,198137.37
2025-07-05,M028,P01,T04,212064.01
2025-07-05,M029,P02,T02,188709.12
2025-07-05,M030,P03,T04,130001.02
2025-07-05,M031,P04,T02,171306.94
2025-07-05,M032,P01,T04,171927.11
2025-07-05,M033,P02,T02,233893.41
2025-07-05,M034,P03,T04,176412.91
2025-07-05,M035,P04,T02,231015.23
2025-07-05,M036,P01,T04,170325.2
2025-07-05,M037,P02,T02,212137.47
2025-07-05,M038,P03,T04,157705.58
2025-07-05,M039,P04,T02,207985.01
2025-07-05,M040,P01,T04,227369.0
2025-07-05,M041,P02,T02,270649.98
2025-07-05,M042,P03,T04,207583.71
2025-07-05,M043,P04,T02,170482.04
2025-07-05,M044,P01,T04,187127.15
2025-07-05,M045,P02,T02,266595.43
2025-07-05,M046,P03,T04,168288.35
2025-07-05,M047,P04,T02,243483.78
2025-07-05,M048,P01,T04,248694.48
2025-07-06,M001,P03,T03,47941.16
2025-07-06,M002,P04,T01,102989.45
2025-07-06,M003,P01,T03,77901.0
2025-07-06,M004,P02,T01,146251.13
2025-07-06,M005,P03,T03,89274.32
2025-07-06,M006,P04,T01,158514.17
2025-07-06,M007,P01,T03,120614.96
2025-07-06,M008,P02,T01,131880.55
2025-07-06,M009,P03,T03,74996.23
2025-07-06,M010,P04,T01,124368.81
2025-07-06,M011,P01,T03,99955.49
2025-07-06,M012,P02,T01,200883.68
2025-07-06,M013,P03,T03,104630.09
2025-07-06,M014,P04,T01,188202.15
2025-07-06,M015,P01,T03,95623.96
2025-07-06,M016,P02,T01,169750.61
2025-07-06,M017,P03,T03,87471.32
2025-07-06,M018,P04,T01,170770.13
2025-07-06,M019,P01,T03,137082.17
2025-07-06,M020,P02,T01,227308.95
2025-07-06,M021,P03,T03,121039.16
2025-07-06,M022,P04,T01,143298.36
2025-07-06,M023,P01,T03,121489.29
2025-07-06,M024,P02,T01,203804.0
2025-07-06,M025,P03,T03,110349.76
2025-07-06,M026,P04,T01,191480.43
2025-07-06,M027,P01,T03,171495.66
2025-07-06,M028,P02,T01,300403.2
2025-07-06,M029,P03,T03,97958.65
2025-07-06,M030,P04,T01,180504.99
2025-07-06,M031,P01,T03,152640.79
2025-07-06,M032,P02,T01,275182.79
2025-07-06,M033,P03,T03,131856.27
2025-07-06,M034,P04,T01,256907.0
2025-07-06,M035,P01,T03,184124.99
2025-07-06,M036,P02,T01,245157.16
2025-07-06,M037,P03,T03,117890.78
2025-07-06,M038,P04,T01,236996.37
2025-07-06,M039,P01,T03,163013.62
2025-07-06,M040,P02,T01,281976.66
2025-07-06,M041,P03,T03,153142.2
2025-07-06,M042,P04,T01,290892.96
2025-07-06,M043,P01,T03,146254.52
2025-07-06,M044,P02,T01,270571.7
2025-07-06,M045,P03,T03,141974.08
2025-07-06,M046,P04,T01,248682.83
2025-07-06,M047,P01,T03,205744.32
2025-07-06,M048,P02,T01,320771.32
2025-07-07,M001,P04,T04,77364.16
2025-07-07,M002,P01,T02,108177.59
2025-07-07,M003,P02,T04,116815.03
2025-07-07,M004,P03,T02,114669.68
2025-07-07,M005,P04,T04,127928.76
2025-07-07,M006,P01,T02,156190.77
2025-07-07,M007,P02,T04,197075.2
2025-07-07,M008,P03,T02,93211.23
2025-07-07,M009,P04,T04,113924.52
2025-07-07,M010,P01,T02,145013.34
2025-07-07,M011,P02,T04,171147.89
2025-07-07,M012,P03,T02,146703.27
2025-07-07,M013,P04,T04,152123.48
2025-07-07,M014,P01,T02,209070.52
2025-07-07,M015,P02,T04,137743.95
2025-07-07,M016,P03,T02,118502.77
2025-07-07,M017,P04,T04,145345.72
2025-07-07,M018,P01,T02,179553.59
2025-07-07,M019,P02,T04,209205.35
2025-07-07,M020,P03,T02,155182.59
2025-07-07,M021,P04,T04,186141.48
2025-07-07,M022,P01,T02,148962.53
2025-07-07,M023,P02,T04,173798.63
2025-07-07,M024,P03,T02,151976.93
2025-07-07,M025,P04,T04,183422.18
2025-07-07,M026,P01,T02,212069.4
2025-07-07,M027,P02,T04,257343.38
2025-07-07,M028,P03,T02,201447.21
2025-07-07,M029,P04,T04,151892.81
2025-07-07,M030,P01,T02,174396.27
2025-07-07,M031,P02,T04,205580.4
2025-07-07,M032,P03,T02,185327.3
2025-07-07,M033,P04,T04,210149.74
2025-07-07,M034,P01,T02,257784.61
2025-07-07,M035,P02,T04,278841.61
2025-07-07,M036,P03,T02,151885.64
2025-07-07,M037,P04,T04,193922.22
2025-07-07,M038,P01,T02,214936.78
2025-07-07,M039,P02,T04,236689.61
2025-07-07,M040,P03,T02,196203.67
2025-07-07,M041,P04,T04,217857.55
2025-07-07,M042,P01,T02,298883.55
2025-07-07,M043,P02,T04,218218.02
2025-07-07,M044,P03,T02,174031.37
2025-07-07,M045,P04,T04,210779.71
2025-07-07,M046,P01,T02,266368.04
2025-07-07,M047,P02,T04,309279.67
2025-07-07,M048,P03,T02,224896.29
2025-07-08,M001,P01,T01,105755.4
2025-07-08,M002,P02,T03,94010.74
2025-07-08,M003,P03,T01,114890.7
2025-07-08,M004,P04,T03,95204.5
2025-07-08,M005,P01,T01,161117.96
2025-07-08,M006,P02,T03,152582.09
2025-07-08,M007,P03,T01,162262.72
2025-07-08,M008,P04,T03,80152.33
2025-07-08,M009,P01,T01,135262.19
2025-07-08,M010,P02,T03,113626.51
2025-07-08,M011,P03,T01,151220.82
2025-07-08,M012,P04,T03,131686.2
2025-07-08,M013,P01,T01,210285.05
2025-07-08,M014,P02,T03,186734.05
2025-07-08,M015,P03,T01,120916.42
2025-07-08,M016,P04,T03,113205.67
2025-07-08,M017,P01,T01,175818.94
2025-07-08,M018,P02,T03,147260.2
2025-07-08,M019,P03,T01,179448.3
2025-07-08,M020,P04,T03,142079.23
2025-07-08,M021,P01,T01,237162.01
2025-07-08,M022,P02,T03,144104.77
2025-07-08,M023,P03,T01,166596.48
2025-07-08,M024,P04,T03,141900.01
2025-07-08,M025,P01,T01,211302.27
2025-07-08,M026,P02,T03,174727.05
2025-07-08,M027,P03,T01,229139.96
2025-07-08,M028,P04,T03,175885.31
2025-07-08,M029,P01,T01,198108.77
2025-07-08,M030,P02,T03,174777.95
2025-07-08,M031,P03,T01,202536.99
2025-07-08,M032,P04,T03,156437.41
2025-07-08,M033,P01,T01,269307.15
2025-07-08,M034,P02,T03,225839.18
2025-07-08,M035,P03,T01,260287.29
2025-07-08,M036,P04,T03,139813.38
2025-07-08,M037,P01,T01,260923.2
2025-07-08,M038,P02,T03,199418.43
2025-07-08,M039,P03,T01,240595.42
2025-07-08,M040,P04,T03,200147.48
2025-07-08,M041,P01,T01,328659.24
2025-07-08,M042,P02,T03,250599.72
2025-07-08,M043,P03,T01,203413.48
2025-07-08,M044,P04,T03,182748.33
2025-07-08,M045,P01,T01,309174.75
2025-07-08,M046,P02,T03,216737.35
2025-07-08,M047,P03,T01,276687.03
2025-07-08,M048,P04,T03,198349.14
2025-07-09,M001,P02,T02,105056.52
2025-07-09,M002,P03,T04,75198.41
2025-07-09,M003,P04,T02,111590.92
2025-07-09,M004,P01,T04,122541.91
2025-07-09,M005,P02,T02,164562.11
2025-07-09,M006,P03,T04,115376.75
2025-07-09,M007,P04,T02,157416.73
2025-07-09,M008,P01,T04,102368.3
2025-07-09,M009,P02,T02,132427.17
2025-07-09,M010,P03,T04,113057.62
2025-07-09,M011,P04,T02,147681.59
2025-07-09,M012,P01,T04,145281.55
2025-07-09,M013,P02,T02,212319.96
2025-07-09,M014,P03,T04,150154.67
2025-07-09,M015,P04,T02,130337.27
2025-07-09,M016,P01,T04,126482.76
2025-07-09,M017,P02,T02,179503.45
2025-07-09,M018,P03,T04,122608.65
2025-07-09,M019,P04,T02,184830.2
2025-07-09,M020,P01,T04,192862.71
2025-07-09,M021,P02,T02,243044.0
2025-07-09,M022,P03,T04,116932.66
2025-07-09,M023,P04,T02,151111.58
2025-07-09,M024,P01,T04,166945.41
2025-07-09,M025,P02,T02,225745.7
2025-07-09,M026,P03,T04,166432.2
2025-07-09,M027,P04,T02,222178.94
2025-07-09,M028,P01,T04,208836.97
2025-07-09,M029,P02,T02,203034.27
2025-07-09,M030,P03,T04,135460.15
2025-07-09,M031,P04,T02,200256.98
2025-07-09,M032,P01,T04,198928.01
2025-07-09,M033,P02,T02,286325.97
2025-07-09,M034,P03,T04,185086.88
2025-07-09,M035,P04,T02,241786.67
2025-07-09,M036,P01,T04,194670.39
2025-07-09,M037,P02,T02,225256.7
2025-07-09,M038,P03,T04,166827.75
2025-07-09,M039,P04,T02,231685.94
2025-07-09,M040,P01,T04,243462.13
2025-07-09,M041,P02,T02,328970.06
2025-07-09,M042,P03,T04,212042.31
2025-07-09,M043,P04,T02,192459.14
2025-07-09,M044,P01,T04,217929.38
2025-07-09,M045,P02,T02,282456.62
2025-07-09,M046,P03,T04,209357.66
2025-07-09,M047,P04,T02,245079.15
2025-07-09,M048,P01,T04,295131.3
2025-07-10,M001,P03,T03,56099.19
2025-07-10,M002,P04,T01,112535.02
2025-07-10,M003,P01,T03,105768.14
2025-07-10,M004,P02,T01,183053.0
2025-07-10,M005,P03,T03,95064.36
2025-07-10,M006,P04,T01,200304.2
2025-07-10,M007,P01,T03,161453.87
2025-07-10,M008,P02,T01,151419.94
2025-07-10,M009,P03,T03,88357.49
2025-07-10,M010,P04,T01,161696.77
2025-07-10,M011,P01,T03,133527.22
2025-07-10,M012,P02,T01,223694.66
2025-07-10,M013,P03,T03,127908.26
2025-07-10,M014,P04,T01,229165.89
2025-07-10,M015,P01,T03,108734.25
2025-07-10,M016,P02,T01,197705.04
2025-07-10,M017,P03,T03,117787.22
2025-07-10,M018,P04,T01,214747.93
2025-07-10,M019,P01,T03,165375.97
2025-07-10,M020,P02,T01,272010.96
2025-07-10,M021,P03,T03,158195.83
2025-07-10,M022,P04,T01,162738.65
2025-07-10,M023,P01,T03,139040.92
2025-07-10,M024,P02,T01,238972.7
2025-07-10,M025,P03,T03,136413.28
2025-07-10,M026,P04,T01,265851.63
2025-07-10,M027,P01,T03,181868.44
2025-07-10,M028,P02,T01,330405.42
2025-07-10,M029,P03,T03,112964.7
2025-07-10,M030,P04,T01,217769.82
2025-07-10,M031,P01,T03,169023.12
2025-07-10,M032,P02,T01,302895.68
2025-07-10,M033,P03,T03,161718.8
2025-07-10,M034,P04,T01,298308.53
2025-07-10,M035,P01,T03,227787.92
2025-07-10,M036,P02,T01,275929.39
2025-07-10,M037,P03,T03,146600.57
2025-07-10,M038,P04,T01,245163.15
2025-07-10,M039,P01,T03,200247.63
2025-07-10,M040,P02,T01,354422.05
2025-07-10,M041,P03,T03,199863.4
2025-07-10,M042,P04,T01,341414.74
2025-07-10,M043,P01,T03,185862.77
2025-07-10,M044,P02,T01,350224.3
2025-07-10,M045,P03,T03,175410.98
2025-07-10,M046,P04,T01,290443.31
2025-07-10,M047,P01,T03,221253.29
2025-07-10,M048,P02,T01,418007.87
2025-07-11,M001,P04,T04,84417.73
2025-07-11,M002,P01,T02,105858.57
2025-07-11,M003,P02,T04,126081.73
2025-07-11,M004,P03,T02,106344.75
2025-07-11,M005,P04,T04,130781.17
2025-07-11,M006,P01,T02,162105.69
2025-07-11,M007,P02,T04,210241.0
2025-07-11,M008,P03,T02,98438.41
2025-07-11,M009,P04,T04,114500.49
2025-07-11,M010,P01,T02,155668.36
2025-07-11,M011,P02,T04,166602.69
2025-07-11,M012,P03,T02,150165.58
2025-07-11,M013,P04,T04,175705.82
2025-07-11,M014,P01,T02,208909.49
2025-07-11,M015,P02,T04,142262.17
2025-07-11,M016,P03,T02,125496.07
2025-07-11,M017,P04,T04,148675.21
2025-07-11,M018,P01,T02,198768.62
2025-07-11,M019,P02,T04,235477.14
2025-07-11,M020,P03,T02,175527.51
2025-07-11,M021,P04,T04,199021.64
2025-07-11,M022,P01,T02,152318.2
2025-07-11,M023,P02,T04,204770.82
2025-07-11,M024,P03,T02,150998.1
2025-07-11,M025,P04,T04,187902.09
2025-07-11,M026,P01,T02,211972.7
2025-07-11,M027,P02,T04,252123.38
2025-07-11,M028,P03,T02,226686.34
2025-07-11,M029,P04,T04,159507.56
2025-07-11,M030,P01,T02,213454.48
2025-07-11,M031,P02,T04,235041.82
2025-07-11,M032,P03,T02,204962.99
2025-07-11,M033,P04,T04,204980.1
2025-07-11,M034,P01,T02,278510.67
2025-07-11,M035,P02,T04,318131.96
2025-07-11,M036,P03,T02,158260.41
2025-07-11,M037,P04,T04,191015.35
2025-07-11,M038,P01,T02,249005.75
2025-07-11,M039,P02,T04,262039.17
2025-07-11,M040,P03,T02,230567.32
2025-07-11,M041,P04,T04,256567.64
2025-07-11,M042,P01,T02,311114.26
2025-07-11,M043,P02,T04,262238.29
2025-07-11,M044,P03,T02,205200.31
2025-07-11,M045,P04,T04,234912.97
2025-07-11,M046,P01,T02,290188.37
2025-07-11,M047,P02,T04,340241.75
2025-07-11,M048,P03,T02,235413.85
2025-07-12,M001,P01,T01,98665.0
2025-07-12,M002,P02,T03,89498.41
2025-07-12,M003,P03,T01,100277.14
2025-07-12,M004,P04,T03,100774.6
2025-07-12,M005,P01,T01,162080.1
2025-07-12,M006,P02,T03,150115.82
2025-07-12,M007,P03,T01,169315.04
2025-07-12,M008,P04,T03,74290.51
2025-07-12,M009,P01,T01,129382.86
2025-07-12,M010,P02,T03,125748.9
2025-07-12,M011,P03,T01,138672.74
2025-07-12,M012,P04,T03,129250.65
2025-07-12,M013,P01,T01,207079.95
2025-07-12,M014,P02,T03,171103.53
2025-07-12,M015,P03,T01,116564.91
2025-07-12,M016,P04,T03,108244.21
2025-07-12,M017,P01,T01,190158.62
2025-07-12,M018,P02,T03,150706.77
2025-07-12,M019,P03,T01,162726.85
2025-07-12,M020,P04,T03,143983.86
2025-07-12,M021,P01,T01,241844.57
2025-07-12,M022,P02,T03,134564.43
2025-07-12,M023,P03,T01,147858.95
2025-07-12,M024,P04,T03,123135.94
2025-07-12,M025,P01,T01,238393.61
2025-07-12,M026,P02,T03,182392.78
2025-07-12,M027,P03,T01,200526.62
2025-07-12,M028,P04,T03,185941.83
2025-07-12,M029,P01,T01,187926.68
2025-07-12,M030,P02,T03,163641.12
2025-07-12,M031,P03,T01,182038.53
2025-07-12,M032,P04,T03,160219.55
2025-07-12,M033,P01,T01,263843.91
2025-07-12,M034,P02,T03,204725.55
2025-07-12,M035,P03,T01,239112.86
2025-07-12,M036,P04,T03,142794.45
2025-07-12,M037,P01,T01,239044.84
2025-07-12,M038,P02,T03,188440.04
2025-07-12,M039,P03,T01,203123.66
2025-07-12,M040,P04,T03,169246.12
2025-07-12,M041,P01,T01,301305.58
2025-07-12,M042,P02,T03,261830.77
2025-07-12,M043,P03,T01,182909.97
2025-07-12,M044,P04,T03,172969.48
2025-07-12,M045,P01,T01,267502.11
2025-07-12,M046,P02,T03,231869.73
2025-07-12,M047,P03,T01,273981.67
2025-07-12,M048,P04,T03,218486.28
2025-07-13,M001,P02,T02,91819.14
2025-07-13,M002,P03,T04,79225.55
2025-07-13,M003,P04,T02,109914.17
2025-07-13,M004,P01,T04,124100.71
2025-07-13,M005,P02,T02,169144.19
2025-07-13,M006,P03,T04,121997.82
2025-07-13,M007,P04,T02,156549.3
2025-07-13,M008,P01,T04,90937.21
2025-07-13,M009,P02,T02,137035.05
2025-07-13,M010,P03,T04,108536.62
2025-07-13,M011,P04,T02,138766.12
2025-07-13,M012,P01,T04,144976.3
2025-07-13,M013,P02,T02,198684.5
2025-07-13,M014,P03,T04,137894.3
2025-07-13,M015,P04,T02,113661.84
2025-07-13,M016,P01,T04,126814.04
2025-07-13,M017,P02,T02,164926.57
2025-07-13,M018,P03,T04,123842.54
2025-07-13,M019,P04,T02,179525.24
2025-07-13,M020,P01,T04,186599.29
2025-07-13,M021,P02,T02,241302.83
2025-07-13,M022,P03,T04,107536.45
2025-07-13,M023,P04,T02,155977.08
2025-07-13,M024,P01,T04,155332.65
2025-07-13,M025,P02,T02,217010.9
2025-07-13,M026,P03,T04,161695.94
2025-07-13,M027,P04,T02,202905.75
2025-07-13,M028,P01,T04,212445.07
2025-07-13,M029,P02,T02,179035.77
2025-07-13,M030,P03,T04,149475.96
2025-07-13,M031,P04,T02,184916.77
2025-07-13,M032,P01,T04,208314.17
2025-07-13,M033,P02,T02,241483.12
2025-07-13,M034,P03,T04,182463.86
2025-07-13,M035,P04,T02,240331.41
2025-07-13,M036,P01,T04,175914.91
2025-07-13,M037,P02,T02,220829.6
2025-07-13,M038,P03,T04,171080.68
2025-07-13,M039,P04,T02,221124.74
2025-07-13,M040,P01,T04,250743.9
2025-07-13,M041,P02,T02,286072.61
2025-07-13,M042,P03,T04,217783.94
2025-07-13,M043,P04,T02,205981.33
2025-07-13,M044,P01,T04,212203.65
2025-07-13,M045,P02,T02,280985.3
2025-07-13,M046,P03,T04,207201.0
2025-07-13,M047,P04,T02,267562.66
2025-07-13,M048,P01,T04,257675.49
2025-07-14,M001,P03,T03,57061.62
2025-07-14,M002,P04,T01,127027.81
2025-07-14,M003,P01,T03,101546.4
2025-07-14,M004,P02,T01,187633.53
2025-07-14,M005,P03,T03,104718.52
2025-07-14,M006,P04,T01,190797.34
2025-07-14,M007,P01,T03,140669.74
2025-07-14,M008,P02,T01,153898.22
2025-07-14,M009,P03,T03,78785.49
2025-07-14,M010,P04,T01,173542.48
2025-07-14,M011,P01,T03,120024.67
2025-07-14,M012,P02,T01,246217.69
2025-07-14,M013,P03,T03,122422.36
2025-07-14,M014,P04,T01,219801.22
2025-07-14,M015,P01,T03,104790.62
2025-07-14,M016,P02,T01,195849.6
2025-07-14,M017,P03,T03,101216.43
2025-07-14,M018,P04,T01,199574.01
2025-07-14,M019,P01,T03,171471.13
2025-07-14,M020,P02,T01,312273.56
2025-07-14,M021,P03,T03,144438.47
2025-07-14,M022,P04,T01,163768.12
2025-07-14,M023,P01,T03,130353.75
2025-07-14,M024,P02,T01,264539.62
2025-07-14,M025,P03,T03,140676.35
2025-07-14,M026,P04,T01,257454.38
2025-07-14,M027,P01,T03,185824.41
2025-07-14,M028,P02,T01,360139.17
2025-07-14,M029,P03,T03,119841.4
2025-07-14,M030,P04,T01,210435.03
2025-07-14,M031,P01,T03,175113.11
2025-07-14,M032,P02,T01,318988.91
2025-07-14,M033,P03,T03,172539.02
2025-07-14,M034,P04,T01,311249.12
2025-07-14,M035,P01,T03,223565.85
2025-07-14,M036,P02,T01,285468.96
2025-07-14,M037,P03,T03,140998.19
2025-07-14,M038,P04,T01,259687.55
2025-07-14,M039,P01,T03,215761.04
2025-07-14,M040,P02,T01,344468.95
2025-07-14,M041,P03,T03,180843.41
2025-07-14,M042,P04,T01,322065.03
2025-07-14,M043,P01,T03,185790.24
2025-07-14,M044,P02,T01,320799.67
2025-07-14,M045,P03,T03,180241.0
2025-07-14,M046,P04,T01,308936.66
2025-07-14,M047,P01,T03,240414.52
2025-07-14,M048,P02,T01,421331.27
2025-07-15,M001,P04,T04,77371.42
2025-07-15,M002,P01,T02,106458.15
2025-07-15,M003,P02,T04,137340.01
2025-07-15,M004,P03,T02,120512.31
2025-07-15,M005,P04,T04,144133.6
2025-07-15,M006,P01,T02,180354.3
2025-07-15,M007,P02,T04,200417.96
2025-07-15,M008,P03,T02,88359.97
2025-07-15,M009,P04,T04,117182.99
2025-07-15,M010,P01,T02,158040.95
2025-07-15,M011,P02,T04,174279.1
2025-07-15,M012,P03,T02,147388.31
2025-07-15,M013,P04,T04,159504.9
2025-07-15,M014,P01,T02,227311.66
2025-07-15,M015,P02,T04,148918.6
2025-07-15,M016,P03,T02,127709.18
2025-07-15,M017,P04,T04,151940.54
2025-07-15,M018,P01,T02,175212.64
2025-07-15,M019,P02,T04,209468.12
2025-07-15,M020,P03,T02,167941.59
2025-07-15,M021,P04,T04,210337.71
2025-07-15,M022,P01,T02,173914.53
2025-07-15,M023,P02,T04,192614.26
2025-07-15,M024,P03,T02,154617.63
2025-07-15,M025,P04,T04,196024.73
2025-07-15,M026,P01,T02,215266.69
2025-07-15,M027,P02,T04,277515.34
2025-07-15,M028,P03,T02,221708.06
2025-07-15,M029,P04,T04,156671.81
2025-07-15,M030,P01,T02,195892.49
2025-07-15,M031,P02,T04,245007.96
2025-07-15,M032,P03,T02,206225.51
2025-07-15,M033,P04,T04,208285.43
2025-07-15,M034,P01,T02,263525.03
2025-07-15,M035,P02,T04,311693.39
2025-07-15,M036,P03,T02,166397.38
2025-07-15,M037,P04,T04,185561.64
2025-07-15,M038,P01,T02,242864.53
2025-07-15,M039,P02,T04,293025.72
2025-07-15,M040,P03,T02,223110.04
2025-07-15,M041,P04,T04,265887.76
2025-07-15,M042,P01,T02,287050.52
2025-07-15,M043,P02,T04,245744.62
2025-07-15,M044,P03,T02,207032.71
2025-07-15,M045,P04,T04,244048.92
2025-07-15,M046,P01,T02,274355.74
2025-07-15,M047,P02,T04,339994.68
2025-07-15,M048,P03,T02,251592.83
2025-07-16,M001,P01,T01,116320.74
2025-07-16,M002,P02,T03,91737.88
2025-07-16,M003,P03,T01,119534.73
2025-07-16,M004,P04,T03,96635.21
2025-07-16,M005,P01,T01,182336.14
2025-07-16,M006,P02,T03,143595.3
2025-07-16,M007,P03,T01,165252.3
2025-07-16,M008,P04,T03,80506.45
2025-07-16,M009,P01,T01,154793.43
2025-07-16,M010,P02,T03,133029.86
2025-07-16,M011,P03,T01,147107.45
2025-07-16,M012,P04,T03,140817.61
2025-07-16,M013,P01,T01,243865.8
2025-07-16,M014,P02,T03,182741.64
2025-07-16,M015,P03,T01,140372.52
2025-07-16,M016,P04,T03,115551.14
2025-07-16,M017,P01,T01,188495.58
2025-07-16,M018,P02,T03,164049.38
2025-07-16,M019,P03,T01,191310.89
2025-07-16,M020,P04,T03,149289.22
2025-07-16,M021,P01,T01,292470.32
2025-07-16,M022,P02,T03,157201.62
2025-07-16,M023,P03,T01,174579.86
2025-07-16,M024,P04,T03,135816.2
2025-07-16,M025,P01,T01,238866.54
2025-07-16,M026,P02,T03,204448.48
2025-07-16,M027,P03,T01,228657.01
2025-07-16,M028,P04,T03,181795.45
2025-07-16,M029,P01,T01,201512.61
2025-07-16,M030,P02,T03,178038.79
2025-07-16,M031,P03,T01,216395.47
2025-07-16,M032,P04,T03,161252.4
2025-07-16,M033,P01,T01,270430.27
2025-07-16,M034,P02,T03,223570.52
2025-07-16,M035,P03,T01,282852.06
2025-07-16,M036,P04,T03,150055.81
2025-07-16,M037,P01,T01,245337.59
2025-07-16,M038,P02,T03,206157.98
2025-07-16,M039,P03,T01,244155.26
2025-07-16,M040,P04,T03,204884.37
2025-07-16,M041,P01,T01,335809.02
2025-07-16,M042,P02,T03,269610.64
2025-07-16,M043,P03,T01,233805.11
2025-07-16,M044,P04,T03,179322.18
2025-07-16,M045,P01,T01,290716.2
2025-07-16,M046,P02,T03,263616.7
2025-07-16,M047,P03,T01,288267.11
2025-07-16,M048,P04,T03,231172.34
2025-07-17,M001,P02,T02,98075.77
2025-07-17,M002,P03,T04,87255.73
2025-07-17,M003,P04,T02,114804.05
2025-07-17,M004,P01,T04,133291.27
2025-07-17,M005,P02,T02,182410.96
2025-07-17,M006,P03,T04,142849.01
2025-07-17,M007,P04,T02,190034.05
2025-07-17,M008,P01,T04,107823.77
2025-07-17,M009,P02,T02,154611.98
2025-07-17,M010,P03,T04,121712.51
2025-07-17,M011,P04,T02,145625.97
2025-07-17,M012,P01,T04,177091.67
2025-07-17,M013,P02,T02,229669.5
2025-07-17,M014,P03,T04,167882.24
2025-07-17,M015,P04,T02,122468.28
2025-07-17,M016,P01,T04,144067.42
2025-07-17,M017,P02,T02,204490.72
2025-07-17,M018,P03,T04,136042.86
2025-07-17,M019,P04,T02,190167.84
2025-07-17,M020,P01,T04,218599.7
2025-07-17,M021,P02,T02,256365.65
2025-07-17,M022,P03,T04,122666.39
2025-07-17,M023,P04,T02,164545.32
2025-07-17,M024,P01,T04,170742.66
2025-07-17,M025,P02,T02,250660.24
2025-07-17,M026,P03,T04,164800.5
2025-07-17,M027,P04,T02,231664.41
2025-07-17,M028,P01,T04,258449.65
2025-07-17,M029,P02,T02,199327.94
2025-07-17,M030,P03,T04,157455.85
2025-07-17,M031,P04,T02,218492.45
2025-07-17,M032,P01,T04,211020.47
2025-07-17,M033,P02,T02,308212.27
2025-07-17,M034,P03,T04,200183.29
2025-07-17,M035,P04,T02,250004.55
2025-07-17,M036,P01,T04,202784.28
2025-07-17,M037,P02,T02,258229.57
2025-07-17,M038,P03,T04,182003.82
2025-07-17,M039,P04,T02,242772.93
2025-07-17,M040,P01,T04,278438.8
2025-07-17,M041,P02,T02,317682.46
2025-07-17,M042,P03,T04,241852.05
2025-07-17,M043,P04,T02,219036.42
2025-07-17,M044,P01,T04,238650.68
2025-07-17,M045,P02,T02,292121.1
2025-07-17,M046,P03,T04,213571.16
2025-07-17,M047,P04,T02,274305.23
2025-07-17,M048,P01,T04,291848.6
2025-07-18,M001,P03,T03,63138.85
2025-07-18,M002,P04,T01,109274.09
2025-07-18,M003,P01,T03,103888.69
2025-07-18,M004,P02,T01,184713.87
2025-07-18,M005,P03,T03,103998.98
2025-07-18,M006,P04,T01,202553.66
2025-07-18,M007,P01,T03,140421.96
2025-07-18,M008,P02,T01,149272.76
2025-07-18,M009,P03,T03,90953.66
2025-07-18,M010,P04,T01,166376.29
2025-07-18,M011,P01,T03,125671.03
2025-07-18,M012,P02,T01,231772.63
2025-07-18,M013,P03,T03,118324.71
2025-07-18,M014,P04,T01,230770.78
2025-07-18,M015,P01,T03,111322.89
2025-07-18,M016,P02,T01,191963.62
2025-07-18,M017,P03,T03,115671.75
2025-07-18,M018,P04,T01,220164.74
2025-07-18,M019,P01,T03,168055.83
2025-07-18,M020,P02,T01,270852.32
2025-07-18,M021,P03,T03,148590.94
2025-07-18,M022,P04,T01,183488.49
2025-07-18,M023,P01,T03,132974.7
2025-07-18,M024,P02,T01,241320.49
2025-07-18,M025,P03,T03,126393.7
2025-07-18,M026,P04,T01,239692.1
2025-07-18,M027,P01,T03,194022.83
2025-07-18,M028,P02,T01,354991.1
2025-07-18,M029,P03,T03,110574.12
2025-07-18,M030,P04,T01,233080.66
2025-07-18,M031,P01,T03,167981.98
2025-07-18,M032,P02,T01,332934.63
2025-07-18,M033,P03,T03,153914.43
2025-07-18,M034,P04,T01,267080.85
2025-07-18,M035,P01,T03,226644.68
2025-07-18,M036,P02,T01,295453.67
2025-07-18,M037,P03,T03,144074.26
2025-07-18,M038,P04,T01,261611.6
2025-07-18,M039,P01,T03,219926.69
2025-07-18,M040,P02,T01,369780.68
2025-07-18,M041,P03,T03,179456.12
2025-07-18,M042,P04,T01,308389.97
2025-07-18,M043,P01,T03,171488.14
2025-07-18,M044,P02,T01,356222.34
2025-07-18,M045,P03,T03,163842.69
2025-07-18,M046,P04,T01,305135.18
2025-07-18,M047,P01,T03,251556.08
2025-07-18,M048,P02,T01,412840.37
2025-07-19,M001,P04,T04,72636.9
2025-07-19,M002,P01,T02,100915.32
2025-07-19,M003,P02,T04,124952.61
2025-07-19,M004,P03,T02,102262.1
2025-07-19,M005,P04,T04,124894.17
2025-07-19,M006,P01,T02,161323.43
2025-07-19,M007,P02,T04,193086.25
2025-07-19,M008,P03,T02,82388.19
2025-07-19,M009,P04,T04,96694.52
2025-07-19,M010,P01,T02,133285.31
2025-07-19,M011,P02,T04,162845.96
2025-07-19,M012,P03,T02,142713.46
2025-07-19,M013,P04,T04,145248.21
2025-07-19,M014,P01,T02,192699.31
2025-07-19,M015,P02,T04,144770.38
2025-07-19,M016,P03,T02,120217.49
2025-07-19,M017,P04,T04,142952.71
2025-07-19,M018,P01,T02,175055.94
2025-07-19,M019,P02,T04,195359.75
2025-07-19,M020,P03,T02,163676.2
2025-07-19,M021,P04,T04,186079.86
2025-07-19,M022,P01,T02,152430.46
2025-07-19,M023,P02,T04,172817.78
2025-07-19,M024,P03,T02,144801.39
2025-07-19,M025,P04,T04,177054.63
2025-07-19,M026,P01,T02,202816.74
2025-07-19,M027,P02,T04,250240.1
2025-07-19,M028,P03,T02,195628.85
2025-07-19,M029,P04,T04,151745.18
2025-07-19,M030,P01,T02,184257.46
2025-07-19,M031,P02,T04,213097.47
2025-07-19,M032,P03,T02,164835.18
2025-07-19,M033,P04,T04,184140.34
2025-07-19,M034,P01,T02,240965.33
2025-07-19,M035,P02,T04,273285.0
2025-07-19,M036,P03,T02,150415.16
2025-07-19,M037,P04,T04,187432.24
2025-07-19,M038,P01,T02,233795.57
2025-07-19,M039,P02,T04,258727.09
2025-07-19,M040,P03,T02,212910.19
2025-07-19,M041,P04,T04,224338.94
2025-07-19,M042,P01,T02,256385.17
2025-07-19,M043,P02,T04,237832.8
2025-07-19,M044,P03,T02,192030.85
2025-07-19,M045,P04,T04,195160.67
2025-07-19,M046,P01,T02,256429.08
2025-07-19,M047,P02,T04,275267.06
2025-07-19,M048,P03,T02,217363.85
2025-07-20,M001,P01,T01,97846.9
2025-07-20,M002,P02,T03,93641.49
2025-07-20,M003,P03,T01,106089.43
2025-07-20,M004,P04,T03,97293.69
2025-07-20,M005,P01,T01,176717.1
2025-07-20,M006,P02,T03,139105.72
2025-07-20,M007,P03,T01,172219.34
2025-07-20,M008,P04,T03,77222.59
2025-07-20,M009,P01,T01,145786.84
2025-07-20,M010,P02,T03,115408.68
2025-07-20,M011,P03,T01,130632.78
2025-07-20,M012,P04,T03,127153.22
2025-07-20,M013,P01,T01,193425.99
2025-07-20,M014,P02,T03,166818.42
2025-07-20,M015,P03,T01,116535.66
2025-07-20,M016,P04,T03,107611.0
2025-07-20,M017,P01,T01,190480.88
2025-07-20,M018,P02,T03,160848.41
2025-07-20,M019,P03,T01,181609.4
2025-07-20,M020,P04,T03,142874.68
2025-07-20,M021,P01,T01,244935.37
2025-07-20,M022,P02,T03,133692.85
2025-07-20,M023,P03,T01,142174.08
2025-07-20,M024,P04,T03,131287.76
2025-07-20,M025,P01,T01,207042.79
2025-07-20,M026,P02,T03,174900.57
2025-07-20,M027,P03,T01,212458.64
2025-07-20,M028,P04,T03,161839.46
2025-07-20,M029,P01,T01,207948.77
2025-07-20,M030,P02,T03,151544.98
2025-07-20,M031,P03,T01,188720.48
2025-07-20,M032,P04,T03,155479.63
2025-07-20,M033,P01,T01,260771.8
2025-07-20,M034,P02,T03,208892.73
2025-07-20,M035,P03,T01,238940.81
2025-07-20,M036,P04,T03,138816.12
2025-07-20,M037,P01,T01,243324.37
2025-07-20,M038,P02,T03,200991.3
2025-07-20,M039,P03,T01,230915.69
2025-07-20,M040,P04,T03,168567.87
2025-07-20,M041,P01,T01,329449.28
2025-07-20,M042,P02,T03,235317.27
2025-07-20,M043,P03,T01,190312.71
2025-07-20,M044,P04,T03,178526.28
2025-07-20,M045,P01,T01,291949.72
2025-07-20,M046,P02,T03,226014.3
2025-07-20,M047,P03,T01,272554.94
2025-07-20,M048,P04,T03,221271.85
2025-07-21,M001,P02,T02,107067.12
2025-07-21,M002,P03,T04,77978.82
2025-07-21,M003,P04,T02,121898.58
2025-07-21,M004,P01,T04,137999.12
2025-07-21,M005,P02,T02,184669.49
2025-07-21,M006,P03,T04,132584.21
2025-07-21,M007,P04,T02,167251.02
2025-07-21,M008,P01,T04,111855.3
2025-07-21,M009,P02,T02,150346.79
2025-07-21,M010,P03,T04,119937.6
2025-07-21,M011,P04,T02,158970.98
2025-07-21,M012,P01,T04,157384.18
2025-07-21,M013,P02,T02,242699.95
2025-07-21,M014,P03,T04,153000.48
2025-07-21,M015,P04,T02,125722.58
2025-07-21,M016,P01,T04,146658.97
2025-07-21,M017,P02,T02,202429.94
2025-07-21,M018,P03,T04,140585.33
2025-07-21,M019,P04,T02,201415.05
2025-07-21,M020,P01,T04,208683.65
2025-07-21,M021,P02,T02,289398.94
2025-07-21,M022,P03,T04,126932.57
2025-07-21,M023,P04,T02,172309.48
2025-07-21,M024,P01,T04,169925.29
2025-07-21,M025,P02,T02,224036.37
2025-07-21,M026,P03,T04,180308.83
2025-07-21,M027,P04,T02,219610.95
2025-07-21,M028,P01,T04,228956.39
2025-07-21,M029,P02,T02,199423.2
2025-07-21,M030,P03,T04,165225.28
2025-07-21,M031,P04,T02,195082.69
2025-07-21,M032,P01,T04,207384.45
2025-07-21,M033,P02,T02,289048.04
2025-07-21,M034,P03,T04,206029.37
2025-07-21,M035,P04,T02,245842.28
2025-07-21,M036,P01,T04,212697.57
2025-07-21,M037,P02,T02,248615.38
2025-07-21,M038,P03,T04,188644.45
2025-07-21,M039,P04,T02,245941.05
2025-07-21,M040,P01,T04,265049.73
2025-07-21,M041,P02,T02,357182.69
2025-07-21,M042,P03,T04,217497.72
2025-07-21,M043,P04,T02,201963.04
2025-07-21,M044,P01,T04,252753.93
2025-07-21,M045,P02,T02,304250.32
2025-07-21,M046,P03,T04,212784.53
2025-07-21,M047,P04,T02,294205.9
2025-07-21,M048,P01,T04,306992.59
2025-07-22,M001,P03,T03,62456.43
2025-07-22,M002,P04,T01,114653.07
2025-07-22,M003,P01,T03,101408.81
2025-07-22,M004,P02,T01,181504.62
2025-07-22,M005,P03,T03,101231.67
2025-07-22,M006,P04,T01,193506.8
2025-07-22,M007,P01,T03,146589.47
2025-07-22,M008,P02,T01,146735.01
2025-07-22,M009,P03,T03,81443.16
2025-07-22,M010,P04,T01,161092.22
2025-07-22,M011,P01,T03,120446.53
2025-07-22,M012,P02,T01,231444.33
2025-07-22,M013,P03,T03,117544.41
2025-07-22,M014,P04,T01,213856.44
2025-07-22,M015,P01,T03,115872.74
2025-07-22,M016,P02,T01,220202.96
2025-07-22,M017,P03,T03,115619.48
2025-07-22,M018,P04,T01,216060.81
2025-07-22,M019,P01,T03,167717.66
2025-07-22,M020,P02,T01,279864.25
2025-07-22,M021,P03,T03,144219.24
2025-07-22,M022,P04,T01,184002.99
2025-07-22,M023,P01,T03,131247.53
2025-07-22,M024,P02,T01,262777.58
2025-07-22,M025,P03,T03,139474.53
2025-07-22,M026,P04,T01,264196.07
2025-07-22,M027,P01,T03,194161.78
2025-07-22,M028,P02,T01,369859.8
2025-07-22,M029,P03,T03,111941.75
2025-07-22,M030,P04,T01,212022.81
2025-07-22,M031,P01,T03,166636.48
2025-07-22,M032,P02,T01,316346.97
2025-07-22,M033,P03,T03,171832.48
2025-07-22,M034,P04,T01,282445.48
2025-07-22,M035,P01,T03,223211.43
2025-07-22,M036,P02,T01,282672.8
2025-07-22,M037,P03,T03,138933.14
2025-07-22,M038,P04,T01,271558.28
2025-07-22,M039,P01,T03,196805.03
2025-07-22,M040,P02,T01,377335.8
2025-07-22,M041,P03,T03,195822.49
2025-07-22,M042,P04,T01,344702.2
2025-07-22,M043,P01,T03,173405.13
2025-07-22,M044,P02,T01,346706.51
2025-07-22,M045,P03,T03,165607.14
2025-07-22,M046,P04,T01,306577.62
2025-07-22,M047,P01,T03,238821.9
2025-07-22,M048,P02,T01,425796.87
2025-07-23,M001,P04,T04,79425.23
2025-07-23,M002,P01,T02,107640.19
2025-07-23,M003,P02,T04,139156.59
2025-07-23,M004,P03,T02,110872.53
2025-07-23,M005,P04,T04,136455.76
2025-07-23,M006,P01,T02,166332.91
2025-07-23,M007,P02,T04,192313.18
2025-07-23,M008,P03,T02,99469.83
2025-07-23,M009,P04,T04,108353.35
2025-07-23,M010,P01,T02,145875.21
2025-07-23,M011,P02,T04,167567.52
2025-07-23,M012,P03,T02,158814.03
2025-07-23,M013,P04,T04,180584.35
2025-07-23,M014,P01,T02,230409.51
2025-07-23,M015,P02,T04,149900.2
2025-07-23,M016,P03,T02,126363.57
2025-07-23,M017,P04,T04,144918.68
2025-07-23,M018,P01,T02,197487.53
2025-07-23,M019,P02,T04,226819.76
2025-07-23,M020,P03,T02,178678.93
2025-07-23,M021,P04,T04,195902.86
2025-07-23,M022,P01,T02,169860.09
2025-07-23,M023,P02,T04,193369.13
2025-07-23,M024,P03,T02,151921.91
2025-07-23,M025,P04,T04,195307.71
2025-07-23,M026,P01,T02,230579.58
2025-07-23,M027,P02,T04,273351.53
2025-07-23,M028,P03,T02,199913.99
2025-07-23,M029,P04,T04,157081.88
2025-07-23,M030,P01,T02,192195.07
2025-07-23,M031,P02,T04,247626.71
2025-07-23,M032,P03,T02,192215.77
2025-07-23,M033,P04,T04,210641.95
2025-07-23,M034,P01,T02,279085.62
2025-07-23,M035,P02,T04,322273.49
2025-07-23,M036,P03,T02,179927.55
2025-07-23,M037,P04,T04,198977.13
2025-07-23,M038,P01,T02,253089.55
2025-07-23,M039,P02,T04,292568.5
2025-07-23,M040,P03,T02,223804.74
2025-07-23,M041,P04,T04,244104.75
2025-07-23,M042,P01,T02,315990.05
2025-07-23,M043,P02,T04,260466.88
2025-07-23,M044,P03,T02,218271.38
2025-07-23,M045,P04,T04,249114.84
2025-07-23,M046,P01,T02,289409.92
2025-07-23,M047,P02,T04,316415.4
2025-07-23,M048,P03,T02,235896.71
2025-07-24,M001,P01,T01,104929.44
2025-07-24,M002,P02,T03,100204.8
2025-07-24,M003,P03,T01,122328.46
2025-07-24,M004,P04,T03,96038.16
2025-07-24,M005,P01,T01,172475.52
2025-07-24,M006,P02,T03,154850.67
2025-07-24,M007,P03,T01,185158.11
2025-07-24,M008,P04,T03,86889.48
2025-07-24,M009,P01,T01,162396.35
2025-07-24,M010,P02,T03,139901.17
2025-07-24,M011,P03,T01,156566.51
2025-07-24,M012,P04,T03,138786.75
2025-07-24,M013,P01,T01,243643.75
2025-07-24,M014,P02,T03,199872.55
2025-07-24,M015,P03,T01,122109.76
2025-07-24,M016,P04,T03,120752.3
2025-07-24,M017,P01,T01,214238.69
2025-07-24,M018,P02,T03,177362.79
2025-07-24,M019,P03,T01,178315.73
2025-07-24,M020,P04,T03,169011.15
2025-07-24,M021,P01,T01,274196.65
2025-07-24,M022,P02,T03,144835.97
2025-07-24,M023,P03,T01,162536.3
2025-07-24,M024,P04,T03,145934.55
2025-07-24,M025,P01,T01,241847.35
2025-07-24,M026,P02,T03,211030.21
2025-07-24,M027,P03,T01,234853.59
2025-07-24,M028,P04,T03,190001.77
2025-07-24,M029,P01,T01,203786.59
2025-07-24,M030,P02,T03,193802.58
2025-07-24,M031,P03,T01,215378.72
2025-07-24,M032,P04,T03,177901.43
2025-07-24,M033,P01,T01,301632.23
2025-07-24,M034,P02,T03,257246.92
2025-07-24,M035,P03,T01,251766.52
2025-07-24,M036,P04,T03,150677.67
2025-07-24,M037,P01,T01,257357.43
2025-07-24,M038,P02,T03,225408.39
2025-07-24,M039,P03,T01,235494.75
2025-07-24,M040,P04,T03,189461.87
2025-07-24,M041,P01,T01,356817.75
2025-07-24,M042,P02,T03,284854.9
2025-07-24,M043,P03,T01,235209.53
2025-07-24,M044,P04,T03,183035.86
2025-07-24,M045,P01,T01,315774.85
2025-07-24,M046,P02,T03,244137.03
2025-07-24,M047,P03,T01,265500.13
2025-07-24,M048,P04,T03,240713.29
2025-07-25,M001,P02,T02,106950.13
2025-07-25,M002,P03,T04,80104.49
2025-07-25,M003,P04,T02,111515.03
2025-07-25,M004,P01,T04,137538.62
2025-07-25,M005,P02,T02,178994.57
2025-07-25,M006,P03,T04,140885.7
2025-07-25,M007,P04,T02,188028.84
2025-07-25,M008,P01,T04,113075.3
2025-07-25,M009,P02,T02,159520.07
2025-07-25,M010,P03,T04,118438.12
2025-07-25,M011,P04,T02,154212.19
2025-07-25,M012,P01,T04,164820.21
2025-07-25,M013,P02,T02,238249.18
2025-07-25,M014,P03,T04,157643.05
2025-07-25,M015,P04,T02,124016.22
2025-07-25,M016,P01,T04,148420.63
2025-07-25,M017,P02,T02,200449.27
2025-07-25,M018,P03,T04,139309.95
2025-07-25,M019,P04,T02,184917.03
2025-07-25,M020,P01,T04,200967.26
2025-07-25,M021,P02,T02,260686.36
2025-07-25,M022,P03,T04,132702.4
2025-07-25,M023,P04,T02,170578.98
2025-07-25,M024,P01,T04,173173.26
2025-07-25,M025,P02,T02,230908.56
2025-07-25,M026,P03,T04,164699.1
2025-07-25,M027,P04,T02,235227.96
2025-07-25,M028,P01,T04,261317.73
2025-07-25,M029,P02,T02,228747.63
2025-07-25,M030,P03,T04,151778.79
2025-07-25,M031,P04,T02,217241.99
2025-07-25,M032,P01,T04,223002.22
2025-07-25,M033,P02,T02,280364.94
2025-07-25,M034,P03,T04,191713.25
2025-07-25,M035,P04,T02,270487.92
2025-07-25,M036,P01,T04,198131.02
2025-07-25,M037,P02,T02,261601.39
2025-07-25,M038,P03,T04,192331.17
2025-07-25,M039,P04,T02,228991.09
2025-07-25,M040,P01,T04,267728.62
2025-07-25,M041,P02,T02,342177.5
2025-07-25,M042,P03,T04,233194.59
2025-07-25,M043,P04,T02,208834.24
2025-07-25,M044,P01,T04,236750.64
2025-07-25,M045,P02,T02,326353.68
2025-07-25,M046,P03,T04,218380.88
2025-07-25,M047,P04,T02,274117.85
2025-07-25,M048,P01,T04,293734.44
2025-07-26,M001,P03,T03,54878.1
2025-07-26,M002,P04,T01,111002.3
2025-07-26,M003,P01,T03,89420.41
2025-07-26,M004,P02,T01,159484.28
2025-07-26,M005,P03,T03,94604.32
2025-07-26,M006,P04,T01,168662.02
2025-07-26,M007,P01,T03,139302.72
2025-07-26,M008,P02,T01,138825.65
2025-07-26,M009,P03,T03,75084.58
2025-07-26,M010,P04,T01,156536.87
2025-07-26,M011,P01,T03,120675.44
2025-07-26,M012,P02,T01,232568.34
2025-07-26,M013,P03,T03,115925.61
2025-07-26,M014,P04,T01,209235.72
2025-07-26,M015,P01,T03,96868.8
2025-07-26,M016,P02,T01,190547.31
2025-07-26,M017,P03,T03,95926.01
2025-07-26,M018,P04,T01,187957.84
2025-07-26,M019,P01,T03,150590.94
2025-07-26,M020,P02,T01,261188.92
2025-07-26,M021,P03,T03,132799.46
2025-07-26,M022,P04,T01,151452.86
2025-07-26,M023,P01,T03,125560.93
2025-07-26,M024,P02,T01,220024.18
2025-07-26,M025,P03,T03,126147.09
2025-07-26,M026,P04,T01,219884.42
2025-07-26,M027,P01,T03,185262.0
2025-07-26,M028,P02,T01,333770.46
2025-07-26,M029,P03,T03,104567.49
2025-07-26,M030,P04,T01,212694.47
2025-07-26,M031,P01,T03,157373.37
2025-07-26,M032,P02,T01,259117.28
2025-07-26,M033,P03,T03,143343.24
2025-07-26,M034,P04,T01,278955.52
2025-07-26,M035,P01,T03,189394.2
2025-07-26,M036,P02,T01,261346.76
2025-07-26,M037,P03,T03,128735.17
2025-07-26,M038,P04,T01,255189.47
2025-07-26,M039,P01,T03,194303.77
2025-07-26,M040,P02,T01,347539.19
2025-07-26,M041,P03,T03,167852.44
2025-07-26,M042,P04,T01,314159.09
2025-07-26,M043,P01,T03,155388.64
2025-07-26,M044,P02,T01,292392.81
2025-07-26,M045,P03,T03,164707.5
2025-07-26,M046,P04,T01,261781.84
2025-07-26,M047,P01,T03,202517.9
2025-07-26,M048,P02,T01,381088.53
2025-07-27,M001,P04,T04,67782.95
2025-07-27,M002,P01,T02,95922.24
2025-07-27,M003,P02,T04,128182.73
2025-07-27,M004,P03,T02,95620.05
2025-07-27,M005,P04,T04,127732.4
2025-07-27,M006,P01,T02,146571.73
2025-07-27,M007,P02,T04,178141.51
2025-07-27,M008,P03,T02,88938.22
2025-07-27,M009,P04,T04,107104.12
2025-07-27,M010,P01,T02,133049.07
2025-07-27,M011,P02,T04,159412.48
2025-07-27,M012,P03,T02,132424.63
2025-07-27,M013,P04,T04,153713.45
2025-07-27,M014,P01,T02,194038.51
2025-07-27,M015,P02,T04,142395.75
2025-07-27,M016,P03,T02,109366.07
2025-07-27,M017,P04,T04,136723.5
2025-07-27,M018,P01,T02,169711.94
2025-07-27,M019,P02,T04,212434.33
2025-07-27,M020,P03,T02,167088.02
2025-07-27,M021,P04,T04,194547.01
2025-07-27,M022,P01,T02,152822.72
2025-07-27,M023,P02,T04,163700.9
2025-07-27,M024,P03,T02,134126.6
2025-07-27,M025,P04,T04,154313.36
2025-07-27,M026,P01,T02,196617.91
2025-07-27,M027,P02,T04,254459.21
2025-07-27,M028,P03,T02,197631.9
2025-07-27,M029,P04,T04,155330.45
2025-07-27,M030,P01,T02,171996.5
2025-07-27,M031,P02,T04,227736.02
2025-07-27,M032,P03,T02,181002.93
2025-07-27,M033,P04,T04,207148.65
2025-07-27,M034,P01,T02,259934.11
2025-07-27,M035,P02,T04,267823.96
2025-07-27,M036,P03,T02,162852.89
2025-07-27,M037,P04,T04,169174.73
2025-07-27,M038,P01,T02,219048.84
2025-07-27,M039,P02,T04,268982.89
2025-07-27,M040,P03,T02,213267.69
2025-07-27,M041,P04,T04,233518.51
2025-07-27,M042,P01,T02,279422.53
2025-07-27,M043,P02,T04,216336.9
2025-07-27,M044,P03,T02,175872.1
2025-07-27,M045,P04,T04,220824.62
2025-07-27,M046,P01,T02,255547.12
2025-07-27,M047,P02,T04,308810.0
2025-07-27,M048,P03,T02,224501.99
2025-07-28,M001,P01,T01,110878.69
2025-07-28,M002,P02,T03,100515.2
2025-07-28,M003,P03,T01,124478.75
2025-07-28,M004,P04,T03,103807.45
2025-07-28,M005,P01,T01,184432.67
2025-07-28,M006,P02,T03,161227.63
2025-07-28,M007,P03,T01,190630.44
2025-07-28,M008,P04,T03,84941.19
2025-07-28,M009,P01,T01,143101.03
2025-07-28,M010,P02,T03,135729.71
2025-07-28,M011,P03,T01,155680.96
2025-07-28,M012,P04,T03,126879.89
2025-07-28,M013,P01,T01,214461.85
2025-07-28,M014,P02,T03,192906.96
2025-07-28,M015,P03,T01,124225.07
2025-07-28,M016,P04,T03,108322.4
2025-07-28,M017,P01,T01,190593.18
2025-07-28,M018,P02,T03,160310.73
2025-07-28,M019,P03,T01,196119.67
2025-07-28,M020,P04,T03,156570.12
2025-07-28,M021,P01,T01,274118.82
2025-07-28,M022,P02,T03,139972.4
2025-07-28,M023,P03,T01,172977.21
2025-07-28,M024,P04,T03,138469.79
2025-07-28,M025,P01,T01,248037.86
2025-07-28,M026,P02,T03,209591.34
2025-07-28,M027,P03,T01,221756.71
2025-07-28,M028,P04,T03,188615.09
2025-07-28,M029,P01,T01,216967.37
2025-07-28,M030,P02,T03,175964.92
2025-07-28,M031,P03,T01,210352.37
2025-07-28,M032,P04,T03,172507.84
2025-07-28,M033,P01,T01,293917.56
2025-07-28,M034,P02,T03,238992.71
2025-07-28,M035,P03,T01,285098.02
2025-07-28,M036,P04,T03,159081.05
2025-07-28,M037,P01,T01,271555.97
2025-07-28,M038,P02,T03,221953.79
2025-07-28,M039,P03,T01,250593.66
2025-07-28,M040,P04,T03,214072.14
2025-07-28,M041,P01,T01,350738.02
2025-07-28,M042,P02,T03,278343.79
2025-07-28,M043,P03,T01,227445.87
2025-07-28,M044,P04,T03,196788.87
2025-07-28,M045,P01,T01,315405.7
2025-07-28,M046,P02,T03,259153.38
2025-07-28,M047,P03,T01,267945.91
2025-07-28,M048,P04,T03,242049.98
2025-07-29,M001,P02,T02,104905.56
2025-07-29,M002,P03,T04,80481.77
2025-07-29,M003,P04,T02,116448.84
2025-07-29,M004,P01,T04,135551.95
2025-07-29,M005,P02,T02,172418.33
2025-07-29,M006,P03,T04,127793.67
2025-07-29,M007,P04,T02,177633.33
2025-07-29,M008,P01,T04,108478.71
2025-07-29,M009,P02,T02,155000.06
2025-07-29,M010,P03,T04,108661.37
2025-07-29,M011,P04,T02,141995.43
2025-07-29,M012,P01,T04,182613.22
2025-07-29,M013,P02,T02,209501.6
2025-07-29,M014,P03,T04,167062.13
2025-07-29,M015,P04,T02,122176.65
2025-07-29,M016,P01,T04,154783.38
2025-07-29,M017,P02,T02,206509.02
2025-07-29,M018,P03,T04,140975.74
2025-07-29,M019,P04,T02,191922.84
2025-07-29,M020,P01,T04,191437.63
2025-07-29,M021,P02,T02,287757.19
2025-07-29,M022,P03,T04,116934.72
2025-07-29,M023,P04,T02,179380.0
2025-07-29,M024,P01,T04,178733.13
2025-07-29,M025,P02,T02,227517.31
2025-07-29,M026,P03,T04,183518.12
2025-07-29,M027,P04,T02,223774.08
2025-07-29,M028,P01,T04,231872.91
2025-07-29,M029,P02,T02,201532.14
2025-07-29,M030,P03,T04,159719.25
2025-07-29,M031,P04,T02,201273.35
2025-07-29,M032,P01,T04,205369.41
2025-07-29,M033,P02,T02,286136.72
2025-07-29,M034,P03,T04,208109.73
2025-07-29,M035,P04,T02,266861.49
2025-07-29,M036,P01,T04,185889.39
2025-07-29,M037,P02,T02,252530.25
2025-07-29,M038,P03,T04,175515.36
2025-07-29,M039,P04,T02,243712.43
2025-07-29,M040,P01,T04,267870.98
2025-07-29,M041,P02,T02,344942.01
2025-07-29,M042,P03,T04,227571.99
2025-07-29,M043,P04,T02,217755.49
2025-07-29,M044,P01,T04,240073.81
2025-07-29,M045,P02,T02,316586.93
2025-07-29,M046,P03,T04,215206.94
2025-07-29,M047,P04,T02,270786.53
2025-07-29,M048,P01,T04,305823.2
2025-07-30,M001,P03,T03,61189.54
2025-07-30,M002,P04,T01,123470.47
2025-07-30,M003,P01,T03,103095.09
2025-07-30,M004,P02,T01,193628.7
2025-07-30,M005,P03,T03,97430.18
2025-07-30,M006,P04,T01,194219.13
2025-07-30,M007,P01,T03,159986.49
2025-07-30,M008,P02,T01,155054.89
2025-07-30,M009,P03,T03,88118.58
2025-07-30,M010,P04,T01,157735.39
2025-07-30,M011,P01,T03,130444.47
2025-07-30,M012,P02,T01,256388.51
2025-07-30,M013,P03,T03,124596.39
2025-07-30,M014,P04,T01,246812.31
2025-07-30,M015,P01,T03,107607.29
2025-07-30,M016,P02,T01,202489.81
2025-07-30,M017,P03,T03,104536.92
2025-07-30,M018,P04,T01,189246.08
2025-07-30,M019,P01,T03,170071.47
2025-07-30,M020,P02,T01,290505.84
2025-07-30,M021,P03,T03,139988.54
2025-07-30,M022,P04,T01,168330.06
2025-07-30,M023,P01,T03,152123.99
2025-07-30,M024,P02,T01,250131.36
2025-07-30,M025,P03,T03,145311.64
2025-07-30,M026,P04,T01,259605.98
2025-07-30,M027,P01,T03,195412.81
2025-07-30,M028,P02,T01,333699.1
2025-07-30,M029,P03,T03,122127.69
2025-07-30,M030,P04,T01,202473.82
2025-07-30,M031,P01,T03,169565.83
2025-07-30,M032,P02,T01,332851.72
2025-07-30,M033,P03,T03,165928.16
2025-07-30,M034,P04,T01,273545.17
2025-07-30,M035,P01,T03,211089.98
2025-07-30,M036,P02,T01,293985.34
2025-07-30,M037,P03,T03,148088.35
2025-07-30,M038,P04,T01,276919.13
2025-07-30,M039,P01,T03,206683.27
2025-07-30,M040,P02,T01,383682.98
2025-07-30,M041,P03,T03,188288.41
2025-07-30,M042,P04,T01,315906.89
2025-07-30,M043,P01,T03,170467.79
2025-07-30,M044,P02,T01,355798.92
2025-07-30,M045,P03,T03,179109.48
2025-07-30,M046,P04,T01,289020.12
2025-07-30,M047,P01,T03,229594.38
2025-07-30,M048,P02,T01,431452.4
2025-07-31,M001,P04,T04,85924.21
2025-07-31,M002,P01,T02,112233.33
2025-07-31,M003,P02,T04,137280.82
2025-07-31,M004,P03,T02,107333.96
2025-07-31,M005,P04,T04,130586.89
2025-07-31,M006,P01,T02,165396.71
2025-07-31,M007,P02,T04,195483.41
2025-07-31,M008,P03,T02,89395.09
2025-07-31,M009,P04,T04,109911.0
2025-07-31,M010,P01,T02,137769.73
2025-07-31,M011,P02,T04,163843.4
2025-07-31,M012,P03,T02,142730.75
2025-07-31,M013,P04,T04,160426.87
2025-07-31,M014,P01,T02,227158.27
2025-07-31,M015,P02,T04,143248.51
2025-07-31,M016,P03,T02,136276.12
2025-07-31,M017,P04,T04,148687.81
2025-07-31,M018,P01,T02,202439.88
2025-07-31,M019,P02,T04,221626.26
2025-07-31,M020,P03,T02,166854.9
2025-07-31,M021,P04,T04,218667.3
2025-07-31,M022,P01,T02,165480.42
2025-07-31,M023,P02,T04,190286.27
2025-07-31,M024,P03,T02,168427.1
2025-07-31,M025,P04,T04,174158.9
2025-07-31,M026,P01,T02,246090.78
2025-07-31,M027,P02,T04,243799.57
2025-07-31,M028,P03,T02,209094.72
2025-07-31,M029,P04,T04,150398.13
2025-07-31,M030,P01,T02,193741.88
2025-07-31,M031,P02,T04,240327.95
2025-07-31,M032,P03,T02,181483.38
2025-07-31,M033,P04,T04,237145.87
2025-07-31,M034,P01,T02,272576.95
2025-07-31,M035,P02,T04,304110.98
2025-07-31,M036,P03,T02,183283.64
2025-07-31,M037,P04,T04,204476.54
2025-07-31,M038,P01,T02,248765.42
2025-07-31,M039,P02,T04,297237.34
2025-07-31,M040,P03,T02,210563.9
2025-07-31,M041,P04,T04,256619.02
2025-07-31,M042,P01,T02,309633.32
2025-07-31,M043,P02,T04,242200.97
2025-07-31,M044,P03,T02,201648.11
2025-07-31,M045,P04,T04,251122.04
2025-07-31,M046,P01,T02,280088.86
2025-07-31,M047,P02,T04,313285.13
2025-07-31,M048,P03,T02,266874.55
2025-08-01,M001,P02,T02,99734.21
2025-08-01,M002,P03,T04,71728.79
2025-08-01,M003,P04,T02,105847.41
2025-08-01,M004,P01,T04,115948.32
2025-08-01,M005,P02,T02,150629.51
2025-08-01,M006,P03,T04,118298.0
2025-08-01,M007,P04,T02,150583.22
2025-08-01,M008,P01,T04,101204.36
2025-08-01,M009,P02,T02,134841.17
2025-08-01,M010,P03,T04,101569.94
2025-08-01,M011,P04,T02,137380.67
2025-08-01,M012,P01,T04,143051.36
2025-08-01,M013,P02,T02,214530.95
2025-08-01,M014,P03,T04,136142.88
2025-08-01,M015,P04,T02,121087.78
2025-08-01,M016,P01,T04,121914.3
2025-08-01,M017,P02,T02,176709.12
2025-08-01,M018,P03,T04,128543.28
2025-08-01,M019,P04,T02,170625.96
2025-08-01,M020,P01,T04,179418.84
2025-08-01,M021,P02,T02,245064.89
2025-08-01,M022,P03,T04,106955.29
2025-08-01,M023,P04,T02,148845.78
2025-08-01,M024,P01,T04,165444.08
2025-08-01,M025,P02,T02,208974.62
2025-08-01,M026,P03,T04,162488.97
2025-08-01,M027,P04,T02,217394.75
2025-08-01,M028,P01,T04,219124.86
2025-08-01,M029,P02,T02,202917.97
2025-08-01,M030,P03,T04,134954.8
2025-08-01,M031,P04,T02,195857.21
2025-08-01,M032,P01,T04,210123.76
2025-08-01,M033,P02,T02,258196.81
2025-08-01,M034,P03,T04,169967.17
2025-08-01,M035,P04,T02,239273.92
2025-08-01,M036,P01,T04,181960.19
2025-08-01,M037,P02,T02,224447.67
2025-08-01,M038,P03,T04,160191.57
2025-08-01,M039,P04,T02,222130.84
2025-08-01,M040,P01,T04,227347.93
2025-08-01,M041,P02,T02,318432.97
2025-08-01,M042,P03,T04,201088.73
2025-08-01,M043,P04,T02,210361.28
2025-08-01,M044,P01,T04,225574.82
2025-08-01,M045,P02,T02,253080.28
2025-08-01,M046,P03,T04,185365.15
2025-08-01,M047,P04,T02,257319.14
2025-08-01,M048,P01,T04,256978.04
2025-08-02,M001,P03,T03,46344.59
2025-08-02,M002,P04,T01,101384.67
2025-08-02,M003,P01,T03,82289.36
2025-08-02,M004,P02,T01,161087.82
2025-08-02,M005,P03,T03,74602.93
2025-08-02,M006,P04,T01,147948.82
2025-08-02,M007,P01,T03,114217.02
2025-08-02,M008,P02,T01,127722.86
2025-08-02,M009,P03,T03,67416.6
2025-08-02,M010,P04,T01,122109.18
2025-08-02,M011,P01,T03,100789.03
2025-08-02,M012,P02,T01,191489.82
2025-08-02,M013,P03,T03,97116.2
2025-08-02,M014,P04,T01,177573.49
2025-08-02,M015,P01,T03,85904.56
2025-08-02,M016,P02,T01,176347.03
2025-08-02,M017,P03,T03,85844.68
2025-08-02,M018,P04,T01,156267.64
2025-08-02,M019,P01,T03,131293.03
2025-08-02,M020,P02,T01,224061.03
2025-08-02,M021,P03,T03,125504.62
2025-08-02,M022,P04,T01,135596.05
2025-08-02,M023,P01,T03,108645.0
2025-08-02,M024,P02,T01,224475.97
2025-08-02,M025,P03,T03,106627.48
2025-08-02,M026,P04,T01,197261.07
2025-08-02,M027,P01,T03,158630.19
2025-08-02,M028,P02,T01,280900.1
2025-08-02,M029,P03,T03,95406.09
2025-08-02,M030,P04,T01,178733.54
2025-08-02,M031,P01,T03,131845.86
2025-08-02,M032,P02,T01,261104.43
2025-08-02,M033,P03,T03,130568.86
2025-08-02,M034,P04,T01,237266.24
2025-08-02,M035,P01,T03,189640.61
2025-08-02,M036,P02,T01,221227.96
2025-08-02,M037,P03,T03,117244.6
2025-08-02,M038,P04,T01,215188.05
2025-08-02,M039,P01,T03,154007.99
2025-08-02,M040,P02,T01,315681.27
2025-08-02,M041,P03,T03,149626.21
2025-08-02,M042,P04,T01,273247.23
2025-08-02,M043,P01,T03,140129.36
2025-08-02,M044,P02,T01,280087.99
2025-08-02,M045,P03,T03,137135.24
2025-08-02,M046,P04,T01,241132.39
2025-08-02,M047,P01,T03,197009.71
2025-08-02,M048,P02,T01,316082.08
2025-08-03,M001,P04,T04,62532.92
2025-08-03,M002,P01,T02,91806.4
2025-08-03,M003,P02,T04,111174.8
2025-08-03,M004,P03,T02,88311.31
2025-08-03,M005,P04,T04,113277.44
2025-08-03,M006,P01,T02,130052.38
2025-08-03,M007,P02,T04,170304.81
2025-08-03,M008,P03,T02,81174.74
2025-08-03,M009,P04,T04,94558.23
2025-08-03,M010,P01,T02,119861.97
2025-08-03,M011,P02,T04,135373.12
2025-08-03,M012,P03,T02,113716.48
2025-08-03,M013,P04,T04,132431.62
2025-08-03,M014,P01,T02,162178.74
2025-08-03,M015,P02,T04,116290.09
2025-08-03,M016,P03,T02,97314.75
2025-08-03,M017,P04,T04,129273.0
2025-08-03,M018,P01,T02,158109.4
2025-08-03,M019,P02,T04,173066.17
2025-08-03,M020,P03,T02,145358.91
2025-08-03,M021,P04,T04,180084.15
2025-08-03,M022,P01,T02,135271.78
2025-08-03,M023,P02,T04,142572.87
2025-08-03,M024,P03,T02,135815.34
2025-08-03,M025,P04,T04,148943.37
2025-08-03,M026,P01,T02,186971.5
2025-08-03,M027,P02,T04,226902.47
2025-08-03,M028,P03,T02,181814.5
2025-08-03,M029,P04,T04,137865.65
2025-08-03,M030,P01,T02,157238.3
2025-08-03,M031,P02,T04,175447.02
2025-08-03,M032,P03,T02,147256.05
2025-08-03,M033,P04,T04,166164.37
2025-08-03,M034,P01,T02,220602.47
2025-08-03,M035,P02,T04,242188.0
2025-08-03,M036,P03,T02,137710.13
2025-08-03,M037,P04,T04,162894.69
2025-08-03,M038,P01,T02,186523.74
2025-08-03,M039,P02,T04,206260.93
2025-08-03,M040,P03,T02,184566.2
2025-08-03,M041,P04,T04,199639.72
2025-08-03,M042,P01,T02,258495.5
2025-08-03,M043,P02,T04,188222.54
2025-08-03,M044,P03,T02,165036.95
2025-08-03,M045,P04,T04,183529.41
2025-08-03,M046,P01,T02,238735.0
2025-08-03,M047,P02,T04,257889.65
2025-08-03,M048,P03,T02,216389.54
2025-08-04,M001,P01,T01,92051.78
2025-08-04,M002,P02,T03,88005.7
2025-08-04,M003,P03,T01,106435.48
2025-08-04,M004,P04,T03,92673.72
2025-08-04,M005,P01,T01,162712.5
2025-08-04,M006,P02,T03,141807.95
2025-08-04,M007,P03,T01,171518.51
2025-08-04,M008,P04,T03,77522.3
2025-08-04,M009,P01,T01,136631.66
2025-08-04,M010,P02,T03,116328.69
2025-08-04,M011,P03,T01,133261.8
2025-08-04,M012,P04,T03,127613.59
2025-08-04,M013,P01,T01,193650.95
2025-08-04,M014,P02,T03,175672.59
2025-08-04,M015,P03,T01,109044.28
2025-08-04,M016,P04,T03,104563.64
2025-08-04,M017,P01,T01,180540.03
2025-08-04,M018,P02,T03,141827.62
2025-08-04,M019,P03,T01,182113.28
2025-08-04,M020,P04,T03,133880.56
2025-08-04,M021,P01,T01,241139.69
2025-08-04,M022,P02,T03,127427.48
2025-08-04,M023,P03,T01,143073.09
2025-08-04,M024,P04,T03,127955.84
2025-08-04,M025,P01,T01,234187.57
2025-08-04,M026,P02,T03,188221.8
2025-08-04,M027,P03,T01,190650.14
2025-08-04,M028,P04,T03,160051.47
2025-08-04,M029,P01,T01,192760.64
2025-08-04,M030,P02,T03,167046.06
2025-08-04,M031,P03,T01,188532.24
2025-08-04,M032,P04,T03,148998.5
2025-08-04,M033,P01,T01,246443.48
2025-08-04,M034,P02,T03,205462.26
2025-08-04,M035,P03,T01,246330.39
2025-08-04,M036,P04,T03,143880.81
2025-08-04,M037,P01,T01,230375.71
2025-08-04,M038,P02,T03,198918.04
2025-08-04,M039,P03,T01,230934.27
2025-08-04,M040,P04,T03,193616.45
2025-08-04,M041,P01,T01,305194.69
2025-08-04,M042,P02,T03,257344.14
2025-08-04,M043,P03,T01,206833.81
2025-08-04,M044,P04,T03,165442.05
2025-08-04,M045,P01,T01,267792.16
2025-08-04,M046,P02,T03,220529.38
2025-08-04,M047,P03,T01,238297.84
2025-08-04,M048,P04,T03,215010.24
2025-08-05,M001,P02,T02,92180.12
2025-08-05,M002,P03,T04,70984.65
2025-08-05,M003,P04,T02,101708.37
2025-08-05,M004,P01,T04,124099.67
2025-08-05,M005,P02,T02,156816.9
2025-08-05,M006,P03,T04,109581.67
2025-08-05,M007,P04,T02,162749.17
2025-08-05,M008,P01,T04,105410.48
2025-08-05,M009,P02,T02,133886.34
2025-08-05,M010,P03,T04,99069.7
2025-08-05,M011,P04,T02,141892.97
2025-08-05,M012,P01,T04,145592.94
2025-08-05,M013,P02,T02,188044.08
2025-08-05,M014,P03,T04,156025.36
2025-08-05,M015,P04,T02,117839.54
2025-08-05,M016,P01,T04,123034.77
2025-08-05,M017,P02,T02,179568.63
2025-08-05,M018,P03,T04,129316.96
2025-08-05,M019,P04,T02,160922.5
2025-08-05,M020,P01,T04,178076.57
2025-08-05,M021,P02,T02,235460.98
2025-08-05,M022,P03,T04,113313.01
2025-08-05,M023,P04,T02,147656.74
2025-08-05,M024,P01,T04,151742.03
2025-08-05,M025,P02,T02,200001.19
2025-08-05,M026,P03,T04,143549.2
2025-08-05,M027,P04,T02,208384.49
2025-08-05,M028,P01,T04,208472.16
2025-08-05,M029,P02,T02,190119.5
2025-08-05,M030,P03,T04,137005.8
2025-08-05,M031,P04,T02,184304.65
2025-08-05,M032,P01,T04,184712.45
2025-08-05,M033,P02,T02,270304.62
2025-08-05,M034,P03,T04,171814.01
2025-08-05,M035,P04,T02,242389.27
2025-08-05,M036,P01,T04,171934.72
2025-08-05,M037,P02,T02,244811.29
2025-08-05,M038,P03,T04,175498.77
2025-08-05,M039,P04,T02,212585.54
2025-08-05,M040,P01,T04,221443.53
2025-08-05,M041,P02,T02,292264.04
2025-08-05,M042,P03,T04,209434.47
2025-08-05,M043,P04,T02,185088.47
2025-08-05,M044,P01,T04,209333.37
2025-08-05,M045,P02,T02,264332.39
2025-08-05,M046,P03,T04,183177.66
2025-08-05,M047,P04,T02,247823.04
2025-08-05,M048,P01,T04,283210.43
2025-08-06,M001,P03,T03,53965.73
2025-08-06,M002,P04,T01,109511.75
2025-08-06,M003,P01,T03,83850.25
2025-08-06,M004,P02,T01,165562.77
2025-08-06,M005,P03,T03,93516.83
2025-08-06,M006,P04,T01,162129.85
2025-08-06,M007,P01,T03,143480.94
2025-08-06,M008,P02,T01,129179.32
2025-08-06,M009,P03,T03,72291.12
2025-08-06,M010,P04,T01,154195.62
2025-08-06,M011,P01,T03,106774.13
2025-08-06,M012,P02,T01,207550.4
2025-08-06,M013,P03,T03,120833.18
2025-08-06,M014,P04,T01,191989.97
2025-08-06,M015,P01,T03,93928.63
2025-08-06,M016,P02,T01,171316.75
2025-08-06,M017,P03,T03,104348.29
2025-08-06,M018,P04,T01,189149.31
2025-08-06,M019,P01,T03,135285.45
2025-08-06,M020,P02,T01,266761.78
2025-08-06,M021,P03,T03,130792.9
2025-08-06,M022,P04,T01,155483.34
2025-08-06,M023,P01,T03,131022.44
2025-08-06,M024,P02,T01,247751.28
2025-08-06,M025,P03,T03,112003.63
2025-08-06,M026,P04,T01,220408.15
2025-08-06,M027,P01,T03,180870.48
2025-08-06,M028,P02,T01,313864.03
2025-08-06,M029,P03,T03,113605.05
2025-08-06,M030,P04,T01,184732.23
2025-08-06,M031,P01,T03,160605.54
2025-08-06,M032,P02,T01,283404.8
2025-08-06,M033,P03,T03,132758.55
2025-08-06,M034,P04,T01,246765.47
2025-08-06,M035,P01,T03,196363.23
2025-08-06,M036,P02,T01,247455.5
2025-08-06,M037,P03,T03,125457.1
2025-08-06,M038,P04,T01,242903.43
2025-08-06,M039,P01,T03,184618.38
2025-08-06,M040,P02,T01,318289.25
2025-08-06,M041,P03,T03,177883.76
2025-08-06,M042,P04,T01,306615.26
2025-08-06,M043,P01,T03,168674.73
2025-08-06,M044,P02,T01,301279.04
2025-08-06,M045,P03,T03,157856.92
2025-08-06,M046,P04,T01,268120.38
2025-08-06,M047,P01,T03,203513.2
2025-08-06,M048,P02,T01,398390.59
2025-08-07,M001,P04,T04,76217.89
2025-08-07,M002,P01,T02,102563.56
2025-08-07,M003,P02,T04,116430.29
2025-08-07,M004,P03,T02,94768.3
2025-08-07,M005,P04,T04,130771.12
2025-08-07,M006,P01,T02,154061.44
2025-08-07,M007,P02,T04,175881.21
2025-08-07,M008,P03,T02,87185.22
2025-08-07,M009,P04,T04,107842.84
2025-08-07,M010,P01,T02,134557.58
2025-08-07,M011,P02,T04,161970.2
2025-08-07,M012,P03,T02,123846.63
2025-08-07,M013,P04,T04,151707.13
2025-08-07,M014,P01,T02,197946.45
2025-08-07,M015,P02,T04,134866.39
2025-08-07,M016,P03,T02,114533.23
2025-08-07,M017,P04,T04,143854.06
2025-08-07,M018,P01,T02,169795.04
2025-08-07,M019,P02,T04,196399.5
2025-08-07,M020,P03,T02,160448.55
2025-08-07,M021,P04,T04,178319.12
2025-08-07,M022,P01,T02,135216.19
2025-08-07,M023,P02,T04,183458.62
2025-08-07,M024,P03,T02,153289.17
2025-08-07,M025,P04,T04,163552.46
2025-08-07,M026,P01,T02,188770.81
2025-08-07,M027,P02,T04,247350.79
2025-08-07,M028,P03,T02,201163.15
2025-08-07,M029,P04,T04,151078.56
2025-08-07,M030,P01,T02,193962.75
2025-08-07,M031,P02,T04,200963.34
2025-08-07,M032,P03,T02,162576.01
2025-08-07,M033,P04,T04,181402.88
2025-08-07,M034,P01,T02,246025.49
2025-08-07,M035,P02,T04,274394.38
2025-08-07,M036,P03,T02,150498.25
2025-08-07,M037,P04,T04,190846.0
2025-08-07,M038,P01,T02,214915.57
2025-08-07,M039,P02,T04,248140.74
2025-08-07,M040,P03,T02,211238.27
2025-08-07,M041,P04,T04,222291.82
2025-08-07,M042,P01,T02,274034.04
2025-08-07,M043,P02,T04,234192.11
2025-08-07,M044,P03,T02,175368.28
2025-08-07,M045,P04,T04,196579.49
2025-08-07,M046,P01,T02,261916.19
2025-08-07,M047,P02,T04,294410.23
2025-08-07,M048,P03,T02,231118.97
2025-08-08,M001,P01,T01,90160.41
2025-08-08,M002,P02,T03,94247.46
2025-08-08,M003,P03,T01,110927.22
2025-08-08,M004,P04,T03,93485.26
2025-08-08,M005,P01,T01,171603.14
2025-08-08,M006,P02,T03,141262.54
2025-08-08,M007,P03,T01,153284.46
2025-08-08,M008,P04,T03,73556.79
2025-08-08,M009,P01,T01,141635.18
2025-08-08,M010,P02,T03,119069.36
2025-08-08,M011,P03,T01,147876.64
2025-08-08,M012,P04,T03,112127.63
2025-08-08,M013,P01,T01,195759.19
2025-08-08,M014,P02,T03,162882.57
2025-08-08,M015,P03,T01,121950.86
2025-08-08,M016,P04,T03,97854.33
2025-08-08,M017,P01,T01,188024.66
2025-08-08,M018,P02,T03,147583.0
2025-08-08,M019,P03,T01,160876.06
2025-08-08,M020,P04,T03,135791.26
2025-08-08,M021,P01,T01,262713.22
2025-08-08,M022,P02,T03,135476.45
2025-08-08,M023,P03,T01,156849.57
2025-08-08,M024,P04,T03,130464.55
2025-08-08,M025,P01,T01,224082.35
2025-08-08,M026,P02,T03,186237.88
2025-08-08,M027,P03,T01,221043.24
2025-08-08,M028,P04,T03,181371.65
2025-08-08,M029,P01,T01,178924.97
2025-08-08,M030,P02,T03,151744.78
2025-08-08,M031,P03,T01,194982.13
2025-08-08,M032,P04,T03,154545.11
2025-08-08,M033,P01,T01,255795.77
2025-08-08,M034,P02,T03,215430.39
2025-08-08,M035,P03,T01,223668.17
2025-08-08,M036,P04,T03,143108.15
2025-08-08,M037,P01,T01,251121.93
2025-08-08,M038,P02,T03,184707.47
2025-08-08,M039,P03,T01,230910.63
2025-08-08,M040,P04,T03,179032.22
2025-08-08,M041,P01,T01,314248.22
2025-08-08,M042,P02,T03,262988.19
2025-08-08,M043,P03,T01,197884.16
2025-08-08,M044,P04,T03,158949.83
2025-08-08,M045,P01,T01,273826.83
2025-08-08,M046,P02,T03,243530.89
2025-08-08,M047,P03,T01,250878.11
2025-08-08,M048,P04,T03,190057.16
2025-08-09,M001,P02,T02,85383.58
2025-08-09,M002,P03,T04,63729.78
2025-08-09,M003,P04,T02,87207.94
2025-08-09,M004,P01,T04,105037.86
2025-08-09,M005,P02,T02,142416.68
2025-08-09,M006,P03,T04,100566.69
2025-08-09,M007,P04,T02,145621.95
2025-08-09,M008,P01,T04,85992.12
2025-08-09,M009,P02,T02,121097.31
2025-08-09,M010,P03,T04,97455.83
2025-08-09,M011,P04,T02,115254.32
2025-08-09,M012,P01,T04,130522.71
2025-08-09,M013,P02,T02,169896.49
2025-08-09,M014,P03,T04,125261.99
2025-08-09,M015,P04,T02,103894.32
2025-08-09,M016,P01,T04,120204.96
2025-08-09,M017,P02,T02,158021.82
2025-08-09,M018,P03,T04,112036.57
2025-08-09,M019,P04,T02,147532.43
2025-08-09,M020,P01,T04,172357.09
2025-08-09,M021,P02,T02,219469.62
2025-08-09,M022,P03,T04,106256.65
2025-08-09,M023,P04,T02,143168.52
2025-08-09,M024,P01,T04,154717.21
2025-08-09,M025,P02,T02,197320.6
2025-08-09,M026,P03,T04,128890.71
2025-08-09,M027,P04,T02,192734.53
2025-08-09,M028,P01,T04,194823.56
2025-08-09,M029,P02,T02,178105.97
2025-08-09,M030,P03,T04,121009.53
2025-08-09,M031,P04,T02,164249.56
2025-08-09,M032,P01,T04,164027.55
2025-08-09,M033,P02,T02,223300.29
2025-08-09,M034,P03,T04,154556.76
2025-08-09,M035,P04,T02,223763.7
2025-08-09,M036,P01,T04,169382.03
2025-08-09,M037,P02,T02,223131.54
2025-08-09,M038,P03,T04,143325.3
2025-08-09,M039,P04,T02,190529.3
2025-08-09,M040,P01,T04,195186.38
2025-08-09,M041,P02,T02,260919.73
2025-08-09,M042,P03,T04,175395.69
2025-08-09,M043,P04,T02,162504.69
2025-08-09,M044,P01,T04,174983.89
2025-08-09,M045,P02,T02,230676.52
2025-08-09,M046,P03,T04,175215.94
2025-08-09,M047,P04,T02,213354.04
2025-08-09,M048,P01,T04,243929.27
2025-08-10,M001,P03,T03,46101.52
2025-08-10,M002,P04,T01,97172.48
2025-08-10,M003,P01,T03,79979.62
2025-08-10,M004,P02,T01,156763.7
2025-08-10,M005,P03,T03,79196.07
2025-08-10,M006,P04,T01,144341.19
2025-08-10,M007,P01,T03,112787.37
2025-08-10,M008,P02,T01,124098.21
2025-08-10,M009,P03,T03,67904.9
2025-08-10,M010,P04,T01,136818.91
2025-08-10,M011,P01,T03,101862.25
2025-08-10,M012,P02,T01,192716.42
2025-08-10,M013,P03,T03,97103.61
2025-08-10,M014,P04,T01,176130.35
2025-08-10,M015,P01,T03,86967.47
2025-08-10,M016,P02,T01,162359.15
2025-08-10,M017,P03,T03,92239.83
2025-08-10,M018,P04,T01,175120.34
2025-08-10,M019,P01,T03,135415.63
2025-08-10,M020,P02,T01,223425.06
2025-08-10,M021,P03,T03,126436.76
2025-08-10,M022,P04,T01,138077.19
2025-08-10,M023,P01,T03,122233.21
2025-08-10,M024,P02,T01,208809.83
2025-08-10,M025,P03,T03,115718.94
2025-08-10,M026,P04,T01,184831.09
2025-08-10,M027,P01,T03,149200.74
2025-08-10,M028,P02,T01,274269.9
2025-08-10,M029,P03,T03,95729.26
2025-08-10,M030,P04,T01,170539.06
2025-08-10,M031,P01,T03,149902.53
2025-08-10,M032,P02,T01,259327.4
2025-08-10,M033,P03,T03,134729.04
2025-08-10,M034,P04,T01,244691.78
2025-08-10,M035,P01,T03,177394.11
2025-08-10,M036,P02,T01,215442.55
2025-08-10,M037,P03,T03,109291.68
2025-08-10,M038,P04,T01,196615.25
2025-08-10,M039,P01,T03,172589.36
2025-08-10,M040,P02,T01,297043.13
2025-08-10,M041,P03,T03,155701.83
2025-08-10,M042,P04,T01,281514.53
2025-08-10,M043,P01,T03,153359.32
2025-08-10,M044,P02,T01,245878.02
2025-08-10,M045,P03,T03,141257.0
2025-08-10,M046,P04,T01,232317.79
2025-08-10,M047,P01,T03,198818.41
2025-08-10,M048,P02,T01,315177.42
2025-08-11,M001,P04,T04,77323.66
2025-08-11,M002,P01,T02,98128.33
2025-08-11,M003,P02,T04,121603.05
2025-08-11,M004,P03,T02,110756.28
2025-08-11,M005,P04,T04,119325.51
2025-08-11,M006,P01,T02,153544.49
2025-08-11,M007,P02,T04,187933.92
2025-08-11,M008,P03,T02,81519.05
2025-08-11,M009,P04,T04,108443.95
2025-08-11,M010,P01,T02,137551.61
2025-08-11,M011,P02,T04,147118.12
2025-08-11,M012,P03,T02,137817.98
2025-08-11,M013,P04,T04,158495.64
2025-08-11,M014,P01,T02,182529.9
2025-08-11,M015,P02,T04,135811.61
2025-08-11,M016,P03,T02,113068.58
2025-08-11,M017,P04,T04,136048.92
2025-08-11,M018,P01,T02,164253.14
2025-08-11,M019,P02,T04,205943.24
2025-08-11,M020,P03,T02,152418.45
2025-08-11,M021,P04,T04,191844.25
2025-08-11,M022,P01,T02,141416.59
2025-08-11,M023,P02,T04,166404.33
2025-08-11,M024,P03,T02,142501.7
2025-08-11,M025,P04,T04,175515.88
2025-08-11,M026,P01,T02,217709.81
2025-08-11,M027,P02,T04,250159.39
2025-08-11,M028,P03,T02,186043.01
2025-08-11,M029,P04,T04,151019.06
2025-08-11,M030,P01,T02,185281.62
2025-08-11,M031,P02,T04,222212.67
2025-08-11,M032,P03,T02,175536.27
2025-08-11,M033,P04,T04,209247.92
2025-08-11,M034,P01,T02,252996.99
2025-08-11,M035,P02,T04,267710.91
2025-08-11,M036,P03,T02,146863.92
2025-08-11,M037,P04,T04,180565.71
2025-08-11,M038,P01,T02,230499.9
2025-08-11,M039,P02,T04,245218.4
2025-08-11,M040,P03,T02,209327.92
2025-08-11,M041,P04,T04,210475.38
2025-08-11,M042,P01,T02,284287.73
2025-08-11,M043,P02,T04,209841.01
2025-08-11,M044,P03,T02,175988.14
2025-08-11,M045,P04,T04,205924.34
2025-08-11,M046,P01,T02,269539.01
2025-08-11,M047,P02,T04,307828.85
2025-08-11,M048,P03,T02,233836.95
2025-08-12,M001,P01,T01,102117.53
2025-08-12,M002,P02,T03,90821.09
2025-08-12,M003,P03,T01,103252.85
2025-08-12,M004,P04,T03,90471.64
2025-08-12,M005,P01,T01,154793.24
2025-08-12,M006,P02,T03,131793.73
2025-08-12,M007,P03,T01,162429.91
2025-08-12,M008,P04,T03,73411.58
2025-08-12,M009,P01,T01,135707.9
2025-08-12,M010,P02,T03,119953.84
2025-08-12,M011,P03,T01,135227.95
2025-08-12,M012,P04,T03,120617.65
2025-08-12,M013,P01,T01,218985.83
2025-08-12,M014,P02,T03,175965.5
2025-08-12,M015,P03,T01,116931.2
2025-08-12,M016,P04,T03,97815.38
2025-08-12,M017,P01,T01,173711.93
2025-08-12,M018,P02,T03,141793.97
2025-08-12,M019,P03,T01,167168.65
2025-08-12,M020,P04,T03,146823.61
2025-08-12,M021,P01,T01,229976.68
2025-08-12,M022,P02,T03,122660.76
2025-08-12,M023,P03,T01,155848.75
2025-08-12,M024,P04,T03,137973.0
2025-08-12,M025,P01,T01,227903.13
2025-08-12,M026,P02,T03,191301.26
2025-08-12,M027,P03,T01,205800.94
2025-08-12,M028,P04,T03,157159.72
2025-08-12,M029,P01,T01,188445.61
2025-08-12,M030,P02,T03,159803.74
2025-08-12,M031,P03,T01,198037.2
2025-08-12,M032,P04,T03,157168.05
2025-08-12,M033,P01,T01,278095.21
2025-08-12,M034,P02,T03,208545.47
2025-08-12,M035,P03,T01,221235.06
2025-08-12,M036,P04,T03,129085.23
2025-08-12,M037,P01,T01,223554.97
2025-08-12,M038,P02,T03,206562.83
2025-08-12,M039,P03,T01,203292.02
2025-08-12,M040,P04,T03,171925.29
2025-08-12,M041,P01,T01,300589.06
2025-08-12,M042,P02,T03,250357.26
2025-08-12,M043,P03,T01,201960.34
2025-08-12,M044,P04,T03,161864.12
2025-08-12,M045,P01,T01,264732.9
2025-08-12,M046,P02,T03,234694.21
2025-08-12,M047,P03,T01,262383.81
2025-08-12,M048,P04,T03,217263.86
2025-08-13,M001,P02,T02,93306.11
2025-08-13,M002,P03,T04,79129.42
2025-08-13,M003,P04,T02,96745.33
2025-08-13,M004,P01,T04,120363.55
2025-08-13,M005,P02,T02,173472.73
2025-08-13,M006,P03,T04,123103.2
2025-08-13,M007,P04,T02,157592.92
2025-08-13,M008,P01,T04,90313.16
2025-08-13,M009,P02,T02,140839.26
2025-08-13,M010,P03,T04,96891.52
2025-08-13,M011,P04,T02,140820.02
2025-08-13,M012,P01,T04,162968.58
2025-08-13,M013,P02,T02,213541.97
2025-08-13,M014,P03,T04,153143.74
2025-08-13,M015,P04,T02,111445.92
2025-08-13,M016,P01,T04,140231.62
2025-08-13,M017,P02,T02,189281.34
2025-08-13,M018,P03,T04,132094.32
2025-08-13,M019,P04,T02,174354.92
2025-08-13,M020,P01,T04,173636.07
2025-08-13,M021,P02,T02,248953.24
2025-08-13,M022,P03,T04,110951.7
2025-08-13,M023,P04,T02,155526.76
2025-08-13,M024,P01,T04,168246.75
2025-08-13,M025,P02,T02,209782.64
2025-08-13,M026,P03,T04,164374.3
2025-08-13,M027,P04,T02,188355.1
2025-08-13,M028,P01,T04,211327.25
2025-08-13,M029,P02,T02,190212.2
2025-08-13,M030,P03,T04,148187.27
2025-08-13,M031,P04,T02,186187.47
2025-08-13,M032,P01,T04,194392.02
2025-08-13,M033,P02,T02,256975.1
2025-08-13,M034,P03,T04,193253.84
2025-08-13,M035,P04,T02,230890.69
2025-08-13,M036,P01,T04,170999.74
2025-08-13,M037,P02,T02,215500.06
2025-08-13,M038,P03,T04,178144.49
2025-08-13,M039,P04,T02,223108.57
2025-08-13,M040,P01,T04,214721.88
2025-08-13,M041,P02,T02,300497.08
2025-08-13,M042,P03,T04,223464.21
2025-08-13,M043,P04,T02,200328.11
2025-08-13,M044,P01,T04,194737.85
2025-08-13,M045,P02,T02,288879.58
2025-08-13,M046,P03,T04,177478.91
2025-08-13,M047,P04,T02,247355.28
2025-08-13,M048,P01,T04,256410.71
2025-08-14,M001,P03,T03,48805.78
2025-08-14,M002,P04,T01,102367.34
2025-08-14,M003,P01,T03,90123.12
2025-08-14,M004,P02,T01,176991.47
2025-08-14,M005,P03,T03,90956.53
2025-08-14,M006,P04,T01,173741.27
2025-08-14,M007,P01,T03,139715.75
2025-08-14,M008,P02,T01,144810.44
2025-08-14,M009,P03,T03,76203.29
2025-08-14,M010,P04,T01,142991.11
2025-08-14,M011,P01,T03,112418.86
2025-08-14,M012,P02,T01,212597.19
2025-08-14,M013,P03,T03,118722.34
2025-08-14,M014,P04,T01,209561.96
2025-08-14,M015,P01,T03,98201.4
2025-08-14,M016,P02,T01,196899.4
2025-08-14,M017,P03,T03,93512.97
2025-08-14,M018,P04,T01,168322.03
2025-08-14,M019,P01,T03,135931.41
2025-08-14,M020,P02,T01,246988.94
2025-08-14,M021,P03,T03,139764.34
2025-08-14,M022,P04,T01,146742.22
2025-08-14,M023,P01,T03,121167.15
2025-08-14,M024,P02,T01,221010.05
2025-08-14,M025,P03,T03,120618.44
2025-08-14,M026,P04,T01,228433.73
2025-08-14,M027,P01,T03,177083.21
2025-08-14,M028,P02,T01,321038.11
2025-08-14,M029,P03,T03,113498.5
2025-08-14,M030,P04,T01,202674.99
2025-08-14,M031,P01,T03,163053.0
2025-08-14,M032,P02,T01,294958.08
2025-08-14,M033,P03,T03,140605.27
2025-08-14,M034,P04,T01,262458.82
2025-08-14,M035,P01,T03,189270.62
2025-08-14,M036,P02,T01,246900.44
2025-08-14,M037,P03,T03,132729.2
2025-08-14,M038,P04,T01,240319.76
2025-08-14,M039,P01,T03,190865.5
2025-08-14,M040,P02,T01,334621.06
2025-08-14,M041,P03,T03,157485.36
2025-08-14,M042,P04,T01,297411.47
2025-08-14,M043,P01,T03,157682.43
2025-08-14,M044,P02,T01,301432.56
2025-08-14,M045,P03,T03,147430.36
2025-08-14,M046,P04,T01,271345.42
2025-08-14,M047,P01,T03,214786.38
2025-08-14,M048,P02,T01,375976.54
2025-08-15,M001,P04,T04,77638.74
2025-08-15,M002,P01,T02,95153.89
2025-08-15,M003,P02,T04,121239.26
2025-08-15,M004,P03,T02,104988.14
2025-08-15,M005,P04,T04,128505.93
2025-08-15,M006,P01,T02,146741.95
2025-08-15,M007,P02,T04,192328.51
2025-08-15,M008,P03,T02,88171.44
2025-08-15,M009,P04,T04,102608.61
2025-08-15,M010,P01,T02,136337.9
2025-08-15,M011,P02,T04,150977.91
2025-08-15,M012,P03,T02,124184.71
2025-08-15,M013,P04,T04,151631.68
2025-08-15,M014,P01,T02,182101.57
2025-08-15,M015,P02,T04,129531.08
2025-08-15,M016,P03,T02,113665.68
2025-08-15,M017,P04,T04,142552.02
2025-08-15,M018,P01,T02,169703.31
2025-08-15,M019,P02,T04,187680.85
2025-08-15,M020,P03,T02,152817.22
2025-08-15,M021,P04,T04,177245.21
2025-08-15,M022,P01,T02,137457.15
2025-08-15,M023,P02,T04,181834.28
2025-08-15,M024,P03,T02,138344.39
2025-08-15,M025,P04,T04,154735.67
2025-08-15,M026,P01,T02,218972.86
2025-08-15,M027,P02,T04,248869.76
2025-08-15,M028,P03,T02,183180.84
2025-08-15,M029,P04,T04,144396.47
2025-08-15,M030,P01,T02,175728.27
2025-08-15,M031,P02,T04,211662.86
2025-08-15,M032,P03,T02,174049.28
2025-08-15,M033,P04,T04,205381.17
2025-08-15,M034,P01,T02,230082.62
2025-08-15,M035,P02,T04,262469.15
2025-08-15,M036,P03,T02,146783.87
2025-08-15,M037,P04,T04,190105.47
2025-08-15,M038,P01,T02,227899.07
2025-08-15,M039,P02,T04,264189.98
2025-08-15,M040,P03,T02,201218.54
2025-08-15,M041,P04,T04,245698.13
2025-08-15,M042,P01,T02,274202.52
2025-08-15,M043,P02,T04,212740.89
2025-08-15,M044,P03,T02,186836.84
2025-08-15,M045,P04,T04,202616.61
2025-08-15,M046,P01,T02,258950.04
2025-08-15,M047,P02,T04,279899.04
2025-08-15,M048,P03,T02,240294.51
2025-08-16,M001,P01,T01,84692.79
2025-08-16,M002,P02,T03,76418.09
2025-08-16,M003,P03,T01,99798.14
2025-08-16,M004,P04,T03,89894.06
2025-08-16,M005,P01,T01,154830.58
2025-08-16,M006,P02,T03,133101.83
2025-08-16,M007,P03,T01,146612.78
2025-08-16,M008,P04,T03,73803.47
2025-08-16,M009,P01,T01,130471.44
2025-08-16,M010,P02,T03,101141.71
2025-08-16,M011,P03,T01,132525.97
2025-08-16,M012,P04,T03,111733.49
2025-08-16,M013,P01,T01,193053.65
2025-08-16,M014,P02,T03,159309.68
2025-08-16,M015,P03,T01,114108.34
2025-08-16,M016,P04,T03,92161.41
2025-08-16,M017,P01,T01,154172.36
2025-08-16,M018,P02,T03,139879.76
2025-08-16,M019,P03,T01,145759.6
2025-08-16,M020,P04,T03,131161.42
2025-08-16,M021,P01,T01,228306.21
2025-08-16,M022,P02,T03,110993.03
2025-08-16,M023,P03,T01,125753.88
2025-08-16,M024,P04,T03,111727.79
2025-08-16,M025,P01,T01,211778.25
2025-08-16,M026,P02,T03,154943.66
2025-08-16,M027,P03,T01,186345.34
2025-08-16,M028,P04,T03,155287.17
2025-08-16,M029,P01,T01,167556.29
2025-08-16,M030,P02,T03,156581.67
2025-08-16,M031,P03,T01,176603.86
2025-08-16,M032,P04,T03,133266.73
2025-08-16,M033,P01,T01,231795.88
2025-08-16,M034,P02,T03,187714.25
2025-08-16,M035,P03,T01,228502.37
2025-08-16,M036,P04,T03,128647.33
2025-08-16,M037,P01,T01,202977.97
2025-08-16,M038,P02,T03,181029.93
2025-08-16,M039,P03,T01,202655.31
2025-08-16,M040,P04,T03,153843.37
2025-08-16,M041,P01,T01,285658.26
2025-08-16,M042,P02,T03,213659.53
2025-08-16,M043,P03,T01,178970.19
2025-08-16,M044,P04,T03,142561.83
2025-08-16,M045,P01,T01,260176.77
2025-08-16,M046,P02,T03,209239.38
2025-08-16,M047,P03,T01,222565.24
2025-08-16,M048,P04,T03,174926.46
2025-08-17,M001,P02,T02,84948.11
2025-08-17,M002,P03,T04,61745.23
2025-08-17,M003,P04,T02,87120.75
2025-08-17,M004,P01,T04,100721.61
2025-08-17,M005,P02,T02,149793.29
2025-08-17,M006,P03,T04,112446.73
2025-08-17,M007,P04,T02,138629.81
2025-08-17,M008,P01,T04,86760.53
2025-08-17,M009,P02,T02,127032.4
2025-08-17,M010,P03,T04,89715.28
2025-08-17,M011,P04,T02,123986.46
2025-08-17,M012,P01,T04,134086.37
2025-08-17,M013,P02,T02,184525.11
2025-08-17,M014,P03,T04,134251.1
2025-08-17,M015,P04,T02,96919.84
2025-08-17,M016,P01,T04,122429.96
2025-08-17,M017,P02,T02,153822.62
2025-08-17,M018,P03,T04,123257.23
2025-08-17,M019,P04,T02,159164.99
2025-08-17,M020,P01,T04,156832.9
2025-08-17,M021,P02,T02,217860.81
2025-08-17,M022,P03,T04,97798.8
2025-08-17,M023,P04,T02,143421.44
2025-08-17,M024,P01,T04,137185.6
2025-08-17,M025,P02,T02,200960.65
2025-08-17,M026,P03,T04,150969.91
2025-08-17,M027,P04,T02,181628.22
2025-08-17,M028,P01,T04,198206.71
2025-08-17,M029,P02,T02,164954.18
2025-08-17,M030,P03,T04,122735.4
2025-08-17,M031,P04,T02,168107.95
2025-08-17,M032,P01,T04,190337.52
2025-08-17,M033,P02,T02,240780.27
2025-08-17,M034,P03,T04,159570.66
2025-08-17,M035,P04,T02,230289.47
2025-08-17,M036,P01,T04,162898.38
2025-08-17,M037,P02,T02,204367.69
2025-08-17,M038,P03,T04,156801.6
2025-08-17,M039,P04,T02,189684.62
2025-08-17,M040,P01,T04,202033.86
2025-08-17,M041,P02,T02,263309.41
2025-08-17,M042,P03,T04,186128.85
2025-08-17,M043,P04,T02,161822.03
2025-08-17,M044,P01,T04,189609.06
2025-08-17,M045,P02,T02,252623.91
2025-08-17,M046,P03,T04,182829.03
2025-08-17,M047,P04,T02,208895.81
2025-08-17,M048,P01,T04,253875.62
2025-08-18,M001,P03,T03,56125.79
2025-08-18,M002,P04,T01,97370.62
2025-08-18,M003,P01,T03,87411.25
2025-08-18,M004,P02,T01,165721.51
2025-08-18,M005,P03,T03,88424.46
2025-08-18,M006,P04,T01,170155.59
2025-08-18,M007,P01,T03,135555.69
2025-08-18,M008,P02,T01,139271.23
2025-08-18,M009,P03,T03,72101.16
2025-08-18,M010,P04,T01,154150.03
2025-08-18,M011,P01,T03,107695.5
2025-08-18,M012,P02,T01,224249.32
2025-08-18,M013,P03,T03,108787.3
2025-08-18,M014,P04,T01,221410.61
2025-08-18,M015,P01,T03,98808.86
2025-08-18,M016,P02,T01,193415.26
2025-08-18,M017,P03,T03,105401.58
2025-08-18,M018,P04,T01,177508.33
2025-08-18,M019,P01,T03,139545.43
2025-08-18,M020,P02,T01,260279.69
2025-08-18,M021,P03,T03,141161.51
2025-08-18,M022,P04,T01,148344.64
2025-08-18,M023,P01,T03,129540.94
2025-08-18,M024,P02,T01,230088.52
2025-08-18,M025,P03,T03,129525.86
2025-08-18,M026,P04,T01,238311.39
2025-08-18,M027,P01,T03,179086.63
2025-08-18,M028,P02,T01,304241.49
2025-08-18,M029,P03,T03,99504.67
2025-08-18,M030,P04,T01,197453.78
2025-08-18,M031,P01,T03,155817.67
2025-08-18,M032,P02,T01,256811.11
2025-08-18,M033,P03,T03,132636.89
2025-08-18,M034,P04,T01,265432.67
2025-08-18,M035,P01,T03,207746.57
2025-08-18,M036,P02,T01,267300.88
2025-08-18,M037,P03,T03,122557.89
2025-08-18,M038,P04,T01,249957.74
2025-08-18,M039,P01,T03,174188.26
2025-08-18,M040,P02,T01,343669.79
2025-08-18,M041,P03,T03,172907.87
2025-08-18,M042,P04,T01,294059.5
2025-08-18,M043,P01,T03,168312.92
2025-08-18,M044,P02,T01,309806.03
2025-08-18,M045,P03,T03,142800.04
2025-08-18,M046,P04,T01,266493.87
2025-08-18,M047,P01,T03,214794.19
2025-08-18,M048,P02,T01,357559.79
2025-08-19,M001,P04,T04,70457.31
2025-08-19,M002,P01,T02,100818.9
2025-08-19,M003,P02,T04,122942.56
2025-08-19,M004,P03,T02,97192.1
2025-08-19,M005,P04,T04,126610.29
2025-08-19,M006,P01,T02,147394.08
2025-08-19,M007,P02,T04,192097.31
2025-08-19,M008,P03,T02,78531.96
2025-08-19,M009,P04,T04,101865.93
2025-08-19,M010,P01,T02,128242.63
2025-08-19,M011,P02,T04,161165.44
2025-08-19,M012,P03,T02,130692.53
2025-08-19,M013,P04,T04,158637.07
2025-08-19,M014,P01,T02,202312.78
2025-08-19,M015,P02,T04,128739.66
2025-08-19,M016,P03,T02,119524.12
2025-08-19,M017,P04,T04,130889.97
2025-08-19,M018,P01,T02,175530.24
2025-08-19,M019,P02,T04,184457.6
2025-08-19,M020,P03,T02,159551.99
2025-08-19,M021,P04,T04,171525.47
2025-08-19,M022,P01,T02,140099.27
2025-08-19,M023,P02,T04,181107.6
2025-08-19,M024,P03,T02,151228.14
2025-08-19,M025,P04,T04,172534.31
2025-08-19,M026,P01,T02,216603.33
2025-08-19,M027,P02,T04,223770.57
2025-08-19,M028,P03,T02,177806.08
2025-08-19,M029,P04,T04,143695.68
2025-08-19,M030,P01,T02,169871.77
2025-08-19,M031,P02,T04,224567.92
2025-08-19,M032,P03,T02,175250.82
2025-08-19,M033,P04,T04,205333.3
2025-08-19,M034,P01,T02,222722.07
2025-08-19,M035,P02,T04,262894.25
2025-08-19,M036,P03,T02,149858.47
2025-08-19,M037,P04,T04,163616.74
2025-08-19,M038,P01,T02,203830.79
2025-08-19,M039,P02,T04,233892.98
2025-08-19,M040,P03,T02,191816.28
2025-08-19,M041,P04,T04,222488.95
2025-08-19,M042,P01,T02,276284.52
2025-08-19,M043,P02,T04,238257.7
2025-08-19,M044,P03,T02,193069.92
2025-08-19,M045,P04,T04,218734.34
2025-08-19,M046,P01,T02,267776.69
2025-08-19,M047,P02,T04,302167.1
2025-08-19,M048,P03,T02,238454.15
2025-08-20,M001,P01,T01,96176.35
2025-08-20,M002,P02,T03,89589.99
2025-08-20,M003,P03,T01,106091.64
2025-08-20,M004,P04,T03,96092.63
2025-08-20,M005,P01,T01,173707.73
2025-08-20,M006,P02,T03,149980.95
2025-08-20,M007,P03,T01,162074.4
2025-08-20,M008,P04,T03,71675.52
2025-08-20,M009,P01,T01,127220.58
2025-08-20,M010,P02,T03,127781.67
2025-08-20,M011,P03,T01,132660.28
2025-08-20,M012,P04,T03,110343.87
2025-08-20,M013,P01,T01,192480.54
2025-08-20,M014,P02,T03,175043.12
2025-08-20,M015,P03,T01,120570.65
2025-08-20,M016,P04,T03,100938.03
2025-08-20,M017,P01,T01,167225.06
2025-08-20,M018,P02,T03,145860.98
2025-08-20,M019,P03,T01,159880.13
2025-08-20,M020,P04,T03,147818.19
2025-08-20,M021,P01,T01,256318.6
2025-08-20,M022,P02,T03,137144.36
2025-08-20,M023,P03,T01,163096.11
2025-08-20,M024,P04,T03,127433.35
2025-08-20,M025,P01,T01,205446.52
2025-08-20,M026,P02,T03,180787.74
2025-08-20,M027,P03,T01,212197.15
2025-08-20,M028,P04,T03,158582.98
2025-08-20,M029,P01,T01,184640.51
2025-08-20,M030,P02,T03,160690.89
2025-08-20,M031,P03,T01,179103.61
2025-08-20,M032,P04,T03,155854.72
2025-08-20,M033,P01,T01,252432.53
2025-08-20,M034,P02,T03,217401.63
2025-08-20,M035,P03,T01,243324.38
2025-08-20,M036,P04,T03,142778.48
2025-08-20,M037,P01,T01,221905.72
2025-08-20,M038,P02,T03,186222.8
2025-08-20,M039,P03,T01,202843.99
2025-08-20,M040,P04,T03,171761.45
2025-08-20,M041,P01,T01,324755.62
2025-08-20,M042,P02,T03,228995.6
2025-08-20,M043,P03,T01,194549.48
2025-08-20,M044,P04,T03,156682.66
2025-08-20,M045,P01,T01,274637.39
2025-08-20,M046,P02,T03,238799.24
2025-08-20,M047,P03,T01,253943.92
2025-08-20,M048,P04,T03,194731.88
2025-08-21,M001,P02,T02,88167.14
2025-08-21,M002,P03,T04,73928.21
2025-08-21,M003,P04,T02,105684.72
2025-08-21,M004,P01,T04,114093.94
2025-08-21,M005,P02,T02,161898.76
2025-08-21,M006,P03,T04,115762.6
2025-08-21,M007,P04,T02,168288.71
2025-08-21,M008,P01,T04,97954.31
2025-08-21,M009,P02,T02,144338.26
2025-08-21,M010,P03,T04,97993.94
2025-08-21,M011,P04,T02,143923.91
2025-08-21,M012,P01,T04,146667.67
2025-08-21,M013,P02,T02,204328.44
2025-08-21,M014,P03,T04,137421.39
2025-08-21,M015,P04,T02,115792.86
2025-08-21,M016,P01,T04,126300.19
2025-08-21,M017,P02,T02,167954.37
2025-08-21,M018,P03,T04,136378.34
2025-08-21,M019,P04,T02,169946.86
2025-08-21,M020,P01,T04,177353.23
2025-08-21,M021,P02,T02,258770.87
2025-08-21,M022,P03,T04,111450.73
2025-08-21,M023,P04,T02,148069.1
2025-08-21,M024,P01,T04,173835.97
2025-08-21,M025,P02,T02,220500.68
2025-08-21,M026,P03,T04,143059.84
2025-08-21,M027,P04,T02,207246.41
2025-08-21,M028,P01,T04,203505.43
2025-08-21,M029,P02,T02,204495.77
2025-08-21,M030,P03,T04,147080.94
2025-08-21,M031,P04,T02,186698.2
2025-08-21,M032,P01,T04,181990.93
2025-08-21,M033,P02,T02,240763.36
2025-08-21,M034,P03,T04,174920.2
2025-08-21,M035,P04,T02,225340.32
2025-08-21,M036,P01,T04,178109.24
2025-08-21,M037,P02,T02,232740.03
2025-08-21,M038,P03,T04,153886.13
2025-08-21,M039,P04,T02,203772.95
2025-08-21,M040,P01,T04,239949.4
2025-08-21,M041,P02,T02,309303.84
2025-08-21,M042,P03,T04,223790.38
2025-08-21,M043,P04,T02,208090.28
2025-08-21,M044,P01,T04,196809.31
2025-08-21,M045,P02,T02,291840.38
2025-08-21,M046,P03,T04,187157.57
2025-08-21,M047,P04,T02,243653.41
2025-08-21,M048,P01,T04,284885.27
2025-08-22,M001,P03,T03,52402.17
2025-08-22,M002,P04,T01,99601.15
2025-08-22,M003,P01,T03,95096.99
2025-08-22,M004,P02,T01,177934.94
2025-08-22,M005,P03,T03,86292.14
2025-08-22,M006,P04,T01,159232.98
2025-08-22,M007,P01,T03,129492.65
2025-08-22,M008,P02,T01,138929.34
2025-08-22,M009,P03,T03,77020.76
2025-08-22,M010,P04,T01,142316.94
2025-08-22,M011,P01,T03,124529.29
2025-08-22,M012,P02,T01,205679.26
2025-08-22,M013,P03,T03,108894.53
2025-08-22,M014,P04,T01,196380.02
2025-08-22,M015,P01,T03,101342.69
2025-08-22,M016,P02,T01,180863.03
2025-08-22,M017,P03,T03,100892.11
2025-08-22,M018,P04,T01,186434.96
2025-08-22,M019,P01,T03,139103.6
2025-08-22,M020,P02,T01,258893.56
2025-08-22,M021,P03,T03,138400.35
2025-08-22,M022,P04,T01,157393.41
2025-08-22,M023,P01,T03,120403.86
2025-08-22,M024,P02,T01,240100.43
2025-08-22,M025,P03,T03,124953.56
2025-08-22,M026,P04,T01,211148.94
2025-08-22,M027,P01,T03,164676.79
2025-08-22,M028,P02,T01,310277.44
2025-08-22,M029,P03,T03,101367.95
2025-08-22,M030,P04,T01,183869.64
2025-08-22,M031,P01,T03,151438.22
2025-08-22,M032,P02,T01,271172.22
2025-08-22,M033,P03,T03,138405.78
2025-08-22,M034,P04,T01,277440.28
2025-08-22,M035,P01,T03,205495.34
2025-08-22,M036,P02,T01,257099.24
2025-08-22,M037,P03,T03,120686.03
2025-08-22,M038,P04,T01,217998.2
2025-08-22,M039,P01,T03,186068.88
2025-08-22,M040,P02,T01,336468.12
2025-08-22,M041,P03,T03,174349.43
2025-08-22,M042,P04,T01,309889.63
2025-08-22,M043,P01,T03,176540.56
2025-08-22,M044,P02,T01,293733.72
2025-08-22,M045,P03,T03,152281.0
2025-08-22,M046,P04,T01,268051.89
2025-08-22,M047,P01,T03,212281.16
2025-08-22,M048,P02,T01,368154.48
2025-08-23,M001,P04,T04,66224.61
2025-08-23,M002,P01,T02,83021.66
2025-08-23,M003,P02,T04,102969.15
2025-08-23,M004,P03,T02,96277.99
2025-08-23,M005,P04,T04,105843.3
2025-08-23,M006,P01,T02,134088.63
2025-08-23,M007,P02,T04,159024.05
2025-08-23,M008,P03,T02,76096.39
2025-08-23,M009,P04,T04,86589.41
2025-08-23,M010,P01,T02,113615.1
2025-08-23,M011,P02,T04,143379.79
2025-08-23,M012,P03,T02,115484.4
2025-08-23,M013,P04,T04,140687.27
2025-08-23,M014,P01,T02,175591.62
2025-08-23,M015,P02,T04,126882.36
2025-08-23,M016,P03,T02,97549.12
2025-08-23,M017,P04,T04,113528.84
2025-08-23,M018,P01,T02,154781.53
2025-08-23,M019,P02,T04,175328.2
2025-08-23,M020,P03,T02,141131.58
2025-08-23,M021,P04,T04,154315.89
2025-08-23,M022,P01,T02,139657.16
2025-08-23,M023,P02,T04,163704.22
2025-08-23,M024,P03,T02,126616.2
2025-08-23,M025,P04,T04,144820.9
2025-08-23,M026,P01,T02,178851.92
2025-08-23,M027,P02,T04,195051.6
2025-08-23,M028,P03,T02,170070.28
2025-08-23,M029,P04,T04,129871.09
2025-08-23,M030,P01,T02,156448.81
2025-08-23,M031,P02,T04,186256.15
2025-08-23,M032,P03,T02,164527.12
2025-08-23,M033,P04,T04,181118.26
2025-08-23,M034,P01,T02,224145.47
2025-08-23,M035,P02,T04,262284.63
2025-08-23,M036,P03,T02,133532.74
2025-08-23,M037,P04,T04,157101.91
2025-08-23,M038,P01,T02,197087.91
2025-08-23,M039,P02,T04,233478.38
2025-08-23,M040,P03,T02,166366.36
2025-08-23,M041,P04,T04,195132.95
2025-08-23,M042,P01,T02,261547.26
2025-08-23,M043,P02,T04,210952.3
2025-08-23,M044,P03,T02,163229.6
2025-08-23,M045,P04,T04,180113.1
2025-08-23,M046,P01,T02,223064.75
2025-08-23,M047,P02,T04,260006.35
2025-08-23,M048,P03,T02,205790.68
2025-08-24,M001,P01,T01,91153.01
2025-08-24,M002,P02,T03,79786.68
2025-08-24,M003,P03,T01,87586.45
2025-08-24,M004,P04,T03,80082.65
2025-08-24,M005,P01,T01,146881.8
2025-08-24,M006,P02,T03,131005.24
2025-08-24,M007,P03,T01,135067.61
2025-08-24,M008,P04,T03,69174.63
2025-08-24,M009,P01,T01,116418.05
2025-08-24,M010,P02,T03,106546.06
2025-08-24,M011,P03,T01,118451.17
2025-08-24,M012,P04,T03,107600.88
2025-08-24,M013,P01,T01,171216.47
2025-08-24,M014,P02,T03,143360.44
2025-08-24,M015,P03,T01,114247.73
2025-08-24,M016,P04,T03,94714.71
2025-08-24,M017,P01,T01,168373.04
2025-08-24,M018,P02,T03,129079.98
2025-08-24,M019,P03,T01,167354.15
2025-08-24,M020,P04,T03,135814.76
2025-08-24,M021,P01,T01,215809.36
2025-08-24,M022,P02,T03,119025.98
2025-08-24,M023,P03,T01,147153.23
2025-08-24,M024,P04,T03,122735.56
2025-08-24,M025,P01,T01,187706.38
2025-08-24,M026,P02,T03,159478.06
2025-08-24,M027,P03,T01,171961.34
2025-08-24,M028,P04,T03,143996.05
2025-08-24,M029,P01,T01,185344.61
2025-08-24,M030,P02,T03,139290.77
2025-08-24,M031,P03,T01,160149.78
2025-08-24,M032,P04,T03,144914.39
2025-08-24,M033,P01,T01,249328.88
2025-08-24,M034,P02,T03,188508.93
2025-08-24,M035,P03,T01,225127.24
2025-08-24,M036,P04,T03,123734.85
2025-08-24,M037,P01,T01,218993.94
2025-08-24,M038,P02,T03,170886.12
2025-08-24,M039,P03,T01,182504.99
2025-08-24,M040,P04,T03,153464.98
2025-08-24,M041,P01,T01,289865.69
2025-08-24,M042,P02,T03,224014.81
2025-08-24,M043,P03,T01,166758.38
2025-08-24,M044,P04,T03,151902.73
2025-08-24,M045,P01,T01,252564.82
2025-08-24,M046,P02,T03,199594.55
2025-08-24,M047,P03,T01,236947.87
2025-08-24,M048,P04,T03,194129.94
2025-08-25,M001,P02,T02,87447.45
2025-08-25,M002,P03,T04,72306.5
2025-08-25,M003,P04,T02,97248.84
2025-08-25,M004,P01,T04,110207.99
2025-08-25,M005,P02,T02,172772.71
2025-08-25,M006,P03,T04,109282.17
2025-08-25,M007,P04,T02,165551.89
2025-08-25,M008,P01,T04,101351.93
2025-08-25,M009,P02,T02,134939.15
2025-08-25,M010,P03,T04,106136.75
2025-08-25,M011,P04,T02,128484.98
2025-08-25,M012,P01,T04,144037.95
2025-08-25,M013,P02,T02,189143.4
2025-08-25,M014,P03,T04,141080.3
2025-08-25,M015,P04,T02,115978.61
2025-08-25,M016,P01,T04,136070.02
2025-08-25,M017,P02,T02,168001.3
2025-08-25,M018,P03,T04,120784.1
2025-08-25,M019,P04,T02,163521.27
2025-08-25,M020,P01,T04,194653.45
2025-08-25,M021,P02,T02,256567.99
2025-08-25,M022,P03,T04,117032.01
2025-08-25,M023,P04,T02,145061.0
2025-08-25,M024,P01,T04,155273.82
2025-08-25,M025,P02,T02,198730.45
2025-08-25,M026,P03,T04,146619.82
2025-08-25,M027,P04,T02,201802.19
2025-08-25,M028,P01,T04,235514.53
2025-08-25,M029,P02,T02,202159.2
2025-08-25,M030,P03,T04,140166.37
2025-08-25,M031,P04,T02,197320.2
2025-08-25,M032,P01,T04,200935.68
2025-08-25,M033,P02,T02,265644.83
2025-08-25,M034,P03,T04,194909.04
2025-08-25,M035,P04,T02,247478.75
2025-08-25,M036,P01,T04,169020.26
2025-08-25,M037,P02,T02,238805.46
2025-08-25,M038,P03,T04,153556.09
2025-08-25,M039,P04,T02,201757.44
2025-08-25,M040,P01,T04,236883.17
2025-08-25,M041,P02,T02,312194.71
2025-08-25,M042,P03,T04,199770.44
2025-08-25,M043,P04,T02,203747.75
2025-08-25,M044,P01,T04,210760.04
2025-08-25,M045,P02,T02,259509.5
2025-08-25,M046,P03,T04,194928.21
2025-08-25,M047,P04,T02,259391.98
2025-08-25,M048,P01,T04,260890.18
2025-08-26,M001,P03,T03,54012.82
2025-08-26,M002,P04,T01,106604.42
2025-08-26,M003,P01,T03,87533.82
2025-08-26,M004,P02,T01,163435.33
2025-08-26,M005,P03,T03,96103.21
2025-08-26,M006,P04,T01,168717.23
2025-08-26,M007,P01,T03,134301.45
2025-08-26,M008,P02,T01,146016.69
2025-08-26,M009,P03,T03,74029.15
2025-08-26,M010,P04,T01,138228.53
2025-08-26,M011,P01,T03,121853.52
2025-08-26,M012,P02,T01,216737.69
2025-08-26,M013,P03,T03,110799.87
2025-08-26,M014,P04,T01,193742.99
2025-08-26,M015,P01,T03,91235.72
2025-08-26,M016,P02,T01,172932.88
2025-08-26,M017,P03,T03,103353.51
2025-08-26,M018,P04,T01,188226.67
2025-08-26,M019,P01,T03,144340.82
2025-08-26,M020,P02,T01,245343.66
2025-08-26,M021,P03,T03,129291.39
2025-08-26,M022,P04,T01,166926.61
2025-08-26,M023,P01,T03,118976.34
2025-08-26,M024,P02,T01,242521.52
2025-08-26,M025,P03,T03,120748.16
2025-08-26,M026,P04,T01,217802.85
2025-08-26,M027,P01,T03,159649.84
2025-08-26,M028,P02,T01,319469.57
2025-08-26,M029,P03,T03,98692.48
2025-08-26,M030,P04,T01,184355.28
2025-08-26,M031,P01,T03,159474.51
2025-08-26,M032,P02,T01,272910.88
2025-08-26,M033,P03,T03,136301.99
2025-08-26,M034,P04,T01,252217.28
2025-08-26,M035,P01,T03,184652.8
2025-08-26,M036,P02,T01,232005.82
2025-08-26,M037,P03,T03,121273.84
2025-08-26,M038,P04,T01,229475.58
2025-08-26,M039,P01,T03,172309.74
2025-08-26,M040,P02,T01,347211.55
2025-08-26,M041,P03,T03,162306.97
2025-08-26,M042,P04,T01,282401.35
2025-08-26,M043,P01,T03,166183.76
2025-08-26,M044,P02,T01,276792.58
2025-08-26,M045,P03,T03,142234.27
2025-08-26,M046,P04,T01,277875.62
2025-08-26,M047,P01,T03,216813.52
2025-08-26,M048,P02,T01,379813.93
2025-08-27,M001,P04,T04,69774.0
2025-08-27,M002,P01,T02,91152.71
2025-08-27,M003,P02,T04,119894.63
2025-08-27,M004,P03,T02,109064.87
2025-08-27,M005,P04,T04,127136.28
2025-08-27,M006,P01,T02,167450.14
2025-08-27,M007,P02,T04,188802.77
2025-08-27,M008,P03,T02,78789.79
2025-08-27,M009,P04,T04,100128.41
2025-08-27,M010,P01,T02,127500.27
2025-08-27,M011,P02,T04,160415.59
2025-08-27,M012,P03,T02,134934.5
2025-08-27,M013,P04,T04,153186.08
2025-08-27,M014,P01,T02,198158.13
2025-08-27,M015,P02,T04,127914.56
2025-08-27,M016,P03,T02,107809.64
2025-08-27,M017,P04,T04,135564.55
2025-08-27,M018,P01,T02,167436.48
2025-08-27,M019,P02,T04,184068.55
2025-08-27,M020,P03,T02,163280.96
2025-08-27,M021,P04,T04,179935.18
2025-08-27,M022,P01,T02,142686.16
2025-08-27,M023,P02,T04,174029.54
2025-08-27,M024,P03,T02,147376.4
2025-08-27,M025,P04,T04,160600.88
2025-08-27,M026,P01,T02,218394.54
2025-08-27,M027,P02,T04,234904.88
2025-08-27,M028,P03,T02,196810.22
2025-08-27,M029,P04,T04,143586.55
2025-08-27,M030,P01,T02,183844.74
2025-08-27,M031,P02,T04,193444.37
2025-08-27,M032,P03,T02,175218.14
2025-08-27,M033,P04,T04,207328.72
2025-08-27,M034,P01,T02,248089.63
2025-08-27,M035,P02,T04,250632.75
2025-08-27,M036,P03,T02,153854.91
2025-08-27,M037,P04,T04,166066.46
2025-08-27,M038,P01,T02,228630.63
2025-08-27,M039,P02,T04,227887.38
2025-08-27,M040,P03,T02,190334.91
2025-08-27,M041,P04,T04,218621.67
2025-08-27,M042,P01,T02,291709.42
2025-08-27,M043,P02,T04,232181.19
2025-08-27,M044,P03,T02,172362.46
2025-08-27,M045,P04,T04,192920.24
2025-08-27,M046,P01,T02,235394.64
2025-08-27,M047,P02,T04,301096.09
2025-08-27,M048,P03,T02,227551.14
2025-08-28,M001,P01,T01,91561.84
2025-08-28,M002,P02,T03,85101.77
2025-08-28,M003,P03,T01,108000.48
2025-08-28,M004,P04,T03,90332.08
2025-08-28,M005,P01,T01,164506.46
2025-08-28,M006,P02,T03,138310.93
2025-08-28,M007,P03,T01,149412.82
2025-08-28,M008,P04,T03,80477.49
2025-08-28,M009,P01,T01,135587.36
2025-08-28,M010,P02,T03,112095.99
2025-08-28,M011,P03,T01,134551.55
2025-08-28,M012,P04,T03,114648.82
2025-08-28,M013,P01,T01,205999.54
2025-08-28,M014,P02,T03,164266.23
2025-08-28,M015,P03,T01,118982.76
2025-08-28,M016,P04,T03,103654.28
2025-08-28,M017,P01,T01,191614.27
2025-08-28,M018,P02,T03,156450.22
2025-08-28,M019,P03,T01,167748.87
2025-08-28,M020,P04,T03,152617.98
2025-08-28,M021,P01,T01,230848.33
2025-08-28,M022,P02,T03,121545.38
2025-08-28,M023,P03,T01,146293.65
2025-08-28,M024,P04,T03,124584.47
2025-08-28,M025,P01,T01,214599.05
2025-08-28,M026,P02,T03,185287.01
2025-08-28,M027,P03,T01,211997.42
2025-08-28,M028,P04,T03,157621.27
2025-08-28,M029,P01,T01,182510.2
2025-08-28,M030,P02,T03,159913.58
2025-08-28,M031,P03,T01,180158.81
2025-08-28,M032,P04,T03,142679.74
2025-08-28,M033,P01,T01,271146.3
2025-08-28,M034,P02,T03,206668.42
2025-08-28,M035,P03,T01,229435.16
2025-08-28,M036,P04,T03,133147.68
2025-08-28,M037,P01,T01,254096.56
2025-08-28,M038,P02,T03,186463.4
2025-08-28,M039,P03,T01,201141.29
2025-08-28,M040,P04,T03,188893.23
2025-08-28,M041,P01,T01,318690.23
2025-08-28,M042,P02,T03,259432.36
2025-08-28,M043,P03,T01,187285.3
2025-08-28,M044,P04,T03,159724.24
2025-08-28,M045,P01,T01,279846.47
2025-08-28,M046,P02,T03,240207.31
2025-08-28,M047,P03,T01,240615.77
2025-08-28,M048,P04,T03,194981.87
2025-08-29,M001,P02,T02,89099.43
2025-08-29,M002,P03,T04,73291.55
2025-08-29,M003,P04,T02,105420.01
2025-08-29,M004,P01,T04,118193.51
2025-08-29,M005,P02,T02,165954.72
2025-08-29,M006,P03,T04,112630.62
2025-08-29,M007,P04,T02,170829.91
2025-08-29,M008,P01,T04,102387.86
2025-08-29,M009,P02,T02,145812.74
2025-08-29,M010,P03,T04,93175.0
2025-08-29,M011,P04,T02,133387.75
2025-08-29,M012,P01,T04,152790.2
2025-08-29,M013,P02,T02,198371.03
2025-08-29,M014,P03,T04,156265.2
2025-08-29,M015,P04,T02,118356.13
2025-08-29,M016,P01,T04,120892.23
2025-08-29,M017,P02,T02,172114.81
2025-08-29,M018,P03,T04,119143.44
2025-08-29,M019,P04,T02,170343.23
2025-08-29,M020,P01,T04,188933.34
2025-08-29,M021,P02,T02,259258.33
2025-08-29,M022,P03,T04,110708.51
2025-08-29,M023,P04,T02,144079.36
2025-08-29,M024,P01,T04,173721.23
2025-08-29,M025,P02,T02,199035.99
2025-08-29,M026,P03,T04,143502.71
2025-08-29,M027,P04,T02,196030.07
2025-08-29,M028,P01,T04,206161.7
2025-08-29,M029,P02,T02,187679.66
2025-08-29,M030,P03,T04,142356.9
2025-08-29,M031,P04,T02,189886.24
2025-08-29,M032,P01,T04,203828.61
2025-08-29,M033,P02,T02,274480.36
2025-08-29,M034,P03,T04,169112.0
2025-08-29,M035,P04,T02,223921.73
2025-08-29,M036,P01,T04,167122.42
2025-08-29,M037,P02,T02,244784.41
2025-08-29,M038,P03,T04,172140.33
2025-08-29,M039,P04,T02,213275.66
2025-08-29,M040,P01,T04,239954.11
2025-08-29,M041,P02,T02,316044.51
2025-08-29,M042,P03,T04,198949.39
2025-08-29,M043,P04,T02,187701.22
2025-08-29,M044,P01,T04,220349.37
2025-08-29,M045,P02,T02,282779.54
2025-08-29,M046,P03,T04,193547.96
2025-08-29,M047,P04,T02,248721.42
2025-08-29,M048,P01,T04,258993.83
2025-08-30,M001,P03,T03,47141.98
2025-08-30,M002,P04,T01,88474.12
2025-08-30,M003,P01,T03,76650.35
2025-08-30,M004,P02,T01,141321.6
2025-08-30,M005,P03,T03,74700.44
2025-08-30,M006,P04,T01,146900.55
2025-08-30,M007,P01,T03,114308.92
2025-08-30,M008,P02,T01,125463.43
2025-08-30,M009,P03,T03,65747.08
2025-08-30,M010,P04,T01,119734.15
2025-08-30,M011,P01,T03,107509.97
2025-08-30,M012,P02,T01,195367.36
2025-08-30,M013,P03,T03,100653.8
2025-08-30,M014,P04,T01,175380.06
2025-08-30,M015,P01,T03,85981.12
2025-08-30,M016,P02,T01,165027.31
2025-08-30,M017,P03,T03,93000.52
2025-08-30,M018,P04,T01,153103.95
2025-08-30,M019,P01,T03,139014.75
2025-08-30,M020,P02,T01,237326.54
2025-08-30,M021,P03,T03,131588.77
2025-08-30,M022,P04,T01,145988.25
2025-08-30,M023,P01,T03,116275.82
2025-08-30,M024,P02,T01,216730.62
2025-08-30,M025,P03,T03,114747.12
2025-08-30,M026,P04,T01,213908.65
2025-08-30,M027,P01,T03,154699.21
2025-08-30,M028,P02,T01,292389.09
2025-08-30,M029,P03,T03,95540.18
2025-08-30,M030,P04,T01,187454.14
2025-08-30,M031,P01,T03,135286.61
2025-08-30,M032,P02,T01,258340.48
2025-08-30,M033,P03,T03,125758.2
2025-08-30,M034,P04,T01,215414.78
2025-08-30,M035,P01,T03,190155.12
2025-08-30,M036,P02,T01,220323.7
2025-08-30,M037,P03,T03,119013.73
2025-08-30,M038,P04,T01,221423.27
2025-08-30,M039,P01,T03,166990.42
2025-08-30,M040,P02,T01,315018.4
2025-08-30,M041,P03,T03,140479.94
2025-08-30,M042,P04,T01,261168.4
2025-08-30,M043,P01,T03,137225.73
2025-08-30,M044,P02,T01,262112.91
2025-08-30,M045,P03,T03,143586.73
2025-08-30,M046,P04,T01,259298.02
2025-08-30,M047,P01,T03,203096.21
2025-08-30,M048,P02,T01,336481.65
2025-08-31,M001,P04,T04,64378.4
2025-08-31,M002,P01,T02,89890.92
2025-08-31,M003,P02,T04,108233.18
2025-08-31,M004,P03,T02,96462.86
2025-08-31,M005,P04,T04,108758.14
2025-08-31,M006,P01,T02,133833.83
2025-08-31,M007,P02,T04,174660.78
2025-08-31,M008,P03,T02,77118.03
2025-08-31,M009,P04,T04,88213.79
2025-08-31,M010,P01,T02,120508.17
2025-08-31,M011,P02,T04,141556.75
2025-08-31,M012,P03,T02,122286.41
2025-08-31,M013,P04,T04,129947.09
2025-08-31,M014,P01,T02,166711.0
2025-08-31,M015,P02,T04,120498.43
2025-08-31,M016,P03,T02,101377.84
2025-08-31,M017,P04,T04,117500.41
2025-08-31,M018,P01,T02,143369.88
2025-08-31,M019,P02,T04,186862.78
2025-08-31,M020,P03,T02,135834.03
2025-08-31,M021,P04,T04,160532.03
2025-08-31,M022,P01,T02,139521.96
2025-08-31,M023,P02,T04,165636.36
2025-08-31,M024,P03,T02,119275.03
2025-08-31,M025,P04,T04,145892.09
2025-08-31,M026,P01,T02,173605.95
2025-08-31,M027,P02,T04,202967.55
2025-08-31,M028,P03,T02,171327.83
2025-08-31,M029,P04,T04,135586.44
2025-08-31,M030,P01,T02,166454.09
2025-08-31,M031,P02,T04,175171.56
2025-08-31,M032,P03,T02,163806.96
2025-08-31,M033,P04,T04,168493.41
2025-08-31,M034,P01,T02,230999.21
2025-08-31,M035,P02,T04,257714.43
2025-08-31,M036,P03,T02,137576.71
2025-08-31,M037,P04,T04,171171.52
2025-08-31,M038,P01,T02,209179.8
2025-08-31,M039,P02,T04,234987.95
2025-08-31,M040,P03,T02,169473.85
2025-08-31,M041,P04,T04,203293.39
2025-08-31,M042,P01,T02,231256.39
2025-08-31,M043,P02,T04,213839.63
2025-08-31,M044,P03,T02,161844.8
2025-08-31,M045,P04,T04,200339.05
2025-08-31,M046,P01,T02,244351.91
2025-08-31,M047,P02,T04,250015.61
2025-08-31,M048,P03,T02,211447.52
2025-09-01,M001,P02,T02,95516.1
2025-09-01,M002,P03,T04,70102.98
2025-09-01,M003,P04,T02,102399.12
2025-09-01,M004,P01,T04,122808.12
2025-09-01,M005,P02,T02,153654.05
2025-09-01,M006,P03,T04,117313.86
2025-09-01,M007,P04,T02,154026.29
2025-09-01,M008,P01,T04,100066.37
2025-09-01,M009,P02,T02,134309.05
2025-09-01,M010,P03,T04,97388.13
2025-09-01,M011,P04,T02,128769.75
2025-09-01,M012,P01,T04,138587.84
2025-09-01,M013,P02,T02,194433.0
2025-09-01,M014,P03,T04,142145.36
2025-09-01,M015,P04,T02,106502.42
2025-09-01,M016,P01,T04,126519.77
2025-09-01,M017,P02,T02,172015.89
2025-09-01,M018,P03,T04,127756.63
2025-09-01,M019,P04,T02,171198.62
2025-09-01,M020,P01,T04,175667.27
2025-09-01,M021,P02,T02,230282.9
2025-09-01,M022,P03,T04,111386.26
2025-09-01,M023,P04,T02,149343.66
2025-09-01,M024,P01,T04,163900.47
2025-09-01,M025,P02,T02,201971.48
2025-09-01,M026,P03,T04,142069.16
2025-09-01,M027,P04,T02,195320.22
2025-09-01,M028,P01,T04,209737.11
2025-09-01,M029,P02,T02,195983.17
2025-09-01,M030,P03,T04,131315.98
2025-09-01,M031,P04,T02,184950.78
2025-09-01,M032,P01,T04,184386.14
2025-09-01,M033,P02,T02,235350.74
2025-09-01,M034,P03,T04,187380.63
2025-09-01,M035,P04,T02,212998.58
2025-09-01,M036,P01,T04,164969.56
2025-09-01,M037,P02,T02,242507.0
2025-09-01,M038,P03,T04,164059.67
2025-09-01,M039,P04,T02,216327.72
2025-09-01,M040,P01,T04,211238.57
2025-09-01,M041,P02,T02,289041.05
2025-09-01,M042,P03,T04,217228.12
2025-09-01,M043,P04,T02,189608.98
2025-09-01,M044,P01,T04,206667.46
2025-09-01,M045,P02,T02,266361.54
2025-09-01,M046,P03,T04,178716.0
2025-09-01,M047,P04,T02,238275.0
2025-09-01,M048,P01,T04,257222.43
2025-09-02,M001,P03,T03,54144.69
2025-09-02,M002,P04,T01,106910.7
2025-09-02,M003,P01,T03,82519.43
2025-09-02,M004,P02,T01,157848.78
2025-09-02,M005,P03,T03,88709.02
2025-09-02,M006,P04,T01,159236.07
2025-09-02,M007,P01,T03,119846.23
2025-09-02,M008,P02,T01,131000.16
2025-09-02,M009,P03,T03,73935.25
2025-09-02,M010,P04,T01,148844.21
2025-09-02,M011,P01,T03,106702.61
2025-09-02,M012,P02,T01,218917.22
2025-09-02,M013,P03,T03,108681.44
2025-09-02,M014,P04,T01,210031.27
2025-09-02,M015,P01,T03,96920.83
2025-09-02,M016,P02,T01,167455.47
2025-09-02,M017,P03,T03,88385.74
2025-09-02,M018,P04,T01,165470.87
2025-09-02,M019,P01,T03,129061.33
2025-09-02,M020,P02,T01,239903.97
2025-09-02,M021,P03,T03,136150.47
2025-09-02,M022,P04,T01,156740.62
2025-09-02,M023,P01,T03,116093.48
2025-09-02,M024,P02,T01,217991.48
2025-09-02,M025,P03,T03,111928.93
2025-09-02,M026,P04,T01,199673.41
2025-09-02,M027,P01,T03,160926.86
2025-09-02,M028,P02,T01,305848.55
2025-09-02,M029,P03,T03,100021.36
2025-09-02,M030,P04,T01,200724.98
2025-09-02,M031,P01,T03,146922.81
2025-09-02,M032,P02,T01,284521.2
2025-09-02,M033,P03,T03,142658.57
2025-09-02,M034,P04,T01,257742.21
2025-09-02,M035,P01,T03,183629.67
2025-09-02,M036,P02,T01,238804.49
2025-09-02,M037,P03,T03,120770.87
2025-09-02,M038,P04,T01,214252.17
2025-09-02,M039,P01,T03,187068.45
2025-09-02,M040,P02,T01,341733.56
2025-09-02,M041,P03,T03,173092.44
2025-09-02,M042,P04,T01,278988.73
2025-09-02,M043,P01,T03,156401.42
2025-09-02,M044,P02,T01,284425.45
2025-09-02,M045,P03,T03,144900.8
2025-09-02,M046,P04,T01,246694.0
2025-09-02,M047,P01,T03,198827.98
2025-09-02,M048,P02,T01,340235.36
2025-09-03,M001,P04,T04,65111.5
2025-09-03,M002,P01,T02,95485.69
2025-09-03,M003,P02,T04,110249.66
2025-09-03,M004,P03,T02,99380.89
2025-09-03,M005,P04,T04,124031.81
2025-09-03,M006,P01,T02,157107.5
2025-09-03,M007,P02,T04,169290.26
2025-09-03,M008,P03,T02,80645.18
2025-09-03,M009,P04,T04,95369.71
2025-09-03,M010,P01,T02,133612.16
2025-09-03,M011,P02,T04,150039.88
2025-09-03,M012,P03,T02,130116.13
2025-09-03,M013,P04,T04,153338.32
2025-09-03,M014,P01,T02,172831.21
2025-09-03,M015,P02,T04,134346.48
2025-09-03,M016,P03,T02,112377.39
2025-09-03,M017,P04,T04,128670.34
2025-09-03,M018,P01,T02,163199.78
2025-09-03,M019,P02,T04,199084.57
2025-09-03,M020,P03,T02,168423.72
2025-09-03,M021,P04,T04,191362.7
2025-09-03,M022,P01,T02,136528.95
2025-09-03,M023,P02,T04,167722.86
2025-09-03,M024,P03,T02,147762.88
2025-09-03,M025,P04,T04,173921.67
2025-09-03,M026,P01,T02,184716.82
2025-09-03,M027,P02,T04,222955.03
2025-09-03,M028,P03,T02,180952.76
2025-09-03,M029,P04,T04,135675.02
2025-09-03,M030,P01,T02,162928.85
2025-09-03,M031,P02,T04,192806.12
2025-09-03,M032,P03,T02,165409.54
2025-09-03,M033,P04,T04,187023.52
2025-09-03,M034,P01,T02,227862.53
2025-09-03,M035,P02,T04,282669.95
2025-09-03,M036,P03,T02,154927.85
2025-09-03,M037,P04,T04,178051.14
2025-09-03,M038,P01,T02,221907.54
2025-09-03,M039,P02,T04,225791.4
2025-09-03,M040,P03,T02,180996.0
2025-09-03,M041,P04,T04,238814.63
2025-09-03,M042,P01,T02,275700.78
2025-09-03,M043,P02,T04,226506.89
2025-09-03,M044,P03,T02,163437.35
2025-09-03,M045,P04,T04,208423.18
2025-09-03,M046,P01,T02,247075.66
2025-09-03,M047,P02,T04,271009.08
2025-09-03,M048,P03,T02,231620.82
2025-09-04,M001,P01,T01,93717.81
2025-09-04,M002,P02,T03,81329.98
2025-09-04,M003,P03,T01,98682.5
2025-09-04,M004,P04,T03,89283.87
2025-09-04,M005,P01,T01,166606.1
2025-09-04,M006,P02,T03,146134.69
2025-09-04,M007,P03,T01,153481.26
2025-09-04,M008,P04,T03,71226.51
2025-09-04,M009,P01,T01,139043.08
2025-09-04,M010,P02,T03,124067.11
2025-09-04,M011,P03,T01,137352.49
2025-09-04,M012,P04,T03,117267.27
2025-09-04,M013,P01,T01,186827.96
2025-09-04,M014,P02,T03,160122.54
2025-09-04,M015,P03,T01,112333.85
2025-09-04,M016,P04,T03,98395.78
2025-09-04,M017,P01,T01,173140.64
2025-09-04,M018,P02,T03,139159.93
2025-09-04,M019,P03,T01,178585.47
2025-09-04,M020,P04,T03,140528.46
2025-09-04,M021,P01,T01,245892.6
2025-09-04,M022,P02,T03,129823.47
2025-09-04,M023,P03,T01,144694.5
2025-09-04,M024,P04,T03,116352.22
2025-09-04,M025,P01,T01,198372.5
2025-09-04,M026,P02,T03,168418.81
2025-09-04,M027,P03,T01,194848.65
2025-09-04,M028,P04,T03,166092.94
2025-09-04,M029,P01,T01,197786.18
2025-09-04,M030,P02,T03,153430.83
2025-09-04,M031,P03,T01,169523.43
2025-09-04,M032,P04,T03,138331.71
2025-09-04,M033,P01,T01,245900.2
2025-09-04,M034,P02,T03,207390.48
2025-09-04,M035,P03,T01,241165.65
2025-09-04,M036,P04,T03,139404.29
2025-09-04,M037,P01,T01,222492.56
2025-09-04,M038,P02,T03,180768.65
2025-09-04,M039,P03,T01,209658.55
2025-09-04,M040,P04,T03,177428.14
2025-09-04,M041,P01,T01,286872.1
2025-09-04,M042,P02,T03,225086.89
2025-09-04,M043,P03,T01,190390.9
2025-09-04,M044,P04,T03,148543.27
2025-09-04,M045,P01,T01,284647.15
2025-09-04,M046,P02,T03,223345.89
2025-09-04,M047,P03,T01,256344.74
2025-09-04,M048,P04,T03,215641.9
2025-09-05,M001,P02,T02,95846.14
2025-09-05,M002,P03,T04,69316.66
2025-09-05,M003,P04,T02,106956.85
2025-09-05,M004,P01,T04,123369.08
2025-09-05,M005,P02,T02,167302.71
2025-09-05,M006,P03,T04,119207.19
2025-09-05,M007,P04,T02,163503.33
2025-09-05,M008,P01,T04,88249.58
2025-09-05,M009,P02,T02,121121.61
2025-09-05,M010,P03,T04,97761.54
2025-09-05,M011,P04,T02,126938.49
2025-09-05,M012,P01,T04,154848.73
2025-09-05,M013,P02,T02,208915.18
2025-09-05,M014,P03,T04,137873.25
2025-09-05,M015,P04,T02,115677.15
2025-09-05,M016,P01,T04,128952.96
2025-09-05,M017,P02,T02,159917.92
2025-09-05,M018,P03,T04,118964.58
2025-09-05,M019,P04,T02,153556.65
2025-09-05,M020,P01,T04,180307.31
2025-09-05,M021,P02,T02,250543.9
2025-09-05,M022,P03,T04,113388.92
2025-09-05,M023,P04,T02,139744.57
2025-09-05,M024,P01,T04,162834.91
2025-09-05,M025,P02,T02,223783.84
2025-09-05,M026,P03,T04,147278.13
2025-09-05,M027,P04,T02,209515.37
2025-09-05,M028,P01,T04,197021.33
2025-09-05,M029,P02,T02,176636.12
2025-09-05,M030,P03,T04,133541.04
2025-09-05,M031,P04,T02,174243.09
2025-09-05,M032,P01,T04,198230.6
2025-09-05,M033,P02,T02,244374.61
2025-09-05,M034,P03,T04,176780.39
2025-09-05,M035,P04,T02,240731.63
2025-09-05,M036,P01,T04,168245.29
2025-09-05,M037,P02,T02,218073.05
2025-09-05,M038,P03,T04,156101.26
2025-09-05,M039,P04,T02,217344.24
2025-09-05,M040,P01,T04,208818.0
2025-09-05,M041,P02,T02,266405.19
2025-09-05,M042,P03,T04,202972.56
2025-09-05,M043,P04,T02,193880.82
2025-09-05,M044,P01,T04,201612.73
2025-09-05,M045,P02,T02,271179.65
2025-09-05,M046,P03,T04,194282.65
2025-09-05,M047,P04,T02,245756.57
2025-09-05,M048,P01,T04,274735.24
2025-09-06,M001,P03,T03,44239.73
2025-09-06,M002,P04,T01,98544.24
2025-09-06,M003,P01,T03,76937.07
2025-09-06,M004,P02,T01,143706.62
2025-09-06,M005,P03,T03,72610.53
2025-09-06,M006,P04,T01,144503.59
2025-09-06,M007,P01,T03,125532.32
2025-09-06,M008,P02,T01,119545.09
2025-09-06,M009,P03,T03,66899.02
2025-09-06,M010,P04,T01,130130.31
2025-09-06,M011,P01,T03,101522.45
2025-09-06,M012,P02,T01,195278.75
2025-09-06,M013,P03,T03,104497.22
2025-09-06,M014,P04,T01,171075.75
2025-09-06,M015,P01,T03,86605.65
2025-09-06,M016,P02,T01,170065.41
2025-09-06,M017,P03,T03,87150.54
2025-09-06,M018,P04,T01,154075.29
2025-09-06,M019,P01,T03,117782.04
2025-09-06,M020,P02,T01,246615.7
2025-09-06,M021,P03,T03,114439.19
2025-09-06,M022,P04,T01,128289.54
2025-09-06,M023,P01,T03,119343.6
2025-09-06,M024,P02,T01,187538.99
2025-09-06,M025,P03,T03,113916.24
2025-09-06,M026,P04,T01,197227.26
2025-09-06,M027,P01,T03,156367.78
2025-09-06,M028,P02,T01,268748.96
2025-09-06,M029,P03,T03,88368.25
2025-09-06,M030,P04,T01,163008.3
2025-09-06,M031,P01,T03,137084.16
2025-09-06,M032,P02,T01,260013.02
2025-09-06,M033,P03,T03,134536.52
2025-09-06,M034,P04,T01,225339.07
2025-09-06,M035,P01,T03,183217.81
2025-09-06,M036,P02,T01,218399.53
2025-09-06,M037,P03,T03,104630.03
2025-09-06,M038,P04,T01,190622.26
2025-09-06,M039,P01,T03,160832.68
2025-09-06,M040,P02,T01,304097.45
2025-09-06,M041,P03,T03,140890.6
2025-09-06,M042,P04,T01,269485.52
2025-09-06,M043,P01,T03,151501.41
2025-09-06,M044,P02,T01,270311.75
2025-09-06,M045,P03,T03,140273.25
2025-09-06,M046,P04,T01,239838.22
2025-09-06,M047,P01,T03,180253.4
2025-09-06,M048,P02,T01,308780.64
2025-09-07,M001,P04,T04,59236.45
2025-09-07,M002,P01,T02,89374.79
2025-09-07,M003,P02,T04,108077.17
2025-09-07,M004,P03,T02,94803.22
2025-09-07,M005,P04,T04,112683.57
2025-09-07,M006,P01,T02,133088.75
2025-09-07,M007,P02,T04,167931.16
2025-09-07,M008,P03,T02,75146.5
2025-09-07,M009,P04,T04,97739.91
2025-09-07,M010,P01,T02,120491.12
2025-09-07,M011,P02,T04,143122.31
2025-09-07,M012,P03,T02,119622.93
2025-09-07,M013,P04,T04,130817.9
2025-09-07,M014,P01,T02,157510.71
2025-09-07,M015,P02,T04,120936.67
2025-09-07,M016,P03,T02,95385.86
2025-09-07,M017,P04,T04,116756.85
2025-09-07,M018,P01,T02,141457.9
2025-09-07,M019,P02,T04,163857.0
2025-09-07,M020,P03,T02,148689.58
2025-09-07,M021,P04,T04,169223.32
2025-09-07,M022,P01,T02,118670.7
2025-09-07,M023,P02,T04,157067.59
2025-09-07,M024,P03,T02,126218.77
2025-09-07,M025,P04,T04,148678.36
2025-09-07,M026,P01,T02,181574.48
2025-09-07,M027,P02,T04,197585.1
2025-09-07,M028,P03,T02,172206.08
2025-09-07,M029,P04,T04,118537.79
2025-09-07,M030,P01,T02,147963.48
2025-09-07,M031,P02,T04,197659.22
2025-09-07,M032,P03,T02,155545.0
2025-09-07,M033,P04,T04,161437.04
2025-09-07,M034,P01,T02,197684.34
2025-09-07,M035,P02,T04,238713.73
2025-09-07,M036,P03,T02,144377.04
2025-09-07,M037,P04,T04,147077.45
2025-09-07,M038,P01,T02,181676.1
2025-09-07,M039,P02,T04,232848.49
2025-09-07,M040,P03,T02,177459.34
2025-09-07,M041,P04,T04,209408.38
2025-09-07,M042,P01,T02,259662.49
2025-09-07,M043,P02,T04,203021.51
2025-09-07,M044,P03,T02,155477.21
2025-09-07,M045,P04,T04,182447.04
2025-09-07,M046,P01,T02,229559.81
2025-09-07,M047,P02,T04,259240.44
2025-09-07,M048,P03,T02,199676.94
2025-09-08,M001,P01,T01,88076.81
2025-09-08,M002,P02,T03,88601.24
2025-09-08,M003,P03,T01,97772.9
2025-09-08,M004,P04,T03,86827.79
2025-09-08,M005,P01,T01,157698.68
2025-09-08,M006,P02,T03,127480.52
2025-09-08,M007,P03,T01,147378.03
2025-09-08,M008,P04,T03,72618.16
2025-09-08,M009,P01,T01,139991.99
2025-09-08,M010,P02,T03,119610.82
2025-09-08,M011,P03,T01,139609.12
2025-09-08,M012,P04,T03,121635.37
2025-09-08,M013,P01,T01,207821.84
2025-09-08,M014,P02,T03,170632.41
2025-09-08,M015,P03,T01,122847.23
2025-09-08,M016,P04,T03,97393.94
2025-09-08,M017,P01,T01,177722.81
2025-09-08,M018,P02,T03,156741.78
2025-09-08,M019,P03,T01,156340.75
2025-09-08,M020,P04,T03,145680.15
2025-09-08,M021,P01,T01,257725.16
2025-09-08,M022,P02,T03,119525.07
2025-09-08,M023,P03,T01,154369.29
2025-09-08,M024,P04,T03,132853.41
2025-09-08,M025,P01,T01,225157.27
2025-09-08,M026,P02,T03,173136.69
2025-09-08,M027,P03,T01,213238.11
2025-09-08,M028,P04,T03,158723.53
2025-09-08,M029,P01,T01,178170.09
2025-09-08,M030,P02,T03,154213.05
2025-09-08,M031,P03,T01,171328.23
2025-09-08,M032,P04,T03,143826.48
2025-09-08,M033,P01,T01,246148.13
2025-09-08,M034,P02,T03,202738.43
2025-09-08,M035,P03,T01,223457.41
2025-09-08,M036,P04,T03,132761.6
2025-09-08,M037,P01,T01,211133.28
2025-09-08,M038,P02,T03,190362.41
2025-09-08,M039,P03,T01,206081.61
2025-09-08,M040,P04,T03,181866.81
2025-09-08,M041,P01,T01,312045.68
2025-09-08,M042,P02,T03,238219.6
2025-09-08,M043,P03,T01,197022.28
2025-09-08,M044,P04,T03,155936.8
2025-09-08,M045,P01,T01,281889.65
2025-09-08,M046,P02,T03,205355.92
2025-09-08,M047,P03,T01,258536.13
2025-09-08,M048,P04,T03,210341.57
2025-09-09,M001,P02,T02,95195.94
2025-09-09,M002,P03,T04,67021.42
2025-09-09,M003,P04,T02,102015.71
2025-09-09,M004,P01,T04,117363.65
2025-09-09,M005,P02,T02,161730.28
2025-09-09,M006,P03,T04,120003.31
2025-09-09,M007,P04,T02,152448.85
2025-09-09,M008,P01,T04,95995.5
2025-09-09,M009,P02,T02,126135.42
2025-09-09,M010,P03,T04,97997.78
2025-09-09,M011,P04,T02,132915.69
2025-09-09,M012,P01,T04,137427.77
2025-09-09,M013,P02,T02,190994.69
2025-09-09,M014,P03,T04,133634.5
2025-09-09,M015,P04,T02,107401.43
2025-09-09,M016,P01,T04,137514.36
2025-09-09,M017,P02,T02,162892.51
2025-09-09,M018,P03,T04,120271.96
2025-09-09,M019,P04,T02,162906.56
2025-09-09,M020,P01,T04,173626.29
2025-09-09,M021,P02,T02,245253.26
2025-09-09,M022,P03,T04,112676.04
2025-09-09,M023,P04,T02,156718.31
2025-09-09,M024,P01,T04,157259.37
2025-09-09,M025,P02,T02,202188.34
2025-09-09,M026,P03,T04,152490.82
2025-09-09,M027,P04,T02,183830.64
2025-09-09,M028,P01,T04,218663.99
2025-09-09,M029,P02,T02,180586.71
2025-09-09,M030,P03,T04,129778.6
2025-09-09,M031,P04,T02,180434.21
2025-09-09,M032,P01,T04,187451.78
2025-09-09,M033,P02,T02,239787.6
2025-09-09,M034,P03,T04,169617.05
2025-09-09,M035,P04,T02,213718.17
2025-09-09,M036,P01,T04,185444.77
2025-09-09,M037,P02,T02,241026.86
2025-09-09,M038,P03,T04,169262.2
2025-09-09,M039,P04,T02,205860.21
2025-09-09,M040,P01,T04,213118.07
2025-09-09,M041,P02,T02,305267.21
2025-09-09,M042,P03,T04,198602.54
2025-09-09,M043,P04,T02,191974.38
2025-09-09,M044,P01,T04,196616.19
2025-09-09,M045,P02,T02,251660.77
2025-09-09,M046,P03,T04,197522.22
2025-09-09,M047,P04,T02,255349.7
2025-09-09,M048,P01,T04,252545.69
2025-09-10,M001,P03,T03,55060.83
2025-09-10,M002,P04,T01,101232.06
2025-09-10,M003,P01,T03,79281.57
2025-09-10,M004,P02,T01,161007.96
2025-09-10,M005,P03,T03,89747.02
2025-09-10,M006,P04,T01,168800.74
2025-09-10,M007,P01,T03,125160.66
2025-09-10,M008,P02,T01,125702.23
2025-09-10,M009,P03,T03,73279.52
2025-09-10,M010,P04,T01,148794.58
2025-09-10,M011,P01,T03,117104.2
2025-09-10,M012,P02,T01,199058.25
2025-09-10,M013,P03,T03,117568.03
2025-09-10,M014,P04,T01,186607.29
2025-09-10,M015,P01,T03,92889.2
2025-09-10,M016,P02,T01,185329.88
2025-09-10,M017,P03,T03,96869.82
2025-09-10,M018,P04,T01,179234.27
2025-09-10,M019,P01,T03,147124.82
2025-09-10,M020,P02,T01,255673.79
2025-09-10,M021,P03,T03,128798.92
2025-09-10,M022,P04,T01,146139.78
2025-09-10,M023,P01,T03,113592.31
2025-09-10,M024,P02,T01,225259.67
2025-09-10,M025,P03,T03,126261.23
2025-09-10,M026,P04,T01,225853.85
2025-09-10,M027,P01,T03,175291.19
2025-09-10,M028,P02,T01,305942.98
2025-09-10,M029,P03,T03,104928.56
2025-09-10,M030,P04,T01,201211.81
2025-09-10,M031,P01,T03,143278.77
2025-09-10,M032,P02,T01,260729.04
2025-09-10,M033,P03,T03,136677.59
2025-09-10,M034,P04,T01,266598.74
2025-09-10,M035,P01,T03,182939.24
2025-09-10,M036,P02,T01,260615.3
2025-09-10,M037,P03,T03,127379.58
2025-09-10,M038,P04,T01,219386.15
2025-09-10,M039,P01,T03,182183.24
2025-09-10,M040,P02,T01,327503.89
2025-09-10,M041,P03,T03,155478.74
2025-09-10,M042,P04,T01,301871.56
2025-09-10,M043,P01,T03,150110.46
2025-09-10,M044,P02,T01,306717.34
2025-09-10,M045,P03,T03,150416.28
2025-09-10,M046,P04,T01,262635.09
2025-09-10,M047,P01,T03,203591.01
2025-09-10,M048,P02,T01,362793.27
2025-09-11,M001,P04,T04,66116.55
2025-09-11,M002,P01,T02,99273.11
2025-09-11,M003,P02,T04,110789.58
2025-09-11,M004,P03,T02,97012.22
2025-09-11,M005,P04,T04,112403.78
2025-09-11,M006,P01,T02,152123.76
2025-09-11,M007,P02,T04,175303.65
2025-09-11,M008,P03,T02,85934.9
2025-09-11,M009,P04,T04,100226.56
2025-09-11,M010,P01,T02,122485.08
2025-09-11,M011,P02,T04,163008.45
2025-09-11,M012,P03,T02,123784.94
2025-09-11,M013,P04,T04,154276.99
2025-09-11,M014,P01,T02,191028.48
2025-09-11,M015,P02,T04,120411.62
2025-09-11,M016,P03,T02,103038.03
2025-09-11,M017,P04,T04,134298.45
2025-09-11,M018,P01,T02,167852.29
2025-09-11,M019,P02,T04,179287.25
2025-09-11,M020,P03,T02,162553.6
2025-09-11,M021,P04,T04,187074.34
2025-09-11,M022,P01,T02,142995.87
2025-09-11,M023,P02,T04,164198.31
2025-09-11,M024,P03,T02,140502.07
2025-09-11,M025,P04,T04,169052.16
2025-09-11,M026,P01,T02,190359.1
2025-09-11,M027,P02,T04,232801.69
2025-09-11,M028,P03,T02,172777.66
2025-09-11,M029,P04,T04,135437.12
2025-09-11,M030,P01,T02,187266.32
2025-09-11,M031,P02,T04,212884.3
2025-09-11,M032,P03,T02,153457.15
2025-09-11,M033,P04,T04,185908.73
2025-09-11,M034,P01,T02,243397.67
2025-09-11,M035,P02,T04,257712.28
2025-09-11,M036,P03,T02,150193.95
2025-09-11,M037,P04,T04,178566.59
2025-09-11,M038,P01,T02,209174.09
2025-09-11,M039,P02,T04,259238.8
2025-09-11,M040,P03,T02,193866.48
2025-09-11,M041,P04,T04,234299.4
2025-09-11,M042,P01,T02,258751.48
2025-09-11,M043,P02,T04,224981.01
2025-09-11,M044,P03,T02,165434.79
2025-09-11,M045,P04,T04,215699.23
2025-09-11,M046,P01,T02,248150.85
2025-09-11,M047,P02,T04,273639.36
2025-09-11,M048,P03,T02,237432.96
2025-09-12,M001,P01,T01,101210.6
2025-09-12,M002,P02,T03,78350.79
2025-09-12,M003,P03,T01,108100.76
2025-09-12,M004,P04,T03,95070.06
2025-09-12,M005,P01,T01,171223.73
2025-09-12,M006,P02,T03,139194.59
2025-09-12,M007,P03,T01,145864.2
2025-09-12,M008,P04,T03,75606.18
2025-09-12,M009,P01,T01,140121.77
2025-09-12,M010,P02,T03,122830.11
2025-09-12,M011,P03,T01,143733.63
2025-09-12,M012,P04,T03,109427.89
2025-09-12,M013,P01,T01,203410.12
2025-09-12,M014,P02,T03,176269.35
2025-09-12,M015,P03,T01,121234.88
2025-09-12,M016,P04,T03,99109.57
2025-09-12,M017,P01,T01,181889.97
2025-09-12,M018,P02,T03,149728.81
2025-09-12,M019,P03,T01,155062.19
2025-09-12,M020,P04,T03,143051.43
2025-09-12,M021,P01,T01,233575.48
2025-09-12,M022,P02,T03,133030.69
2025-09-12,M023,P03,T01,135988.25
2025-09-12,M024,P04,T03,116808.0
2025-09-12,M025,P01,T01,227605.39
2025-09-12,M026,P02,T03,173626.19
2025-09-12,M027,P03,T01,215547.11
2025-09-12,M028,P04,T03,164669.66
2025-09-12,M029,P01,T01,188211.53
2025-09-12,M030,P02,T03,167369.58
2025-09-12,M031,P03,T01,178580.67
2025-09-12,M032,P04,T03,159091.15
2025-09-12,M033,P01,T01,246989.37
2025-09-12,M034,P02,T03,220048.44
2025-09-12,M035,P03,T01,227936.88
2025-09-12,M036,P04,T03,132478.48
2025-09-12,M037,P01,T01,233198.49
2025-09-12,M038,P02,T03,176978.76
2025-09-12,M039,P03,T01,212025.82
2025-09-12,M040,P04,T03,186529.84
2025-09-12,M041,P01,T01,293319.14
2025-09-12,M042,P02,T03,238055.6
2025-09-12,M043,P03,T01,182010.5
2025-09-12,M044,P04,T03,152161.76
2025-09-12,M045,P01,T01,266136.68
2025-09-12,M046,P02,T03,203223.7
2025-09-12,M047,P03,T01,228388.43
2025-09-12,M048,P04,T03,196437.06
2025-09-13,M001,P02,T02,84244.88
2025-09-13,M002,P03,T04,62423.79
2025-09-13,M003,P04,T02,86842.78
2025-09-13,M004,P01,T04,109485.4
2025-09-13,M005,P02,T02,147263.45
2025-09-13,M006,P03,T04,101216.6
2025-09-13,M007,P04,T02,144375.92
2025-09-13,M008,P01,T04,85311.26
2025-09-13,M009,P02,T02,113353.98
2025-09-13,M010,P03,T04,94545.47
2025-09-13,M011,P04,T02,125308.24
2025-09-13,M012,P01,T04,135419.38
2025-09-13,M013,P02,T02,165385.69
2025-09-13,M014,P03,T04,129109.22
2025-09-13,M015,P04,T02,98514.57
2025-09-13,M016,P01,T04,108689.28
2025-09-13,M017,P02,T02,158082.55
2025-09-13,M018,P03,T04,115793.92
2025-09-13,M019,P04,T02,150920.52
2025-09-13,M020,P01,T04,166641.28
2025-09-13,M021,P02,T02,198751.66
2025-09-13,M022,P03,T04,101764.91
2025-09-13,M023,P04,T02,140703.45
2025-09-13,M024,P01,T04,140119.75
2025-09-13,M025,P02,T02,183402.34
2025-09-13,M026,P03,T04,127870.34
2025-09-13,M027,P04,T02,166517.12
2025-09-13,M028,P01,T04,184932.13
2025-09-13,M029,P02,T02,157907.2
2025-09-13,M030,P03,T04,119889.89
2025-09-13,M031,P04,T02,159404.07
2025-09-13,M032,P01,T04,164563.33
2025-09-13,M033,P02,T02,218026.55
2025-09-13,M034,P03,T04,156259.1
2025-09-13,M035,P04,T02,193109.25
2025-09-13,M036,P01,T04,165738.08
2025-09-13,M037,P02,T02,187559.35
2025-09-13,M038,P03,T04,139810.95
2025-09-13,M039,P04,T02,176930.64
2025-09-13,M040,P01,T04,213935.48
2025-09-13,M041,P02,T02,271469.49
2025-09-13,M042,P03,T04,190657.45
2025-09-13,M043,P04,T02,183387.11
2025-09-13,M044,P01,T04,178462.08
2025-09-13,M045,P02,T02,232453.62
2025-09-13,M046,P03,T04,180600.7
2025-09-13,M047,P04,T02,234583.41
2025-09-13,M048,P01,T04,249712.64
2025-09-14,M001,P03,T03,43515.52
2025-09-14,M002,P04,T01,95117.83
2025-09-14,M003,P01,T03,75501.09
2025-09-14,M004,P02,T01,151642.24
2025-09-14,M005,P03,T03,78814.38
2025-09-14,M006,P04,T01,146652.65
2025-09-14,M007,P01,T03,121334.95
2025-09-14,M008,P02,T01,120052.41
2025-09-14,M009,P03,T03,64037.93
2025-09-14,M010,P04,T01,127286.94
2025-09-14,M011,P01,T03,107571.43
2025-09-14,M012,P02,T01,195759.52
2025-09-14,M013,P03,T03,95965.91
2025-09-14,M014,P04,T01,171077.5
2025-09-14,M015,P01,T03,81583.03
2025-09-14,M016,P02,T01,164916.62
2025-09-14,M017,P03,T03,79504.36
2025-09-14,M018,P04,T01,163743.56
2025-09-14,M019,P01,T03,119478.97
2025-09-14,M020,P02,T01,226631.99
2025-09-14,M021,P03,T03,117792.79
2025-09-14,M022,P04,T01,138416.06
2025-09-14,M023,P01,T03,107158.38
2025-09-14,M024,P02,T01,201345.49
2025-09-14,M025,P03,T03,106776.54
2025-09-14,M026,P04,T01,204633.4
2025-09-14,M027,P01,T03,152290.53
2025-09-14,M028,P02,T01,270951.38
2025-09-14,M029,P03,T03,88614.48
2025-09-14,M030,P04,T01,177059.15
2025-09-14,M031,P01,T03,134267.55
2025-09-14,M032,P02,T01,250286.32
2025-09-14,M033,P03,T03,135404.87
2025-09-14,M034,P04,T01,220614.37
2025-09-14,M035,P01,T03,162191.98
2025-09-14,M036,P02,T01,231471.01
2025-09-14,M037,P03,T03,120139.64
2025-09-14,M038,P04,T01,202844.07
2025-09-14,M039,P01,T03,157902.21
2025-09-14,M040,P02,T01,269994.28
2025-09-14,M041,P03,T03,138016.07
2025-09-14,M042,P04,T01,276712.53
2025-09-14,M043,P01,T03,135952.06
2025-09-14,M044,P02,T01,239735.91
2025-09-14,M045,P03,T03,142064.93
2025-09-14,M046,P04,T01,226995.37
2025-09-14,M047,P01,T03,175337.0
2025-09-14,M048,P02,T01,325309.11
2025-09-15,M001,P04,T04,74843.43
2025-09-15,M002,P01,T02,100530.62
2025-09-15,M003,P02,T04,111038.38
2025-09-15,M004,P03,T02,95117.36
2025-09-15,M005,P04,T04,119200.14
2025-09-15,M006,P01,T02,161817.13
2025-09-15,M007,P02,T04,168221.46
2025-09-15,M008,P03,T02,83946.13
2025-09-15,M009,P04,T04,102705.0
2025-09-15,M010,P01,T02,132368.77
2025-09-15,M011,P02,T04,155307.95
2025-09-15,M012,P03,T02,118238.58
2025-09-15,M013,P04,T04,141858.81
2025-09-15,M014,P01,T02,191426.24
2025-09-15,M015,P02,T04,134516.74
2025-09-15,M016,P03,T02,103801.62
2025-09-15,M017,P04,T04,130868.37
2025-09-15,M018,P01,T02,164195.59
2025-09-15,M019,P02,T04,197295.53
2025-09-15,M020,P03,T02,160047.8
2025-09-15,M021,P04,T04,183920.71
2025-09-15,M022,P01,T02,137041.38
2025-09-15,M023,P02,T04,169625.75
2025-09-15,M024,P03,T02,139255.14
2025-09-15,M025,P04,T04,164047.25
2025-09-15,M026,P01,T02,202691.01
2025-09-15,M027,P02,T04,221864.64
2025-09-15,M028,P03,T02,188177.44
2025-09-15,M029,P04,T04,146568.88
2025-09-15,M030,P01,T02,187438.19
2025-09-15,M031,P02,T04,217068.42
2025-09-15,M032,P03,T02,168840.32
2025-09-15,M033,P04,T04,195481.8
2025-09-15,M034,P01,T02,224965.95
2025-09-15,M035,P02,T04,279200.4
2025-09-15,M036,P03,T02,149266.79
2025-09-15,M037,P04,T04,184466.12
2025-09-15,M038,P01,T02,215052.08
2025-09-15,M039,P02,T04,253032.19
2025-09-15,M040,P03,T02,191055.11
2025-09-15,M041,P04,T04,238028.75
2025-09-15,M042,P01,T02,252037.72
2025-09-15,M043,P02,T04,205404.64
2025-09-15,M044,P03,T02,179239.49
2025-09-15,M045,P04,T04,216888.37
2025-09-15,M046,P01,T02,230495.09
2025-09-15,M047,P02,T04,295299.23
2025-09-15,M048,P03,T02,229021.44
2025-09-16,M001,P01,T01,87968.62
2025-09-16,M002,P02,T03,87916.45
2025-09-16,M003,P03,T01,96855.55
2025-09-16,M004,P04,T03,97260.07
2025-09-16,M005,P01,T01,151456.74
2025-09-16,M006,P02,T03,139519.55
2025-09-16,M007,P03,T01,156438.12
2025-09-16,M008,P04,T03,76090.57
2025-09-16,M009,P01,T01,134367.25
2025-09-16,M010,P02,T03,107184.91
2025-09-16,M011,P03,T01,141022.57
2025-09-16,M012,P04,T03,119845.8
2025-09-16,M013,P01,T01,211710.1
2025-09-16,M014,P02,T03,176960.94
2025-09-16,M015,P03,T01,107761.76
2025-09-16,M016,P04,T03,100841.24
2025-09-16,M017,P01,T01,170195.15
2025-09-16,M018,P02,T03,157304.04
2025-09-16,M019,P03,T01,168083.0
2025-09-16,M020,P04,T03,129798.8
2025-09-16,M021,P01,T01,251569.47
2025-09-16,M022,P02,T03,118745.71
2025-09-16,M023,P03,T01,155429.92
2025-09-16,M024,P04,T03,122014.21
2025-09-16,M025,P01,T01,217335.65
2025-09-16,M026,P02,T03,190734.43
2025-09-16,M027,P03,T01,199018.36
2025-09-16,M028,P04,T03,158867.4
2025-09-16,M029,P01,T01,180518.98
2025-09-16,M030,P02,T03,151683.83
2025-09-16,M031,P03,T01,168611.52
2025-09-16,M032,P04,T03,157515.81
2025-09-16,M033,P01,T01,234909.33
2025-09-16,M034,P02,T03,212322.37
2025-09-16,M035,P03,T01,220728.4
2025-09-16,M036,P04,T03,133825.94
2025-09-16,M037,P01,T01,244200.77
2025-09-16,M038,P02,T03,176804.86
2025-09-16,M039,P03,T01,208388.01
2025-09-16,M040,P04,T03,170165.04
2025-09-16,M041,P01,T01,314881.83
2025-09-16,M042,P02,T03,239074.61
2025-09-16,M043,P03,T01,177320.64
2025-09-16,M044,P04,T03,150040.71
2025-09-16,M045,P01,T01,280805.73
2025-09-16,M046,P02,T03,223026.07
2025-09-16,M047,P03,T01,229204.62
2025-09-16,M048,P04,T03,216640.36
2025-09-17,M001,P02,T02,96817.67
2025-09-17,M002,P03,T04,75118.06
2025-09-17,M003,P04,T02,103193.92
2025-09-17,M004,P01,T04,111285.31
2025-09-17,M005,P02,T02,168878.33
2025-09-17,M006,P03,T04,118392.14
2025-09-17,M007,P04,T02,152138.64
2025-09-17,M008,P01,T04,101908.42
2025-09-17,M009,P02,T02,127756.73
2025-09-17,M010,P03,T04,98719.82
2025-09-17,M011,P04,T02,143350.11
2025-09-17,M012,P01,T04,159434.25
2025-09-17,M013,P02,T02,188657.3
2025-09-17,M014,P03,T04,145101.19
2025-09-17,M015,P04,T02,105482.87
2025-09-17,M016,P01,T04,132865.24
2025-09-17,M017,P02,T02,162361.16
2025-09-17,M018,P03,T04,121787.12
2025-09-17,M019,P04,T02,171511.56
2025-09-17,M020,P01,T04,185742.46
2025-09-17,M021,P02,T02,243331.53
2025-09-17,M022,P03,T04,104571.48
2025-09-17,M023,P04,T02,136949.16
2025-09-17,M024,P01,T04,170968.16
2025-09-17,M025,P02,T02,199905.76
2025-09-17,M026,P03,T04,141537.77
2025-09-17,M027,P04,T02,192714.44
2025-09-17,M028,P01,T04,207321.69
2025-09-17,M029,P02,T02,197764.67
2025-09-17,M030,P03,T04,143639.54
2025-09-17,M031,P04,T02,172192.84
2025-09-17,M032,P01,T04,188386.37
2025-09-17,M033,P02,T02,254767.23
2025-09-17,M034,P03,T04,174612.88
2025-09-17,M035,P04,T02,222845.77
2025-09-17,M036,P01,T04,177334.29
2025-09-17,M037,P02,T02,210368.26
2025-09-17,M038,P03,T04,161962.25
2025-09-17,M039,P04,T02,222949.56
2025-09-17,M040,P01,T04,214967.52
2025-09-17,M041,P02,T02,297775.94
2025-09-17,M042,P03,T04,215812.32
2025-09-17,M043,P04,T02,175455.6
2025-09-17,M044,P01,T04,208242.49
2025-09-17,M045,P02,T02,271925.61
2025-09-17,M046,P03,T04,183619.97
2025-09-17,M047,P04,T02,258704.39
2025-09-17,M048,P01,T04,267626.23
2025-09-18,M001,P03,T03,55072.1
2025-09-18,M002,P04,T01,96814.6
2025-09-18,M003,P01,T03,83728.82
2025-09-18,M004,P02,T01,172509.83
2025-09-18,M005,P03,T03,90424.41
2025-09-18,M006,P04,T01,152952.89
2025-09-18,M007,P01,T03,132128.71
2025-09-18,M008,P02,T01,124384.01
2025-09-18,M009,P03,T03,77163.08
2025-09-18,M010,P04,T01,140466.84
2025-09-18,M011,P01,T03,110300.82
2025-09-18,M012,P02,T01,218279.49
2025-09-18,M013,P03,T03,114761.0
2025-09-18,M014,P04,T01,214418.13
2025-09-18,M015,P01,T03,98052.2
2025-09-18,M016,P02,T01,173084.18
2025-09-18,M017,P03,T03,96599.09
2025-09-18,M018,P04,T01,168196.76
2025-09-18,M019,P01,T03,148868.36
2025-09-18,M020,P02,T01,244973.68
2025-09-18,M021,P03,T03,137765.84
2025-09-18,M022,P04,T01,155127.27
2025-09-18,M023,P01,T03,116562.5
2025-09-18,M024,P02,T01,238569.37
2025-09-18,M025,P03,T03,126846.13
2025-09-18,M026,P04,T01,204521.02
2025-09-18,M027,P01,T03,178198.34
2025-09-18,M028,P02,T01,278401.66
2025-09-18,M029,P03,T03,105479.38
2025-09-18,M030,P04,T01,199574.05
2025-09-18,M031,P01,T03,151564.05
2025-09-18,M032,P02,T01,281631.48
2025-09-18,M033,P03,T03,138180.58
2025-09-18,M034,P04,T01,260487.78
2025-09-18,M035,P01,T03,199744.48
2025-09-18,M036,P02,T01,256824.95
2025-09-18,M037,P03,T03,124818.08
2025-09-18,M038,P04,T01,232102.94
2025-09-18,M039,P01,T03,185194.73
2025-09-18,M040,P02,T01,306502.83
2025-09-18,M041,P03,T03,150003.44
2025-09-18,M042,P04,T01,267695.06
2025-09-18,M043,P01,T03,166066.77
2025-09-18,M044,P02,T01,265438.05
2025-09-18,M045,P03,T03,150019.34
2025-09-18,M046,P04,T01,266389.06
2025-09-18,M047,P01,T03,208370.5
2025-09-18,M048,P02,T01,382350.43
2025-09-19,M001,P04,T04,67854.76
2025-09-19,M002,P01,T02,102361.86
2025-09-19,M003,P02,T04,122053.18
2025-09-19,M004,P03,T02,102004.11
2025-09-19,M005,P04,T04,125301.44
2025-09-19,M006,P01,T02,146777.96
2025-09-19,M007,P02,T04,170913.92
2025-09-19,M008,P03,T02,87087.69
2025-09-19,M009,P04,T04,99743.51
2025-09-19,M010,P01,T02,135441.07
2025-09-19,M011,P02,T04,147114.01
2025-09-19,M012,P03,T02,133215.98
2025-09-19,M013,P04,T04,155163.67
2025-09-19,M014,P01,T02,193020.18
2025-09-19,M015,P02,T04,126898.67
2025-09-19,M016,P03,T02,112432.01
2025-09-19,M017,P04,T04,123876.2
2025-09-19,M018,P01,T02,158860.12
2025-09-19,M019,P02,T04,179305.43
2025-09-19,M020,P03,T02,157053.17
2025-09-19,M021,P04,T04,184964.72
2025-09-19,M022,P01,T02,143747.74
2025-09-19,M023,P02,T04,165298.2
2025-09-19,M024,P03,T02,147293.85
2025-09-19,M025,P04,T04,164659.4
2025-09-19,M026,P01,T02,203058.88
2025-09-19,M027,P02,T04,222042.09
2025-09-19,M028,P03,T02,193197.65
2025-09-19,M029,P04,T04,143250.48
2025-09-19,M030,P01,T02,170882.31
2025-09-19,M031,P02,T04,197905.67
2025-09-19,M032,P03,T02,177879.1
2025-09-19,M033,P04,T04,183652.08
2025-09-19,M034,P01,T02,219816.59
2025-09-19,M035,P02,T04,248913.82
2025-09-19,M036,P03,T02,153631.91
2025-09-19,M037,P04,T04,160004.27
2025-09-19,M038,P01,T02,206013.65
2025-09-19,M039,P02,T04,246430.3
2025-09-19,M040,P03,T02,182226.03
2025-09-19,M041,P04,T04,219852.38
2025-09-19,M042,P01,T02,255375.66
2025-09-19,M043,P02,T04,228377.05
2025-09-19,M044,P03,T02,168305.23
2025-09-19,M045,P04,T04,206673.18
2025-09-19,M046,P01,T02,260433.01
2025-09-19,M047,P02,T04,285336.0
2025-09-19,M048,P03,T02,213258.31
2025-09-20,M001,P01,T01,78647.38
2025-09-20,M002,P02,T03,77401.24
2025-09-20,M003,P03,T01,92727.85
2025-09-20,M004,P04,T03,80743.76
2025-09-20,M005,P01,T01,143434.99
2025-09-20,M006,P02,T03,130459.82
2025-09-20,M007,P03,T01,133254.41
2025-09-20,M008,P04,T03,61917.05
2025-09-20,M009,P01,T01,128264.6
2025-09-20,M010,P02,T03,109450.48
2025-09-20,M011,P03,T01,129584.41
2025-09-20,M012,P04,T03,102437.72
2025-09-20,M013,P01,T01,181038.49
2025-09-20,M014,P02,T03,139961.13
2025-09-20,M015,P03,T01,107856.11
2025-09-20,M016,P04,T03,90749.29
2025-09-20,M017,P01,T01,146230.37
2025-09-20,M018,P02,T03,140106.55
2025-09-20,M019,P03,T01,145060.91
2025-09-20,M020,P04,T03,120717.58
2025-09-20,M021,P01,T01,214697.34
2025-09-20,M022,P02,T03,107524.33
2025-09-20,M023,P03,T01,132702.71
2025-09-20,M024,P04,T03,111421.69
2025-09-20,M025,P01,T01,180501.58
2025-09-20,M026,P02,T03,165578.02
2025-09-20,M027,P03,T01,170361.46
2025-09-20,M028,P04,T03,140204.34
2025-09-20,M029,P01,T01,177881.85
2025-09-20,M030,P02,T03,147524.72
2025-09-20,M031,P03,T01,164829.94
2025-09-20,M032,P04,T03,136978.07
2025-09-20,M033,P01,T01,231431.18
2025-09-20,M034,P02,T03,176736.85
2025-09-20,M035,P03,T01,193495.04
2025-09-20,M036,P04,T03,111354.02
2025-09-20,M037,P01,T01,208845.19
2025-09-20,M038,P02,T03,161210.65
2025-09-20,M039,P03,T01,188809.06
2025-09-20,M040,P04,T03,160907.18
2025-09-20,M041,P01,T01,264431.38
2025-09-20,M042,P02,T03,209154.08
2025-09-20,M043,P03,T01,171947.47
2025-09-20,M044,P04,T03,147306.46
2025-09-20,M045,P01,T01,244421.14
2025-09-20,M046,P02,T03,194011.91
2025-09-20,M047,P03,T01,228375.98
2025-09-20,M048,P04,T03,192286.11
2025-09-21,M001,P02,T02,89483.93
2025-09-21,M002,P03,T04,63082.75
2025-09-21,M003,P04,T02,87850.69
2025-09-21,M004,P01,T04,109960.5
2025-09-21,M005,P02,T02,146277.28
2025-09-21,M006,P03,T04,100453.64
2025-09-21,M007,P04,T02,138249.72
2025-09-21,M008,P01,T04,81166.13
2025-09-21,M009,P02,T02,127976.68
2025-09-21,M010,P03,T04,91366.29
2025-09-21,M011,P04,T02,112584.46
2025-09-21,M012,P01,T04,129575.07
2025-09-21,M013,P02,T02,174805.79
2025-09-21,M014,P03,T04,122436.74
2025-09-21,M015,P04,T02,102123.09
2025-09-21,M016,P01,T04,115780.88
2025-09-21,M017,P02,T02,146648.55
2025-09-21,M018,P03,T04,116320.59
2025-09-21,M019,P04,T02,149833.79
2025-09-21,M020,P01,T04,152094.77
2025-09-21,M021,P02,T02,214740.68
2025-09-21,M022,P03,T04,96470.46
2025-09-21,M023,P04,T02,137571.9
2025-09-21,M024,P01,T04,145764.59
2025-09-21,M025,P02,T02,189738.63
2025-09-21,M026,P03,T04,135405.65
2025-09-21,M027,P04,T02,167182.57
2025-09-21,M028,P01,T04,206602.9
2025-09-21,M029,P02,T02,164686.99
2025-09-21,M030,P03,T04,124081.8
2025-09-21,M031,P04,T02,158893.42
2025-09-21,M032,P01,T04,170473.32
2025-09-21,M033,P02,T02,222933.39
2025-09-21,M034,P03,T04,161836.44
2025-09-21,M035,P04,T02,202211.37
2025-09-21,M036,P01,T04,145391.34
2025-09-21,M037,P02,T02,217917.07
2025-09-21,M038,P03,T04,148876.09
2025-09-21,M039,P04,T02,201151.46
2025-09-21,M040,P01,T04,188959.73
2025-09-21,M041,P02,T02,280811.6
2025-09-21,M042,P03,T04,176821.76
2025-09-21,M043,P04,T02,162814.16
2025-09-21,M044,P01,T04,172272.23
2025-09-21,M045,P02,T02,256741.95
2025-09-21,M046,P03,T04,179065.35
2025-09-21,M047,P04,T02,218259.64
2025-09-21,M048,P01,T04,238877.66
2025-09-22,M001,P03,T03,49976.42
2025-09-22,M002,P04,T01,97487.02
2025-09-22,M003,P01,T03,89344.69
2025-09-22,M004,P02,T01,175654.34
2025-09-22,M005,P03,T03,85908.05
2025-09-22,M006,P04,T01,173492.9
2025-09-22,M007,P01,T03,133230.05
2025-09-22,M008,P02,T01,142135.96
2025-09-22,M009,P03,T03,78432.18
2025-09-22,M010,P04,T01,130452.36
2025-09-22,M011,P01,T03,112384.57
2025-09-22,M012,P02,T01,211685.43
2025-09-22,M013,P03,T03,116712.8
2025-09-22,M014,P04,T01,204291.37
2025-09-22,M015,P01,T03,96119.74
2025-09-22,M016,P02,T01,186400.74
2025-09-22,M017,P03,T03,93901.77
2025-09-22,M018,P04,T01,177440.27
2025-09-22,M019,P01,T03,150032.42
2025-09-22,M020,P02,T01,236311.26
2025-09-22,M021,P03,T03,130379.65
2025-09-22,M022,P04,T01,156504.06
2025-09-22,M023,P01,T03,118896.25
2025-09-22,M024,P02,T01,223905.17
2025-09-22,M025,P03,T03,117631.01
2025-09-22,M026,P04,T01,200718.1
2025-09-22,M027,P01,T03,165748.9
2025-09-22,M028,P02,T01,299697.47
2025-09-22,M029,P03,T03,107791.33
2025-09-22,M030,P04,T01,182132.51
2025-09-22,M031,P01,T03,153161.17
2025-09-22,M032,P02,T01,260536.98
2025-09-22,M033,P03,T03,149317.11
2025-09-22,M034,P04,T01,259252.99
2025-09-22,M035,P01,T03,200601.59
2025-09-22,M036,P02,T01,248902.27
2025-09-22,M037,P03,T03,116689.37
2025-09-22,M038,P04,T01,240706.1
2025-09-22,M039,P01,T03,163346.17
2025-09-22,M040,P02,T01,338945.53
2025-09-22,M041,P03,T03,170704.8
2025-09-22,M042,P04,T01,295165.15
2025-09-22,M043,P01,T03,162644.32
2025-09-22,M044,P02,T01,276097.26
2025-09-22,M045,P03,T03,158674.45
2025-09-22,M046,P04,T01,283499.08
2025-09-22,M047,P01,T03,216029.53
2025-09-22,M048,P02,T01,386840.15
2025-09-23,M001,P04,T04,75975.3
2025-09-23,M002,P01,T02,94576.51
2025-09-23,M003,P02,T04,108746.34
2025-09-23,M004,P03,T02,103133.38
2025-09-23,M005,P04,T04,123708.74
2025-09-23,M006,P01,T02,160700.37
2025-09-23,M007,P02,T04,184165.29
2025-09-23,M008,P03,T02,78880.18
2025-09-23,M009,P04,T04,94268.04
2025-09-23,M010,P01,T02,120822.27
2025-09-23,M011,P02,T04,143927.96
2025-09-23,M012,P03,T02,120613.51
2025-09-23,M013,P04,T04,138634.71
2025-09-23,M014,P01,T02,172016.54
2025-09-23,M015,P02,T04,132608.96
2025-09-23,M016,P03,T02,104873.93
2025-09-23,M017,P04,T04,134186.56
2025-09-23,M018,P01,T02,164109.61
2025-09-23,M019,P02,T04,196136.29
2025-09-23,M020,P03,T02,145493.44
2025-09-23,M021,P04,T04,170159.89
2025-09-23,M022,P01,T02,139601.9
2025-09-23,M023,P02,T04,171803.22
2025-09-23,M024,P03,T02,135727.98
2025-09-23,M025,P04,T04,160475.78
2025-09-23,M026,P01,T02,195524.68
2025-09-23,M027,P02,T04,217262.71
2025-09-23,M028,P03,T02,197089.1
2025-09-23,M029,P04,T04,141950.67
2025-09-23,M030,P01,T02,163785.47
2025-09-23,M031,P02,T04,215352.61
2025-09-23,M032,P03,T02,160195.15
2025-09-23,M033,P04,T04,203472.33
2025-09-23,M034,P01,T02,222509.09
2025-09-23,M035,P02,T04,245830.33
2025-09-23,M036,P03,T02,146368.02
2025-09-23,M037,P04,T04,175192.19
2025-09-23,M038,P01,T02,222924.57
2025-09-23,M039,P02,T04,239976.71
2025-09-23,M040,P03,T02,193290.18
2025-09-23,M041,P04,T04,233993.37
2025-09-23,M042,P01,T02,265904.7
2025-09-23,M043,P02,T04,202993.87
2025-09-23,M044,P03,T02,165732.65
2025-09-23,M045,P04,T04,187910.49
2025-09-23,M046,P01,T02,236270.31
2025-09-23,M047,P02,T04,299501.7
2025-09-23,M048,P03,T02,233331.48
2025-09-24,M001,P01,T01,88389.05
2025-09-24,M002,P02,T03,79926.0
2025-09-24,M003,P03,T01,102160.34
2025-09-24,M004,P04,T03,95517.12
2025-09-24,M005,P01,T01,159679.21
2025-09-24,M006,P02,T03,126021.05
2025-09-24,M007,P03,T01,163886.74
2025-09-24,M008,P04,T03,70724.63
2025-09-24,M009,P01,T01,144383.73
2025-09-24,M010,P02,T03,109880.37
2025-09-24,M011,P03,T01,128784.96
2025-09-24,M012,P04,T03,109230.77
2025-09-24,M013,P01,T01,207632.89
2025-09-24,M014,P02,T03,160973.28
2025-09-24,M015,P03,T01,107414.41
2025-09-24,M016,P04,T03,99744.03
2025-09-24,M017,P01,T01,184933.07
2025-09-24,M018,P02,T03,145263.95
2025-09-24,M019,P03,T01,173282.44
2025-09-24,M020,P04,T03,147801.67
2025-09-24,M021,P01,T01,221406.15
2025-09-24,M022,P02,T03,118907.49
2025-09-24,M023,P03,T01,141313.96
2025-09-24,M024,P04,T03,125778.08
2025-09-24,M025,P01,T01,226646.05
2025-09-24,M026,P02,T03,174900.88
2025-09-24,M027,P03,T01,188571.61
2025-09-24,M028,P04,T03,169405.54
2025-09-24,M029,P01,T01,192044.11
2025-09-24,M030,P02,T03,147815.9
2025-09-24,M031,P03,T01,181161.15
2025-09-24,M032,P04,T03,143741.69
2025-09-24,M033,P01,T01,268879.2
2025-09-24,M034,P02,T03,223751.22
2025-09-24,M035,P03,T01,233625.05
2025-09-24,M036,P04,T03,125183.5
2025-09-24,M037,P01,T01,244561.55
2025-09-24,M038,P02,T03,200849.6
2025-09-24,M039,P03,T01,209171.89
2025-09-24,M040,P04,T03,179632.04
2025-09-24,M041,P01,T01,297222.87
2025-09-24,M042,P02,T03,231278.26
2025-09-24,M043,P03,T01,197220.52
2025-09-24,M044,P04,T03,165878.28
2025-09-24,M045,P01,T01,290570.17
2025-09-24,M046,P02,T03,216278.59
2025-09-24,M047,P03,T01,228493.93
2025-09-24,M048,P04,T03,187422.97
2025-09-25,M001,P02,T02,97745.53
2025-09-25,M002,P03,T04,73966.04
2025-09-25,M003,P04,T02,108168.15
2025-09-25,M004,P01,T04,124356.72
2025-09-25,M005,P02,T02,154086.97
2025-09-25,M006,P03,T04,118827.24
2025-09-25,M007,P04,T02,151897.4
2025-09-25,M008,P01,T04,100008.09
2025-09-25,M009,P02,T02,125972.15
2025-09-25,M010,P03,T04,105016.07
2025-09-25,M011,P04,T02,135214.04
2025-09-25,M012,P01,T04,136678.7
2025-09-25,M013,P02,T02,180666.48
2025-09-25,M014,P03,T04,149936.13
2025-09-25,M015,P04,T02,107001.08
2025-09-25,M016,P01,T04,119965.81
2025-09-25,M017,P02,T02,176753.51
2025-09-25,M018,P03,T04,115018.76
2025-09-25,M019,P04,T02,168358.31
2025-09-25,M020,P01,T04,174744.07
2025-09-25,M021,P02,T02,219486.4
2025-09-25,M022,P03,T04,112547.3
2025-09-25,M023,P04,T02,157134.72
2025-09-25,M024,P01,T04,164411.63
2025-09-25,M025,P02,T02,205687.51
2025-09-25,M026,P03,T04,153195.05
2025-09-25,M027,P04,T02,184117.62
2025-09-25,M028,P01,T04,208125.67
2025-09-25,M029,P02,T02,182759.25
2025-09-25,M030,P03,T04,133488.13
2025-09-25,M031,P04,T02,188657.52
2025-09-25,M032,P01,T04,194362.65
2025-09-25,M033,P02,T02,268657.1
2025-09-25,M034,P03,T04,171788.34
2025-09-25,M035,P04,T02,242868.02
2025-09-25,M036,P01,T04,172465.96
2025-09-25,M037,P02,T02,219629.92
2025-09-25,M038,P03,T04,162012.38
2025-09-25,M039,P04,T02,213751.54
2025-09-25,M040,P01,T04,216798.14
2025-09-25,M041,P02,T02,281422.9
2025-09-25,M042,P03,T04,203020.85
2025-09-25,M043,P04,T02,179081.26
2025-09-25,M044,P01,T04,192303.04
2025-09-25,M045,P02,T02,279362.54
2025-09-25,M046,P03,T04,172380.48
2025-09-25,M047,P04,T02,251170.23
2025-09-25,M048,P01,T04,271753.26
2025-09-26,M001,P03,T03,54308.98
2025-09-26,M002,P04,T01,102810.62
2025-09-26,M003,P01,T03,90987.08
2025-09-26,M004,P02,T01,159169.98
2025-09-26,M005,P03,T03,84806.28
2025-09-26,M006,P04,T01,167476.28
2025-09-26,M007,P01,T03,133225.17
2025-09-26,M008,P02,T01,124743.36
2025-09-26,M009,P03,T03,72767.01
2025-09-26,M010,P04,T01,132646.63
2025-09-26,M011,P01,T03,106170.37
2025-09-26,M012,P02,T01,223303.36
2025-09-26,M013,P03,T03,111537.32
2025-09-26,M014,P04,T01,198575.09
2025-09-26,M015,P01,T03,89606.75
2025-09-26,M016,P02,T01,176752.86
2025-09-26,M017,P03,T03,97128.32
2025-09-26,M018,P04,T01,177250.1
2025-09-26,M019,P01,T03,148442.09
2025-09-26,M020,P02,T01,248684.6
2025-09-26,M021,P03,T03,123253.62
2025-09-26,M022,P04,T01,155345.08
2025-09-26,M023,P01,T03,125660.37
2025-09-26,M024,P02,T01,224936.13
2025-09-26,M025,P03,T03,110946.92
2025-09-26,M026,P04,T01,211379.63
2025-09-26,M027,P01,T03,160304.31
2025-09-26,M028,P02,T01,280008.48
2025-09-26,M029,P03,T03,97996.12
2025-09-26,M030,P04,T01,186453.43
2025-09-26,M031,P01,T03,146170.82
2025-09-26,M032,P02,T01,254352.26
2025-09-26,M033,P03,T03,141632.34
2025-09-26,M034,P04,T01,238030.99
2025-09-26,M035,P01,T03,179158.78
2025-09-26,M036,P02,T01,244183.96
2025-09-26,M037,P03,T03,127575.81
2025-09-26,M038,P04,T01,220463.13
2025-09-26,M039,P01,T03,177368.45
2025-09-26,M040,P02,T01,300281.29
2025-09-26,M041,P03,T03,155237.65
2025-09-26,M042,P04,T01,268750.14
2025-09-26,M043,P01,T03,170950.07
2025-09-26,M044,P02,T01,302807.05
2025-09-26,M045,P03,T03,151000.97
2025-09-26,M046,P04,T01,253696.28
2025-09-26,M047,P01,T03,220817.93
2025-09-26,M048,P02,T01,339551.56
2025-09-27,M001,P04,T04,66111.3
2025-09-27,M002,P01,T02,87326.58
2025-09-27,M003,P02,T04,104824.19
2025-09-27,M004,P03,T02,87592.28
2025-09-27,M005,P04,T04,103785.31
2025-09-27,M006,P01,T02,126998.11
2025-09-27,M007,P02,T04,172016.2
2025-09-27,M008,P03,T02,78150.15
2025-09-27,M009,P04,T04,85794.11
2025-09-27,M010,P01,T02,115370.45
2025-09-27,M011,P02,T04,133350.43
2025-09-27,M012,P03,T02,109383.9
2025-09-27,M013,P04,T04,141947.5
2025-09-27,M014,P01,T02,172292.16
2025-09-27,M015,P02,T04,109094.94
2025-09-27,M016,P03,T02,104423.3
2025-09-27,M017,P04,T04,111558.33
2025-09-27,M018,P01,T02,152044.69
2025-09-27,M019,P02,T04,185213.71
2025-09-27,M020,P03,T02,146965.48
2025-09-27,M021,P04,T04,149964.94
2025-09-27,M022,P01,T02,134558.53
2025-09-27,M023,P02,T04,140688.05
2025-09-27,M024,P03,T02,132425.0
2025-09-27,M025,P04,T04,153350.6
2025-09-27,M026,P01,T02,188820.02
2025-09-27,M027,P02,T04,199510.82
2025-09-27,M028,P03,T02,170404.72
2025-09-27,M029,P04,T04,125857.83
2025-09-27,M030,P01,T02,150177.48
2025-09-27,M031,P02,T04,170126.31
2025-09-27,M032,P03,T02,138980.55
2025-09-27,M033,P04,T04,159756.43
2025-09-27,M034,P01,T02,204840.93
2025-09-27,M035,P02,T04,220232.42
2025-09-27,M036,P03,T02,125091.24
2025-09-27,M037,P04,T04,154535.59
2025-09-27,M038,P01,T02,193270.33
2025-09-27,M039,P02,T04,222156.16
2025-09-27,M040,P03,T02,171196.58
2025-09-27,M041,P04,T04,193245.77
2025-09-27,M042,P01,T02,239773.03
2025-09-27,M043,P02,T04,191518.9
2025-09-27,M044,P03,T02,151145.2
2025-09-27,M045,P04,T04,183716.66
2025-09-27,M046,P01,T02,222995.7
2025-09-27,M047,P02,T04,248531.76
2025-09-27,M048,P03,T02,206917.16
2025-09-28,M001,P01,T01,78565.48
2025-09-28,M002,P02,T03,75959.68
2025-09-28,M003,P03,T01,87995.25
2025-09-28,M004,P04,T03,84050.42
2025-09-28,M005,P01,T01,149773.4
2025-09-28,M006,P02,T03,113952.32
2025-09-28,M007,P03,T01,135220.83
2025-09-28,M008,P04,T03,64038.18
2025-09-28,M009,P01,T01,130002.81
2025-09-28,M010,P02,T03,105839.58
2025-09-28,M011,P03,T01,121803.7
2025-09-28,M012,P04,T03,108036.65
2025-09-28,M013,P01,T01,177435.53
2025-09-28,M014,P02,T03,152456.92
2025-09-28,M015,P03,T01,109542.78
2025-09-28,M016,P04,T03,92517.33
2025-09-28,M017,P01,T01,155431.74
2025-09-28,M018,P02,T03,130174.31
2025-09-28,M019,P03,T01,158853.21
2025-09-28,M020,P04,T03,130289.39
2025-09-28,M021,P01,T01,226411.8
2025-09-28,M022,P02,T03,121547.61
2025-09-28,M023,P03,T01,138408.69
2025-09-28,M024,P04,T03,103887.46
2025-09-28,M025,P01,T01,206326.25
2025-09-28,M026,P02,T03,160742.15
2025-09-28,M027,P03,T01,174790.01
2025-09-28,M028,P04,T03,150122.79
2025-09-28,M029,P01,T01,172209.07
2025-09-28,M030,P02,T03,137966.37
2025-09-28,M031,P03,T01,161349.3
2025-09-28,M032,P04,T03,143772.58
2025-09-28,M033,P01,T01,245213.5
2025-09-28,M034,P02,T03,181366.62
2025-09-28,M035,P03,T01,211314.11
2025-09-28,M036,P04,T03,111644.78
2025-09-28,M037,P01,T01,213799.94
2025-09-28,M038,P02,T03,175825.86
2025-09-28,M039,P03,T01,176507.84
2025-09-28,M040,P04,T03,155265.74
2025-09-28,M041,P01,T01,262987.07
2025-09-28,M042,P02,T03,207333.88
2025-09-28,M043,P03,T01,161736.54
2025-09-28,M044,P04,T03,137543.75
2025-09-28,M045,P01,T01,236896.54
2025-09-28,M046,P02,T03,188172.22
2025-09-28,M047,P03,T01,219254.88
2025-09-28,M048,P04,T03,193024.35
2025-09-29,M001,P02,T02,88294.6
2025-09-29,M002,P03,T04,77912.28
2025-09-29,M003,P04,T02,98498.13
2025-09-29,M004,P01,T04,116299.01
2025-09-29,M005,P02,T02,148758.03
2025-09-29,M006,P03,T04,111135.54
2025-09-29,M007,P04,T02,147792.37
2025-09-29,M008,P01,T04,98824.92
2025-09-29,M009,P02,T02,131673.4
2025-09-29,M010,P03,T04,102278.94
2025-09-29,M011,P04,T02,124384.74
2025-09-29,M012,P01,T04,136292.1
2025-09-29,M013,P02,T02,193349.61
2025-09-29,M014,P03,T04,131553.51
2025-09-29,M015,P04,T02,105047.96
2025-09-29,M016,P01,T04,128215.24
2025-09-29,M017,P02,T02,172694.56
2025-09-29,M018,P03,T04,123542.08
2025-09-29,M019,P04,T02,164827.14
2025-09-29,M020,P01,T04,172445.4
2025-09-29,M021,P02,T02,247343.42
2025-09-29,M022,P03,T04,115501.76
2025-09-29,M023,P04,T02,137362.66
2025-09-29,M024,P01,T04,168721.06
2025-09-29,M025,P02,T02,220106.55
2025-09-29,M026,P03,T04,153508.65
2025-09-29,M027,P04,T02,196378.36
2025-09-29,M028,P01,T04,218354.61
2025-09-29,M029,P02,T02,174655.38
2025-09-29,M030,P03,T04,133583.47
2025-09-29,M031,P04,T02,178134.03
2025-09-29,M032,P01,T04,191101.16
2025-09-29,M033,P02,T02,239897.75
2025-09-29,M034,P03,T04,181849.5
2025-09-29,M035,P04,T02,225154.61
2025-09-29,M036,P01,T04,178394.19
2025-09-29,M037,P02,T02,229487.75
2025-09-29,M038,P03,T04,165208.1
2025-09-29,M039,P04,T02,194733.84
2025-09-29,M040,P01,T04,210642.49
2025-09-29,M041,P02,T02,307127.15
2025-09-29,M042,P03,T04,194052.17
2025-09-29,M043,P04,T02,193778.09
2025-09-29,M044,P01,T04,213078.58
2025-09-29,M045,P02,T02,264429.62
2025-09-29,M046,P03,T04,179255.58
2025-09-29,M047,P04,T02,254608.41
2025-09-29,M048,P01,T04,275758.31
2025-09-30,M001,P03,T03,48948.8
2025-09-30,M002,P04,T01,99790.81
2025-09-30,M003,P01,T03,90373.18
2025-09-30,M004,P02,T01,156982.57
2025-09-30,M005,P03,T03,84616.59
2025-09-30,M006,P04,T01,163094.95
2025-09-30,M007,P01,T03,137440.94
2025-09-30,M008,P02,T01,134902.26
2025-09-30,M009,P03,T03,73723.3
2025-09-30,M010,P04,T01,141732.79
2025-09-30,M011,P01,T03,107575.73
2025-09-30,M012,P02,T01,207189.58
2025-09-30,M013,P03,T03,110664.96
2025-09-30,M014,P04,T01,188305.37
2025-09-30,M015,P01,T03,103050.77
2025-09-30,M016,P02,T01,169405.16
2025-09-30,M017,P03,T03,99191.92
2025-09-30,M018,P04,T01,172590.86
2025-09-30,M019,P01,T03,132074.71
2025-09-30,M020,P02,T01,239905.22
2025-09-30,M021,P03,T03,136193.95
2025-09-30,M022,P04,T01,165474.87
2025-09-30,M023,P01,T03,128612.11
2025-09-30,M024,P02,T01,217480.43
2025-09-30,M025,P03,T03,116811.86
2025-09-30,M026,P04,T01,201073.97
2025-09-30,M027,P01,T03,161463.72
2025-09-30,M028,P02,T01,302252.65
2025-09-30,M029,P03,T03,107938.02
2025-09-30,M030,P04,T01,198319.1
2025-09-30,M031,P01,T03,158751.01
2025-09-30,M032,P02,T01,282333.95
2025-09-30,M033,P03,T03,143949.42
2025-09-30,M034,P04,T01,253545.82
2025-09-30,M035,P01,T03,197718.26
2025-09-30,M036,P02,T01,223977.12
2025-09-30,M037,P03,T03,115715.62
2025-09-30,M038,P04,T01,221302.17
2025-09-30,M039,P01,T03,172880.56
2025-09-30,M040,P02,T01,306318.23
2025-09-30,M041,P03,T03,161877.66
2025-09-30,M042,P04,T01,295384.19
2025-09-30,M043,P01,T03,151506.14
2025-09-30,M044,P02,T01,281059.05
2025-09-30,M045,P03,T03,156625.82
2025-09-30,M046,P04,T01,282013.19
2025-09-30,M047,P01,T03,207033.21
2025-09-30,M048,P02,T01,363183.47
2025-10-01,M001,P02,T02,86323.42
2025-10-01,M002,P03,T04,65803.44
2025-10-01,M003,P04,T02,96709.89
2025-10-01,M004,P01,T04,114021.4
2025-10-01,M005,P02,T02,149400.91
2025-10-01,M006,P03,T04,118452.62
2025-10-01,M007,P04,T02,147254.8
2025-10-01,M008,P01,T04,93737.19
2025-10-01,M009,P02,T02,139341.34
2025-10-01,M010,P03,T04,101786.39
2025-10-01,M011,P04,T02,133293.92
2025-10-01,M012,P01,T04,142994.8
2025-10-01,M013,P02,T02,184529.0
2025-10-01,M014,P03,T04,130883.43
2025-10-01,M015,P04,T02,115829.06
2025-10-01,M016,P01,T04,134270.8
2025-10-01,M017,P02,T02,167847.22
2025-10-01,M018,P03,T04,131056.21
2025-10-01,M019,P04,T02,176449.46
2025-10-01,M020,P01,T04,188405.86
2025-10-01,M021,P02,T02,217679.48
2025-10-01,M022,P03,T04,108309.74
2025-10-01,M023,P04,T02,150134.34
2025-10-01,M024,P01,T04,164082.44
2025-10-01,M025,P02,T02,191935.76
2025-10-01,M026,P03,T04,153856.14
2025-10-01,M027,P04,T02,205878.52
2025-10-01,M028,P01,T04,220314.1
2025-10-01,M029,P02,T02,176295.31
2025-10-01,M030,P03,T04,141314.94
2025-10-01,M031,P04,T02,186417.16
2025-10-01,M032,P01,T04,180912.86
2025-10-01,M033,P02,T02,233942.65
2025-10-01,M034,P03,T04,179470.14
2025-10-01,M035,P04,T02,236844.73
2025-10-01,M036,P01,T04,180868.23
2025-10-01,M037,P02,T02,239800.15
2025-10-01,M038,P03,T04,168783.3
2025-10-01,M039,P04,T02,221977.91
2025-10-01,M040,P01,T04,216422.83
2025-10-01,M041,P02,T02,300181.2
2025-10-01,M042,P03,T04,206358.29
2025-10-01,M043,P04,T02,174514.6
2025-10-01,M044,P01,T04,209460.25
2025-10-01,M045,P02,T02,268791.18
2025-10-01,M046,P03,T04,184496.79
2025-10-01,M047,P04,T02,227428.08
2025-10-01,M048,P01,T04,242791.77
2025-10-02,M001,P03,T03,52163.45
2025-10-02,M002,P04,T01,97242.66
2025-10-02,M003,P01,T03,81665.8
2025-10-02,M004,P02,T01,159864.03
2025-10-02,M005,P03,T03,89792.54
2025-10-02,M006,P04,T01,157735.6
2025-10-02,M007,P01,T03,129772.15
2025-10-02,M008,P02,T01,140693.4
2025-10-02,M009,P03,T03,74778.83
2025-10-02,M010,P04,T01,148847.82
2025-10-02,M011,P01,T03,115527.84
2025-10-02,M012,P02,T01,202838.01
2025-10-02,M013,P03,T03,115457.37
2025-10-02,M014,P04,T01,187119.09
2025-10-02,M015,P01,T03,100195.36
2025-10-02,M016,P02,T01,174627.46
2025-10-02,M017,P03,T03,92205.19
2025-10-02,M018,P04,T01,170530.0
2025-10-02,M019,P01,T03,131482.32
2025-10-02,M020,P02,T01,233521.66
2025-10-02,M021,P03,T03,125745.25
2025-10-02,M022,P04,T01,148128.94
2025-10-02,M023,P01,T03,126749.38
2025-10-02,M024,P02,T01,212573.44
2025-10-02,M025,P03,T03,111484.51
2025-10-02,M026,P04,T01,206078.45
2025-10-02,M027,P01,T03,159387.92
2025-10-02,M028,P02,T01,283234.32
2025-10-02,M029,P03,T03,97973.82
2025-10-02,M030,P04,T01,183085.21
2025-10-02,M031,P01,T03,141158.41
2025-10-02,M032,P02,T01,248856.82
2025-10-02,M033,P03,T03,141996.48
2025-10-02,M034,P04,T01,247516.57
2025-10-02,M035,P01,T03,181735.3
2025-10-02,M036,P02,T01,243904.42
2025-10-02,M037,P03,T03,133201.39
2025-10-02,M038,P04,T01,231537.98
2025-10-02,M039,P01,T03,170677.68
2025-10-02,M040,P02,T01,295342.3
2025-10-02,M041,P03,T03,152727.39
2025-10-02,M042,P04,T01,309372.19
2025-10-02,M043,P01,T03,158624.76
2025-10-02,M044,P02,T01,264434.26
2025-10-02,M045,P03,T03,144539.03
2025-10-02,M046,P04,T01,265676.16
2025-10-02,M047,P01,T03,188360.28
2025-10-02,M048,P02,T01,370677.02
2025-10-03,M001,P04,T04,71264.95
2025-10-03,M002,P01,T02,97838.66
2025-10-03,M003,P02,T04,122515.8
2025-10-03,M004,P03,T02,104349.54
2025-10-03,M005,P04,T04,111017.83
2025-10-03,M006,P01,T02,159880.35
2025-10-03,M007,P02,T04,175111.42
2025-10-03,M008,P03,T02,82083.96
2025-10-03,M009,P04,T04,97171.42
2025-10-03,M010,P01,T02,123265.65
2025-10-03,M011,P02,T04,155876.26
2025-10-03,M012,P03,T02,125875.2
2025-10-03,M013,P04,T04,154367.19
2025-10-03,M014,P01,T02,180381.76
2025-10-03,M015,P02,T04,132042.69
2025-10-03,M016,P03,T02,112572.23
2025-10-03,M017,P04,T04,134454.81
2025-10-03,M018,P01,T02,169247.2
2025-10-03,M019,P02,T04,192054.94
2025-10-03,M020,P03,T02,151518.03
2025-10-03,M021,P04,T04,188867.72
2025-10-03,M022,P01,T02,140545.74
2025-10-03,M023,P02,T04,152182.91
2025-10-03,M024,P03,T02,146235.27
2025-10-03,M025,P04,T04,158937.5
2025-10-03,M026,P01,T02,194986.34
2025-10-03,M027,P02,T04,226197.52
2025-10-03,M028,P03,T02,179670.3
2025-10-03,M029,P04,T04,135924.04
2025-10-03,M030,P01,T02,174225.72
2025-10-03,M031,P02,T04,204755.6
2025-10-03,M032,P03,T02,169378.43
2025-10-03,M033,P04,T04,177189.89
2025-10-03,M034,P01,T02,243637.28
2025-10-03,M035,P02,T04,251298.41
2025-10-03,M036,P03,T02,148966.82
2025-10-03,M037,P04,T04,170050.02
2025-10-03,M038,P01,T02,194153.19
2025-10-03,M039,P02,T04,246167.39
2025-10-03,M040,P03,T02,191028.6
2025-10-03,M041,P04,T04,236489.47
2025-10-03,M042,P01,T02,246477.49
2025-10-03,M043,P02,T04,206052.01
2025-10-03,M044,P03,T02,179840.54
2025-10-03,M045,P04,T04,213230.66
2025-10-03,M046,P01,T02,224266.91
2025-10-03,M047,P02,T04,275355.02
2025-10-03,M048,P03,T02,213169.32
2025-10-04,M001,P01,T01,77903.22
2025-10-04,M002,P02,T03,72129.52
2025-10-04,M003,P03,T01,85524.89
2025-10-04,M004,P04,T03,81357.43
2025-10-04,M005,P01,T01,141299.56
2025-10-04,M006,P02,T03,128081.66
2025-10-04,M007,P03,T01,129538.79
2025-10-04,M008,P04,T03,69651.1
2025-10-04,M009,P01,T01,112604.06
2025-10-04,M010,P02,T03,104999.83
2025-10-04,M011,P03,T01,122981.51
2025-10-04,M012,P04,T03,103739.07
2025-10-04,M013,P01,T01,185821.42
2025-10-04,M014,P02,T03,141378.8
2025-10-04,M015,P03,T01,108190.94
2025-10-04,M016,P04,T03,92636.49
2025-10-04,M017,P01,T01,156880.84
2025-10-04,M018,P02,T03,128628.47
2025-10-04,M019,P03,T01,157161.17
2025-10-04,M020,P04,T03,128871.8
2025-10-04,M021,P01,T01,229527.7
2025-10-04,M022,P02,T03,121234.11
2025-10-04,M023,P03,T01,141863.34
2025-10-04,M024,P04,T03,107371.44
2025-10-04,M025,P01,T01,182423.16
2025-10-04,M026,P02,T03,161064.64
2025-10-04,M027,P03,T01,173742.97
2025-10-04,M028,P04,T03,141817.95
2025-10-04,M029,P01,T01,177845.96
2025-10-04,M030,P02,T03,133221.84
2025-10-04,M031,P03,T01,159339.36
2025-10-04,M032,P04,T03,126291.06
2025-10-04,M033,P01,T01,234521.23
2025-10-04,M034,P02,T03,190954.67
2025-10-04,M035,P03,T01,196436.45
2025-10-04,M036,P04,T03,125707.66
2025-10-04,M037,P01,T01,214505.64
2025-10-04,M038,P02,T03,178302.21
2025-10-04,M039,P03,T01,183954.49
2025-10-04,M040,P04,T03,153486.65
2025-10-04,M041,P01,T01,259344.83
2025-10-04,M042,P02,T03,218253.58
2025-10-04,M043,P03,T01,163302.64
2025-10-04,M044,P04,T03,136152.48
2025-10-04,M045,P01,T01,257130.87
2025-10-04,M046,P02,T03,199356.55
2025-10-04,M047,P03,T01,227355.89
2025-10-04,M048,P04,T03,176644.64
2025-10-05,M001,P02,T02,85967.38
2025-10-05,M002,P03,T04,63185.27
2025-10-05,M003,P04,T02,93897.68
2025-10-05,M004,P01,T04,107921.52
2025-10-05,M005,P02,T02,131487.56
2025-10-05,M006,P03,T04,100022.56
2025-10-05,M007,P04,T02,145136.07
2025-10-05,M008,P01,T04,89284.03
2025-10-05,M009,P02,T02,116233.82
2025-10-05,M010,P03,T04,94535.25
2025-10-05,M011,P04,T02,120096.52
2025-10-05,M012,P01,T04,131223.59
2025-10-05,M013,P02,T02,182301.6
2025-10-05,M014,P03,T04,116243.55
2025-10-05,M015,P04,T02,97998.31
2025-10-05,M016,P01,T04,117828.02
2025-10-05,M017,P02,T02,148298.84
2025-10-05,M018,P03,T04,104347.47
2025-10-05,M019,P04,T02,138147.92
2025-10-05,M020,P01,T04,151636.19
2025-10-05,M021,P02,T02,196260.5
2025-10-05,M022,P03,T04,97121.96
2025-10-05,M023,P04,T02,123351.27
2025-10-05,M024,P01,T04,141241.17
2025-10-05,M025,P02,T02,182027.76
2025-10-05,M026,P03,T04,132651.8
2025-10-05,M027,P04,T02,184748.48
2025-10-05,M028,P01,T04,197016.08
2025-10-05,M029,P02,T02,158160.79
2025-10-05,M030,P03,T04,116584.32
2025-10-05,M031,P04,T02,161354.05
2025-10-05,M032,P01,T04,158307.88
2025-10-05,M033,P02,T02,225815.61
2025-10-05,M034,P03,T04,163908.34
2025-10-05,M035,P04,T02,196239.21
2025-10-05,M036,P01,T04,157778.79
2025-10-05,M037,P02,T02,205337.62
2025-10-05,M038,P03,T04,140701.49
2025-10-05,M039,P04,T02,193441.56
2025-10-05,M040,P01,T04,204603.95
2025-10-05,M041,P02,T02,254497.0
2025-10-05,M042,P03,T04,185791.16
2025-10-05,M043,P04,T02,162249.22
2025-10-05,M044,P01,T04,190214.73
2025-10-05,M045,P02,T02,241619.26
2025-10-05,M046,P03,T04,170983.25
2025-10-05,M047,P04,T02,207601.0
2025-10-05,M048,P01,T04,238625.07
2025-10-06,M001,P03,T03,54134.71
2025-10-06,M002,P04,T01,108243.14
2025-10-06,M003,P01,T03,82918.24
2025-10-06,M004,P02,T01,150716.36
2025-10-06,M005,P03,T03,86368.19
2025-10-06,M006,P04,T01,153205.55
2025-10-06,M007,P01,T03,135208.3
2025-10-06,M008,P02,T01,133817.38
2025-10-06,M009,P03,T03,72517.41
2025-10-06,M010,P04,T01,147001.93
2025-10-06,M011,P01,T03,105271.47
2025-10-06,M012,P02,T01,192438.73
2025-10-06,M013,P03,T03,111204.5
2025-10-06,M014,P04,T01,215098.95
2025-10-06,M015,P01,T03,88300.88
2025-10-06,M016,P02,T01,181115.89
2025-10-06,M017,P03,T03,88714.21
2025-10-06,M018,P04,T01,186674.17
2025-10-06,M019,P01,T03,139306.52
2025-10-06,M020,P02,T01,238727.05
2025-10-06,M021,P03,T03,128451.41
2025-10-06,M022,P04,T01,147556.22
2025-10-06,M023,P01,T03,122119.43
2025-10-06,M024,P02,T01,221719.71
2025-10-06,M025,P03,T03,124559.62
2025-10-06,M026,P04,T01,199538.96
2025-10-06,M027,P01,T03,168146.6
2025-10-06,M028,P02,T01,279734.76
2025-10-06,M029,P03,T03,96264.28
2025-10-06,M030,P04,T01,194272.24
2025-10-06,M031,P01,T03,142865.02
2025-10-06,M032,P02,T01,258808.15
2025-10-06,M033,P03,T03,146501.03
2025-10-06,M034,P04,T01,255596.0
2025-10-06,M035,P01,T03,198420.99
2025-10-06,M036,P02,T01,226245.54
2025-10-06,M037,P03,T03,133591.9
2025-10-06,M038,P04,T01,210816.78
2025-10-06,M039,P01,T03,169418.71
2025-10-06,M040,P02,T01,308596.99
2025-10-06,M041,P03,T03,162110.21
2025-10-06,M042,P04,T01,302187.85
2025-10-06,M043,P01,T03,165127.37
2025-10-06,M044,P02,T01,284245.14
2025-10-06,M045,P03,T03,140428.07
2025-10-06,M046,P04,T01,246376.08
2025-10-06,M047,P01,T03,216636.0
2025-10-06,M048,P02,T01,370356.46
2025-10-07,M001,P04,T04,67791.11
2025-10-07,M002,P01,T02,96875.7
2025-10-07,M003,P02,T04,120447.84
2025-10-07,M004,P03,T02,93343.31
2025-10-07,M005,P04,T04,117108.37
2025-10-07,M006,P01,T02,156671.79
2025-10-07,M007,P02,T04,172213.16
2025-10-07,M008,P03,T02,84871.03
2025-10-07,M009,P04,T04,95404.18
2025-10-07,M010,P01,T02,122113.14
2025-10-07,M011,P02,T04,157518.69
2025-10-07,M012,P03,T02,126460.67
2025-10-07,M013,P04,T04,155504.48
2025-10-07,M014,P01,T02,185812.73
2025-10-07,M015,P02,T04,136750.49
2025-10-07,M016,P03,T02,110689.86
2025-10-07,M017,P04,T04,131319.25
2025-10-07,M018,P01,T02,165713.06
2025-10-07,M019,P02,T04,198745.77
2025-10-07,M020,P03,T02,145497.13
2025-10-07,M021,P04,T04,189754.24
2025-10-07,M022,P01,T02,144499.05
2025-10-07,M023,P02,T04,155877.45
2025-10-07,M024,P03,T02,136589.05
2025-10-07,M025,P04,T04,166611.27
2025-10-07,M026,P01,T02,197421.53
2025-10-07,M027,P02,T04,234816.5
2025-10-07,M028,P03,T02,174648.06
2025-10-07,M029,P04,T04,140238.83
2025-10-07,M030,P01,T02,188755.72
2025-10-07,M031,P02,T04,197270.97
2025-10-07,M032,P03,T02,157371.91
2025-10-07,M033,P04,T04,201135.13
2025-10-07,M034,P01,T02,238739.29
2025-10-07,M035,P02,T04,273748.88
2025-10-07,M036,P03,T02,140555.68
2025-10-07,M037,P04,T04,163549.35
2025-10-07,M038,P01,T02,223161.47
2025-10-07,M039,P02,T04,256067.94
2025-10-07,M040,P03,T02,179095.93
2025-10-07,M041,P04,T04,231485.23
2025-10-07,M042,P01,T02,261210.12
2025-10-07,M043,P02,T04,203272.74
2025-10-07,M044,P03,T02,176021.84
2025-10-07,M045,P04,T04,187924.74
2025-10-07,M046,P01,T02,235041.5
2025-10-07,M047,P02,T04,289767.48
2025-10-07,M048,P03,T02,220934.18
2025-10-08,M001,P01,T01,93680.3
2025-10-08,M002,P02,T03,89696.54
2025-10-08,M003,P03,T01,107414.5
2025-10-08,M004,P04,T03,84935.09
2025-10-08,M005,P01,T01,145669.23
2025-10-08,M006,P02,T03,138082.18
2025-10-08,M007,P03,T01,157936.66
2025-10-08,M008,P04,T03,69370.81
2025-10-08,M009,P01,T01,128280.17
2025-10-08,M010,P02,T03,121998.95
2025-10-08,M011,P03,T01,140486.47
2025-10-08,M012,P04,T03,105728.19
2025-10-08,M013,P01,T01,193798.4
2025-10-08,M014,P02,T03,153941.49
2025-10-08,M015,P03,T01,108770.83
2025-10-08,M016,P04,T03,94041.89
2025-10-08,M017,P01,T01,171800.76
2025-10-08,M018,P02,T03,143315.83
2025-10-08,M019,P03,T01,163468.6
2025-10-08,M020,P04,T03,138224.21
2025-10-08,M021,P01,T01,220026.54
2025-10-08,M022,P02,T03,134575.09
2025-10-08,M023,P03,T01,150606.22
2025-10-08,M024,P04,T03,129376.34
2025-10-08,M025,P01,T01,195864.07
2025-10-08,M026,P02,T03,184988.21
2025-10-08,M027,P03,T01,204856.33
2025-10-08,M028,P04,T03,173295.21
2025-10-08,M029,P01,T01,199063.31
2025-10-08,M030,P02,T03,151290.65
2025-10-08,M031,P03,T01,172089.74
2025-10-08,M032,P04,T03,158033.67
2025-10-08,M033,P01,T01,241730.2
2025-10-08,M034,P02,T03,210627.95
2025-10-08,M035,P03,T01,228908.7
2025-10-08,M036,P04,T03,132724.22
2025-10-08,M037,P01,T01,212055.31
2025-10-08,M038,P02,T03,191043.46
2025-10-08,M039,P03,T01,210754.68
2025-10-08,M040,P04,T03,183226.69
2025-10-08,M041,P01,T01,311321.02
2025-10-08,M042,P02,T03,220102.08
2025-10-08,M043,P03,T01,184944.61
2025-10-08,M044,P04,T03,164051.05
2025-10-08,M045,P01,T01,272755.3
2025-10-08,M046,P02,T03,200474.69
2025-10-08,M047,P03,T01,239634.98
2025-10-08,M048,P04,T03,212543.87
2025-10-09,M001,P02,T02,87016.07
2025-10-09,M002,P03,T04,76342.3
2025-10-09,M003,P04,T02,105075.36
2025-10-09,M004,P01,T04,116441.43
2025-10-09,M005,P02,T02,154978.03
2025-10-09,M006,P03,T04,105957.6
2025-10-09,M007,P04,T02,162363.39
2025-10-09,M008,P01,T04,97452.81
2025-10-09,M009,P02,T02,121458.64
2025-10-09,M010,P03,T04,92415.76
2025-10-09,M011,P04,T02,132328.04
2025-10-09,M012,P01,T04,155922.22
2025-10-09,M013,P02,T02,208856.19
2025-10-09,M014,P03,T04,145935.0
2025-10-09,M015,P04,T02,112532.98
2025-10-09,M016,P01,T04,132944.83
2025-10-09,M017,P02,T02,169496.68
2025-10-09,M018,P03,T04,116244.19
2025-10-09,M019,P04,T02,175915.82
2025-10-09,M020,P01,T04,181194.91
2025-10-09,M021,P02,T02,219638.14
2025-10-09,M022,P03,T04,108330.2
2025-10-09,M023,P04,T02,138122.92
2025-10-09,M024,P01,T04,163414.6
2025-10-09,M025,P02,T02,206291.23
2025-10-09,M026,P03,T04,148857.95
2025-10-09,M027,P04,T02,193514.72
2025-10-09,M028,P01,T04,214756.37
2025-10-09,M029,P02,T02,190706.87
2025-10-09,M030,P03,T04,126284.96
2025-10-09,M031,P04,T02,163108.29
2025-10-09,M032,P01,T04,184325.27
2025-10-09,M033,P02,T02,251194.41
2025-10-09,M034,P03,T04,185267.22
2025-10-09,M035,P04,T02,243651.21
2025-10-09,M036,P01,T04,166115.82
2025-10-09,M037,P02,T02,218212.7
2025-10-09,M038,P03,T04,147660.4
2025-10-09,M039,P04,T02,217108.48
2025-10-09,M040,P01,T04,233920.65
2025-10-09,M041,P02,T02,272319.23
2025-10-09,M042,P03,T04,214387.98
2025-10-09,M043,P04,T02,188236.55
2025-10-09,M044,P01,T04,194585.96
2025-10-09,M045,P02,T02,269362.74
2025-10-09,M046,P03,T04,198252.72
2025-10-09,M047,P04,T02,239368.26
2025-10-09,M048,P01,T04,271870.2
2025-10-10,M001,P03,T03,48510.28
2025-10-10,M002,P04,T01,94118.16
2025-10-10,M003,P01,T03,79172.81
2025-10-10,M004,P02,T01,168282.27
2025-10-10,M005,P03,T03,84415.63
2025-10-10,M006,P04,T01,153477.4
2025-10-10,M007,P01,T03,123835.82
2025-10-10,M008,P02,T01,141620.93
2025-10-10,M009,P03,T03,74298.1
2025-10-10,M010,P04,T01,146612.85
2025-10-10,M011,P01,T03,114287.77
2025-10-10,M012,P02,T01,192520.98
2025-10-10,M013,P03,T03,114985.87
2025-10-10,M014,P04,T01,192249.93
2025-10-10,M015,P01,T03,92180.74
2025-10-10,M016,P02,T01,170746.58
2025-10-10,M017,P03,T03,88533.27
2025-10-10,M018,P04,T01,167453.33
2025-10-10,M019,P01,T03,140993.89
2025-10-10,M020,P02,T01,235862.77
2025-10-10,M021,P03,T03,135807.22
2025-10-10,M022,P04,T01,154967.1
2025-10-10,M023,P01,T03,128513.99
2025-10-10,M024,P02,T01,234049.21
2025-10-10,M025,P03,T03,124423.13
2025-10-10,M026,P04,T01,224642.06
2025-10-10,M027,P01,T03,156007.73
2025-10-10,M028,P02,T01,285486.06
2025-10-10,M029,P03,T03,104287.37
2025-10-10,M030,P04,T01,175808.81
2025-10-10,M031,P01,T03,148101.92
2025-10-10,M032,P02,T01,276410.1
2025-10-10,M033,P03,T03,136349.97
2025-10-10,M034,P04,T01,248810.04
2025-10-10,M035,P01,T03,194858.3
2025-10-10,M036,P02,T01,254541.4
2025-10-10,M037,P03,T03,120643.11
2025-10-10,M038,P04,T01,238800.3
2025-10-10,M039,P01,T03,172634.56
2025-10-10,M040,P02,T01,329936.22
2025-10-10,M041,P03,T03,155186.0
2025-10-10,M042,P04,T01,264730.47
2025-10-10,M043,P01,T03,153370.31
2025-10-10,M044,P02,T01,283296.16
2025-10-10,M045,P03,T03,146111.64
2025-10-10,M046,P04,T01,276765.91
2025-10-10,M047,P01,T03,200660.82
2025-10-10,M048,P02,T01,357207.18
2025-10-11,M001,P04,T04,63522.37
2025-10-11,M002,P01,T02,80580.75
2025-10-11,M003,P02,T04,110127.72
2025-10-11,M004,P03,T02,88302.59
2025-10-11,M005,P04,T04,110176.81
2025-10-11,M006,P01,T02,131891.02
2025-10-11,M007,P02,T04,160658.97
2025-10-11,M008,P03,T02,75640.41
2025-10-11,M009,P04,T04,83616.25
2025-10-11,M010,P01,T02,111090.67
2025-10-11,M011,P02,T04,132995.71
2025-10-11,M012,P03,T02,110681.7
2025-10-11,M013,P04,T04,128045.97
2025-10-11,M014,P01,T02,160177.38
2025-10-11,M015,P02,T04,120305.45
2025-10-11,M016,P03,T02,104588.54
2025-10-11,M017,P04,T04,113473.83
2025-10-11,M018,P01,T02,140020.39
2025-10-11,M019,P02,T04,174840.94
2025-10-11,M020,P03,T02,140623.8
2025-10-11,M021,P04,T04,163418.19
2025-10-11,M022,P01,T02,136887.72
2025-10-11,M023,P02,T04,140766.5
2025-10-11,M024,P03,T02,127952.45
2025-10-11,M025,P04,T04,138672.58
2025-10-11,M026,P01,T02,164033.89
2025-10-11,M027,P02,T04,212566.45
2025-10-11,M028,P03,T02,170462.95
2025-10-11,M029,P04,T04,126122.68
2025-10-11,M030,P01,T02,148735.22
2025-10-11,M031,P02,T04,172503.03
2025-10-11,M032,P03,T02,156965.2
2025-10-11,M033,P04,T04,164701.19
2025-10-11,M034,P01,T02,219344.51
2025-10-11,M035,P02,T04,253174.69
2025-10-11,M036,P03,T02,134992.27
2025-10-11,M037,P04,T04,164225.54
2025-10-11,M038,P01,T02,186131.51
2025-10-11,M039,P02,T04,229487.14
2025-10-11,M040,P03,T02,185940.59
2025-10-11,M041,P04,T04,198557.48
2025-10-11,M042,P01,T02,232699.38
2025-10-11,M043,P02,T04,195507.87
2025-10-11,M044,P03,T02,158596.82
2025-10-11,M045,P04,T04,187579.36
2025-10-11,M046,P01,T02,208853.25
2025-10-11,M047,P02,T04,240988.62
2025-10-11,M048,P03,T02,212578.0
2025-10-12,M001,P01,T01,83841.92
2025-10-12,M002,P02,T03,80154.29
2025-10-12,M003,P03,T01,90421.62
2025-10-12,M004,P04,T03,83984.76
2025-10-12,M005,P01,T01,138860.82
2025-10-12,M006,P02,T03,111421.1
2025-10-12,M007,P03,T01,139894.56
2025-10-12,M008,P04,T03,70211.36
2025-10-12,M009,P01,T01,127578.11
2025-10-12,M010,P02,T03,111394.8
2025-10-12,M011,P03,T01,115393.17
2025-10-12,M012,P04,T03,95786.1
2025-10-12,M013,P01,T01,188866.52
2025-10-12,M014,P02,T03,144366.11
2025-10-12,M015,P03,T01,109957.32
2025-10-12,M016,P04,T03,89986.51
2025-10-12,M017,P01,T01,144098.03
2025-10-12,M018,P02,T03,123861.44
2025-10-12,M019,P03,T01,151494.19
2025-10-12,M020,P04,T03,122809.21
2025-10-12,M021,P01,T01,211925.38
2025-10-12,M022,P02,T03,117134.47
2025-10-12,M023,P03,T01,130498.57
2025-10-12,M024,P04,T03,111239.01
2025-10-12,M025,P01,T01,176621.8
2025-10-12,M026,P02,T03,167943.33
2025-10-12,M027,P03,T01,173964.24
2025-10-12,M028,P04,T03,147871.48
2025-10-12,M029,P01,T01,161427.16
2025-10-12,M030,P02,T03,145412.62
2025-10-12,M031,P03,T01,172224.55
2025-10-12,M032,P04,T03,137017.12
2025-10-12,M033,P01,T01,236311.74
2025-10-12,M034,P02,T03,192122.98
2025-10-12,M035,P03,T01,204755.46
2025-10-12,M036,P04,T03,111537.63
2025-10-12,M037,P01,T01,211984.43
2025-10-12,M038,P02,T03,169247.56
2025-10-12,M039,P03,T01,179573.38
2025-10-12,M040,P04,T03,162370.58
2025-10-12,M041,P01,T01,282064.48
2025-10-12,M042,P02,T03,212612.34
2025-10-12,M043,P03,T01,169021.6
2025-10-12,M044,P04,T03,148397.19
2025-10-12,M045,P01,T01,248789.07
2025-10-12,M046,P02,T03,203793.32
2025-10-12,M047,P03,T01,222355.49
2025-10-12,M048,P04,T03,185012.85
2025-10-13,M001,P02,T02,89551.86
2025-10-13,M002,P03,T04,71684.18
2025-10-13,M003,P04,T02,93721.94
2025-10-13,M004,P01,T04,115429.12
2025-10-13,M005,P02,T02,153245.87
2025-10-13,M006,P03,T04,112381.65
2025-10-13,M007,P04,T02,159505.33
2025-10-13,M008,P01,T04,88939.24
2025-10-13,M009,P02,T02,138103.51
2025-10-13,M010,P03,T04,92121.87
2025-10-13,M011,P04,T02,140975.74
2025-10-13,M012,P01,T04,157788.46
2025-10-13,M013,P02,T02,198112.71
2025-10-13,M014,P03,T04,147036.21
2025-10-13,M015,P04,T02,118960.88
2025-10-13,M016,P01,T04,122681.14
2025-10-13,M017,P02,T02,171964.83
2025-10-13,M018,P03,T04,133245.56
2025-10-13,M019,P04,T02,176061.39
2025-10-13,M020,P01,T04,173427.91
2025-10-13,M021,P02,T02,233833.98
2025-10-13,M022,P03,T04,101907.87
2025-10-13,M023,P04,T02,139227.52
2025-10-13,M024,P01,T04,165483.63
2025-10-13,M025,P02,T02,206201.12
2025-10-13,M026,P03,T04,155810.3
2025-10-13,M027,P04,T02,188229.23
2025-10-13,M028,P01,T04,213634.86
2025-10-13,M029,P02,T02,189590.53
2025-10-13,M030,P03,T04,141783.06
2025-10-13,M031,P04,T02,169137.39
2025-10-13,M032,P01,T04,185479.36
2025-10-13,M033,P02,T02,249984.63
2025-10-13,M034,P03,T04,184931.18
2025-10-13,M035,P04,T02,244095.65
2025-10-13,M036,P01,T04,173572.07
2025-10-13,M037,P02,T02,237449.94
2025-10-13,M038,P03,T04,153235.22
2025-10-13,M039,P04,T02,214418.76
2025-10-13,M040,P01,T04,213902.04
2025-10-13,M041,P02,T02,307842.93
2025-10-13,M042,P03,T04,196854.32
2025-10-13,M043,P04,T02,182663.16
2025-10-13,M044,P01,T04,193016.97
2025-10-13,M045,P02,T02,241425.24
2025-10-13,M046,P03,T04,194863.72
2025-10-13,M047,P04,T02,256512.29
2025-10-13,M048,P01,T04,237024.89
2025-10-14,M001,P03,T03,49865.37
2025-10-14,M002,P04,T01,108241.93
2025-10-14,M003,P01,T03,80508.84
2025-10-14,M004,P02,T01,171265.13
2025-10-14,M005,P03,T03,87144.12
2025-10-14,M006,P04,T01,159233.86
2025-10-14,M007,P01,T03,119587.87
2025-10-14,M008,P02,T01,142871.14
2025-10-14,M009,P03,T03,75839.41
2025-10-14,M010,P04,T01,143396.73
2025-10-14,M011,P01,T03,115349.62
2025-10-14,M012,P02,T01,222938.06
2025-10-14,M013,P03,T03,102302.39
2025-10-14,M014,P04,T01,201838.78
2025-10-14,M015,P01,T03,93521.33
2025-10-14,M016,P02,T01,169632.04
2025-10-14,M017,P03,T03,96779.32
2025-10-14,M018,P04,T01,170463.26
2025-10-14,M019,P01,T03,149435.91
2025-10-14,M020,P02,T01,269969.76
2025-10-14,M021,P03,T03,135719.81
2025-10-14,M022,P04,T01,162097.37
2025-10-14,M023,P01,T03,117522.05
2025-10-14,M024,P02,T01,219839.01
2025-10-14,M025,P03,T03,116961.91
2025-10-14,M026,P04,T01,229548.48
2025-10-14,M027,P01,T03,156207.17
2025-10-14,M028,P02,T01,274435.48
2025-10-14,M029,P03,T03,103869.67
2025-10-14,M030,P04,T01,201885.03
2025-10-14,M031,P01,T03,140370.32
2025-10-14,M032,P02,T01,253186.96
2025-10-14,M033,P03,T03,148349.22
2025-10-14,M034,P04,T01,261341.23
2025-10-14,M035,P01,T03,201621.32
2025-10-14,M036,P02,T01,257810.02
2025-10-14,M037,P03,T03,117003.87
2025-10-14,M038,P04,T01,231314.38
2025-10-14,M039,P01,T03,166423.36
2025-10-14,M040,P02,T01,298753.34
2025-10-14,M041,P03,T03,166458.35
2025-10-14,M042,P04,T01,285557.96
2025-10-14,M043,P01,T03,155228.65
2025-10-14,M044,P02,T01,287776.47
2025-10-14,M045,P03,T03,149407.09
2025-10-14,M046,P04,T01,260062.01
2025-10-14,M047,P01,T03,208165.78
2025-10-14,M048,P02,T01,366861.83
2025-10-15,M001,P04,T04,70300.76
2025-10-15,M002,P01,T02,99949.92
2025-10-15,M003,P02,T04,119571.69
2025-10-15,M004,P03,T02,97026.34
2025-10-15,M005,P04,T04,113399.34
2025-10-15,M006,P01,T02,155304.2
2025-10-15,M007,P02,T04,173756.93
2025-10-15,M008,P03,T02,86447.93
2025-10-15,M009,P04,T04,104069.97
2025-10-15,M010,P01,T02,121637.33
2025-10-15,M011,P02,T04,150958.34
2025-10-15,M012,P03,T02,123456.05
2025-10-15,M013,P04,T04,156528.71
2025-10-15,M014,P01,T02,170333.69
2025-10-15,M015,P02,T04,119169.42
2025-10-15,M016,P03,T02,101584.83
2025-10-15,M017,P04,T04,127689.0
2025-10-15,M018,P01,T02,164065.66
2025-10-15,M019,P02,T04,194955.7
2025-10-15,M020,P03,T02,162551.61
2025-10-15,M021,P04,T04,170552.42
2025-10-15,M022,P01,T02,150084.84
2025-10-15,M023,P02,T04,154724.83
2025-10-15,M024,P03,T02,142768.56
2025-10-15,M025,P04,T04,149422.45
2025-10-15,M026,P01,T02,182294.35
2025-10-15,M027,P02,T04,225595.01
2025-10-15,M028,P03,T02,193155.43
2025-10-15,M029,P04,T04,145998.26
2025-10-15,M030,P01,T02,177412.29
2025-10-15,M031,P02,T04,192384.02
2025-10-15,M032,P03,T02,165113.32
2025-10-15,M033,P04,T04,198983.76
2025-10-15,M034,P01,T02,243090.08
2025-10-15,M035,P02,T04,282352.16
2025-10-15,M036,P03,T02,143441.7
2025-10-15,M037,P04,T04,162687.69
2025-10-15,M038,P01,T02,209803.61
2025-10-15,M039,P02,T04,242643.24
2025-10-15,M040,P03,T02,200124.93
2025-10-15,M041,P04,T04,210729.06
2025-10-15,M042,P01,T02,250121.06
2025-10-15,M043,P02,T04,219207.54
2025-10-15,M044,P03,T02,164964.4
2025-10-15,M045,P04,T04,209429.37
2025-10-15,M046,P01,T02,225102.3
2025-10-15,M047,P02,T04,290585.49
2025-10-15,M048,P03,T02,235340.53
2025-10-16,M001,P01,T01,85937.46
2025-10-16,M002,P02,T03,86051.61
2025-10-16,M003,P03,T01,98425.12
2025-10-16,M004,P04,T03,85182.59
2025-10-16,M005,P01,T01,164911.74
2025-10-16,M006,P02,T03,127007.01
2025-10-16,M007,P03,T01,151484.03
2025-10-16,M008,P04,T03,67755.5
2025-10-16,M009,P01,T01,138599.71
2025-10-16,M010,P02,T03,115565.92
2025-10-16,M011,P03,T01,123307.64
2025-10-16,M012,P04,T03,117380.13
2025-10-16,M013,P01,T01,188994.79
2025-10-16,M014,P02,T03,175119.72
2025-10-16,M015,P03,T01,109932.44
2025-10-16,M016,P04,T03,105796.76
2025-10-16,M017,P01,T01,173034.71
2025-10-16,M018,P02,T03,148336.26
2025-10-16,M019,P03,T01,173654.39
2025-10-16,M020,P04,T03,134583.04
2025-10-16,M021,P01,T01,221167.21
2025-10-16,M022,P02,T03,132902.89
2025-10-16,M023,P03,T01,138436.89
2025-10-16,M024,P04,T03,118834.59
2025-10-16,M025,P01,T01,216794.18
2025-10-16,M026,P02,T03,168701.8
2025-10-16,M027,P03,T01,203373.48
2025-10-16,M028,P04,T03,167924.77
2025-10-16,M029,P01,T01,179595.86
2025-10-16,M030,P02,T03,155787.62
2025-10-16,M031,P03,T01,183744.93
2025-10-16,M032,P04,T03,152085.62
2025-10-16,M033,P01,T01,237342.02
2025-10-16,M034,P02,T03,208629.51
2025-10-16,M035,P03,T01,232082.74
2025-10-16,M036,P04,T03,141180.38
2025-10-16,M037,P01,T01,213682.88
2025-10-16,M038,P02,T03,172437.42
2025-10-16,M039,P03,T01,195950.76
2025-10-16,M040,P04,T03,176183.51
2025-10-16,M041,P01,T01,290118.8
2025-10-16,M042,P02,T03,251620.38
2025-10-16,M043,P03,T01,193299.52
2025-10-16,M044,P04,T03,155917.44
2025-10-16,M045,P01,T01,252121.06
2025-10-16,M046,P02,T03,205593.26
2025-10-16,M047,P03,T01,233315.78
2025-10-16,M048,P04,T03,198543.83
2025-10-17,M001,P02,T02,95208.69
2025-10-17,M002,P03,T04,71083.66
2025-10-17,M003,P04,T02,102669.11
2025-10-17,M004,P01,T04,113274.17
2025-10-17,M005,P02,T02,162799.24
2025-10-17,M006,P03,T04,107104.11
2025-10-17,M007,P04,T02,141575.03
2025-10-17,M008,P01,T04,87959.91
2025-10-17,M009,P02,T02,137682.56
2025-10-17,M010,P03,T04,98782.27
2025-10-17,M011,P04,T02,143079.89
2025-10-17,M012,P01,T04,156822.89
2025-10-17,M013,P02,T02,180744.34
2025-10-17,M014,P03,T04,136189.54
2025-10-17,M015,P04,T02,105427.83
2025-10-17,M016,P01,T04,132046.56
2025-10-17,M017,P02,T02,172323.38
2025-10-17,M018,P03,T04,126976.23
2025-10-17,M019,P04,T02,153330.85
2025-10-17,M020,P01,T04,186670.28
2025-10-17,M021,P02,T02,244220.61
2025-10-17,M022,P03,T04,104925.32
2025-10-17,M023,P04,T02,142192.17
2025-10-17,M024,P01,T04,147178.25
2025-10-17,M025,P02,T02,194064.62
2025-10-17,M026,P03,T04,151499.26
2025-10-17,M027,P04,T02,187515.79
2025-10-17,M028,P01,T04,223987.43
2025-10-17,M029,P02,T02,171203.88
2025-10-17,M030,P03,T04,125743.74
2025-10-17,M031,P04,T02,171955.79
2025-10-17,M032,P01,T04,184219.72
2025-10-17,M033,P02,T02,232400.68
2025-10-17,M034,P03,T04,181008.25
2025-10-17,M035,P04,T02,237328.27
2025-10-17,M036,P01,T04,168759.65
2025-10-17,M037,P02,T02,213232.13
2025-10-17,M038,P03,T04,171230.89
2025-10-17,M039,P04,T02,203124.69
2025-10-17,M040,P01,T04,231050.98
2025-10-17,M041,P02,T02,289698.88
2025-10-17,M042,P03,T04,205223.03
2025-10-17,M043,P04,T02,186405.66
2025-10-17,M044,P01,T04,195701.34
2025-10-17,M045,P02,T02,270761.55
2025-10-17,M046,P03,T04,189881.8
2025-10-17,M047,P04,T02,239309.69
2025-10-17,M048,P01,T04,273680.73
2025-10-18,M001,P03,T03,47395.39
2025-10-18,M002,P04,T01,95956.35
2025-10-18,M003,P01,T03,82284.65
2025-10-18,M004,P02,T01,140894.0
2025-10-18,M005,P03,T03,81624.9
2025-10-18,M006,P04,T01,141194.86
2025-10-18,M007,P01,T03,110649.24
2025-10-18,M008,P02,T01,112145.14
2025-10-18,M009,P03,T03,66833.98
2025-10-18,M010,P04,T01,132277.76
2025-10-18,M011,P01,T03,103327.82
2025-10-18,M012,P02,T01,185392.09
2025-10-18,M013,P03,T03,100014.17
2025-10-18,M014,P04,T01,176779.71
2025-10-18,M015,P01,T03,83631.71
2025-10-18,M016,P02,T01,153315.89
2025-10-18,M017,P03,T03,80406.92
2025-10-18,M018,P04,T01,150788.42
2025-10-18,M019,P01,T03,133156.11
2025-10-18,M020,P02,T01,229343.98
2025-10-18,M021,P03,T03,116299.48
2025-10-18,M022,P04,T01,128658.32
2025-10-18,M023,P01,T03,101491.8
2025-10-18,M024,P02,T01,192176.4
2025-10-18,M025,P03,T03,99982.73
2025-10-18,M026,P04,T01,186345.23
2025-10-18,M027,P01,T03,143059.58
2025-10-18,M028,P02,T01,259092.73
2025-10-18,M029,P03,T03,96718.56
2025-10-18,M030,P04,T01,174242.44
2025-10-18,M031,P01,T03,140736.84
2025-10-18,M032,P02,T01,224564.46
2025-10-18,M033,P03,T03,115751.91
2025-10-18,M034,P04,T01,238875.38
2025-10-18,M035,P01,T03,174029.9
2025-10-18,M036,P02,T01,216902.93
2025-10-18,M037,P03,T03,114971.29
2025-10-18,M038,P04,T01,200118.44
2025-10-18,M039,P01,T03,164798.61
2025-10-18,M040,P02,T01,268760.1
2025-10-18,M041,P03,T03,146084.27
2025-10-18,M042,P04,T01,269730.49
2025-10-18,M043,P01,T03,147341.91
2025-10-18,M044,P02,T01,240217.29
2025-10-18,M045,P03,T03,130969.79
2025-10-18,M046,P04,T01,255385.66
2025-10-18,M047,P01,T03,179407.63
2025-10-18,M048,P02,T01,309035.77
2025-10-19,M001,P04,T04,65051.21
2025-10-19,M002,P01,T02,88861.01
2025-10-19,M003,P02,T04,96727.19
2025-10-19,M004,P03,T02,87988.8
2025-10-19,M005,P04,T04,109365.42
2025-10-19,M006,P01,T02,138003.71
2025-10-19,M007,P02,T04,154383.48
2025-10-19,M008,P03,T02,75627.03
2025-10-19,M009,P04,T04,96360.67
2025-10-19,M010,P01,T02,110515.69
2025-10-19,M011,P02,T04,138516.31
2025-10-19,M012,P03,T02,116044.86
2025-10-19,M013,P04,T04,142992.8
2025-10-19,M014,P01,T02,161404.92
2025-10-19,M015,P02,T04,107169.69
2025-10-19,M016,P03,T02,97969.37
2025-10-19,M017,P04,T04,107858.33
2025-10-19,M018,P01,T02,136685.94
2025-10-19,M019,P02,T04,164328.51
2025-10-19,M020,P03,T02,142053.46
2025-10-19,M021,P04,T04,157746.53
2025-10-19,M022,P01,T02,121116.91
2025-10-19,M023,P02,T04,145683.02
2025-10-19,M024,P03,T02,125795.46
2025-10-19,M025,P04,T04,148901.66
2025-10-19,M026,P01,T02,180060.11
2025-10-19,M027,P02,T04,188467.58
2025-10-19,M028,P03,T02,166169.8
2025-10-19,M029,P04,T04,134697.88
2025-10-19,M030,P01,T02,154144.3
2025-10-19,M031,P02,T04,172014.53
2025-10-19,M032,P03,T02,158932.08
2025-10-19,M033,P04,T04,169173.41
2025-10-19,M034,P01,T02,212264.39
2025-10-19,M035,P02,T04,240886.67
2025-10-19,M036,P03,T02,139636.82
2025-10-19,M037,P04,T04,161930.04
2025-10-19,M038,P01,T02,195369.87
2025-10-19,M039,P02,T04,225187.72
2025-10-19,M040,P03,T02,162401.21
2025-10-19,M041,P04,T04,185823.91
2025-10-19,M042,P01,T02,223599.53
2025-10-19,M043,P02,T04,204965.47
2025-10-19,M044,P03,T02,157783.18
2025-10-19,M045,P04,T04,175370.94
2025-10-19,M046,P01,T02,219813.4
2025-10-19,M047,P02,T04,257765.07
2025-10-19,M048,P03,T02,204047.15
2025-10-20,M001,P01,T01,85908.69
2025-10-20,M002,P02,T03,80423.01
2025-10-20,M003,P03,T01,98322.2
2025-10-20,M004,P04,T03,87549.14
2025-10-20,M005,P01,T01,148335.18
2025-10-20,M006,P02,T03,136515.59
2025-10-20,M007,P03,T01,164835.16
2025-10-20,M008,P04,T03,72628.83
2025-10-20,M009,P01,T01,128665.97
2025-10-20,M010,P02,T03,117351.12
2025-10-20,M011,P03,T01,133979.07
2025-10-20,M012,P04,T03,106375.91
2025-10-20,M013,P01,T01,181971.78
2025-10-20,M014,P02,T03,170668.58
2025-10-20,M015,P03,T01,111943.61
2025-10-20,M016,P04,T03,92780.28
2025-10-20,M017,P01,T01,186227.06
2025-10-20,M018,P02,T03,152036.31
2025-10-20,M019,P03,T01,158635.83
2025-10-20,M020,P04,T03,138142.12
2025-10-20,M021,P01,T01,241669.29
2025-10-20,M022,P02,T03,123982.12
2025-10-20,M023,P03,T01,153020.85
2025-10-20,M024,P04,T03,131784.55
2025-10-20,M025,P01,T01,205345.02
2025-10-20,M026,P02,T03,188076.49
2025-10-20,M027,P03,T01,205790.89
2025-10-20,M028,P04,T03,157218.42
2025-10-20,M029,P01,T01,176504.01
2025-10-20,M030,P02,T03,145888.32
2025-10-20,M031,P03,T01,172960.88
2025-10-20,M032,P04,T03,145520.22
2025-10-20,M033,P01,T01,254005.54
2025-10-20,M034,P02,T03,201632.37
2025-10-20,M035,P03,T01,248124.54
2025-10-20,M036,P04,T03,136413.85
2025-10-20,M037,P01,T01,234177.99
2025-10-20,M038,P02,T03,184938.08
2025-10-20,M039,P03,T01,222418.01
2025-10-20,M040,P04,T03,173005.73
2025-10-20,M041,P01,T01,309756.29
2025-10-20,M042,P02,T03,235803.08
2025-10-20,M043,P03,T01,193865.02
2025-10-20,M044,P04,T03,157308.63
2025-10-20,M045,P01,T01,245836.3
2025-10-20,M046,P02,T03,233743.11
2025-10-20,M047,P03,T01,257031.94
2025-10-20,M048,P04,T03,183182.29
2025-10-21,M001,P02,T02,87388.97
2025-10-21,M002,P03,T04,67958.46
2025-10-21,M003,P04,T02,96321.27
2025-10-21,M004,P01,T04,117150.26
2025-10-21,M005,P02,T02,165163.37
2025-10-21,M006,P03,T04,106631.77
2025-10-21,M007,P04,T02,155762.12
2025-10-21,M008,P01,T04,94060.2
2025-10-21,M009,P02,T02,123370.44
2025-10-21,M010,P03,T04,94336.79
2025-10-21,M011,P04,T02,123184.31
2025-10-21,M012,P01,T04,149661.48
2025-10-21,M013,P02,T02,190569.62
2025-10-21,M014,P03,T04,145260.99
2025-10-21,M015,P04,T02,120213.95
2025-10-21,M016,P01,T04,129078.35
2025-10-21,M017,P02,T02,156759.3
2025-10-21,M018,P03,T04,119850.0
2025-10-21,M019,P04,T02,160609.53
2025-10-21,M020,P01,T04,179821.12
2025-10-21,M021,P02,T02,248649.85
2025-10-21,M022,P03,T04,101436.84
2025-10-21,M023,P04,T02,151038.61
2025-10-21,M024,P01,T04,159889.2
2025-10-21,M025,P02,T02,203932.55
2025-10-21,M026,P03,T04,142480.62
2025-10-21,M027,P04,T02,195806.87
2025-10-21,M028,P01,T04,215398.67
2025-10-21,M029,P02,T02,186069.21
2025-10-21,M030,P03,T04,143385.6
2025-10-21,M031,P04,T02,183347.77
2025-10-21,M032,P01,T04,175354.88
2025-10-21,M033,P02,T02,251355.88
2025-10-21,M034,P03,T04,177840.03
2025-10-21,M035,P04,T02,217326.44
2025-10-21,M036,P01,T04,181214.83
2025-10-21,M037,P02,T02,222380.94
2025-10-21,M038,P03,T04,161421.38
2025-10-21,M039,P04,T02,204088.73
2025-10-21,M040,P01,T04,231336.37
2025-10-21,M041,P02,T02,279587.62
2025-10-21,M042,P03,T04,201335.78
2025-10-21,M043,P04,T02,185117.97
2025-10-21,M044,P01,T04,198012.22
2025-10-21,M045,P02,T02,249125.63
2025-10-21,M046,P03,T04,195687.31
2025-10-21,M047,P04,T02,254490.18
2025-10-21,M048,P01,T04,244393.72
2025-10-22,M001,P03,T03,52880.64
2025-10-22,M002,P04,T01,105524.45
2025-10-22,M003,P01,T03,86367.57
2025-10-22,M004,P02,T01,167182.33
2025-10-22,M005,P03,T03,80370.05
2025-10-22,M006,P04,T01,170574.17
2025-10-22,M007,P01,T03,138075.86
2025-10-22,M008,P02,T01,122385.86
2025-10-22,M009,P03,T03,76598.0
2025-10-22,M010,P04,T01,143211.18
2025-10-22,M011,P01,T03,120532.61
2025-10-22,M012,P02,T01,218140.7
2025-10-22,M013,P03,T03,106051.16
2025-10-22,M014,P04,T01,206144.79
2025-10-22,M015,P01,T03,92212.38
2025-10-22,M016,P02,T01,171453.87
2025-10-22,M017,P03,T03,100428.31
2025-10-22,M018,P04,T01,186841.07
2025-10-22,M019,P01,T03,137595.31
2025-10-22,M020,P02,T01,235996.57
2025-10-22,M021,P03,T03,129378.19
2025-10-22,M022,P04,T01,159221.91
2025-10-22,M023,P01,T03,129839.22
2025-10-22,M024,P02,T01,229733.92
2025-10-22,M025,P03,T03,120537.41
2025-10-22,M026,P04,T01,213730.8
2025-10-22,M027,P01,T03,174507.71
2025-10-22,M028,P02,T01,319321.4
2025-10-22,M029,P03,T03,101940.54
2025-10-22,M030,P04,T01,185175.3
2025-10-22,M031,P01,T03,144458.88
2025-10-22,M032,P02,T01,283751.25
2025-10-22,M033,P03,T03,135524.63
2025-10-22,M034,P04,T01,269756.55
2025-10-22,M035,P01,T03,180170.22
2025-10-22,M036,P02,T01,241064.43
2025-10-22,M037,P03,T03,130769.6
2025-10-22,M038,P04,T01,210774.34
2025-10-22,M039,P01,T03,163861.73
2025-10-22,M040,P02,T01,318169.45
2025-10-22,M041,P03,T03,171728.36
2025-10-22,M042,P04,T01,274177.93
2025-10-22,M043,P01,T03,166669.9
2025-10-22,M044,P02,T01,270166.79
2025-10-22,M045,P03,T03,135106.9
2025-10-22,M046,P04,T01,277586.15
2025-10-22,M047,P01,T03,209585.74
2025-10-22,M048,P02,T01,338961.67
2025-10-23,M001,P04,T04,66080.45
2025-10-23,M002,P01,T02,94999.42
2025-10-23,M003,P02,T04,117150.07
2025-10-23,M004,P03,T02,96931.95
2025-10-23,M005,P04,T04,118840.74
2025-10-23,M006,P01,T02,156865.93
2025-10-23,M007,P02,T04,178621.67
2025-10-23,M008,P03,T02,87671.92
2025-10-23,M009,P04,T04,107404.15
2025-10-23,M010,P01,T02,134279.53
2025-10-23,M011,P02,T04,142177.69
2025-10-23,M012,P03,T02,125490.4
2025-10-23,M013,P04,T04,140808.07
2025-10-23,M014,P01,T02,173216.22
2025-10-23,M015,P02,T04,121225.53
2025-10-23,M016,P03,T02,111435.63
2025-10-23,M017,P04,T04,137783.15
2025-10-23,M018,P01,T02,168886.95
2025-10-23,M019,P02,T04,192491.67
2025-10-23,M020,P03,T02,156833.29
2025-10-23,M021,P04,T04,182208.89
2025-10-23,M022,P01,T02,134957.94
2025-10-23,M023,P02,T04,175610.69
2025-10-23,M024,P03,T02,129788.55
2025-10-23,M025,P04,T04,171918.38
2025-10-23,M026,P01,T02,194243.4
2025-10-23,M027,P02,T04,214697.64
2025-10-23,M028,P03,T02,181889.27
2025-10-23,M029,P04,T04,135951.78
2025-10-23,M030,P01,T02,184576.1
2025-10-23,M031,P02,T04,211973.55
2025-10-23,M032,P03,T02,158909.93
2025-10-23,M033,P04,T04,189326.61
2025-10-23,M034,P01,T02,238219.39
2025-10-23,M035,P02,T04,269712.26
2025-10-23,M036,P03,T02,144163.1
2025-10-23,M037,P04,T04,175830.25
2025-10-23,M038,P01,T02,224977.4
2025-10-23,M039,P02,T04,225969.35
2025-10-23,M040,P03,T02,194106.15
2025-10-23,M041,P04,T04,216447.01
2025-10-23,M042,P01,T02,282336.34
2025-10-23,M043,P02,T04,199018.73
2025-10-23,M044,P03,T02,188135.3
2025-10-23,M045,P04,T04,194922.54
2025-10-23,M046,P01,T02,249664.9
2025-10-23,M047,P02,T04,253494.34
2025-10-23,M048,P03,T02,225216.47
2025-10-24,M001,P01,T01,100072.9
2025-10-24,M002,P02,T03,87050.08
2025-10-24,M003,P03,T01,103817.32
2025-10-24,M004,P04,T03,86389.69
2025-10-24,M005,P01,T01,147295.66
2025-10-24,M006,P02,T03,123742.61
2025-10-24,M007,P03,T01,146772.13
2025-10-24,M008,P04,T03,78189.99
2025-10-24,M009,P01,T01,128416.51
2025-10-24,M010,P02,T03,115061.77
2025-10-24,M011,P03,T01,133035.75
2025-10-24,M012,P04,T03,110673.82
2025-10-24,M013,P01,T01,186202.47
2025-10-24,M014,P02,T03,177704.51
2025-10-24,M015,P03,T01,110508.52
2025-10-24,M016,P04,T03,100377.75
2025-10-24,M017,P01,T01,170915.51
2025-10-24,M018,P02,T03,150717.4
2025-10-24,M019,P03,T01,171953.07
2025-10-24,M020,P04,T03,141122.79
2025-10-24,M021,P01,T01,220206.01
2025-10-24,M022,P02,T03,124651.35
2025-10-24,M023,P03,T01,142137.46
2025-10-24,M024,P04,T03,116735.6
2025-10-24,M025,P01,T01,201372.1
2025-10-24,M026,P02,T03,173691.4
2025-10-24,M027,P03,T01,183013.52
2025-10-24,M028,P04,T03,173101.2
2025-10-24,M029,P01,T01,179193.42
2025-10-24,M030,P02,T03,144989.25
2025-10-24,M031,P03,T01,188043.18
2025-10-24,M032,P04,T03,146747.39
2025-10-24,M033,P01,T01,248075.07
2025-10-24,M034,P02,T03,219518.25
2025-10-24,M035,P03,T01,247745.42
2025-10-24,M036,P04,T03,140218.89
2025-10-24,M037,P01,T01,226485.23
2025-10-24,M038,P02,T03,176512.51
2025-10-24,M039,P03,T01,207009.22
2025-10-24,M040,P04,T03,169328.12
2025-10-24,M041,P01,T01,302489.4
2025-10-24,M042,P02,T03,229761.2
2025-10-24,M043,P03,T01,182536.26
2025-10-24,M044,P04,T03,155749.82
2025-10-24,M045,P01,T01,279010.01
2025-10-24,M046,P02,T03,207682.46
2025-10-24,M047,P03,T01,237448.87
2025-10-24,M048,P04,T03,209344.65
2025-10-25,M001,P02,T02,82503.48
2025-10-25,M002,P03,T04,69628.43
2025-10-25,M003,P04,T02,85120.05
2025-10-25,M004,P01,T04,96534.69
2025-10-25,M005,P02,T02,130047.89
2025-10-25,M006,P03,T04,103898.11
2025-10-25,M007,P04,T02,138234.48
2025-10-25,M008,P01,T04,89269.28
2025-10-25,M009,P02,T02,126650.68
2025-10-25,M010,P03,T04,84039.9
2025-10-25,M011,P04,T02,122118.85
2025-10-25,M012,P01,T04,132431.89
2025-10-25,M013,P02,T02,164841.75
2025-10-25,M014,P03,T04,127806.73
2025-10-25,M015,P04,T02,105208.93
2025-10-25,M016,P01,T04,106593.96
2025-10-25,M017,P02,T02,153780.71
2025-10-25,M018,P03,T04,111793.61
2025-10-25,M019,P04,T02,137944.55
2025-10-25,M020,P01,T04,152588.76
2025-10-25,M021,P02,T02,208964.31
2025-10-25,M022,P03,T04,102154.1
2025-10-25,M023,P04,T02,139004.92
2025-10-25,M024,P01,T04,151247.3
2025-10-25,M025,P02,T02,182799.72
2025-10-25,M026,P03,T04,140243.47
2025-10-25,M027,P04,T02,174727.03
2025-10-25,M028,P01,T04,190289.04
2025-10-25,M029,P02,T02,172649.92
2025-10-25,M030,P03,T04,113995.24
2025-10-25,M031,P04,T02,146665.2
2025-10-25,M032,P01,T04,165382.16
2025-10-25,M033,P02,T02,223440.73
2025-10-25,M034,P03,T04,155502.52
2025-10-25,M035,P04,T02,198971.26
2025-10-25,M036,P01,T04,161322.36
2025-10-25,M037,P02,T02,201032.36
2025-10-25,M038,P03,T04,143605.01
2025-10-25,M039,P04,T02,184541.98
2025-10-25,M040,P01,T04,209213.82
2025-10-25,M041,P02,T02,271214.27
2025-10-25,M042,P03,T04,169840.5
2025-10-25,M043,P04,T02,173315.84
2025-10-25,M044,P01,T04,168466.84
2025-10-25,M045,P02,T02,232198.3
2025-10-25,M046,P03,T04,167060.99
2025-10-25,M047,P04,T02,233043.54
2025-10-25,M048,P01,T04,213901.51
2025-10-26,M001,P03,T03,44800.44
2025-10-26,M002,P04,T01,95646.7
2025-10-26,M003,P01,T03,80398.91
2025-10-26,M004,P02,T01,153375.33
2025-10-26,M005,P03,T03,83416.66
2025-10-26,M006,P04,T01,144999.37
2025-10-26,M007,P01,T03,119609.16
2025-10-26,M008,P02,T01,116985.38
2025-10-26,M009,P03,T03,67434.45
2025-10-26,M010,P04,T01,122067.98
2025-10-26,M011,P01,T03,97650.61
2025-10-26,M012,P02,T01,180117.76
2025-10-26,M013,P03,T03,102364.78
2025-10-26,M014,P04,T01,174324.1
2025-10-26,M015,P01,T03,91231.23
2025-10-26,M016,P02,T01,165479.1
2025-10-26,M017,P03,T03,81539.16
2025-10-26,M018,P04,T01,150281.52
2025-10-26,M019,P01,T03,122022.0
2025-10-26,M020,P02,T01,241167.64
2025-10-26,M021,P03,T03,118093.74
2025-10-26,M022,P04,T01,140399.58
2025-10-26,M023,P01,T03,108928.24
2025-10-26,M024,P02,T01,185962.42
2025-10-26,M025,P03,T03,112628.73
2025-10-26,M026,P04,T01,184031.72
2025-10-26,M027,P01,T03,160230.04
2025-10-26,M028,P02,T01,281861.73
2025-10-26,M029,P03,T03,97353.1
2025-10-26,M030,P04,T01,167707.96
2025-10-26,M031,P01,T03,126342.97
2025-10-26,M032,P02,T01,259832.01
2025-10-26,M033,P03,T03,127537.35
2025-10-26,M034,P04,T01,216974.47
2025-10-26,M035,P01,T03,175716.21
2025-10-26,M036,P02,T01,233132.14
2025-10-26,M037,P03,T03,112823.94
2025-10-26,M038,P04,T01,201260.85
2025-10-26,M039,P01,T03,145888.08
2025-10-26,M040,P02,T01,295826.14
2025-10-26,M041,P03,T03,144900.68
2025-10-26,M042,P04,T01,254623.8
2025-10-26,M043,P01,T03,141720.66
2025-10-26,M044,P02,T01,251546.6
2025-10-26,M045,P03,T03,137457.37
2025-10-26,M046,P04,T01,245900.82
2025-10-26,M047,P01,T03,177465.54
2025-10-26,M048,P02,T01,349318.18
2025-10-27,M001,P04,T04,65796.3
2025-10-27,M002,P01,T02,89801.52
2025-10-27,M003,P02,T04,121260.47
2025-10-27,M004,P03,T02,95916.08
2025-10-27,M005,P04,T04,114185.09
2025-10-27,M006,P01,T02,156155.66
2025-10-27,M007,P02,T04,161357.65
2025-10-27,M008,P03,T02,78465.41
2025-10-27,M009,P04,T04,93347.62
2025-10-27,M010,P01,T02,136551.75
2025-10-27,M011,P02,T04,145510.26
2025-10-27,M012,P03,T02,131646.7
2025-10-27,M013,P04,T04,154891.22
2025-10-27,M014,P01,T02,194472.93
2025-10-27,M015,P02,T04,127200.68
2025-10-27,M016,P03,T02,107782.46
2025-10-27,M017,P04,T04,120724.23
2025-10-27,M018,P01,T02,164884.11
2025-10-27,M019,P02,T04,194457.79
2025-10-27,M020,P03,T02,156737.41
2025-10-27,M021,P04,T04,187361.86
2025-10-27,M022,P01,T02,151726.38
2025-10-27,M023,P02,T04,153284.14
2025-10-27,M024,P03,T02,146180.67
2025-10-27,M025,P04,T04,171802.81
2025-10-27,M026,P01,T02,208288.55
2025-10-27,M027,P02,T04,237019.98
2025-10-27,M028,P03,T02,169642.25
2025-10-27,M029,P04,T04,132755.89
2025-10-27,M030,P01,T02,169954.4
2025-10-27,M031,P02,T04,212383.67
2025-10-27,M032,P03,T02,169725.71
2025-10-27,M033,P04,T04,191921.88
2025-10-27,M034,P01,T02,219138.03
2025-10-27,M035,P02,T04,254212.71
2025-10-27,M036,P03,T02,155657.9
2025-10-27,M037,P04,T04,157426.75
2025-10-27,M038,P01,T02,203082.88
2025-10-27,M039,P02,T04,240933.5
2025-10-27,M040,P03,T02,185014.24
2025-10-27,M041,P04,T04,231478.13
2025-10-27,M042,P01,T02,278334.62
2025-10-27,M043,P02,T04,209479.09
2025-10-27,M044,P03,T02,176364.48
2025-10-27,M045,P04,T04,195791.52
2025-10-27,M046,P01,T02,256195.97
2025-10-27,M047,P02,T04,255789.23
2025-10-27,M048,P03,T02,210770.1
2025-10-28,M001,P01,T01,99356.37
2025-10-28,M002,P02,T03,86669.54
2025-10-28,M003,P03,T01,96296.75
2025-10-28,M004,P04,T03,84359.58
2025-10-28,M005,P01,T01,149804.09
2025-10-28,M006,P02,T03,144169.87
2025-10-28,M007,P03,T01,154380.24
2025-10-28,M008,P04,T03,74689.45
2025-10-28,M009,P01,T01,127588.44
2025-10-28,M010,P02,T03,113564.3
2025-10-28,M011,P03,T01,141518.73
2025-10-28,M012,P04,T03,112105.02
2025-10-28,M013,P01,T01,212244.91
2025-10-28,M014,P02,T03,173348.13
2025-10-28,M015,P03,T01,117634.18
2025-10-28,M016,P04,T03,94251.11
2025-10-28,M017,P01,T01,174388.94
2025-10-28,M018,P02,T03,154046.21
2025-10-28,M019,P03,T01,154687.77
2025-10-28,M020,P04,T03,137541.51
2025-10-28,M021,P01,T01,221974.85
2025-10-28,M022,P02,T03,118431.46
2025-10-28,M023,P03,T01,148765.72
2025-10-28,M024,P04,T03,123733.97
2025-10-28,M025,P01,T01,220853.63
2025-10-28,M026,P02,T03,166875.16
2025-10-28,M027,P03,T01,184489.15
2025-10-28,M028,P04,T03,166870.46
2025-10-28,M029,P01,T01,200687.31
2025-10-28,M030,P02,T03,158433.25
2025-10-28,M031,P03,T01,178792.46
2025-10-28,M032,P04,T03,152895.64
2025-10-28,M033,P01,T01,269977.7
2025-10-28,M034,P02,T03,216133.93
2025-10-28,M035,P03,T01,213692.01
2025-10-28,M036,P04,T03,123619.29
2025-10-28,M037,P01,T01,224644.25
2025-10-28,M038,P02,T03,184589.58
2025-10-28,M039,P03,T01,210290.83
2025-10-28,M040,P04,T03,170174.79
2025-10-28,M041,P01,T01,275440.74
2025-10-28,M042,P02,T03,240520.12
2025-10-28,M043,P03,T01,176644.75
2025-10-28,M044,P04,T03,146489.83
2025-10-28,M045,P01,T01,282933.93
2025-10-28,M046,P02,T03,222576.86
2025-10-28,M047,P03,T01,251704.92
2025-10-28,M048,P04,T03,210045.38
2025-10-29,M001,P02,T02,92838.38
2025-10-29,M002,P03,T04,69707.03
2025-10-29,M003,P04,T02,98700.84
2025-10-29,M004,P01,T04,119726.74
2025-10-29,M005,P02,T02,148869.32
2025-10-29,M006,P03,T04,109230.52
2025-10-29,M007,P04,T02,145750.87
2025-10-29,M008,P01,T04,98586.05
2025-10-29,M009,P02,T02,128912.87
2025-10-29,M010,P03,T04,102070.37
2025-10-29,M011,P04,T02,127799.19
2025-10-29,M012,P01,T04,157337.76
2025-10-29,M013,P02,T02,187237.86
2025-10-29,M014,P03,T04,148745.02
2025-10-29,M015,P04,T02,118859.12
2025-10-29,M016,P01,T04,117961.06
2025-10-29,M017,P02,T02,174029.64
2025-10-29,M018,P03,T04,130014.86
2025-10-29,M019,P04,T02,158320.24
2025-10-29,M020,P01,T04,165548.74
2025-10-29,M021,P02,T02,217063.49
2025-10-29,M022,P03,T04,107093.1
2025-10-29,M023,P04,T02,132710.79
2025-10-29,M024,P01,T04,155208.86
2025-10-29,M025,P02,T02,193586.71
2025-10-29,M026,P03,T04,146958.71
2025-10-29,M027,P04,T02,211782.28
2025-10-29,M028,P01,T04,221377.32
2025-10-29,M029,P02,T02,188731.25
2025-10-29,M030,P03,T04,128451.41
2025-10-29,M031,P04,T02,170149.68
2025-10-29,M032,P01,T04,176423.09
2025-10-29,M033,P02,T02,246160.05
2025-10-29,M034,P03,T04,171076.81
2025-10-29,M035,P04,T02,246444.14
2025-10-29,M036,P01,T04,172457.03
2025-10-29,M037,P02,T02,222451.58
2025-10-29,M038,P03,T04,147077.52
2025-10-29,M039,P04,T02,221938.89
2025-10-29,M040,P01,T04,233595.84
2025-10-29,M041,P02,T02,264743.76
2025-10-29,M042,P03,T04,202649.75
2025-10-29,M043,P04,T02,198569.02
2025-10-29,M044,P01,T04,197054.1
2025-10-29,M045,P02,T02,253223.55
2025-10-29,M046,P03,T04,194753.45
2025-10-29,M047,P04,T02,234471.3
2025-10-29,M048,P01,T04,267470.79
2025-10-30,M001,P03,T03,51272.28
2025-10-30,M002,P04,T01,97991.09
2025-10-30,M003,P01,T03,89497.62
2025-10-30,M004,P02,T01,163387.69
2025-10-30,M005,P03,T03,88850.51
2025-10-30,M006,P04,T01,154919.49
2025-10-30,M007,P01,T03,121486.04
2025-10-30,M008,P02,T01,139792.26
2025-10-30,M009,P03,T03,69150.15
2025-10-30,M010,P04,T01,146169.51
2025-10-30,M011,P01,T03,114462.67
2025-10-30,M012,P02,T01,210079.21
2025-10-30,M013,P03,T03,102525.49
2025-10-30,M014,P04,T01,202368.55
2025-10-30,M015,P01,T03,89782.68
2025-10-30,M016,P02,T01,180829.73
2025-10-30,M017,P03,T03,94691.07
2025-10-30,M018,P04,T01,171147.81
2025-10-30,M019,P01,T03,147571.48
2025-10-30,M020,P02,T01,256905.43
2025-10-30,M021,P03,T03,126981.7
2025-10-30,M022,P04,T01,140934.05
2025-10-30,M023,P01,T03,130695.96
2025-10-30,M024,P02,T01,239968.49
2025-10-30,M025,P03,T03,114963.82
2025-10-30,M026,P04,T01,216606.53
2025-10-30,M027,P01,T03,156129.57
2025-10-30,M028,P02,T01,292858.59
2025-10-30,M029,P03,T03,105896.07
2025-10-30,M030,P04,T01,192914.82
2025-10-30,M031,P01,T03,148100.23
2025-10-30,M032,P02,T01,264096.8
2025-10-30,M033,P03,T03,140037.14
2025-10-30,M034,P04,T01,237901.62
2025-10-30,M035,P01,T03,190846.92
2025-10-30,M036,P02,T01,239119.89
2025-10-30,M037,P03,T03,125867.21
2025-10-30,M038,P04,T01,239422.52
2025-10-30,M039,P01,T03,173042.28
2025-10-30,M040,P02,T01,306683.85
2025-10-30,M041,P03,T03,164719.36
2025-10-30,M042,P04,T01,287018.02
2025-10-30,M043,P01,T03,161997.91
2025-10-30,M044,P02,T01,279819.64
2025-10-30,M045,P03,T03,135750.51
2025-10-30,M046,P04,T01,278628.01
2025-10-30,M047,P01,T03,189575.55
2025-10-30,M048,P02,T01,383880.43
2025-10-31,M001,P04,T04,67028.46
2025-10-31,M002,P01,T02,87456.99
2025-10-31,M003,P02,T04,114181.91
2025-10-31,M004,P03,T02,99369.38
2025-10-31,M005,P04,T04,121218.78
2025-10-31,M006,P01,T02,150891.96
2025-10-31,M007,P02,T04,182303.58
2025-10-31,M008,P03,T02,83461.63
2025-10-31,M009,P04,T04,102498.31
2025-10-31,M010,P01,T02,130184.32
2025-10-31,M011,P02,T04,143491.03
2025-10-31,M012,P03,T02,118684.69
2025-10-31,M013,P04,T04,143599.06
2025-10-31,M014,P01,T02,179236.63
2025-10-31,M015,P02,T04,131303.87
2025-10-31,M016,P03,T02,110814.99
2025-10-31,M017,P04,T04,122462.49
2025-10-31,M018,P01,T02,168559.24
2025-10-31,M019,P02,T04,188472.92
2025-10-31,M020,P03,T02,155698.16
2025-10-31,M021,P04,T04,171822.2
2025-10-31,M022,P01,T02,142790.25
2025-10-31,M023,P02,T04,178351.77
2025-10-31,M024,P03,T02,142516.54
2025-10-31,M025,P04,T04,170029.88
2025-10-31,M026,P01,T02,184999.51
2025-10-31,M027,P02,T04,219537.43
2025-10-31,M028,P03,T02,187343.94
2025-10-31,M029,P04,T04,144994.87
2025-10-31,M030,P01,T02,184585.23
2025-10-31,M031,P02,T04,203260.07
2025-10-31,M032,P03,T02,151946.72
2025-10-31,M033,P04,T04,191113.98
2025-10-31,M034,P01,T02,244273.85
2025-10-31,M035,P02,T04,271460.91
2025-10-31,M036,P03,T02,135481.9
2025-10-31,M037,P04,T04,164937.13
2025-10-31,M038,P01,T02,210875.03
2025-10-31,M039,P02,T04,252625.78
2025-10-31,M040,P03,T02,183984.91
2025-10-31,M041,P04,T04,207257.54
2025-10-31,M042,P01,T02,266491.17
2025-10-31,M043,P02,T04,221874.26
2025-10-31,M044,P03,T02,185166.36
2025-10-31,M045,P04,T04,214465.11
2025-10-31,M046,P01,T02,229027.86
2025-10-31,M047,P02,T04,270131.01
2025-10-31,M048,P03,T02,221637.1
2025-11-01,M001,P02,T02,87823.62
2025-11-01,M002,P03,T04,59955.15
2025-11-01,M003,P04,T02,85272.06
2025-11-01,M004,P01,T04,103157.37
2025-11-01,M005,P02,T02,133463.93
2025-11-01,M006,P03,T04,107890.5
2025-11-01,M007,P04,T02,145102.81
2025-11-01,M008,P01,T04,80726.22
2025-11-01,M009,P02,T02,125738.56
2025-11-01,M010,P03,T04,89057.53
2025-11-01,M011,P04,T02,130348.52
2025-11-01,M012,P01,T04,125969.54
2025-11-01,M013,P02,T02,177618.72
2025-11-01,M014,P03,T04,119889.98
2025-11-01,M015,P04,T02,104715.4
2025-11-01,M016,P01,T04,123135.81
2025-11-01,M017,P02,T02,159047.85
2025-11-01,M018,P03,T04,117407.12
2025-11-01,M019,P04,T02,160437.39
2025-11-01,M020,P01,T04,171771.93
2025-11-01,M021,P02,T02,204463.9
2025-11-01,M022,P03,T04,98124.71
2025-11-01,M023,P04,T02,132828.93
2025-11-01,M024,P01,T04,141765.01
2025-11-01,M025,P02,T02,176597.29
2025-11-01,M026,P03,T04,133467.01
2025-11-01,M027,P04,T02,179844.24
2025-11-01,M028,P01,T04,192644.97
2025-11-01,M029,P02,T02,172204.77
2025-11-01,M030,P03,T04,116943.59
2025-11-01,M031,P04,T02,160495.48
2025-11-01,M032,P01,T04,182831.81
2025-11-01,M033,P02,T02,211053.51
2025-11-01,M034,P03,T04,159966.03
2025-11-01,M035,P04,T02,204001.36
2025-11-01,M036,P01,T04,144803.89
2025-11-01,M037,P02,T02,210811.55
2025-11-01,M038,P03,T04,137376.78
2025-11-01,M039,P04,T02,179580.05
2025-11-01,M040,P01,T04,214776.55
2025-11-01,M041,P02,T02,252677.87
2025-11-01,M042,P03,T04,172619.31
2025-11-01,M043,P04,T02,179812.77
2025-11-01,M044,P01,T04,180012.84
2025-11-01,M045,P02,T02,226813.33
2025-11-01,M046,P03,T04,175153.38
2025-11-01,M047,P04,T02,212672.81
2025-11-01,M048,P01,T04,236769.46
2025-11-02,M001,P03,T03,44081.63
2025-11-02,M002,P04,T01,89157.93
2025-11-02,M003,P01,T03,82079.26
2025-11-02,M004,P02,T01,138529.47
2025-11-02,M005,P03,T03,76139.08
2025-11-02,M006,P04,T01,138614.91
2025-11-02,M007,P01,T03,117991.18
2025-11-02,M008,P02,T01,125888.33
2025-11-02,M009,P03,T03,67180.13
2025-11-02,M010,P04,T01,130967.48
2025-11-02,M011,P01,T03,97589.3
2025-11-02,M012,P02,T01,190096.13
2025-11-02,M013,P03,T03,106560.4
2025-11-02,M014,P04,T01,195327.05
2025-11-02,M015,P01,T03,90606.01
2025-11-02,M016,P02,T01,173064.58
2025-11-02,M017,P03,T03,89615.19
2025-11-02,M018,P04,T01,170172.35
2025-11-02,M019,P01,T03,118781.59
2025-11-02,M020,P02,T01,240831.82
2025-11-02,M021,P03,T03,109286.28
2025-11-02,M022,P04,T01,145175.94
2025-11-02,M023,P01,T03,107473.54
2025-11-02,M024,P02,T01,219152.02
2025-11-02,M025,P03,T03,113538.66
2025-11-02,M026,P04,T01,206919.26
2025-11-02,M027,P01,T03,142721.4
2025-11-02,M028,P02,T01,271951.09
2025-11-02,M029,P03,T03,87391.93
2025-11-02,M030,P04,T01,184621.67
2025-11-02,M031,P01,T03,142431.59
2025-11-02,M032,P02,T01,228654.54
2025-11-02,M033,P03,T03,122248.27
2025-11-02,M034,P04,T01,224540.38
2025-11-02,M035,P01,T03,184916.42
2025-11-02,M036,P02,T01,233418.73
2025-11-02,M037,P03,T03,114298.68
2025-11-02,M038,P04,T01,221320.94
2025-11-02,M039,P01,T03,151138.5
2025-11-02,M040,P02,T01,276772.14
2025-11-02,M041,P03,T03,134907.57
2025-11-02,M042,P04,T01,245297.58
2025-11-02,M043,P01,T03,142399.76
2025-11-02,M044,P02,T01,242232.39
2025-11-02,M045,P03,T03,138441.24
2025-11-02,M046,P04,T01,226437.68
2025-11-02,M047,P01,T03,196852.16
2025-11-02,M048,P02,T01,331941.91
2025-11-03,M001,P04,T04,68368.22
2025-11-03,M002,P01,T02,92834.11
2025-11-03,M003,P02,T04,124632.41
2025-11-03,M004,P03,T02,94882.52
2025-11-03,M005,P04,T04,122072.8
2025-11-03,M006,P01,T02,144065.97
2025-11-03,M007,P02,T04,184364.87
2025-11-03,M008,P03,T02,85683.05
2025-11-03,M009,P04,T04,99530.23
2025-11-03,M010,P01,T02,132137.66
2025-11-03,M011,P02,T04,151867.83
2025-11-03,M012,P03,T02,134801.96
2025-11-03,M013,P04,T04,144706.7
2025-11-03,M014,P01,T02,198938.0
2025-11-03,M015,P02,T04,121345.37
2025-11-03,M016,P03,T02,118380.39
2025-11-03,M017,P04,T04,125420.83
2025-11-03,M018,P01,T02,176837.38
2025-11-03,M019,P02,T04,190253.01
2025-11-03,M020,P03,T02,153022.95
2025-11-03,M021,P04,T04,191707.8
2025-11-03,M022,P01,T02,150308.28
2025-11-03,M023,P02,T04,172251.82
2025-11-03,M024,P03,T02,133323.4
2025-11-03,M025,P04,T04,169426.93
2025-11-03,M026,P01,T02,190182.07
2025-11-03,M027,P02,T04,231351.57
2025-11-03,M028,P03,T02,171369.58
2025-11-03,M029,P04,T04,136144.77
2025-11-03,M030,P01,T02,163234.9
2025-11-03,M031,P02,T04,207360.76
2025-11-03,M032,P03,T02,167912.29
2025-11-03,M033,P04,T04,184036.53
2025-11-03,M034,P01,T02,239276.3
2025-11-03,M035,P02,T04,264780.03
2025-11-03,M036,P03,T02,154126.67
2025-11-03,M037,P04,T04,169865.99
2025-11-03,M038,P01,T02,207860.93
2025-11-03,M039,P02,T04,246283.3
2025-11-03,M040,P03,T02,180305.57
2025-11-03,M041,P04,T04,231330.96
2025-11-03,M042,P01,T02,251784.17
2025-11-03,M043,P02,T04,210452.76
2025-11-03,M044,P03,T02,188352.68
2025-11-03,M045,P04,T04,201195.88
2025-11-03,M046,P01,T02,262073.29
2025-11-03,M047,P02,T04,270350.02
2025-11-03,M048,P03,T02,221492.8
2025-11-04,M001,P01,T01,95131.29
2025-11-04,M002,P02,T03,87614.17
2025-11-04,M003,P03,T01,108022.82
2025-11-04,M004,P04,T03,85890.33
2025-11-04,M005,P01,T01,162193.95
2025-11-04,M006,P02,T03,142005.01
2025-11-04,M007,P03,T01,156423.03
2025-11-04,M008,P04,T03,68617.93
2025-11-04,M009,P01,T01,133736.88
2025-11-04,M010,P02,T03,124660.26
2025-11-04,M011,P03,T01,125880.35
2025-11-04,M012,P04,T03,117349.45
2025-11-04,M013,P01,T01,192632.92
2025-11-04,M014,P02,T03,174432.14
2025-11-04,M015,P03,T01,112874.33
2025-11-04,M016,P04,T03,104417.91
2025-11-04,M017,P01,T01,171363.34
2025-11-04,M018,P02,T03,138182.56
2025-11-04,M019,P03,T01,175274.14
2025-11-04,M020,P04,T03,148231.31
2025-11-04,M021,P01,T01,229025.38
2025-11-04,M022,P02,T03,126933.61
2025-11-04,M023,P03,T01,145038.64
2025-11-04,M024,P04,T03,126848.47
2025-11-04,M025,P01,T01,202814.72
2025-11-04,M026,P02,T03,164368.99
2025-11-04,M027,P03,T01,204238.35
2025-11-04,M028,P04,T03,177133.36
2025-11-04,M029,P01,T01,186611.86
2025-11-04,M030,P02,T03,162148.28
2025-11-04,M031,P03,T01,176708.05
2025-11-04,M032,P04,T03,155040.52
2025-11-04,M033,P01,T01,270438.21
2025-11-04,M034,P02,T03,198297.0
2025-11-04,M035,P03,T01,229386.25
2025-11-04,M036,P04,T03,133949.49
2025-11-04,M037,P01,T01,214061.05
2025-11-04,M038,P02,T03,192481.12
2025-11-04,M039,P03,T01,228298.23
2025-11-04,M040,P04,T03,166731.56
2025-11-04,M041,P01,T01,280901.01
2025-11-04,M042,P02,T03,256606.09
2025-11-04,M043,P03,T01,180942.94
2025-11-04,M044,P04,T03,169755.35
2025-11-04,M045,P01,T01,280226.0
2025-11-04,M046,P02,T03,204770.23
2025-11-04,M047,P03,T01,252747.84
2025-11-04,M048,P04,T03,211201.54
2025-11-05,M001,P02,T02,98584.36
2025-11-05,M002,P03,T04,70080.79
2025-11-05,M003,P04,T02,105359.31
2025-11-05,M004,P01,T04,124590.16
2025-11-05,M005,P02,T02,149214.77
2025-11-05,M006,P03,T04,110485.17
2025-11-05,M007,P04,T02,159690.02
2025-11-05,M008,P01,T04,89392.86
2025-11-05,M009,P02,T02,124865.3
2025-11-05,M010,P03,T04,100640.09
2025-11-05,M011,P04,T02,142950.39
2025-11-05,M012,P01,T04,158867.9
2025-11-05,M013,P02,T02,193094.74
2025-11-05,M014,P03,T04,134492.17
2025-11-05,M015,P04,T02,108273.88
2025-11-05,M016,P01,T04,131934.89
2025-11-05,M017,P02,T02,173713.17
2025-11-05,M018,P03,T04,131670.65
2025-11-05,M019,P04,T02,156003.44
2025-11-05,M020,P01,T04,172372.35
2025-11-05,M021,P02,T02,233430.75
2025-11-05,M022,P03,T04,115686.94
2025-11-05,M023,P04,T02,156849.03
2025-11-05,M024,P01,T04,164181.11
2025-11-05,M025,P02,T02,206409.71
2025-11-05,M026,P03,T04,160950.35
2025-11-05,M027,P04,T02,187555.42
2025-11-05,M028,P01,T04,216007.91
2025-11-05,M029,P02,T02,179823.15
2025-11-05,M030,P03,T04,132195.71
2025-11-05,M031,P04,T02,175092.57
2025-11-05,M032,P01,T04,177634.24
2025-11-05,M033,P02,T02,261224.57
2025-11-05,M034,P03,T04,171096.22
2025-11-05,M035,P04,T02,231449.1
2025-11-05,M036,P01,T04,174192.17
2025-11-05,M037,P02,T02,212773.05
2025-11-05,M038,P03,T04,160615.16
2025-11-05,M039,P04,T02,206972.1
2025-11-05,M040,P01,T04,216726.89
2025-11-05,M041,P02,T02,266455.41
2025-11-05,M042,P03,T04,193369.24
2025-11-05,M043,P04,T02,180544.89
2025-11-05,M044,P01,T04,217642.48
2025-11-05,M045,P02,T02,273244.45
2025-11-05,M046,P03,T04,200297.48
2025-11-05,M047,P04,T02,223867.73
2025-11-05,M048,P01,T04,246552.18
2025-11-06,M001,P03,T03,49537.93
2025-11-06,M002,P04,T01,108757.6
2025-11-06,M003,P01,T03,82224.97
2025-11-06,M004,P02,T01,172327.16
2025-11-06,M005,P03,T03,88507.71
2025-11-06,M006,P04,T01,169928.7
2025-11-06,M007,P01,T03,122917.91
2025-11-06,M008,P02,T01,133542.68
2025-11-06,M009,P03,T03,76573.4
2025-11-06,M010,P04,T01,150179.65
2025-11-06,M011,P01,T03,107370.89
2025-11-06,M012,P02,T01,206300.11
2025-11-06,M013,P03,T03,109592.87
2025-11-06,M014,P04,T01,197470.5
2025-11-06,M015,P01,T03,101707.96
2025-11-06,M016,P02,T01,168256.79
2025-11-06,M017,P03,T03,89293.18
2025-11-06,M018,P04,T01,183137.16
2025-11-06,M019,P01,T03,134856.51
2025-11-06,M020,P02,T01,267818.88
2025-11-06,M021,P03,T03,135599.13
2025-11-06,M022,P04,T01,161041.89
2025-11-06,M023,P01,T03,117095.46
2025-11-06,M024,P02,T01,234286.54
2025-11-06,M025,P03,T03,111605.46
2025-11-06,M026,P04,T01,198652.54
2025-11-06,M027,P01,T03,170159.85
2025-11-06,M028,P02,T01,316004.8
2025-11-06,M029,P03,T03,103559.66
2025-11-06,M030,P04,T01,189299.08
2025-11-06,M031,P01,T03,157564.56
2025-11-06,M032,P02,T01,259969.08
2025-11-06,M033,P03,T03,150074.36
2025-11-06,M034,P04,T01,258746.74
2025-11-06,M035,P01,T03,192767.94
2025-11-06,M036,P02,T01,258577.94
2025-11-06,M037,P03,T03,118575.89
2025-11-06,M038,P04,T01,241605.59
2025-11-06,M039,P01,T03,177432.32
2025-11-06,M040,P02,T01,329073.54
2025-11-06,M041,P03,T03,154085.75
2025-11-06,M042,P04,T01,307338.3
2025-11-06,M043,P01,T03,167561.3
2025-11-06,M044,P02,T01,309458.06
2025-11-06,M045,P03,T03,151481.31
2025-11-06,M046,P04,T01,279941.34
2025-11-06,M047,P01,T03,188180.67
2025-11-06,M048,P02,T01,347608.34
2025-11-07,M001,P04,T04,67191.88
2025-11-07,M002,P01,T02,100990.34
2025-11-07,M003,P02,T04,120860.49
2025-11-07,M004,P03,T02,101554.1
2025-11-07,M005,P04,T04,125504.27
2025-11-07,M006,P01,T02,151728.77
2025-11-07,M007,P02,T04,173996.89
2025-11-07,M008,P03,T02,78312.41
2025-11-07,M009,P04,T04,98815.11
2025-11-07,M010,P01,T02,133017.04
2025-11-07,M011,P02,T04,148490.91
2025-11-07,M012,P03,T02,125080.3
2025-11-07,M013,P04,T04,161670.42
2025-11-07,M014,P01,T02,182686.98
2025-11-07,M015,P02,T04,134326.37
2025-11-07,M016,P03,T02,102875.35
2025-11-07,M017,P04,T04,134207.54
2025-11-07,M018,P01,T02,166603.27
2025-11-07,M019,P02,T04,177577.42
2025-11-07,M020,P03,T02,162444.77
2025-11-07,M021,P04,T04,184704.26
2025-11-07,M022,P01,T02,143175.84
2025-11-07,M023,P02,T04,179211.99
2025-11-07,M024,P03,T02,136261.31
2025-11-07,M025,P04,T04,170206.95
2025-11-07,M026,P01,T02,195226.0
2025-11-07,M027,P02,T04,235631.44
2025-11-07,M028,P03,T02,190224.76
2025-11-07,M029,P04,T04,144734.99
2025-11-07,M030,P01,T02,178048.04
2025-11-07,M031,P02,T04,199960.69
2025-11-07,M032,P03,T02,163387.6
2025-11-07,M033,P04,T04,185585.6
2025-11-07,M034,P01,T02,220984.68
2025-11-07,M035,P02,T04,271442.01
2025-11-07,M036,P03,T02,148302.2
2025-11-07,M037,P04,T04,182781.0
2025-11-07,M038,P01,T02,218558.03
2025-11-07,M039,P02,T04,222696.37
2025-11-07,M040,P03,T02,197187.94
2025-11-07,M041,P04,T04,219932.63
2025-11-07,M042,P01,T02,258992.89
2025-11-07,M043,P02,T04,208651.17
2025-11-07,M044,P03,T02,178862.53
2025-11-07,M045,P04,T04,198614.25
2025-11-07,M046,P01,T02,246858.97
2025-11-07,M047,P02,T04,291306.3
2025-11-07,M048,P03,T02,231524.01
2025-11-08,M001,P01,T01,78274.9
2025-11-08,M002,P02,T03,71480.92
2025-11-08,M003,P03,T01,85685.33
2025-11-08,M004,P04,T03,87570.77
2025-11-08,M005,P01,T01,133923.88
2025-11-08,M006,P02,T03,118385.46
2025-11-08,M007,P03,T01,146003.33
2025-11-08,M008,P04,T03,65160.83
2025-11-08,M009,P01,T01,121613.82
2025-11-08,M010,P02,T03,101699.12
2025-11-08,M011,P03,T01,116486.93
2025-11-08,M012,P04,T03,99509.6
2025-11-08,M013,P01,T01,190755.53
2025-11-08,M014,P02,T03,150061.48
2025-11-08,M015,P03,T01,110556.0
2025-11-08,M016,P04,T03,89517.5
2025-11-08,M017,P01,T01,163111.45
2025-11-08,M018,P02,T03,138591.16
2025-11-08,M019,P03,T01,162176.63
2025-11-08,M020,P04,T03,119465.9
2025-11-08,M021,P01,T01,224093.9
2025-11-08,M022,P02,T03,107533.66
2025-11-08,M023,P03,T01,139130.86
2025-11-08,M024,P04,T03,106873.73
2025-11-08,M025,P01,T01,198387.26
2025-11-08,M026,P02,T03,148164.6
2025-11-08,M027,P03,T01,184904.35
2025-11-08,M028,P04,T03,145079.91
2025-11-08,M029,P01,T01,161896.64
2025-11-08,M030,P02,T03,132807.56
2025-11-08,M031,P03,T01,165862.14
2025-11-08,M032,P04,T03,139747.78
2025-11-08,M033,P01,T01,220428.71
2025-11-08,M034,P02,T03,202300.95
2025-11-08,M035,P03,T01,226185.96
2025-11-08,M036,P04,T03,127907.51
2025-11-08,M037,P01,T01,192095.83
2025-11-08,M038,P02,T03,181021.02
2025-11-08,M039,P03,T01,201593.99
2025-11-08,M040,P04,T03,146327.53
2025-11-08,M041,P01,T01,246968.99
2025-11-08,M042,P02,T03,219479.92
2025-11-08,M043,P03,T01,174041.42
2025-11-08,M044,P04,T03,134474.53
2025-11-08,M045,P01,T01,257451.83
2025-11-08,M046,P02,T03,191049.31
2025-11-08,M047,P03,T01,222327.07
2025-11-08,M048,P04,T03,181852.93
2025-11-09,M001,P02,T02,85323.14
2025-11-09,M002,P03,T04,62766.8
2025-11-09,M003,P04,T02,87955.5
2025-11-09,M004,P01,T04,111777.54
2025-11-09,M005,P02,T02,141583.82
2025-11-09,M006,P03,T04,108027.71
2025-11-09,M007,P04,T02,149036.87
2025-11-09,M008,P01,T04,90970.78
2025-11-09,M009,P02,T02,110939.2
2025-11-09,M010,P03,T04,85431.7
2025-11-09,M011,P04,T02,122610.3
2025-11-09,M012,P01,T04,126730.38
2025-11-09,M013,P02,T02,178177.01
2025-11-09,M014,P03,T04,133067.94
2025-11-09,M015,P04,T02,100517.57
2025-11-09,M016,P01,T04,119166.36
2025-11-09,M017,P02,T02,161285.2
2025-11-09,M018,P03,T04,110668.72
2025-11-09,M019,P04,T02,150243.96
2025-11-09,M020,P01,T04,175349.25
2025-11-09,M021,P02,T02,212343.95
2025-11-09,M022,P03,T04,89870.13
2025-11-09,M023,P04,T02,131088.08
2025-11-09,M024,P01,T04,136617.12
2025-11-09,M025,P02,T02,177704.81
2025-11-09,M026,P03,T04,136130.42
2025-11-09,M027,P04,T02,172246.71
2025-11-09,M028,P01,T04,198769.18
2025-11-09,M029,P02,T02,164318.82
2025-11-09,M030,P03,T04,113374.37
2025-11-09,M031,P04,T02,155896.58
2025-11-09,M032,P01,T04,165213.52
2025-11-09,M033,P02,T02,240164.25
2025-11-09,M034,P03,T04,161741.08
2025-11-09,M035,P04,T02,221923.16
2025-11-09,M036,P01,T04,153763.61
2025-11-09,M037,P02,T02,210335.56
2025-11-09,M038,P03,T04,143608.47
2025-11-09,M039,P04,T02,175367.58
2025-11-09,M040,P01,T04,199598.28
2025-11-09,M041,P02,T02,242499.36
2025-11-09,M042,P03,T04,173400.25
2025-11-09,M043,P04,T02,160714.34
2025-11-09,M044,P01,T04,178910.09
2025-11-09,M045,P02,T02,250604.47
2025-11-09,M046,P03,T04,179933.4
2025-11-09,M047,P04,T02,224993.19
2025-11-09,M048,P01,T04,239970.94
2025-11-10,M001,P03,T03,52411.97
2025-11-10,M002,P04,T01,107060.95
2025-11-10,M003,P01,T03,91417.87
2025-11-10,M004,P02,T01,166114.86
2025-11-10,M005,P03,T03,86135.38
2025-11-10,M006,P04,T01,176453.99
2025-11-10,M007,P01,T03,130754.03
2025-11-10,M008,P02,T01,144011.69
2025-11-10,M009,P03,T03,72124.16
2025-11-10,M010,P04,T01,139273.04
2025-11-10,M011,P01,T03,121127.32
2025-11-10,M012,P02,T01,223910.81
2025-11-10,M013,P03,T03,109079.02
2025-11-10,M014,P04,T01,206480.91
2025-11-10,M015,P01,T03,99960.91
2025-11-10,M016,P02,T01,189531.87
2025-11-10,M017,P03,T03,98340.47
2025-11-10,M018,P04,T01,188278.04
2025-11-10,M019,P01,T03,148627.68
2025-11-10,M020,P02,T01,248941.34
2025-11-10,M021,P03,T03,130231.16
2025-11-10,M022,P04,T01,152607.87
2025-11-10,M023,P01,T03,117498.27
2025-11-10,M024,P02,T01,212163.21
2025-11-10,M025,P03,T03,109689.28
2025-11-10,M026,P04,T01,210646.59
2025-11-10,M027,P01,T03,178575.79
2025-11-10,M028,P02,T01,295938.42
2025-11-10,M029,P03,T03,111894.36
2025-11-10,M030,P04,T01,190877.86
2025-11-10,M031,P01,T03,157065.24
2025-11-10,M032,P02,T01,256117.64
2025-11-10,M033,P03,T03,144039.02
2025-11-10,M034,P04,T01,236890.81
2025-11-10,M035,P01,T03,194196.86
2025-11-10,M036,P02,T01,236628.38
2025-11-10,M037,P03,T03,130953.02
2025-11-10,M038,P04,T01,230321.44
2025-11-10,M039,P01,T03,185667.66
2025-11-10,M040,P02,T01,305902.46
2025-11-10,M041,P03,T03,167316.93
2025-11-10,M042,P04,T01,291816.06
2025-11-10,M043,P01,T03,159593.5
2025-11-10,M044,P02,T01,277809.25
2025-11-10,M045,P03,T03,158668.51
2025-11-10,M046,P04,T01,280334.05
2025-11-10,M047,P01,T03,205061.86
2025-11-10,M048,P02,T01,373425.5
2025-11-11,M001,P04,T04,75957.87
2025-11-11,M002,P01,T02,95512.21
2025-11-11,M003,P02,T04,108783.84
2025-11-11,M004,P03,T02,105385.08
2025-11-11,M005,P04,T04,127366.72
2025-11-11,M006,P01,T02,140237.04
2025-11-11,M007,P02,T04,184920.41
2025-11-11,M008,P03,T02,79945.43
2025-11-11,M009,P04,T04,95346.28
2025-11-11,M010,P01,T02,130401.16
2025-11-11,M011,P02,T04,155446.34
2025-11-11,M012,P03,T02,119285.47
2025-11-11,M013,P04,T04,155199.25
2025-11-11,M014,P01,T02,174298.34
2025-11-11,M015,P02,T04,124838.94
2025-11-11,M016,P03,T02,102505.07
2025-11-11,M017,P04,T04,131884.13
2025-11-11,M018,P01,T02,170272.06
2025-11-11,M019,P02,T04,177507.58
2025-11-11,M020,P03,T02,161788.47
2025-11-11,M021,P04,T04,172019.33
2025-11-11,M022,P01,T02,153353.73
2025-11-11,M023,P02,T04,170700.74
2025-11-11,M024,P03,T02,134864.43
2025-11-11,M025,P04,T04,171431.65
2025-11-11,M026,P01,T02,205166.59
2025-11-11,M027,P02,T04,238801.16
2025-11-11,M028,P03,T02,194719.21
2025-11-11,M029,P04,T04,145860.32
2025-11-11,M030,P01,T02,163048.22
2025-11-11,M031,P02,T04,194065.05
2025-11-11,M032,P03,T02,160925.57
2025-11-11,M033,P04,T04,205871.94
2025-11-11,M034,P01,T02,221059.07
2025-11-11,M035,P02,T04,251339.78
2025-11-11,M036,P03,T02,144065.52
2025-11-11,M037,P04,T04,183965.15
2025-11-11,M038,P01,T02,196052.01
2025-11-11,M039,P02,T04,238008.71
2025-11-11,M040,P03,T02,186371.77
2025-11-11,M041,P04,T04,213224.83
2025-11-11,M042,P01,T02,260685.71
2025-11-11,M043,P02,T04,215986.65
2025-11-11,M044,P03,T02,175869.85
2025-11-11,M045,P04,T04,204179.52
2025-11-11,M046,P01,T02,244131.69
2025-11-11,M047,P02,T04,288001.48
2025-11-11,M048,P03,T02,240127.42
2025-11-12,M001,P01,T01,100597.52
2025-11-12,M002,P02,T03,80973.07
2025-11-12,M003,P03,T01,109328.87
2025-11-12,M004,P04,T03,86542.93
2025-11-12,M005,P01,T01,152109.03
2025-11-12,M006,P02,T03,126444.22
2025-11-12,M007,P03,T01,155171.02
2025-11-12,M008,P04,T03,72286.19
2025-11-12,M009,P01,T01,136124.64
2025-11-12,M010,P02,T03,121469.38
2025-11-12,M011,P03,T01,129747.06
2025-11-12,M012,P04,T03,121753.0
2025-11-12,M013,P01,T01,195079.92
2025-11-12,M014,P02,T03,176585.31
2025-11-12,M015,P03,T01,114441.54
2025-11-12,M016,P04,T03,102988.64
2025-11-12,M017,P01,T01,178812.57
2025-11-12,M018,P02,T03,151755.8
2025-11-12,M019,P03,T01,167578.91
2025-11-12,M020,P04,T03,143498.57
2025-11-12,M021,P01,T01,245523.31
2025-11-12,M022,P02,T03,123867.79
2025-11-12,M023,P03,T01,154610.19
2025-11-12,M024,P04,T03,115268.15
2025-11-12,M025,P01,T01,224240.22
2025-11-12,M026,P02,T03,165419.55
2025-11-12,M027,P03,T01,215423.24
2025-11-12,M028,P04,T03,172265.86
2025-11-12,M029,P01,T01,191050.7
2025-11-12,M030,P02,T03,147236.53
2025-11-12,M031,P03,T01,192439.67
2025-11-12,M032,P04,T03,160170.58
2025-11-12,M033,P01,T01,268688.32
2025-11-12,M034,P02,T03,223251.74
2025-11-12,M035,P03,T01,233684.98
2025-11-12,M036,P04,T03,140081.71
2025-11-12,M037,P01,T01,245377.48
2025-11-12,M038,P02,T03,188493.19
2025-11-12,M039,P03,T01,196232.56
2025-11-12,M040,P04,T03,181282.58
2025-11-12,M041,P01,T01,292611.94
2025-11-12,M042,P02,T03,244643.39
2025-11-12,M043,P03,T01,179645.02
2025-11-12,M044,P04,T03,169745.87
2025-11-12,M045,P01,T01,268203.05
2025-11-12,M046,P02,T03,221983.39
2025-11-12,M047,P03,T01,245061.53
2025-11-12,M048,P04,T03,185911.02
2025-11-13,M001,P02,T02,86524.24
2025-11-13,M002,P03,T04,70323.44
2025-11-13,M003,P04,T02,107417.77
2025-11-13,M004,P01,T04,113551.86
2025-11-13,M005,P02,T02,152983.8
2025-11-13,M006,P03,T04,111377.68
2025-11-13,M007,P04,T02,146933.54
2025-11-13,M008,P01,T04,87668.29
2025-11-13,M009,P02,T02,134936.7
2025-11-13,M010,P03,T04,104370.38
2025-11-13,M011,P04,T02,135571.41
2025-11-13,M012,P01,T04,150746.66
2025-11-13,M013,P02,T02,206597.34
2025-11-13,M014,P03,T04,151766.01
2025-11-13,M015,P04,T02,116852.85
2025-11-13,M016,P01,T04,117894.28
2025-11-13,M017,P02,T02,176122.36
2025-11-13,M018,P03,T04,114941.05
2025-11-13,M019,P04,T02,168695.89
2025-11-13,M020,P01,T04,188663.09
2025-11-13,M021,P02,T02,218722.86
2025-11-13,M022,P03,T04,115396.53
2025-11-13,M023,P04,T02,139857.25
2025-11-13,M024,P01,T04,158152.34
2025-11-13,M025,P02,T02,198844.3
2025-11-13,M026,P03,T04,159679.69
2025-11-13,M027,P04,T02,211670.83
2025-11-13,M028,P01,T04,212722.6
2025-11-13,M029,P02,T02,192239.44
2025-11-13,M030,P03,T04,130676.64
2025-11-13,M031,P04,T02,178286.37
2025-11-13,M032,P01,T04,177441.94
2025-11-13,M033,P02,T02,250358.05
2025-11-13,M034,P03,T04,188073.25
2025-11-13,M035,P04,T02,227434.61
2025-11-13,M036,P01,T04,171528.38
2025-11-13,M037,P02,T02,208527.44
2025-11-13,M038,P03,T04,169902.49
2025-11-13,M039,P04,T02,222206.97
2025-11-13,M040,P01,T04,241858.99
2025-11-13,M041,P02,T02,309723.11
2025-11-13,M042,P03,T04,192840.31
2025-11-13,M043,P04,T02,176261.67
2025-11-13,M044,P01,T04,207577.98
2025-11-13,M045,P02,T02,279449.35
2025-11-13,M046,P03,T04,186151.65
2025-11-13,M047,P04,T02,252609.06
2025-11-13,M048,P01,T04,272957.71
2025-11-14,M001,P03,T03,54748.61
2025-11-14,M002,P04,T01,105617.3
2025-11-14,M003,P01,T03,90435.72
2025-11-14,M004,P02,T01,172279.84
2025-11-14,M005,P03,T03,87432.01
2025-11-14,M006,P04,T01,165965.38
2025-11-14,M007,P01,T03,126738.42
2025-11-14,M008,P02,T01,129206.43
2025-11-14,M009,P03,T03,76238.87
2025-11-14,M010,P04,T01,140362.56
2025-11-14,M011,P01,T03,118129.44
2025-11-14,M012,P02,T01,222076.58
2025-11-14,M013,P03,T03,111470.78
2025-11-14,M014,P04,T01,214853.94
2025-11-14,M015,P01,T03,94926.28
2025-11-14,M016,P02,T01,179274.31
2025-11-14,M017,P03,T03,101326.05
2025-11-14,M018,P04,T01,190170.39
2025-11-14,M019,P01,T03,146963.37
2025-11-14,M020,P02,T01,258533.38
2025-11-14,M021,P03,T03,128006.71
2025-11-14,M022,P04,T01,152451.63
2025-11-14,M023,P01,T03,130186.46
2025-11-14,M024,P02,T01,208670.67
2025-11-14,M025,P03,T03,118614.24
2025-11-14,M026,P04,T01,204287.34
2025-11-14,M027,P01,T03,170151.65
2025-11-14,M028,P02,T01,308219.1
2025-11-14,M029,P03,T03,96332.0
2025-11-14,M030,P04,T01,206005.6
2025-11-14,M031,P01,T03,156953.82
2025-11-14,M032,P02,T01,257650.19
2025-11-14,M033,P03,T03,141669.75
2025-11-14,M034,P04,T01,235298.81
2025-11-14,M035,P01,T03,181031.79
2025-11-14,M036,P02,T01,254440.48
2025-11-14,M037,P03,T03,124155.04
2025-11-14,M038,P04,T01,217426.24
2025-11-14,M039,P01,T03,178361.79
2025-11-14,M040,P02,T01,328454.38
2025-11-14,M041,P03,T03,159753.41
2025-11-14,M042,P04,T01,271726.25
2025-11-14,M043,P01,T03,166743.05
2025-11-14,M044,P02,T01,273201.94
2025-11-14,M045,P03,T03,141075.64
2025-11-14,M046,P04,T01,275033.19
2025-11-14,M047,P01,T03,206033.99
2025-11-14,M048,P02,T01,388401.99
2025-11-15,M001,P04,T04,67849.69
2025-11-15,M002,P01,T02,82403.48
2025-11-15,M003,P02,T04,99404.42
2025-11-15,M004,P03,T02,92247.76
2025-11-15,M005,P04,T04,111900.66
2025-11-15,M006,P01,T02,142050.56
2025-11-15,M007,P02,T04,148956.59
2025-11-15,M008,P03,T02,78049.77
2025-11-15,M009,P04,T04,84791.41
2025-11-15,M010,P01,T02,121269.83
2025-11-15,M011,P02,T04,131130.28
2025-11-15,M012,P03,T02,110546.65
2025-11-15,M013,P04,T04,140683.47
2025-11-15,M014,P01,T02,164279.43
2025-11-15,M015,P02,T04,126433.67
2025-11-15,M016,P03,T02,95918.65
2025-11-15,M017,P04,T04,121403.65
2025-11-15,M018,P01,T02,137821.82
2025-11-15,M019,P02,T04,174987.2
2025-11-15,M020,P03,T02,136464.52
2025-11-15,M021,P04,T04,164679.82
2025-11-15,M022,P01,T02,129394.03
2025-11-15,M023,P02,T04,157470.3
2025-11-15,M024,P03,T02,131846.96
2025-11-15,M025,P04,T04,149069.77
2025-11-15,M026,P01,T02,188085.3
2025-11-15,M027,P02,T04,214609.81
2025-11-15,M028,P03,T02,174249.58
2025-11-15,M029,P04,T04,127276.38
2025-11-15,M030,P01,T02,171149.79
2025-11-15,M031,P02,T04,183876.84
2025-11-15,M032,P03,T02,142128.96
2025-11-15,M033,P04,T04,176224.79
2025-11-15,M034,P01,T02,212302.77
2025-11-15,M035,P02,T04,240608.78
2025-11-15,M036,P03,T02,128187.94
2025-11-15,M037,P04,T04,167163.98
2025-11-15,M038,P01,T02,180309.55
2025-11-15,M039,P02,T04,208905.93
2025-11-15,M040,P03,T02,171832.89
2025-11-15,M041,P04,T04,201961.5
2025-11-15,M042,P01,T02,229534.74
2025-11-15,M043,P02,T04,187361.78
2025-11-15,M044,P03,T02,147955.57
2025-11-15,M045,P04,T04,181687.24
2025-11-15,M046,P01,T02,228919.96
2025-11-15,M047,P02,T04,240576.42
2025-11-15,M048,P03,T02,207258.65
2025-11-16,M001,P01,T01,88438.23
2025-11-16,M002,P02,T03,81717.17
2025-11-16,M003,P03,T01,93877.52
2025-11-16,M004,P04,T03,85208.39
2025-11-16,M005,P01,T01,151901.43
2025-11-16,M006,P02,T03,125996.27
2025-11-16,M007,P03,T01,145216.01
2025-11-16,M008,P04,T03,63479.22
2025-11-16,M009,P01,T01,121913.22
2025-11-16,M010,P02,T03,103108.3
2025-11-16,M011,P03,T01,128115.49
2025-11-16,M012,P04,T03,98034.38
2025-11-16,M013,P01,T01,186465.34
2025-11-16,M014,P02,T03,146799.79
2025-11-16,M015,P03,T01,101550.6
2025-11-16,M016,P04,T03,95812.3
2025-11-16,M017,P01,T01,163347.03
2025-11-16,M018,P02,T03,134635.38
2025-11-16,M019,P03,T01,151235.46
2025-11-16,M020,P04,T03,133771.86
2025-11-16,M021,P01,T01,212977.66
2025-11-16,M022,P02,T03,108407.76
2025-11-16,M023,P03,T01,134336.44
2025-11-16,M024,P04,T03,109227.1
2025-11-16,M025,P01,T01,200887.04
2025-11-16,M026,P02,T03,150713.04
2025-11-16,M027,P03,T01,185513.33
2025-11-16,M028,P04,T03,151753.67
2025-11-16,M029,P01,T01,166242.71
2025-11-16,M030,P02,T03,147050.7
2025-11-16,M031,P03,T01,173710.03
2025-11-16,M032,P04,T03,140819.64
2025-11-16,M033,P01,T01,245867.07
2025-11-16,M034,P02,T03,190043.44
2025-11-16,M035,P03,T01,220992.76
2025-11-16,M036,P04,T03,129092.54
2025-11-16,M037,P01,T01,197632.28
2025-11-16,M038,P02,T03,172092.24
2025-11-16,M039,P03,T01,179755.4
2025-11-16,M040,P04,T03,155436.64
2025-11-16,M041,P01,T01,276506.42
2025-11-16,M042,P02,T03,216510.59
2025-11-16,M043,P03,T01,166320.39
2025-11-16,M044,P04,T03,133551.41
2025-11-16,M045,P01,T01,253556.88
2025-11-16,M046,P02,T03,196504.58
2025-11-16,M047,P03,T01,218733.81
2025-11-16,M048,P04,T03,194271.49
2025-11-17,M001,P02,T02,93197.23
2025-11-17,M002,P03,T04,73539.39
2025-11-17,M003,P04,T02,104748.39
2025-11-17,M004,P01,T04,112220.38
2025-11-17,M005,P02,T02,158588.43
2025-11-17,M006,P03,T04,112437.83
2025-11-17,M007,P04,T02,146575.04
2025-11-17,M008,P01,T04,101356.28
2025-11-17,M009,P02,T02,137804.42
2025-11-17,M010,P03,T04,96373.41
2025-11-17,M011,P04,T02,135127.43
2025-11-17,M012,P01,T04,157340.73
2025-11-17,M013,P02,T02,195008.86
2025-11-17,M014,P03,T04,150906.23
2025-11-17,M015,P04,T02,107411.58
2025-11-17,M016,P01,T04,120708.49
2025-11-17,M017,P02,T02,157289.5
2025-11-17,M018,P03,T04,134568.21
2025-11-17,M019,P04,T02,166794.75
2025-11-17,M020,P01,T04,187015.22
2025-11-17,M021,P02,T02,247574.63
2025-11-17,M022,P03,T04,116287.95
2025-11-17,M023,P04,T02,155134.88
2025-11-17,M024,P01,T04,153658.5
2025-11-17,M025,P02,T02,212657.15
2025-11-17,M026,P03,T04,144655.44
2025-11-17,M027,P04,T02,201725.27
2025-11-17,M028,P01,T04,208782.38
2025-11-17,M029,P02,T02,174734.27
2025-11-17,M030,P03,T04,126677.78
2025-11-17,M031,P04,T02,176863.26
2025-11-17,M032,P01,T04,193775.08
2025-11-17,M033,P02,T02,248562.37
2025-11-17,M034,P03,T04,169664.68
2025-11-17,M035,P04,T02,243157.18
2025-11-17,M036,P01,T04,173568.13
2025-11-17,M037,P02,T02,235045.9
2025-11-17,M038,P03,T04,161872.93
2025-11-17,M039,P04,T02,225602.4
2025-11-17,M040,P01,T04,237682.27
2025-11-17,M041,P02,T02,291424.05
2025-11-17,M042,P03,T04,198941.65
2025-11-17,M043,P04,T02,189152.53
2025-11-17,M044,P01,T04,219260.34
2025-11-17,M045,P02,T02,270721.89
2025-11-17,M046,P03,T04,199126.95
2025-11-17,M047,P04,T02,242172.55
2025-11-17,M048,P01,T04,250075.58
2025-11-18,M001,P03,T03,52153.92
2025-11-18,M002,P04,T01,107672.81
2025-11-18,M003,P01,T03,86956.41
2025-11-18,M004,P02,T01,173026.64
2025-11-18,M005,P03,T03,90110.16
2025-11-18,M006,P04,T01,176529.91
2025-11-18,M007,P01,T03,133725.15
2025-11-18,M008,P02,T01,128301.17
2025-11-18,M009,P03,T03,71163.05
2025-11-18,M010,P04,T01,150247.44
2025-11-18,M011,P01,T03,115868.94
2025-11-18,M012,P02,T01,208070.86
2025-11-18,M013,P03,T03,107022.39
2025-11-18,M014,P04,T01,204606.27
2025-11-18,M015,P01,T03,90770.5
2025-11-18,M016,P02,T01,173380.58
2025-11-18,M017,P03,T03,93046.88
2025-11-18,M018,P04,T01,184165.41
2025-11-18,M019,P01,T03,147343.38
2025-11-18,M020,P02,T01,256553.2
2025-11-18,M021,P03,T03,129408.11
2025-11-18,M022,P04,T01,141931.35
2025-11-18,M023,P01,T03,127594.88
2025-11-18,M024,P02,T01,209439.16
2025-11-18,M025,P03,T03,110784.83
2025-11-18,M026,P04,T01,209580.58
2025-11-18,M027,P01,T03,175833.52
2025-11-18,M028,P02,T01,285299.67
2025-11-18,M029,P03,T03,109112.44
2025-11-18,M030,P04,T01,179077.0
2025-11-18,M031,P01,T03,140346.61
2025-11-18,M032,P02,T01,268877.5
2025-11-18,M033,P03,T03,139643.33
2025-11-18,M034,P04,T01,251345.36
2025-11-18,M035,P01,T03,185193.25
2025-11-18,M036,P02,T01,251875.03
2025-11-18,M037,P03,T03,120410.41
2025-11-18,M038,P04,T01,219734.1
2025-11-18,M039,P01,T03,188153.35
2025-11-18,M040,P02,T01,313237.01
2025-11-18,M041,P03,T03,169272.69
2025-11-18,M042,P04,T01,271017.15
2025-11-18,M043,P01,T03,165803.59
2025-11-18,M044,P02,T01,271670.36
2025-11-18,M045,P03,T03,154200.71
2025-11-18,M046,P04,T01,274705.05
2025-11-18,M047,P01,T03,195147.11
2025-11-18,M048,P02,T01,338264.91
2025-11-19,M001,P04,T04,67013.73
2025-11-19,M002,P01,T02,88321.22
2025-11-19,M003,P02,T04,108115.87
2025-11-19,M004,P03,T02,98017.91
2025-11-19,M005,P04,T04,124207.32
2025-11-19,M006,P01,T02,160931.6
2025-11-19,M007,P02,T04,171012.14
2025-11-19,M008,P03,T02,85778.23
2025-11-19,M009,P04,T04,103825.49
2025-11-19,M010,P01,T02,139356.72
2025-11-19,M011,P02,T04,165407.75
2025-11-19,M012,P03,T02,127593.16
2025-11-19,M013,P04,T04,146612.77
2025-11-19,M014,P01,T02,194486.03
2025-11-19,M015,P02,T04,119641.37
2025-11-19,M016,P03,T02,112066.38
2025-11-19,M017,P04,T04,132482.24
2025-11-19,M018,P01,T02,159011.51
2025-11-19,M019,P02,T04,195974.0
2025-11-19,M020,P03,T02,148251.85
2025-11-19,M021,P04,T04,175296.85
2025-11-19,M022,P01,T02,151171.73
2025-11-19,M023,P02,T04,159646.54
2025-11-19,M024,P03,T02,131185.89
2025-11-19,M025,P04,T04,169574.18
2025-11-19,M026,P01,T02,186166.07
2025-11-19,M027,P02,T04,220740.13
2025-11-19,M028,P03,T02,198575.45
2025-11-19,M029,P04,T04,133818.49
2025-11-19,M030,P01,T02,179170.41
2025-11-19,M031,P02,T04,192526.71
2025-11-19,M032,P03,T02,164737.54
2025-11-19,M033,P04,T04,192868.42
2025-11-19,M034,P01,T02,237840.93
2025-11-19,M035,P02,T04,285244.58
2025-11-19,M036,P03,T02,156348.99
2025-11-19,M037,P04,T04,163219.7
2025-11-19,M038,P01,T02,196313.96
2025-11-19,M039,P02,T04,225369.99
2025-11-19,M040,P03,T02,200611.3
2025-11-19,M041,P04,T04,222405.75
2025-11-19,M042,P01,T02,278671.14
2025-11-19,M043,P02,T04,214043.02
2025-11-19,M044,P03,T02,188242.45
2025-11-19,M045,P04,T04,214627.45
2025-11-19,M046,P01,T02,228002.43
2025-11-19,M047,P02,T04,284670.1
2025-11-19,M048,P03,T02,205855.29
2025-11-20,M001,P01,T01,93208.59
2025-11-20,M002,P02,T03,80256.7
2025-11-20,M003,P03,T01,98996.28
2025-11-20,M004,P04,T03,92077.2
2025-11-20,M005,P01,T01,148753.04
2025-11-20,M006,P02,T03,129494.41
2025-11-20,M007,P03,T01,152763.85
2025-11-20,M008,P04,T03,69839.83
2025-11-20,M009,P01,T01,137868.53
2025-11-20,M010,P02,T03,119654.46
2025-11-20,M011,P03,T01,129165.0
2025-11-20,M012,P04,T03,116838.91
2025-11-20,M013,P01,T01,206856.61
2025-11-20,M014,P02,T03,155668.79
2025-11-20,M015,P03,T01,114942.08
2025-11-20,M016,P04,T03,92774.91
2025-11-20,M017,P01,T01,176986.02
2025-11-20,M018,P02,T03,143840.45
2025-11-20,M019,P03,T01,165212.84
2025-11-20,M020,P04,T03,150137.56
2025-11-20,M021,P01,T01,252937.67
2025-11-20,M022,P02,T03,136563.85
2025-11-20,M023,P03,T01,147562.46
2025-11-20,M024,P04,T03,119778.16
2025-11-20,M025,P01,T01,207893.49
2025-11-20,M026,P02,T03,187055.34
2025-11-20,M027,P03,T01,207470.39
2025-11-20,M028,P04,T03,158537.86
2025-11-20,M029,P01,T01,186985.79
2025-11-20,M030,P02,T03,151672.18
2025-11-20,M031,P03,T01,167328.17
2025-11-20,M032,P04,T03,152829.2
2025-11-20,M033,P01,T01,244144.91
2025-11-20,M034,P02,T03,220211.02
2025-11-20,M035,P03,T01,221597.63
2025-11-20,M036,P04,T03,123645.87
2025-11-20,M037,P01,T01,238586.72
2025-11-20,M038,P02,T03,199095.31
2025-11-20,M039,P03,T01,205786.45
2025-11-20,M040,P04,T03,188029.12
2025-11-20,M041,P01,T01,297147.45
2025-11-20,M042,P02,T03,253814.76
2025-11-20,M043,P03,T01,194006.64
2025-11-20,M044,P04,T03,150794.92
2025-11-20,M045,P01,T01,275420.12
2025-11-20,M046,P02,T03,215886.15
2025-11-20,M047,P03,T01,245257.36
2025-11-20,M048,P04,T03,188096.38
2025-11-21,M001,P02,T02,96776.57
2025-11-21,M002,P03,T04,67651.12
2025-11-21,M003,P04,T02,100209.14
2025-11-21,M004,P01,T04,121167.44
2025-11-21,M005,P02,T02,150062.74
2025-11-21,M006,P03,T04,111058.7
2025-11-21,M007,P04,T02,142141.02
2025-11-21,M008,P01,T04,89670.26
2025-11-21,M009,P02,T02,137156.94
2025-11-21,M010,P03,T04,95604.26
2025-11-21,M011,P04,T02,134887.51
2025-11-21,M012,P01,T04,158865.97
2025-11-21,M013,P02,T02,209393.26
2025-11-21,M014,P03,T04,150991.93
2025-11-21,M015,P04,T02,110567.08
2025-11-21,M016,P01,T04,120748.99
2025-11-21,M017,P02,T02,160517.35
2025-11-21,M018,P03,T04,126524.56
2025-11-21,M019,P04,T02,175538.42
2025-11-21,M020,P01,T04,174177.67
2025-11-21,M021,P02,T02,230568.76
2025-11-21,M022,P03,T04,113110.41
2025-11-21,M023,P04,T02,142125.06
2025-11-21,M024,P01,T04,168072.56
2025-11-21,M025,P02,T02,215102.14
2025-11-21,M026,P03,T04,159364.3
2025-11-21,M027,P04,T02,184368.84
2025-11-21,M028,P01,T04,223860.16
2025-11-21,M029,P02,T02,185570.85
2025-11-21,M030,P03,T04,134496.57
2025-11-21,M031,P04,T02,177766.32
2025-11-21,M032,P01,T04,194971.45
2025-11-21,M033,P02,T02,246557.32
2025-11-21,M034,P03,T04,179059.26
2025-11-21,M035,P04,T02,244409.78
2025-11-21,M036,P01,T04,166305.37
2025-11-21,M037,P02,T02,227011.96
2025-11-21,M038,P03,T04,168023.38
2025-11-21,M039,P04,T02,225789.13
2025-11-21,M040,P01,T04,218519.68
2025-11-21,M041,P02,T02,267628.07
2025-11-21,M042,P03,T04,207096.31
2025-11-21,M043,P04,T02,194701.8
2025-11-21,M044,P01,T04,204769.37
2025-11-21,M045,P02,T02,252830.08
2025-11-21,M046,P03,T04,181067.83
2025-11-21,M047,P04,T02,235715.74
2025-11-21,M048,P01,T04,277030.07
2025-11-22,M001,P03,T03,48381.43
2025-11-22,M002,P04,T01,90007.72
2025-11-22,M003,P01,T03,80194.57
2025-11-22,M004,P02,T01,157133.76
2025-11-22,M005,P03,T03,73751.34
2025-11-22,M006,P04,T01,144001.26
2025-11-22,M007,P01,T03,123258.66
2025-11-22,M008,P02,T01,122278.53
2025-11-22,M009,P03,T03,67616.72
2025-11-22,M010,P04,T01,123451.37
2025-11-22,M011,P01,T03,108400.43
2025-11-22,M012,P02,T01,198651.76
2025-11-22,M013,P03,T03,96017.11
2025-11-22,M014,P04,T01,182139.07
2025-11-22,M015,P01,T03,88357.66
2025-11-22,M016,P02,T01,169347.2
2025-11-22,M017,P03,T03,88616.77
2025-11-22,M018,P04,T01,164194.76
2025-11-22,M019,P01,T03,123488.49
2025-11-22,M020,P02,T01,228516.13
2025-11-22,M021,P03,T03,119213.28
2025-11-22,M022,P04,T01,135894.02
2025-11-22,M023,P01,T03,102914.89
2025-11-22,M024,P02,T01,198090.1
2025-11-22,M025,P03,T03,107122.08
2025-11-22,M026,P04,T01,191720.68
2025-11-22,M027,P01,T03,162603.29
2025-11-22,M028,P02,T01,273749.67
2025-11-22,M029,P03,T03,93826.56
2025-11-22,M030,P04,T01,180112.53
2025-11-22,M031,P01,T03,136251.77
2025-11-22,M032,P02,T01,263763.32
2025-11-22,M033,P03,T03,126919.55
2025-11-22,M034,P04,T01,230629.56
2025-11-22,M035,P01,T03,162260.73
2025-11-22,M036,P02,T01,219727.33
2025-11-22,M037,P03,T03,117646.04
2025-11-22,M038,P04,T01,216334.57
2025-11-22,M039,P01,T03,147871.63
2025-11-22,M040,P02,T01,274368.75
2025-11-22,M041,P03,T03,155516.76
2025-11-22,M042,P04,T01,266026.39
2025-11-22,M043,P01,T03,141639.11
2025-11-22,M044,P02,T01,252345.4
2025-11-22,M045,P03,T03,141809.4
2025-11-22,M046,P04,T01,234236.19
2025-11-22,M047,P01,T03,181271.39
2025-11-22,M048,P02,T01,314774.08
2025-11-23,M001,P04,T04,61289.18
2025-11-23,M002,P01,T02,90133.26
2025-11-23,M003,P02,T04,106383.86
2025-11-23,M004,P03,T02,82915.09
2025-11-23,M005,P04,T04,110374.71
2025-11-23,M006,P01,T02,134112.57
2025-11-23,M007,P02,T04,147282.97
2025-11-23,M008,P03,T02,74797.2
2025-11-23,M009,P04,T04,84248.52
2025-11-23,M010,P01,T02,109412.08
2025-11-23,M011,P02,T04,139614.68
2025-11-23,M012,P03,T02,116309.49
2025-11-23,M013,P04,T04,139347.74
2025-11-23,M014,P01,T02,168264.79
2025-11-23,M015,P02,T04,119553.73
2025-11-23,M016,P03,T02,104670.14
2025-11-23,M017,P04,T04,115468.67
2025-11-23,M018,P01,T02,158514.53
2025-11-23,M019,P02,T04,166502.39
2025-11-23,M020,P03,T02,139720.12
2025-11-23,M021,P04,T04,156276.84
2025-11-23,M022,P01,T02,118229.18
2025-11-23,M023,P02,T04,146202.42
2025-11-23,M024,P03,T02,128597.42
2025-11-23,M025,P04,T04,141877.45
2025-11-23,M026,P01,T02,166201.62
2025-11-23,M027,P02,T04,197860.6
2025-11-23,M028,P03,T02,158108.44
2025-11-23,M029,P04,T04,132254.04
2025-11-23,M030,P01,T02,167384.96
2025-11-23,M031,P02,T04,193329.09
2025-11-23,M032,P03,T02,138942.69
2025-11-23,M033,P04,T04,162519.16
2025-11-23,M034,P01,T02,215973.2
2025-11-23,M035,P02,T04,222346.99
2025-11-23,M036,P03,T02,126096.5
2025-11-23,M037,P04,T04,155666.56
2025-11-23,M038,P01,T02,176190.57
2025-11-23,M039,P02,T04,204394.56
2025-11-23,M040,P03,T02,170359.77
2025-11-23,M041,P04,T04,184928.3
2025-11-23,M042,P01,T02,257542.47
2025-11-23,M043,P02,T04,190690.47
2025-11-23,M044,P03,T02,153280.15
2025-11-23,M045,P04,T04,177736.12
2025-11-23,M046,P01,T02,214865.55
2025-11-23,M047,P02,T04,233700.44
2025-11-23,M048,P03,T02,185976.89
2025-11-24,M001,P01,T01,87384.73
2025-11-24,M002,P02,T03,89809.76
2025-11-24,M003,P03,T01,108427.68
2025-11-24,M004,P04,T03,95217.71
2025-11-24,M005,P01,T01,155122.28
2025-11-24,M006,P02,T03,136667.1
2025-11-24,M007,P03,T01,158681.57
2025-11-24,M008,P04,T03,70661.29
2025-11-24,M009,P01,T01,123390.88
2025-11-24,M010,P02,T03,108294.91
2025-11-24,M011,P03,T01,134151.12
2025-11-24,M012,P04,T03,108541.67
2025-11-24,M013,P01,T01,205367.81
2025-11-24,M014,P02,T03,158203.61
2025-11-24,M015,P03,T01,106714.35
2025-11-24,M016,P04,T03,99972.51
2025-11-24,M017,P01,T01,165028.51
2025-11-24,M018,P02,T03,139954.1
2025-11-24,M019,P03,T01,173799.41
2025-11-24,M020,P04,T03,145112.1
2025-11-24,M021,P01,T01,232856.28
2025-11-24,M022,P02,T03,123172.7
2025-11-24,M023,P03,T01,157376.24
2025-11-24,M024,P04,T03,116006.69
2025-11-24,M025,P01,T01,230073.99
2025-11-24,M026,P02,T03,186800.59
2025-11-24,M027,P03,T01,192531.8
2025-11-24,M028,P04,T03,160094.2
2025-11-24,M029,P01,T01,176146.21
2025-11-24,M030,P02,T03,153688.79
2025-11-24,M031,P03,T01,178637.79
2025-11-24,M032,P04,T03,157533.13
2025-11-24,M033,P01,T01,271155.42
2025-11-24,M034,P02,T03,209591.02
2025-11-24,M035,P03,T01,240848.55
2025-11-24,M036,P04,T03,142319.58
2025-11-24,M037,P01,T01,218658.08
2025-11-24,M038,P02,T03,176019.52
2025-11-24,M039,P03,T01,222033.67
2025-11-24,M040,P04,T03,179973.67
2025-11-24,M041,P01,T01,306269.66
2025-11-24,M042,P02,T03,247032.28
2025-11-24,M043,P03,T01,182728.06
2025-11-24,M044,P04,T03,153072.27
2025-11-24,M045,P01,T01,277208.27
2025-11-24,M046,P02,T03,220974.14
2025-11-24,M047,P03,T01,257578.1
2025-11-24,M048,P04,T03,208785.02
2025-11-25,M001,P02,T02,84939.95
2025-11-25,M002,P03,T04,67982.65
2025-11-25,M003,P04,T02,106409.77
2025-11-25,M004,P01,T04,109724.61
2025-11-25,M005,P02,T02,149125.84
2025-11-25,M006,P03,T04,107269.87
2025-11-25,M007,P04,T02,154359.32
2025-11-25,M008,P01,T04,96258.4
2025-11-25,M009,P02,T02,140885.14
2025-11-25,M010,P03,T04,103252.01
2025-11-25,M011,P04,T02,127481.09
2025-11-25,M012,P01,T04,141950.43
2025-11-25,M013,P02,T02,201286.18
2025-11-25,M014,P03,T04,147812.73
2025-11-25,M015,P04,T02,110507.41
2025-11-25,M016,P01,T04,123645.68
2025-11-25,M017,P02,T02,157544.25
2025-11-25,M018,P03,T04,115984.49
2025-11-25,M019,P04,T02,167940.02
2025-11-25,M020,P01,T04,183497.59
2025-11-25,M021,P02,T02,217760.64
2025-11-25,M022,P03,T04,102917.09
2025-11-25,M023,P04,T02,155522.6
2025-11-25,M024,P01,T04,148218.05
2025-11-25,M025,P02,T02,217677.83
2025-11-25,M026,P03,T04,148363.7
2025-11-25,M027,P04,T02,193319.42
2025-11-25,M028,P01,T04,205279.57
2025-11-25,M029,P02,T02,184474.31
2025-11-25,M030,P03,T04,123955.99
2025-11-25,M031,P04,T02,189902.61
2025-11-25,M032,P01,T04,195140.06
2025-11-25,M033,P02,T02,240604.26
2025-11-25,M034,P03,T04,168854.55
2025-11-25,M035,P04,T02,224327.5
2025-11-25,M036,P01,T04,178906.09
2025-11-25,M037,P02,T02,212877.44
2025-11-25,M038,P03,T04,169923.12
2025-11-25,M039,P04,T02,207166.27
2025-11-25,M040,P01,T04,214056.92
2025-11-25,M041,P02,T02,279417.32
2025-11-25,M042,P03,T04,215000.99
2025-11-25,M043,P04,T02,198108.7
2025-11-25,M044,P01,T04,188648.93
2025-11-25,M045,P02,T02,253713.61
2025-11-25,M046,P03,T04,201665.02
2025-11-25,M047,P04,T02,229107.15
2025-11-25,M048,P01,T04,253816.34
2025-11-26,M001,P03,T03,51596.18
2025-11-26,M002,P04,T01,108596.73
2025-11-26,M003,P01,T03,82119.85
2025-11-26,M004,P02,T01,167896.07
2025-11-26,M005,P03,T03,84901.65
2025-11-26,M006,P04,T01,157824.24
2025-11-26,M007,P01,T03,126182.15
2025-11-26,M008,P02,T01,132441.33
2025-11-26,M009,P03,T03,70881.22
2025-11-26,M010,P04,T01,150135.31
2025-11-26,M011,P01,T03,118729.01
2025-11-26,M012,P02,T01,202125.19
2025-11-26,M013,P03,T03,111486.18
2025-11-26,M014,P04,T01,190750.57
2025-11-26,M015,P01,T03,93850.74
2025-11-26,M016,P02,T01,193674.17
2025-11-26,M017,P03,T03,98489.0
2025-11-26,M018,P04,T01,172994.0
2025-11-26,M019,P01,T03,148633.98
2025-11-26,M020,P02,T01,249177.81
2025-11-26,M021,P03,T03,141364.19
2025-11-26,M022,P04,T01,150692.02
2025-11-26,M023,P01,T03,115437.12
2025-11-26,M024,P02,T01,231464.86
2025-11-26,M025,P03,T03,110928.01
2025-11-26,M026,P04,T01,199350.55
2025-11-26,M027,P01,T03,173439.91
2025-11-26,M028,P02,T01,287505.21
2025-11-26,M029,P03,T03,106645.8
2025-11-26,M030,P04,T01,196989.6
2025-11-26,M031,P01,T03,153251.89
2025-11-26,M032,P02,T01,276684.98
2025-11-26,M033,P03,T03,134233.17
2025-11-26,M034,P04,T01,259832.71
2025-11-26,M035,P01,T03,206385.19
2025-11-26,M036,P02,T01,259787.73
2025-11-26,M037,P03,T03,121986.41
2025-11-26,M038,P04,T01,231353.7
2025-11-26,M039,P01,T03,178248.92
2025-11-26,M040,P02,T01,305101.08
2025-11-26,M041,P03,T03,171425.99
2025-11-26,M042,P04,T01,307395.61
2025-11-26,M043,P01,T03,170065.29
2025-11-26,M044,P02,T01,266659.36
2025-11-26,M045,P03,T03,157869.63
2025-11-26,M046,P04,T01,274019.52
2025-11-26,M047,P01,T03,206968.57
2025-11-26,M048,P02,T01,344617.7
2025-11-27,M001,P04,T04,75260.92
2025-11-27,M002,P01,T02,87464.71
2025-11-27,M003,P02,T04,119325.03
2025-11-27,M004,P03,T02,104741.63
2025-11-27,M005,P04,T04,124434.67
2025-11-27,M006,P01,T02,147592.91
2025-11-27,M007,P02,T04,186491.1
2025-11-27,M008,P03,T02,77516.13
2025-11-27,M009,P04,T04,95711.1
2025-11-27,M010,P01,T02,120417.13
2025-11-27,M011,P02,T04,149203.96
2025-11-27,M012,P03,T02,128693.72
2025-11-27,M013,P04,T04,138624.57
2025-11-27,M014,P01,T02,194742.33
2025-11-27,M015,P02,T04,126808.81
2025-11-27,M016,P03,T02,107607.51
2025-11-27,M017,P04,T04,131666.18
2025-11-27,M018,P01,T02,160641.3
2025-11-27,M019,P02,T04,189601.08
2025-11-27,M020,P03,T02,163976.08
2025-11-27,M021,P04,T04,171102.1
2025-11-27,M022,P01,T02,152835.86
2025-11-27,M023,P02,T04,153821.96
2025-11-27,M024,P03,T02,131714.57
2025-11-27,M025,P04,T04,149078.74
2025-11-27,M026,P01,T02,197566.76
2025-11-27,M027,P02,T04,232515.43
2025-11-27,M028,P03,T02,180829.22
2025-11-27,M029,P04,T04,138478.78
2025-11-27,M030,P01,T02,183289.98
2025-11-27,M031,P02,T04,201916.93
2025-11-27,M032,P03,T02,178321.47
2025-11-27,M033,P04,T04,206298.46
2025-11-27,M034,P01,T02,243659.86
2025-11-27,M035,P02,T04,265440.1
2025-11-27,M036,P03,T02,137444.06
2025-11-27,M037,P04,T04,173502.35
2025-11-27,M038,P01,T02,211559.69
2025-11-27,M039,P02,T04,231820.6
2025-11-27,M040,P03,T02,182444.44
2025-11-27,M041,P04,T04,216066.81
2025-11-27,M042,P01,T02,263835.31
2025-11-27,M043,P02,T04,200913.01
2025-11-27,M044,P03,T02,189538.91
2025-11-27,M045,P04,T04,198609.18
2025-11-27,M046,P01,T02,265338.84
2025-11-27,M047,P02,T04,287656.23
2025-11-27,M048,P03,T02,224369.69
2025-11-28,M001,P01,T01,86566.81
2025-11-28,M002,P02,T03,90300.2
2025-11-28,M003,P03,T01,96387.76
2025-11-28,M004,P04,T03,85628.49
2025-11-28,M005,P01,T01,169254.04
2025-11-28,M006,P02,T03,140690.13
2025-11-28,M007,P03,T01,160036.82
2025-11-28,M008,P04,T03,77726.17
2025-11-28,M009,P01,T01,137550.29
2025-11-28,M010,P02,T03,120529.44
2025-11-28,M011,P03,T01,142170.4
2025-11-28,M012,P04,T03,123329.51
2025-11-28,M013,P01,T01,189896.09
2025-11-28,M014,P02,T03,173078.99
2025-11-28,M015,P03,T01,115456.53
2025-11-28,M016,P04,T03,93356.61
2025-11-28,M017,P01,T01,176720.84
2025-11-28,M018,P02,T03,135362.15
2025-11-28,M019,P03,T01,179167.34
2025-11-28,M020,P04,T03,150175.91
2025-11-28,M021,P01,T01,246564.26
2025-11-28,M022,P02,T03,120678.99
2025-11-28,M023,P03,T01,139740.67
2025-11-28,M024,P04,T03,117584.48
2025-11-28,M025,P01,T01,226245.18
2025-11-28,M026,P02,T03,190521.22
2025-11-28,M027,P03,T01,212597.75
2025-11-28,M028,P04,T03,162178.94
2025-11-28,M029,P01,T01,190372.51
2025-11-28,M030,P02,T03,148716.19
2025-11-28,M031,P03,T01,173886.99
2025-11-28,M032,P04,T03,147180.92
2025-11-28,M033,P01,T01,257150.04
2025-11-28,M034,P02,T03,204482.8
2025-11-28,M035,P03,T01,225813.22
2025-11-28,M036,P04,T03,125114.91
2025-11-28,M037,P01,T01,214501.77
2025-11-28,M038,P02,T03,190236.49
2025-11-28,M039,P03,T01,209836.17
2025-11-28,M040,P04,T03,180687.21
2025-11-28,M041,P01,T01,313922.51
2025-11-28,M042,P02,T03,222926.35
2025-11-28,M043,P03,T01,200995.04
2025-11-28,M044,P04,T03,159123.06
2025-11-28,M045,P01,T01,280299.24
2025-11-28,M046,P02,T03,221607.9
2025-11-28,M047,P03,T01,242295.22
2025-11-28,M048,P04,T03,191334.79
2025-11-29,M001,P02,T02,77452.99
2025-11-29,M002,P03,T04,67635.17
2025-11-29,M003,P04,T02,88669.11
2025-11-29,M004,P01,T04,100037.7
2025-11-29,M005,P02,T02,142939.82
2025-11-29,M006,P03,T04,96827.85
2025-11-29,M007,P04,T02,136224.69
2025-11-29,M008,P01,T04,89838.58
2025-11-29,M009,P02,T02,114649.14
2025-11-29,M010,P03,T04,93322.82
2025-11-29,M011,P04,T02,122878.27
2025-11-29,M012,P01,T04,128174.93
2025-11-29,M013,P02,T02,180016.93
2025-11-29,M014,P03,T04,128764.96
2025-11-29,M015,P04,T02,96519.95
2025-11-29,M016,P01,T04,115075.3
2025-11-29,M017,P02,T02,165218.28
2025-11-29,M018,P03,T04,119797.14
2025-11-29,M019,P04,T02,138766.97
2025-11-29,M020,P01,T04,156990.66
2025-11-29,M021,P02,T02,215275.16
2025-11-29,M022,P03,T04,90382.31
2025-11-29,M023,P04,T02,129061.47
2025-11-29,M024,P01,T04,133555.84
2025-11-29,M025,P02,T02,188483.19
2025-11-29,M026,P03,T04,127230.83
2025-11-29,M027,P04,T02,184768.5
2025-11-29,M028,P01,T04,204662.13
2025-11-29,M029,P02,T02,156536.68
2025-11-29,M030,P03,T04,129751.14
2025-11-29,M031,P04,T02,164115.56
2025-11-29,M032,P01,T04,183323.53
2025-11-29,M033,P02,T02,227572.3
2025-11-29,M034,P03,T04,154616.12
2025-11-29,M035,P04,T02,196081.74
2025-11-29,M036,P01,T04,155955.49
2025-11-29,M037,P02,T02,193278.29
2025-11-29,M038,P03,T04,137901.63
2025-11-29,M039,P04,T02,200135.51
2025-11-29,M040,P01,T04,211720.73
2025-11-29,M041,P02,T02,253786.26
2025-11-29,M042,P03,T04,192707.24
2025-11-29,M043,P04,T02,171680.3
2025-11-29,M044,P01,T04,174724.54
2025-11-29,M045,P02,T02,254251.39
2025-11-29,M046,P03,T04,163680.83
2025-11-29,M047,P04,T02,216947.72
2025-11-29,M048,P01,T04,227345.57
2025-11-30,M001,P03,T03,44920.51
2025-11-30,M002,P04,T01,99072.34
2025-11-30,M003,P01,T03,78672.7
2025-11-30,M004,P02,T01,157948.99
2025-11-30,M005,P03,T03,81012.89
2025-11-30,M006,P04,T01,151591.21
2025-11-30,M007,P01,T03,112022.54
2025-11-30,M008,P02,T01,125905.05
2025-11-30,M009,P03,T03,61396.78
2025-11-30,M010,P04,T01,116947.49
2025-11-30,M011,P01,T03,102506.58
2025-11-30,M012,P02,T01,196826.16
2025-11-30,M013,P03,T03,94940.52
2025-11-30,M014,P04,T01,170857.75
2025-11-30,M015,P01,T03,82874.56
2025-11-30,M016,P02,T01,162045.67
2025-11-30,M017,P03,T03,79911.33
2025-11-30,M018,P04,T01,166050.8
2025-11-30,M019,P01,T03,129769.4
2025-11-30,M020,P02,T01,228751.39
2025-11-30,M021,P03,T03,111088.19
2025-11-30,M022,P04,T01,141862.55
2025-11-30,M023,P01,T03,105828.84
2025-11-30,M024,P02,T01,198762.1
2025-11-30,M025,P03,T03,113953.12
2025-11-30,M026,P04,T01,182195.58
2025-11-30,M027,P01,T03,139992.37
2025-11-30,M028,P02,T01,264066.99
2025-11-30,M029,P03,T03,95785.61
2025-11-30,M030,P04,T01,163107.93
2025-11-30,M031,P01,T03,132104.81
2025-11-30,M032,P02,T01,259463.89
2025-11-30,M033,P03,T03,124460.13
2025-11-30,M034,P04,T01,216849.95
2025-11-30,M035,P01,T03,176574.65
2025-11-30,M036,P02,T01,202782.21
2025-11-30,M037,P03,T03,117177.2
2025-11-30,M038,P04,T01,208376.46
2025-11-30,M039,P01,T03,160859.73
2025-11-30,M040,P02,T01,306277.69
2025-11-30,M041,P03,T03,147027.65
2025-11-30,M042,P04,T01,250948.11
2025-11-30,M043,P01,T03,135340.94
2025-11-30,M044,P02,T01,259005.7
2025-11-30,M045,P03,T03,139294.44
2025-11-30,M046,P04,T01,247083.9
2025-11-30,M047,P01,T03,190440.23
2025-11-30,M048,P02,T01,303649.73
2025-12-01,M001,P02,T02,87093.16
2025-12-01,M002,P03,T04,79065.25
2025-12-01,M003,P04,T02,100512.15
2025-12-01,M004,P01,T04,110497.33
2025-12-01,M005,P02,T02,171831.63
2025-12-01,M006,P03,T04,120876.4
2025-12-01,M007,P04,T02,148792.45
2025-12-01,M008,P01,T04,99111.06
2025-12-01,M009,P02,T02,126234.33
2025-12-01,M010,P03,T04,108709.58
2025-12-01,M011,P04,T02,141761.91
2025-12-01,M012,P01,T04,163541.7
2025-12-01,M013,P02,T02,192168.36
2025-12-01,M014,P03,T04,143670.8
2025-12-01,M015,P04,T02,120159.89
2025-12-01,M016,P01,T04,123940.99
2025-12-01,M017,P02,T02,166450.19
2025-12-01,M018,P03,T04,125911.66
2025-12-01,M019,P04,T02,173409.43
2025-12-01,M020,P01,T04,177277.38
2025-12-01,M021,P02,T02,247440.84
2025-12-01,M022,P03,T04,102824.05
2025-12-01,M023,P04,T02,148009.38
2025-12-01,M024,P01,T04,158938.78
2025-12-01,M025,P02,T02,210593.96
2025-12-01,M026,P03,T04,145873.06
2025-12-01,M027,P04,T02,198487.59
2025-12-01,M028,P01,T04,231882.08
2025-12-01,M029,P02,T02,195904.7
2025-12-01,M030,P03,T04,128699.74
2025-12-01,M031,P04,T02,194263.79
2025-12-01,M032,P01,T04,197702.81
2025-12-01,M033,P02,T02,276788.59
2025-12-01,M034,P03,T04,183463.87
2025-12-01,M035,P04,T02,254414.29
2025-12-01,M036,P01,T04,189351.89
2025-12-01,M037,P02,T02,236026.81
2025-12-01,M038,P03,T04,167903.67
2025-12-01,M039,P04,T02,200132.62
2025-12-01,M040,P01,T04,214971.53
2025-12-01,M041,P02,T02,283279.95
2025-12-01,M042,P03,T04,193541.26
2025-12-01,M043,P04,T02,204707.05
2025-12-01,M044,P01,T04,200069.84
2025-12-01,M045,P02,T02,262870.96
2025-12-01,M046,P03,T04,206498.06
2025-12-01,M047,P04,T02,243478.51
2025-12-01,M048,P01,T04,273714.97
2025-12-02,M001,P03,T03,50891.78
2025-12-02,M002,P04,T01,97605.6
2025-12-02,M003,P01,T03,91318.34
2025-12-02,M004,P02,T01,161676.28
2025-12-02,M005,P03,T03,91319.04
2025-12-02,M006,P04,T01,170154.91
2025-12-02,M007,P01,T03,133844.73
2025-12-02,M008,P02,T01,142101.53
2025-12-02,M009,P03,T03,69733.52
2025-12-02,M010,P04,T01,150605.36
2025-12-02,M011,P01,T03,111327.94
2025-12-02,M012,P02,T01,221554.75
2025-12-02,M013,P03,T03,112324.85
2025-12-02,M014,P04,T01,213211.43
2025-12-02,M015,P01,T03,98867.45
2025-12-02,M016,P02,T01,187026.15
2025-12-02,M017,P03,T03,91925.95
2025-12-02,M018,P04,T01,189415.48
2025-12-02,M019,P01,T03,149447.57
2025-12-02,M020,P02,T01,274203.21
2025-12-02,M021,P03,T03,136332.0
2025-12-02,M022,P04,T01,149177.32
2025-12-02,M023,P01,T03,126486.19
2025-12-02,M024,P02,T01,216449.12
2025-12-02,M025,P03,T03,120986.58
2025-12-02,M026,P04,T01,226371.49
2025-12-02,M027,P01,T03,168607.41
2025-12-02,M028,P02,T01,287178.46
2025-12-02,M029,P03,T03,106475.3
2025-12-02,M030,P04,T01,187741.36
2025-12-02,M031,P01,T03,160083.83
2025-12-02,M032,P02,T01,279778.35
2025-12-02,M033,P03,T03,138563.65
2025-12-02,M034,P04,T01,239593.6
2025-12-02,M035,P01,T03,186991.03
2025-12-02,M036,P02,T01,233815.96
2025-12-02,M037,P03,T03,123845.79
2025-12-02,M038,P04,T01,220347.74
2025-12-02,M039,P01,T03,180873.3
2025-12-02,M040,P02,T01,337473.12
2025-12-02,M041,P03,T03,168034.14
2025-12-02,M042,P04,T01,280554.91
2025-12-02,M043,P01,T03,151333.85
2025-12-02,M044,P02,T01,312412.4
2025-12-02,M045,P03,T03,150553.73
2025-12-02,M046,P04,T01,270788.54
2025-12-02,M047,P01,T03,202751.01
2025-12-02,M048,P02,T01,356895.37
2025-12-03,M001,P04,T04,67552.75
2025-12-03,M002,P01,T02,93215.34
2025-12-03,M003,P02,T04,124591.87
2025-12-03,M004,P03,T02,109993.95
2025-12-03,M005,P04,T04,127314.22
2025-12-03,M006,P01,T02,155213.55
2025-12-03,M007,P02,T04,169120.09
2025-12-03,M008,P03,T02,85022.99
2025-12-03,M009,P04,T04,101993.76
2025-12-03,M010,P01,T02,128975.52
2025-12-03,M011,P02,T04,168413.05
2025-12-03,M012,P03,T02,135140.87
2025-12-03,M013,P04,T04,162815.92
2025-12-03,M014,P01,T02,194156.11
2025-12-03,M015,P02,T04,136193.91
2025-12-03,M016,P03,T02,118227.75
2025-12-03,M017,P04,T04,133797.74
2025-12-03,M018,P01,T02,157167.36
2025-12-03,M019,P02,T04,204658.52
2025-12-03,M020,P03,T02,163813.62
2025-12-03,M021,P04,T04,186258.79
2025-12-03,M022,P01,T02,134832.87
2025-12-03,M023,P02,T04,180833.58
2025-12-03,M024,P03,T02,146348.25
2025-12-03,M025,P04,T04,177745.59
2025-12-03,M026,P01,T02,219666.95
2025-12-03,M027,P02,T04,236760.57
2025-12-03,M028,P03,T02,176088.64
2025-12-03,M029,P04,T04,135930.33
2025-12-03,M030,P01,T02,189797.86
2025-12-03,M031,P02,T04,204786.18
2025-12-03,M032,P03,T02,176852.32
2025-12-03,M033,P04,T04,209647.49
2025-12-03,M034,P01,T02,253473.29
2025-12-03,M035,P02,T04,260436.8
2025-12-03,M036,P03,T02,145944.25
2025-12-03,M037,P04,T04,186126.69
2025-12-03,M038,P01,T02,207815.16
2025-12-03,M039,P02,T04,243515.97
2025-12-03,M040,P03,T02,198400.69
2025-12-03,M041,P04,T04,222189.98
2025-12-03,M042,P01,T02,262362.4
2025-12-03,M043,P02,T04,222038.76
2025-12-03,M044,P03,T02,170748.03
2025-12-03,M045,P04,T04,212137.39
2025-12-03,M046,P01,T02,239542.02
2025-12-03,M047,P02,T04,265705.79
2025-12-03,M048,P03,T02,234549.71
2025-12-04,M001,P01,T01,101679.29
2025-12-04,M002,P02,T03,92151.08
2025-12-04,M003,P03,T01,108630.56
2025-12-04,M004,P04,T03,87936.39
2025-12-04,M005,P01,T01,175375.28
2025-12-04,M006,P02,T03,142920.47
2025-12-04,M007,P03,T01,163715.7
2025-12-04,M008,P04,T03,79165.38
2025-12-04,M009,P01,T01,143656.72
2025-12-04,M010,P02,T03,116840.29
2025-12-04,M011,P03,T01,140521.83
2025-12-04,M012,P04,T03,118306.02
2025-12-04,M013,P01,T01,190878.45
2025-12-04,M014,P02,T03,180821.44
2025-12-04,M015,P03,T01,123035.74
2025-12-04,M016,P04,T03,99790.39
2025-12-04,M017,P01,T01,174799.89
2025-12-04,M018,P02,T03,153606.01
2025-12-04,M019,P03,T01,184984.38
2025-12-04,M020,P04,T03,142595.52
2025-12-04,M021,P01,T01,251202.73
2025-12-04,M022,P02,T03,133046.95
2025-12-04,M023,P03,T01,159015.98
2025-12-04,M024,P04,T03,130347.78
2025-12-04,M025,P01,T01,231127.12
2025-12-04,M026,P02,T03,171324.33
2025-12-04,M027,P03,T01,198927.08
2025-12-04,M028,P04,T03,179779.69
2025-12-04,M029,P01,T01,185273.18
2025-12-04,M030,P02,T03,173113.21
2025-12-04,M031,P03,T01,177686.37
2025-12-04,M032,P04,T03,160457.28
2025-12-04,M033,P01,T01,270646.83
2025-12-04,M034,P02,T03,207752.93
2025-12-04,M035,P03,T01,252034.16
2025-12-04,M036,P04,T03,130793.14
2025-12-04,M037,P01,T01,228936.01
2025-12-04,M038,P02,T03,186126.79
2025-12-04,M039,P03,T01,224524.35
2025-12-04,M040,P04,T03,190526.99
2025-12-04,M041,P01,T01,282093.9
2025-12-04,M042,P02,T03,235398.19
2025-12-04,M043,P03,T01,212289.17
2025-12-04,M044,P04,T03,152181.14
2025-12-04,M045,P01,T01,287884.92
2025-12-04,M046,P02,T03,239147.5
2025-12-04,M047,P03,T01,269197.86
2025-12-04,M048,P04,T03,198866.95
2025-12-05,M001,P02,T02,100406.37
2025-12-05,M002,P03,T04,74727.0
2025-12-05,M003,P04,T02,99266.74
2025-12-05,M004,P01,T04,124849.77
2025-12-05,M005,P02,T02,149952.26
2025-12-05,M006,P03,T04,119119.92
2025-12-05,M007,P04,T02,154169.88
2025-12-05,M008,P01,T04,101712.96
2025-12-05,M009,P02,T02,130185.99
2025-12-05,M010,P03,T04,99629.65
2025-12-05,M011,P04,T02,128752.33
2025-12-05,M012,P01,T04,150577.34
2025-12-05,M013,P02,T02,193762.34
2025-12-05,M014,P03,T04,150729.14
2025-12-05,M015,P04,T02,108851.72
2025-12-05,M016,P01,T04,124509.89
2025-12-05,M017,P02,T02,174015.18
2025-12-05,M018,P03,T04,131970.78
2025-12-05,M019,P04,T02,163821.08
2025-12-05,M020,P01,T04,177552.45
2025-12-05,M021,P02,T02,236324.42
2025-12-05,M022,P03,T04,103281.44
2025-12-05,M023,P04,T02,145736.77
2025-12-05,M024,P01,T04,169251.68
2025-12-05,M025,P02,T02,200502.6
2025-12-05,M026,P03,T04,154157.83
2025-12-05,M027,P04,T02,211326.95
2025-12-05,M028,P01,T04,213942.12
2025-12-05,M029,P02,T02,184798.38
2025-12-05,M030,P03,T04,137549.44
2025-12-05,M031,P04,T02,176337.63
2025-12-05,M032,P01,T04,187348.48
2025-12-05,M033,P02,T02,265162.59
2025-12-05,M034,P03,T04,179999.11
2025-12-05,M035,P04,T02,246631.91
2025-12-05,M036,P01,T04,163640.36
2025-12-05,M037,P02,T02,219607.63
2025-12-05,M038,P03,T04,163601.28
2025-12-05,M039,P04,T02,226960.86
2025-12-05,M040,P01,T04,237636.01
2025-12-05,M041,P02,T02,305401.86
2025-12-05,M042,P03,T04,220909.98
2025-12-05,M043,P04,T02,192615.41
2025-12-05,M044,P01,T04,211387.67
2025-12-05,M045,P02,T02,262685.06
2025-12-05,M046,P03,T04,199982.32
2025-12-05,M047,P04,T02,238830.33
2025-12-05,M048,P01,T04,262187.17
2025-12-06,M001,P03,T03,44846.09
2025-12-06,M002,P04,T01,101680.32
2025-12-06,M003,P01,T03,78288.67
2025-12-06,M004,P02,T01,142075.08
2025-12-06,M005,P03,T03,77773.47
2025-12-06,M006,P04,T01,139897.82
2025-12-06,M007,P01,T03,119328.9
2025-12-06,M008,P02,T01,132254.59
2025-12-06,M009,P03,T03,69141.27
2025-12-06,M010,P04,T01,125040.67
2025-12-06,M011,P01,T03,111038.53
2025-12-06,M012,P02,T01,200428.93
2025-12-06,M013,P03,T03,96380.97
2025-12-06,M014,P04,T01,197835.86
2025-12-06,M015,P01,T03,87416.75
2025-12-06,M016,P02,T01,166589.52
2025-12-06,M017,P03,T03,93981.02
2025-12-06,M018,P04,T01,160612.47
2025-12-06,M019,P01,T03,126914.68
2025-12-06,M020,P02,T01,218156.91
2025-12-06,M021,P03,T03,115770.3
2025-12-06,M022,P04,T01,145231.46
2025-12-06,M023,P01,T03,122668.84
2025-12-06,M024,P02,T01,219998.83
2025-12-06,M025,P03,T03,105849.81
2025-12-06,M026,P04,T01,188773.31
2025-12-06,M027,P01,T03,152534.38
2025-12-06,M028,P02,T01,282673.73
2025-12-06,M029,P03,T03,101669.79
2025-12-06,M030,P04,T01,182119.65
2025-12-06,M031,P01,T03,147132.75
2025-12-06,M032,P02,T01,251439.79
2025-12-06,M033,P03,T03,124599.46
2025-12-06,M034,P04,T01,232534.35
2025-12-06,M035,P01,T03,188371.39
2025-12-06,M036,P02,T01,223141.05
2025-12-06,M037,P03,T03,109201.23
2025-12-06,M038,P04,T01,228408.31
2025-12-06,M039,P01,T03,158262.3
2025-12-06,M040,P02,T01,275074.45
2025-12-06,M041,P03,T03,139417.56
2025-12-06,M042,P04,T01,278838.77
2025-12-06,M043,P01,T03,149777.57
2025-12-06,M044,P02,T01,257527.76
2025-12-06,M045,P03,T03,132807.01
2025-12-06,M046,P04,T01,234041.68
2025-12-06,M047,P01,T03,179169.48
2025-12-06,M048,P02,T01,353595.36
2025-12-07,M001,P04,T04,69403.76
2025-12-07,M002,P01,T02,85510.42
2025-12-07,M003,P02,T04,103805.88
2025-12-07,M004,P03,T02,99474.69
2025-12-07,M005,P04,T04,102279.76
2025-12-07,M006,P01,T02,140339.4
2025-12-07,M007,P02,T04,174420.95
2025-12-07,M008,P03,T02,78285.38
2025-12-07,M009,P04,T04,93318.47
2025-12-07,M010,P01,T02,123414.61
2025-12-07,M011,P02,T04,133559.0
2025-12-07,M012,P03,T02,112734.52
2025-12-07,M013,P04,T04,138843.78
2025-12-07,M014,P01,T02,179903.02
2025-12-07,M015,P02,T04,120434.37
2025-12-07,M016,P03,T02,94987.39
2025-12-07,M017,P04,T04,113335.59
2025-12-07,M018,P01,T02,152474.46
2025-12-07,M019,P02,T04,162564.04
2025-12-07,M020,P03,T02,137201.2
2025-12-07,M021,P04,T04,165592.08
2025-12-07,M022,P01,T02,131412.37
2025-12-07,M023,P02,T04,166663.16
2025-12-07,M024,P03,T02,121744.68
2025-12-07,M025,P04,T04,147647.64
2025-12-07,M026,P01,T02,179910.73
2025-12-07,M027,P02,T04,207060.97
2025-12-07,M028,P03,T02,178145.54
2025-12-07,M029,P04,T04,136556.0
2025-12-07,M030,P01,T02,173684.69
2025-12-07,M031,P02,T04,192124.96
2025-12-07,M032,P03,T02,156295.27
2025-12-07,M033,P04,T04,164360.5
2025-12-07,M034,P01,T02,215001.52
2025-12-07,M035,P02,T04,263073.75
2025-12-07,M036,P03,T02,143634.61
2025-12-07,M037,P04,T04,163287.96
2025-12-07,M038,P01,T02,194787.41
2025-12-07,M039,P02,T04,207170.71
2025-12-07,M040,P03,T02,171053.99
2025-12-07,M041,P04,T04,218441.18
2025-12-07,M042,P01,T02,262197.3
2025-12-07,M043,P02,T04,199572.53
2025-12-07,M044,P03,T02,159264.77
2025-12-07,M045,P04,T04,185813.41
2025-12-07,M046,P01,T02,220070.48
2025-12-07,M047,P02,T04,268238.61
2025-12-07,M048,P03,T02,221370.1
2025-12-08,M001,P01,T01,98738.28
2025-12-08,M002,P02,T03,92582.48
2025-12-08,M003,P03,T01,109459.73
2025-12-08,M004,P04,T03,98252.72
2025-12-08,M005,P01,T01,154429.34
2025-12-08,M006,P02,T03,134996.13
2025-12-08,M007,P03,T01,163177.83
2025-12-08,M008,P04,T03,74917.75
2025-12-08,M009,P01,T01,147081.37
2025-12-08,M010,P02,T03,123832.66
2025-12-08,M011,P03,T01,146544.2
2025-12-08,M012,P04,T03,110673.8
2025-12-08,M013,P01,T01,209293.51
2025-12-08,M014,P02,T03,172448.26
2025-12-08,M015,P03,T01,113474.58
2025-12-08,M016,P04,T03,95528.58
2025-12-08,M017,P01,T01,165293.66
2025-12-08,M018,P02,T03,143622.34
2025-12-08,M019,P03,T01,171679.25
2025-12-08,M020,P04,T03,152695.44
2025-12-08,M021,P01,T01,261697.73
2025-12-08,M022,P02,T03,138601.94
2025-12-08,M023,P03,T01,146577.17
2025-12-08,M024,P04,T03,131885.65
2025-12-08,M025,P01,T01,205607.39
2025-12-08,M026,P02,T03,169762.12
2025-12-08,M027,P03,T01,209425.45
2025-12-08,M028,P04,T03,169348.11
2025-12-08,M029,P01,T01,185129.27
2025-12-08,M030,P02,T03,157293.04
2025-12-08,M031,P03,T01,192896.1
2025-12-08,M032,P04,T03,152615.51
2025-12-08,M033,P01,T01,281350.95
2025-12-08,M034,P02,T03,229025.81
2025-12-08,M035,P03,T01,258038.78
2025-12-08,M036,P04,T03,140749.01
2025-12-08,M037,P01,T01,234725.45
2025-12-08,M038,P02,T03,181336.47
2025-12-08,M039,P03,T01,231209.07
2025-12-08,M040,P04,T03,175960.02
2025-12-08,M041,P01,T01,291400.38
2025-12-08,M042,P02,T03,234908.35
2025-12-08,M043,P03,T01,192298.38
2025-12-08,M044,P04,T03,157781.51
2025-12-08,M045,P01,T01,282771.79
2025-12-08,M046,P02,T03,220181.12
2025-12-08,M047,P03,T01,239440.78
2025-12-08,M048,P04,T03,204063.01
2025-12-09,M001,P02,T02,95522.97
2025-12-09,M002,P03,T04,74001.05
2025-12-09,M003,P04,T02,97576.55
2025-12-09,M004,P01,T04,124664.82
2025-12-09,M005,P02,T02,161056.44
2025-12-09,M006,P03,T04,120863.81
2025-12-09,M007,P04,T02,155893.49
2025-12-09,M008,P01,T04,104703.02
2025-12-09,M009,P02,T02,139355.85
2025-12-09,M010,P03,T04,106145.22
2025-12-09,M011,P04,T02,129457.3
2025-12-09,M012,P01,T04,154429.44
2025-12-09,M013,P02,T02,203381.84
2025-12-09,M014,P03,T04,138038.08
2025-12-09,M015,P04,T02,121855.32
2025-12-09,M016,P01,T04,124932.15
2025-12-09,M017,P02,T02,180701.95
2025-12-09,M018,P03,T04,136808.21
2025-12-09,M019,P04,T02,160803.97
2025-12-09,M020,P01,T04,192407.49
2025-12-09,M021,P02,T02,250547.57
2025-12-09,M022,P03,T04,108318.39
2025-12-09,M023,P04,T02,151188.68
2025-12-09,M024,P01,T04,157839.19
2025-12-09,M025,P02,T02,230567.11
2025-12-09,M026,P03,T04,164500.96
2025-12-09,M027,P04,T02,210364.97
2025-12-09,M028,P01,T04,222302.45
2025-12-09,M029,P02,T02,186731.77
2025-12-09,M030,P03,T04,137882.42
2025-12-09,M031,P04,T02,173758.9
2025-12-09,M032,P01,T04,193826.66
2025-12-09,M033,P02,T02,242269.97
2025-12-09,M034,P03,T04,195827.07
2025-12-09,M035,P04,T02,245505.39
2025-12-09,M036,P01,T04,171554.6
2025-12-09,M037,P02,T02,220961.34
2025-12-09,M038,P03,T04,167052.63
2025-12-09,M039,P04,T02,218596.24
2025-12-09,M040,P01,T04,241275.35
2025-12-09,M041,P02,T02,292711.88
2025-12-09,M042,P03,T04,222007.1
2025-12-09,M043,P04,T02,196460.03
2025-12-09,M044,P01,T04,218316.02
2025-12-09,M045,P02,T02,266075.26
2025-12-09,M046,P03,T04,198570.19
2025-12-09,M047,P04,T02,248638.67
2025-12-09,M048,P01,T04,265786.89
2025-12-10,M001,P03,T03,55095.47
2025-12-10,M002,P04,T01,97178.62
2025-12-10,M003,P01,T03,93421.35
2025-12-10,M004,P02,T01,171091.18
2025-12-10,M005,P03,T03,92738.27
2025-12-10,M006,P04,T01,163570.85
2025-12-10,M007,P01,T03,134934.58
2025-12-10,M008,P02,T01,126660.35
2025-12-10,M009,P03,T03,80134.23
2025-12-10,M010,P04,T01,143632.14
2025-12-10,M011,P01,T03,121894.64
2025-12-10,M012,P02,T01,206817.95
2025-12-10,M013,P03,T03,104434.73
2025-12-10,M014,P04,T01,217444.63
2025-12-10,M015,P01,T03,94404.6
2025-12-10,M016,P02,T01,189178.53
2025-12-10,M017,P03,T03,101183.38
2025-12-10,M018,P04,T01,189363.07
2025-12-10,M019,P01,T03,144354.2
2025-12-10,M020,P02,T01,270726.45
2025-12-10,M021,P03,T03,129906.59
2025-12-10,M022,P04,T01,160963.63
2025-12-10,M023,P01,T03,122932.19
2025-12-10,M024,P02,T01,227906.08
2025-12-10,M025,P03,T03,122900.07
2025-12-10,M026,P04,T01,229239.06
2025-12-10,M027,P01,T03,165923.36
2025-12-10,M028,P02,T01,322916.8
2025-12-10,M029,P03,T03,109546.97
2025-12-10,M030,P04,T01,180860.82
2025-12-10,M031,P01,T03,146091.45
2025-12-10,M032,P02,T01,257770.43
2025-12-10,M033,P03,T03,138141.61
2025-12-10,M034,P04,T01,271153.3
2025-12-10,M035,P01,T03,213800.56
2025-12-10,M036,P02,T01,233269.02
2025-12-10,M037,P03,T03,123906.51
2025-12-10,M038,P04,T01,239947.14
2025-12-10,M039,P01,T03,185114.39
2025-12-10,M040,P02,T01,314556.8
2025-12-10,M041,P03,T03,155419.52
2025-12-10,M042,P04,T01,320033.81
2025-12-10,M043,P01,T03,157995.56
2025-12-10,M044,P02,T01,290575.83
2025-12-10,M045,P03,T03,155467.29
2025-12-10,M046,P04,T01,274676.86
2025-12-10,M047,P01,T03,220072.27
2025-12-10,M048,P02,T01,398845.59
2025-12-11,M001,P04,T04,71972.96
2025-12-11,M002,P01,T02,99885.21
2025-12-11,M003,P02,T04,119904.64
2025-12-11,M004,P03,T02,96763.96
2025-12-11,M005,P04,T04,119277.64
2025-12-11,M006,P01,T02,164088.61
2025-12-11,M007,P02,T04,182529.1
2025-12-11,M008,P03,T02,80125.5
2025-12-11,M009,P04,T04,110580.01
2025-12-11,M010,P01,T02,128677.57
2025-12-11,M011,P02,T04,158964.1
2025-12-11,M012,P03,T02,135207.59
2025-12-11,M013,P04,T04,146980.93
2025-12-11,M014,P01,T02,179414.86
2025-12-11,M015,P02,T04,125699.11
2025-12-11,M016,P03,T02,109424.49
2025-12-11,M017,P04,T04,132385.13
2025-12-11,M018,P01,T02,178702.03
2025-12-11,M019,P02,T04,200995.97
2025-12-11,M020,P03,T02,149255.4
2025-12-11,M021,P04,T04,180801.09
2025-12-11,M022,P01,T02,143475.52
2025-12-11,M023,P02,T04,182800.39
2025-12-11,M024,P03,T02,139087.83
2025-12-11,M025,P04,T04,153432.44
2025-12-11,M026,P01,T02,210787.98
2025-12-11,M027,P02,T04,234154.13
2025-12-11,M028,P03,T02,201736.39
2025-12-11,M029,P04,T04,137314.09
2025-12-11,M030,P01,T02,178452.67
2025-12-11,M031,P02,T04,215960.97
2025-12-11,M032,P03,T02,161293.76
2025-12-11,M033,P04,T04,199642.34
2025-12-11,M034,P01,T02,235746.23
2025-12-11,M035,P02,T04,289855.53
2025-12-11,M036,P03,T02,142556.46
2025-12-11,M037,P04,T04,187127.64
2025-12-11,M038,P01,T02,203230.15
2025-12-11,M039,P02,T04,229712.13
2025-12-11,M040,P03,T02,213206.42
2025-12-11,M041,P04,T04,241950.49
2025-12-11,M042,P01,T02,285878.87
2025-12-11,M043,P02,T04,216475.38
2025-12-11,M044,P03,T02,170976.1
2025-12-11,M045,P04,T04,192638.97
2025-12-11,M046,P01,T02,242346.63
2025-12-11,M047,P02,T04,304204.89
2025-12-11,M048,P03,T02,214010.27
2025-12-12,M001,P01,T01,89472.34
2025-12-12,M002,P02,T03,91851.1
2025-12-12,M003,P03,T01,113344.58
2025-12-12,M004,P04,T03,89588.53
2025-12-12,M005,P01,T01,158119.71
2025-12-12,M006,P02,T03,146616.86
2025-12-12,M007,P03,T01,170875.91
2025-12-12,M008,P04,T03,79092.08
2025-12-12,M009,P01,T01,129725.1
2025-12-12,M010,P02,T03,114702.37
2025-12-12,M011,P03,T01,128986.74
2025-12-12,M012,P04,T03,113670.75
2025-12-12,M013,P01,T01,213427.68
2025-12-12,M014,P02,T03,165273.67
2025-12-12,M015,P03,T01,120045.17
2025-12-12,M016,P04,T03,102847.05
2025-12-12,M017,P01,T01,177755.73
2025-12-12,M018,P02,T03,154799.57
2025-12-12,M019,P03,T01,172877.64
2025-12-12,M020,P04,T03,137673.5
2025-12-12,M021,P01,T01,227385.48
2025-12-12,M022,P02,T03,123429.54
2025-12-12,M023,P03,T01,145295.09
2025-12-12,M024,P04,T03,125187.76
2025-12-12,M025,P01,T01,204123.05
2025-12-12,M026,P02,T03,195843.6
2025-12-12,M027,P03,T01,194060.67
2025-12-12,M028,P04,T03,167886.13
2025-12-12,M029,P01,T01,195341.01
2025-12-12,M030,P02,T03,171454.12
2025-12-12,M031,P03,T01,182599.51
2025-12-12,M032,P04,T03,145159.24
2025-12-12,M033,P01,T01,252758.03
2025-12-12,M034,P02,T03,199629.81
2025-12-12,M035,P03,T01,239226.91
2025-12-12,M036,P04,T03,131134.14
2025-12-12,M037,P01,T01,218384.81
2025-12-12,M038,P02,T03,197167.55
2025-12-12,M039,P03,T01,229526.22
2025-12-12,M040,P04,T03,183755.85
2025-12-12,M041,P01,T01,318522.35
2025-12-12,M042,P02,T03,265806.3
2025-12-12,M043,P03,T01,209691.81
2025-12-12,M044,P04,T03,173513.84
2025-12-12,M045,P01,T01,266450.98
2025-12-12,M046,P02,T03,236949.67
2025-12-12,M047,P03,T01,253948.72
2025-12-12,M048,P04,T03,214530.18
2025-12-13,M001,P02,T02,90601.67
2025-12-13,M002,P03,T04,71520.23
2025-12-13,M003,P04,T02,98946.94
2025-12-13,M004,P01,T04,105107.06
2025-12-13,M005,P02,T02,147949.76
2025-12-13,M006,P03,T04,105665.79
2025-12-13,M007,P04,T02,148984.93
2025-12-13,M008,P01,T04,85049.51
2025-12-13,M009,P02,T02,113126.15
2025-12-13,M010,P03,T04,92952.33
2025-12-13,M011,P04,T02,114693.3
2025-12-13,M012,P01,T04,136540.38
2025-12-13,M013,P02,T02,182027.86
2025-12-13,M014,P03,T04,139038.67
2025-12-13,M015,P04,T02,97833.74
2025-12-13,M016,P01,T04,119520.57
2025-12-13,M017,P02,T02,169458.81
2025-12-13,M018,P03,T04,120291.84
2025-12-13,M019,P04,T02,151527.07
2025-12-13,M020,P01,T04,157384.46
2025-12-13,M021,P02,T02,203743.04
2025-12-13,M022,P03,T04,103411.29
2025-12-13,M023,P04,T02,137250.15
2025-12-13,M024,P01,T04,154355.76
2025-12-13,M025,P02,T02,186481.02
2025-12-13,M026,P03,T04,145957.91
2025-12-13,M027,P04,T02,191776.73
2025-12-13,M028,P01,T04,207426.4
2025-12-13,M029,P02,T02,159579.63
2025-12-13,M030,P03,T04,133891.47
2025-12-13,M031,P04,T02,172224.79
2025-12-13,M032,P01,T04,191573.57
2025-12-13,M033,P02,T02,232832.79
2025-12-13,M034,P03,T04,161183.98
2025-12-13,M035,P04,T02,224173.99
2025-12-13,M036,P01,T04,161461.98
2025-12-13,M037,P02,T02,208722.11
2025-12-13,M038,P03,T04,139897.52
2025-12-13,M039,P04,T02,210140.57
2025-12-13,M040,P01,T04,223907.91
2025-12-13,M041,P02,T02,254135.57
2025-12-13,M042,P03,T04,185665.84
2025-12-13,M043,P04,T02,170721.46
2025-12-13,M044,P01,T04,196175.67
2025-12-13,M045,P02,T02,234722.93
2025-12-13,M046,P03,T04,166262.45
2025-12-13,M047,P04,T02,208497.2
2025-12-13,M048,P01,T04,247013.81
2025-12-14,M001,P03,T03,49378.29
2025-12-14,M002,P04,T01,88036.69
2025-12-14,M003,P01,T03,77161.47
2025-12-14,M004,P02,T01,139705.1
2025-12-14,M005,P03,T03,83971.05
2025-12-14,M006,P04,T01,155569.64
2025-12-14,M007,P01,T03,116291.67
2025-12-14,M008,P02,T01,127140.2
2025-12-14,M009,P03,T03,73408.24
2025-12-14,M010,P04,T01,138424.91
2025-12-14,M011,P01,T03,97937.62
2025-12-14,M012,P02,T01,205195.14
2025-12-14,M013,P03,T03,96834.98
2025-12-14,M014,P04,T01,197418.69
2025-12-14,M015,P01,T03,94199.09
2025-12-14,M016,P02,T01,176928.55
2025-12-14,M017,P03,T03,92777.29
2025-12-14,M018,P04,T01,161916.08
2025-12-14,M019,P01,T03,121623.1
2025-12-14,M020,P02,T01,217818.62
2025-12-14,M021,P03,T03,121030.02
2025-12-14,M022,P04,T01,153757.71
2025-12-14,M023,P01,T03,105751.53
2025-12-14,M024,P02,T01,211989.57
2025-12-14,M025,P03,T03,116288.79
2025-12-14,M026,P04,T01,204858.98
2025-12-14,M027,P01,T03,142834.17
2025-12-14,M028,P02,T01,281103.62
2025-12-14,M029,P03,T03,96617.49
2025-12-14,M030,P04,T01,171681.95
2025-12-14,M031,P01,T03,128232.75
2025-12-14,M032,P02,T01,259567.03
2025-12-14,M033,P03,T03,121747.83
2025-12-14,M034,P04,T01,250202.69
2025-12-14,M035,P01,T03,168905.55
2025-12-14,M036,P02,T01,215267.78
2025-12-14,M037,P03,T03,117260.43
2025-12-14,M038,P04,T01,212670.78
2025-12-14,M039,P01,T03,164634.98
2025-12-14,M040,P02,T01,305533.75
2025-12-14,M041,P03,T03,150628.73
2025-12-14,M042,P04,T01,260691.68
2025-12-14,M043,P01,T03,141503.96
2025-12-14,M044,P02,T01,260459.01
2025-12-14,M045,P03,T03,129763.58
2025-12-14,M046,P04,T01,232694.57
2025-12-14,M047,P01,T03,199133.85
2025-12-14,M048,P02,T01,334265.15
2025-12-15,M001,P04,T04,74712.88
2025-12-15,M002,P01,T02,104488.69
2025-12-15,M003,P02,T04,113420.21
2025-12-15,M004,P03,T02,98030.87
2025-12-15,M005,P04,T04,127106.01
2025-12-15,M006,P01,T02,160634.94
2025-12-15,M007,P02,T04,189847.94
2025-12-15,M008,P03,T02,89156.99
2025-12-15,M009,P04,T04,106960.49
2025-12-15,M010,P01,T02,123884.91
2025-12-15,M011,P02,T04,164202.61
2025-12-15,M012,P03,T02,127559.43
2025-12-15,M013,P04,T04,149175.98
2025-12-15,M014,P01,T02,184093.84
2025-12-15,M015,P02,T04,140297.62
2025-12-15,M016,P03,T02,112138.79
2025-12-15,M017,P04,T04,131380.83
2025-12-15,M018,P01,T02,171749.9
2025-12-15,M019,P02,T04,198047.15
2025-12-15,M020,P03,T02,163815.3
2025-12-15,M021,P04,T04,194489.79
2025-12-15,M022,P01,T02,147936.29
2025-12-15,M023,P02,T04,173207.72
2025-12-15,M024,P03,T02,147170.71
2025-12-15,M025,P04,T04,171166.48
2025-12-15,M026,P01,T02,205159.55
2025-12-15,M027,P02,T04,249714.67
2025-12-15,M028,P03,T02,195833.99
2025-12-15,M029,P04,T04,156584.3
2025-12-15,M030,P01,T02,168567.15
2025-12-15,M031,P02,T04,205328.55
2025-12-15,M032,P03,T02,171880.04
2025-12-15,M033,P04,T04,193747.53
2025-12-15,M034,P01,T02,228927.62
2025-12-15,M035,P02,T04,250441.09
2025-12-15,M036,P03,T02,144692.89
2025-12-15,M037,P04,T04,186928.39
2025-12-15,M038,P01,T02,226008.88
2025-12-15,M039,P02,T04,228693.75
2025-12-15,M040,P03,T02,194133.23
2025-12-15,M041,P04,T04,225266.44
2025-12-15,M042,P01,T02,274127.38
2025-12-15,M043,P02,T04,228168.38
2025-12-15,M044,P03,T02,171392.29
2025-12-15,M045,P04,T04,197814.15
2025-12-15,M046,P01,T02,247812.68
2025-12-15,M047,P02,T04,278827.75
2025-12-15,M048,P03,T02,224711.05
2025-12-16,M001,P01,T01,99666.33
2025-12-16,M002,P02,T03,89444.76
2025-12-16,M003,P03,T01,110018.97
2025-12-16,M004,P04,T03,93725.42
2025-12-16,M005,P01,T01,175114.33
2025-12-16,M006,P02,T03,138325.77
2025-12-16,M007,P03,T01,169688.68
2025-12-16,M008,P04,T03,71777.17
2025-12-16,M009,P01,T01,133610.67
2025-12-16,M010,P02,T03,119079.68
2025-12-16,M011,P03,T01,136214.03
2025-12-16,M012,P04,T03,126933.7
2025-12-16,M013,P01,T01,206534.34
2025-12-16,M014,P02,T03,169206.34
2025-12-16,M015,P03,T01,117465.87
2025-12-16,M016,P04,T03,94621.48
2025-12-16,M017,P01,T01,170733.1
2025-12-16,M018,P02,T03,143208.84
2025-12-16,M019,P03,T01,185862.14
2025-12-16,M020,P04,T03,145939.32
2025-12-16,M021,P01,T01,250978.54
2025-12-16,M022,P02,T03,134186.53
2025-12-16,M023,P03,T01,141243.12
2025-12-16,M024,P04,T03,126635.0
2025-12-16,M025,P01,T01,233479.72
2025-12-16,M026,P02,T03,175548.78
2025-12-16,M027,P03,T01,195457.83
2025-12-16,M028,P04,T03,172067.39
2025-12-16,M029,P01,T01,201223.37
2025-12-16,M030,P02,T03,171697.69
2025-12-16,M031,P03,T01,199331.62
2025-12-16,M032,P04,T03,144773.46
2025-12-16,M033,P01,T01,274362.83
2025-12-16,M034,P02,T03,199129.04
2025-12-16,M035,P03,T01,224387.53
2025-12-16,M036,P04,T03,143098.45
2025-12-16,M037,P01,T01,228475.67
2025-12-16,M038,P02,T03,208207.51
2025-12-16,M039,P03,T01,215018.57
2025-12-16,M040,P04,T03,179261.32
2025-12-16,M041,P01,T01,289677.53
2025-12-16,M042,P02,T03,259754.95
2025-12-16,M043,P03,T01,195879.44
2025-12-16,M044,P04,T03,170791.1
2025-12-16,M045,P01,T01,293450.15
2025-12-16,M046,P02,T03,210726.41
2025-12-16,M047,P03,T01,249455.98
2025-12-16,M048,P04,T03,194556.06
2025-12-17,M001,P02,T02,89611.4
2025-12-17,M002,P03,T04,74304.29
2025-12-17,M003,P04,T02,108772.99
2025-12-17,M004,P01,T04,124542.52
2025-12-17,M005,P02,T02,157418.92
2025-12-17,M006,P03,T04,126243.08
2025-12-17,M007,P04,T02,170235.26
2025-12-17,M008,P01,T04,96956.02
2025-12-17,M009,P02,T02,128648.15
2025-12-17,M010,P03,T04,94329.11
2025-12-17,M011,P04,T02,138644.27
2025-12-17,M012,P01,T04,154557.65
2025-12-17,M013,P02,T02,210602.54
2025-12-17,M014,P03,T04,141938.45
2025-12-17,M015,P04,T02,120465.52
2025-12-17,M016,P01,T04,137938.3
2025-12-17,M017,P02,T02,172243.31
2025-12-17,M018,P03,T04,129235.9
2025-12-17,M019,P04,T02,179135.93
2025-12-17,M020,P01,T04,193437.91
2025-12-17,M021,P02,T02,230426.29
2025-12-17,M022,P03,T04,118916.07
2025-12-17,M023,P04,T02,140523.74
2025-12-17,M024,P01,T04,164146.48
2025-12-17,M025,P02,T02,214612.91
2025-12-17,M026,P03,T04,161595.57
2025-12-17,M027,P04,T02,208183.99
2025-12-17,M028,P01,T04,235145.87
2025-12-17,M029,P02,T02,181915.91
2025-12-17,M030,P03,T04,140668.24
2025-12-17,M031,P04,T02,193580.08
2025-12-17,M032,P01,T04,201547.14
2025-12-17,M033,P02,T02,239784.67
2025-12-17,M034,P03,T04,173780.15
2025-12-17,M035,P04,T02,233153.57
2025-12-17,M036,P01,T04,189149.41
2025-12-17,M037,P02,T02,218146.28
2025-12-17,M038,P03,T04,167333.29
2025-12-17,M039,P04,T02,225981.84
2025-12-17,M040,P01,T04,229779.84
2025-12-17,M041,P02,T02,275815.14
2025-12-17,M042,P03,T04,209893.03
2025-12-17,M043,P04,T02,205283.15
2025-12-17,M044,P01,T04,199065.68
2025-12-17,M045,P02,T02,261843.79
2025-12-17,M046,P03,T04,206165.35
2025-12-17,M047,P04,T02,238284.21
2025-12-17,M048,P01,T04,268695.96
2025-12-18,M001,P03,T03,52943.84
2025-12-18,M002,P04,T01,111490.69
2025-12-18,M003,P01,T03,87177.04
2025-12-18,M004,P02,T01,170809.12
2025-12-18,M005,P03,T03,83266.77
2025-12-18,M006,P04,T01,167685.08
2025-12-18,M007,P01,T03,142322.22
2025-12-18,M008,P02,T01,138343.34
2025-12-18,M009,P03,T03,80616.38
2025-12-18,M010,P04,T01,141698.6
2025-12-18,M011,P01,T03,118635.32
2025-12-18,M012,P02,T01,226481.74
2025-12-18,M013,P03,T03,115324.92
2025-12-18,M014,P04,T01,219697.35
2025-12-18,M015,P01,T03,103092.31
2025-12-18,M016,P02,T01,192049.63
2025-12-18,M017,P03,T03,96784.88
2025-12-18,M018,P04,T01,180416.06
2025-12-18,M019,P01,T03,149405.54
2025-12-18,M020,P02,T01,267835.16
2025-12-18,M021,P03,T03,140292.86
2025-12-18,M022,P04,T01,147389.14
2025-12-18,M023,P01,T03,128444.07
2025-12-18,M024,P02,T01,227279.17
2025-12-18,M025,P03,T03,124080.48
2025-12-18,M026,P04,T01,226607.42
2025-12-18,M027,P01,T03,163015.51
2025-12-18,M028,P02,T01,296701.02
2025-12-18,M029,P03,T03,99925.04
2025-12-18,M030,P04,T01,201192.34
2025-12-18,M031,P01,T03,159125.3
2025-12-18,M032,P02,T01,296024.99
2025-12-18,M033,P03,T03,145457.77
2025-12-18,M034,P04,T01,253445.62
2025-12-18,M035,P01,T03,207923.57
2025-12-18,M036,P02,T01,246626.72
2025-12-18,M037,P03,T03,126658.53
2025-12-18,M038,P04,T01,250692.61
2025-12-18,M039,P01,T03,179778.3
2025-12-18,M040,P02,T01,347855.03
2025-12-18,M041,P03,T03,173670.71
2025-12-18,M042,P04,T01,282946.12
2025-12-18,M043,P01,T03,158831.4
2025-12-18,M044,P02,T01,276547.32
2025-12-18,M045,P03,T03,155919.88
2025-12-18,M046,P04,T01,263394.07
2025-12-18,M047,P01,T03,200724.22
2025-12-18,M048,P02,T01,354215.83
2025-12-19,M001,P04,T04,66942.01
2025-12-19,M002,P01,T02,93877.59
2025-12-19,M003,P02,T04,116899.88
2025-12-19,M004,P03,T02,103103.61
2025-12-19,M005,P04,T04,119602.94
2025-12-19,M006,P01,T02,151880.69
2025-12-19,M007,P02,T04,184381.34
2025-12-19,M008,P03,T02,83201.16
2025-12-19,M009,P04,T04,102304.1
2025-12-19,M010,P01,T02,137273.2
2025-12-19,M011,P02,T04,166625.98
2025-12-19,M012,P03,T02,136103.77
2025-12-19,M013,P04,T04,154502.66
2025-12-19,M014,P01,T02,203546.6
2025-12-19,M015,P02,T04,128637.01
2025-12-19,M016,P03,T02,112299.1
2025-12-19,M017,P04,T04,143298.81
2025-12-19,M018,P01,T02,156354.44
2025-12-19,M019,P02,T04,201406.83
2025-12-19,M020,P03,T02,148721.29
2025-12-19,M021,P04,T04,174692.93
2025-12-19,M022,P01,T02,157010.83
2025-12-19,M023,P02,T04,184105.41
2025-12-19,M024,P03,T02,143203.97
2025-12-19,M025,P04,T04,163673.84
2025-12-19,M026,P01,T02,190235.28
2025-12-19,M027,P02,T04,249701.16
2025-12-19,M028,P03,T02,174189.96
2025-12-19,M029,P04,T04,152037.17
2025-12-19,M030,P01,T02,172561.79
2025-12-19,M031,P02,T04,218239.9
2025-12-19,M032,P03,T02,159322.36
2025-12-19,M033,P04,T04,197746.15
2025-12-19,M034,P01,T02,223281.94
2025-12-19,M035,P02,T04,257063.5
2025-12-19,M036,P03,T02,141657.56
2025-12-19,M037,P04,T04,188861.04
2025-12-19,M038,P01,T02,218291.34
2025-12-19,M039,P02,T04,250930.31
2025-12-19,M040,P03,T02,204581.67
2025-12-19,M041,P04,T04,239170.28
2025-12-19,M042,P01,T02,279984.73
2025-12-19,M043,P02,T04,210576.9
2025-12-19,M044,P03,T02,174739.36
2025-12-19,M045,P04,T04,211043.23
2025-12-19,M046,P01,T02,267047.81
2025-12-19,M047,P02,T04,298075.05
2025-12-19,M048,P03,T02,239236.11
2025-12-20,M001,P01,T01,89082.11
2025-12-20,M002,P02,T03,80716.62
2025-12-20,M003,P03,T01,102654.6
2025-12-20,M004,P04,T03,87154.76
2025-12-20,M005,P01,T01,136769.81
2025-12-20,M006,P02,T03,131701.77
2025-12-20,M007,P03,T01,139173.8
2025-12-20,M008,P04,T03,68221.89
2025-12-20,M009,P01,T01,127571.29
2025-12-20,M010,P02,T03,110780.77
2025-12-20,M011,P03,T01,118450.75
2025-12-20,M012,P04,T03,106666.53
2025-12-20,M013,P01,T01,191261.09
2025-12-20,M014,P02,T03,160455.52
2025-12-20,M015,P03,T01,104328.53
2025-12-20,M016,P04,T03,91825.77
2025-12-20,M017,P01,T01,165365.04
2025-12-20,M018,P02,T03,126677.11
2025-12-20,M019,P03,T01,156746.55
2025-12-20,M020,P04,T03,136672.09
2025-12-20,M021,P01,T01,219792.29
2025-12-20,M022,P02,T03,121739.13
2025-12-20,M023,P03,T01,128760.12
2025-12-20,M024,P04,T03,113771.08
2025-12-20,M025,P01,T01,185352.1
2025-12-20,M026,P02,T03,161169.45
2025-12-20,M027,P03,T01,197303.83
2025-12-20,M028,P04,T03,141783.17
2025-12-20,M029,P01,T01,184805.61
2025-12-20,M030,P02,T03,148098.21
2025-12-20,M031,P03,T01,176882.4
2025-12-20,M032,P04,T03,147914.32
2025-12-20,M033,P01,T01,243886.77
2025-12-20,M034,P02,T03,187997.2
2025-12-20,M035,P03,T01,198551.98
2025-12-20,M036,P04,T03,120274.45
2025-12-20,M037,P01,T01,202125.85
2025-12-20,M038,P02,T03,188762.45
2025-12-20,M039,P03,T01,207755.85
2025-12-20,M040,P04,T03,163732.61
2025-12-20,M041,P01,T01,288480.51
2025-12-20,M042,P02,T03,234301.95
2025-12-20,M043,P03,T01,188474.96
2025-12-20,M044,P04,T03,145959.09
2025-12-20,M045,P01,T01,235399.27
2025-12-20,M046,P02,T03,206929.85
2025-12-20,M047,P03,T01,243315.72
2025-12-20,M048,P04,T03,171132.02
2025-12-21,M001,P02,T02,82106.91
2025-12-21,M002,P03,T04,70188.92
2025-12-21,M003,P04,T02,93369.26
2025-12-21,M004,P01,T04,101098.42
2025-12-21,M005,P02,T02,155027.06
2025-12-21,M006,P03,T04,110588.02
2025-12-21,M007,P04,T02,146882.5
2025-12-21,M008,P01,T04,86304.97
2025-12-21,M009,P02,T02,115674.35
2025-12-21,M010,P03,T04,90182.6
2025-12-21,M011,P04,T02,133455.27
2025-12-21,M012,P01,T04,146094.96
2025-12-21,M013,P02,T02,195599.39
2025-12-21,M014,P03,T04,128977.45
2025-12-21,M015,P04,T02,108989.01
2025-12-21,M016,P01,T04,115211.69
2025-12-21,M017,P02,T02,146686.49
2025-12-21,M018,P03,T04,111371.88
2025-12-21,M019,P04,T02,148301.46
2025-12-21,M020,P01,T04,178423.74
2025-12-21,M021,P02,T02,229705.99
2025-12-21,M022,P03,T04,102762.66
2025-12-21,M023,P04,T02,128299.37
2025-12-21,M024,P01,T04,151756.01
2025-12-21,M025,P02,T02,190426.48
2025-12-21,M026,P03,T04,149912.43
2025-12-21,M027,P04,T02,194623.53
2025-12-21,M028,P01,T04,195097.92
2025-12-21,M029,P02,T02,159210.25
2025-12-21,M030,P03,T04,116286.39
2025-12-21,M031,P04,T02,177554.03
2025-12-21,M032,P01,T04,182314.22
2025-12-21,M033,P02,T02,245820.11
2025-12-21,M034,P03,T04,164888.36
2025-12-21,M035,P04,T02,212327.13
2025-12-21,M036,P01,T04,149702.92
2025-12-21,M037,P02,T02,221635.96
2025-12-21,M038,P03,T04,144663.42
2025-12-21,M039,P04,T02,210157.02
2025-12-21,M040,P01,T04,221477.06
2025-12-21,M041,P02,T02,249723.92
2025-12-21,M042,P03,T04,194673.33
2025-12-21,M043,P04,T02,165487.62
2025-12-21,M044,P01,T04,182460.09
2025-12-21,M045,P02,T02,260956.58
2025-12-21,M046,P03,T04,162819.92
2025-12-21,M047,P04,T02,226866.81
2025-12-21,M048,P01,T04,232992.16
2025-12-22,M001,P03,T03,52909.37
2025-12-22,M002,P04,T01,106025.77
2025-12-22,M003,P01,T03,81077.11
2025-12-22,M004,P02,T01,166002.66
2025-12-22,M005,P03,T03,95188.52
2025-12-22,M006,P04,T01,156031.41
2025-12-22,M007,P01,T03,128325.91
2025-12-22,M008,P02,T01,137980.87
2025-12-22,M009,P03,T03,70842.95
2025-12-22,M010,P04,T01,145221.11
2025-12-22,M011,P01,T03,109999.62
2025-12-22,M012,P02,T01,209419.58
2025-12-22,M013,P03,T03,118353.35
2025-12-22,M014,P04,T01,212657.72
2025-12-22,M015,P01,T03,91442.85
2025-12-22,M016,P02,T01,191927.97
2025-12-22,M017,P03,T03,95309.04
2025-12-22,M018,P04,T01,192342.39
2025-12-22,M019,P01,T03,141211.39
2025-12-22,M020,P02,T01,268263.74
2025-12-22,M021,P03,T03,126615.08
2025-12-22,M022,P04,T01,170385.55
2025-12-22,M023,P01,T03,129463.6
2025-12-22,M024,P02,T01,248883.25
2025-12-22,M025,P03,T03,128062.61
2025-12-22,M026,P04,T01,212683.85
2025-12-22,M027,P01,T03,169410.85
2025-12-22,M028,P02,T01,296631.09
2025-12-22,M029,P03,T03,105426.08
2025-12-22,M030,P04,T01,209358.88
2025-12-22,M031,P01,T03,162921.01
2025-12-22,M032,P02,T01,296457.66
2025-12-22,M033,P03,T03,147871.96
2025-12-22,M034,P04,T01,244691.14
2025-12-22,M035,P01,T03,194356.96
2025-12-22,M036,P02,T01,259243.75
2025-12-22,M037,P03,T03,119392.25
2025-12-22,M038,P04,T01,230161.78
2025-12-22,M039,P01,T03,192743.92
2025-12-22,M040,P02,T01,340620.56
2025-12-22,M041,P03,T03,155396.12
2025-12-22,M042,P04,T01,305496.43
2025-12-22,M043,P01,T03,165764.54
2025-12-22,M044,P02,T01,278827.16
2025-12-22,M045,P03,T03,141871.24
2025-12-22,M046,P04,T01,278267.36
2025-12-22,M047,P01,T03,223945.34
2025-12-22,M048,P02,T01,342983.37
2025-12-23,M001,P04,T04,68399.63
2025-12-23,M002,P01,T02,91377.3
2025-12-23,M003,P02,T04,113482.37
2025-12-23,M004,P03,T02,98048.26
2025-12-23,M005,P04,T04,115263.76
2025-12-23,M006,P01,T02,167071.81
2025-12-23,M007,P02,T04,176461.72
2025-12-23,M008,P03,T02,80535.93
2025-12-23,M009,P04,T04,100631.39
2025-12-23,M010,P01,T02,134937.22
2025-12-23,M011,P02,T04,163137.59
2025-12-23,M012,P03,T02,140861.07
2025-12-23,M013,P04,T04,164498.07
2025-12-23,M014,P01,T02,201388.29
2025-12-23,M015,P02,T04,141268.09
2025-12-23,M016,P03,T02,116738.0
2025-12-23,M017,P04,T04,136534.04
2025-12-23,M018,P01,T02,173220.31
2025-12-23,M019,P02,T04,195144.77
2025-12-23,M020,P03,T02,156078.75
2025-12-23,M021,P04,T04,199463.46
2025-12-23,M022,P01,T02,143417.55
2025-12-23,M023,P02,T04,171839.45
2025-12-23,M024,P03,T02,143595.8
2025-12-23,M025,P04,T04,162272.94
2025-12-23,M026,P01,T02,218405.76
2025-12-23,M027,P02,T04,223991.11
2025-12-23,M028,P03,T02,187392.95
2025-12-23,M029,P04,T04,134716.16
2025-12-23,M030,P01,T02,175292.64
2025-12-23,M031,P02,T04,219208.23
2025-12-23,M032,P03,T02,181805.6
2025-12-23,M033,P04,T04,204256.87
2025-12-23,M034,P01,T02,223568.45
2025-12-23,M035,P02,T04,254052.79
2025-12-23,M036,P03,T02,146211.43
2025-12-23,M037,P04,T04,172005.2
2025-12-23,M038,P01,T02,224232.09
2025-12-23,M039,P02,T04,228149.84
2025-12-23,M040,P03,T02,207211.96
2025-12-23,M041,P04,T04,245691.09
2025-12-23,M042,P01,T02,294610.99
2025-12-23,M043,P02,T04,205954.93
2025-12-23,M044,P03,T02,188426.82
2025-12-23,M045,P04,T04,195259.77
2025-12-23,M046,P01,T02,248595.98
2025-12-23,M047,P02,T04,303436.56
2025-12-23,M048,P03,T02,228896.09
2025-12-24,M001,P01,T01,103131.95
2025-12-24,M002,P02,T03,88659.78
2025-12-24,M003,P03,T01,98985.69
2025-12-24,M004,P04,T03,95218.19
2025-12-24,M005,P01,T01,153803.33
2025-12-24,M006,P02,T03,132406.27
2025-12-24,M007,P03,T01,169815.13
2025-12-24,M008,P04,T03,74750.37
2025-12-24,M009,P01,T01,131428.8
2025-12-24,M010,P02,T03,116007.59
2025-12-24,M011,P03,T01,139771.67
2025-12-24,M012,P04,T03,111682.87
2025-12-24,M013,P01,T01,211490.37
2025-12-24,M014,P02,T03,173783.12
2025-12-24,M015,P03,T01,126714.8
2025-12-24,M016,P04,T03,97522.22
2025-12-24,M017,P01,T01,189037.07
2025-12-24,M018,P02,T03,150064.3
2025-12-24,M019,P03,T01,180026.19
2025-12-24,M020,P04,T03,151969.23
2025-12-24,M021,P01,T01,227032.65
2025-12-24,M022,P02,T03,120589.29
2025-12-24,M023,P03,T01,161636.79
2025-12-24,M024,P04,T03,120206.78
2025-12-24,M025,P01,T01,206794.91
2025-12-24,M026,P02,T03,194406.52
2025-12-24,M027,P03,T01,208783.66
2025-12-24,M028,P04,T03,169670.38
2025-12-24,M029,P01,T01,186030.31
2025-12-24,M030,P02,T03,167429.46
2025-12-24,M031,P03,T01,176220.81
2025-12-24,M032,P04,T03,149491.26
2025-12-24,M033,P01,T01,280797.79
2025-12-24,M034,P02,T03,216786.89
2025-12-24,M035,P03,T01,241043.15
2025-12-24,M036,P04,T03,134089.42
2025-12-24,M037,P01,T01,234044.41
2025-12-24,M038,P02,T03,193758.98
2025-12-24,M039,P03,T01,220481.41
2025-12-24,M040,P04,T03,183642.1
2025-12-24,M041,P01,T01,296348.1
2025-12-24,M042,P02,T03,244548.6
2025-12-24,M043,P03,T01,208578.53
2025-12-24,M044,P04,T03,165678.61
2025-12-24,M045,P01,T01,268323.06
2025-12-24,M046,P02,T03,212180.72
2025-12-24,M047,P03,T01,250763.31
2025-12-24,M048,P04,T03,204588.35
2025-12-25,M001,P02,T02,99352.83
2025-12-25,M002,P03,T04,70610.43
2025-12-25,M003,P04,T02,111189.97
2025-12-25,M004,P01,T04,120174.96
2025-12-25,M005,P02,T02,170878.02
2025-12-25,M006,P03,T04,114389.02
2025-12-25,M007,P04,T02,150707.5
2025-12-25,M008,P01,T04,91347.78
2025-12-25,M009,P02,T02,139185.6
2025-12-25,M010,P03,T04,96862.54
2025-12-25,M011,P04,T02,147566.87
2025-12-25,M012,P01,T04,162211.17
2025-12-25,M013,P02,T02,212214.35
2025-12-25,M014,P03,T04,146732.81
2025-12-25,M015,P04,T02,109368.28
2025-12-25,M016,P01,T04,139673.8
2025-12-25,M017,P02,T02,185674.44
2025-12-25,M018,P03,T04,122467.38
2025-12-25,M019,P04,T02,170317.55
2025-12-25,M020,P01,T04,179003.97
2025-12-25,M021,P02,T02,253523.68
2025-12-25,M022,P03,T04,105994.69
2025-12-25,M023,P04,T02,144615.73
2025-12-25,M024,P01,T04,165099.5
2025-12-25,M025,P02,T02,210108.17
2025-12-25,M026,P03,T04,143106.14
2025-12-25,M027,P04,T02,211741.04
2025-12-25,M028,P01,T04,212966.01
2025-12-25,M029,P02,T02,204090.37
2025-12-25,M030,P03,T04,144619.33
2025-12-25,M031,P04,T02,191965.33
2025-12-25,M032,P01,T04,207254.83
2025-12-25,M033,P02,T02,259407.57
2025-12-25,M034,P03,T04,195614.73
2025-12-25,M035,P04,T02,255167.14
2025-12-25,M036,P01,T04,162654.25
2025-12-25,M037,P02,T02,217327.41
2025-12-25,M038,P03,T04,153100.52
2025-12-25,M039,P04,T02,218227.02
2025-12-25,M040,P01,T04,231546.97
2025-12-25,M041,P02,T02,281676.76
2025-12-25,M042,P03,T04,199858.79
2025-12-25,M043,P04,T02,193054.61
2025-12-25,M044,P01,T04,196217.32
2025-12-25,M045,P02,T02,250891.52
2025-12-25,M046,P03,T04,191921.49
2025-12-25,M047,P04,T02,253678.07
2025-12-25,M048,P01,T04,275501.49
2025-12-26,M001,P03,T03,53454.83
2025-12-26,M002,P04,T01,107215.03
2025-12-26,M003,P01,T03,94941.36
2025-12-26,M004,P02,T01,172790.1
2025-12-26,M005,P03,T03,84699.06
2025-12-26,M006,P04,T01,172835.52
2025-12-26,M007,P01,T03,135616.37
2025-12-26,M008,P02,T01,127112.09
2025-12-26,M009,P03,T03,80012.29
2025-12-26,M010,P04,T01,134990.15
2025-12-26,M011,P01,T03,111061.36
2025-12-26,M012,P02,T01,211042.23
2025-12-26,M013,P03,T03,112563.18
2025-12-26,M014,P04,T01,210447.48
2025-12-26,M015,P01,T03,98778.65
2025-12-26,M016,P02,T01,188400.64
2025-12-26,M017,P03,T03,105326.78
2025-12-26,M018,P04,T01,173829.77
2025-12-26,M019,P01,T03,149020.61
2025-12-26,M020,P02,T01,246915.85
2025-12-26,M021,P03,T03,131263.43
2025-12-26,M022,P04,T01,161467.33
2025-12-26,M023,P01,T03,120731.65
2025-12-26,M024,P02,T01,233600.42
2025-12-26,M025,P03,T03,111430.28
2025-12-26,M026,P04,T01,227375.48
2025-12-26,M027,P01,T03,163264.99
2025-12-26,M028,P02,T01,291523.0
2025-12-26,M029,P03,T03,106607.29
2025-12-26,M030,P04,T01,191708.21
2025-12-26,M031,P01,T03,142178.29
2025-12-26,M032,P02,T01,274846.91
2025-12-26,M033,P03,T03,146523.42
2025-12-26,M034,P04,T01,242078.71
2025-12-26,M035,P01,T03,190958.19
2025-12-26,M036,P02,T01,257793.4
2025-12-26,M037,P03,T03,120076.42
2025-12-26,M038,P04,T01,240119.31
2025-12-26,M039,P01,T03,195773.0
2025-12-26,M040,P02,T01,303709.49
2025-12-26,M041,P03,T03,171346.05
2025-12-26,M042,P04,T01,311098.87
2025-12-26,M043,P01,T03,173790.05
2025-12-26,M044,P02,T01,279078.42
2025-12-26,M045,P03,T03,151422.38
2025-12-26,M046,P04,T01,260371.11
2025-12-26,M047,P01,T03,224422.37
2025-12-26,M048,P02,T01,388258.58
2025-12-27,M001,P04,T04,69559.63
2025-12-27,M002,P01,T02,87032.96
2025-12-27,M003,P02,T04,114700.98
2025-12-27,M004,P03,T02,88299.73
2025-12-27,M005,P04,T04,117532.26
2025-12-27,M006,P01,T02,149393.38
2025-12-27,M007,P02,T04,152814.89
2025-12-27,M008,P03,T02,80199.12
2025-12-27,M009,P04,T04,98365.63
2025-12-27,M010,P01,T02,124992.36
2025-12-27,M011,P02,T04,133596.61
2025-12-27,M012,P03,T02,114897.96
2025-12-27,M013,P04,T04,144272.91
2025-12-27,M014,P01,T02,176794.36
2025-12-27,M015,P02,T04,126348.91
2025-12-27,M016,P03,T02,94578.63
2025-12-27,M017,P04,T04,120757.01
2025-12-27,M018,P01,T02,155669.01
2025-12-27,M019,P02,T04,173249.88
2025-12-27,M020,P03,T02,146015.33
2025-12-27,M021,P04,T04,179816.82
2025-12-27,M022,P01,T02,124408.99
2025-12-27,M023,P02,T04,154878.02
2025-12-27,M024,P03,T02,125213.77
2025-12-27,M025,P04,T04,147805.13
2025-12-27,M026,P01,T02,178227.96
2025-12-27,M027,P02,T04,216890.18
2025-12-27,M028,P03,T02,159856.94
2025-12-27,M029,P04,T04,129027.9
2025-12-27,M030,P01,T02,152847.3
2025-12-27,M031,P02,T04,174106.4
2025-12-27,M032,P03,T02,146313.66
2025-12-27,M033,P04,T04,185043.22
2025-12-27,M034,P01,T02,199470.82
2025-12-27,M035,P02,T04,256312.86
2025-12-27,M036,P03,T02,132478.88
2025-12-27,M037,P04,T04,163970.04
2025-12-27,M038,P01,T02,210416.8
2025-12-27,M039,P02,T04,236310.09
2025-12-27,M040,P03,T02,186033.32
2025-12-27,M041,P04,T04,206942.32
2025-12-27,M042,P01,T02,232156.7
2025-12-27,M043,P02,T04,199832.0
2025-12-27,M044,P03,T02,172156.84
2025-12-27,M045,P04,T04,180630.74
2025-12-27,M046,P01,T02,227911.95
2025-12-27,M047,P02,T04,247930.37
2025-12-27,M048,P03,T02,201631.43
2025-12-28,M001,P01,T01,89507.39
2025-12-28,M002,P02,T03,80708.02
2025-12-28,M003,P03,T01,91312.02
2025-12-28,M004,P04,T03,80149.55
2025-12-28,M005,P01,T01,139600.31
2025-12-28,M006,P02,T03,134903.41
2025-12-28,M007,P03,T01,142130.88
2025-12-28,M008,P04,T03,68011.54
2025-12-28,M009,P01,T01,125275.28
2025-12-28,M010,P02,T03,101213.38
2025-12-28,M011,P03,T01,121603.27
2025-12-28,M012,P04,T03,102273.78
2025-12-28,M013,P01,T01,187529.65
2025-12-28,M014,P02,T03,149898.38
2025-12-28,M015,P03,T01,98251.88
2025-12-28,M016,P04,T03,89325.81
2025-12-28,M017,P01,T01,150683.43
2025-12-28,M018,P02,T03,143766.37
2025-12-28,M019,P03,T01,160036.54
2025-12-28,M020,P04,T03,126162.81
2025-12-28,M021,P01,T01,219555.56
2025-12-28,M022,P02,T03,122111.59
2025-12-28,M023,P03,T01,144405.28
2025-12-28,M024,P04,T03,107967.33
2025-12-28,M025,P01,T01,203336.87
2025-12-28,M026,P02,T03,173854.96
2025-12-28,M027,P03,T01,197013.18
2025-12-28,M028,P04,T03,164531.64
2025-12-28,M029,P01,T01,175174.25
2025-12-28,M030,P02,T03,141266.95
2025-12-28,M031,P03,T01,171710.46
2025-12-28,M032,P04,T03,130581.11
2025-12-28,M033,P01,T01,217991.69
2025-12-28,M034,P02,T03,195660.97
2025-12-28,M035,P03,T01,203872.66
2025-12-28,M036,P04,T03,117021.73
2025-12-28,M037,P01,T01,221520.13
2025-12-28,M038,P02,T03,180722.09
2025-12-28,M039,P03,T01,199914.82
2025-12-28,M040,P04,T03,171123.44
2025-12-28,M041,P01,T01,263731.7
2025-12-28,M042,P02,T03,214750.23
2025-12-28,M043,P03,T01,169608.13
2025-12-28,M044,P04,T03,138338.13
2025-12-28,M045,P01,T01,265813.56
2025-12-28,M046,P02,T03,189846.17
2025-12-28,M047,P03,T01,226792.12
2025-12-28,M048,P04,T03,183189.89
2025-12-29,M001,P02,T02,98107.5
2025-12-29,M002,P03,T04,78883.67
2025-12-29,M003,P04,T02,98594.88
2025-12-29,M004,P01,T04,113489.24
2025-12-29,M005,P02,T02,171591.39
2025-12-29,M006,P03,T04,126004.07
2025-12-29,M007,P04,T02,156239.79
2025-12-29,M008,P01,T04,99619.75
2025-12-29,M009,P02,T02,145778.66
2025-12-29,M010,P03,T04,108520.71
2025-12-29,M011,P04,T02,145073.09
2025-12-29,M012,P01,T04,147479.2
2025-12-29,M013,P02,T02,214794.55
2025-12-29,M014,P03,T04,149636.9
2025-12-29,M015,P04,T02,124116.91
2025-12-29,M016,P01,T04,127774.48
2025-12-29,M017,P02,T02,166664.98
2025-12-29,M018,P03,T04,135604.44
2025-12-29,M019,P04,T02,178357.41
2025-12-29,M020,P01,T04,173765.03
2025-12-29,M021,P02,T02,230772.36
2025-12-29,M022,P03,T04,102675.82
2025-12-29,M023,P04,T02,154799.87
2025-12-29,M024,P01,T04,161735.95
2025-12-29,M025,P02,T02,210893.64
2025-12-29,M026,P03,T04,165125.58
2025-12-29,M027,P04,T02,211293.59
2025-12-29,M028,P01,T04,229741.81
2025-12-29,M029,P02,T02,185464.69
2025-12-29,M030,P03,T04,141632.16
2025-12-29,M031,P04,T02,194164.02
2025-12-29,M032,P01,T04,208465.47
2025-12-29,M033,P02,T02,274570.48
2025-12-29,M034,P03,T04,174956.22
2025-12-29,M035,P04,T02,218468.95
2025-12-29,M036,P01,T04,173496.99
2025-12-29,M037,P02,T02,229326.86
2025-12-29,M038,P03,T04,163561.72
2025-12-29,M039,P04,T02,207191.65
2025-12-29,M040,P01,T04,241765.24
2025-12-29,M041,P02,T02,276081.07
2025-12-29,M042,P03,T04,201711.69
2025-12-29,M043,P04,T02,196651.74
2025-12-29,M044,P01,T04,193850.64
2025-12-29,M045,P02,T02,257864.02
2025-12-29,M046,P03,T04,198038.37
2025-12-29,M047,P04,T02,266682.51
2025-12-29,M048,P01,T04,266170.41
2025-12-30,M001,P03,T03,53190.42
2025-12-30,M002,P04,T01,105150.78
2025-12-30,M003,P01,T03,84069.0
2025-12-30,M004,P02,T01,174112.5
2025-12-30,M005,P03,T03,85022.95
2025-12-30,M006,P04,T01,163028.74
2025-12-30,M007,P01,T03,123144.78
2025-12-30,M008,P02,T01,131228.03
2025-12-30,M009,P03,T03,75864.1
2025-12-30,M010,P04,T01,145638.6
2025-12-30,M011,P01,T03,110839.41
2025-12-30,M012,P02,T01,200913.26
2025-12-30,M013,P03,T03,105211.28
2025-12-30,M014,P04,T01,193982.1
2025-12-30,M015,P01,T03,96965.31
2025-12-30,M016,P02,T01,170821.18
2025-12-30,M017,P03,T03,96047.02
2025-12-30,M018,P04,T01,181648.03
2025-12-30,M019,P01,T03,137861.3
2025-12-30,M020,P02,T01,255396.87
2025-12-30,M021,P03,T03,129408.09
2025-12-30,M022,P04,T01,158551.65
2025-12-30,M023,P01,T03,135105.82
2025-12-30,M024,P02,T01,225150.63
2025-12-30,M025,P03,T03,111767.92
2025-12-30,M026,P04,T01,222858.54
2025-12-30,M027,P01,T03,176052.18
2025-12-30,M028,P02,T01,329323.22
2025-12-30,M029,P03,T03,110635.81
2025-12-30,M030,P04,T01,202734.78
2025-12-30,M031,P01,T03,144079.16
2025-12-30,M032,P02,T01,256740.86
2025-12-30,M033,P03,T03,149541.68
2025-12-30,M034,P04,T01,242638.33
2025-12-30,M035,P01,T03,215552.18
2025-12-30,M036,P02,T01,267795.47
2025-12-30,M037,P03,T03,133907.29
2025-12-30,M038,P04,T01,223728.33
2025-12-30,M039,P01,T03,186505.83
2025-12-30,M040,P02,T01,307835.16
2025-12-30,M041,P03,T03,161752.58
2025-12-30,M042,P04,T01,293201.56
2025-12-30,M043,P01,T03,154690.71
2025-12-30,M044,P02,T01,313782.98
2025-12-30,M045,P03,T03,161131.91
2025-12-30,M046,P04,T01,267239.2
2025-12-30,M047,P01,T03,198975.77
2025-12-30,M048,P02,T01,352751.54
2025-12-31,M001,P04,T04,74393.44
2025-12-31,M002,P01,T02,90409.84
2025-12-31,M003,P02,T04,128864.41
2025-12-31,M004,P03,T02,105131.16
2025-12-31,M005,P04,T04,131065.68
2025-12-31,M006,P01,T02,149137.0
2025-12-31,M007,P02,T04,193744.62
2025-12-31,M008,P03,T02,78130.69
2025-12-31,M009,P04,T04,101701.36
2025-12-31,M010,P01,T02,139341.27
2025-12-31,M011,P02,T04,149341.31
2025-12-31,M012,P03,T02,138712.66
2025-12-31,M013,P04,T04,164752.6
2025-12-31,M014,P01,T02,202198.31
2025-12-31,M015,P02,T04,134555.19
2025-12-31,M016,P03,T02,110337.54
2025-12-31,M017,P04,T04,128710.53
2025-12-31,M018,P01,T02,179088.08
2025-12-31,M019,P02,T04,204907.41
2025-12-31,M020,P03,T02,154276.97
2025-12-31,M021,P04,T04,198381.93
2025-12-31,M022,P01,T02,145374.1
2025-12-31,M023,P02,T04,177924.71
2025-12-31,M024,P03,T02,136211.78
2025-12-31,M025,P04,T04,154350.18
2025-12-31,M026,P01,T02,201540.6
2025-12-31,M027,P02,T04,247563.73
2025-12-31,M028,P03,T02,196255.89
2025-12-31,M029,P04,T04,154940.74
2025-12-31,M030,P01,T02,191291.36
2025-12-31,M031,P02,T04,214953.96
2025-12-31,M032,P03,T02,160150.57
2025-12-31,M033,P04,T04,189001.48
2025-12-31,M034,P01,T02,237831.18
2025-12-31,M035,P02,T04,255010.07
2025-12-31,M036,P03,T02,155238.33
2025-12-31,M037,P04,T04,186148.0
2025-12-31,M038,P01,T02,233295.51
2025-12-31,M039,P02,T04,263694.99
2025-12-31,M040,P03,T02,201755.27
2025-12-31,M041,P04,T04,242343.1
2025-12-31,M042,P01,T02,262273.96
2025-12-31,M043,P02,T04,223931.19
2025-12-31,M044,P03,T02,180006.82
2025-12-31,M045,P04,T04,214078.66
2025-12-31,M046,P01,T02,270084.24
2025-12-31,M047,P02,T04,283195.86
2025-12-31,M048,P03,T02,223234.35
2026-01-01,M001,P02,T02,114304.44
2026-01-01,M002,P03,T04,77589.09
2026-01-01,M003,P04,T02,112873.22
2026-01-01,M004,P01,T04,138549.93
2026-01-01,M005,P02,T02,185690.79
2026-01-01,M006,P03,T04,139856.17
2026-01-01,M007,P04,T02,177636.52
2026-01-01,M008,P01,T04,111800.02
2026-01-01,M009,P02,T02,144761.74
2026-01-01,M010,P03,T04,119128.13
2026-01-01,M011,P04,T02,162962.49
2026-01-01,M012,P01,T04,182523.24
2026-01-01,M013,P02,T02,240673.13
2026-01-01,M014,P03,T04,152543.53
2026-01-01,M015,P04,T02,130066.54
2026-01-01,M016,P01,T04,138103.11
2026-01-01,M017,P02,T02,196016.07
2026-01-01,M018,P03,T04,148262.26
2026-01-01,M019,P04,T02,178166.55
2026-01-01,M020,P01,T04,202611.83
2026-01-01,M021,P02,T02,252392.13
2026-01-01,M022,P03,T04,132883.52
2026-01-01,M023,P04,T02,180737.37
2026-01-01,M024,P01,T04,187233.03
2026-01-01,M025,P02,T02,226578.29
2026-01-01,M026,P03,T04,173271.63
2026-01-01,M027,P04,T02,213771.78
2026-01-01,M028,P01,T04,248591.04
2026-01-01,M029,P02,T02,206316.07
2026-01-01,M030,P03,T04,156744.64
2026-01-01,M031,P04,T02,196087.22
2026-01-01,M032,P01,T04,220906.72
2026-01-01,M033,P02,T02,290713.18
2026-01-01,M034,P03,T04,198039.13
2026-01-01,M035,P04,T02,257102.09
2026-01-01,M036,P01,T04,191553.41
2026-01-01,M037,P02,T02,272685.83
2026-01-01,M038,P03,T04,194837.26
2026-01-01,M039,P04,T02,250719.33
2026-01-01,M040,P01,T04,278368.11
2026-01-01,M041,P02,T02,352914.61
2026-01-01,M042,P03,T04,224751.27
2026-01-01,M043,P04,T02,204953.4
2026-01-01,M044,P01,T04,240452.71
2026-01-01,M045,P02,T02,312165.48
2026-01-01,M046,P03,T04,208636.52
2026-01-01,M047,P04,T02,284757.46
2026-01-01,M048,P01,T04,276369.93
2026-01-02,M001,P03,T03,58875.81
2026-01-02,M002,P04,T01,118851.88
2026-01-02,M003,P01,T03,96701.57
2026-01-02,M004,P02,T01,194902.25
2026-01-02,M005,P03,T03,96447.58
2026-01-02,M006,P04,T01,174307.03
2026-01-02,M007,P01,T03,159179.09
2026-01-02,M008,P02,T01,164967.25
2026-01-02,M009,P03,T03,88964.16
2026-01-02,M010,P04,T01,162702.42
2026-01-02,M011,P01,T03,138957.75
2026-01-02,M012,P02,T01,245692.37
2026-01-02,M013,P03,T03,130331.47
2026-01-02,M014,P04,T01,250687.07
2026-01-02,M015,P01,T03,117429.83
2026-01-02,M016,P02,T01,194672.2
2026-01-02,M017,P03,T03,105444.98
2026-01-02,M018,P04,T01,195957.38
2026-01-02,M019,P01,T03,156036.24
2026-01-02,M020,P02,T01,292194.15
2026-01-02,M021,P03,T03,155444.54
2026-01-02,M022,P04,T01,174195.52
2026-01-02,M023,P01,T03,132192.6
2026-01-02,M024,P02,T01,264878.12
2026-01-02,M025,P03,T03,131332.45
2026-01-02,M026,P04,T01,253097.12
2026-01-02,M027,P01,T03,202330.0
2026-01-02,M028,P02,T01,354432.71
2026-01-02,M029,P03,T03,115641.12
2026-01-02,M030,P04,T01,222219.08
2026-01-02,M031,P01,T03,162710.7
2026-01-02,M032,P02,T01,291229.16
2026-01-02,M033,P03,T03,149703.04
2026-01-02,M034,P04,T01,300375.76
2026-01-02,M035,P01,T03,229823.76
2026-01-02,M036,P02,T01,261618.6
2026-01-02,M037,P03,T03,152784.87
2026-01-02,M038,P04,T01,246895.93
2026-01-02,M039,P01,T03,216851.94
2026-01-02,M040,P02,T01,368459.57
2026-01-02,M041,P03,T03,180442.97
2026-01-02,M042,P04,T01,350485.38
2026-01-02,M043,P01,T03,177074.98
2026-01-02,M044,P02,T01,309637.01
2026-01-02,M045,P03,T03,181860.95
2026-01-02,M046,P04,T01,305495.22
2026-01-02,M047,P01,T03,222660.45
2026-01-02,M048,P02,T01,417266.66
2026-01-03,M001,P04,T04,74817.1
2026-01-03,M002,P01,T02,106251.15
2026-01-03,M003,P02,T04,126245.46
2026-01-03,M004,P03,T02,111995.41
2026-01-03,M005,P04,T04,130637.47
2026-01-03,M006,P01,T02,158014.68
2026-01-03,M007,P02,T04,170439.96
2026-01-03,M008,P03,T02,89305.99
2026-01-03,M009,P04,T04,105270.74
2026-01-03,M010,P01,T02,140299.2
2026-01-03,M011,P02,T04,160057.39
2026-01-03,M012,P03,T02,132073.41
2026-01-03,M013,P04,T04,158761.91
2026-01-03,M014,P01,T02,195183.43
2026-01-03,M015,P02,T04,135556.36
2026-01-03,M016,P03,T02,106104.41
2026-01-03,M017,P04,T04,146681.44
2026-01-03,M018,P01,T02,165499.56
2026-01-03,M019,P02,T04,213805.46
2026-01-03,M020,P03,T02,164746.62
2026-01-03,M021,P04,T04,198027.16
2026-01-03,M022,P01,T02,142328.59
2026-01-03,M023,P02,T04,176927.95
2026-01-03,M024,P03,T02,143938.93
2026-01-03,M025,P04,T04,159239.04
2026-01-03,M026,P01,T02,203109.46
2026-01-03,M027,P02,T04,240145.51
2026-01-03,M028,P03,T02,187484.41
2026-01-03,M029,P04,T04,157924.55
2026-01-03,M030,P01,T02,177593.21
2026-01-03,M031,P02,T04,226219.77
2026-01-03,M032,P03,T02,175743.4
2026-01-03,M033,P04,T04,202072.34
2026-01-03,M034,P01,T02,224327.82
2026-01-03,M035,P02,T04,260673.03
2026-01-03,M036,P03,T02,159259.61
2026-01-03,M037,P04,T04,184355.44
2026-01-03,M038,P01,T02,207238.4
2026-01-03,M039,P02,T04,253897.57
2026-01-03,M040,P03,T02,208417.03
2026-01-03,M041,P04,T04,226014.55
2026-01-03,M042,P01,T02,260502.25
2026-01-03,M043,P02,T04,229322.25
2026-01-03,M044,P03,T02,169648.05
2026-01-03,M045,P04,T04,219771.92
2026-01-03,M046,P01,T02,253328.82
2026-01-03,M047,P02,T04,308324.52
2026-01-03,M048,P03,T02,222321.96
2026-01-04,M001,P01,T01,104822.27
2026-01-04,M002,P02,T03,87969.13
2026-01-04,M003,P03,T01,113490.81
2026-01-04,M004,P04,T03,94404.74
2026-01-04,M005,P01,T01,158884.86
2026-01-04,M006,P02,T03,140059.09
2026-01-04,M007,P03,T01,165286.43
2026-01-04,M008,P04,T03,78867.7
2026-01-04,M009,P01,T01,149934.98
2026-01-04,M010,P02,T03,112598.87
2026-01-04,M011,P03,T01,151324.84
2026-01-04,M012,P04,T03,126073.31
2026-01-04,M013,P01,T01,200775.54
2026-01-04,M014,P02,T03,173508.13
2026-01-04,M015,P03,T01,122188.95
2026-01-04,M016,P04,T03,107561.55
2026-01-04,M017,P01,T01,186966.14
2026-01-04,M018,P02,T03,151199.38
2026-01-04,M019,P03,T01,168247.31
2026-01-04,M020,P04,T03,148877.0
2026-01-04,M021,P01,T01,249830.12
2026-01-04,M022,P02,T03,140045.1
2026-01-04,M023,P03,T01,165505.45
2026-01-04,M024,P04,T03,139050.6
2026-01-04,M025,P01,T01,227478.96
2026-01-04,M026,P02,T03,174923.43
2026-01-04,M027,P03,T01,224287.94
2026-01-04,M028,P04,T03,183489.29
2026-01-04,M029,P01,T01,195429.52
2026-01-04,M030,P02,T03,159372.01
2026-01-04,M031,P03,T01,200211.45
2026-01-04,M032,P04,T03,168255.63
2026-01-04,M033,P01,T01,263353.78
2026-01-04,M034,P02,T03,208080.29
2026-01-04,M035,P03,T01,245436.72
2026-01-04,M036,P04,T03,141125.76
2026-01-04,M037,P01,T01,227348.83
2026-01-04,M038,P02,T03,212805.69
2026-01-04,M039,P03,T01,230622.27
2026-01-04,M040,P04,T03,193471.69
2026-01-04,M041,P01,T01,316339.68
2026-01-04,M042,P02,T03,236633.22
2026-01-04,M043,P03,T01,194063.55
2026-01-04,M044,P04,T03,174342.73
2026-01-04,M045,P01,T01,298033.74
2026-01-04,M046,P02,T03,240214.59
2026-01-04,M047,P03,T01,245701.18
2026-01-04,M048,P04,T03,198043.58
2026-01-05,M001,P02,T02,107346.09
2026-01-05,M002,P03,T04,77317.64
2026-01-05,M003,P04,T02,124996.75
2026-01-05,M004,P01,T04,123547.77
2026-01-05,M005,P02,T02,180068.3
2026-01-05,M006,P03,T04,125273.37
2026-01-05,M007,P04,T02,170963.2
2026-01-05,M008,P01,T04,114946.84
2026-01-05,M009,P02,T02,146481.85
2026-01-05,M010,P03,T04,117102.52
2026-01-05,M011,P04,T02,158513.53
2026-01-05,M012,P01,T04,181004.33
2026-01-05,M013,P02,T02,221081.11
2026-01-05,M014,P03,T04,161878.96
2026-01-05,M015,P04,T02,129984.79
2026-01-05,M016,P01,T04,154864.26
2026-01-05,M017,P02,T02,212422.51
2026-01-05,M018,P03,T04,143941.86
2026-01-05,M019,P04,T02,192788.27
2026-01-05,M020,P01,T04,217808.3
2026-01-05,M021,P02,T02,291853.19
2026-01-05,M022,P03,T04,131602.95
2026-01-05,M023,P04,T02,175519.56
2026-01-05,M024,P01,T04,173866.27
2026-01-05,M025,P02,T02,236147.66
2026-01-05,M026,P03,T04,182625.31
2026-01-05,M027,P04,T02,246268.59
2026-01-05,M028,P01,T04,229856.13
2026-01-05,M029,P02,T02,207413.08
2026-01-05,M030,P03,T04,158882.78
2026-01-05,M031,P04,T02,194991.91
2026-01-05,M032,P01,T04,215833.47
2026-01-05,M033,P02,T02,278126.38
2026-01-05,M034,P03,T04,207025.34
2026-01-05,M035,P04,T02,253709.39
2026-01-05,M036,P01,T04,197952.3
2026-01-05,M037,P02,T02,258393.08
2026-01-05,M038,P03,T04,191574.17
2026-01-05,M039,P04,T02,232161.86
2026-01-05,M040,P01,T04,250347.88
2026-01-05,M041,P02,T02,310800.49
2026-01-05,M042,P03,T04,227419.17
2026-01-05,M043,P04,T02,210645.95
2026-01-05,M044,P01,T04,234093.72
2026-01-05,M045,P02,T02,285354.49
2026-01-05,M046,P03,T04,210942.08
2026-01-05,M047,P04,T02,286731.23
2026-01-05,M048,P01,T04,274642.69
2026-01-06,M001,P03,T03,54901.69
2026-01-06,M002,P04,T01,124489.96
2026-01-06,M003,P01,T03,93324.37
2026-01-06,M004,P02,T01,173083.25
2026-01-06,M005,P03,T03,107090.67
2026-01-06,M006,P04,T01,174997.3
2026-01-06,M007,P01,T03,160005.16
2026-01-06,M008,P02,T01,157369.5
2026-01-06,M009,P03,T03,81868.21
2026-01-06,M010,P04,T01,165348.94
2026-01-06,M011,P01,T03,126105.48
2026-01-06,M012,P02,T01,259024.8
2026-01-06,M013,P03,T03,116753.95
2026-01-06,M014,P04,T01,220948.49
2026-01-06,M015,P01,T03,102284.2
2026-01-06,M016,P02,T01,213656.72
2026-01-06,M017,P03,T03,105140.73
2026-01-06,M018,P04,T01,204687.82
2026-01-06,M019,P01,T03,165870.58
2026-01-06,M020,P02,T01,290609.88
2026-01-06,M021,P03,T03,157958.31
2026-01-06,M022,P04,T01,173865.16
2026-01-06,M023,P01,T03,135656.62
2026-01-06,M024,P02,T01,272752.53
2026-01-06,M025,P03,T03,131326.73
2026-01-06,M026,P04,T01,260404.19
2026-01-06,M027,P01,T03,204403.85
2026-01-06,M028,P02,T01,330862.36
2026-01-06,M029,P03,T03,127656.63
2026-01-06,M030,P04,T01,236174.86
2026-01-06,M031,P01,T03,166852.98
2026-01-06,M032,P02,T01,333661.25
2026-01-06,M033,P03,T03,170551.79
2026-01-06,M034,P04,T01,294500.82
2026-01-06,M035,P01,T03,234626.34
2026-01-06,M036,P02,T01,293458.61
2026-01-06,M037,P03,T03,140448.45
2026-01-06,M038,P04,T01,267307.89
2026-01-06,M039,P01,T03,197656.28
2026-01-06,M040,P02,T01,353751.66
2026-01-06,M041,P03,T03,176282.21
2026-01-06,M042,P04,T01,337196.75
2026-01-06,M043,P01,T03,179012.08
2026-01-06,M044,P02,T01,315610.48
2026-01-06,M045,P03,T03,174850.05
2026-01-06,M046,P04,T01,297887.94
2026-01-06,M047,P01,T03,230447.27
2026-01-06,M048,P02,T01,414110.65
2026-01-07,M001,P04,T04,79297.99
2026-01-07,M002,P01,T02,106689.12
2026-01-07,M003,P02,T04,129311.22
2026-01-07,M004,P03,T02,122166.76
2026-01-07,M005,P04,T04,132153.62
2026-01-07,M006,P01,T02,166511.24
2026-01-07,M007,P02,T04,201168.75
2026-01-07,M008,P03,T02,94532.0
2026-01-07,M009,P04,T04,112506.01
2026-01-07,M010,P01,T02,138499.96
2026-01-07,M011,P02,T04,171977.69
2026-01-07,M012,P03,T02,159435.84
2026-01-07,M013,P04,T04,184279.38
2026-01-07,M014,P01,T02,218736.47
2026-01-07,M015,P02,T04,139553.32
2026-01-07,M016,P03,T02,125052.24
2026-01-07,M017,P04,T04,146917.57
2026-01-07,M018,P01,T02,184567.2
2026-01-07,M019,P02,T04,210510.69
2026-01-07,M020,P03,T02,169074.11
2026-01-07,M021,P04,T04,200057.19
2026-01-07,M022,P01,T02,156690.88
2026-01-07,M023,P02,T04,178498.12
2026-01-07,M024,P03,T02,165378.36
2026-01-07,M025,P04,T04,173471.21
2026-01-07,M026,P01,T02,246909.39
2026-01-07,M027,P02,T04,280245.75
2026-01-07,M028,P03,T02,224924.24
2026-01-07,M029,P04,T04,154227.29
2026-01-07,M030,P01,T02,211951.02
2026-01-07,M031,P02,T04,237713.65
2026-01-07,M032,P03,T02,189137.32
2026-01-07,M033,P04,T04,237400.81
2026-01-07,M034,P01,T02,268742.49
2026-01-07,M035,P02,T04,322282.85
2026-01-07,M036,P03,T02,172540.89
2026-01-07,M037,P04,T04,196151.04
2026-01-07,M038,P01,T02,243191.1
2026-01-07,M039,P02,T04,265076.36
2026-01-07,M040,P03,T02,210765.41
2026-01-07,M041,P04,T04,275001.68
2026-01-07,M042,P01,T02,297221.85
2026-01-07,M043,P02,T04,232820.64
2026-01-07,M044,P03,T02,190563.74
2026-01-07,M045,P04,T04,230597.31
2026-01-07,M046,P01,T02,300067.99
2026-01-07,M047,P02,T04,304067.13
2026-01-07,M048,P03,T02,244172.09
2026-01-08,M001,P01,T01,107822.61
2026-01-08,M002,P02,T03,105420.16
2026-01-08,M003,P03,T01,121294.93
2026-01-08,M004,P04,T03,98643.82
2026-01-08,M005,P01,T01,193450.68
2026-01-08,M006,P02,T03,152073.27
2026-01-08,M007,P03,T01,180344.41
2026-01-08,M008,P04,T03,81087.7
2026-01-08,M009,P01,T01,146294.07
2026-01-08,M010,P02,T03,141258.92
2026-01-08,M011,P03,T01,162708.62
2026-01-08,M012,P04,T03,132386.52
2026-01-08,M013,P01,T01,215093.52
2026-01-08,M014,P02,T03,200980.33
2026-01-08,M015,P03,T01,131596.64
2026-01-08,M016,P04,T03,115326.31
2026-01-08,M017,P01,T01,198424.18
2026-01-08,M018,P02,T03,179622.95
2026-01-08,M019,P03,T01,206117.29
2026-01-08,M020,P04,T03,159323.03
2026-01-08,M021,P01,T01,295680.33
2026-01-08,M022,P02,T03,149914.85
2026-01-08,M023,P03,T01,179266.48
2026-01-08,M024,P04,T03,150970.34
2026-01-08,M025,P01,T01,237142.29
2026-01-08,M026,P02,T03,219525.34
2026-01-08,M027,P03,T01,245291.69
2026-01-08,M028,P04,T03,201985.55
2026-01-08,M029,P01,T01,217652.0
2026-01-08,M030,P02,T03,179971.53
2026-01-08,M031,P03,T01,216868.12
2026-01-08,M032,P04,T03,161309.64
2026-01-08,M033,P01,T01,304339.79
2026-01-08,M034,P02,T03,247116.53
2026-01-08,M035,P03,T01,274518.35
2026-01-08,M036,P04,T03,164676.56
2026-01-08,M037,P01,T01,256871.32
2026-01-08,M038,P02,T03,209797.68
2026-01-08,M039,P03,T01,232955.83
2026-01-08,M040,P04,T03,198528.14
2026-01-08,M041,P01,T01,321939.73
2026-01-08,M042,P02,T03,284474.25
2026-01-08,M043,P03,T01,223493.65
2026-01-08,M044,P04,T03,197300.28
2026-01-08,M045,P01,T01,298691.74
2026-01-08,M046,P02,T03,248793.06
2026-01-08,M047,P03,T01,263384.03
2026-01-08,M048,P04,T03,243124.52
2026-01-09,M001,P02,T02,111660.72
2026-01-09,M002,P03,T04,81728.82
2026-01-09,M003,P04,T02,120095.56
2026-01-09,M004,P01,T04,135506.59
2026-01-09,M005,P02,T02,176800.4
2026-01-09,M006,P03,T04,139057.39
2026-01-09,M007,P04,T02,189874.47
2026-01-09,M008,P01,T04,107664.6
2026-01-09,M009,P02,T02,142466.66
2026-01-09,M010,P03,T04,113321.62
2026-01-09,M011,P04,T02,158309.5
2026-01-09,M012,P01,T04,177983.71
2026-01-09,M013,P02,T02,225234.71
2026-01-09,M014,P03,T04,150395.3
2026-01-09,M015,P04,T02,130437.85
2026-01-09,M016,P01,T04,150884.43
2026-01-09,M017,P02,T02,206826.71
2026-01-09,M018,P03,T04,140364.65
2026-01-09,M019,P04,T02,202150.55
2026-01-09,M020,P01,T04,220425.32
2026-01-09,M021,P02,T02,288135.91
2026-01-09,M022,P03,T04,128108.44
2026-01-09,M023,P04,T02,174356.1
2026-01-09,M024,P01,T04,183198.53
2026-01-09,M025,P02,T02,233587.9
2026-01-09,M026,P03,T04,165697.45
2026-01-09,M027,P04,T02,227521.42
2026-01-09,M028,P01,T04,241815.62
2026-01-09,M029,P02,T02,227719.43
2026-01-09,M030,P03,T04,145400.57
2026-01-09,M031,P04,T02,206584.5
2026-01-09,M032,P01,T04,212810.91
2026-01-09,M033,P02,T02,296493.56
2026-01-09,M034,P03,T04,191750.63
2026-01-09,M035,P04,T02,285565.89
2026-01-09,M036,P01,T04,187079.42
2026-01-09,M037,P02,T02,242122.71
2026-01-09,M038,P03,T04,190734.74
2026-01-09,M039,P04,T02,256955.87
2026-01-09,M040,P01,T04,268553.15
2026-01-09,M041,P02,T02,355040.45
2026-01-09,M042,P03,T04,224204.38
2026-01-09,M043,P04,T02,205468.69
2026-01-09,M044,P01,T04,223439.65
2026-01-09,M045,P02,T02,326473.14
2026-01-09,M046,P03,T04,201986.85
2026-01-09,M047,P04,T02,279731.89
2026-01-09,M048,P01,T04,317003.1
2026-01-10,M001,P03,T03,57820.56
2026-01-10,M002,P04,T01,110427.76
2026-01-10,M003,P01,T03,85830.99
2026-01-10,M004,P02,T01,158996.13
2026-01-10,M005,P03,T03,92979.26
2026-01-10,M006,P04,T01,174258.81
2026-01-10,M007,P01,T03,143872.31
2026-01-10,M008,P02,T01,144630.92
2026-01-10,M009,P03,T03,80359.15
2026-01-10,M010,P04,T01,147593.18
2026-01-10,M011,P01,T03,124502.21
2026-01-10,M012,P02,T01,208126.84
2026-01-10,M013,P03,T03,122636.93
2026-01-10,M014,P04,T01,224730.34
2026-01-10,M015,P01,T03,104232.58
2026-01-10,M016,P02,T01,187603.92
2026-01-10,M017,P03,T03,93310.2
2026-01-10,M018,P04,T01,193423.97
2026-01-10,M019,P01,T03,154660.1
2026-01-10,M020,P02,T01,262005.28
2026-01-10,M021,P03,T03,139301.92
2026-01-10,M022,P04,T01,149886.42
2026-01-10,M023,P01,T03,138117.29
2026-01-10,M024,P02,T01,234177.71
2026-01-10,M025,P03,T03,124833.68
2026-01-10,M026,P04,T01,228438.25
2026-01-10,M027,P01,T03,176179.17
2026-01-10,M028,P02,T01,298831.95
2026-01-10,M029,P03,T03,100640.85
2026-01-10,M030,P04,T01,213984.42
2026-01-10,M031,P01,T03,164426.05
2026-01-10,M032,P02,T01,267918.56
2026-01-10,M033,P03,T03,139348.34
2026-01-10,M034,P04,T01,273244.86
2026-01-10,M035,P01,T03,203810.91
2026-01-10,M036,P02,T01,263881.83
2026-01-10,M037,P03,T03,121886.75
2026-01-10,M038,P04,T01,248119.85
2026-01-10,M039,P01,T03,191427.07
2026-01-10,M040,P02,T01,354146.1
2026-01-10,M041,P03,T03,162800.98
2026-01-10,M042,P04,T01,308837.22
2026-01-10,M043,P01,T03,157784.31
2026-01-10,M044,P02,T01,280647.08
2026-01-10,M045,P03,T03,165891.62
2026-01-10,M046,P04,T01,261231.02
2026-01-10,M047,P01,T03,199419.54
2026-01-10,M048,P02,T01,361637.19
2026-01-11,M001,P04,T04,77685.17
2026-01-11,M002,P01,T02,91833.14
2026-01-11,M003,P02,T04,118549.08
2026-01-11,M004,P03,T02,98309.49
2026-01-11,M005,P04,T04,128930.87
2026-01-11,M006,P01,T02,161890.56
2026-01-11,M007,P02,T04,175842.92
2026-01-11,M008,P03,T02,80368.01
2026-01-11,M009,P04,T04,100224.58
2026-01-11,M010,P01,T02,143777.4
2026-01-11,M011,P02,T04,168105.39
2026-01-11,M012,P03,T02,140931.55
2026-01-11,M013,P04,T04,159520.15
2026-01-11,M014,P01,T02,206217.64
2026-01-11,M015,P02,T04,137859.04
2026-01-11,M016,P03,T02,122233.59
2026-01-11,M017,P04,T04,136851.97
2026-01-11,M018,P01,T02,159234.42
2026-01-11,M019,P02,T04,188158.14
2026-01-11,M020,P03,T02,155679.42
2026-01-11,M021,P04,T04,185474.84
2026-01-11,M022,P01,T02,157915.52
2026-01-11,M023,P02,T04,179562.85
2026-01-11,M024,P03,T02,140520.36
2026-01-11,M025,P04,T04,180474.5
2026-01-11,M026,P01,T02,198602.35
2026-01-11,M027,P02,T04,235918.18
2026-01-11,M028,P03,T02,197356.2
2026-01-11,M029,P04,T04,159386.19
2026-01-11,M030,P01,T02,197558.55
2026-01-11,M031,P02,T04,216184.73
2026-01-11,M032,P03,T02,170158.86
2026-01-11,M033,P04,T04,199739.03
2026-01-11,M034,P01,T02,229971.89
2026-01-11,M035,P02,T04,270346.47
2026-01-11,M036,P03,T02,145392.68
2026-01-11,M037,P04,T04,169234.17
2026-01-11,M038,P01,T02,205064.46
2026-01-11,M039,P02,T04,263307.72
2026-01-11,M040,P03,T02,211332.82
2026-01-11,M041,P04,T04,242232.78
2026-01-11,M042,P01,T02,270848.61
2026-01-11,M043,P02,T04,238765.97
2026-01-11,M044,P03,T02,182848.96
2026-01-11,M045,P04,T04,217418.99
2026-01-11,M046,P01,T02,254441.97
2026-01-11,M047,P02,T04,298711.35
2026-01-11,M048,P03,T02,245932.63
2026-01-12,M001,P01,T01,102680.75
2026-01-12,M002,P02,T03,90897.71
2026-01-12,M003,P03,T01,123980.21
2026-01-12,M004,P04,T03,103793.97
2026-01-12,M005,P01,T01,188166.28
2026-01-12,M006,P02,T03,161290.91
2026-01-12,M007,P03,T01,185545.31
2026-01-12,M008,P04,T03,79492.89
2026-01-12,M009,P01,T01,143899.57
2026-01-12,M010,P02,T03,137220.95
2026-01-12,M011,P03,T01,154923.7
2026-01-12,M012,P04,T03,131273.94
2026-01-12,M013,P01,T01,243339.29
2026-01-12,M014,P02,T03,192655.53
2026-01-12,M015,P03,T01,123905.92
2026-01-12,M016,P04,T03,108247.19
2026-01-12,M017,P01,T01,215607.87
2026-01-12,M018,P02,T03,174481.66
2026-01-12,M019,P03,T01,187347.2
2026-01-12,M020,P04,T03,158826.05
2026-01-12,M021,P01,T01,273655.92
2026-01-12,M022,P02,T03,156992.31
2026-01-12,M023,P03,T01,172896.02
2026-01-12,M024,P04,T03,153354.31
2026-01-12,M025,P01,T01,230713.66
2026-01-12,M026,P02,T03,209355.39
2026-01-12,M027,P03,T01,224977.74
2026-01-12,M028,P04,T03,193070.48
2026-01-12,M029,P01,T01,231885.3
2026-01-12,M030,P02,T03,181547.36
2026-01-12,M031,P03,T01,216686.44
2026-01-12,M032,P04,T03,178183.7
2026-01-12,M033,P01,T01,289574.88
2026-01-12,M034,P02,T03,226971.22
2026-01-12,M035,P03,T01,255755.35
2026-01-12,M036,P04,T03,155350.79
2026-01-12,M037,P01,T01,272844.91
2026-01-12,M038,P02,T03,219381.55
2026-01-12,M039,P03,T01,254539.86
2026-01-12,M040,P04,T03,216544.78
2026-01-12,M041,P01,T01,353340.17
2026-01-12,M042,P02,T03,280784.29
2026-01-12,M043,P03,T01,216722.26
2026-01-12,M044,P04,T03,180309.8
2026-01-12,M045,P01,T01,331029.97
2026-01-12,M046,P02,T03,244591.39
2026-01-12,M047,P03,T01,270954.02
2026-01-12,M048,P04,T03,249078.51
2026-01-13,M001,P02,T02,111158.91
2026-01-13,M002,P03,T04,77418.63
2026-01-13,M003,P04,T02,125244.71
2026-01-13,M004,P01,T04,143981.89
2026-01-13,M005,P02,T02,179724.72
2026-01-13,M006,P03,T04,129482.87
2026-01-13,M007,P04,T02,170982.5
2026-01-13,M008,P01,T04,101107.98
2026-01-13,M009,P02,T02,153722.51
2026-01-13,M010,P03,T04,109600.86
2026-01-13,M011,P04,T02,161725.82
2026-01-13,M012,P01,T04,164158.02
2026-01-13,M013,P02,T02,219815.09
2026-01-13,M014,P03,T04,165235.29
2026-01-13,M015,P04,T02,126540.48
2026-01-13,M016,P01,T04,137311.18
2026-01-13,M017,P02,T02,194493.68
2026-01-13,M018,P03,T04,141360.19
2026-01-13,M019,P04,T02,190877.57
2026-01-13,M020,P01,T04,195560.23
2026-01-13,M021,P02,T02,264626.11
2026-01-13,M022,P03,T04,117915.15
2026-01-13,M023,P04,T02,157634.21
2026-01-13,M024,P01,T04,184316.77
2026-01-13,M025,P02,T02,252000.54
2026-01-13,M026,P03,T04,172188.41
2026-01-13,M027,P04,T02,211830.11
2026-01-13,M028,P01,T04,252552.18
2026-01-13,M029,P02,T02,225925.34
2026-01-13,M030,P03,T04,154803.75
2026-01-13,M031,P04,T02,219080.48
2026-01-13,M032,P01,T04,221850.24
2026-01-13,M033,P02,T02,299702.06
2026-01-13,M034,P03,T04,217493.79
2026-01-13,M035,P04,T02,261346.43
2026-01-13,M036,P01,T04,197227.18
2026-01-13,M037,P02,T02,272768.49
2026-01-13,M038,P03,T04,174063.92
2026-01-13,M039,P04,T02,229529.4
2026-01-13,M040,P01,T04,248680.94
2026-01-13,M041,P02,T02,325037.5
2026-01-13,M042,P03,T04,239395.4
2026-01-13,M043,P04,T02,216964.88
2026-01-13,M044,P01,T04,242591.27
2026-01-13,M045,P02,T02,285902.76
2026-01-13,M046,P03,T04,206718.28
2026-01-13,M047,P04,T02,289696.77
2026-01-13,M048,P01,T04,301200.47
2026-01-14,M001,P03,T03,59102.33
2026-01-14,M002,P04,T01,120503.18
2026-01-14,M003,P01,T03,94961.25
2026-01-14,M004,P02,T01,182460.44
2026-01-14,M005,P03,T03,96705.08
2026-01-14,M006,P04,T01,198098.36
2026-01-14,M007,P01,T03,153077.19
2026-01-14,M008,P02,T01,165594.41
2026-01-14,M009,P03,T03,86085.98
2026-01-14,M010,P04,T01,153508.12
2026-01-14,M011,P01,T03,128663.54
2026-01-14,M012,P02,T01,243108.3
2026-01-14,M013,P03,T03,117395.71
2026-01-14,M014,P04,T01,225248.78
2026-01-14,M015,P01,T03,110461.13
2026-01-14,M016,P02,T01,209474.84
2026-01-14,M017,P03,T03,112916.92
2026-01-14,M018,P04,T01,199641.18
2026-01-14,M019,P01,T03,149717.19
2026-01-14,M020,P02,T01,301378.88
2026-01-14,M021,P03,T03,148556.99
2026-01-14,M022,P04,T01,178374.76
2026-01-14,M023,P01,T03,143121.59
2026-01-14,M024,P02,T01,259742.97
2026-01-14,M025,P03,T03,145194.17
2026-01-14,M026,P04,T01,233675.85
2026-01-14,M027,P01,T03,201493.1
2026-01-14,M028,P02,T01,362199.28
2026-01-14,M029,P03,T03,115529.34
2026-01-14,M030,P04,T01,217222.27
2026-01-14,M031,P01,T03,176757.39
2026-01-14,M032,P02,T01,307000.45
2026-01-14,M033,P03,T03,150853.26
2026-01-14,M034,P04,T01,289534.43
2026-01-14,M035,P01,T03,233714.0
2026-01-14,M036,P02,T01,282987.78
2026-01-14,M037,P03,T03,153922.53
2026-01-14,M038,P04,T01,253964.8
2026-01-14,M039,P01,T03,199518.07
2026-01-14,M040,P02,T01,357797.67
2026-01-14,M041,P03,T03,176450.63
2026-01-14,M042,P04,T01,324569.58
2026-01-14,M043,P01,T03,192649.19
2026-01-14,M044,P02,T01,334119.34
2026-01-14,M045,P03,T03,159650.28
2026-01-14,M046,P04,T01,302004.36
2026-01-14,M047,P01,T03,228011.04
2026-01-14,M048,P02,T01,420354.04
2026-01-15,M001,P04,T04,84530.45
2026-01-15,M002,P01,T02,111820.78
2026-01-15,M003,P02,T04,126384.15
2026-01-15,M004,P03,T02,122430.08
2026-01-15,M005,P04,T04,128609.56
2026-01-15,M006,P01,T02,184483.57
2026-01-15,M007,P02,T04,217011.27
2026-01-15,M008,P03,T02,102464.7
2026-01-15,M009,P04,T04,111978.91
2026-01-15,M010,P01,T02,150040.19
2026-01-15,M011,P02,T04,189319.67
2026-01-15,M012,P03,T02,146996.86
2026-01-15,M013,P04,T04,168236.04
2026-01-15,M014,P01,T02,200889.45
2026-01-15,M015,P02,T04,158488.78
2026-01-15,M016,P03,T02,127045.38
2026-01-15,M017,P04,T04,146821.12
2026-01-15,M018,P01,T02,204640.48
2026-01-15,M019,P02,T04,237070.37
2026-01-15,M020,P03,T02,177988.59
2026-01-15,M021,P04,T04,211338.89
2026-01-15,M022,P01,T02,166492.25
2026-01-15,M023,P02,T04,206369.69
2026-01-15,M024,P03,T02,164196.97
2026-01-15,M025,P04,T04,184072.12
2026-01-15,M026,P01,T02,223391.37
2026-01-15,M027,P02,T04,249067.08
2026-01-15,M028,P03,T02,199124.74
2026-01-15,M029,P04,T04,151825.52
2026-01-15,M030,P01,T02,212210.75
2026-01-15,M031,P02,T04,246713.73
2026-01-15,M032,P03,T02,180008.89
2026-01-15,M033,P04,T04,220820.68
2026-01-15,M034,P01,T02,272752.25
2026-01-15,M035,P02,T04,293942.42
2026-01-15,M036,P03,T02,171079.62
2026-01-15,M037,P04,T04,195890.19
2026-01-15,M038,P01,T02,235243.13
2026-01-15,M039,P02,T04,282479.29
2026-01-15,M040,P03,T02,236426.39
2026-01-15,M041,P04,T04,266550.47
2026-01-15,M042,P01,T02,316195.25
2026-01-15,M043,P02,T04,238234.0
2026-01-15,M044,P03,T02,196383.85
2026-01-15,M045,P04,T04,249482.6
2026-01-15,M046,P01,T02,288036.44
2026-01-15,M047,P02,T04,310004.95
2026-01-15,M048,P03,T02,239585.42
2026-01-16,M001,P01,T01,100648.83
2026-01-16,M002,P02,T03,97493.92
2026-01-16,M003,P03,T01,111940.88
2026-01-16,M004,P04,T03,106682.88
2026-01-16,M005,P01,T01,178315.52
2026-01-16,M006,P02,T03,152432.68
2026-01-16,M007,P03,T01,168048.06
2026-01-16,M008,P04,T03,86701.11
2026-01-16,M009,P01,T01,166255.37
2026-01-16,M010,P02,T03,138151.84
2026-01-16,M011,P03,T01,158907.95
2026-01-16,M012,P04,T03,141631.14
2026-01-16,M013,P01,T01,228794.58
2026-01-16,M014,P02,T03,188903.03
2026-01-16,M015,P03,T01,135810.64
2026-01-16,M016,P04,T03,115333.16
2026-01-16,M017,P01,T01,190810.72
2026-01-16,M018,P02,T03,166296.61
2026-01-16,M019,P03,T01,187294.36
2026-01-16,M020,P04,T03,169423.77
2026-01-16,M021,P01,T01,260560.31
2026-01-16,M022,P02,T03,137169.56
2026-01-16,M023,P03,T01,173058.3
2026-01-16,M024,P04,T03,146465.5
2026-01-16,M025,P01,T01,249973.36
2026-01-16,M026,P02,T03,208588.37
2026-01-16,M027,P03,T01,222010.27
2026-01-16,M028,P04,T03,185245.83
2026-01-16,M029,P01,T01,220568.99
2026-01-16,M030,P02,T03,183981.46
2026-01-16,M031,P03,T01,209493.61
2026-01-16,M032,P04,T03,160714.9
2026-01-16,M033,P01,T01,315697.4
2026-01-16,M034,P02,T03,259249.32
2026-01-16,M035,P03,T01,256946.0
2026-01-16,M036,P04,T03,146097.74
2026-01-16,M037,P01,T01,252879.3
2026-01-16,M038,P02,T03,205931.66
2026-01-16,M039,P03,T01,248045.58
2026-01-16,M040,P04,T03,207770.26
2026-01-16,M041,P01,T01,315220.03
2026-01-16,M042,P02,T03,268178.04
2026-01-16,M043,P03,T01,230886.56
2026-01-16,M044,P04,T03,183707.41
2026-01-16,M045,P01,T01,325278.58
2026-01-16,M046,P02,T03,246514.26
2026-01-16,M047,P03,T01,278192.51
2026-01-16,M048,P04,T03,235742.27
2026-01-17,M001,P02,T02,93133.26
2026-01-17,M002,P03,T04,79969.22
2026-01-17,M003,P04,T02,105020.05
2026-01-17,M004,P01,T04,123668.63
2026-01-17,M005,P02,T02,161358.12
2026-01-17,M006,P03,T04,115989.13
2026-01-17,M007,P04,T02,167904.37
2026-01-17,M008,P01,T04,103404.24
2026-01-17,M009,P02,T02,132346.15
2026-01-17,M010,P03,T04,109597.33
2026-01-17,M011,P04,T02,149810.96
2026-01-17,M012,P01,T04,156011.65
2026-01-17,M013,P02,T02,187847.81
2026-01-17,M014,P03,T04,157482.43
2026-01-17,M015,P04,T02,126297.09
2026-01-17,M016,P01,T04,127953.49
2026-01-17,M017,P02,T02,186957.98
2026-01-17,M018,P03,T04,133426.5
2026-01-17,M019,P04,T02,180706.87
2026-01-17,M020,P01,T04,182690.21
2026-01-17,M021,P02,T02,245873.92
2026-01-17,M022,P03,T04,107251.87
2026-01-17,M023,P04,T02,142516.11
2026-01-17,M024,P01,T04,164200.76
2026-01-17,M025,P02,T02,215700.6
2026-01-17,M026,P03,T04,150930.69
2026-01-17,M027,P04,T02,197730.16
2026-01-17,M028,P01,T04,206087.97
2026-01-17,M029,P02,T02,189302.98
2026-01-17,M030,P03,T04,145412.28
2026-01-17,M031,P04,T02,176286.73
2026-01-17,M032,P01,T04,188455.9
2026-01-17,M033,P02,T02,260674.61
2026-01-17,M034,P03,T04,191150.47
2026-01-17,M035,P04,T02,259327.47
2026-01-17,M036,P01,T04,189542.81
2026-01-17,M037,P02,T02,219166.59
2026-01-17,M038,P03,T04,175969.9
2026-01-17,M039,P04,T02,225813.65
2026-01-17,M040,P01,T04,219986.15
2026-01-17,M041,P02,T02,296048.44
2026-01-17,M042,P03,T04,219835.18
2026-01-17,M043,P04,T02,183658.78
2026-01-17,M044,P01,T04,200644.8
2026-01-17,M045,P02,T02,253177.81
2026-01-17,M046,P03,T04,203046.1
2026-01-17,M047,P04,T02,242282.67
2026-01-17,M048,P01,T04,263137.95
2026-01-18,M001,P03,T03,50670.72
2026-01-18,M002,P04,T01,112442.72
2026-01-18,M003,P01,T03,95988.54
2026-01-18,M004,P02,T01,182295.99
2026-01-18,M005,P03,T03,87176.17
2026-01-18,M006,P04,T01,178189.66
2026-01-18,M007,P01,T03,139245.88
2026-01-18,M008,P02,T01,148332.54
2026-01-18,M009,P03,T03,81389.64
2026-01-18,M010,P04,T01,134409.25
2026-01-18,M011,P01,T03,113564.71
2026-01-18,M012,P02,T01,212799.3
2026-01-18,M013,P03,T03,118043.49
2026-01-18,M014,P04,T01,198852.68
2026-01-18,M015,P01,T03,100368.2
2026-01-18,M016,P02,T01,181703.78
2026-01-18,M017,P03,T03,98508.56
2026-01-18,M018,P04,T01,179788.59
2026-01-18,M019,P01,T03,149825.41
2026-01-18,M020,P02,T01,254035.29
2026-01-18,M021,P03,T03,132184.23
2026-01-18,M022,P04,T01,162696.76
2026-01-18,M023,P01,T03,132222.72
2026-01-18,M024,P02,T01,245069.45
2026-01-18,M025,P03,T03,116548.27
2026-01-18,M026,P04,T01,232079.08
2026-01-18,M027,P01,T03,173708.75
2026-01-18,M028,P02,T01,332146.67
2026-01-18,M029,P03,T03,116291.29
2026-01-18,M030,P04,T01,186174.4
2026-01-18,M031,P01,T03,152918.32
2026-01-18,M032,P02,T01,284478.41
2026-01-18,M033,P03,T03,152157.26
2026-01-18,M034,P04,T01,246667.25
2026-01-18,M035,P01,T03,193533.74
2026-01-18,M036,P02,T01,252441.88
2026-01-18,M037,P03,T03,137400.17
2026-01-18,M038,P04,T01,230232.39
2026-01-18,M039,P01,T03,177827.14
2026-01-18,M040,P02,T01,324980.04
2026-01-18,M041,P03,T03,176986.35
2026-01-18,M042,P04,T01,286464.97
2026-01-18,M043,P01,T03,154389.03
2026-01-18,M044,P02,T01,302204.79
2026-01-18,M045,P03,T03,146398.91
2026-01-18,M046,P04,T01,278181.91
2026-01-18,M047,P01,T03,217280.86
2026-01-18,M048,P02,T01,407811.59
2026-01-19,M001,P04,T04,78625.39
2026-01-19,M002,P01,T02,114089.42
2026-01-19,M003,P02,T04,137657.0
2026-01-19,M004,P03,T02,114253.87
2026-01-19,M005,P04,T04,135721.14
2026-01-19,M006,P01,T02,186137.29
2026-01-19,M007,P02,T04,206384.08
2026-01-19,M008,P03,T02,100659.02
2026-01-19,M009,P04,T04,115405.16
2026-01-19,M010,P01,T02,147973.85
2026-01-19,M011,P02,T04,170825.54
2026-01-19,M012,P03,T02,144857.37
2026-01-19,M013,P04,T04,166057.7
2026-01-19,M014,P01,T02,216453.55
2026-01-19,M015,P02,T04,144069.68
2026-01-19,M016,P03,T02,137099.79
2026-01-19,M017,P04,T04,154573.46
2026-01-19,M018,P01,T02,186612.97
2026-01-19,M019,P02,T04,208456.55
2026-01-19,M020,P03,T02,175142.4
2026-01-19,M021,P04,T04,198292.12
2026-01-19,M022,P01,T02,173990.98
2026-01-19,M023,P02,T04,189725.18
2026-01-19,M024,P03,T02,167654.84
2026-01-19,M025,P04,T04,171965.06
2026-01-19,M026,P01,T02,242894.13
2026-01-19,M027,P02,T04,280920.94
2026-01-19,M028,P03,T02,214881.46
2026-01-19,M029,P04,T04,157470.58
2026-01-19,M030,P01,T02,215441.99
2026-01-19,M031,P02,T04,241946.81
2026-01-19,M032,P03,T02,195802.56
2026-01-19,M033,P04,T04,236291.49
2026-01-19,M034,P01,T02,259140.94
2026-01-19,M035,P02,T04,320193.17
2026-01-19,M036,P03,T02,170974.01
2026-01-19,M037,P04,T04,200212.44
2026-01-19,M038,P01,T02,231064.28
2026-01-19,M039,P02,T04,269143.42
2026-01-19,M040,P03,T02,224081.2
2026-01-19,M041,P04,T04,256209.99
2026-01-19,M042,P01,T02,325763.22
2026-01-19,M043,P02,T04,264295.91
2026-01-19,M044,P03,T02,196775.82
2026-01-19,M045,P04,T04,223725.9
2026-01-19,M046,P01,T02,283631.74
2026-01-19,M047,P02,T04,308140.82
2026-01-19,M048,P03,T02,267358.75
2026-01-20,M001,P01,T01,112483.55
2026-01-20,M002,P02,T03,99899.8
2026-01-20,M003,P03,T01,121821.44
2026-01-20,M004,P04,T03,104424.79
2026-01-20,M005,P01,T01,198838.82
2026-01-20,M006,P02,T03,151201.46
2026-01-20,M007,P03,T01,188187.88
2026-01-20,M008,P04,T03,84398.67
2026-01-20,M009,P01,T01,143304.91
2026-01-20,M010,P02,T03,124861.09
2026-01-20,M011,P03,T01,157498.51
2026-01-20,M012,P04,T03,139308.93
2026-01-20,M013,P01,T01,235963.6
2026-01-20,M014,P02,T03,191623.36
2026-01-20,M015,P03,T01,141702.54
2026-01-20,M016,P04,T03,108091.93
2026-01-20,M017,P01,T01,212835.61
2026-01-20,M018,P02,T03,181329.29
2026-01-20,M019,P03,T01,180547.91
2026-01-20,M020,P04,T03,160156.36
2026-01-20,M021,P01,T01,259712.87
2026-01-20,M022,P02,T03,150820.94
2026-01-20,M023,P03,T01,175503.8
2026-01-20,M024,P04,T03,140229.97
2026-01-20,M025,P01,T01,239107.7
2026-01-20,M026,P02,T03,209464.77
2026-01-20,M027,P03,T01,234180.7
2026-01-20,M028,P04,T03,188053.1
2026-01-20,M029,P01,T01,222229.56
2026-01-20,M030,P02,T03,194496.6
2026-01-20,M031,P03,T01,218154.89
2026-01-20,M032,P04,T03,177527.19
2026-01-20,M033,P01,T01,302864.34
2026-01-20,M034,P02,T03,246158.12
2026-01-20,M035,P03,T01,284149.61
2026-01-20,M036,P04,T03,146410.7
2026-01-20,M037,P01,T01,255767.24
2026-01-20,M038,P02,T03,210759.63
2026-01-20,M039,P03,T01,262950.37
2026-01-20,M040,P04,T03,187164.15
2026-01-20,M041,P01,T01,339671.76
2026-01-20,M042,P02,T03,297835.09
2026-01-20,M043,P03,T01,207114.95
2026-01-20,M044,P04,T03,190449.86
2026-01-20,M045,P01,T01,334302.41
2026-01-20,M046,P02,T03,256327.33
2026-01-20,M047,P03,T01,263602.76
2026-01-20,M048,P04,T03,216897.69
2026-01-21,M001,P02,T02,98198.22
2026-01-21,M002,P03,T04,83274.9
2026-01-21,M003,P04,T02,113032.05
2026-01-21,M004,P01,T04,122910.22
2026-01-21,M005,P02,T02,171038.91
2026-01-21,M006,P03,T04,133048.28
2026-01-21,M007,P04,T02,175846.59
2026-01-21,M008,P01,T04,102399.36
2026-01-21,M009,P02,T02,156773.18
2026-01-21,M010,P03,T04,116354.48
2026-01-21,M011,P04,T02,161060.0
2026-01-21,M012,P01,T04,157406.1
2026-01-21,M013,P02,T02,238983.14
2026-01-21,M014,P03,T04,171667.55
2026-01-21,M015,P04,T02,135103.11
2026-01-21,M016,P01,T04,156850.21
2026-01-21,M017,P02,T02,208825.65
2026-01-21,M018,P03,T04,137041.88
2026-01-21,M019,P04,T02,198938.63
2026-01-21,M020,P01,T04,208053.89
2026-01-21,M021,P02,T02,260582.58
2026-01-21,M022,P03,T04,130327.18
2026-01-21,M023,P04,T02,176156.38
2026-01-21,M024,P01,T04,176373.41
2026-01-21,M025,P02,T02,234687.62
2026-01-21,M026,P03,T04,169580.93
2026-01-21,M027,P04,T02,242401.02
2026-01-21,M028,P01,T04,258393.06
2026-01-21,M029,P02,T02,227644.79
2026-01-21,M030,P03,T04,160138.35
2026-01-21,M031,P04,T02,190498.12
2026-01-21,M032,P01,T04,207637.64
2026-01-21,M033,P02,T02,303996.14
2026-01-21,M034,P03,T04,198100.0
2026-01-21,M035,P04,T02,275934.35
2026-01-21,M036,P01,T04,210684.97
2026-01-21,M037,P02,T02,279257.98
2026-01-21,M038,P03,T04,179311.95
2026-01-21,M039,P04,T02,256241.8
2026-01-21,M040,P01,T04,275604.23
2026-01-21,M041,P02,T02,356309.43
2026-01-21,M042,P03,T04,221765.3
2026-01-21,M043,P04,T02,230714.24
2026-01-21,M044,P01,T04,223986.2
2026-01-21,M045,P02,T02,282093.71
2026-01-21,M046,P03,T04,204222.58
2026-01-21,M047,P04,T02,288481.62
2026-01-21,M048,P01,T04,317865.29
2026-01-22,M001,P03,T03,59297.76
2026-01-22,M002,P04,T01,121195.73
2026-01-22,M003,P01,T03,106219.73
2026-01-22,M004,P02,T01,175353.51
2026-01-22,M005,P03,T03,93029.58
2026-01-22,M006,P04,T01,189416.56
2026-01-22,M007,P01,T03,158706.62
2026-01-22,M008,P02,T01,149920.61
2026-01-22,M009,P03,T03,83852.32
2026-01-22,M010,P04,T01,163526.6
2026-01-22,M011,P01,T03,133373.34
2026-01-22,M012,P02,T01,231557.1
2026-01-22,M013,P03,T03,132707.61
2026-01-22,M014,P04,T01,236546.09
2026-01-22,M015,P01,T03,113438.16
2026-01-22,M016,P02,T01,213968.05
2026-01-22,M017,P03,T03,104030.84
2026-01-22,M018,P04,T01,195320.47
2026-01-22,M019,P01,T03,153058.28
2026-01-22,M020,P02,T01,315440.34
2026-01-22,M021,P03,T03,143579.42
2026-01-22,M022,P04,T01,190109.88
2026-01-22,M023,P01,T03,141761.02
2026-01-22,M024,P02,T01,258862.84
2026-01-22,M025,P03,T03,130143.44
2026-01-22,M026,P04,T01,247418.45
2026-01-22,M027,P01,T03,200251.23
2026-01-22,M028,P02,T01,349894.73
2026-01-22,M029,P03,T03,111992.35
2026-01-22,M030,P04,T01,235901.72
2026-01-22,M031,P01,T03,184337.45
2026-01-22,M032,P02,T01,305617.9
2026-01-22,M033,P03,T03,152924.81
2026-01-22,M034,P04,T01,308857.77
2026-01-22,M035,P01,T03,213811.74
2026-01-22,M036,P02,T01,288349.94
2026-01-22,M037,P03,T03,155504.37
2026-01-22,M038,P04,T01,262416.48
2026-01-22,M039,P01,T03,215920.56
2026-01-22,M040,P02,T01,341363.77
2026-01-22,M041,P03,T03,192092.45
2026-01-22,M042,P04,T01,324333.14
2026-01-22,M043,P01,T03,187903.96
2026-01-22,M044,P02,T01,310809.53
2026-01-22,M045,P03,T03,158803.22
2026-01-22,M046,P04,T01,324629.26
2026-01-22,M047,P01,T03,237460.58
2026-01-22,M048,P02,T01,396493.98
2026-01-23,M001,P04,T04,80500.73
2026-01-23,M002,P01,T02,103553.54
2026-01-23,M003,P02,T04,133526.78
2026-01-23,M004,P03,T02,107380.77
2026-01-23,M005,P04,T04,140944.06
2026-01-23,M006,P01,T02,173883.86
2026-01-23,M007,P02,T04,217658.23
2026-01-23,M008,P03,T02,90573.8
2026-01-23,M009,P04,T04,111488.62
2026-01-23,M010,P01,T02,155565.91
2026-01-23,M011,P02,T04,165611.81
2026-01-23,M012,P03,T02,158233.74
2026-01-23,M013,P04,T04,174124.86
2026-01-23,M014,P01,T02,217557.39
2026-01-23,M015,P02,T04,159731.66
2026-01-23,M016,P03,T02,117522.65
2026-01-23,M017,P04,T04,150847.15
2026-01-23,M018,P01,T02,185561.17
2026-01-23,M019,P02,T04,227691.83
2026-01-23,M020,P03,T02,184108.46
2026-01-23,M021,P04,T04,201976.21
2026-01-23,M022,P01,T02,169160.79
2026-01-23,M023,P02,T04,180035.73
2026-01-23,M024,P03,T02,157845.23
2026-01-23,M025,P04,T04,197794.16
2026-01-23,M026,P01,T02,215293.95
2026-01-23,M027,P02,T04,254735.37
2026-01-23,M028,P03,T02,215645.96
2026-01-23,M029,P04,T04,157071.02
2026-01-23,M030,P01,T02,214615.85
2026-01-23,M031,P02,T04,243740.54
2026-01-23,M032,P03,T02,200342.7
2026-01-23,M033,P04,T04,233716.66
2026-01-23,M034,P01,T02,248418.34
2026-01-23,M035,P02,T04,323633.9
2026-01-23,M036,P03,T02,183778.32
2026-01-23,M037,P04,T04,199393.84
2026-01-23,M038,P01,T02,227277.77
2026-01-23,M039,P02,T04,257195.75
2026-01-23,M040,P03,T02,228695.14
2026-01-23,M041,P04,T04,268383.99
2026-01-23,M042,P01,T02,294754.11
2026-01-23,M043,P02,T04,238030.17
2026-01-23,M044,P03,T02,218796.78
2026-01-23,M045,P04,T04,240227.96
2026-01-23,M046,P01,T02,272071.37
2026-01-23,M047,P02,T04,329158.56
2026-01-23,M048,P03,T02,249430.73
2026-01-24,M001,P01,T01,103067.41
2026-01-24,M002,P02,T03,86640.31
2026-01-24,M003,P03,T01,104428.71
2026-01-24,M004,P04,T03,89634.59
2026-01-24,M005,P01,T01,171998.24
2026-01-24,M006,P02,T03,135377.06
2026-01-24,M007,P03,T01,175230.89
2026-01-24,M008,P04,T03,81188.32
2026-01-24,M009,P01,T01,141803.64
2026-01-24,M010,P02,T03,129543.68
2026-01-24,M011,P03,T01,139943.58
2026-01-24,M012,P04,T03,119439.75
2026-01-24,M013,P01,T01,201114.86
2026-01-24,M014,P02,T03,171827.2
2026-01-24,M015,P03,T01,118129.57
2026-01-24,M016,P04,T03,97611.69
2026-01-24,M017,P01,T01,182426.63
2026-01-24,M018,P02,T03,143296.07
2026-01-24,M019,P03,T01,185974.53
2026-01-24,M020,P04,T03,154458.29
2026-01-24,M021,P01,T01,238626.78
2026-01-24,M022,P02,T03,129451.28
2026-01-24,M023,P03,T01,156957.0
2026-01-24,M024,P04,T03,136520.76
2026-01-24,M025,P01,T01,224751.94
2026-01-24,M026,P02,T03,173133.49
2026-01-24,M027,P03,T01,209686.31
2026-01-24,M028,P04,T03,185766.87
2026-01-24,M029,P01,T01,200456.36
2026-01-24,M030,P02,T03,177229.21
2026-01-24,M031,P03,T01,196093.02
2026-01-24,M032,P04,T03,165008.17
2026-01-24,M033,P01,T01,262958.18
2026-01-24,M034,P02,T03,204910.33
2026-01-24,M035,P03,T01,233771.59
2026-01-24,M036,P04,T03,146967.32
2026-01-24,M037,P01,T01,245496.48
2026-01-24,M038,P02,T03,190131.32
2026-01-24,M039,P03,T01,209666.63
2026-01-24,M040,P04,T03,181635.7
2026-01-24,M041,P01,T01,304275.68
2026-01-24,M042,P02,T03,231778.99
2026-01-24,M043,P03,T01,205720.98
2026-01-24,M044,P04,T03,178131.74
2026-01-24,M045,P01,T01,297702.58
2026-01-24,M046,P02,T03,236836.07
2026-01-24,M047,P03,T01,262299.81
2026-01-24,M048,P04,T03,201816.96
2026-01-25,M001,P02,T02,91364.84
2026-01-25,M002,P03,T04,75955.51
2026-01-25,M003,P04,T02,105456.93
2026-01-25,M004,P01,T04,129682.66
2026-01-25,M005,P02,T02,156843.0
2026-01-25,M006,P03,T04,124303.95
2026-01-25,M007,P04,T02,159205.65
2026-01-25,M008,P01,T04,101925.77
2026-01-25,M009,P02,T02,126444.97
2026-01-25,M010,P03,T04,97317.54
2026-01-25,M011,P04,T02,148625.58
2026-01-25,M012,P01,T04,143728.73
2026-01-25,M013,P02,T02,198612.04
2026-01-25,M014,P03,T04,137279.28
2026-01-25,M015,P04,T02,111334.25
2026-01-25,M016,P01,T04,139234.47
2026-01-25,M017,P02,T02,188026.22
2026-01-25,M018,P03,T04,125229.87
2026-01-25,M019,P04,T02,179485.25
2026-01-25,M020,P01,T04,188507.67
2026-01-25,M021,P02,T02,248438.36
2026-01-25,M022,P03,T04,114855.16
2026-01-25,M023,P04,T02,147867.59
2026-01-25,M024,P01,T04,176300.31
2026-01-25,M025,P02,T02,217317.64
2026-01-25,M026,P03,T04,162713.39
2026-01-25,M027,P04,T02,197366.5
2026-01-25,M028,P01,T04,227417.23
2026-01-25,M029,P02,T02,196851.35
2026-01-25,M030,P03,T04,139689.73
2026-01-25,M031,P04,T02,196285.99
2026-01-25,M032,P01,T04,197919.49
2026-01-25,M033,P02,T02,261692.99
2026-01-25,M034,P03,T04,184082.57
2026-01-25,M035,P04,T02,245423.61
2026-01-25,M036,P01,T04,174021.93
2026-01-25,M037,P02,T02,220533.33
2026-01-25,M038,P03,T04,170496.65
2026-01-25,M039,P04,T02,231609.08
2026-01-25,M040,P01,T04,246759.47
2026-01-25,M041,P02,T02,296536.48
2026-01-25,M042,P03,T04,221418.85
2026-01-25,M043,P04,T02,212121.19
2026-01-25,M044,P01,T04,198692.69
2026-01-25,M045,P02,T02,293058.09
2026-01-25,M046,P03,T04,189585.05
2026-01-25,M047,P04,T02,235092.72
2026-01-25,M048,P01,T04,260104.94
2026-01-26,M001,P03,T03,62782.99
2026-01-26,M002,P04,T01,114020.91
2026-01-26,M003,P01,T03,100646.28
2026-01-26,M004,P02,T01,177101.09
2026-01-26,M005,P03,T03,93743.72
2026-01-26,M006,P04,T01,191664.89
2026-01-26,M007,P01,T03,152143.05
2026-01-26,M008,P02,T01,154276.1
2026-01-26,M009,P03,T03,79451.54
2026-01-26,M010,P04,T01,169522.58
2026-01-26,M011,P01,T03,124228.76
2026-01-26,M012,P02,T01,253782.28
2026-01-26,M013,P03,T03,130456.42
2026-01-26,M014,P04,T01,230423.48
2026-01-26,M015,P01,T03,110363.9
2026-01-26,M016,P02,T01,218599.31
2026-01-26,M017,P03,T03,109719.51
2026-01-26,M018,P04,T01,220576.93
2026-01-26,M019,P01,T03,153777.03
2026-01-26,M020,P02,T01,294228.89
2026-01-26,M021,P03,T03,162366.3
2026-01-26,M022,P04,T01,172604.11
2026-01-26,M023,P01,T03,139897.89
2026-01-26,M024,P02,T01,255736.65
2026-01-26,M025,P03,T03,129317.1
2026-01-26,M026,P04,T01,255809.66
2026-01-26,M027,P01,T03,191380.35
2026-01-26,M028,P02,T01,344264.65
2026-01-26,M029,P03,T03,114829.46
2026-01-26,M030,P04,T01,235155.25
2026-01-26,M031,P01,T03,183664.0
2026-01-26,M032,P02,T01,301481.66
2026-01-26,M033,P03,T03,166372.07
2026-01-26,M034,P04,T01,287646.55
2026-01-26,M035,P01,T03,221088.12
2026-01-26,M036,P02,T01,300266.34
2026-01-26,M037,P03,T03,145596.61
2026-01-26,M038,P04,T01,257566.98
2026-01-26,M039,P01,T03,219121.95
2026-01-26,M040,P02,T01,392305.41
2026-01-26,M041,P03,T03,183904.29
2026-01-26,M042,P04,T01,343410.65
2026-01-26,M043,P01,T03,180217.51
2026-01-26,M044,P02,T01,321970.94
2026-01-26,M045,P03,T03,181234.47
2026-01-26,M046,P04,T01,296157.46
2026-01-26,M047,P01,T03,229283.12
2026-01-26,M048,P02,T01,390716.91
2026-01-27,M001,P04,T04,76078.29
2026-01-27,M002,P01,T02,116283.27
2026-01-27,M003,P02,T04,125169.6
2026-01-27,M004,P03,T02,111885.2
2026-01-27,M005,P04,T04,129532.61
2026-01-27,M006,P01,T02,163340.99
2026-01-27,M007,P02,T04,200603.13
2026-01-27,M008,P03,T02,99820.53
2026-01-27,M009,P04,T04,110080.74
2026-01-27,M010,P01,T02,139101.38
2026-01-27,M011,P02,T04,163462.63
2026-01-27,M012,P03,T02,137146.67
2026-01-27,M013,P04,T04,181567.2
2026-01-27,M014,P01,T02,209102.41
2026-01-27,M015,P02,T04,152613.77
2026-01-27,M016,P03,T02,132870.81
2026-01-27,M017,P04,T04,163141.97
2026-01-27,M018,P01,T02,176918.28
2026-01-27,M019,P02,T04,225126.96
2026-01-27,M020,P03,T02,176505.9
2026-01-27,M021,P04,T04,208320.63
2026-01-27,M022,P01,T02,159475.14
2026-01-27,M023,P02,T04,182284.62
2026-01-27,M024,P03,T02,161510.15
2026-01-27,M025,P04,T04,184374.71
2026-01-27,M026,P01,T02,234772.96
2026-01-27,M027,P02,T04,278383.71
2026-01-27,M028,P03,T02,208298.13
2026-01-27,M029,P04,T04,157439.14
2026-01-27,M030,P01,T02,202393.11
2026-01-27,M031,P02,T04,218420.02
2026-01-27,M032,P03,T02,181473.3
2026-01-27,M033,P04,T04,238223.93
2026-01-27,M034,P01,T02,249782.66
2026-01-27,M035,P02,T04,323073.88
2026-01-27,M036,P03,T02,174730.06
2026-01-27,M037,P04,T04,189898.75
2026-01-27,M038,P01,T02,245600.3
2026-01-27,M039,P02,T04,286338.34
2026-01-27,M040,P03,T02,208633.29
2026-01-27,M041,P04,T04,246744.34
2026-01-27,M042,P01,T02,327034.3
2026-01-27,M043,P02,T04,247790.75
2026-01-27,M044,P03,T02,215799.3
2026-01-27,M045,P04,T04,243300.41
2026-01-27,M046,P01,T02,287341.27
2026-01-27,M047,P02,T04,303383.21
2026-01-27,M048,P03,T02,257960.31
2026-01-28,M001,P01,T01,114577.41
2026-01-28,M002,P02,T03,92098.39
2026-01-28,M003,P03,T01,111560.63
2026-01-28,M004,P04,T03,103934.81
2026-01-28,M005,P01,T01,172603.77
2026-01-28,M006,P02,T03,157863.21
2026-01-28,M007,P03,T01,192134.83
2026-01-28,M008,P04,T03,88544.14
2026-01-28,M009,P01,T01,151479.99
2026-01-28,M010,P02,T03,125754.31
2026-01-28,M011,P03,T01,165658.86
2026-01-28,M012,P04,T03,123780.48
2026-01-28,M013,P01,T01,238633.05
2026-01-28,M014,P02,T03,197048.98
2026-01-28,M015,P03,T01,129389.73
2026-01-28,M016,P04,T03,117265.29
2026-01-28,M017,P01,T01,202043.59
2026-01-28,M018,P02,T03,170154.43
2026-01-28,M019,P03,T01,187105.55
2026-01-28,M020,P04,T03,171840.84
2026-01-28,M021,P01,T01,291884.31
2026-01-28,M022,P02,T03,139739.46
2026-01-28,M023,P03,T01,180637.36
2026-01-28,M024,P04,T03,148503.87
2026-01-28,M025,P01,T01,233308.04
2026-01-28,M026,P02,T03,205800.01
2026-01-28,M027,P03,T01,231623.54
2026-01-28,M028,P04,T03,199467.94
2026-01-28,M029,P01,T01,234371.65
2026-01-28,M030,P02,T03,188443.6
2026-01-28,M031,P03,T01,212127.98
2026-01-28,M032,P04,T03,183081.92
2026-01-28,M033,P01,T01,292258.61
2026-01-28,M034,P02,T03,222991.73
2026-01-28,M035,P03,T01,273503.11
2026-01-28,M036,P04,T03,155852.22
2026-01-28,M037,P01,T01,248111.53
2026-01-28,M038,P02,T03,216225.94
2026-01-28,M039,P03,T01,235549.68
2026-01-28,M040,P04,T03,212485.17
2026-01-28,M041,P01,T01,318868.95
2026-01-28,M042,P02,T03,274510.74
2026-01-28,M043,P03,T01,232743.25
2026-01-28,M044,P04,T03,170639.86
2026-01-28,M045,P01,T01,332963.77
2026-01-28,M046,P02,T03,245368.4
2026-01-28,M047,P03,T01,299879.51
2026-01-28,M048,P04,T03,230422.37
2026-01-29,M001,P02,T02,113206.91
2026-01-29,M002,P03,T04,85142.7
2026-01-29,M003,P04,T02,112024.11
2026-01-29,M004,P01,T04,126439.95
2026-01-29,M005,P02,T02,193129.54
2026-01-29,M006,P03,T04,130858.43
2026-01-29,M007,P04,T02,174209.07
2026-01-29,M008,P01,T04,104594.06
2026-01-29,M009,P02,T02,141238.95
2026-01-29,M010,P03,T04,109687.29
2026-01-29,M011,P04,T02,152892.92
2026-01-29,M012,P01,T04,178509.63
2026-01-29,M013,P02,T02,234230.52
2026-01-29,M014,P03,T04,162915.28
2026-01-29,M015,P04,T02,129622.85
2026-01-29,M016,P01,T04,137567.09
2026-01-29,M017,P02,T02,185659.19
2026-01-29,M018,P03,T04,140831.21
2026-01-29,M019,P04,T02,176972.51
2026-01-29,M020,P01,T04,196638.21
2026-01-29,M021,P02,T02,266697.92
2026-01-29,M022,P03,T04,132645.29
2026-01-29,M023,P04,T02,178553.78
2026-01-29,M024,P01,T04,173708.28
2026-01-29,M025,P02,T02,252405.56
2026-01-29,M026,P03,T04,166746.58
2026-01-29,M027,P04,T02,235970.73
2026-01-29,M028,P01,T04,233227.26
2026-01-29,M029,P02,T02,219750.05
2026-01-29,M030,P03,T04,161884.96
2026-01-29,M031,P04,T02,210744.89
2026-01-29,M032,P01,T04,218910.05
2026-01-29,M033,P02,T02,271096.66
2026-01-29,M034,P03,T04,217896.89
2026-01-29,M035,P04,T02,262249.66
2026-01-29,M036,P01,T04,184516.66
2026-01-29,M037,P02,T02,264046.97
2026-01-29,M038,P03,T04,182436.51
2026-01-29,M039,P04,T02,232594.49
2026-01-29,M040,P01,T04,258431.13
2026-01-29,M041,P02,T02,307772.13
2026-01-29,M042,P03,T04,230804.73
2026-01-29,M043,P04,T02,232214.85
2026-01-29,M044,P01,T04,223294.15
2026-01-29,M045,P02,T02,320705.48
2026-01-29,M046,P03,T04,205562.85
2026-01-29,M047,P04,T02,263772.32
2026-01-29,M048,P01,T04,275481.7
2026-01-30,M001,P03,T03,58028.79
2026-01-30,M002,P04,T01,109551.78
2026-01-30,M003,P01,T03,105192.94
2026-01-30,M004,P02,T01,184516.64
2026-01-30,M005,P03,T03,99712.47
2026-01-30,M006,P04,T01,190575.51
2026-01-30,M007,P01,T03,155571.58
2026-01-30,M008,P02,T01,159201.74
2026-01-30,M009,P03,T03,83961.97
2026-01-30,M010,P04,T01,168590.88
2026-01-30,M011,P01,T03,134979.93
2026-01-30,M012,P02,T01,250594.26
2026-01-30,M013,P03,T03,117227.61
2026-01-30,M014,P04,T01,236492.86
2026-01-30,M015,P01,T03,118854.49
2026-01-30,M016,P02,T01,223580.83
2026-01-30,M017,P03,T03,114917.35
2026-01-30,M018,P04,T01,210821.82
2026-01-30,M019,P01,T03,170264.97
2026-01-30,M020,P02,T01,270803.28
2026-01-30,M021,P03,T03,154861.18
2026-01-30,M022,P04,T01,169970.84
2026-01-30,M023,P01,T03,146571.27
2026-01-30,M024,P02,T01,259559.27
2026-01-30,M025,P03,T03,125322.92
2026-01-30,M026,P04,T01,239737.24
2026-01-30,M027,P01,T03,191042.41
2026-01-30,M028,P02,T01,341256.23
2026-01-30,M029,P03,T03,126370.84
2026-01-30,M030,P04,T01,217038.07
2026-01-30,M031,P01,T03,171007.7
2026-01-30,M032,P02,T01,334413.2
2026-01-30,M033,P03,T03,170327.34
2026-01-30,M034,P04,T01,298812.55
2026-01-30,M035,P01,T03,229305.04
2026-01-30,M036,P02,T01,284220.38
2026-01-30,M037,P03,T03,156451.06
2026-01-30,M038,P04,T01,276348.31
2026-01-30,M039,P01,T03,215362.31
2026-01-30,M040,P02,T01,385726.84
2026-01-30,M041,P03,T03,181901.59
2026-01-30,M042,P04,T01,322013.62
2026-01-30,M043,P01,T03,170156.58
2026-01-30,M044,P02,T01,311214.86
2026-01-30,M045,P03,T03,183769.13
2026-01-30,M046,P04,T01,305066.35
2026-01-30,M047,P01,T03,226844.07
2026-01-30,M048,P02,T01,408135.7
2026-01-31,M001,P04,T04,75496.24
2026-01-31,M002,P01,T02,92885.4
2026-01-31,M003,P02,T04,123042.56
2026-01-31,M004,P03,T02,96593.71
2026-01-31,M005,P04,T04,123098.23
2026-01-31,M006,P01,T02,165345.98
2026-01-31,M007,P02,T04,197312.94
2026-01-31,M008,P03,T02,91233.54
2026-01-31,M009,P04,T04,100175.88
2026-01-31,M010,P01,T02,139197.32
2026-01-31,M011,P02,T04,165897.96
2026-01-31,M012,P03,T02,140099.7
2026-01-31,M013,P04,T04,163825.61
2026-01-31,M014,P01,T02,187344.77
2026-01-31,M015,P02,T04,133051.8
2026-01-31,M016,P03,T02,115728.34
2026-01-31,M017,P04,T04,125925.55
2026-01-31,M018,P01,T02,181551.84
2026-01-31,M019,P02,T04,202330.85
2026-01-31,M020,P03,T02,162073.68
2026-01-31,M021,P04,T04,174347.73
2026-01-31,M022,P01,T02,151312.84
2026-01-31,M023,P02,T04,184033.62
2026-01-31,M024,P03,T02,151442.99
2026-01-31,M025,P04,T04,168535.26
2026-01-31,M026,P01,T02,222320.58
2026-01-31,M027,P02,T04,238356.73
2026-01-31,M028,P03,T02,198536.2
2026-01-31,M029,P04,T04,140894.76
2026-01-31,M030,P01,T02,187861.84
2026-01-31,M031,P02,T04,217679.61
2026-01-31,M032,P03,T02,174297.09
2026-01-31,M033,P04,T04,196812.86
2026-01-31,M034,P01,T02,259478.16
2026-01-31,M035,P02,T04,274677.65
2026-01-31,M036,P03,T02,147558.13
2026-01-31,M037,P04,T04,177408.63
2026-01-31,M038,P01,T02,231506.52
2026-01-31,M039,P02,T04,265301.19
2026-01-31,M040,P03,T02,201660.36
2026-01-31,M041,P04,T04,217700.52
2026-01-31,M042,P01,T02,261047.7
2026-01-31,M043,P02,T04,216859.9
2026-01-31,M044,P03,T02,180675.85
2026-01-31,M045,P04,T04,213064.01
2026-01-31,M046,P01,T02,252711.2
2026-01-31,M047,P02,T04,291545.22
2026-01-31,M048,P03,T02,221347.61
2026-02-01,M001,P02,T02,95554.43
2026-02-01,M002,P03,T04,83620.8
2026-02-01,M003,P04,T02,116692.31
2026-02-01,M004,P01,T04,127444.24
2026-02-01,M005,P02,T02,173497.69
2026-02-01,M006,P03,T04,131072.95
2026-02-01,M007,P04,T02,167747.38
2026-02-01,M008,P01,T04,97879.38
2026-02-01,M009,P02,T02,148658.52
2026-02-01,M010,P03,T04,112940.57
2026-02-01,M011,P04,T02,135301.14
2026-02-01,M012,P01,T04,169112.18
2026-02-01,M013,P02,T02,227701.26
2026-02-01,M014,P03,T04,157204.41
2026-02-01,M015,P04,T02,121793.11
2026-02-01,M016,P01,T04,148224.25
2026-02-01,M017,P02,T02,198196.7
2026-02-01,M018,P03,T04,137626.37
2026-02-01,M019,P04,T02,184905.26
2026-02-01,M020,P01,T04,183522.16
2026-02-01,M021,P02,T02,267549.7
2026-02-01,M022,P03,T04,121302.15
2026-02-01,M023,P04,T02,152328.24
2026-02-01,M024,P01,T04,183735.55
2026-02-01,M025,P02,T02,242936.62
2026-02-01,M026,P03,T04,172312.93
2026-02-01,M027,P04,T02,225162.79
2026-02-01,M028,P01,T04,236599.36
2026-02-01,M029,P02,T02,204376.37
2026-02-01,M030,P03,T04,136911.39
2026-02-01,M031,P04,T02,180153.87
2026-02-01,M032,P01,T04,211395.42
2026-02-01,M033,P02,T02,280152.98
2026-02-01,M034,P03,T04,196929.42
2026-02-01,M035,P04,T02,263629.63
2026-02-01,M036,P01,T04,187161.4
2026-02-01,M037,P02,T02,257658.35
2026-02-01,M038,P03,T04,176789.62
2026-02-01,M039,P04,T02,243681.61
2026-02-01,M040,P01,T04,237365.64
2026-02-01,M041,P02,T02,331913.61
2026-02-01,M042,P03,T04,208416.56
2026-02-01,M043,P04,T02,191641.43
2026-02-01,M044,P01,T04,205443.43
2026-02-01,M045,P02,T02,269198.11
2026-02-01,M046,P03,T04,213271.52
2026-02-01,M047,P04,T02,259458.23
2026-02-01,M048,P01,T04,290547.84
2026-02-02,M001,P03,T03,62959.19
2026-02-02,M002,P04,T01,120581.55
2026-02-02,M003,P01,T03,110080.94
2026-02-02,M004,P02,T01,206499.46
2026-02-02,M005,P03,T03,108096.31
2026-02-02,M006,P04,T01,195843.72
2026-02-02,M007,P01,T03,153128.81
2026-02-02,M008,P02,T01,168510.31
2026-02-02,M009,P03,T03,92148.04
2026-02-02,M010,P04,T01,169045.36
2026-02-02,M011,P01,T03,136606.19
2026-02-02,M012,P02,T01,240597.67
2026-02-02,M013,P03,T03,123770.51
2026-02-02,M014,P04,T01,256337.17
2026-02-02,M015,P01,T03,117301.33
2026-02-02,M016,P02,T01,216020.87
2026-02-02,M017,P03,T03,121223.63
2026-02-02,M018,P04,T01,204569.57
2026-02-02,M019,P01,T03,168208.71
2026-02-02,M020,P02,T01,285149.11
2026-02-02,M021,P03,T03,146217.64
2026-02-02,M022,P04,T01,193002.99
2026-02-02,M023,P01,T03,141470.04
2026-02-02,M024,P02,T01,260805.24
2026-02-02,M025,P03,T03,129644.17
2026-02-02,M026,P04,T01,241803.39
2026-02-02,M027,P01,T03,188159.26
2026-02-02,M028,P02,T01,354459.07
2026-02-02,M029,P03,T03,126510.72
2026-02-02,M030,P04,T01,240413.46
2026-02-02,M031,P01,T03,184501.82
2026-02-02,M032,P02,T01,335909.21
2026-02-02,M033,P03,T03,164795.59
2026-02-02,M034,P04,T01,311740.2
2026-02-02,M035,P01,T03,235224.36
2026-02-02,M036,P02,T01,277695.85
2026-02-02,M037,P03,T03,139093.19
2026-02-02,M038,P04,T01,265388.03
2026-02-02,M039,P01,T03,211767.38
2026-02-02,M040,P02,T01,361398.97
2026-02-02,M041,P03,T03,194101.29
2026-02-02,M042,P04,T01,357244.97
2026-02-02,M043,P01,T03,181449.61
2026-02-02,M044,P02,T01,319245.97
2026-02-02,M045,P03,T03,180131.23
2026-02-02,M046,P04,T01,314882.32
2026-02-02,M047,P01,T03,255527.5
2026-02-02,M048,P02,T01,451766.47
2026-02-03,M001,P04,T04,86559.5
2026-02-03,M002,P01,T02,114252.96
2026-02-03,M003,P02,T04,134010.43
2026-02-03,M004,P03,T02,116779.72
2026-02-03,M005,P04,T04,154284.88
2026-02-03,M006,P01,T02,190252.93
2026-02-03,M007,P02,T04,198855.45
2026-02-03,M008,P03,T02,92917.27
2026-02-03,M009,P04,T04,111828.08
2026-02-03,M010,P01,T02,155744.45
2026-02-03,M011,P02,T04,188895.08
2026-02-03,M012,P03,T02,142781.38
2026-02-03,M013,P04,T04,180515.47
2026-02-03,M014,P01,T02,214816.75
2026-02-03,M015,P02,T04,147211.7
2026-02-03,M016,P03,T02,140789.68
2026-02-03,M017,P04,T04,152148.48
2026-02-03,M018,P01,T02,187313.22
2026-02-03,M019,P02,T04,243814.58
2026-02-03,M020,P03,T02,185451.84
2026-02-03,M021,P04,T04,207394.46
2026-02-03,M022,P01,T02,157856.35
2026-02-03,M023,P02,T04,193379.17
2026-02-03,M024,P03,T02,161124.63
2026-02-03,M025,P04,T04,187840.86
2026-02-03,M026,P01,T02,225516.58
2026-02-03,M027,P02,T04,289300.81
2026-02-03,M028,P03,T02,214599.79
2026-02-03,M029,P04,T04,182054.22
2026-02-03,M030,P01,T02,197684.11
2026-02-03,M031,P02,T04,225768.89
2026-02-03,M032,P03,T02,210003.53
2026-02-03,M033,P04,T04,242784.91
2026-02-03,M034,P01,T02,294318.22
2026-02-03,M035,P02,T04,304518.73
2026-02-03,M036,P03,T02,176957.49
2026-02-03,M037,P04,T04,199438.59
2026-02-03,M038,P01,T02,266869.06
2026-02-03,M039,P02,T04,293969.34
2026-02-03,M040,P03,T02,217863.71
2026-02-03,M041,P04,T04,269606.06
2026-02-03,M042,P01,T02,344559.89
2026-02-03,M043,P02,T04,242063.88
2026-02-03,M044,P03,T02,215239.53
2026-02-03,M045,P04,T04,248541.41
2026-02-03,M046,P01,T02,307432.43
2026-02-03,M047,P02,T04,335584.99
2026-02-03,M048,P03,T02,269504.95
2026-02-04,M001,P01,T01,114869.02
2026-02-04,M002,P02,T03,97709.85
2026-02-04,M003,P03,T01,120678.94
2026-02-04,M004,P04,T03,105609.06
2026-02-04,M005,P01,T01,187879.02
2026-02-04,M006,P02,T03,162743.12
2026-02-04,M007,P03,T01,175142.83
2026-02-04,M008,P04,T03,94298.01
2026-02-04,M009,P01,T01,147484.92
2026-02-04,M010,P02,T03,133507.5
2026-02-04,M011,P03,T01,149554.23
2026-02-04,M012,P04,T03,146219.48
2026-02-04,M013,P01,T01,238443.95
2026-02-04,M014,P02,T03,186722.3
2026-02-04,M015,P03,T01,127424.98
2026-02-04,M016,P04,T03,128193.01
2026-02-04,M017,P01,T01,218083.92
2026-02-04,M018,P02,T03,170721.98
2026-02-04,M019,P03,T01,215186.38
2026-02-04,M020,P04,T03,173239.17
2026-02-04,M021,P01,T01,266216.96
2026-02-04,M022,P02,T03,158318.48
2026-02-04,M023,P03,T01,163911.75
2026-02-04,M024,P04,T03,152038.45
2026-02-04,M025,P01,T01,249344.52
2026-02-04,M026,P02,T03,213379.49
2026-02-04,M027,P03,T01,241343.1
2026-02-04,M028,P04,T03,210604.45
2026-02-04,M029,P01,T01,231712.08
2026-02-04,M030,P02,T03,179983.31
2026-02-04,M031,P03,T01,222503.91
2026-02-04,M032,P04,T03,185343.27
2026-02-04,M033,P01,T01,306067.08
2026-02-04,M034,P02,T03,235257.92
2026-02-04,M035,P03,T01,269645.59
2026-02-04,M036,P04,T03,163740.62
2026-02-04,M037,P01,T01,286142.57
2026-02-04,M038,P02,T03,230872.49
2026-02-04,M039,P03,T01,250759.97
2026-02-04,M040,P04,T03,201461.54
2026-02-04,M041,P01,T01,363855.63
2026-02-04,M042,P02,T03,308788.48
2026-02-04,M043,P03,T01,211808.57
2026-02-04,M044,P04,T03,185997.63
2026-02-04,M045,P01,T01,301767.28
2026-02-04,M046,P02,T03,256939.12
2026-02-04,M047,P03,T01,285368.5
2026-02-04,M048,P04,T03,245447.7
2026-02-05,M001,P02,T02,107485.03
2026-02-05,M002,P03,T04,84556.99
2026-02-05,M003,P04,T02,130598.64
2026-02-05,M004,P01,T04,142915.49
2026-02-05,M005,P02,T02,186719.05
2026-02-05,M006,P03,T04,129784.06
2026-02-05,M007,P04,T02,197107.01
2026-02-05,M008,P01,T04,114627.82
2026-02-05,M009,P02,T02,145123.9
2026-02-05,M010,P03,T04,124901.94
2026-02-05,M011,P04,T02,158854.3
2026-02-05,M012,P01,T04,167859.9
2026-02-05,M013,P02,T02,225296.63
2026-02-05,M014,P03,T04,169101.41
2026-02-05,M015,P04,T02,140525.78
2026-02-05,M016,P01,T04,143317.53
2026-02-05,M017,P02,T02,193084.62
2026-02-05,M018,P03,T04,147905.49
2026-02-05,M019,P04,T02,201796.5
2026-02-05,M020,P01,T04,226258.55
2026-02-05,M021,P02,T02,278646.94
2026-02-05,M022,P03,T04,130553.3
2026-02-05,M023,P04,T02,170489.75
2026-02-05,M024,P01,T04,198951.43
2026-02-05,M025,P02,T02,270218.42
2026-02-05,M026,P03,T04,181844.79
2026-02-05,M027,P04,T02,244625.53
2026-02-05,M028,P01,T04,238134.28
2026-02-05,M029,P02,T02,220937.79
2026-02-05,M030,P03,T04,149124.1
2026-02-05,M031,P04,T02,212279.56
2026-02-05,M032,P01,T04,219768.64
2026-02-05,M033,P02,T02,307116.43
2026-02-05,M034,P03,T04,195186.09
2026-02-05,M035,P04,T02,272320.25
2026-02-05,M036,P01,T04,194918.35
2026-02-05,M037,P02,T02,247896.55
2026-02-05,M038,P03,T04,201901.28
2026-02-05,M039,P04,T02,269729.89
2026-02-05,M040,P01,T04,284595.24
2026-02-05,M041,P02,T02,318308.95
2026-02-05,M042,P03,T04,236691.51
2026-02-05,M043,P04,T02,233635.8
2026-02-05,M044,P01,T04,245631.41
2026-02-05,M045,P02,T02,335315.64
2026-02-05,M046,P03,T04,216687.31
2026-02-05,M047,P04,T02,312234.0
2026-02-05,M048,P01,T04,321516.33
2026-02-06,M001,P03,T03,65527.25
2026-02-06,M002,P04,T01,115087.83
2026-02-06,M003,P01,T03,99227.33
2026-02-06,M004,P02,T01,199498.23
2026-02-06,M005,P03,T03,96282.13
2026-02-06,M006,P04,T01,209419.93
2026-02-06,M007,P01,T03,151215.92
2026-02-06,M008,P02,T01,159729.59
2026-02-06,M009,P03,T03,85204.1
2026-02-06,M010,P04,T01,170314.59
2026-02-06,M011,P01,T03,144505.1
2026-02-06,M012,P02,T01,243825.02
2026-02-06,M013,P03,T03,131984.21
2026-02-06,M014,P04,T01,226846.05
2026-02-06,M015,P01,T03,118341.97
2026-02-06,M016,P02,T01,201040.92
2026-02-06,M017,P03,T03,107234.55
2026-02-06,M018,P04,T01,217504.8
2026-02-06,M019,P01,T03,172891.02
2026-02-06,M020,P02,T01,324979.7
2026-02-06,M021,P03,T03,159844.39
2026-02-06,M022,P04,T01,181920.76
2026-02-06,M023,P01,T03,138145.12
2026-02-06,M024,P02,T01,287538.1
2026-02-06,M025,P03,T03,145847.71
2026-02-06,M026,P04,T01,243414.15
2026-02-06,M027,P01,T03,185475.48
2026-02-06,M028,P02,T01,382113.5
2026-02-06,M029,P03,T03,116722.37
2026-02-06,M030,P04,T01,225914.67
2026-02-06,M031,P01,T03,170519.21
2026-02-06,M032,P02,T01,346331.57
2026-02-06,M033,P03,T03,161349.79
2026-02-06,M034,P04,T01,310054.17
2026-02-06,M035,P01,T03,230874.49
2026-02-06,M036,P02,T01,288170.92
2026-02-06,M037,P03,T03,148826.95
2026-02-06,M038,P04,T01,255843.93
2026-02-06,M039,P01,T03,221446.36
2026-02-06,M040,P02,T01,388503.02
2026-02-06,M041,P03,T03,207656.91
2026-02-06,M042,P04,T01,322210.26
2026-02-06,M043,P01,T03,179833.36
2026-02-06,M044,P02,T01,358479.05
2026-02-06,M045,P03,T03,176944.93
2026-02-06,M046,P04,T01,305587.1
2026-02-06,M047,P01,T03,257355.48
2026-02-06,M048,P02,T01,455902.39
2026-02-07,M001,P04,T04,79699.2
2026-02-07,M002,P01,T02,105567.2
2026-02-07,M003,P02,T04,125077.21
2026-02-07,M004,P03,T02,104165.17
2026-02-07,M005,P04,T04,136332.54
2026-02-07,M006,P01,T02,158872.46
2026-02-07,M007,P02,T04,203479.15
2026-02-07,M008,P03,T02,83962.71
2026-02-07,M009,P04,T04,105904.85
2026-02-07,M010,P01,T02,144310.25
2026-02-07,M011,P02,T04,170627.77
2026-02-07,M012,P03,T02,145751.79
2026-02-07,M013,P04,T04,164798.68
2026-02-07,M014,P01,T02,199069.72
2026-02-07,M015,P02,T04,135980.09
2026-02-07,M016,P03,T02,114605.55
2026-02-07,M017,P04,T04,138101.53
2026-02-07,M018,P01,T02,170939.2
2026-02-07,M019,P02,T04,216157.58
2026-02-07,M020,P03,T02,161825.99
2026-02-07,M021,P04,T04,208562.82
2026-02-07,M022,P01,T02,159098.47
2026-02-07,M023,P02,T04,173632.51
2026-02-07,M024,P03,T02,153240.41
2026-02-07,M025,P04,T04,174691.76
2026-02-07,M026,P01,T02,213958.31
2026-02-07,M027,P02,T04,230451.32
2026-02-07,M028,P03,T02,190211.43
2026-02-07,M029,P04,T04,163511.56
2026-02-07,M030,P01,T02,178406.48
2026-02-07,M031,P02,T04,227956.99
2026-02-07,M032,P03,T02,171670.76
2026-02-07,M033,P04,T04,190583.7
2026-02-07,M034,P01,T02,250760.03
2026-02-07,M035,P02,T04,268563.21
2026-02-07,M036,P03,T02,172121.81
2026-02-07,M037,P04,T04,174340.82
2026-02-07,M038,P01,T02,224585.8
2026-02-07,M039,P02,T04,249680.74
2026-02-07,M040,P03,T02,222584.54
2026-02-07,M041,P04,T04,251317.2
2026-02-07,M042,P01,T02,280051.3
2026-02-07,M043,P02,T04,248372.13
2026-02-07,M044,P03,T02,200447.11
2026-02-07,M045,P04,T04,216708.81
2026-02-07,M046,P01,T02,270702.59
2026-02-07,M047,P02,T04,290508.04
2026-02-07,M048,P03,T02,231076.25
2026-02-08,M001,P01,T01,105763.3
2026-02-08,M002,P02,T03,90175.84
2026-02-08,M003,P03,T01,107883.84
2026-02-08,M004,P04,T03,94185.87
2026-02-08,M005,P01,T01,165185.47
2026-02-08,M006,P02,T03,150317.36
2026-02-08,M007,P03,T01,171167.64
2026-02-08,M008,P04,T03,86233.49
2026-02-08,M009,P01,T01,139821.74
2026-02-08,M010,P02,T03,126514.3
2026-02-08,M011,P03,T01,150631.19
2026-02-08,M012,P04,T03,119681.81
2026-02-08,M013,P01,T01,215296.52
2026-02-08,M014,P02,T03,180586.33
2026-02-08,M015,P03,T01,120796.77
2026-02-08,M016,P04,T03,103412.98
2026-02-08,M017,P01,T01,179960.11
2026-02-08,M018,P02,T03,149306.76
2026-02-08,M019,P03,T01,192160.38
2026-02-08,M020,P04,T03,157772.65
2026-02-08,M021,P01,T01,254279.02
2026-02-08,M022,P02,T03,139491.92
2026-02-08,M023,P03,T01,155031.31
2026-02-08,M024,P04,T03,134746.4
2026-02-08,M025,P01,T01,226679.08
2026-02-08,M026,P02,T03,206984.82
2026-02-08,M027,P03,T01,231137.13
2026-02-08,M028,P04,T03,167714.39
2026-02-08,M029,P01,T01,218926.67
2026-02-08,M030,P02,T03,177327.12
2026-02-08,M031,P03,T01,178738.03
2026-02-08,M032,P04,T03,153896.23
2026-02-08,M033,P01,T01,293460.19
2026-02-08,M034,P02,T03,216368.95
2026-02-08,M035,P03,T01,237829.13
2026-02-08,M036,P04,T03,136844.79
2026-02-08,M037,P01,T01,246569.97
2026-02-08,M038,P02,T03,202753.51
2026-02-08,M039,P03,T01,242335.57
2026-02-08,M040,P04,T03,179431.0
2026-02-08,M041,P01,T01,293890.87
2026-02-08,M042,P02,T03,248093.84
2026-02-08,M043,P03,T01,198873.55
2026-02-08,M044,P04,T03,176939.27
2026-02-08,M045,P01,T01,299714.86
2026-02-08,M046,P02,T03,247459.06
2026-02-08,M047,P03,T01,269053.3
2026-02-08,M048,P04,T03,218237.81
2026-02-09,M001,P02,T02,114444.28
2026-02-09,M002,P03,T04,85757.1
2026-02-09,M003,P04,T02,114385.47
2026-02-09,M004,P01,T04,128110.11
2026-02-09,M005,P02,T02,175978.56
2026-02-09,M006,P03,T04,139539.82
2026-02-09,M007,P04,T02,177497.33
2026-02-09,M008,P01,T04,119051.22
2026-02-09,M009,P02,T02,164462.91
2026-02-09,M010,P03,T04,115469.72
2026-02-09,M011,P04,T02,152989.92
2026-02-09,M012,P01,T04,168994.12
2026-02-09,M013,P02,T02,241989.91
2026-02-09,M014,P03,T04,175552.57
2026-02-09,M015,P04,T02,130225.49
2026-02-09,M016,P01,T04,157878.54
2026-02-09,M017,P02,T02,202933.36
2026-02-09,M018,P03,T04,143343.21
2026-02-09,M019,P04,T02,213298.65
2026-02-09,M020,P01,T04,207719.12
2026-02-09,M021,P02,T02,297497.07
2026-02-09,M022,P03,T04,138736.26
2026-02-09,M023,P04,T02,173222.8
2026-02-09,M024,P01,T04,184942.55
2026-02-09,M025,P02,T02,251163.47
2026-02-09,M026,P03,T04,188520.14
2026-02-09,M027,P04,T02,250149.0
2026-02-09,M028,P01,T04,266698.91
2026-02-09,M029,P02,T02,206035.4
2026-02-09,M030,P03,T04,156358.13
2026-02-09,M031,P04,T02,208398.75
2026-02-09,M032,P01,T04,238075.29
2026-02-09,M033,P02,T02,275750.3
2026-02-09,M034,P03,T04,205478.85
2026-02-09,M035,P04,T02,277505.03
2026-02-09,M036,P01,T04,221152.96
2026-02-09,M037,P02,T02,283594.24
2026-02-09,M038,P03,T04,181684.74
2026-02-09,M039,P04,T02,240849.59
2026-02-09,M040,P01,T04,251834.92
2026-02-09,M041,P02,T02,329339.97
2026-02-09,M042,P03,T04,255317.34
2026-02-09,M043,P04,T02,238348.45
2026-02-09,M044,P01,T04,248666.41
2026-02-09,M045,P02,T02,317656.84
2026-02-09,M046,P03,T04,212751.72
2026-02-09,M047,P04,T02,293255.84
2026-02-09,M048,P01,T04,284903.45
2026-02-10,M001,P03,T03,59709.25
2026-02-10,M002,P04,T01,114271.79
2026-02-10,M003,P01,T03,100709.3
2026-02-10,M004,P02,T01,201552.27
2026-02-10,M005,P03,T03,110093.15
2026-02-10,M006,P04,T01,199460.12
2026-02-10,M007,P01,T03,151063.02
2026-02-10,M008,P02,T01,150960.02
2026-02-10,M009,P03,T03,88619.57
2026-02-10,M010,P04,T01,176141.16
2026-02-10,M011,P01,T03,136734.04
2026-02-10,M012,P02,T01,262117.59
2026-02-10,M013,P03,T03,121565.94
2026-02-10,M014,P04,T01,240204.51
2026-02-10,M015,P01,T03,112790.51
2026-02-10,M016,P02,T01,229792.49
2026-02-10,M017,P03,T03,106688.38
2026-02-10,M018,P04,T01,227676.75
2026-02-10,M019,P01,T03,159043.49
2026-02-10,M020,P02,T01,302062.19
2026-02-10,M021,P03,T03,146907.4
2026-02-10,M022,P04,T01,197270.8
2026-02-10,M023,P01,T03,146891.51
2026-02-10,M024,P02,T01,263003.9
2026-02-10,M025,P03,T03,143118.84
2026-02-10,M026,P04,T01,271058.39
2026-02-10,M027,P01,T03,210660.3
2026-02-10,M028,P02,T01,385488.04
2026-02-10,M029,P03,T03,130128.26
2026-02-10,M030,P04,T01,236040.5
2026-02-10,M031,P01,T03,184543.64
2026-02-10,M032,P02,T01,330986.42
2026-02-10,M033,P03,T03,162292.44
2026-02-10,M034,P04,T01,303880.41
2026-02-10,M035,P01,T03,220459.71
2026-02-10,M036,P02,T01,266875.77
2026-02-10,M037,P03,T03,156517.98
2026-02-10,M038,P04,T01,270630.51
2026-02-10,M039,P01,T03,195882.12
2026-02-10,M040,P02,T01,371784.29
2026-02-10,M041,P03,T03,203589.18
2026-02-10,M042,P04,T01,318626.11
2026-02-10,M043,P01,T03,190913.5
2026-02-10,M044,P02,T01,328413.52
2026-02-10,M045,P03,T03,186888.44
2026-02-10,M046,P04,T01,333354.71
2026-02-10,M047,P01,T03,235100.09
2026-02-10,M048,P02,T01,455078.2
2026-02-11,M001,P04,T04,82847.87
2026-02-11,M002,P01,T02,109862.12
2026-02-11,M003,P02,T04,143061.94
2026-02-11,M004,P03,T02,113963.29
2026-02-11,M005,P04,T04,132337.56
2026-02-11,M006,P01,T02,171609.8
2026-02-11,M007,P02,T04,197647.14
2026-02-11,M008,P03,T02,101715.37
2026-02-11,M009,P04,T04,115287.9
2026-02-11,M010,P01,T02,155166.77
2026-02-11,M011,P02,T04,177387.56
2026-02-11,M012,P03,T02,152808.97
2026-02-11,M013,P04,T04,190718.19
2026-02-11,M014,P01,T02,219676.68
2026-02-11,M015,P02,T04,151094.78
2026-02-11,M016,P03,T02,137916.5
2026-02-11,M017,P04,T04,154538.5
2026-02-11,M018,P01,T02,190551.91
2026-02-11,M019,P02,T04,235067.18
2026-02-11,M020,P03,T02,189791.33
2026-02-11,M021,P04,T04,201733.49
2026-02-11,M022,P01,T02,160717.59
2026-02-11,M023,P02,T04,199652.07
2026-02-11,M024,P03,T02,157158.09
2026-02-11,M025,P04,T04,184185.73
2026-02-11,M026,P01,T02,220534.46
2026-02-11,M027,P02,T04,265102.35
2026-02-11,M028,P03,T02,211135.91
2026-02-11,M029,P04,T04,159093.06
2026-02-11,M030,P01,T02,215072.1
2026-02-11,M031,P02,T04,248980.67
2026-02-11,M032,P03,T02,191750.9
2026-02-11,M033,P04,T04,242387.91
2026-02-11,M034,P01,T02,264656.66
2026-02-11,M035,P02,T04,299343.79
2026-02-11,M036,P03,T02,177238.91
2026-02-11,M037,P04,T04,196073.75
2026-02-11,M038,P01,T02,270128.52
2026-02-11,M039,P02,T04,276794.71
2026-02-11,M040,P03,T02,243459.51
2026-02-11,M041,P04,T04,281980.17
2026-02-11,M042,P01,T02,305280.32
2026-02-11,M043,P02,T04,249528.94
2026-02-11,M044,P03,T02,226934.36
2026-02-11,M045,P04,T04,234830.01
2026-02-11,M046,P01,T02,302777.12
2026-02-11,M047,P02,T04,344104.64
2026-02-11,M048,P03,T02,244865.84
2026-02-12,M001,P01,T01,118509.82
2026-02-12,M002,P02,T03,95482.85
2026-02-12,M003,P03,T01,127181.6
2026-02-12,M004,P04,T03,109557.12
2026-02-12,M005,P01,T01,183365.56
2026-02-12,M006,P02,T03,172108.08
2026-02-12,M007,P03,T01,175058.09
2026-02-12,M008,P04,T03,82357.65
2026-02-12,M009,P01,T01,151990.9
2026-02-12,M010,P02,T03,144410.8
2026-02-12,M011,P03,T01,162169.12
2026-02-12,M012,P04,T03,139948.0
2026-02-12,M013,P01,T01,257444.69
2026-02-12,M014,P02,T03,211335.32
2026-02-12,M015,P03,T01,134012.78
2026-02-12,M016,P04,T03,113560.0
2026-02-12,M017,P01,T01,216988.42
2026-02-12,M018,P02,T03,166592.73
2026-02-12,M019,P03,T01,209301.13
2026-02-12,M020,P04,T03,179470.8
2026-02-12,M021,P01,T01,308452.41
2026-02-12,M022,P02,T03,148450.05
2026-02-12,M023,P03,T01,175299.11
2026-02-12,M024,P04,T03,140863.53
2026-02-12,M025,P01,T01,275267.43
2026-02-12,M026,P02,T03,218771.97
2026-02-12,M027,P03,T01,231081.71
2026-02-12,M028,P04,T03,196449.59
2026-02-12,M029,P01,T01,242385.9
2026-02-12,M030,P02,T03,191637.67
2026-02-12,M031,P03,T01,218185.7
2026-02-12,M032,P04,T03,176115.17
2026-02-12,M033,P01,T01,310788.23
2026-02-12,M034,P02,T03,236781.83
2026-02-12,M035,P03,T01,281654.99
2026-02-12,M036,P04,T03,171779.5
2026-02-12,M037,P01,T01,289933.71
2026-02-12,M038,P02,T03,211914.18
2026-02-12,M039,P03,T01,234871.26
2026-02-12,M040,P04,T03,219657.69
2026-02-12,M041,P01,T01,356497.62
2026-02-12,M042,P02,T03,292424.84
2026-02-12,M043,P03,T01,235150.92
2026-02-12,M044,P04,T03,187896.69
2026-02-12,M045,P01,T01,310692.68
2026-02-12,M046,P02,T03,265391.61
2026-02-12,M047,P03,T01,281934.82
2026-02-12,M048,P04,T03,250436.89
2026-02-13,M001,P02,T02,114268.19
2026-02-13,M002,P03,T04,81024.0
2026-02-13,M003,P04,T02,112021.02
2026-02-13,M004,P01,T04,135892.63
2026-02-13,M005,P02,T02,181199.08
2026-02-13,M006,P03,T04,127576.93
2026-02-13,M007,P04,T02,183387.24
2026-02-13,M008,P01,T04,115792.62
2026-02-13,M009,P02,T02,147298.93
2026-02-13,M010,P03,T04,125534.03
2026-02-13,M011,P04,T02,161013.91
2026-02-13,M012,P01,T04,174539.18
2026-02-13,M013,P02,T02,223579.43
2026-02-13,M014,P03,T04,157787.76
2026-02-13,M015,P04,T02,142526.08
2026-02-13,M016,P01,T04,140961.64
2026-02-13,M017,P02,T02,202535.68
2026-02-13,M018,P03,T04,140408.81
2026-02-13,M019,P04,T02,207302.96
2026-02-13,M020,P01,T04,207373.24
2026-02-13,M021,P02,T02,301509.45
2026-02-13,M022,P03,T04,121097.54
2026-02-13,M023,P04,T02,185670.26
2026-02-13,M024,P01,T04,186957.07
2026-02-13,M025,P02,T02,269350.43
2026-02-13,M026,P03,T04,173963.6
2026-02-13,M027,P04,T02,233326.24
2026-02-13,M028,P01,T04,251239.29
2026-02-13,M029,P02,T02,216968.08
2026-02-13,M030,P03,T04,148312.0
2026-02-13,M031,P04,T02,202292.42
2026-02-13,M032,P01,T04,235984.12
2026-02-13,M033,P02,T02,284385.26
2026-02-13,M034,P03,T04,226335.41
2026-02-13,M035,P04,T02,280590.85
2026-02-13,M036,P01,T04,202335.4
2026-02-13,M037,P02,T02,251403.62
2026-02-13,M038,P03,T04,192792.33
2026-02-13,M039,P04,T02,269101.3
2026-02-13,M040,P01,T04,271339.55
2026-02-13,M041,P02,T02,355051.38
2026-02-13,M042,P03,T04,260927.69
2026-02-13,M043,P04,T02,218506.38
2026-02-13,M044,P01,T04,231006.24
2026-02-13,M045,P02,T02,307774.34
2026-02-13,M046,P03,T04,223983.89
2026-02-13,M047,P04,T02,275909.65
2026-02-13,M048,P01,T04,308831.17
2026-02-14,M001,P03,T03,59895.7
2026-02-14,M002,P04,T01,111471.23
2026-02-14,M003,P01,T03,92802.9
2026-02-14,M004,P02,T01,168213.29
2026-02-14,M005,P03,T03,87490.01
2026-02-14,M006,P04,T01,186635.82
2026-02-14,M007,P01,T03,146405.54
2026-02-14,M008,P02,T01,155280.25
2026-02-14,M009,P03,T03,82275.38
2026-02-14,M010,P04,T01,156677.99
2026-02-14,M011,P01,T03,120862.04
2026-02-14,M012,P02,T01,242047.35
2026-02-14,M013,P03,T03,111772.85
2026-02-14,M014,P04,T01,207721.78
2026-02-14,M015,P01,T03,103318.91
2026-02-14,M016,P02,T01,194615.28
2026-02-14,M017,P03,T03,108474.14
2026-02-14,M018,P04,T01,204858.19
2026-02-14,M019,P01,T03,156003.09
2026-02-14,M020,P02,T01,295406.86
2026-02-14,M021,P03,T03,133881.32
2026-02-14,M022,P04,T01,161660.89
2026-02-14,M023,P01,T03,142388.47
2026-02-14,M024,P02,T01,231161.58
2026-02-14,M025,P03,T03,124703.31
2026-02-14,M026,P04,T01,225373.51
2026-02-14,M027,P01,T03,187656.25
2026-02-14,M028,P02,T01,312608.31
2026-02-14,M029,P03,T03,112088.05
2026-02-14,M030,P04,T01,201329.04
2026-02-14,M031,P01,T03,166084.16
2026-02-14,M032,P02,T01,300790.04
2026-02-14,M033,P03,T03,154047.08
2026-02-14,M034,P04,T01,266918.34
2026-02-14,M035,P01,T03,224910.48
2026-02-14,M036,P02,T01,242480.88
2026-02-14,M037,P03,T03,140801.49
2026-02-14,M038,P04,T01,254551.38
2026-02-14,M039,P01,T03,186799.12
2026-02-14,M040,P02,T01,314514.65
2026-02-14,M041,P03,T03,178492.05
2026-02-14,M042,P04,T01,300108.26
2026-02-14,M043,P01,T03,177623.44
2026-02-14,M044,P02,T01,295493.85
2026-02-14,M045,P03,T03,169988.78
2026-02-14,M046,P04,T01,306951.68
2026-02-14,M047,P01,T03,204835.94
2026-02-14,M048,P02,T01,413790.96
2026-02-15,M001,P04,T04,71845.73
2026-02-15,M002,P01,T02,109092.26
2026-02-15,M003,P02,T04,128250.66
2026-02-15,M004,P03,T02,113811.73
2026-02-15,M005,P04,T04,122414.45
2026-02-15,M006,P01,T02,152682.68
2026-02-15,M007,P02,T04,188395.05
2026-02-15,M008,P03,T02,93571.16
2026-02-15,M009,P04,T04,111130.82
2026-02-15,M010,P01,T02,132041.84
2026-02-15,M011,P02,T04,175613.73
2026-02-15,M012,P03,T02,141063.5
2026-02-15,M013,P04,T04,156078.95
2026-02-15,M014,P01,T02,211242.79
2026-02-15,M015,P02,T04,134997.39
2026-02-15,M016,P03,T02,120444.18
2026-02-15,M017,P04,T04,140169.58
2026-02-15,M018,P01,T02,185895.71
2026-02-15,M019,P02,T04,196493.73
2026-02-15,M020,P03,T02,163930.95
2026-02-15,M021,P04,T04,201505.48
2026-02-15,M022,P01,T02,143578.15
2026-02-15,M023,P02,T04,167869.54
2026-02-15,M024,P03,T02,156468.94
2026-02-15,M025,P04,T04,175710.41
2026-02-15,M026,P01,T02,204009.18
2026-02-15,M027,P02,T04,248042.41
2026-02-15,M028,P03,T02,206288.86
2026-02-15,M029,P04,T04,164647.66
2026-02-15,M030,P01,T02,203845.78
2026-02-15,M031,P02,T04,232657.49
2026-02-15,M032,P03,T02,167976.81
2026-02-15,M033,P04,T04,221055.24
2026-02-15,M034,P01,T02,264187.21
2026-02-15,M035,P02,T04,280366.63
2026-02-15,M036,P03,T02,147524.31
2026-02-15,M037,P04,T04,185464.94
2026-02-15,M038,P01,T02,227145.94
2026-02-15,M039,P02,T04,273590.69
2026-02-15,M040,P03,T02,221192.82
2026-02-15,M041,P04,T04,238456.63
2026-02-15,M042,P01,T02,309886.72
2026-02-15,M043,P02,T04,247885.19
2026-02-15,M044,P03,T02,203181.73
2026-02-15,M045,P04,T04,207132.54
2026-02-15,M046,P01,T02,248835.99
2026-02-15,M047,P02,T04,283404.48
2026-02-15,M048,P03,T02,232962.99
2026-02-16,M001,P01,T01,120116.24
2026-02-16,M002,P02,T03,95800.19
2026-02-16,M003,P03,T01,129074.12
2026-02-16,M004,P04,T03,115562.38
2026-02-16,M005,P01,T01,179837.88
2026-02-16,M006,P02,T03,163417.06
2026-02-16,M007,P03,T01,197138.05
2026-02-16,M008,P04,T03,95309.63
2026-02-16,M009,P01,T01,163993.15
2026-02-16,M010,P02,T03,138309.41
2026-02-16,M011,P03,T01,158694.61
2026-02-16,M012,P04,T03,140217.54
2026-02-16,M013,P01,T01,237319.13
2026-02-16,M014,P02,T03,212247.84
2026-02-16,M015,P03,T01,136552.48
2026-02-16,M016,P04,T03,126798.94
2026-02-16,M017,P01,T01,217125.75
2026-02-16,M018,P02,T03,186659.81
2026-02-16,M019,P03,T01,194402.03
2026-02-16,M020,P04,T03,165600.76
2026-02-16,M021,P01,T01,282843.97
2026-02-16,M022,P02,T03,144376.5
2026-02-16,M023,P03,T01,181240.45
2026-02-16,M024,P04,T03,157919.87
2026-02-16,M025,P01,T01,257691.02
2026-02-16,M026,P02,T03,199461.62
2026-02-16,M027,P03,T01,231180.25
2026-02-16,M028,P04,T03,191504.89
2026-02-16,M029,P01,T01,235753.61
2026-02-16,M030,P02,T03,202152.49
2026-02-16,M031,P03,T01,206416.56
2026-02-16,M032,P04,T03,173354.14
2026-02-16,M033,P01,T01,303159.22
2026-02-16,M034,P02,T03,261182.04
2026-02-16,M035,P03,T01,272023.75
2026-02-16,M036,P04,T03,153540.35
2026-02-16,M037,P01,T01,261739.53
2026-02-16,M038,P02,T03,242738.59
2026-02-16,M039,P03,T01,237157.72
2026-02-16,M040,P04,T03,209358.18
2026-02-16,M041,P01,T01,330267.61
2026-02-16,M042,P02,T03,271416.79
2026-02-16,M043,P03,T01,236709.76
2026-02-16,M044,P04,T03,182758.23
2026-02-16,M045,P01,T01,321078.05
2026-02-16,M046,P02,T03,244515.97
2026-02-16,M047,P03,T01,302877.55
2026-02-16,M048,P04,T03,248185.0
2026-02-17,M001,P02,T02,105037.59
2026-02-17,M002,P03,T04,89476.19
2026-02-17,M003,P04,T02,126920.75
2026-02-17,M004,P01,T04,148634.53
2026-02-17,M005,P02,T02,199865.33
2026-02-17,M006,P03,T04,133365.44
2026-02-17,M007,P04,T02,171751.5
2026-02-17,M008,P01,T04,114133.24
2026-02-17,M009,P02,T02,147651.11
2026-02-17,M010,P03,T04,122673.69
2026-02-17,M011,P04,T02,159719.74
2026-02-17,M012,P01,T04,186052.54
2026-02-17,M013,P02,T02,220365.33
2026-02-17,M014,P03,T04,175402.0
2026-02-17,M015,P04,T02,141032.01
2026-02-17,M016,P01,T04,144595.83
2026-02-17,M017,P02,T02,207259.29
2026-02-17,M018,P03,T04,143390.26
2026-02-17,M019,P04,T02,203234.33
2026-02-17,M020,P01,T04,230963.43
2026-02-17,M021,P02,T02,298164.02
2026-02-17,M022,P03,T04,135991.62
2026-02-17,M023,P04,T02,182903.5
2026-02-17,M024,P01,T04,188426.76
2026-02-17,M025,P02,T02,260786.34
2026-02-17,M026,P03,T04,182560.53
2026-02-17,M027,P04,T02,228575.8
2026-02-17,M028,P01,T04,240556.83
2026-02-17,M029,P02,T02,207638.22
2026-02-17,M030,P03,T04,152946.98
2026-02-17,M031,P04,T02,220156.32
2026-02-17,M032,P01,T04,243360.91
2026-02-17,M033,P02,T02,316039.15
2026-02-17,M034,P03,T04,210230.05
2026-02-17,M035,P04,T02,266700.84
2026-02-17,M036,P01,T04,218630.63
2026-02-17,M037,P02,T02,248107.25
2026-02-17,M038,P03,T04,197478.41
2026-02-17,M039,P04,T02,255537.01
2026-02-17,M040,P01,T04,248767.42
2026-02-17,M041,P02,T02,366910.26
2026-02-17,M042,P03,T04,253852.03
2026-02-17,M043,P04,T02,233742.6
2026-02-17,M044,P01,T04,228824.9
2026-02-17,M045,P02,T02,296830.4
2026-02-17,M046,P03,T04,229387.43
2026-02-17,M047,P04,T02,298291.49
2026-02-17,M048,P01,T04,324269.4
2026-02-18,M001,P03,T03,65343.88
2026-02-18,M002,P04,T01,116713.12
2026-02-18,M003,P01,T03,104847.68
2026-02-18,M004,P02,T01,183620.06
2026-02-18,M005,P03,T03,106287.65
2026-02-18,M006,P04,T01,205115.08
2026-02-18,M007,P01,T03,148195.8
2026-02-18,M008,P02,T01,165069.44
2026-02-18,M009,P03,T03,87555.75
2026-02-18,M010,P04,T01,169947.35
2026-02-18,M011,P01,T03,144496.62
2026-02-18,M012,P02,T01,251001.37
2026-02-18,M013,P03,T03,138584.53
2026-02-18,M014,P04,T01,242077.44
2026-02-18,M015,P01,T03,105509.45
2026-02-18,M016,P02,T01,216132.98
2026-02-18,M017,P03,T03,109219.24
2026-02-18,M018,P04,T01,222840.47
2026-02-18,M019,P01,T03,160186.74
2026-02-18,M020,P02,T01,302716.23
2026-02-18,M021,P03,T03,150786.25
2026-02-18,M022,P04,T01,196814.53
2026-02-18,M023,P01,T03,154611.57
2026-02-18,M024,P02,T01,274538.5
2026-02-18,M025,P03,T03,140903.09
2026-02-18,M026,P04,T01,277346.9
2026-02-18,M027,P01,T03,192509.79
2026-02-18,M028,P02,T01,380118.76
2026-02-18,M029,P03,T03,125171.7
2026-02-18,M030,P04,T01,230953.24
2026-02-18,M031,P01,T03,168585.35
2026-02-18,M032,P02,T01,345151.04
2026-02-18,M033,P03,T03,154833.82
2026-02-18,M034,P04,T01,290452.14
2026-02-18,M035,P01,T03,242755.32
2026-02-18,M036,P02,T01,297851.5
2026-02-18,M037,P03,T03,156086.85
2026-02-18,M038,P04,T01,256020.6
2026-02-18,M039,P01,T03,209178.2
2026-02-18,M040,P02,T01,363070.8
2026-02-18,M041,P03,T03,202547.69
2026-02-18,M042,P04,T01,320589.72
2026-02-18,M043,P01,T03,199890.37
2026-02-18,M044,P02,T01,353320.53
2026-02-18,M045,P03,T03,172270.21
2026-02-18,M046,P04,T01,325218.34
2026-02-18,M047,P01,T03,253291.39
2026-02-18,M048,P02,T01,434124.9
2026-02-19,M001,P04,T04,88358.32
2026-02-19,M002,P01,T02,113786.06
2026-02-19,M003,P02,T04,130463.93
2026-02-19,M004,P03,T02,114337.02
2026-02-19,M005,P04,T04,136787.59
2026-02-19,M006,P01,T02,185442.27
2026-02-19,M007,P02,T04,218261.12
2026-02-19,M008,P03,T02,95472.05
2026-02-19,M009,P04,T04,116938.01
2026-02-19,M010,P01,T02,146717.91
2026-02-19,M011,P02,T04,169940.55
2026-02-19,M012,P03,T02,148717.58
2026-02-19,M013,P04,T04,181235.1
2026-02-19,M014,P01,T02,231480.72
2026-02-19,M015,P02,T04,160663.43
2026-02-19,M016,P03,T02,126906.58
2026-02-19,M017,P04,T04,159435.61
2026-02-19,M018,P01,T02,206516.1
2026-02-19,M019,P02,T04,226408.38
2026-02-19,M020,P03,T02,174973.24
2026-02-19,M021,P04,T04,220745.95
2026-02-19,M022,P01,T02,156655.49
2026-02-19,M023,P02,T04,194036.68
2026-02-19,M024,P03,T02,174102.3
2026-02-19,M025,P04,T04,178706.8
2026-02-19,M026,P01,T02,244046.47
2026-02-19,M027,P02,T04,276719.97
2026-02-19,M028,P03,T02,204938.1
2026-02-19,M029,P04,T04,164229.51
2026-02-19,M030,P01,T02,200267.69
2026-02-19,M031,P02,T04,253345.63
2026-02-19,M032,P03,T02,193396.37
2026-02-19,M033,P04,T04,219364.47
2026-02-19,M034,P01,T02,261766.6
2026-02-19,M035,P02,T04,308531.07
2026-02-19,M036,P03,T02,171510.41
2026-02-19,M037,P04,T04,190380.8
2026-02-19,M038,P01,T02,235632.48
2026-02-19,M039,P02,T04,271330.61
2026-02-19,M040,P03,T02,240086.94
2026-02-19,M041,P04,T04,261306.83
2026-02-19,M042,P01,T02,342852.24
2026-02-19,M043,P02,T04,275534.83
2026-02-19,M044,P03,T02,219197.83
2026-02-19,M045,P04,T04,241631.91
2026-02-19,M046,P01,T02,271342.43
2026-02-19,M047,P02,T04,344905.36
2026-02-19,M048,P03,T02,260393.2
2026-02-20,M001,P01,T01,111650.38
2026-02-20,M002,P02,T03,105689.57
2026-02-20,M003,P03,T01,117011.18
2026-02-20,M004,P04,T03,106624.36
2026-02-20,M005,P01,T01,178805.51
2026-02-20,M006,P02,T03,170024.57
2026-02-20,M007,P03,T01,183369.56
2026-02-20,M008,P04,T03,82725.3
2026-02-20,M009,P01,T01,152016.66
2026-02-20,M010,P02,T03,142756.88
2026-02-20,M011,P03,T01,165877.91
2026-02-20,M012,P04,T03,137143.38
2026-02-20,M013,P01,T01,245187.08
2026-02-20,M014,P02,T03,210177.26
2026-02-20,M015,P03,T01,144521.51
2026-02-20,M016,P04,T03,125997.05
2026-02-20,M017,P01,T01,216014.35
2026-02-20,M018,P02,T03,171407.02
2026-02-20,M019,P03,T01,211250.31
2026-02-20,M020,P04,T03,168857.34
2026-02-20,M021,P01,T01,300428.76
2026-02-20,M022,P02,T03,154802.21
2026-02-20,M023,P03,T01,187869.18
2026-02-20,M024,P04,T03,147898.08
2026-02-20,M025,P01,T01,253417.43
2026-02-20,M026,P02,T03,215119.75
2026-02-20,M027,P03,T01,228701.87
2026-02-20,M028,P04,T03,201930.52
2026-02-20,M029,P01,T01,210030.64
2026-02-20,M030,P02,T03,200092.66
2026-02-20,M031,P03,T01,225460.18
2026-02-20,M032,P04,T03,187375.94
2026-02-20,M033,P01,T01,313391.04
2026-02-20,M034,P02,T03,257471.73
2026-02-20,M035,P03,T01,295474.96
2026-02-20,M036,P04,T03,160486.21
2026-02-20,M037,P01,T01,289502.13
2026-02-20,M038,P02,T03,237541.58
2026-02-20,M039,P03,T01,268040.86
2026-02-20,M040,P04,T03,199027.36
2026-02-20,M041,P01,T01,347818.23
2026-02-20,M042,P02,T03,285009.09
2026-02-20,M043,P03,T01,212246.26
2026-02-20,M044,P04,T03,205504.68
2026-02-20,M045,P01,T01,307871.25
2026-02-20,M046,P02,T03,278573.41
2026-02-20,M047,P03,T01,314676.13
2026-02-20,M048,P04,T03,254982.43
2026-02-21,M001,P02,T02,92549.46
2026-02-21,M002,P03,T04,74412.87
2026-02-21,M003,P04,T02,117527.23
2026-02-21,M004,P01,T04,121086.16
2026-02-21,M005,P02,T02,162775.01
2026-02-21,M006,P03,T04,133735.46
2026-02-21,M007,P04,T02,178136.03
2026-02-21,M008,P01,T04,100627.36
2026-02-21,M009,P02,T02,146469.98
2026-02-21,M010,P03,T04,113439.71
2026-02-21,M011,P04,T02,146570.98
2026-02-21,M012,P01,T04,157566.51
2026-02-21,M013,P02,T02,196122.82
2026-02-21,M014,P03,T04,161087.8
2026-02-21,M015,P04,T02,112586.2
2026-02-21,M016,P01,T04,126894.78
2026-02-21,M017,P02,T02,171721.53
2026-02-21,M018,P03,T04,143917.33
2026-02-21,M019,P04,T02,173428.02
2026-02-21,M020,P01,T04,203229.39
2026-02-21,M021,P02,T02,250604.62
2026-02-21,M022,P03,T04,108879.71
2026-02-21,M023,P04,T02,168185.0
2026-02-21,M024,P01,T04,174846.32
2026-02-21,M025,P02,T02,226413.77
2026-02-21,M026,P03,T04,161096.35
2026-02-21,M027,P04,T02,202551.54
2026-02-21,M028,P01,T04,247217.03
2026-02-21,M029,P02,T02,204183.77
2026-02-21,M030,P03,T04,140321.97
2026-02-21,M031,P04,T02,196799.96
2026-02-21,M032,P01,T04,211395.38
2026-02-21,M033,P02,T02,269619.57
2026-02-21,M034,P03,T04,198037.59
2026-02-21,M035,P04,T02,252668.54
2026-02-21,M036,P01,T04,187884.97
2026-02-21,M037,P02,T02,232874.66
2026-02-21,M038,P03,T04,185102.76
2026-02-21,M039,P04,T02,218333.51
2026-02-21,M040,P01,T04,245264.16
2026-02-21,M041,P02,T02,321128.65
2026-02-21,M042,P03,T04,222460.62
2026-02-21,M043,P04,T02,210702.07
2026-02-21,M044,P01,T04,215903.4
2026-02-21,M045,P02,T02,270341.02
2026-02-21,M046,P03,T04,202801.48
2026-02-21,M047,P04,T02,258464.7
2026-02-21,M048,P01,T04,298846.03
2026-02-22,M001,P03,T03,59406.26
2026-02-22,M002,P04,T01,108326.81
2026-02-22,M003,P01,T03,97913.34
2026-02-22,M004,P02,T01,179087.2
2026-02-22,M005,P03,T03,91564.31
2026-02-22,M006,P04,T01,170710.05
2026-02-22,M007,P01,T03,133466.57
2026-02-22,M008,P02,T01,143344.56
2026-02-22,M009,P03,T03,79459.65
2026-02-22,M010,P04,T01,156563.61
2026-02-22,M011,P01,T03,116843.0
2026-02-22,M012,P02,T01,207370.55
2026-02-22,M013,P03,T03,111516.54
2026-02-22,M014,P04,T01,227626.45
2026-02-22,M015,P01,T03,96116.06
2026-02-22,M016,P02,T01,189073.12
2026-02-22,M017,P03,T03,111144.1
2026-02-22,M018,P04,T01,192023.91
2026-02-22,M019,P01,T03,161492.09
2026-02-22,M020,P02,T01,292655.25
2026-02-22,M021,P03,T03,143674.52
2026-02-22,M022,P04,T01,176371.09
2026-02-22,M023,P01,T03,125970.71
2026-02-22,M024,P02,T01,247995.87
2026-02-22,M025,P03,T03,123811.0
2026-02-22,M026,P04,T01,236631.56
2026-02-22,M027,P01,T03,173036.0
2026-02-22,M028,P02,T01,326586.95
2026-02-22,M029,P03,T03,105530.66
2026-02-22,M030,P04,T01,211635.21
2026-02-22,M031,P01,T03,162066.98
2026-02-22,M032,P02,T01,270810.06
2026-02-22,M033,P03,T03,145934.15
2026-02-22,M034,P04,T01,251785.54
2026-02-22,M035,P01,T03,224296.51
2026-02-22,M036,P02,T01,257556.4
2026-02-22,M037,P03,T03,140442.53
2026-02-22,M038,P04,T01,257357.44
2026-02-22,M039,P01,T03,185284.79
2026-02-22,M040,P02,T01,338571.67
2026-02-22,M041,P03,T03,168496.29
2026-02-22,M042,P04,T01,318493.77
2026-02-22,M043,P01,T03,178213.25
2026-02-22,M044,P02,T01,323546.63
2026-02-22,M045,P03,T03,162196.74
2026-02-22,M046,P04,T01,279110.92
2026-02-22,M047,P01,T03,227859.73
2026-02-22,M048,P02,T01,407435.7
2026-02-23,M001,P04,T04,79897.33
2026-02-23,M002,P01,T02,109048.93
2026-02-23,M003,P02,T04,138140.1
2026-02-23,M004,P03,T02,113427.09
2026-02-23,M005,P04,T04,148049.74
2026-02-23,M006,P01,T02,188519.75
2026-02-23,M007,P02,T04,226405.07
2026-02-23,M008,P03,T02,102203.46
2026-02-23,M009,P04,T04,125260.91
2026-02-23,M010,P01,T02,152210.94
2026-02-23,M011,P02,T04,169605.0
2026-02-23,M012,P03,T02,163597.28
2026-02-23,M013,P04,T04,170158.58
2026-02-23,M014,P01,T02,230197.78
2026-02-23,M015,P02,T04,165918.95
2026-02-23,M016,P03,T02,128388.29
2026-02-23,M017,P04,T04,166188.21
2026-02-23,M018,P01,T02,194015.05
2026-02-23,M019,P02,T04,223763.13
2026-02-23,M020,P03,T02,192050.0
2026-02-23,M021,P04,T04,202429.81
2026-02-23,M022,P01,T02,180975.42
2026-02-23,M023,P02,T04,195004.68
2026-02-23,M024,P03,T02,174646.14
2026-02-23,M025,P04,T04,189557.4
2026-02-23,M026,P01,T02,226085.75
2026-02-23,M027,P02,T04,274989.66
2026-02-23,M028,P03,T02,216905.28
2026-02-23,M029,P04,T04,168702.16
2026-02-23,M030,P01,T02,210062.69
2026-02-23,M031,P02,T04,262640.63
2026-02-23,M032,P03,T02,200041.51
2026-02-23,M033,P04,T04,230479.6
2026-02-23,M034,P01,T02,277578.7
2026-02-23,M035,P02,T04,338334.35
2026-02-23,M036,P03,T02,174377.03
2026-02-23,M037,P04,T04,202965.2
2026-02-23,M038,P01,T02,265050.06
2026-02-23,M039,P02,T04,282643.46
2026-02-23,M040,P03,T02,245488.97
2026-02-23,M041,P04,T04,283733.97
2026-02-23,M042,P01,T02,317170.11
2026-02-23,M043,P02,T04,239898.33
2026-02-23,M044,P03,T02,205065.52
2026-02-23,M045,P04,T04,257113.54
2026-02-23,M046,P01,T02,306361.92
2026-02-23,M047,P02,T04,306854.04
2026-02-23,M048,P03,T02,273850.29
2026-02-24,M001,P01,T01,107150.25
2026-02-24,M002,P02,T03,109202.39
2026-02-24,M003,P03,T01,126552.71
2026-02-24,M004,P04,T03,114846.31
2026-02-24,M005,P01,T01,194669.82
2026-02-24,M006,P02,T03,150235.98
2026-02-24,M007,P03,T01,185475.6
2026-02-24,M008,P04,T03,94743.4
2026-02-24,M009,P01,T01,155147.47
2026-02-24,M010,P02,T03,143724.35
2026-02-24,M011,P03,T01,158461.2
2026-02-24,M012,P04,T03,146328.02
2026-02-24,M013,P01,T01,221388.8
2026-02-24,M014,P02,T03,193291.01
2026-02-24,M015,P03,T01,136862.46
2026-02-24,M016,P04,T03,123105.89
2026-02-24,M017,P01,T01,214712.02
2026-02-24,M018,P02,T03,163024.13
2026-02-24,M019,P03,T01,190597.22
2026-02-24,M020,P04,T03,174853.91
2026-02-24,M021,P01,T01,300691.13
2026-02-24,M022,P02,T03,157352.52
2026-02-24,M023,P03,T01,163735.76
2026-02-24,M024,P04,T03,137497.66
2026-02-24,M025,P01,T01,259885.81
2026-02-24,M026,P02,T03,197386.56
2026-02-24,M027,P03,T01,248506.41
2026-02-24,M028,P04,T03,188927.87
2026-02-24,M029,P01,T01,210692.46
2026-02-24,M030,P02,T03,203376.08
2026-02-24,M031,P03,T01,221059.02
2026-02-24,M032,P04,T03,182785.45
2026-02-24,M033,P01,T01,298530.65
2026-02-24,M034,P02,T03,243885.9
2026-02-24,M035,P03,T01,275606.02
2026-02-24,M036,P04,T03,163490.6
2026-02-24,M037,P01,T01,266504.74
2026-02-24,M038,P02,T03,235232.06
2026-02-24,M039,P03,T01,264260.51
2026-02-24,M040,P04,T03,203166.95
2026-02-24,M041,P01,T01,369189.26
2026-02-24,M042,P02,T03,271112.5
2026-02-24,M043,P03,T01,238871.07
2026-02-24,M044,P04,T03,197600.65
2026-02-24,M045,P01,T01,343901.84
2026-02-24,M046,P02,T03,259208.56
2026-02-24,M047,P03,T01,297528.79
2026-02-24,M048,P04,T03,223219.87
2026-02-25,M001,P02,T02,106532.5
2026-02-25,M002,P03,T04,87609.65
2026-02-25,M003,P04,T02,123846.86
2026-02-25,M004,P01,T04,135437.28
2026-02-25,M005,P02,T02,186081.73
2026-02-25,M006,P03,T04,133032.97
2026-02-25,M007,P04,T02,192247.46
2026-02-25,M008,P01,T04,113056.79
2026-02-25,M009,P02,T02,168680.39
2026-02-25,M010,P03,T04,118772.37
2026-02-25,M011,P04,T02,157809.71
2026-02-25,M012,P01,T04,184623.57
2026-02-25,M013,P02,T02,224723.34
2026-02-25,M014,P03,T04,182373.22
2026-02-25,M015,P04,T02,128734.25
2026-02-25,M016,P01,T04,153786.41
2026-02-25,M017,P02,T02,207170.21
2026-02-25,M018,P03,T04,141965.08
2026-02-25,M019,P04,T02,200568.69
2026-02-25,M020,P01,T04,230812.72
2026-02-25,M021,P02,T02,259476.01
2026-02-25,M022,P03,T04,137127.95
2026-02-25,M023,P04,T02,177885.62
2026-02-25,M024,P01,T04,193292.31
2026-02-25,M025,P02,T02,254202.51
2026-02-25,M026,P03,T04,180892.59
2026-02-25,M027,P04,T02,240314.07
2026-02-25,M028,P01,T04,262877.44
2026-02-25,M029,P02,T02,213594.51
2026-02-25,M030,P03,T04,152640.67
2026-02-25,M031,P04,T02,228878.81
2026-02-25,M032,P01,T04,226079.26
2026-02-25,M033,P02,T02,320425.85
2026-02-25,M034,P03,T04,217770.33
2026-02-25,M035,P04,T02,266840.75
2026-02-25,M036,P01,T04,205387.71
2026-02-25,M037,P02,T02,249674.48
2026-02-25,M038,P03,T04,189722.66
2026-02-25,M039,P04,T02,243922.44
2026-02-25,M040,P01,T04,273603.91
2026-02-25,M041,P02,T02,323894.0
2026-02-25,M042,P03,T04,255478.46
2026-02-25,M043,P04,T02,222889.97
2026-02-25,M044,P01,T04,250174.06
2026-02-25,M045,P02,T02,321058.35
2026-02-25,M046,P03,T04,212827.33
2026-02-25,M047,P04,T02,293623.35
2026-02-25,M048,P01,T04,291140.12
2026-02-26,M001,P03,T03,62520.99
2026-02-26,M002,P04,T01,130463.59
2026-02-26,M003,P01,T03,107205.11
2026-02-26,M004,P02,T01,186993.07
2026-02-26,M005,P03,T03,105369.9
2026-02-26,M006,P04,T01,192157.68
2026-02-26,M007,P01,T03,156165.15
2026-02-26,M008,P02,T01,149519.43
2026-02-26,M009,P03,T03,85369.8
2026-02-26,M010,P04,T01,175170.03
2026-02-26,M011,P01,T03,136556.74
2026-02-26,M012,P02,T01,255466.22
2026-02-26,M013,P03,T03,124456.85
2026-02-26,M014,P04,T01,254926.57
2026-02-26,M015,P01,T03,106179.81
2026-02-26,M016,P02,T01,203437.12
2026-02-26,M017,P03,T03,110583.94
2026-02-26,M018,P04,T01,225942.36
2026-02-26,M019,P01,T03,170308.48
2026-02-26,M020,P02,T01,307019.5
2026-02-26,M021,P03,T03,149773.38
2026-02-26,M022,P04,T01,189386.11
2026-02-26,M023,P01,T03,157722.6
2026-02-26,M024,P02,T01,266646.27
2026-02-26,M025,P03,T03,150207.73
2026-02-26,M026,P04,T01,243204.47
2026-02-26,M027,P01,T03,187529.03
2026-02-26,M028,P02,T01,374684.31
2026-02-26,M029,P03,T03,117579.76
2026-02-26,M030,P04,T01,239434.1
2026-02-26,M031,P01,T03,169896.52
2026-02-26,M032,P02,T01,338765.08
2026-02-26,M033,P03,T03,168492.08
2026-02-26,M034,P04,T01,278975.3
2026-02-26,M035,P01,T03,248620.22
2026-02-26,M036,P02,T01,286584.86
2026-02-26,M037,P03,T03,140477.04
2026-02-26,M038,P04,T01,262221.27
2026-02-26,M039,P01,T03,215754.14
2026-02-26,M040,P02,T01,386262.75
2026-02-26,M041,P03,T03,186830.88
2026-02-26,M042,P04,T01,336930.82
2026-02-26,M043,P01,T03,186038.71
2026-02-26,M044,P02,T01,364815.38
2026-02-26,M045,P03,T03,182354.93
2026-02-26,M046,P04,T01,292875.04
2026-02-26,M047,P01,T03,259406.3
2026-02-26,M048,P02,T01,419536.35
2026-02-27,M001,P04,T04,79772.18
2026-02-27,M002,P01,T02,105193.13
2026-02-27,M003,P02,T04,131004.71
2026-02-27,M004,P03,T02,116883.08
2026-02-27,M005,P04,T04,145255.7
2026-02-27,M006,P01,T02,180187.08
2026-02-27,M007,P02,T04,202835.24
2026-02-27,M008,P03,T02,95203.31
2026-02-27,M009,P04,T04,119803.84
2026-02-27,M010,P01,T02,146226.99
2026-02-27,M011,P02,T04,188642.29
2026-02-27,M012,P03,T02,155464.5
2026-02-27,M013,P04,T04,188281.55
2026-02-27,M014,P01,T02,233062.29
2026-02-27,M015,P02,T04,155249.98
2026-02-27,M016,P03,T02,128585.85
2026-02-27,M017,P04,T04,150641.96
2026-02-27,M018,P01,T02,189613.85
2026-02-27,M019,P02,T04,226200.47
2026-02-27,M020,P03,T02,187166.15
2026-02-27,M021,P04,T04,228124.81
2026-02-27,M022,P01,T02,165376.75
2026-02-27,M023,P02,T04,201628.49
2026-02-27,M024,P03,T02,172517.67
2026-02-27,M025,P04,T04,187348.22
2026-02-27,M026,P01,T02,248803.31
2026-02-27,M027,P02,T04,256621.46
2026-02-27,M028,P03,T02,227496.44
2026-02-27,M029,P04,T04,158113.37
2026-02-27,M030,P01,T02,225468.42
2026-02-27,M031,P02,T04,232805.18
2026-02-27,M032,P03,T02,198634.57
2026-02-27,M033,P04,T04,214402.49
2026-02-27,M034,P01,T02,272244.89
2026-02-27,M035,P02,T04,313561.31
2026-02-27,M036,P03,T02,185843.95
2026-02-27,M037,P04,T04,200953.9
2026-02-27,M038,P01,T02,243223.3
2026-02-27,M039,P02,T04,265162.13
2026-02-27,M040,P03,T02,229714.56
2026-02-27,M041,P04,T04,267171.26
2026-02-27,M042,P01,T02,306555.25
2026-02-27,M043,P02,T04,268636.03
2026-02-27,M044,P03,T02,219147.23
2026-02-27,M045,P04,T04,253584.18
2026-02-27,M046,P01,T02,315269.97
2026-02-27,M047,P02,T04,323323.33
2026-02-27,M048,P03,T02,255579.4
2026-02-28,M001,P01,T01,97120.28
2026-02-28,M002,P02,T03,88574.11
2026-02-28,M003,P03,T01,101980.16
2026-02-28,M004,P04,T03,103396.18
2026-02-28,M005,P01,T01,167502.78
2026-02-28,M006,P02,T03,140173.91
2026-02-28,M007,P03,T01,171533.78
2026-02-28,M008,P04,T03,77804.17
2026-02-28,M009,P01,T01,144416.51
2026-02-28,M010,P02,T03,120860.72
2026-02-28,M011,P03,T01,146599.55
2026-02-28,M012,P04,T03,133954.47
2026-02-28,M013,P01,T01,209817.56
2026-02-28,M014,P02,T03,187465.59
2026-02-28,M015,P03,T01,129512.79
2026-02-28,M016,P04,T03,112087.62
2026-02-28,M017,P01,T01,185056.78
2026-02-28,M018,P02,T03,147026.55
2026-02-28,M019,P03,T01,180583.89
2026-02-28,M020,P04,T03,140034.64
2026-02-28,M021,P01,T01,244553.07
2026-02-28,M022,P02,T03,135828.86
2026-02-28,M023,P03,T01,165476.76
2026-02-28,M024,P04,T03,125720.16
2026-02-28,M025,P01,T01,222119.56
2026-02-28,M026,P02,T03,179489.52
2026-02-28,M027,P03,T01,223294.16
2026-02-28,M028,P04,T03,189873.04
2026-02-28,M029,P01,T01,206236.61
2026-02-28,M030,P02,T03,183695.25
2026-02-28,M031,P03,T01,191157.82
2026-02-28,M032,P04,T03,165669.3
2026-02-28,M033,P01,T01,287391.98
2026-02-28,M034,P02,T03,237331.71
2026-02-28,M035,P03,T01,250646.37
2026-02-28,M036,P04,T03,155351.17
2026-02-28,M037,P01,T01,230431.88
2026-02-28,M038,P02,T03,198324.88
2026-02-28,M039,P03,T01,210774.46
2026-02-28,M040,P04,T03,190426.62
2026-02-28,M041,P01,T01,322040.18
2026-02-28,M042,P02,T03,252767.89
2026-02-28,M043,P03,T01,213412.44
2026-02-28,M044,P04,T03,178242.29
2026-02-28,M045,P01,T01,304003.87
2026-02-28,M046,P02,T03,224437.24
2026-02-28,M047,P03,T01,266403.73
2026-02-28,M048,P04,T03,218512.9
2026-03-01,M001,P02,T02,107397.85
2026-03-01,M002,P03,T04,73973.86
2026-03-01,M003,P04,T02,115623.48
2026-03-01,M004,P01,T04,123482.62
2026-03-01,M005,P02,T02,181024.5
2026-03-01,M006,P03,T04,124897.36
2026-03-01,M007,P04,T02,176008.52
2026-03-01,M008,P01,T04,110972.49
2026-03-01,M009,P02,T02,150042.43
2026-03-01,M010,P03,T04,107446.67
2026-03-01,M011,P04,T02,158853.16
2026-03-01,M012,P01,T04,153152.63
2026-03-01,M013,P02,T02,200175.16
2026-03-01,M014,P03,T04,154043.8
2026-03-01,M015,P04,T02,125716.26
2026-03-01,M016,P01,T04,136040.52
2026-03-01,M017,P02,T02,198485.66
2026-03-01,M018,P03,T04,141845.77
2026-03-01,M019,P04,T02,190435.82
2026-03-01,M020,P01,T04,207323.07
2026-03-01,M021,P02,T02,265397.14
2026-03-01,M022,P03,T04,118711.34
2026-03-01,M023,P04,T02,152888.41
2026-03-01,M024,P01,T04,183921.58
2026-03-01,M025,P02,T02,218721.48
2026-03-01,M026,P03,T04,165293.12
2026-03-01,M027,P04,T02,236428.68
2026-03-01,M028,P01,T04,232243.22
2026-03-01,M029,P02,T02,208885.59
2026-03-01,M030,P03,T04,160196.86
2026-03-01,M031,P04,T02,199050.95
2026-03-01,M032,P01,T04,211666.79
2026-03-01,M033,P02,T02,259269.58
2026-03-01,M034,P03,T04,188632.84
2026-03-01,M035,P04,T02,261205.56
2026-03-01,M036,P01,T04,200131.19
2026-03-01,M037,P02,T02,258914.63
2026-03-01,M038,P03,T04,164789.53
2026-03-01,M039,P04,T02,231596.79
2026-03-01,M040,P01,T04,247590.1
2026-03-01,M041,P02,T02,329949.91
2026-03-01,M042,P03,T04,242682.82
2026-03-01,M043,P04,T02,222799.89
2026-03-01,M044,P01,T04,242723.69
2026-03-01,M045,P02,T02,314533.33
2026-03-01,M046,P03,T04,200485.74
2026-03-01,M047,P04,T02,269948.98
2026-03-01,M048,P01,T04,262724.14
2026-03-02,M001,P03,T03,64417.08
2026-03-02,M002,P04,T01,119996.95
2026-03-02,M003,P01,T03,98969.63
2026-03-02,M004,P02,T01,187363.56
2026-03-02,M005,P03,T03,107194.1
2026-03-02,M006,P04,T01,198618.75
2026-03-02,M007,P01,T03,169462.08
2026-03-02,M008,P02,T01,176697.7
2026-03-02,M009,P03,T03,85415.27
2026-03-02,M010,P04,T01,159016.48
2026-03-02,M011,P01,T03,135055.23
2026-03-02,M012,P02,T01,240734.84
2026-03-02,M013,P03,T03,133710.88
2026-03-02,M014,P04,T01,238721.83
2026-03-02,M015,P01,T03,122026.18
2026-03-02,M016,P02,T01,225881.2
2026-03-02,M017,P03,T03,120839.24
2026-03-02,M018,P04,T01,232908.91
2026-03-02,M019,P01,T03,169193.98
2026-03-02,M020,P02,T01,292330.96
2026-03-02,M021,P03,T03,173885.98
2026-03-02,M022,P04,T01,181566.7
2026-03-02,M023,P01,T03,148053.92
2026-03-02,M024,P02,T01,289001.68
2026-03-02,M025,P03,T03,151056.2
2026-03-02,M026,P04,T01,267829.33
2026-03-02,M027,P01,T03,209756.48
2026-03-02,M028,P02,T01,356808.45
2026-03-02,M029,P03,T03,128042.82
2026-03-02,M030,P04,T01,252552.84
2026-03-02,M031,P01,T03,185978.98
2026-03-02,M032,P02,T01,357924.42
2026-03-02,M033,P03,T03,178428.24
2026-03-02,M034,P04,T01,314470.43
2026-03-02,M035,P01,T03,222234.88
2026-03-02,M036,P02,T01,292115.85
2026-03-02,M037,P03,T03,152737.01
2026-03-02,M038,P04,T01,259412.37
2026-03-02,M039,P01,T03,216090.57
2026-03-02,M040,P02,T01,391863.15
2026-03-02,M041,P03,T03,211110.41
2026-03-02,M042,P04,T01,352650.91
2026-03-02,M043,P01,T03,185374.25
2026-03-02,M044,P02,T01,368467.11
2026-03-02,M045,P03,T03,170090.36
2026-03-02,M046,P04,T01,310404.58
2026-03-02,M047,P01,T03,230841.36
2026-03-02,M048,P02,T01,469756.06
2026-03-03,M001,P04,T04,90663.46
2026-03-03,M002,P01,T02,123526.56
2026-03-03,M003,P02,T04,137146.83
2026-03-03,M004,P03,T02,115579.13
2026-03-03,M005,P04,T04,140412.23
2026-03-03,M006,P01,T02,199080.36
2026-03-03,M007,P02,T04,226621.2
2026-03-03,M008,P03,T02,100922.45
2026-03-03,M009,P04,T04,125447.33
2026-03-03,M010,P01,T02,162111.88
2026-03-03,M011,P02,T04,191436.82
2026-03-03,M012,P03,T02,156125.22
2026-03-03,M013,P04,T04,170066.99
2026-03-03,M014,P01,T02,239221.16
2026-03-03,M015,P02,T04,160398.39
2026-03-03,M016,P03,T02,130458.33
2026-03-03,M017,P04,T04,156671.02
2026-03-03,M018,P01,T02,205442.72
2026-03-03,M019,P02,T04,216031.06
2026-03-03,M020,P03,T02,200711.49
2026-03-03,M021,P04,T04,226383.38
2026-03-03,M022,P01,T02,186749.0
2026-03-03,M023,P02,T04,219847.33
2026-03-03,M024,P03,T02,179666.05
2026-03-03,M025,P04,T04,185244.37
2026-03-03,M026,P01,T02,257255.49
2026-03-03,M027,P02,T04,299980.1
2026-03-03,M028,P03,T02,233068.36
2026-03-03,M029,P04,T04,164501.68
2026-03-03,M030,P01,T02,202913.11
2026-03-03,M031,P02,T04,255872.61
2026-03-03,M032,P03,T02,215233.08
2026-03-03,M033,P04,T04,248180.16
2026-03-03,M034,P01,T02,288656.5
2026-03-03,M035,P02,T04,346345.97
2026-03-03,M036,P03,T02,180711.22
2026-03-03,M037,P04,T04,221466.12
2026-03-03,M038,P01,T02,245394.6
2026-03-03,M039,P02,T04,297045.75
2026-03-03,M040,P03,T02,252331.83
2026-03-03,M041,P04,T04,258967.81
2026-03-03,M042,P01,T02,345521.32
2026-03-03,M043,P02,T04,251941.76
2026-03-03,M044,P03,T02,215829.41
2026-03-03,M045,P04,T04,243388.3
2026-03-03,M046,P01,T02,296117.03
2026-03-03,M047,P02,T04,343334.22
2026-03-03,M048,P03,T02,269156.12
2026-03-04,M001,P01,T01,123740.54
2026-03-04,M002,P02,T03,108113.33
2026-03-04,M003,P03,T01,131220.62
2026-03-04,M004,P04,T03,102669.22
2026-03-04,M005,P01,T01,208245.39
2026-03-04,M006,P02,T03,173266.1
2026-03-04,M007,P03,T01,196987.85
2026-03-04,M008,P04,T03,86326.86
2026-03-04,M009,P01,T01,162118.86
2026-03-04,M010,P02,T03,133343.33
2026-03-04,M011,P03,T01,176355.62
2026-03-04,M012,P04,T03,137379.67
2026-03-04,M013,P01,T01,261805.91
2026-03-04,M014,P02,T03,195361.11
2026-03-04,M015,P03,T01,138214.07
2026-03-04,M016,P04,T03,115141.38
2026-03-04,M017,P01,T01,224404.04
2026-03-04,M018,P02,T03,167866.27
2026-03-04,M019,P03,T01,217436.34
2026-03-04,M020,P04,T03,179980.39
2026-03-04,M021,P01,T01,289593.45
2026-03-04,M022,P02,T03,165483.75
2026-03-04,M023,P03,T01,191692.11
2026-03-04,M024,P04,T03,150260.31
2026-03-04,M025,P01,T01,260812.19
2026-03-04,M026,P02,T03,211891.62
2026-03-04,M027,P03,T01,261615.52
2026-03-04,M028,P04,T03,207952.49
2026-03-04,M029,P01,T01,220515.79
2026-03-04,M030,P02,T03,206915.06
2026-03-04,M031,P03,T01,219162.6
2026-03-04,M032,P04,T03,193327.18
2026-03-04,M033,P01,T01,323010.47
2026-03-04,M034,P02,T03,235276.42
2026-03-04,M035,P03,T01,305059.47
2026-03-04,M036,P04,T03,162320.08
2026-03-04,M037,P01,T01,263396.2
2026-03-04,M038,P02,T03,237669.37
2026-03-04,M039,P03,T01,244935.95
2026-03-04,M040,P04,T03,205499.18
2026-03-04,M041,P01,T01,385231.77
2026-03-04,M042,P02,T03,270162.91
2026-03-04,M043,P03,T01,220530.28
2026-03-04,M044,P04,T03,186335.82
2026-03-04,M045,P01,T01,347343.54
2026-03-04,M046,P02,T03,267866.87
2026-03-04,M047,P03,T01,301794.19
2026-03-04,M048,P04,T03,262021.01
2026-03-05,M001,P02,T02,116494.03
2026-03-05,M002,P03,T04,84460.76
2026-03-05,M003,P04,T02,124888.75
2026-03-05,M004,P01,T04,151611.14
2026-03-05,M005,P02,T02,191630.84
2026-03-05,M006,P03,T04,131005.8
2026-03-05,M007,P04,T02,201070.5
2026-03-05,M008,P01,T04,124417.23
2026-03-05,M009,P02,T02,171425.98
2026-03-05,M010,P03,T04,121502.48
2026-03-05,M011,P04,T02,153267.75
2026-03-05,M012,P01,T04,190721.16
2026-03-05,M013,P02,T02,221650.07
2026-03-05,M014,P03,T04,186534.42
2026-03-05,M015,P04,T02,138271.67
2026-03-05,M016,P01,T04,158642.17
2026-03-05,M017,P02,T02,214803.52
2026-03-05,M018,P03,T04,147977.67
2026-03-05,M019,P04,T02,212479.36
2026-03-05,M020,P01,T04,233040.34
2026-03-05,M021,P02,T02,305731.84
2026-03-05,M022,P03,T04,135932.28
2026-03-05,M023,P04,T02,182101.66
2026-03-05,M024,P01,T04,193689.97
2026-03-05,M025,P02,T02,275768.09
2026-03-05,M026,P03,T04,175985.61
2026-03-05,M027,P04,T02,251717.83
2026-03-05,M028,P01,T04,263354.18
2026-03-05,M029,P02,T02,227577.59
2026-03-05,M030,P03,T04,160416.9
2026-03-05,M031,P04,T02,201391.51
2026-03-05,M032,P01,T04,247045.92
2026-03-05,M033,P02,T02,324797.5
2026-03-05,M034,P03,T04,231675.29
2026-03-05,M035,P04,T02,278218.34
2026-03-05,M036,P01,T04,216683.97
2026-03-05,M037,P02,T02,273034.85
2026-03-05,M038,P03,T04,196052.55
2026-03-05,M039,P04,T02,245568.85
2026-03-05,M040,P01,T04,271927.89
2026-03-05,M041,P02,T02,340361.11
2026-03-05,M042,P03,T04,253860.04
2026-03-05,M043,P04,T02,227253.57
2026-03-05,M044,P01,T04,254766.12
2026-03-05,M045,P02,T02,328966.35
2026-03-05,M046,P03,T04,219191.97
2026-03-05,M047,P04,T02,287696.02
2026-03-05,M048,P01,T04,296962.8
2026-03-06,M001,P03,T03,65409.26
2026-03-06,M002,P04,T01,124724.49
2026-03-06,M003,P01,T03,104812.75
2026-03-06,M004,P02,T01,205668.28
2026-03-06,M005,P03,T03,108274.01
2026-03-06,M006,P04,T01,215631.8
2026-03-06,M007,P01,T03,155775.01
2026-03-06,M008,P02,T01,159662.63
2026-03-06,M009,P03,T03,85089.55
2026-03-06,M010,P04,T01,161684.57
2026-03-06,M011,P01,T03,136967.13
2026-03-06,M012,P02,T01,256128.28
2026-03-06,M013,P03,T03,124866.27
2026-03-06,M014,P04,T01,255592.43
2026-03-06,M015,P01,T03,113320.62
2026-03-06,M016,P02,T01,205800.31
2026-03-06,M017,P03,T03,115254.73
2026-03-06,M018,P04,T01,207717.49
2026-03-06,M019,P01,T03,170848.45
2026-03-06,M020,P02,T01,315362.36
2026-03-06,M021,P03,T03,173467.35
2026-03-06,M022,P04,T01,174484.71
2026-03-06,M023,P01,T03,145976.38
2026-03-06,M024,P02,T01,282458.29
2026-03-06,M025,P03,T03,148954.76
2026-03-06,M026,P04,T01,268803.8
2026-03-06,M027,P01,T03,213096.39
2026-03-06,M028,P02,T01,358774.72
2026-03-06,M029,P03,T03,132363.05
2026-03-06,M030,P04,T01,235681.49
2026-03-06,M031,P01,T03,191497.69
2026-03-06,M032,P02,T01,341745.91
2026-03-06,M033,P03,T03,160962.56
2026-03-06,M034,P04,T01,305216.63
2026-03-06,M035,P01,T03,248056.72
2026-03-06,M036,P02,T01,289162.06
2026-03-06,M037,P03,T03,150685.5
2026-03-06,M038,P04,T01,277666.86
2026-03-06,M039,P01,T03,201290.36
2026-03-06,M040,P02,T01,397439.27
2026-03-06,M041,P03,T03,202490.53
2026-03-06,M042,P04,T01,334499.94
2026-03-06,M043,P01,T03,211675.35
2026-03-06,M044,P02,T01,339470.55
2026-03-06,M045,P03,T03,178598.11
2026-03-06,M046,P04,T01,338373.29
2026-03-06,M047,P01,T03,252228.02
2026-03-06,M048,P02,T01,464093.51
2026-03-07,M001,P04,T04,82789.18
2026-03-07,M002,P01,T02,97671.54
2026-03-07,M003,P02,T04,128647.1
2026-03-07,M004,P03,T02,113443.8
2026-03-07,M005,P04,T04,128122.75
2026-03-07,M006,P01,T02,176229.73
2026-03-07,M007,P02,T04,185233.55
2026-03-07,M008,P03,T02,84276.94
2026-03-07,M009,P04,T04,115448.36
2026-03-07,M010,P01,T02,153774.5
2026-03-07,M011,P02,T04,168801.21
2026-03-07,M012,P03,T02,136812.83
2026-03-07,M013,P04,T04,178108.49
2026-03-07,M014,P01,T02,191088.93
2026-03-07,M015,P02,T04,149239.71
2026-03-07,M016,P03,T02,126231.99
2026-03-07,M017,P04,T04,137304.97
2026-03-07,M018,P01,T02,173577.33
2026-03-07,M019,P02,T04,226618.89
2026-03-07,M020,P03,T02,177032.15
2026-03-07,M021,P04,T04,203863.0
2026-03-07,M022,P01,T02,154583.04
2026-03-07,M023,P02,T04,190810.14
2026-03-07,M024,P03,T02,161117.71
2026-03-07,M025,P04,T04,187144.07
2026-03-07,M026,P01,T02,229471.71
2026-03-07,M027,P02,T04,232836.96
2026-03-07,M028,P03,T02,193312.16
2026-03-07,M029,P04,T04,162823.18
2026-03-07,M030,P01,T02,198713.1
2026-03-07,M031,P02,T04,237518.14
2026-03-07,M032,P03,T02,169659.4
2026-03-07,M033,P04,T04,198868.87
2026-03-07,M034,P01,T02,251840.53
2026-03-07,M035,P02,T04,293963.94
2026-03-07,M036,P03,T02,159358.7
2026-03-07,M037,P04,T04,205340.18
2026-03-07,M038,P01,T02,241130.21
2026-03-07,M039,P02,T04,252590.9
2026-03-07,M040,P03,T02,228254.39
2026-03-07,M041,P04,T04,251718.37
2026-03-07,M042,P01,T02,306120.88
2026-03-07,M043,P02,T04,229552.35
2026-03-07,M044,P03,T02,197374.66
2026-03-07,M045,P04,T04,216350.6
2026-03-07,M046,P01,T02,269594.57
2026-03-07,M047,P02,T04,285973.87
2026-03-07,M048,P03,T02,263196.98
2026-03-08,M001,P01,T01,109265.16
2026-03-08,M002,P02,T03,99618.47
2026-03-08,M003,P03,T01,116853.23
2026-03-08,M004,P04,T03,101638.95
2026-03-08,M005,P01,T01,167423.26
2026-03-08,M006,P02,T03,159435.26
2026-03-08,M007,P03,T01,170705.87
2026-03-08,M008,P04,T03,76586.09
2026-03-08,M009,P01,T01,141820.79
2026-03-08,M010,P02,T03,128769.5
2026-03-08,M011,P03,T01,147514.89
2026-03-08,M012,P04,T03,135099.43
2026-03-08,M013,P01,T01,232754.32
2026-03-08,M014,P02,T03,170327.86
2026-03-08,M015,P03,T01,128011.75
2026-03-08,M016,P04,T03,101407.47
2026-03-08,M017,P01,T01,189209.24
2026-03-08,M018,P02,T03,174320.7
2026-03-08,M019,P03,T01,182888.56
2026-03-08,M020,P04,T03,155564.82
2026-03-08,M021,P01,T01,249253.81
2026-03-08,M022,P02,T03,141532.38
2026-03-08,M023,P03,T01,167111.13
2026-03-08,M024,P04,T03,134916.53
2026-03-08,M025,P01,T01,225981.76
2026-03-08,M026,P02,T03,185525.57
2026-03-08,M027,P03,T01,234011.49
2026-03-08,M028,P04,T03,195550.41
2026-03-08,M029,P01,T01,214206.02
2026-03-08,M030,P02,T03,173161.95
2026-03-08,M031,P03,T01,209472.05
2026-03-08,M032,P04,T03,154832.87
2026-03-08,M033,P01,T01,273298.77
2026-03-08,M034,P02,T03,241715.16
2026-03-08,M035,P03,T01,272542.55
2026-03-08,M036,P04,T03,157255.25
2026-03-08,M037,P01,T01,259467.67
2026-03-08,M038,P02,T03,195519.82
2026-03-08,M039,P03,T01,220818.11
2026-03-08,M040,P04,T03,191382.8
2026-03-08,M041,P01,T01,332739.83
2026-03-08,M042,P02,T03,259537.67
2026-03-08,M043,P03,T01,203911.65
2026-03-08,M044,P04,T03,179201.85
2026-03-08,M045,P01,T01,315251.62
2026-03-08,M046,P02,T03,224307.63
2026-03-08,M047,P03,T01,258256.38
2026-03-08,M048,P04,T03,228547.19
2026-03-09,M001,P02,T02,104773.96
2026-03-09,M002,P03,T04,93479.23
2026-03-09,M003,P04,T02,122509.54
2026-03-09,M004,P01,T04,146066.7
2026-03-09,M005,P02,T02,188066.2
2026-03-09,M006,P03,T04,142639.59
2026-03-09,M007,P04,T02,177075.64
2026-03-09,M008,P01,T04,108504.06
2026-03-09,M009,P02,T02,164451.21
2026-03-09,M010,P03,T04,124710.87
2026-03-09,M011,P04,T02,167203.13
2026-03-09,M012,P01,T04,188245.44
2026-03-09,M013,P02,T02,226390.02
2026-03-09,M014,P03,T04,175020.77
2026-03-09,M015,P04,T02,150066.38
2026-03-09,M016,P01,T04,156130.89
2026-03-09,M017,P02,T02,206607.74
2026-03-09,M018,P03,T04,145465.57
2026-03-09,M019,P04,T02,219106.41
2026-03-09,M020,P01,T04,229273.69
2026-03-09,M021,P02,T02,288968.39
2026-03-09,M022,P03,T04,143016.26
2026-03-09,M023,P04,T02,168475.65
2026-03-09,M024,P01,T04,199782.79
2026-03-09,M025,P02,T02,272379.94
2026-03-09,M026,P03,T04,182401.38
2026-03-09,M027,P04,T02,237157.49
2026-03-09,M028,P01,T04,248253.6
2026-03-09,M029,P02,T02,240857.03
2026-03-09,M030,P03,T04,160575.21
2026-03-09,M031,P04,T02,222247.7
2026-03-09,M032,P01,T04,253806.39
2026-03-09,M033,P02,T02,305115.61
2026-03-09,M034,P03,T04,200825.28
2026-03-09,M035,P04,T02,273090.44
2026-03-09,M036,P01,T04,216670.58
2026-03-09,M037,P02,T02,260684.13
2026-03-09,M038,P03,T04,184745.47
2026-03-09,M039,P04,T02,266277.89
2026-03-09,M040,P01,T04,266926.74
2026-03-09,M041,P02,T02,336411.41
2026-03-09,M042,P03,T04,265055.35
2026-03-09,M043,P04,T02,243435.82
2026-03-09,M044,P01,T04,251692.7
2026-03-09,M045,P02,T02,298294.61
2026-03-09,M046,P03,T04,241218.92
2026-03-09,M047,P04,T02,276437.19
2026-03-09,M048,P01,T04,295383.94
2026-03-10,M001,P03,T03,59610.95
2026-03-10,M002,P04,T01,129135.53
2026-03-10,M003,P01,T03,99817.36
2026-03-10,M004,P02,T01,199395.6
2026-03-10,M005,P03,T03,101254.78
2026-03-10,M006,P04,T01,211857.99
2026-03-10,M007,P01,T03,151929.94
2026-03-10,M008,P02,T01,172911.26
2026-03-10,M009,P03,T03,88786.48
2026-03-10,M010,P04,T01,162142.34
2026-03-10,M011,P01,T03,143616.46
2026-03-10,M012,P02,T01,257489.37
2026-03-10,M013,P03,T03,144521.97
2026-03-10,M014,P04,T01,249170.16
2026-03-10,M015,P01,T03,121084.87
2026-03-10,M016,P02,T01,204620.25
2026-03-10,M017,P03,T03,113360.1
2026-03-10,M018,P04,T01,234547.94
2026-03-10,M019,P01,T03,168362.97
2026-03-10,M020,P02,T01,324116.94
2026-03-10,M021,P03,T03,168227.86
2026-03-10,M022,P04,T01,193020.44
2026-03-10,M023,P01,T03,145349.82
2026-03-10,M024,P02,T01,268495.84
2026-03-10,M025,P03,T03,152336.56
2026-03-10,M026,P04,T01,283308.97
2026-03-10,M027,P01,T03,218468.37
2026-03-10,M028,P02,T01,396839.07
2026-03-10,M029,P03,T03,125497.55
2026-03-10,M030,P04,T01,251760.35
2026-03-10,M031,P01,T03,182795.7
2026-03-10,M032,P02,T01,317202.76
2026-03-10,M033,P03,T03,181361.92
2026-03-10,M034,P04,T01,296588.65
2026-03-10,M035,P01,T03,238747.74
2026-03-10,M036,P02,T01,297670.44
2026-03-10,M037,P03,T03,160124.83
2026-03-10,M038,P04,T01,298966.85
2026-03-10,M039,P01,T03,223391.66
2026-03-10,M040,P02,T01,416325.23
2026-03-10,M041,P03,T03,190480.79
2026-03-10,M042,P04,T01,360709.36
2026-03-10,M043,P01,T03,183220.43
2026-03-10,M044,P02,T01,327376.89
2026-03-10,M045,P03,T03,173490.74
2026-03-10,M046,P04,T01,300983.67
2026-03-10,M047,P01,T03,261827.38
2026-03-10,M048,P02,T01,414565.81
2026-03-11,M001,P04,T04,86935.24
2026-03-11,M002,P01,T02,108407.61
2026-03-11,M003,P02,T04,151394.69
2026-03-11,M004,P03,T02,123390.3
2026-03-11,M005,P04,T04,138754.61
2026-03-11,M006,P01,T02,195082.57
2026-03-11,M007,P02,T04,205111.64
2026-03-11,M008,P03,T02,103690.97
2026-03-11,M009,P04,T04,120810.36
2026-03-11,M010,P01,T02,154903.11
2026-03-11,M011,P02,T04,180438.05
2026-03-11,M012,P03,T02,146476.93
2026-03-11,M013,P04,T04,188254.99
2026-03-11,M014,P01,T02,231105.08
2026-03-11,M015,P02,T04,153147.48
2026-03-11,M016,P03,T02,140355.7
2026-03-11,M017,P04,T04,166422.22
2026-03-11,M018,P01,T02,209764.11
2026-03-11,M019,P02,T04,220572.62
2026-03-11,M020,P03,T02,203297.21
2026-03-11,M021,P04,T04,216111.55
2026-03-11,M022,P01,T02,182642.12
2026-03-11,M023,P02,T04,193452.57
2026-03-11,M024,P03,T02,177032.94
2026-03-11,M025,P04,T04,183181.5
2026-03-11,M026,P01,T02,240038.8
2026-03-11,M027,P02,T04,293840.96
2026-03-11,M028,P03,T02,228072.1
2026-03-11,M029,P04,T04,161842.77
2026-03-11,M030,P01,T02,217775.99
2026-03-11,M031,P02,T04,252493.08
2026-03-11,M032,P03,T02,189407.62
2026-03-11,M033,P04,T04,240805.63
2026-03-11,M034,P01,T02,306794.01
2026-03-11,M035,P02,T04,342494.49
2026-03-11,M036,P03,T02,183154.31
2026-03-11,M037,P04,T04,212404.32
2026-03-11,M038,P01,T02,257467.77
2026-03-11,M039,P02,T04,288089.87
2026-03-11,M040,P03,T02,231107.72
2026-03-11,M041,P04,T04,267443.06
2026-03-11,M042,P01,T02,314048.91
2026-03-11,M043,P02,T04,245089.48
2026-03-11,M044,P03,T02,213870.03
2026-03-11,M045,P04,T04,229988.46
2026-03-11,M046,P01,T02,289435.53
2026-03-11,M047,P02,T04,364097.97
2026-03-11,M048,P03,T02,291421.8
2026-03-12,M001,P01,T01,117422.6
2026-03-12,M002,P02,T03,107901.33
2026-03-12,M003,P03,T01,116866.93
2026-03-12,M004,P04,T03,115701.46
2026-03-12,M005,P01,T01,202813.72
2026-03-12,M006,P02,T03,152833.3
2026-03-12,M007,P03,T01,182912.2
2026-03-12,M008,P04,T03,92868.45
2026-03-12,M009,P01,T01,172190.06
2026-03-12,M010,P02,T03,153227.34
2026-03-12,M011,P03,T01,156411.75
2026-03-12,M012,P04,T03,149972.32
2026-03-12,M013,P01,T01,225810.59
2026-03-12,M014,P02,T03,200361.29
2026-03-12,M015,P03,T01,140223.85
2026-03-12,M016,P04,T03,120473.41
2026-03-12,M017,P01,T01,222042.42
2026-03-12,M018,P02,T03,182516.01
2026-03-12,M019,P03,T01,220640.68
2026-03-12,M020,P04,T03,173541.78
2026-03-12,M021,P01,T01,277845.37
2026-03-12,M022,P02,T03,155849.35
2026-03-12,M023,P03,T01,168402.24
2026-03-12,M024,P04,T03,146400.63
2026-03-12,M025,P01,T01,257735.13
2026-03-12,M026,P02,T03,226475.67
2026-03-12,M027,P03,T01,227185.0
2026-03-12,M028,P04,T03,187387.92
2026-03-12,M029,P01,T01,243892.65
2026-03-12,M030,P02,T03,179217.86
2026-03-12,M031,P03,T01,228082.8
2026-03-12,M032,P04,T03,194731.45
2026-03-12,M033,P01,T01,294509.01
2026-03-12,M034,P02,T03,235553.78
2026-03-12,M035,P03,T01,296418.63
2026-03-12,M036,P04,T03,174710.74
2026-03-12,M037,P01,T01,270939.31
2026-03-12,M038,P02,T03,218804.43
2026-03-12,M039,P03,T01,267794.86
2026-03-12,M040,P04,T03,231918.06
2026-03-12,M041,P01,T01,366603.92
2026-03-12,M042,P02,T03,305880.18
2026-03-12,M043,P03,T01,249433.2
2026-03-12,M044,P04,T03,189886.98
2026-03-12,M045,P01,T01,326790.31
2026-03-12,M046,P02,T03,258074.42
2026-03-12,M047,P03,T01,301153.61
2026-03-12,M048,P04,T03,249589.73
2026-03-13,M001,P02,T02,114813.23
2026-03-13,M002,P03,T04,84911.85
2026-03-13,M003,P04,T02,116373.87
2026-03-13,M004,P01,T04,147737.5
2026-03-13,M005,P02,T02,179332.64
2026-03-13,M006,P03,T04,141316.61
2026-03-13,M007,P04,T02,202812.18
2026-03-13,M008,P01,T04,121091.48
2026-03-13,M009,P02,T02,157458.95
2026-03-13,M010,P03,T04,129062.91
2026-03-13,M011,P04,T02,159234.47
2026-03-13,M012,P01,T04,178749.63
2026-03-13,M013,P02,T02,249601.75
2026-03-13,M014,P03,T04,169645.68
2026-03-13,M015,P04,T02,131249.23
2026-03-13,M016,P01,T04,145285.25
2026-03-13,M017,P02,T02,220206.74
2026-03-13,M018,P03,T04,145852.07
2026-03-13,M019,P04,T02,202356.06
2026-03-13,M020,P01,T04,221212.95
2026-03-13,M021,P02,T02,268671.51
2026-03-13,M022,P03,T04,139587.17
2026-03-13,M023,P04,T02,183463.58
2026-03-13,M024,P01,T04,206183.96
2026-03-13,M025,P02,T02,256353.01
2026-03-13,M026,P03,T04,193696.68
2026-03-13,M027,P04,T02,234059.42
2026-03-13,M028,P01,T04,278442.48
2026-03-13,M029,P02,T02,233843.58
2026-03-13,M030,P03,T04,157740.66
2026-03-13,M031,P04,T02,227494.81
2026-03-13,M032,P01,T04,245786.52
2026-03-13,M033,P02,T02,316046.29
2026-03-13,M034,P03,T04,230065.95
2026-03-13,M035,P04,T02,302247.81
2026-03-13,M036,P01,T04,205687.46
2026-03-13,M037,P02,T02,256643.6
2026-03-13,M038,P03,T04,188135.36
2026-03-13,M039,P04,T02,246719.26
2026-03-13,M040,P01,T04,268384.8
2026-03-13,M041,P02,T02,336776.34
2026-03-13,M042,P03,T04,235569.53
2026-03-13,M043,P04,T02,250229.79
2026-03-13,M044,P01,T04,237958.99
2026-03-13,M045,P02,T02,307897.24
2026-03-13,M046,P03,T04,220411.26
2026-03-13,M047,P04,T02,307221.85
2026-03-13,M048,P01,T04,303370.04
2026-03-14,M001,P03,T03,60203.03
2026-03-14,M002,P04,T01,121917.86
2026-03-14,M003,P01,T03,94776.54
2026-03-14,M004,P02,T01,179039.5
2026-03-14,M005,P03,T03,97952.7
2026-03-14,M006,P04,T01,167054.44
2026-03-14,M007,P01,T03,145929.01
2026-03-14,M008,P02,T01,149632.46
2026-03-14,M009,P03,T03,87649.51
2026-03-14,M010,P04,T01,154979.88
2026-03-14,M011,P01,T03,134007.94
2026-03-14,M012,P02,T01,234921.96
2026-03-14,M013,P03,T03,120851.23
2026-03-14,M014,P04,T01,219186.9
2026-03-14,M015,P01,T03,110841.77
2026-03-14,M016,P02,T01,183376.17
2026-03-14,M017,P03,T03,103935.64
2026-03-14,M018,P04,T01,187724.3
2026-03-14,M019,P01,T03,156408.13
2026-03-14,M020,P02,T01,283888.58
2026-03-14,M021,P03,T03,156059.43
2026-03-14,M022,P04,T01,163311.61
2026-03-14,M023,P01,T03,144889.29
2026-03-14,M024,P02,T01,258917.86
2026-03-14,M025,P03,T03,136494.5
2026-03-14,M026,P04,T01,224326.95
2026-03-14,M027,P01,T03,181284.18
2026-03-14,M028,P02,T01,355834.69
2026-03-14,M029,P03,T03,119509.42
2026-03-14,M030,P04,T01,208732.66
2026-03-14,M031,P01,T03,159848.84
2026-03-14,M032,P02,T01,310024.8
2026-03-14,M033,P03,T03,152577.41
2026-03-14,M034,P04,T01,300776.57
2026-03-14,M035,P01,T03,223254.49
2026-03-14,M036,P02,T01,255339.04
2026-03-14,M037,P03,T03,144290.93
2026-03-14,M038,P04,T01,237418.73
2026-03-14,M039,P01,T03,209041.66
2026-03-14,M040,P02,T01,362667.91
2026-03-14,M041,P03,T03,190461.48
2026-03-14,M042,P04,T01,319296.79
2026-03-14,M043,P01,T03,168937.34
2026-03-14,M044,P02,T01,321589.53
2026-03-14,M045,P03,T03,162822.64
2026-03-14,M046,P04,T01,291217.82
2026-03-14,M047,P01,T03,214382.23
2026-03-14,M048,P02,T01,411280.87
2026-03-15,M001,P04,T04,79708.56
2026-03-15,M002,P01,T02,104088.09
2026-03-15,M003,P02,T04,131502.76
2026-03-15,M004,P03,T02,106717.95
2026-03-15,M005,P04,T04,126157.28
2026-03-15,M006,P01,T02,162963.31
2026-03-15,M007,P02,T04,188778.03
2026-03-15,M008,P03,T02,89262.45
2026-03-15,M009,P04,T04,119734.65
2026-03-15,M010,P01,T02,147039.75
2026-03-15,M011,P02,T04,167516.82
2026-03-15,M012,P03,T02,134318.49
2026-03-15,M013,P04,T04,164479.66
2026-03-15,M014,P01,T02,211893.57
2026-03-15,M015,P02,T04,147490.93
2026-03-15,M016,P03,T02,112642.9
2026-03-15,M017,P04,T04,140452.04
2026-03-15,M018,P01,T02,190348.22
2026-03-15,M019,P02,T04,222006.68
2026-03-15,M020,P03,T02,182800.38
2026-03-15,M021,P04,T04,213968.31
2026-03-15,M022,P01,T02,166559.02
2026-03-15,M023,P02,T04,197412.16
2026-03-15,M024,P03,T02,158529.47
2026-03-15,M025,P04,T04,170076.43
2026-03-15,M026,P01,T02,210112.14
2026-03-15,M027,P02,T04,235887.23
2026-03-15,M028,P03,T02,200753.84
2026-03-15,M029,P04,T04,159873.71
2026-03-15,M030,P01,T02,191950.69
2026-03-15,M031,P02,T04,212368.86
2026-03-15,M032,P03,T02,197553.5
2026-03-15,M033,P04,T04,208119.64
2026-03-15,M034,P01,T02,265968.64
2026-03-15,M035,P02,T04,285721.03
2026-03-15,M036,P03,T02,152337.03
2026-03-15,M037,P04,T04,195461.06
2026-03-15,M038,P01,T02,239009.15
2026-03-15,M039,P02,T04,276255.09
2026-03-15,M040,P03,T02,227679.78
2026-03-15,M041,P04,T04,255794.4
2026-03-15,M042,P01,T02,284033.63
2026-03-15,M043,P02,T04,225002.68
2026-03-15,M044,P03,T02,187960.34
2026-03-15,M045,P04,T04,227516.41
2026-03-15,M046,P01,T02,262741.84
2026-03-15,M047,P02,T04,298792.82
2026-03-15,M048,P03,T02,244856.28
2026-03-16,M001,P01,T01,118508.84
2026-03-16,M002,P02,T03,110524.33
2026-03-16,M003,P03,T01,132965.62
2026-03-16,M004,P04,T03,112057.83
2026-03-16,M005,P01,T01,192832.03
2026-03-16,M006,P02,T03,164610.05
2026-03-16,M007,P03,T01,197649.35
2026-03-16,M008,P04,T03,89050.38
2026-03-16,M009,P01,T01,162975.38
2026-03-16,M010,P02,T03,146803.59
2026-03-16,M011,P03,T01,164700.26
2026-03-16,M012,P04,T03,149841.02
2026-03-16,M013,P01,T01,252902.39
2026-03-16,M014,P02,T03,216048.06
2026-03-16,M015,P03,T01,139114.53
2026-03-16,M016,P04,T03,125084.86
2026-03-16,M017,P01,T01,216043.44
2026-03-16,M018,P02,T03,192320.02
2026-03-16,M019,P03,T01,220624.66
2026-03-16,M020,P04,T03,169525.23
2026-03-16,M021,P01,T01,272689.63
2026-03-16,M022,P02,T03,161713.63
2026-03-16,M023,P03,T01,178764.87
2026-03-16,M024,P04,T03,159744.02
2026-03-16,M025,P01,T01,247848.98
2026-03-16,M026,P02,T03,229113.38
2026-03-16,M027,P03,T01,238001.12
2026-03-16,M028,P04,T03,188715.52
2026-03-16,M029,P01,T01,218465.74
2026-03-16,M030,P02,T03,208901.6
2026-03-16,M031,P03,T01,212167.41
2026-03-16,M032,P04,T03,179273.13
2026-03-16,M033,P01,T01,312449.86
2026-03-16,M034,P02,T03,268237.64
2026-03-16,M035,P03,T01,275555.69
2026-03-16,M036,P04,T03,154789.49
2026-03-16,M037,P01,T01,300716.58
2026-03-16,M038,P02,T03,231474.05
2026-03-16,M039,P03,T01,256063.7
2026-03-16,M040,P04,T03,218738.78
2026-03-16,M041,P01,T01,346257.64
2026-03-16,M042,P02,T03,290328.63
2026-03-16,M043,P03,T01,234161.59
2026-03-16,M044,P04,T03,195128.9
2026-03-16,M045,P01,T01,318011.15
2026-03-16,M046,P02,T03,273564.67
2026-03-16,M047,P03,T01,279703.28
2026-03-16,M048,P04,T03,228667.97
2026-03-17,M001,P02,T02,109801.94
2026-03-17,M002,P03,T04,89599.04
2026-03-17,M003,P04,T02,126452.38
2026-03-17,M004,P01,T04,133628.06
2026-03-17,M005,P02,T02,178115.56
2026-03-17,M006,P03,T04,136321.74
2026-03-17,M007,P04,T02,191132.87
2026-03-17,M008,P01,T04,122308.96
2026-03-17,M009,P02,T02,160178.13
2026-03-17,M010,P03,T04,125215.15
2026-03-17,M011,P04,T02,158011.89
2026-03-17,M012,P01,T04,190531.43
2026-03-17,M013,P02,T02,224977.66
2026-03-17,M014,P03,T04,169409.92
2026-03-17,M015,P04,T02,138224.39
2026-03-17,M016,P01,T04,149234.91
2026-03-17,M017,P02,T02,208466.55
2026-03-17,M018,P03,T04,142918.56
2026-03-17,M019,P04,T02,200965.67
2026-03-17,M020,P01,T04,223085.82
2026-03-17,M021,P02,T02,297912.5
2026-03-17,M022,P03,T04,131736.28
2026-03-17,M023,P04,T02,186016.93
2026-03-17,M024,P01,T04,201985.92
2026-03-17,M025,P02,T02,274580.28
2026-03-17,M026,P03,T04,182365.81
2026-03-17,M027,P04,T02,226754.85
2026-03-17,M028,P01,T04,278271.73
2026-03-17,M029,P02,T02,224512.5
2026-03-17,M030,P03,T04,173641.27
2026-03-17,M031,P04,T02,233200.58
2026-03-17,M032,P01,T04,240005.01
2026-03-17,M033,P02,T02,321052.67
2026-03-17,M034,P03,T04,231624.76
2026-03-17,M035,P04,T02,259834.12
2026-03-17,M036,P01,T04,201224.01
2026-03-17,M037,P02,T02,291919.29
2026-03-17,M038,P03,T04,202480.97
2026-03-17,M039,P04,T02,274297.73
2026-03-17,M040,P01,T04,288590.14
2026-03-17,M041,P02,T02,339468.28
2026-03-17,M042,P03,T04,264723.82
2026-03-17,M043,P04,T02,233414.05
2026-03-17,M044,P01,T04,232379.61
2026-03-17,M045,P02,T02,335991.34
2026-03-17,M046,P03,T04,236177.6
2026-03-17,M047,P04,T02,305307.84
2026-03-17,M048,P01,T04,301124.39
2026-03-18,M001,P03,T03,60896.53
2026-03-18,M002,P04,T01,131783.21
2026-03-18,M003,P01,T03,107148.45
2026-03-18,M004,P02,T01,198276.85
2026-03-18,M005,P03,T03,102950.18
2026-03-18,M006,P04,T01,211450.61
2026-03-18,M007,P01,T03,155440.55
2026-03-18,M008,P02,T01,172290.14
2026-03-18,M009,P03,T03,87626.35
2026-03-18,M010,P04,T01,170866.52
2026-03-18,M011,P01,T03,140540.37
2026-03-18,M012,P02,T01,248738.34
2026-03-18,M013,P03,T03,132155.47
2026-03-18,M014,P04,T01,237415.51
2026-03-18,M015,P01,T03,119692.46
2026-03-18,M016,P02,T01,227477.96
2026-03-18,M017,P03,T03,116238.2
2026-03-18,M018,P04,T01,227096.7
2026-03-18,M019,P01,T03,161119.27
2026-03-18,M020,P02,T01,327066.65
2026-03-18,M021,P03,T03,165849.52
2026-03-18,M022,P04,T01,201789.32
2026-03-18,M023,P01,T03,150567.3
2026-03-18,M024,P02,T01,256084.89
2026-03-18,M025,P03,T03,134211.09
2026-03-18,M026,P04,T01,268796.51
2026-03-18,M027,P01,T03,211374.57
2026-03-18,M028,P02,T01,343409.76
2026-03-18,M029,P03,T03,120252.26
2026-03-18,M030,P04,T01,251424.22
2026-03-18,M031,P01,T03,175462.43
2026-03-18,M032,P02,T01,323665.07
2026-03-18,M033,P03,T03,181680.91
2026-03-18,M034,P04,T01,329617.13
2026-03-18,M035,P01,T03,246557.73
2026-03-18,M036,P02,T01,284087.64
2026-03-18,M037,P03,T03,163556.92
2026-03-18,M038,P04,T01,261927.68
2026-03-18,M039,P01,T03,202553.29
2026-03-18,M040,P02,T01,418197.34
2026-03-18,M041,P03,T03,191840.79
2026-03-18,M042,P04,T01,333117.29
2026-03-18,M043,P01,T03,193698.99
2026-03-18,M044,P02,T01,350583.12
2026-03-18,M045,P03,T03,169464.76
2026-03-18,M046,P04,T01,319612.15
2026-03-18,M047,P01,T03,245654.31
2026-03-18,M048,P02,T01,441450.73
2026-03-19,M001,P04,T04,91610.42
2026-03-19,M002,P01,T02,114191.18
2026-03-19,M003,P02,T04,140061.24
2026-03-19,M004,P03,T02,114896.12
2026-03-19,M005,P04,T04,140440.74
2026-03-19,M006,P01,T02,175939.91
2026-03-19,M007,P02,T04,218951.78
2026-03-19,M008,P03,T02,97071.12
2026-03-19,M009,P04,T04,119223.68
2026-03-19,M010,P01,T02,158104.6
2026-03-19,M011,P02,T04,182650.62
2026-03-19,M012,P03,T02,156596.54
2026-03-19,M013,P04,T04,181217.25
2026-03-19,M014,P01,T02,217280.28
2026-03-19,M015,P02,T04,163450.0
2026-03-19,M016,P03,T02,135466.41
2026-03-19,M017,P04,T04,168082.32
2026-03-19,M018,P01,T02,194573.34
2026-03-19,M019,P02,T04,248316.46
2026-03-19,M020,P03,T02,187001.99
2026-03-19,M021,P04,T04,227443.41
2026-03-19,M022,P01,T02,188035.83
2026-03-19,M023,P02,T04,208354.37
2026-03-19,M024,P03,T02,179087.34
2026-03-19,M025,P04,T04,199703.59
2026-03-19,M026,P01,T02,245042.85
2026-03-19,M027,P02,T04,282527.93
2026-03-19,M028,P03,T02,212321.12
2026-03-19,M029,P04,T04,165637.47
2026-03-19,M030,P01,T02,215389.68
2026-03-19,M031,P02,T04,257166.76
2026-03-19,M032,P03,T02,215714.3
2026-03-19,M033,P04,T04,226704.41
2026-03-19,M034,P01,T02,264967.55
2026-03-19,M035,P02,T04,324151.9
2026-03-19,M036,P03,T02,186325.68
2026-03-19,M037,P04,T04,199108.76
2026-03-19,M038,P01,T02,260394.19
2026-03-19,M039,P02,T04,295604.03
2026-03-19,M040,P03,T02,239927.81
2026-03-19,M041,P04,T04,270005.67
2026-03-19,M042,P01,T02,352178.15
2026-03-19,M043,P02,T04,255712.73
2026-03-19,M044,P03,T02,211662.08
2026-03-19,M045,P04,T04,251823.12
2026-03-19,M046,P01,T02,281820.22
2026-03-19,M047,P02,T04,324110.77
2026-03-19,M048,P03,T02,278840.14
2026-03-20,M001,P01,T01,114982.04
2026-03-20,M002,P02,T03,108226.39
2026-03-20,M003,P03,T01,122064.91
2026-03-20,M004,P04,T03,111213.95
2026-03-20,M005,P01,T01,208409.3
2026-03-20,M006,P02,T03,162197.87
2026-03-20,M007,P03,T01,203541.27
2026-03-20,M008,P04,T03,97871.87
2026-03-20,M009,P01,T01,175658.12
2026-03-20,M010,P02,T03,153034.62
2026-03-20,M011,P03,T01,171586.48
2026-03-20,M012,P04,T03,139601.29
2026-03-20,M013,P01,T01,253342.32
2026-03-20,M014,P02,T03,209027.91
2026-03-20,M015,P03,T01,149455.19
2026-03-20,M016,P04,T03,124148.88
2026-03-20,M017,P01,T01,204645.0
2026-03-20,M018,P02,T03,179319.76
2026-03-20,M019,P03,T01,200385.44
2026-03-20,M020,P04,T03,163638.23
2026-03-20,M021,P01,T01,289602.78
2026-03-20,M022,P02,T03,163017.07
2026-03-20,M023,P03,T01,183206.83
2026-03-20,M024,P04,T03,143272.26
2026-03-20,M025,P01,T01,273796.94
2026-03-20,M026,P02,T03,204852.77
2026-03-20,M027,P03,T01,258909.7
2026-03-20,M028,P04,T03,204926.71
2026-03-20,M029,P01,T01,213403.12
2026-03-20,M030,P02,T03,199289.39
2026-03-20,M031,P03,T01,236645.07
2026-03-20,M032,P04,T03,191647.14
2026-03-20,M033,P01,T01,314386.89
2026-03-20,M034,P02,T03,269262.26
2026-03-20,M035,P03,T01,268035.84
2026-03-20,M036,P04,T03,165774.56
2026-03-20,M037,P01,T01,282457.07
2026-03-20,M038,P02,T03,234471.45
2026-03-20,M039,P03,T01,242405.27
2026-03-20,M040,P04,T03,230389.9
2026-03-20,M041,P01,T01,343827.25
2026-03-20,M042,P02,T03,299488.88
2026-03-20,M043,P03,T01,249419.39
2026-03-20,M044,P04,T03,203341.96
2026-03-20,M045,P01,T01,330606.63
2026-03-20,M046,P02,T03,261227.29
2026-03-20,M047,P03,T01,304625.54
2026-03-20,M048,P04,T03,228768.25
2026-03-21,M001,P02,T02,106323.74
2026-03-21,M002,P03,T04,78971.8
2026-03-21,M003,P04,T02,121247.92
2026-03-21,M004,P01,T04,131050.47
2026-03-21,M005,P02,T02,160088.58
2026-03-21,M006,P03,T04,126653.18
2026-03-21,M007,P04,T02,178323.04
2026-03-21,M008,P01,T04,106274.64
2026-03-21,M009,P02,T02,148723.13
2026-03-21,M010,P03,T04,100422.77
2026-03-21,M011,P04,T02,143136.42
2026-03-21,M012,P01,T04,168958.62
2026-03-21,M013,P02,T02,218657.9
2026-03-21,M014,P03,T04,156495.67
2026-03-21,M015,P04,T02,127745.03
2026-03-21,M016,P01,T04,151806.47
2026-03-21,M017,P02,T02,201973.88
2026-03-21,M018,P03,T04,137987.92
2026-03-21,M019,P04,T02,182772.43
2026-03-21,M020,P01,T04,196873.4
2026-03-21,M021,P02,T02,252678.67
2026-03-21,M022,P03,T04,111263.48
2026-03-21,M023,P04,T02,155207.49
2026-03-21,M024,P01,T04,185001.79
2026-03-21,M025,P02,T02,239084.97
2026-03-21,M026,P03,T04,157925.1
2026-03-21,M027,P04,T02,232267.29
2026-03-21,M028,P01,T04,218098.99
2026-03-21,M029,P02,T02,218486.27
2026-03-21,M030,P03,T04,156030.31
2026-03-21,M031,P04,T02,182215.99
2026-03-21,M032,P01,T04,196261.13
2026-03-21,M033,P02,T02,278494.26
2026-03-21,M034,P03,T04,189280.18
2026-03-21,M035,P04,T02,252557.51
2026-03-21,M036,P01,T04,185219.66
2026-03-21,M037,P02,T02,262108.6
2026-03-21,M038,P03,T04,167180.43
2026-03-21,M039,P04,T02,215113.4
2026-03-21,M040,P01,T04,264401.33
2026-03-21,M041,P02,T02,305716.42
2026-03-21,M042,P03,T04,239870.72
2026-03-21,M043,P04,T02,199641.21
2026-03-21,M044,P01,T04,212185.32
2026-03-21,M045,P02,T02,302234.23
2026-03-21,M046,P03,T04,212288.86
2026-03-21,M047,P04,T02,273381.87
2026-03-21,M048,P01,T04,263447.06
2026-03-22,M001,P03,T03,60733.39
2026-03-22,M002,P04,T01,105629.88
2026-03-22,M003,P01,T03,92051.01
2026-03-22,M004,P02,T01,180105.56
2026-03-22,M005,P03,T03,96791.02
2026-03-22,M006,P04,T01,174972.99
2026-03-22,M007,P01,T03,148431.67
2026-03-22,M008,P02,T01,156867.48
2026-03-22,M009,P03,T03,75156.9
2026-03-22,M010,P04,T01,143883.95
2026-03-22,M011,P01,T03,128971.13
2026-03-22,M012,P02,T01,213842.96
2026-03-22,M013,P03,T03,112675.09
2026-03-22,M014,P04,T01,210693.76
2026-03-22,M015,P01,T03,107978.78
2026-03-22,M016,P02,T01,206731.43
2026-03-22,M017,P03,T03,112220.79
2026-03-22,M018,P04,T01,198339.52
2026-03-22,M019,P01,T03,161618.89
2026-03-22,M020,P02,T01,278121.7
2026-03-22,M021,P03,T03,143359.72
2026-03-22,M022,P04,T01,181007.64
2026-03-22,M023,P01,T03,134838.35
2026-03-22,M024,P02,T01,234910.87
2026-03-22,M025,P03,T03,138738.05
2026-03-22,M026,P04,T01,245636.45
2026-03-22,M027,P01,T03,199017.24
2026-03-22,M028,P02,T01,344908.93
2026-03-22,M029,P03,T03,122843.32
2026-03-22,M030,P04,T01,205096.13
2026-03-22,M031,P01,T03,160885.43
2026-03-22,M032,P02,T01,276785.13
2026-03-22,M033,P03,T03,164352.32
2026-03-22,M034,P04,T01,292563.39
2026-03-22,M035,P01,T03,213976.01
2026-03-22,M036,P02,T01,280554.79
2026-03-22,M037,P03,T03,133138.05
2026-03-22,M038,P04,T01,271694.26
2026-03-22,M039,P01,T03,190276.0
2026-03-22,M040,P02,T01,357727.85
2026-03-22,M041,P03,T03,180184.91
2026-03-22,M042,P04,T01,338247.14
2026-03-22,M043,P01,T03,181881.94
2026-03-22,M044,P02,T01,297072.71
2026-03-22,M045,P03,T03,171112.16
2026-03-22,M046,P04,T01,274503.92
2026-03-22,M047,P01,T03,219284.18
2026-03-22,M048,P02,T01,391412.88
2026-03-23,M001,P04,T04,90036.97
2026-03-23,M002,P01,T02,114952.33
2026-03-23,M003,P02,T04,144227.59
2026-03-23,M004,P03,T02,120647.01
2026-03-23,M005,P04,T04,136887.01
2026-03-23,M006,P01,T02,192400.15
2026-03-23,M007,P02,T04,214900.67
2026-03-23,M008,P03,T02,101925.37
2026-03-23,M009,P04,T04,131903.63
2026-03-23,M010,P01,T02,161336.26
2026-03-23,M011,P02,T04,179301.58
2026-03-23,M012,P03,T02,160939.36
2026-03-23,M013,P04,T04,191823.47
2026-03-23,M014,P01,T02,245467.2
2026-03-23,M015,P02,T04,165232.01
2026-03-23,M016,P03,T02,140646.99
2026-03-23,M017,P04,T04,147798.09
2026-03-23,M018,P01,T02,189664.21
2026-03-23,M019,P02,T04,220400.83
2026-03-23,M020,P03,T02,189729.58
2026-03-23,M021,P04,T04,221094.26
2026-03-23,M022,P01,T02,160551.33
2026-03-23,M023,P02,T04,207419.45
2026-03-23,M024,P03,T02,182150.05
2026-03-23,M025,P04,T04,197713.28
2026-03-23,M026,P01,T02,246114.84
2026-03-23,M027,P02,T04,257068.77
2026-03-23,M028,P03,T02,209853.46
2026-03-23,M029,P04,T04,173399.22
2026-03-23,M030,P01,T02,208315.52
2026-03-23,M031,P02,T04,244152.12
2026-03-23,M032,P03,T02,205725.91
2026-03-23,M033,P04,T04,238780.28
2026-03-23,M034,P01,T02,286918.6
2026-03-23,M035,P02,T04,320037.73
2026-03-23,M036,P03,T02,178654.35
2026-03-23,M037,P04,T04,204673.94
2026-03-23,M038,P01,T02,247086.67
2026-03-23,M039,P02,T04,302139.67
2026-03-23,M040,P03,T02,220406.7
2026-03-23,M041,P04,T04,264510.01
2026-03-23,M042,P01,T02,339699.02
2026-03-23,M043,P02,T04,285385.24
2026-03-23,M044,P03,T02,232521.94
2026-03-23,M045,P04,T04,248755.57
2026-03-23,M046,P01,T02,312074.01
2026-03-23,M047,P02,T04,356155.42
2026-03-23,M048,P03,T02,276074.78
2026-03-24,M001,P01,T01,110230.34
2026-03-24,M002,P02,T03,101998.74
2026-03-24,M003,P03,T01,131228.42
2026-03-24,M004,P04,T03,108336.93
2026-03-24,M005,P01,T01,180832.89
2026-03-24,M006,P02,T03,170682.35
2026-03-24,M007,P03,T01,179843.48
2026-03-24,M008,P04,T03,94189.82
2026-03-24,M009,P01,T01,153530.22
2026-03-24,M010,P02,T03,145266.33
2026-03-24,M011,P03,T01,173014.72
2026-03-24,M012,P04,T03,146496.77
2026-03-24,M013,P01,T01,258185.31
2026-03-24,M014,P02,T03,211655.06
2026-03-24,M015,P03,T01,147386.97
2026-03-24,M016,P04,T03,118987.49
2026-03-24,M017,P01,T01,200661.74
2026-03-24,M018,P02,T03,181183.35
2026-03-24,M019,P03,T01,209213.74
2026-03-24,M020,P04,T03,185397.39
2026-03-24,M021,P01,T01,278605.91
2026-03-24,M022,P02,T03,155330.0
2026-03-24,M023,P03,T01,178035.63
2026-03-24,M024,P04,T03,147470.24
2026-03-24,M025,P01,T01,248757.22
2026-03-24,M026,P02,T03,225388.24
2026-03-24,M027,P03,T01,258694.81
2026-03-24,M028,P04,T03,211686.72
2026-03-24,M029,P01,T01,245361.12
2026-03-24,M030,P02,T03,188298.84
2026-03-24,M031,P03,T01,210379.39
2026-03-24,M032,P04,T03,197695.78
2026-03-24,M033,P01,T01,293759.35
2026-03-24,M034,P02,T03,239599.72
2026-03-24,M035,P03,T01,268630.42
2026-03-24,M036,P04,T03,153869.86
2026-03-24,M037,P01,T01,290174.06
2026-03-24,M038,P02,T03,213602.88
2026-03-24,M039,P03,T01,279608.9
2026-03-24,M040,P04,T03,198895.87
2026-03-24,M041,P01,T01,362508.47
2026-03-24,M042,P02,T03,272471.02
2026-03-24,M043,P03,T01,217702.9
2026-03-24,M044,P04,T03,182867.44
2026-03-24,M045,P01,T01,339414.43
2026-03-24,M046,P02,T03,290033.71
2026-03-24,M047,P03,T01,299343.35
2026-03-24,M048,P04,T03,258893.18
2026-03-25,M001,P02,T02,112442.03
2026-03-25,M002,P03,T04,92951.05
2026-03-25,M003,P04,T02,118208.88
2026-03-25,M004,P01,T04,132880.32
2026-03-25,M005,P02,T02,181318.93
2026-03-25,M006,P03,T04,132565.65
2026-03-25,M007,P04,T02,175887.21
2026-03-25,M008,P01,T04,113765.2
2026-03-25,M009,P02,T02,164975.14
2026-03-25,M010,P03,T04,124980.21
2026-03-25,M011,P04,T02,174942.38
2026-03-25,M012,P01,T04,189514.59
2026-03-25,M013,P02,T02,244813.6
2026-03-25,M014,P03,T04,183916.2
2026-03-25,M015,P04,T02,136476.01
2026-03-25,M016,P01,T04,151975.13
2026-03-25,M017,P02,T02,220990.78
2026-03-25,M018,P03,T04,148333.94
2026-03-25,M019,P04,T02,214331.5
2026-03-25,M020,P01,T04,216793.21
2026-03-25,M021,P02,T02,278467.38
2026-03-25,M022,P03,T04,138530.17
2026-03-25,M023,P04,T02,189365.43
2026-03-25,M024,P01,T04,182717.64
2026-03-25,M025,P02,T02,251597.08
2026-03-25,M026,P03,T04,187054.34
2026-03-25,M027,P04,T02,258129.76
2026-03-25,M028,P01,T04,280830.89
2026-03-25,M029,P02,T02,212206.89
2026-03-25,M030,P03,T04,163802.44
2026-03-25,M031,P04,T02,231936.19
2026-03-25,M032,P01,T04,222577.91
2026-03-25,M033,P02,T02,323007.22
2026-03-25,M034,P03,T04,206887.15
2026-03-25,M035,P04,T02,285222.81
2026-03-25,M036,P01,T04,201682.95
2026-03-25,M037,P02,T02,288053.99
2026-03-25,M038,P03,T04,191208.77
2026-03-25,M039,P04,T02,241349.17
2026-03-25,M040,P01,T04,267634.51
2026-03-25,M041,P02,T02,355992.07
2026-03-25,M042,P03,T04,263741.85
2026-03-25,M043,P04,T02,228424.37
2026-03-25,M044,P01,T04,261075.99
2026-03-25,M045,P02,T02,342469.77
2026-03-25,M046,P03,T04,238581.25
2026-03-25,M047,P04,T02,273710.96
2026-03-25,M048,P01,T04,308908.23
2026-03-26,M001,P03,T03,68006.72
2026-03-26,M002,P04,T01,123968.12
2026-03-26,M003,P01,T03,106913.25
2026-03-26,M004,P02,T01,184743.78
2026-03-26,M005,P03,T03,105747.07
2026-03-26,M006,P04,T01,193489.95
2026-03-26,M007,P01,T03,168833.67
2026-03-26,M008,P02,T01,166149.93
2026-03-26,M009,P03,T03,90093.13
2026-03-26,M010,P04,T01,171772.07
2026-03-26,M011,P01,T03,147958.06
2026-03-26,M012,P02,T01,257551.8
2026-03-26,M013,P03,T03,142807.59
2026-03-26,M014,P04,T01,228722.44
2026-03-26,M015,P01,T03,123318.58
2026-03-26,M016,P02,T01,214860.23
2026-03-26,M017,P03,T03,117247.92
2026-03-26,M018,P04,T01,203891.88
2026-03-26,M019,P01,T03,163433.95
2026-03-26,M020,P02,T01,319100.58
2026-03-26,M021,P03,T03,164547.5
2026-03-26,M022,P04,T01,195237.86
2026-03-26,M023,P01,T03,149448.14
2026-03-26,M024,P02,T01,260350.62
2026-03-26,M025,P03,T03,142398.07
2026-03-26,M026,P04,T01,244398.77
2026-03-26,M027,P01,T03,202427.46
2026-03-26,M028,P02,T01,349827.67
2026-03-26,M029,P03,T03,131560.06
2026-03-26,M030,P04,T01,219436.45
2026-03-26,M031,P01,T03,198492.7
2026-03-26,M032,P02,T01,355138.54
2026-03-26,M033,P03,T03,178700.39
2026-03-26,M034,P04,T01,312964.93
2026-03-26,M035,P01,T03,251627.92
2026-03-26,M036,P02,T01,284782.75
2026-03-26,M037,P03,T03,153914.9
2026-03-26,M038,P04,T01,275126.05
2026-03-26,M039,P01,T03,201451.15
2026-03-26,M040,P02,T01,401801.53
2026-03-26,M041,P03,T03,204979.68
2026-03-26,M042,P04,T01,348675.74
2026-03-26,M043,P01,T03,200941.26
2026-03-26,M044,P02,T01,326747.98
2026-03-26,M045,P03,T03,181105.54
2026-03-26,M046,P04,T01,347270.0
2026-03-26,M047,P01,T03,250720.23
2026-03-26,M048,P02,T01,459199.84
2026-03-27,M001,P04,T04,80716.24
2026-03-27,M002,P01,T02,113512.48
2026-03-27,M003,P02,T04,131325.0
2026-03-27,M004,P03,T02,124804.23
2026-03-27,M005,P04,T04,136300.64
2026-03-27,M006,P01,T02,171877.66
2026-03-27,M007,P02,T04,222459.93
2026-03-27,M008,P03,T02,95385.35
2026-03-27,M009,P04,T04,116671.3
2026-03-27,M010,P01,T02,165262.72
2026-03-27,M011,P02,T04,199984.65
2026-03-27,M012,P03,T02,163163.08
2026-03-27,M013,P04,T04,182872.93
2026-03-27,M014,P01,T02,227479.89
2026-03-27,M015,P02,T04,152739.99
2026-03-27,M016,P03,T02,142097.73
2026-03-27,M017,P04,T04,167956.26
2026-03-27,M018,P01,T02,186813.13
2026-03-27,M019,P02,T04,237298.61
2026-03-27,M020,P03,T02,197164.05
2026-03-27,M021,P04,T04,222380.32
2026-03-27,M022,P01,T02,168104.96
2026-03-27,M023,P02,T04,217802.91
2026-03-27,M024,P03,T02,168938.41
2026-03-27,M025,P04,T04,192023.68
2026-03-27,M026,P01,T02,239008.91
2026-03-27,M027,P02,T04,268410.89
2026-03-27,M028,P03,T02,227572.47
2026-03-27,M029,P04,T04,185985.61
2026-03-27,M030,P01,T02,209555.9
2026-03-27,M031,P02,T04,243255.46
2026-03-27,M032,P03,T02,195647.32
2026-03-27,M033,P04,T04,233829.29
2026-03-27,M034,P01,T02,299874.09
2026-03-27,M035,P02,T04,319113.94
2026-03-27,M036,P03,T02,180279.19
2026-03-27,M037,P04,T04,221606.21
2026-03-27,M038,P01,T02,252642.79
2026-03-27,M039,P02,T04,275412.14
2026-03-27,M040,P03,T02,238343.43
2026-03-27,M041,P04,T04,257045.16
2026-03-27,M042,P01,T02,350621.44
2026-03-27,M043,P02,T04,282238.48
2026-03-27,M044,P03,T02,228503.85
2026-03-27,M045,P04,T04,232832.45
2026-03-27,M046,P01,T02,324492.78
2026-03-27,M047,P02,T04,343488.46
2026-03-27,M048,P03,T02,292246.05
2026-03-28,M001,P01,T01,111625.91
2026-03-28,M002,P02,T03,95061.09
2026-03-28,M003,P03,T01,121835.59
2026-03-28,M004,P04,T03,91720.11
2026-03-28,M005,P01,T01,171591.26
2026-03-28,M006,P02,T03,146765.02
2026-03-28,M007,P03,T01,182388.63
2026-03-28,M008,P04,T03,79165.0
2026-03-28,M009,P01,T01,158986.53
2026-03-28,M010,P02,T03,124125.53
2026-03-28,M011,P03,T01,151207.88
2026-03-28,M012,P04,T03,121827.97
2026-03-28,M013,P01,T01,215809.19
2026-03-28,M014,P02,T03,169986.39
2026-03-28,M015,P03,T01,116776.31
2026-03-28,M016,P04,T03,109102.97
2026-03-28,M017,P01,T01,207795.68
2026-03-28,M018,P02,T03,168049.93
2026-03-28,M019,P03,T01,190634.74
2026-03-28,M020,P04,T03,151053.72
2026-03-28,M021,P01,T01,267336.98
2026-03-28,M022,P02,T03,149101.9
2026-03-28,M023,P03,T01,172154.55
2026-03-28,M024,P04,T03,136249.17
2026-03-28,M025,P01,T01,244050.26
2026-03-28,M026,P02,T03,196835.44
2026-03-28,M027,P03,T01,205993.12
2026-03-28,M028,P04,T03,180598.87
2026-03-28,M029,P01,T01,205909.4
2026-03-28,M030,P02,T03,161740.48
2026-03-28,M031,P03,T01,202993.57
2026-03-28,M032,P04,T03,172772.98
2026-03-28,M033,P01,T01,293493.73
2026-03-28,M034,P02,T03,248042.25
2026-03-28,M035,P03,T01,269209.31
2026-03-28,M036,P04,T03,141466.82
2026-03-28,M037,P01,T01,239899.85
2026-03-28,M038,P02,T03,209286.56
2026-03-28,M039,P03,T01,237860.2
2026-03-28,M040,P04,T03,201883.55
2026-03-28,M041,P01,T01,300544.79
2026-03-28,M042,P02,T03,256949.25
2026-03-28,M043,P03,T01,210584.76
2026-03-28,M044,P04,T03,173178.65
2026-03-28,M045,P01,T01,300233.5
2026-03-28,M046,P02,T03,262424.04
2026-03-28,M047,P03,T01,275281.48
2026-03-28,M048,P04,T03,216177.5
2026-03-29,M001,P02,T02,96303.57
2026-03-29,M002,P03,T04,74102.31
2026-03-29,M003,P04,T02,118147.84
2026-03-29,M004,P01,T04,129566.7
2026-03-29,M005,P02,T02,167930.25
2026-03-29,M006,P03,T04,126815.12
2026-03-29,M007,P04,T02,157861.48
2026-03-29,M008,P01,T04,109992.49
2026-03-29,M009,P02,T02,141785.0
2026-03-29,M010,P03,T04,104598.42
2026-03-29,M011,P04,T02,146661.26
2026-03-29,M012,P01,T04,165292.63
2026-03-29,M013,P02,T02,207449.76
2026-03-29,M014,P03,T04,161720.63
2026-03-29,M015,P04,T02,124655.83
2026-03-29,M016,P01,T04,132806.29
2026-03-29,M017,P02,T02,192465.58
2026-03-29,M018,P03,T04,145378.82
2026-03-29,M019,P04,T02,181419.79
2026-03-29,M020,P01,T04,201887.24
2026-03-29,M021,P02,T02,264851.12
2026-03-29,M022,P03,T04,113427.06
2026-03-29,M023,P04,T02,149909.38
2026-03-29,M024,P01,T04,163578.77
2026-03-29,M025,P02,T02,233572.75
2026-03-29,M026,P03,T04,156933.8
2026-03-29,M027,P04,T02,224194.22
2026-03-29,M028,P01,T04,242192.62
2026-03-29,M029,P02,T02,216131.86
2026-03-29,M030,P03,T04,142736.22
2026-03-29,M031,P04,T02,184973.88
2026-03-29,M032,P01,T04,202651.81
2026-03-29,M033,P02,T02,277441.41
2026-03-29,M034,P03,T04,187107.17
2026-03-29,M035,P04,T02,266309.17
2026-03-29,M036,P01,T04,199548.06
2026-03-29,M037,P02,T02,257297.78
2026-03-29,M038,P03,T04,173790.61
2026-03-29,M039,P04,T02,229260.06
2026-03-29,M040,P01,T04,246177.49
2026-03-29,M041,P02,T02,336597.89
2026-03-29,M042,P03,T04,225422.3
2026-03-29,M043,P04,T02,196129.02
2026-03-29,M044,P01,T04,213610.75
2026-03-29,M045,P02,T02,276596.14
2026-03-29,M046,P03,T04,195933.08
2026-03-29,M047,P04,T02,288703.35
2026-03-29,M048,P01,T04,264450.03
2026-03-30,M001,P03,T03,63423.14
2026-03-30,M002,P04,T01,117836.1
2026-03-30,M003,P01,T03,104626.17
2026-03-30,M004,P02,T01,205638.38
2026-03-30,M005,P03,T03,106692.91
2026-03-30,M006,P04,T01,188986.57
2026-03-30,M007,P01,T03,158067.17
2026-03-30,M008,P02,T01,165964.99
2026-03-30,M009,P03,T03,93800.78
2026-03-30,M010,P04,T01,183337.69
2026-03-30,M011,P01,T03,147136.84
2026-03-30,M012,P02,T01,237347.47
2026-03-30,M013,P03,T03,139425.22
2026-03-30,M014,P04,T01,230297.7
2026-03-30,M015,P01,T03,113506.16
2026-03-30,M016,P02,T01,226057.47
2026-03-30,M017,P03,T03,114311.06
2026-03-30,M018,P04,T01,206536.62
2026-03-30,M019,P01,T03,179876.23
2026-03-30,M020,P02,T01,311612.61
2026-03-30,M021,P03,T03,167672.37
2026-03-30,M022,P04,T01,183040.99
2026-03-30,M023,P01,T03,139025.18
2026-03-30,M024,P02,T01,288312.46
2026-03-30,M025,P03,T03,137877.58
2026-03-30,M026,P04,T01,263104.24
2026-03-30,M027,P01,T03,218140.95
2026-03-30,M028,P02,T01,395802.19
2026-03-30,M029,P03,T03,124424.55
2026-03-30,M030,P04,T01,215800.17
2026-03-30,M031,P01,T03,171151.01
2026-03-30,M032,P02,T01,327110.43
2026-03-30,M033,P03,T03,180703.0
2026-03-30,M034,P04,T01,289093.47
2026-03-30,M035,P01,T03,220461.16
2026-03-30,M036,P02,T01,294680.1
2026-03-30,M037,P03,T03,150474.76
2026-03-30,M038,P04,T01,259312.77
2026-03-30,M039,P01,T03,223374.45
2026-03-30,M040,P02,T01,393094.35
2026-03-30,M041,P03,T03,204632.65
2026-03-30,M042,P04,T01,367889.88
2026-03-30,M043,P01,T03,200559.49
2026-03-30,M044,P02,T01,358378.39
2026-03-30,M045,P03,T03,192738.13
2026-03-30,M046,P04,T01,350090.83
2026-03-30,M047,P01,T03,257403.79
2026-03-30,M048,P02,T01,442033.15
2026-03-31,M001,P04,T04,87083.97
2026-03-31,M002,P01,T02,121805.88
2026-03-31,M003,P02,T04,146358.86
2026-03-31,M004,P03,T02,131898.06
2026-03-31,M005,P04,T04,153921.88
2026-03-31,M006,P01,T02,180679.48
2026-03-31,M007,P02,T04,224902.23
2026-03-31,M008,P03,T02,102636.42
2026-03-31,M009,P04,T04,124371.41
2026-03-31,M010,P01,T02,149426.2
2026-03-31,M011,P02,T04,183207.59
2026-03-31,M012,P03,T02,149227.05
2026-03-31,M013,P04,T04,187034.35
2026-03-31,M014,P01,T02,236560.47
2026-03-31,M015,P02,T04,169912.74
2026-03-31,M016,P03,T02,137801.54
2026-03-31,M017,P04,T04,170085.38
2026-03-31,M018,P01,T02,203553.05
2026-03-31,M019,P02,T04,250670.44
2026-03-31,M020,P03,T02,191819.48
2026-03-31,M021,P04,T04,216436.18
2026-03-31,M022,P01,T02,182700.68
2026-03-31,M023,P02,T04,212745.73
2026-03-31,M024,P03,T02,178156.91
2026-03-31,M025,P04,T04,190579.37
2026-03-31,M026,P01,T02,237396.27
2026-03-31,M027,P02,T04,274953.13
2026-03-31,M028,P03,T02,227195.65
2026-03-31,M029,P04,T04,179422.18
2026-03-31,M030,P01,T02,213778.3
2026-03-31,M031,P02,T04,249341.63
2026-03-31,M032,P03,T02,199400.79
2026-03-31,M033,P04,T04,220278.04
2026-03-31,M034,P01,T02,291070.12
2026-03-31,M035,P02,T04,348904.76
2026-03-31,M036,P03,T02,186842.84
2026-03-31,M037,P04,T04,219796.91
2026-03-31,M038,P01,T02,256857.47
2026-03-31,M039,P02,T04,273601.18
2026-03-31,M040,P03,T02,230968.33
2026-03-31,M041,P04,T04,288240.13
2026-03-31,M042,P01,T02,327049.36
2026-03-31,M043,P02,T04,249332.53
2026-03-31,M044,P03,T02,231382.5
2026-03-31,M045,P04,T04,236528.84
2026-03-31,M046,P01,T02,279245.2
2026-03-31,M047,P02,T04,365973.49
2026-03-31,M048,P03,T02,278523.54
2026-04-01,M001,P02,T02,119322.16
2026-04-01,M002,P03,T04,86055.66
2026-04-01,M003,P04,T02,131533.13
2026-04-01,M004,P01,T04,132247.34
2026-04-01,M005,P02,T02,199495.12
2026-04-01,M006,P03,T04,135638.4
2026-04-01,M007,P04,T02,184923.81
2026-04-01,M008,P01,T04,121117.56
2026-04-01,M009,P02,T02,151587.35
2026-04-01,M010,P03,T04,124770.7
2026-04-01,M011,P04,T02,162876.6
2026-04-01,M012,P01,T04,178421.37
2026-04-01,M013,P02,T02,240506.45
2026-04-01,M014,P03,T04,181882.01
2026-04-01,M015,P04,T02,140442.79
2026-04-01,M016,P01,T04,168495.05
2026-04-01,M017,P02,T02,203784.56
2026-04-01,M018,P03,T04,156102.61
2026-04-01,M019,P04,T02,221155.0
2026-04-01,M020,P01,T04,239167.76
2026-04-01,M021,P02,T02,274228.94
2026-04-01,M022,P03,T04,133105.26
2026-04-01,M023,P04,T02,172641.36
2026-04-01,M024,P01,T04,182107.94
2026-04-01,M025,P02,T02,256408.59
2026-04-01,M026,P03,T04,197154.33
2026-04-01,M027,P04,T02,246637.37
2026-04-01,M028,P01,T04,276776.59
2026-04-01,M029,P02,T02,244405.37
2026-04-01,M030,P03,T04,169751.06
2026-04-01,M031,P04,T02,210108.77
2026-04-01,M032,P01,T04,239311.2
2026-04-01,M033,P02,T02,285503.86
2026-04-01,M034,P03,T04,227541.51
2026-04-01,M035,P04,T02,295907.8
2026-04-01,M036,P01,T04,220510.82
2026-04-01,M037,P02,T02,278631.8
2026-04-01,M038,P03,T04,186030.44
2026-04-01,M039,P04,T02,240018.66
2026-04-01,M040,P01,T04,287143.79
2026-04-01,M041,P02,T02,333361.16
2026-04-01,M042,P03,T04,248789.11
2026-04-01,M043,P04,T02,224254.82
2026-04-01,M044,P01,T04,253854.91
2026-04-01,M045,P02,T02,319927.18
2026-04-01,M046,P03,T04,218122.9
2026-04-01,M047,P04,T02,278644.37
2026-04-01,M048,P01,T04,323262.2
2026-04-02,M001,P03,T03,67496.98
2026-04-02,M002,P04,T01,130286.83
2026-04-02,M003,P01,T03,107674.66
2026-04-02,M004,P02,T01,215318.28
2026-04-02,M005,P03,T03,104283.75
2026-04-02,M006,P04,T01,209741.56
2026-04-02,M007,P01,T03,152892.81
2026-04-02,M008,P02,T01,153410.7
2026-04-02,M009,P03,T03,85112.67
2026-04-02,M010,P04,T01,172531.89
2026-04-02,M011,P01,T03,132288.66
2026-04-02,M012,P02,T01,269279.77
2026-04-02,M013,P03,T03,127314.78
2026-04-02,M014,P04,T01,250456.67
2026-04-02,M015,P01,T03,120405.56
2026-04-02,M016,P02,T01,215497.1
2026-04-02,M017,P03,T03,120381.86
2026-04-02,M018,P04,T01,206080.89
2026-04-02,M019,P01,T03,162291.48
2026-04-02,M020,P02,T01,335332.79
2026-04-02,M021,P03,T03,164979.28
2026-04-02,M022,P04,T01,192619.82
2026-04-02,M023,P01,T03,146062.63
2026-04-02,M024,P02,T01,273612.92
2026-04-02,M025,P03,T03,137033.0
2026-04-02,M026,P04,T01,265765.09
2026-04-02,M027,P01,T03,199591.56
2026-04-02,M028,P02,T01,370543.91
2026-04-02,M029,P03,T03,132671.9
2026-04-02,M030,P04,T01,221329.03
2026-04-02,M031,P01,T03,186154.75
2026-04-02,M032,P02,T01,315698.11
2026-04-02,M033,P03,T03,170298.13
2026-04-02,M034,P04,T01,310510.19
2026-04-02,M035,P01,T03,242396.91
2026-04-02,M036,P02,T01,283587.21
2026-04-02,M037,P03,T03,144538.34
2026-04-02,M038,P04,T01,271856.52
2026-04-02,M039,P01,T03,215573.62
2026-04-02,M040,P02,T01,397797.85
2026-04-02,M041,P03,T03,211468.19
2026-04-02,M042,P04,T01,385226.31
2026-04-02,M043,P01,T03,210893.1
2026-04-02,M044,P02,T01,363773.9
2026-04-02,M045,P03,T03,189733.02
2026-04-02,M046,P04,T01,312380.45
2026-04-02,M047,P01,T03,250510.81
2026-04-02,M048,P02,T01,425046.59
2026-04-03,M001,P04,T04,85328.26
2026-04-03,M002,P01,T02,118942.63
2026-04-03,M003,P02,T04,141988.62
2026-04-03,M004,P03,T02,132832.73
2026-04-03,M005,P04,T04,154581.19
2026-04-03,M006,P01,T02,191870.65
2026-04-03,M007,P02,T04,224790.62
2026-04-03,M008,P03,T02,100450.15
2026-04-03,M009,P04,T04,126160.32
2026-04-03,M010,P01,T02,153902.09
2026-04-03,M011,P02,T04,185884.07
2026-04-03,M012,P03,T02,164998.66
2026-04-03,M013,P04,T04,197459.56
2026-04-03,M014,P01,T02,227721.77
2026-04-03,M015,P02,T04,151062.74
2026-04-03,M016,P03,T02,145146.38
2026-04-03,M017,P04,T04,156297.41
2026-04-03,M018,P01,T02,218322.77
2026-04-03,M019,P02,T04,229295.69
2026-04-03,M020,P03,T02,187219.75
2026-04-03,M021,P04,T04,215175.77
2026-04-03,M022,P01,T02,179088.77
2026-04-03,M023,P02,T04,199760.61
2026-04-03,M024,P03,T02,180139.69
2026-04-03,M025,P04,T04,213556.56
2026-04-03,M026,P01,T02,239557.1
2026-04-03,M027,P02,T04,274453.94
2026-04-03,M028,P03,T02,220629.21
2026-04-03,M029,P04,T04,186475.85
2026-04-03,M030,P01,T02,203222.15
2026-04-03,M031,P02,T04,251808.4
2026-04-03,M032,P03,T02,213784.09
2026-04-03,M033,P04,T04,218875.43
2026-04-03,M034,P01,T02,284997.95
2026-04-03,M035,P02,T04,347816.05
2026-04-03,M036,P03,T02,189093.72
2026-04-03,M037,P04,T04,219634.59
2026-04-03,M038,P01,T02,249468.07
2026-04-03,M039,P02,T04,300642.08
2026-04-03,M040,P03,T02,221696.44
2026-04-03,M041,P04,T04,277034.77
2026-04-03,M042,P01,T02,355734.87
2026-04-03,M043,P02,T04,272856.48
2026-04-03,M044,P03,T02,211013.6
2026-04-03,M045,P04,T04,231928.07
2026-04-03,M046,P01,T02,287207.54
2026-04-03,M047,P02,T04,347315.23
2026-04-03,M048,P03,T02,289353.87
2026-04-04,M001,P01,T01,107801.61
2026-04-04,M002,P02,T03,98871.34
2026-04-04,M003,P03,T01,109602.69
2026-04-04,M004,P04,T03,96035.82
2026-04-04,M005,P01,T01,169882.42
2026-04-04,M006,P02,T03,150748.07
2026-04-04,M007,P03,T01,168097.26
2026-04-04,M008,P04,T03,79356.68
2026-04-04,M009,P01,T01,161272.55
2026-04-04,M010,P02,T03,136000.57
2026-04-04,M011,P03,T01,157472.84
2026-04-04,M012,P04,T03,125912.45
2026-04-04,M013,P01,T01,227038.27
2026-04-04,M014,P02,T03,171309.0
2026-04-04,M015,P03,T01,126313.58
2026-04-04,M016,P04,T03,102127.84
2026-04-04,M017,P01,T01,182992.95
2026-04-04,M018,P02,T03,158335.53
2026-04-04,M019,P03,T01,200913.48
2026-04-04,M020,P04,T03,151963.73
2026-04-04,M021,P01,T01,266819.61
2026-04-04,M022,P02,T03,144212.91
2026-04-04,M023,P03,T01,155463.07
2026-04-04,M024,P04,T03,131989.6
2026-04-04,M025,P01,T01,233308.22
2026-04-04,M026,P02,T03,192826.93
2026-04-04,M027,P03,T01,222213.0
2026-04-04,M028,P04,T03,187504.75
2026-04-04,M029,P01,T01,205572.55
2026-04-04,M030,P02,T03,175044.25
2026-04-04,M031,P03,T01,206118.19
2026-04-04,M032,P04,T03,169081.34
2026-04-04,M033,P01,T01,267819.9
2026-04-04,M034,P02,T03,235905.46
2026-04-04,M035,P03,T01,253102.98
2026-04-04,M036,P04,T03,160990.49
2026-04-04,M037,P01,T01,250603.92
2026-04-04,M038,P02,T03,197924.36
2026-04-04,M039,P03,T01,233785.16
2026-04-04,M040,P04,T03,191109.3
2026-04-04,M041,P01,T01,327767.39
2026-04-04,M042,P02,T03,286775.41
2026-04-04,M043,P03,T01,218134.79
2026-04-04,M044,P04,T03,179426.74
2026-04-04,M045,P01,T01,297255.86
2026-04-04,M046,P02,T03,245193.91
2026-04-04,M047,P03,T01,281403.81
2026-04-04,M048,P04,T03,206355.71
2026-04-05,M001,P02,T02,94874.97
2026-04-05,M002,P03,T04,80324.26
2026-04-05,M003,P04,T02,121823.96
2026-04-05,M004,P01,T04,133718.03
2026-04-05,M005,P02,T02,186708.62
2026-04-05,M006,P03,T04,125735.64
2026-04-05,M007,P04,T02,179604.77
2026-04-05,M008,P01,T04,109680.22
2026-04-05,M009,P02,T02,156589.65
2026-04-05,M010,P03,T04,102412.78
2026-04-05,M011,P04,T02,152081.41
2026-04-05,M012,P01,T04,155034.06
2026-04-05,M013,P02,T02,205546.57
2026-04-05,M014,P03,T04,156108.91
2026-04-05,M015,P04,T02,131267.63
2026-04-05,M016,P01,T04,142721.09
2026-04-05,M017,P02,T02,186268.63
2026-04-05,M018,P03,T04,135667.32
2026-04-05,M019,P04,T02,196398.21
2026-04-05,M020,P01,T04,209525.88
2026-04-05,M021,P02,T02,282711.92
2026-04-05,M022,P03,T04,113491.23
2026-04-05,M023,P04,T02,174271.97
2026-04-05,M024,P01,T04,169584.71
2026-04-05,M025,P02,T02,240105.42
2026-04-05,M026,P03,T04,174944.16
2026-04-05,M027,P04,T02,208884.21
2026-04-05,M028,P01,T04,230432.11
2026-04-05,M029,P02,T02,216737.84
2026-04-05,M030,P03,T04,149641.6
2026-04-05,M031,P04,T02,201853.75
2026-04-05,M032,P01,T04,211631.23
2026-04-05,M033,P02,T02,283389.37
2026-04-05,M034,P03,T04,198886.77
2026-04-05,M035,P04,T02,256562.09
2026-04-05,M036,P01,T04,201135.03
2026-04-05,M037,P02,T02,255309.06
2026-04-05,M038,P03,T04,176173.16
2026-04-05,M039,P04,T02,249155.24
2026-04-05,M040,P01,T04,241940.29
2026-04-05,M041,P02,T02,327957.33
2026-04-05,M042,P03,T04,245157.89
2026-04-05,M043,P04,T02,205203.82
2026-04-05,M044,P01,T04,224950.06
2026-04-05,M045,P02,T02,304136.88
2026-04-05,M046,P03,T04,207632.19
2026-04-05,M047,P04,T02,277591.54
2026-04-05,M048,P01,T04,291585.13
2026-04-06,M001,P03,T03,58692.91
2026-04-06,M002,P04,T01,135152.75
2026-04-06,M003,P01,T03,105448.55
2026-04-06,M004,P02,T01,187157.49
2026-04-06,M005,P03,T03,109741.6
2026-04-06,M006,P04,T01,197002.87
2026-04-06,M007,P01,T03,154563.25
2026-04-06,M008,P02,T01,168198.14
2026-04-06,M009,P03,T03,89174.31
2026-04-06,M010,P04,T01,170837.45
2026-04-06,M011,P01,T03,136325.51
2026-04-06,M012,P02,T01,243389.78
2026-04-06,M013,P03,T03,132401.44
2026-04-06,M014,P04,T01,229295.04
2026-04-06,M015,P01,T03,111960.89
2026-04-06,M016,P02,T01,225925.51
2026-04-06,M017,P03,T03,121638.05
2026-04-06,M018,P04,T01,225108.87
2026-04-06,M019,P01,T03,163048.04
2026-04-06,M020,P02,T01,291337.23
2026-04-06,M021,P03,T03,155455.16
2026-04-06,M022,P04,T01,193940.33
2026-04-06,M023,P01,T03,154700.94
2026-04-06,M024,P02,T01,276609.05
2026-04-06,M025,P03,T03,141396.65
2026-04-06,M026,P04,T01,263410.8
2026-04-06,M027,P01,T03,204047.27
2026-04-06,M028,P02,T01,398839.5
2026-04-06,M029,P03,T03,118998.0
2026-04-06,M030,P04,T01,246543.45
2026-04-06,M031,P01,T03,187183.03
2026-04-06,M032,P02,T01,357111.39
2026-04-06,M033,P03,T03,178440.67
2026-04-06,M034,P04,T01,295613.75
2026-04-06,M035,P01,T03,240610.29
2026-04-06,M036,P02,T01,318371.04
2026-04-06,M037,P03,T03,155120.52
2026-04-06,M038,P04,T01,263376.05
2026-04-06,M039,P01,T03,228392.52
2026-04-06,M040,P02,T01,410512.11
2026-04-06,M041,P03,T03,186716.48
2026-04-06,M042,P04,T01,351294.11
2026-04-06,M043,P01,T03,199946.1
2026-04-06,M044,P02,T01,367534.12
2026-04-06,M045,P03,T03,195660.58
2026-04-06,M046,P04,T01,352513.74
2026-04-06,M047,P01,T03,257258.47
2026-04-06,M048,P02,T01,441690.62
2026-04-07,M001,P04,T04,84793.44
2026-04-07,M002,P01,T02,108219.98
2026-04-07,M003,P02,T04,136571.03
2026-04-07,M004,P03,T02,114851.48
2026-04-07,M005,P04,T04,146372.89
2026-04-07,M006,P01,T02,188006.22
2026-04-07,M007,P02,T04,203672.97
2026-04-07,M008,P03,T02,108829.02
2026-04-07,M009,P04,T04,130637.85
2026-04-07,M010,P01,T02,152130.83
2026-04-07,M011,P02,T04,180570.17
2026-04-07,M012,P03,T02,158339.58
2026-04-07,M013,P04,T04,198361.44
2026-04-07,M014,P01,T02,241513.46
2026-04-07,M015,P02,T04,159021.35
2026-04-07,M016,P03,T02,143665.88
2026-04-07,M017,P04,T04,150242.81
2026-04-07,M018,P01,T02,202589.09
2026-04-07,M019,P02,T04,236337.2
2026-04-07,M020,P03,T02,192658.38
2026-04-07,M021,P04,T04,212025.9
2026-04-07,M022,P01,T02,168708.02
2026-04-07,M023,P02,T04,205171.56
2026-04-07,M024,P03,T02,169593.87
2026-04-07,M025,P04,T04,214133.33
2026-04-07,M026,P01,T02,245745.62
2026-04-07,M027,P02,T04,264067.35
2026-04-07,M028,P03,T02,243189.95
2026-04-07,M029,P04,T04,181543.79
2026-04-07,M030,P01,T02,224724.53
2026-04-07,M031,P02,T04,252644.54
2026-04-07,M032,P03,T02,211550.32
2026-04-07,M033,P04,T04,239931.84
2026-04-07,M034,P01,T02,309234.08
2026-04-07,M035,P02,T04,312315.19
2026-04-07,M036,P03,T02,191840.44
2026-04-07,M037,P04,T04,203807.58
2026-04-07,M038,P01,T02,258875.63
2026-04-07,M039,P02,T04,313249.87
2026-04-07,M040,P03,T02,259231.63
2026-04-07,M041,P04,T04,260598.5
2026-04-07,M042,P01,T02,330721.93
2026-04-07,M043,P02,T04,263719.44
2026-04-07,M044,P03,T02,222768.99
2026-04-07,M045,P04,T04,240597.88
2026-04-07,M046,P01,T02,306860.33
2026-04-07,M047,P02,T04,333781.98
2026-04-07,M048,P03,T02,290300.38
2026-04-08,M001,P01,T01,113031.68
2026-04-08,M002,P02,T03,106776.74
2026-04-08,M003,P03,T01,126953.71
2026-04-08,M004,P04,T03,119017.71
2026-04-08,M005,P01,T01,204918.22
2026-04-08,M006,P02,T03,175637.31
2026-04-08,M007,P03,T01,180248.6
2026-04-08,M008,P04,T03,89313.88
2026-04-08,M009,P01,T01,152990.14
2026-04-08,M010,P02,T03,138584.47
2026-04-08,M011,P03,T01,162199.06
2026-04-08,M012,P04,T03,149727.75
2026-04-08,M013,P01,T01,237666.42
2026-04-08,M014,P02,T03,189792.51
2026-04-08,M015,P03,T01,147862.13
2026-04-08,M016,P04,T03,116524.56
2026-04-08,M017,P01,T01,229801.75
2026-04-08,M018,P02,T03,187586.35
2026-04-08,M019,P03,T01,218446.44
2026-04-08,M020,P04,T03,167353.68
2026-04-08,M021,P01,T01,294162.54
2026-04-08,M022,P02,T03,148495.52
2026-04-08,M023,P03,T01,183090.61
2026-04-08,M024,P04,T03,162508.33
2026-04-08,M025,P01,T01,252263.43
2026-04-08,M026,P02,T03,203652.89
2026-04-08,M027,P03,T01,252662.57
2026-04-08,M028,P04,T03,200550.23
2026-04-08,M029,P01,T01,245779.21
2026-04-08,M030,P02,T03,184309.94
2026-04-08,M031,P03,T01,236738.65
2026-04-08,M032,P04,T03,177607.36
2026-04-08,M033,P01,T01,311506.53
2026-04-08,M034,P02,T03,259805.62
2026-04-08,M035,P03,T01,275877.37
2026-04-08,M036,P04,T03,153349.61
2026-04-08,M037,P01,T01,287715.87
2026-04-08,M038,P02,T03,217824.56
2026-04-08,M039,P03,T01,272582.47
2026-04-08,M040,P04,T03,229911.01
2026-04-08,M041,P01,T01,352913.52
2026-04-08,M042,P02,T03,280187.0
2026-04-08,M043,P03,T01,227690.39
2026-04-08,M044,P04,T03,184835.08
2026-04-08,M045,P01,T01,328675.89
2026-04-08,M046,P02,T03,284421.26
2026-04-08,M047,P03,T01,293599.86
2026-04-08,M048,P04,T03,240026.58
2026-04-09,M001,P02,T02,114717.67
2026-04-09,M002,P03,T04,89885.94
2026-04-09,M003,P04,T02,129001.54
2026-04-09,M004,P01,T04,152977.92
2026-04-09,M005,P02,T02,199320.24
2026-04-09,M006,P03,T04,137395.34
2026-04-09,M007,P04,T02,181318.98
2026-04-09,M008,P01,T04,120005.28
2026-04-09,M009,P02,T02,157097.73
2026-04-09,M010,P03,T04,126531.49
2026-04-09,M011,P04,T02,154143.58
2026-04-09,M012,P01,T04,180876.95
2026-04-09,M013,P02,T02,253319.32
2026-04-09,M014,P03,T04,165540.37
2026-04-09,M015,P04,T02,148856.41
2026-04-09,M016,P01,T04,167630.92
2026-04-09,M017,P02,T02,206001.83
2026-04-09,M018,P03,T04,160878.81
2026-04-09,M019,P04,T02,205014.82
2026-04-09,M020,P01,T04,236569.32
2026-04-09,M021,P02,T02,283938.26
2026-04-09,M022,P03,T04,136407.97
2026-04-09,M023,P04,T02,191036.69
2026-04-09,M024,P01,T04,190420.03
2026-04-09,M025,P02,T02,269244.31
2026-04-09,M026,P03,T04,199591.05
2026-04-09,M027,P04,T02,234831.1
2026-04-09,M028,P01,T04,280343.43
2026-04-09,M029,P02,T02,234708.57
2026-04-09,M030,P03,T04,169589.77
2026-04-09,M031,P04,T02,215498.27
2026-04-09,M032,P01,T04,234503.14
2026-04-09,M033,P02,T02,311044.63
2026-04-09,M034,P03,T04,224376.14
2026-04-09,M035,P04,T02,284097.27
2026-04-09,M036,P01,T04,205665.8
2026-04-09,M037,P02,T02,280286.76
2026-04-09,M038,P03,T04,213561.91
2026-04-09,M039,P04,T02,279825.45
2026-04-09,M040,P01,T04,288317.98
2026-04-09,M041,P02,T02,360409.2
2026-04-09,M042,P03,T04,267471.6
2026-04-09,M043,P04,T02,230393.51
2026-04-09,M044,P01,T04,248478.23
2026-04-09,M045,P02,T02,342704.52
2026-04-09,M046,P03,T04,242273.58
2026-04-09,M047,P04,T02,312905.06
2026-04-09,M048,P01,T04,312485.86
2026-04-10,M001,P03,T03,58865.18
2026-04-10,M002,P04,T01,119470.72
2026-04-10,M003,P01,T03,112025.58
2026-04-10,M004,P02,T01,196025.79
2026-04-10,M005,P03,T03,109521.54
2026-04-10,M006,P04,T01,207812.19
2026-04-10,M007,P01,T03,148886.61
2026-04-10,M008,P02,T01,178022.3
2026-04-10,M009,P03,T03,87053.48
2026-04-10,M010,P04,T01,179942.4
2026-04-10,M011,P01,T03,141597.18
2026-04-10,M012,P02,T01,252661.06
2026-04-10,M013,P03,T03,141939.73
2026-04-10,M014,P04,T01,228909.76
2026-04-10,M015,P01,T03,113804.01
2026-04-10,M016,P02,T01,206852.01
2026-04-10,M017,P03,T03,113005.99
2026-04-10,M018,P04,T01,229963.52
2026-04-10,M019,P01,T03,176730.3
2026-04-10,M020,P02,T01,303782.93
2026-04-10,M021,P03,T03,160413.86
2026-04-10,M022,P04,T01,182190.28
2026-04-10,M023,P01,T03,162552.08
2026-04-10,M024,P02,T01,285248.55
2026-04-10,M025,P03,T03,146388.57
2026-04-10,M026,P04,T01,263988.81
2026-04-10,M027,P01,T03,196908.29
2026-04-10,M028,P02,T01,354777.71
2026-04-10,M029,P03,T03,137461.41
2026-04-10,M030,P04,T01,246999.88
2026-04-10,M031,P01,T03,189990.48
2026-04-10,M032,P02,T01,351496.33
2026-04-10,M033,P03,T03,175928.41
2026-04-10,M034,P04,T01,316915.82
2026-04-10,M035,P01,T03,239451.09
2026-04-10,M036,P02,T01,283869.83
2026-04-10,M037,P03,T03,156343.11
2026-04-10,M038,P04,T01,282611.06
2026-04-10,M039,P01,T03,232444.92
2026-04-10,M040,P02,T01,397887.14
2026-04-10,M041,P03,T03,185252.43
2026-04-10,M042,P04,T01,372566.94
2026-04-10,M043,P01,T03,207101.59
2026-04-10,M044,P02,T01,361492.55
2026-04-10,M045,P03,T03,174755.26
2026-04-10,M046,P04,T01,306319.78
2026-04-10,M047,P01,T03,262238.57
2026-04-10,M048,P02,T01,455644.81
2026-04-11,M001,P04,T04,81315.04
2026-04-11,M002,P01,T02,113892.14
2026-04-11,M003,P02,T04,137463.84
2026-04-11,M004,P03,T02,116401.26
2026-04-11,M005,P04,T04,136678.53
2026-04-11,M006,P01,T02,159866.99
2026-04-11,M007,P02,T04,210775.63
2026-04-11,M008,P03,T02,88496.57
2026-04-11,M009,P04,T04,112960.26
2026-04-11,M010,P01,T02,149194.61
2026-04-11,M011,P02,T04,173684.03
2026-04-11,M012,P03,T02,135841.78
2026-04-11,M013,P04,T04,154431.94
2026-04-11,M014,P01,T02,208068.28
2026-04-11,M015,P02,T04,152984.56
2026-04-11,M016,P03,T02,128178.19
2026-04-11,M017,P04,T04,134699.46
2026-04-11,M018,P01,T02,181582.27
2026-04-11,M019,P02,T04,224358.18
2026-04-11,M020,P03,T02,180728.57
2026-04-11,M021,P04,T04,213200.45
2026-04-11,M022,P01,T02,159953.19
2026-04-11,M023,P02,T04,186559.14
2026-04-11,M024,P03,T02,159194.28
2026-04-11,M025,P04,T04,192715.6
2026-04-11,M026,P01,T02,233667.89
2026-04-11,M027,P02,T04,246690.22
2026-04-11,M028,P03,T02,207502.92
2026-04-11,M029,P04,T04,161858.48
2026-04-11,M030,P01,T02,189492.54
2026-04-11,M031,P02,T04,229433.97
2026-04-11,M032,P03,T02,182116.96
2026-04-11,M033,P04,T04,223477.98
2026-04-11,M034,P01,T02,271587.89
2026-04-11,M035,P02,T04,303524.04
2026-04-11,M036,P03,T02,177781.93
2026-04-11,M037,P04,T04,181188.51
2026-04-11,M038,P01,T02,228669.23
2026-04-11,M039,P02,T04,253853.04
2026-04-11,M040,P03,T02,203136.5
2026-04-11,M041,P04,T04,228804.47
2026-04-11,M042,P01,T02,303628.39
2026-04-11,M043,P02,T04,255179.23
2026-04-11,M044,P03,T02,183503.18
2026-04-11,M045,P04,T04,238689.57
2026-04-11,M046,P01,T02,289253.55
2026-04-11,M047,P02,T04,299658.18
2026-04-11,M048,P03,T02,266573.25
2026-04-12,M001,P01,T01,99457.47
2026-04-12,M002,P02,T03,99218.12
2026-04-12,M003,P03,T01,111999.21
2026-04-12,M004,P04,T03,101575.55
2026-04-12,M005,P01,T01,179720.19
2026-04-12,M006,P02,T03,154726.0
2026-04-12,M007,P03,T01,181896.42
2026-04-12,M008,P04,T03,80133.48
2026-04-12,M009,P01,T01,149626.92
2026-04-12,M010,P02,T03,132718.43
2026-04-12,M011,P03,T01,161803.84
2026-04-12,M012,P04,T03,126293.2
2026-04-12,M013,P01,T01,217727.89
2026-04-12,M014,P02,T03,175581.78
2026-04-12,M015,P03,T01,121930.3
2026-04-12,M016,P04,T03,114984.64
2026-04-12,M017,P01,T01,196117.84
2026-04-12,M018,P02,T03,163286.95
2026-04-12,M019,P03,T01,182643.65
2026-04-12,M020,P04,T03,157703.31
2026-04-12,M021,P01,T01,258465.83
2026-04-12,M022,P02,T03,150451.07
2026-04-12,M023,P03,T01,170597.49
2026-04-12,M024,P04,T03,146320.74
2026-04-12,M025,P01,T01,222069.95
2026-04-12,M026,P02,T03,194875.96
2026-04-12,M027,P03,T01,230105.47
2026-04-12,M028,P04,T03,187321.3
2026-04-12,M029,P01,T01,216829.8
2026-04-12,M030,P02,T03,176741.24
2026-04-12,M031,P03,T01,188987.63
2026-04-12,M032,P04,T03,162558.68
2026-04-12,M033,P01,T01,268374.04
2026-04-12,M034,P02,T03,237294.3
2026-04-12,M035,P03,T01,272579.36
2026-04-12,M036,P04,T03,150586.85
2026-04-12,M037,P01,T01,263532.47
2026-04-12,M038,P02,T03,199815.52
2026-04-12,M039,P03,T01,251274.43
2026-04-12,M040,P04,T03,187122.25
2026-04-12,M041,P01,T01,344058.06
2026-04-12,M042,P02,T03,277899.14
2026-04-12,M043,P03,T01,224311.5
2026-04-12,M044,P04,T03,181762.88
2026-04-12,M045,P01,T01,306233.15
2026-04-12,M046,P02,T03,230080.2
2026-04-12,M047,P03,T01,270608.04
2026-04-12,M048,P04,T03,229212.09
2026-04-13,M001,P02,T02,105165.3
2026-04-13,M002,P03,T04,88123.09
2026-04-13,M003,P04,T02,117296.47
2026-04-13,M004,P01,T04,139095.32
2026-04-13,M005,P02,T02,199433.18
2026-04-13,M006,P03,T04,144642.15
2026-04-13,M007,P04,T02,183838.39
2026-04-13,M008,P01,T04,117441.74
2026-04-13,M009,P02,T02,156842.31
2026-04-13,M010,P03,T04,117022.93
2026-04-13,M011,P04,T02,163205.09
2026-04-13,M012,P01,T04,197202.13
2026-04-13,M013,P02,T02,232114.98
2026-04-13,M014,P03,T04,176768.25
2026-04-13,M015,P04,T02,135786.96
2026-04-13,M016,P01,T04,150876.28
2026-04-13,M017,P02,T02,199259.08
2026-04-13,M018,P03,T04,154427.16
2026-04-13,M019,P04,T02,191096.98
2026-04-13,M020,P01,T04,214458.48
2026-04-13,M021,P02,T02,304920.74
2026-04-13,M022,P03,T04,141770.19
2026-04-13,M023,P04,T02,193522.64
2026-04-13,M024,P01,T04,200247.94
2026-04-13,M025,P02,T02,259722.31
2026-04-13,M026,P03,T04,196754.53
2026-04-13,M027,P04,T02,260088.17
2026-04-13,M028,P01,T04,283462.75
2026-04-13,M029,P02,T02,239749.81
2026-04-13,M030,P03,T04,158690.35
2026-04-13,M031,P04,T02,204158.5
2026-04-13,M032,P01,T04,235835.56
2026-04-13,M033,P02,T02,312906.54
2026-04-13,M034,P03,T04,235747.27
2026-04-13,M035,P04,T02,301792.45
2026-04-13,M036,P01,T04,219629.53
2026-04-13,M037,P02,T02,276060.2
2026-04-13,M038,P03,T04,206093.2
2026-04-13,M039,P04,T02,246415.04
2026-04-13,M040,P01,T04,275976.39
2026-04-13,M041,P02,T02,379861.01
2026-04-13,M042,P03,T04,265803.06
2026-04-13,M043,P04,T02,228080.27
2026-04-13,M044,P01,T04,257035.9
2026-04-13,M045,P02,T02,344354.04
2026-04-13,M046,P03,T04,214409.36
2026-04-13,M047,P04,T02,285283.38
2026-04-13,M048,P01,T04,322853.95
2026-04-14,M001,P03,T03,62590.12
2026-04-14,M002,P04,T01,123901.9
2026-04-14,M003,P01,T03,106311.64
2026-04-14,M004,P02,T01,189141.5
2026-04-14,M005,P03,T03,102280.11
2026-04-14,M006,P04,T01,192420.05
2026-04-14,M007,P01,T03,159839.6
2026-04-14,M008,P02,T01,165370.82
2026-04-14,M009,P03,T03,97277.5
2026-04-14,M010,P04,T01,175574.52
2026-04-14,M011,P01,T03,146118.61
2026-04-14,M012,P02,T01,252699.8
2026-04-14,M013,P03,T03,143899.27
2026-04-14,M014,P04,T01,229588.05
2026-04-14,M015,P01,T03,109593.12
2026-04-14,M016,P02,T01,205284.07
2026-04-14,M017,P03,T03,114349.54
2026-04-14,M018,P04,T01,222314.32
2026-04-14,M019,P01,T03,177636.11
2026-04-14,M020,P02,T01,307432.92
2026-04-14,M021,P03,T03,173428.6
2026-04-14,M022,P04,T01,185147.33
2026-04-14,M023,P01,T03,151827.66
2026-04-14,M024,P02,T01,295860.35
2026-04-14,M025,P03,T03,134102.27
2026-04-14,M026,P04,T01,283651.1
2026-04-14,M027,P01,T03,211254.04
2026-04-14,M028,P02,T01,381955.78
2026-04-14,M029,P03,T03,119503.54
2026-04-14,M030,P04,T01,247780.52
2026-04-14,M031,P01,T03,174715.21
2026-04-14,M032,P02,T01,335943.58
2026-04-14,M033,P03,T03,163969.79
2026-04-14,M034,P04,T01,297915.6
2026-04-14,M035,P01,T03,254152.34
2026-04-14,M036,P02,T01,311098.83
2026-04-14,M037,P03,T03,147760.99
2026-04-14,M038,P04,T01,282600.43
2026-04-14,M039,P01,T03,235082.79
2026-04-14,M040,P02,T01,377854.21
2026-04-14,M041,P03,T03,204625.54
2026-04-14,M042,P04,T01,381461.75
2026-04-14,M043,P01,T03,204577.94
2026-04-14,M044,P02,T01,347349.86
2026-04-14,M045,P03,T03,192333.27
2026-04-14,M046,P04,T01,318789.73
2026-04-14,M047,P01,T03,253341.51
2026-04-14,M048,P02,T01,421113.73
2026-04-15,M001,P04,T04,87246.64
2026-04-15,M002,P01,T02,110604.1
2026-04-15,M003,P02,T04,133440.69
2026-04-15,M004,P03,T02,122961.09
2026-04-15,M005,P04,T04,155759.78
2026-04-15,M006,P01,T02,195833.53
2026-04-15,M007,P02,T04,224107.02
2026-04-15,M008,P03,T02,95407.23
2026-04-15,M009,P04,T04,127350.14
2026-04-15,M010,P01,T02,148777.0
2026-04-15,M011,P02,T04,182382.89
2026-04-15,M012,P03,T02,145506.47
2026-04-15,M013,P04,T04,189181.95
2026-04-15,M014,P01,T02,240402.47
2026-04-15,M015,P02,T04,151850.98
2026-04-15,M016,P03,T02,135475.76
2026-04-15,M017,P04,T04,164046.24
2026-04-15,M018,P01,T02,209368.06
2026-04-15,M019,P02,T04,221509.09
2026-04-15,M020,P03,T02,180494.18
2026-04-15,M021,P04,T04,223312.69
2026-04-15,M022,P01,T02,165208.13
2026-04-15,M023,P02,T04,198418.87
2026-04-15,M024,P03,T02,165749.53
2026-04-15,M025,P04,T04,187993.54
2026-04-15,M026,P01,T02,239161.74
2026-04-15,M027,P02,T04,294374.05
2026-04-15,M028,P03,T02,238165.36
2026-04-15,M029,P04,T04,176943.32
2026-04-15,M030,P01,T02,212343.97
2026-04-15,M031,P02,T04,237369.59
2026-04-15,M032,P03,T02,221000.5
2026-04-15,M033,P04,T04,224156.73
2026-04-15,M034,P01,T02,291075.27
2026-04-15,M035,P02,T04,340709.29
2026-04-15,M036,P03,T02,189922.92
2026-04-15,M037,P04,T04,225965.82
2026-04-15,M038,P01,T02,282063.87
2026-04-15,M039,P02,T04,300884.92
2026-04-15,M040,P03,T02,241042.21
2026-04-15,M041,P04,T04,284620.44
2026-04-15,M042,P01,T02,344253.96
2026-04-15,M043,P02,T04,263622.86
2026-04-15,M044,P03,T02,221593.82
2026-04-15,M045,P04,T04,258551.45
2026-04-15,M046,P01,T02,284642.09
2026-04-15,M047,P02,T04,327392.46
2026-04-15,M048,P03,T02,296295.63
2026-04-16,M001,P01,T01,117945.42
2026-04-16,M002,P02,T03,107203.15
2026-04-16,M003,P03,T01,132242.97
2026-04-16,M004,P04,T03,104557.74
2026-04-16,M005,P01,T01,189985.81
2026-04-16,M006,P02,T03,163936.53
2026-04-16,M007,P03,T01,181689.15
2026-04-16,M008,P04,T03,93476.35
2026-04-16,M009,P01,T01,164521.84
2026-04-16,M010,P02,T03,137380.76
2026-04-16,M011,P03,T01,176323.46
2026-04-16,M012,P04,T03,132171.21
2026-04-16,M013,P01,T01,244154.05
2026-04-16,M014,P02,T03,204276.54
2026-04-16,M015,P03,T01,132381.59
2026-04-16,M016,P04,T03,116010.75
2026-04-16,M017,P01,T01,216745.17
2026-04-16,M018,P02,T03,181709.22
2026-04-16,M019,P03,T01,210233.72
2026-04-16,M020,P04,T03,186113.13
2026-04-16,M021,P01,T01,297475.46
2026-04-16,M022,P02,T03,162669.19
2026-04-16,M023,P03,T01,179820.47
2026-04-16,M024,P04,T03,164100.4
2026-04-16,M025,P01,T01,273357.57
2026-04-16,M026,P02,T03,208251.54
2026-04-16,M027,P03,T01,261357.07
2026-04-16,M028,P04,T03,213090.97
2026-04-16,M029,P01,T01,249997.01
2026-04-16,M030,P02,T03,204755.65
2026-04-16,M031,P03,T01,238365.64
2026-04-16,M032,P04,T03,190700.52
2026-04-16,M033,P01,T01,308105.19
2026-04-16,M034,P02,T03,239152.77
2026-04-16,M035,P03,T01,286501.41
2026-04-16,M036,P04,T03,162998.67
2026-04-16,M037,P01,T01,289259.14
2026-04-16,M038,P02,T03,238932.95
2026-04-16,M039,P03,T01,249850.81
2026-04-16,M040,P04,T03,210863.2
2026-04-16,M041,P01,T01,391421.56
2026-04-16,M042,P02,T03,289401.75
2026-04-16,M043,P03,T01,249614.33
2026-04-16,M044,P04,T03,189118.59
2026-04-16,M045,P01,T01,318370.3
2026-04-16,M046,P02,T03,288907.82
2026-04-16,M047,P03,T01,320083.96
2026-04-16,M048,P04,T03,230714.53
2026-04-17,M001,P02,T02,117565.54
2026-04-17,M002,P03,T04,95852.69
2026-04-17,M003,P04,T02,127177.94
2026-04-17,M004,P01,T04,142748.94
2026-04-17,M005,P02,T02,182238.06
2026-04-17,M006,P03,T04,152326.09
2026-04-17,M007,P04,T02,179649.7
2026-04-17,M008,P01,T04,114090.01
2026-04-17,M009,P02,T02,159588.48
2026-04-17,M010,P03,T04,127295.26
2026-04-17,M011,P04,T02,155661.36
2026-04-17,M012,P01,T04,173389.02
2026-04-17,M013,P02,T02,245737.3
2026-04-17,M014,P03,T04,181490.39
2026-04-17,M015,P04,T02,130035.28
2026-04-17,M016,P01,T04,162740.9
2026-04-17,M017,P02,T02,206141.87
2026-04-17,M018,P03,T04,157860.17
2026-04-17,M019,P04,T02,190327.09
2026-04-17,M020,P01,T04,221336.2
2026-04-17,M021,P02,T02,271354.46
2026-04-17,M022,P03,T04,141184.77
2026-04-17,M023,P04,T02,174959.46
2026-04-17,M024,P01,T04,183682.76
2026-04-17,M025,P02,T02,269356.98
2026-04-17,M026,P03,T04,185478.14
2026-04-17,M027,P04,T02,227432.61
2026-04-17,M028,P01,T04,274593.48
2026-04-17,M029,P02,T02,225981.3
2026-04-17,M030,P03,T04,153126.01
2026-04-17,M031,P04,T02,218336.51
2026-04-17,M032,P01,T04,231877.44
2026-04-17,M033,P02,T02,301563.36
2026-04-17,M034,P03,T04,208912.31
2026-04-17,M035,P04,T02,278096.31
2026-04-17,M036,P01,T04,211124.62
2026-04-17,M037,P02,T02,271930.17
2026-04-17,M038,P03,T04,188563.25
2026-04-17,M039,P04,T02,270890.2
2026-04-17,M040,P01,T04,295606.19
2026-04-17,M041,P02,T02,351269.45
2026-04-17,M042,P03,T04,270533.04
2026-04-17,M043,P04,T02,216459.13
2026-04-17,M044,P01,T04,240106.57
2026-04-17,M045,P02,T02,307525.47
2026-04-17,M046,P03,T04,228481.49
2026-04-17,M047,P04,T02,297676.33
2026-04-17,M048,P01,T04,328886.16
2026-04-18,M001,P03,T03,61317.66
2026-04-18,M002,P04,T01,113371.99
2026-04-18,M003,P01,T03,95114.29
2026-04-18,M004,P02,T01,177235.37
2026-04-18,M005,P03,T03,103595.88
2026-04-18,M006,P04,T01,186018.04
2026-04-18,M007,P01,T03,135074.36
2026-04-18,M008,P02,T01,158183.56
2026-04-18,M009,P03,T03,87254.98
2026-04-18,M010,P04,T01,157786.82
2026-04-18,M011,P01,T03,135285.75
2026-04-18,M012,P02,T01,239338.77
2026-04-18,M013,P03,T03,117280.63
2026-04-18,M014,P04,T01,222778.18
2026-04-18,M015,P01,T03,109727.37
2026-04-18,M016,P02,T01,201848.48
2026-04-18,M017,P03,T03,106605.97
2026-04-18,M018,P04,T01,183449.46
2026-04-18,M019,P01,T03,159622.92
2026-04-18,M020,P02,T01,295539.08
2026-04-18,M021,P03,T03,147420.22
2026-04-18,M022,P04,T01,160544.63
2026-04-18,M023,P01,T03,138370.98
2026-04-18,M024,P02,T01,258410.59
2026-04-18,M025,P03,T03,139543.87
2026-04-18,M026,P04,T01,231569.6
2026-04-18,M027,P01,T03,199984.24
2026-04-18,M028,P02,T01,332906.23
2026-04-18,M029,P03,T03,123048.44
2026-04-18,M030,P04,T01,214127.57
2026-04-18,M031,P01,T03,162160.82
2026-04-18,M032,P02,T01,292947.4
2026-04-18,M033,P03,T03,158332.8
2026-04-18,M034,P04,T01,296710.84
2026-04-18,M035,P01,T03,207471.11
2026-04-18,M036,P02,T01,257274.33
2026-04-18,M037,P03,T03,133013.78
2026-04-18,M038,P04,T01,249874.56
2026-04-18,M039,P01,T03,202234.64
2026-04-18,M040,P02,T01,329226.27
2026-04-18,M041,P03,T03,170419.34
2026-04-18,M042,P04,T01,333856.56
2026-04-18,M043,P01,T03,192574.65
2026-04-18,M044,P02,T01,318960.9
2026-04-18,M045,P03,T03,152985.65
2026-04-18,M046,P04,T01,282908.55
2026-04-18,M047,P01,T03,242423.95
2026-04-18,M048,P02,T01,425467.85
2026-04-19,M001,P04,T04,79256.84
2026-04-19,M002,P01,T02,100663.81
2026-04-19,M003,P02,T04,134688.57
2026-04-19,M004,P03,T02,113377.24
2026-04-19,M005,P04,T04,143055.67
2026-04-19,M006,P01,T02,177449.17
2026-04-19,M007,P02,T04,187186.33
2026-04-19,M008,P03,T02,86884.34
2026-04-19,M009,P04,T04,121350.06
2026-04-19,M010,P01,T02,140571.59
2026-04-19,M011,P02,T04,161989.14
2026-04-19,M012,P03,T02,145067.65
2026-04-19,M013,P04,T04,170023.64
2026-04-19,M014,P01,T02,205094.05
2026-04-19,M015,P02,T04,142940.83
2026-04-19,M016,P03,T02,121274.16
2026-04-19,M017,P04,T04,144367.73
2026-04-19,M018,P01,T02,170003.37
2026-04-19,M019,P02,T04,207987.85
2026-04-19,M020,P03,T02,175155.46
2026-04-19,M021,P04,T04,203433.56
2026-04-19,M022,P01,T02,167360.54
2026-04-19,M023,P02,T04,174935.21
2026-04-19,M024,P03,T02,145247.57
2026-04-19,M025,P04,T04,169711.27
2026-04-19,M026,P01,T02,233854.89
2026-04-19,M027,P02,T04,247706.62
2026-04-19,M028,P03,T02,208662.78
2026-04-19,M029,P04,T04,151952.35
2026-04-19,M030,P01,T02,186549.38
2026-04-19,M031,P02,T04,215129.88
2026-04-19,M032,P03,T02,174932.86
2026-04-19,M033,P04,T04,220347.39
2026-04-19,M034,P01,T02,265985.29
2026-04-19,M035,P02,T04,272573.96
2026-04-19,M036,P03,T02,163648.52
2026-04-19,M037,P04,T04,203313.37
2026-04-19,M038,P01,T02,237156.86
2026-04-19,M039,P02,T04,283873.84
2026-04-19,M040,P03,T02,228141.48
2026-04-19,M041,P04,T04,229999.97
2026-04-19,M042,P01,T02,276897.53
2026-04-19,M043,P02,T04,258430.44
2026-04-19,M044,P03,T02,201090.96
2026-04-19,M045,P04,T04,231116.27
2026-04-19,M046,P01,T02,265113.52
2026-04-19,M047,P02,T04,293256.95
2026-04-19,M048,P03,T02,231037.39
2026-04-20,M001,P01,T01,121174.34
2026-04-20,M002,P02,T03,101594.06
2026-04-20,M003,P03,T01,120414.05
2026-04-20,M004,P04,T03,111962.36
2026-04-20,M005,P01,T01,188966.83
2026-04-20,M006,P02,T03,167752.81
2026-04-20,M007,P03,T01,204826.75
2026-04-20,M008,P04,T03,89045.14
2026-04-20,M009,P01,T01,173896.48
2026-04-20,M010,P02,T03,142468.39
2026-04-20,M011,P03,T01,159745.2
2026-04-20,M012,P04,T03,143313.38
2026-04-20,M013,P01,T01,234909.27
2026-04-20,M014,P02,T03,207752.09
2026-04-20,M015,P03,T01,147036.59
2026-04-20,M016,P04,T03,132537.25
2026-04-20,M017,P01,T01,199243.06
2026-04-20,M018,P02,T03,169535.65
2026-04-20,M019,P03,T01,207994.29
2026-04-20,M020,P04,T03,179736.25
2026-04-20,M021,P01,T01,279731.56
2026-04-20,M022,P02,T03,162538.83
2026-04-20,M023,P03,T01,172876.86
2026-04-20,M024,P04,T03,149775.17
2026-04-20,M025,P01,T01,278512.91
2026-04-20,M026,P02,T03,203161.37
2026-04-20,M027,P03,T01,244594.59
2026-04-20,M028,P04,T03,217342.12
2026-04-20,M029,P01,T01,220653.38
2026-04-20,M030,P02,T03,203806.82
2026-04-20,M031,P03,T01,217190.2
2026-04-20,M032,P04,T03,173725.89
2026-04-20,M033,P01,T01,330984.75
2026-04-20,M034,P02,T03,266113.98
2026-04-20,M035,P03,T01,269019.51
2026-04-20,M036,P04,T03,166147.57
2026-04-20,M037,P01,T01,290793.86
2026-04-20,M038,P02,T03,239785.67
2026-04-20,M039,P03,T01,257352.29
2026-04-20,M040,P04,T03,226040.68
2026-04-20,M041,P01,T01,361682.91
2026-04-20,M042,P02,T03,279230.7
2026-04-20,M043,P03,T01,239606.25
2026-04-20,M044,P04,T03,203177.27
2026-04-20,M045,P01,T01,320187.48
2026-04-20,M046,P02,T03,257237.4
2026-04-20,M047,P03,T01,322876.31
2026-04-20,M048,P04,T03,246666.07
2026-04-21,M001,P02,T02,113947.58
2026-04-21,M002,P03,T04,94140.76
2026-04-21,M003,P04,T02,127715.22
2026-04-21,M004,P01,T04,138836.72
2026-04-21,M005,P02,T02,184511.06
2026-04-21,M006,P03,T04,152260.45
2026-04-21,M007,P04,T02,192941.92
2026-04-21,M008,P01,T04,109700.16
2026-04-21,M009,P02,T02,156320.68
2026-04-21,M010,P03,T04,129078.32
2026-04-21,M011,P04,T02,154643.49
2026-04-21,M012,P01,T04,194849.87
2026-04-21,M013,P02,T02,236282.43
2026-04-21,M014,P03,T04,163270.12
2026-04-21,M015,P04,T02,141756.92
2026-04-21,M016,P01,T04,149932.6
2026-04-21,M017,P02,T02,198060.48
2026-04-21,M018,P03,T04,153983.13
2026-04-21,M019,P04,T02,210241.38
2026-04-21,M020,P01,T04,237807.25
2026-04-21,M021,P02,T02,304057.17
2026-04-21,M022,P03,T04,142413.06
2026-04-21,M023,P04,T02,188580.11
2026-04-21,M024,P01,T04,188483.04
2026-04-21,M025,P02,T02,244633.13
2026-04-21,M026,P03,T04,173818.42
2026-04-21,M027,P04,T02,256114.92
2026-04-21,M028,P01,T04,278276.18
2026-04-21,M029,P02,T02,217814.8
2026-04-21,M030,P03,T04,154325.85
2026-04-21,M031,P04,T02,203070.35
2026-04-21,M032,P01,T04,239531.99
2026-04-21,M033,P02,T02,308362.37
2026-04-21,M034,P03,T04,221085.22
2026-04-21,M035,P04,T02,281060.32
2026-04-21,M036,P01,T04,225031.17
2026-04-21,M037,P02,T02,259875.93
2026-04-21,M038,P03,T04,192443.63
2026-04-21,M039,P04,T02,243637.66
2026-04-21,M040,P01,T04,266100.29
2026-04-21,M041,P02,T02,367529.03
2026-04-21,M042,P03,T04,252462.31
2026-04-21,M043,P04,T02,253091.57
2026-04-21,M044,P01,T04,255254.44
2026-04-21,M045,P02,T02,341451.45
2026-04-21,M046,P03,T04,236360.53
2026-04-21,M047,P04,T02,283318.24
2026-04-21,M048,P01,T04,323175.19
2026-04-22,M001,P03,T03,65025.59
2026-04-22,M002,P04,T01,119302.21
2026-04-22,M003,P01,T03,113197.76
2026-04-22,M004,P02,T01,212289.69
2026-04-22,M005,P03,T03,112940.38
2026-04-22,M006,P04,T01,191116.75
2026-04-22,M007,P01,T03,163723.61
2026-04-22,M008,P02,T01,157776.4
2026-04-22,M009,P03,T03,92186.67
2026-04-22,M010,P04,T01,182791.71
2026-04-22,M011,P01,T03,143978.26
2026-04-22,M012,P02,T01,250255.39
2026-04-22,M013,P03,T03,144773.47
2026-04-22,M014,P04,T01,249565.76
2026-04-22,M015,P01,T03,125256.22
2026-04-22,M016,P02,T01,229507.56
2026-04-22,M017,P03,T03,112523.8
2026-04-22,M018,P04,T01,221123.58
2026-04-22,M019,P01,T03,164671.94
2026-04-22,M020,P02,T01,307539.92
2026-04-22,M021,P03,T03,154669.97
2026-04-22,M022,P04,T01,175551.14
2026-04-22,M023,P01,T03,156593.84
2026-04-22,M024,P02,T01,269389.45
2026-04-22,M025,P03,T03,134894.42
2026-04-22,M026,P04,T01,279038.18
2026-04-22,M027,P01,T03,217227.11
2026-04-22,M028,P02,T01,377339.85
2026-04-22,M029,P03,T03,121387.01
2026-04-22,M030,P04,T01,230464.81
2026-04-22,M031,P01,T03,175351.36
2026-04-22,M032,P02,T01,317025.54
2026-04-22,M033,P03,T03,177121.33
2026-04-22,M034,P04,T01,299322.23
2026-04-22,M035,P01,T03,225667.39
2026-04-22,M036,P02,T01,318585.5
2026-04-22,M037,P03,T03,162519.4
2026-04-22,M038,P04,T01,274982.82
2026-04-22,M039,P01,T03,227470.19
2026-04-22,M040,P02,T01,398465.99
2026-04-22,M041,P03,T03,203960.61
2026-04-22,M042,P04,T01,367493.44
2026-04-22,M043,P01,T03,193376.83
2026-04-22,M044,P02,T01,371296.4
2026-04-22,M045,P03,T03,173716.34
2026-04-22,M046,P04,T01,319480.7
2026-04-22,M047,P01,T03,261058.17
2026-04-22,M048,P02,T01,423191.98
2026-04-23,M001,P04,T04,88569.74
2026-04-23,M002,P01,T02,116123.32
2026-04-23,M003,P02,T04,140513.0
2026-04-23,M004,P03,T02,120953.0
2026-04-23,M005,P04,T04,141765.63
2026-04-23,M006,P01,T02,183792.49
2026-04-23,M007,P02,T04,226095.02
2026-04-23,M008,P03,T02,107882.67
2026-04-23,M009,P04,T04,116709.07
2026-04-23,M010,P01,T02,156670.24
2026-04-23,M011,P02,T04,197008.59
2026-04-23,M012,P03,T02,166037.01
2026-04-23,M013,P04,T04,195163.91
2026-04-23,M014,P01,T02,233057.27
2026-04-23,M015,P02,T04,159805.47
2026-04-23,M016,P03,T02,134030.18
2026-04-23,M017,P04,T04,157564.17
2026-04-23,M018,P01,T02,209952.43
2026-04-23,M019,P02,T04,241150.95
2026-04-23,M020,P03,T02,207927.07
2026-04-23,M021,P04,T04,205568.85
2026-04-23,M022,P01,T02,175386.08
2026-04-23,M023,P02,T04,215963.0
2026-04-23,M024,P03,T02,180770.07
2026-04-23,M025,P04,T04,196291.92
2026-04-23,M026,P01,T02,249218.02
2026-04-23,M027,P02,T04,292974.98
2026-04-23,M028,P03,T02,216138.29
2026-04-23,M029,P04,T04,189332.22
2026-04-23,M030,P01,T02,208464.68
2026-04-23,M031,P02,T04,263166.31
2026-04-23,M032,P03,T02,221055.75
2026-04-23,M033,P04,T04,228511.87
2026-04-23,M034,P01,T02,288726.45
2026-04-23,M035,P02,T04,312244.84
2026-04-23,M036,P03,T02,181170.46
2026-04-23,M037,P04,T04,223047.33
2026-04-23,M038,P01,T02,279023.07
2026-04-23,M039,P02,T04,319583.34
2026-04-23,M040,P03,T02,251116.42
2026-04-23,M041,P04,T04,255421.91
2026-04-23,M042,P01,T02,306672.16
2026-04-23,M043,P02,T04,281916.43
2026-04-23,M044,P03,T02,217492.66
2026-04-23,M045,P04,T04,262519.5
2026-04-23,M046,P01,T02,310090.74
2026-04-23,M047,P02,T04,321607.07
2026-04-23,M048,P03,T02,291848.49
2026-04-24,M001,P01,T01,109586.75
2026-04-24,M002,P02,T03,103539.8
2026-04-24,M003,P03,T01,131597.35
2026-04-24,M004,P04,T03,108426.65
2026-04-24,M005,P01,T01,188816.62
2026-04-24,M006,P02,T03,171625.56
2026-04-24,M007,P03,T01,201577.45
2026-04-24,M008,P04,T03,93812.39
2026-04-24,M009,P01,T01,163723.89
2026-04-24,M010,P02,T03,145841.9
2026-04-24,M011,P03,T01,158116.84
2026-04-24,M012,P04,T03,132819.54
2026-04-24,M013,P01,T01,230128.64
2026-04-24,M014,P02,T03,192884.8
2026-04-24,M015,P03,T01,148208.39
2026-04-24,M016,P04,T03,119115.41
2026-04-24,M017,P01,T01,218877.7
2026-04-24,M018,P02,T03,190274.71
2026-04-24,M019,P03,T01,191117.73
2026-04-24,M020,P04,T03,170177.0
2026-04-24,M021,P01,T01,296586.05
2026-04-24,M022,P02,T03,148232.81
2026-04-24,M023,P03,T01,175660.73
2026-04-24,M024,P04,T03,153463.57
2026-04-24,M025,P01,T01,254701.33
2026-04-24,M026,P02,T03,218462.06
2026-04-24,M027,P03,T01,259296.6
2026-04-24,M028,P04,T03,195373.18
2026-04-24,M029,P01,T01,218107.27
2026-04-24,M030,P02,T03,200147.47
2026-04-24,M031,P03,T01,237767.92
2026-04-24,M032,P04,T03,181159.14
2026-04-24,M033,P01,T01,313279.69
2026-04-24,M034,P02,T03,265826.13
2026-04-24,M035,P03,T01,300640.26
2026-04-24,M036,P04,T03,163688.42
2026-04-24,M037,P01,T01,302167.85
2026-04-24,M038,P02,T03,233514.5
2026-04-24,M039,P03,T01,251964.2
2026-04-24,M040,P04,T03,226440.1
2026-04-24,M041,P01,T01,360015.24
2026-04-24,M042,P02,T03,288608.46
2026-04-24,M043,P03,T01,235915.66
2026-04-24,M044,P04,T03,203846.11
2026-04-24,M045,P01,T01,339473.23
2026-04-24,M046,P02,T03,287773.35
2026-04-24,M047,P03,T01,291256.09
2026-04-24,M048,P04,T03,266464.75
2026-04-25,M001,P02,T02,105510.33
2026-04-25,M002,P03,T04,77137.96
2026-04-25,M003,P04,T02,111992.55
2026-04-25,M004,P01,T04,132130.33
2026-04-25,M005,P02,T02,174793.71
2026-04-25,M006,P03,T04,128825.58
2026-04-25,M007,P04,T02,180253.28
2026-04-25,M008,P01,T04,109341.07
2026-04-25,M009,P02,T02,135997.41
2026-04-25,M010,P03,T04,104542.12
2026-04-25,M011,P04,T02,146461.97
2026-04-25,M012,P01,T04,173822.98
2026-04-25,M013,P02,T02,215478.83
2026-04-25,M014,P03,T04,161369.05
2026-04-25,M015,P04,T02,133713.38
2026-04-25,M016,P01,T04,149173.88
2026-04-25,M017,P02,T02,175253.99
2026-04-25,M018,P03,T04,131092.69
2026-04-25,M019,P04,T02,180713.46
2026-04-25,M020,P01,T04,186274.0
2026-04-25,M021,P02,T02,257848.84
2026-04-25,M022,P03,T04,128814.7
2026-04-25,M023,P04,T02,161978.58
2026-04-25,M024,P01,T04,188026.09
2026-04-25,M025,P02,T02,249819.21
2026-04-25,M026,P03,T04,176989.13
2026-04-25,M027,P04,T02,227668.23
2026-04-25,M028,P01,T04,237083.54
2026-04-25,M029,P02,T02,215076.96
2026-04-25,M030,P03,T04,152114.12
2026-04-25,M031,P04,T02,201114.54
2026-04-25,M032,P01,T04,211801.59
2026-04-25,M033,P02,T02,296763.32
2026-04-25,M034,P03,T04,211616.16
2026-04-25,M035,P04,T02,268878.56
2026-04-25,M036,P01,T04,201017.95
2026-04-25,M037,P02,T02,234087.01
2026-04-25,M038,P03,T04,178683.59
2026-04-25,M039,P04,T02,233176.88
2026-04-25,M040,P01,T04,263408.91
2026-04-25,M041,P02,T02,334175.69
2026-04-25,M042,P03,T04,242295.76
2026-04-25,M043,P04,T02,209065.51
2026-04-25,M044,P01,T04,224424.37
2026-04-25,M045,P02,T02,278918.96
2026-04-25,M046,P03,T04,220391.56
2026-04-25,M047,P04,T02,270005.48
2026-04-25,M048,P01,T04,276578.02
2026-04-26,M001,P03,T03,53314.8
2026-04-26,M002,P04,T01,107399.17
2026-04-26,M003,P01,T03,98080.17
2026-04-26,M004,P02,T01,182651.52
2026-04-26,M005,P03,T03,99553.96
2026-04-26,M006,P04,T01,193673.96
2026-04-26,M007,P01,T03,140371.52
2026-04-26,M008,P02,T01,150298.35
2026-04-26,M009,P03,T03,83602.32
2026-04-26,M010,P04,T01,168453.52
2026-04-26,M011,P01,T03,116631.56
2026-04-26,M012,P02,T01,237742.56
2026-04-26,M013,P03,T03,113201.36
2026-04-26,M014,P04,T01,222007.01
2026-04-26,M015,P01,T03,110775.62
2026-04-26,M016,P02,T01,197049.19
2026-04-26,M017,P03,T03,104487.26
2026-04-26,M018,P04,T01,190453.57
2026-04-26,M019,P01,T03,150041.55
2026-04-26,M020,P02,T01,284257.02
2026-04-26,M021,P03,T03,143654.65
2026-04-26,M022,P04,T01,163349.46
2026-04-26,M023,P01,T03,141850.91
2026-04-26,M024,P02,T01,233056.33
2026-04-26,M025,P03,T03,138673.34
2026-04-26,M026,P04,T01,227868.97
2026-04-26,M027,P01,T03,179898.5
2026-04-26,M028,P02,T01,337414.29
2026-04-26,M029,P03,T03,122750.16
2026-04-26,M030,P04,T01,212224.08
2026-04-26,M031,P01,T03,158247.4
2026-04-26,M032,P02,T01,291914.43
2026-04-26,M033,P03,T03,153142.9
2026-04-26,M034,P04,T01,288801.54
2026-04-26,M035,P01,T03,222018.41
2026-04-26,M036,P02,T01,274089.63
2026-04-26,M037,P03,T03,136770.77
2026-04-26,M038,P04,T01,271564.16
2026-04-26,M039,P01,T03,203008.51
2026-04-26,M040,P02,T01,350730.2
2026-04-26,M041,P03,T03,184137.34
2026-04-26,M042,P04,T01,336176.08
2026-04-26,M043,P01,T03,185748.1
2026-04-26,M044,P02,T01,327368.1
2026-04-26,M045,P03,T03,157258.52
2026-04-26,M046,P04,T01,290543.84
2026-04-26,M047,P01,T03,222220.01
2026-04-26,M048,P02,T01,430671.73
2026-04-27,M001,P04,T04,81515.85
2026-04-27,M002,P01,T02,110901.85
2026-04-27,M003,P02,T04,142735.38
2026-04-27,M004,P03,T02,114160.82
2026-04-27,M005,P04,T04,148154.7
2026-04-27,M006,P01,T02,190837.2
2026-04-27,M007,P02,T04,234316.77
2026-04-27,M008,P03,T02,103533.85
2026-04-27,M009,P04,T04,130979.82
2026-04-27,M010,P01,T02,156071.67
2026-04-27,M011,P02,T04,187781.03
2026-04-27,M012,P03,T02,156391.94
2026-04-27,M013,P04,T04,177271.95
2026-04-27,M014,P01,T02,245559.22
2026-04-27,M015,P02,T04,149765.06
2026-04-27,M016,P03,T02,139549.57
2026-04-27,M017,P04,T04,152295.95
2026-04-27,M018,P01,T02,209529.77
2026-04-27,M019,P02,T04,223193.6
2026-04-27,M020,P03,T02,194339.4
2026-04-27,M021,P04,T04,233538.9
2026-04-27,M022,P01,T02,180825.23
2026-04-27,M023,P02,T04,203284.76
2026-04-27,M024,P03,T02,170510.45
2026-04-27,M025,P04,T04,189143.51
2026-04-27,M026,P01,T02,236157.07
2026-04-27,M027,P02,T04,297500.28
2026-04-27,M028,P03,T02,212064.9
2026-04-27,M029,P04,T04,183818.99
2026-04-27,M030,P01,T02,207569.81
2026-04-27,M031,P02,T04,237963.48
2026-04-27,M032,P03,T02,192602.82
2026-04-27,M033,P04,T04,246424.96
2026-04-27,M034,P01,T02,285912.86
2026-04-27,M035,P02,T04,332891.84
2026-04-27,M036,P03,T02,181474.7
2026-04-27,M037,P04,T04,229339.41
2026-04-27,M038,P01,T02,252573.48
2026-04-27,M039,P02,T04,308122.44
2026-04-27,M040,P03,T02,230427.05
2026-04-27,M041,P04,T04,277202.08
2026-04-27,M042,P01,T02,348455.32
2026-04-27,M043,P02,T04,253818.76
2026-04-27,M044,P03,T02,204496.56
2026-04-27,M045,P04,T04,252416.44
2026-04-27,M046,P01,T02,286349.96
2026-04-27,M047,P02,T04,362541.04
2026-04-27,M048,P03,T02,269155.27
2026-04-28,M001,P01,T01,109795.38
2026-04-28,M002,P02,T03,98575.36
2026-04-28,M003,P03,T01,123528.91
2026-04-28,M004,P04,T03,111859.73
2026-04-28,M005,P01,T01,186427.93
2026-04-28,M006,P02,T03,177952.9
2026-04-28,M007,P03,T01,206568.03
2026-04-28,M008,P04,T03,98811.98
2026-04-28,M009,P01,T01,156798.48
2026-04-28,M010,P02,T03,142849.43
2026-04-28,M011,P03,T01,160736.08
2026-04-28,M012,P04,T03,146183.96
2026-04-28,M013,P01,T01,245782.93
2026-04-28,M014,P02,T03,202174.65
2026-04-28,M015,P03,T01,140631.45
2026-04-28,M016,P04,T03,117714.08
2026-04-28,M017,P01,T01,210304.91
2026-04-28,M018,P02,T03,167311.61
2026-04-28,M019,P03,T01,211588.16
2026-04-28,M020,P04,T03,161943.4
2026-04-28,M021,P01,T01,296228.39
2026-04-28,M022,P02,T03,166850.7
2026-04-28,M023,P03,T01,182438.34
2026-04-28,M024,P04,T03,142132.6
2026-04-28,M025,P01,T01,273021.03
2026-04-28,M026,P02,T03,216437.04
2026-04-28,M027,P03,T01,247108.07
2026-04-28,M028,P04,T03,215192.23
2026-04-28,M029,P01,T01,223318.13
2026-04-28,M030,P02,T03,196379.55
2026-04-28,M031,P03,T01,225115.86
2026-04-28,M032,P04,T03,188486.68
2026-04-28,M033,P01,T01,336010.85
2026-04-28,M034,P02,T03,255076.19
2026-04-28,M035,P03,T01,298383.45
2026-04-28,M036,P04,T03,155461.31
2026-04-28,M037,P01,T01,296959.81
2026-04-28,M038,P02,T03,235071.74
2026-04-28,M039,P03,T01,255303.03
2026-04-28,M040,P04,T03,214718.73
2026-04-28,M041,P01,T01,336661.3
2026-04-28,M042,P02,T03,276639.86
2026-04-28,M043,P03,T01,250495.81
2026-04-28,M044,P04,T03,195250.27
2026-04-28,M045,P01,T01,312375.62
2026-04-28,M046,P02,T03,257701.4
2026-04-28,M047,P03,T01,290856.02
2026-04-28,M048,P04,T03,256026.95
2026-04-29,M001,P02,T02,113107.84
2026-04-29,M002,P03,T04,92325.38
2026-04-29,M003,P04,T02,127672.5
2026-04-29,M004,P01,T04,142968.32
2026-04-29,M005,P02,T02,183407.72
2026-04-29,M006,P03,T04,149048.81
2026-04-29,M007,P04,T02,181699.39
2026-04-29,M008,P01,T04,118750.1
2026-04-29,M009,P02,T02,150600.78
2026-04-29,M010,P03,T04,116444.28
2026-04-29,M011,P04,T02,165860.3
2026-04-29,M012,P01,T04,192742.31
2026-04-29,M013,P02,T02,234739.18
2026-04-29,M014,P03,T04,161626.62
2026-04-29,M015,P04,T02,143664.84
2026-04-29,M016,P01,T04,148471.96
2026-04-29,M017,P02,T02,200756.97
2026-04-29,M018,P03,T04,161537.35
2026-04-29,M019,P04,T02,192859.75
2026-04-29,M020,P01,T04,230435.68
2026-04-29,M021,P02,T02,311906.44
2026-04-29,M022,P03,T04,130310.27
2026-04-29,M023,P04,T02,189778.82
2026-04-29,M024,P01,T04,205072.36
2026-04-29,M025,P02,T02,257832.38
2026-04-29,M026,P03,T04,193941.37
2026-04-29,M027,P04,T02,256214.3
2026-04-29,M028,P01,T04,244335.88
2026-04-29,M029,P02,T02,214072.21
2026-04-29,M030,P03,T04,172239.03
2026-04-29,M031,P04,T02,214800.97
2026-04-29,M032,P01,T04,233369.92
2026-04-29,M033,P02,T02,293382.83
2026-04-29,M034,P03,T04,234778.32
2026-04-29,M035,P04,T02,295547.87
2026-04-29,M036,P01,T04,218347.05
2026-04-29,M037,P02,T02,272260.14
2026-04-29,M038,P03,T04,201105.82
2026-04-29,M039,P04,T02,274128.11
2026-04-29,M040,P01,T04,281274.22
2026-04-29,M041,P02,T02,347542.27
2026-04-29,M042,P03,T04,244783.64
2026-04-29,M043,P04,T02,239969.91
2026-04-29,M044,P01,T04,244861.07
2026-04-29,M045,P02,T02,343143.65
2026-04-29,M046,P03,T04,227773.88
2026-04-29,M047,P04,T02,288955.9
2026-04-29,M048,P01,T04,326565.32
2026-04-30,M001,P03,T03,60609.39
2026-04-30,M002,P04,T01,126358.23
2026-04-30,M003,P01,T03,112503.84
2026-04-30,M004,P02,T01,191632.35
2026-04-30,M005,P03,T03,113086.1
2026-04-30,M006,P04,T01,212293.91
2026-04-30,M007,P01,T03,150456.99
2026-04-30,M008,P02,T01,166396.66
2026-04-30,M009,P03,T03,90959.03
2026-04-30,M010,P04,T01,185525.69
2026-04-30,M011,P01,T03,132885.72
2026-04-30,M012,P02,T01,273832.83
2026-04-30,M013,P03,T03,138650.11
2026-04-30,M014,P04,T01,254528.21
2026-04-30,M015,P01,T03,119094.36
2026-04-30,M016,P02,T01,217103.78
2026-04-30,M017,P03,T03,115510.5
2026-04-30,M018,P04,T01,225382.4
2026-04-30,M019,P01,T03,164304.02
2026-04-30,M020,P02,T01,324381.71
2026-04-30,M021,P03,T03,159592.31
2026-04-30,M022,P04,T01,201535.12
2026-04-30,M023,P01,T03,163994.12
2026-04-30,M024,P02,T01,275517.55
2026-04-30,M025,P03,T03,155607.1
2026-04-30,M026,P04,T01,247853.79
2026-04-30,M027,P01,T03,215514.73
2026-04-30,M028,P02,T01,343739.12
2026-04-30,M029,P03,T03,120151.92
2026-04-30,M030,P04,T01,229433.7
2026-04-30,M031,P01,T03,171341.74
2026-04-30,M032,P02,T01,335855.37
2026-04-30,M033,P03,T03,164386.04
2026-04-30,M034,P04,T01,313478.02
2026-04-30,M035,P01,T03,229954.62
2026-04-30,M036,P02,T01,312267.82
2026-04-30,M037,P03,T03,146588.13
2026-04-30,M038,P04,T01,284422.58
2026-04-30,M039,P01,T03,223420.3
2026-04-30,M040,P02,T01,371631.91
2026-04-30,M041,P03,T03,189017.24
2026-04-30,M042,P04,T01,335514.66
2026-04-30,M043,P01,T03,199935.8
2026-04-30,M044,P02,T01,338026.4
2026-04-30,M045,P03,T03,182183.68
2026-04-30,M046,P04,T01,352618.87
2026-04-30,M047,P01,T03,270631.0
2026-04-30,M048,P02,T01,471659.07
2026-05-01,M001,P02,T02,108903.25
2026-05-01,M002,P03,T04,89165.66
2026-05-01,M003,P04,T02,115967.28
2026-05-01,M004,P01,T04,142660.63
2026-05-01,M005,P02,T02,202402.53
2026-05-01,M006,P03,T04,139557.49
2026-05-01,M007,P04,T02,178596.77
2026-05-01,M008,P01,T04,117834.35
2026-05-01,M009,P02,T02,149830.92
2026-05-01,M010,P03,T04,116599.34
2026-05-01,M011,P04,T02,151311.26
2026-05-01,M012,P01,T04,182827.9
2026-05-01,M013,P02,T02,239789.3
2026-05-01,M014,P03,T04,166491.36
2026-05-01,M015,P04,T02,129955.14
2026-05-01,M016,P01,T04,152202.09
2026-05-01,M017,P02,T02,208618.11
2026-05-01,M018,P03,T04,155707.11
2026-05-01,M019,P04,T02,201552.53
2026-05-01,M020,P01,T04,220306.19
2026-05-01,M021,P02,T02,270045.33
2026-05-01,M022,P03,T04,137918.83
2026-05-01,M023,P04,T02,180441.27
2026-05-01,M024,P01,T04,186485.11
2026-05-01,M025,P02,T02,244486.52
2026-05-01,M026,P03,T04,171073.68
2026-05-01,M027,P04,T02,257419.12
2026-05-01,M028,P01,T04,245654.44
2026-05-01,M029,P02,T02,220572.34
2026-05-01,M030,P03,T04,175275.62
2026-05-01,M031,P04,T02,227715.69
2026-05-01,M032,P01,T04,245546.9
2026-05-01,M033,P02,T02,286683.87
2026-05-01,M034,P03,T04,226197.26
2026-05-01,M035,P04,T02,280094.94
2026-05-01,M036,P01,T04,227100.38
2026-05-01,M037,P02,T02,260735.29
2026-05-01,M038,P03,T04,188498.28
2026-05-01,M039,P04,T02,258762.47
2026-05-01,M040,P01,T04,287662.85
2026-05-01,M041,P02,T02,334430.77
2026-05-01,M042,P03,T04,236244.37
2026-05-01,M043,P04,T02,222889.46
2026-05-01,M044,P01,T04,231510.32
2026-05-01,M045,P02,T02,315408.76
2026-05-01,M046,P03,T04,210847.1
2026-05-01,M047,P04,T02,302178.63
2026-05-01,M048,P01,T04,294010.91
2026-05-02,M001,P03,T03,57629.73
2026-05-02,M002,P04,T01,119511.14
2026-05-02,M003,P01,T03,96919.28
2026-05-02,M004,P02,T01,185905.2
2026-05-02,M005,P03,T03,95602.05
2026-05-02,M006,P04,T01,191416.4
2026-05-02,M007,P01,T03,140747.3
2026-05-02,M008,P02,T01,159564.04
2026-05-02,M009,P03,T03,76477.29
2026-05-02,M010,P04,T01,146695.35
2026-05-02,M011,P01,T03,116581.04
2026-05-02,M012,P02,T01,236470.04
2026-05-02,M013,P03,T03,120718.93
2026-05-02,M014,P04,T01,219867.64
2026-05-02,M015,P01,T03,107910.86
2026-05-02,M016,P02,T01,189669.35
2026-05-02,M017,P03,T03,109185.6
2026-05-02,M018,P04,T01,181591.4
2026-05-02,M019,P01,T03,149050.32
2026-05-02,M020,P02,T01,280364.1
2026-05-02,M021,P03,T03,136066.67
2026-05-02,M022,P04,T01,177128.71
2026-05-02,M023,P01,T03,126388.52
2026-05-02,M024,P02,T01,259854.11
2026-05-02,M025,P03,T03,136692.03
2026-05-02,M026,P04,T01,243547.36
2026-05-02,M027,P01,T03,176853.53
2026-05-02,M028,P02,T01,344077.78
2026-05-02,M029,P03,T03,109946.36
2026-05-02,M030,P04,T01,215941.16
2026-05-02,M031,P01,T03,169375.01
2026-05-02,M032,P02,T01,307133.51
2026-05-02,M033,P03,T03,154432.41
2026-05-02,M034,P04,T01,271010.54
2026-05-02,M035,P01,T03,220384.23
2026-05-02,M036,P02,T01,278145.36
2026-05-02,M037,P03,T03,140600.28
2026-05-02,M038,P04,T01,238753.26
2026-05-02,M039,P01,T03,205194.11
2026-05-02,M040,P02,T01,365351.12
2026-05-02,M041,P03,T03,188759.87
2026-05-02,M042,P04,T01,298093.02
2026-05-02,M043,P01,T03,175943.82
2026-05-02,M044,P02,T01,307201.98
2026-05-02,M045,P03,T03,159296.43
2026-05-02,M046,P04,T01,272833.46
2026-05-02,M047,P01,T03,229219.23
2026-05-02,M048,P02,T01,420618.13
2026-05-03,M001,P04,T04,84034.61
2026-05-03,M002,P01,T02,104131.83
2026-05-03,M003,P02,T04,131090.44
2026-05-03,M004,P03,T02,114137.16
2026-05-03,M005,P04,T04,123665.95
2026-05-03,M006,P01,T02,179552.74
2026-05-03,M007,P02,T04,201108.12
2026-05-03,M008,P03,T02,87660.32
2026-05-03,M009,P04,T04,118403.96
2026-05-03,M010,P01,T02,134441.56
2026-05-03,M011,P02,T04,161827.16
2026-05-03,M012,P03,T02,151841.76
2026-05-03,M013,P04,T04,169630.8
2026-05-03,M014,P01,T02,206375.94
2026-05-03,M015,P02,T04,133191.46
2026-05-03,M016,P03,T02,124561.93
2026-05-03,M017,P04,T04,149589.58
2026-05-03,M018,P01,T02,183568.75
2026-05-03,M019,P02,T04,224237.65
2026-05-03,M020,P03,T02,161072.02
2026-05-03,M021,P04,T04,185803.47
2026-05-03,M022,P01,T02,157122.22
2026-05-03,M023,P02,T04,183941.32
2026-05-03,M024,P03,T02,164125.06
2026-05-03,M025,P04,T04,181324.92
2026-05-03,M026,P01,T02,207573.68
2026-05-03,M027,P02,T04,233366.07
2026-05-03,M028,P03,T02,197848.92
2026-05-03,M029,P04,T04,148652.43
2026-05-03,M030,P01,T02,202024.74
2026-05-03,M031,P02,T04,210149.0
2026-05-03,M032,P03,T02,182738.37
2026-05-03,M033,P04,T04,195279.95
2026-05-03,M034,P01,T02,249313.49
2026-05-03,M035,P02,T04,291442.26
2026-05-03,M036,P03,T02,153231.02
2026-05-03,M037,P04,T04,179618.29
2026-05-03,M038,P01,T02,244309.39
2026-05-03,M039,P02,T04,268017.32
2026-05-03,M040,P03,T02,210948.44
2026-05-03,M041,P04,T04,230445.69
2026-05-03,M042,P01,T02,278126.49
2026-05-03,M043,P02,T04,243832.25
2026-05-03,M044,P03,T02,203046.8
2026-05-03,M045,P04,T04,211336.93
2026-05-03,M046,P01,T02,287766.51
2026-05-03,M047,P02,T04,288934.64
2026-05-03,M048,P03,T02,229970.19
2026-05-04,M001,P01,T01,117920.73
2026-05-04,M002,P02,T03,99829.8
2026-05-04,M003,P03,T01,133283.21
2026-05-04,M004,P04,T03,103529.13
2026-05-04,M005,P01,T01,195255.35
2026-05-04,M006,P02,T03,159082.16
2026-05-04,M007,P03,T01,197788.69
2026-05-04,M008,P04,T03,85556.15
2026-05-04,M009,P01,T01,160502.34
2026-05-04,M010,P02,T03,150240.51
2026-05-04,M011,P03,T01,177650.4
2026-05-04,M012,P04,T03,133583.16
2026-05-04,M013,P01,T01,234716.05
2026-05-04,M014,P02,T03,188117.51
2026-05-04,M015,P03,T01,136397.98
2026-05-04,M016,P04,T03,114577.49
2026-05-04,M017,P01,T01,211970.63
2026-05-04,M018,P02,T03,184508.43
2026-05-04,M019,P03,T01,204095.16
2026-05-04,M020,P04,T03,169152.2
2026-05-04,M021,P01,T01,314738.25
2026-05-04,M022,P02,T03,148903.49
2026-05-04,M023,P03,T01,182227.37
2026-05-04,M024,P04,T03,149721.75
2026-05-04,M025,P01,T01,252793.22
2026-05-04,M026,P02,T03,210912.67
2026-05-04,M027,P03,T01,244107.27
2026-05-04,M028,P04,T03,206388.64
2026-05-04,M029,P01,T01,213086.51
2026-05-04,M030,P02,T03,186999.35
2026-05-04,M031,P03,T01,218511.17
2026-05-04,M032,P04,T03,180294.89
2026-05-04,M033,P01,T01,327083.3
2026-05-04,M034,P02,T03,263083.46
2026-05-04,M035,P03,T01,289323.77
2026-05-04,M036,P04,T03,154042.22
2026-05-04,M037,P01,T01,278002.75
2026-05-04,M038,P02,T03,226841.21
2026-05-04,M039,P03,T01,257426.8
2026-05-04,M040,P04,T03,226158.89
2026-05-04,M041,P01,T01,363701.1
2026-05-04,M042,P02,T03,273905.18
2026-05-04,M043,P03,T01,228450.25
2026-05-04,M044,P04,T03,181115.2
2026-05-04,M045,P01,T01,315075.87
2026-05-04,M046,P02,T03,252599.61
2026-05-04,M047,P03,T01,289489.81
2026-05-04,M048,P04,T03,251358.79
2026-05-05,M001,P02,T02,108553.53
2026-05-05,M002,P03,T04,89372.5
2026-05-05,M003,P04,T02,122985.2
2026-05-05,M004,P01,T04,144106.57
2026-05-05,M005,P02,T02,186679.81
2026-05-05,M006,P03,T04,130851.88
2026-05-05,M007,P04,T02,182713.0
2026-05-05,M008,P01,T04,116421.55
2026-05-05,M009,P02,T02,163682.04
2026-05-05,M010,P03,T04,111549.49
2026-05-05,M011,P04,T02,157097.8
2026-05-05,M012,P01,T04,184307.18
2026-05-05,M013,P02,T02,237112.16
2026-05-05,M014,P03,T04,179068.22
2026-05-05,M015,P04,T02,141643.27
2026-05-05,M016,P01,T04,145922.63
2026-05-05,M017,P02,T02,200521.62
2026-05-05,M018,P03,T04,141219.24
2026-05-05,M019,P04,T02,193457.19
2026-05-05,M020,P01,T04,210039.49
2026-05-05,M021,P02,T02,278302.8
2026-05-05,M022,P03,T04,132159.49
2026-05-05,M023,P04,T02,180106.42
2026-05-05,M024,P01,T04,192917.31
2026-05-05,M025,P02,T02,246463.52
2026-05-05,M026,P03,T04,179926.07
2026-05-05,M027,P04,T02,241995.16
2026-05-05,M028,P01,T04,253278.66
2026-05-05,M029,P02,T02,226973.6
2026-05-05,M030,P03,T04,157145.3
2026-05-05,M031,P04,T02,209338.81
2026-05-05,M032,P01,T04,233565.26
2026-05-05,M033,P02,T02,322251.38
2026-05-05,M034,P03,T04,218807.7
2026-05-05,M035,P04,T02,298916.73
2026-05-05,M036,P01,T04,223201.74
2026-05-05,M037,P02,T02,265210.68
2026-05-05,M038,P03,T04,205900.72
2026-05-05,M039,P04,T02,261745.58
2026-05-05,M040,P01,T04,287588.7
2026-05-05,M041,P02,T02,326761.24
2026-05-05,M042,P03,T04,260588.99
2026-05-05,M043,P04,T02,239087.76
2026-05-05,M044,P01,T04,242230.35
2026-05-05,M045,P02,T02,341409.85
2026-05-05,M046,P03,T04,219635.25
2026-05-05,M047,P04,T02,279794.47
2026-05-05,M048,P01,T04,299153.27
2026-05-06,M001,P03,T03,65376.36
2026-05-06,M002,P04,T01,118235.83
2026-05-06,M003,P01,T03,101996.74
2026-05-06,M004,P02,T01,189878.35
2026-05-06,M005,P03,T03,102856.41
2026-05-06,M006,P04,T01,189029.66
2026-05-06,M007,P01,T03,159484.89
2026-05-06,M008,P02,T01,161383.65
2026-05-06,M009,P03,T03,96110.59
2026-05-06,M010,P04,T01,172540.58
2026-05-06,M011,P01,T03,141635.19
2026-05-06,M012,P02,T01,256835.46
2026-05-06,M013,P03,T03,138515.77
2026-05-06,M014,P04,T01,259498.25
2026-05-06,M015,P01,T03,126509.91
2026-05-06,M016,P02,T01,234925.75
2026-05-06,M017,P03,T03,112597.14
2026-05-06,M018,P04,T01,204385.72
2026-05-06,M019,P01,T03,175343.01
2026-05-06,M020,P02,T01,322807.38
2026-05-06,M021,P03,T03,149691.24
2026-05-06,M022,P04,T01,175075.88
2026-05-06,M023,P01,T03,148429.4
2026-05-06,M024,P02,T01,255329.41
2026-05-06,M025,P03,T03,141015.89
2026-05-06,M026,P04,T01,249820.07
2026-05-06,M027,P01,T03,190055.04
2026-05-06,M028,P02,T01,354854.37
2026-05-06,M029,P03,T03,119269.13
2026-05-06,M030,P04,T01,247778.62
2026-05-06,M031,P01,T03,190590.06
2026-05-06,M032,P02,T01,344764.1
2026-05-06,M033,P03,T03,169282.24
2026-05-06,M034,P04,T01,330906.94
2026-05-06,M035,P01,T03,235945.5
2026-05-06,M036,P02,T01,312168.79
2026-05-06,M037,P03,T03,143976.78
2026-05-06,M038,P04,T01,293685.81
2026-05-06,M039,P01,T03,200206.5
2026-05-06,M040,P02,T01,365498.43
2026-05-06,M041,P03,T03,188721.67
2026-05-06,M042,P04,T01,338892.74
2026-05-06,M043,P01,T03,187665.99
2026-05-06,M044,P02,T01,367835.3
2026-05-06,M045,P03,T03,187969.68
2026-05-06,M046,P04,T01,343702.15
2026-05-06,M047,P01,T03,240662.76
2026-05-06,M048,P02,T01,447468.83
2026-05-07,M001,P04,T04,87968.28
2026-05-07,M002,P01,T02,113171.75
2026-05-07,M003,P02,T04,152346.58
2026-05-07,M004,P03,T02,121461.4
2026-05-07,M005,P04,T04,142330.69
2026-05-07,M006,P01,T02,178313.33
2026-05-07,M007,P02,T04,222576.8
2026-05-07,M008,P03,T02,95582.95
2026-05-07,M009,P04,T04,121554.04
2026-05-07,M010,P01,T02,150645.16
2026-05-07,M011,P02,T04,179179.34
2026-05-07,M012,P03,T02,158853.43
2026-05-07,M013,P04,T04,183241.84
2026-05-07,M014,P01,T02,238341.79
2026-05-07,M015,P02,T04,149766.57
2026-05-07,M016,P03,T02,127250.97
2026-05-07,M017,P04,T04,160274.72
2026-05-07,M018,P01,T02,191400.58
2026-05-07,M019,P02,T04,218569.28
2026-05-07,M020,P03,T02,203807.74
2026-05-07,M021,P04,T04,231472.0
2026-05-07,M022,P01,T02,181515.45
2026-05-07,M023,P02,T04,192811.76
2026-05-07,M024,P03,T02,166790.58
2026-05-07,M025,P04,T04,207854.7
2026-05-07,M026,P01,T02,232953.89
2026-05-07,M027,P02,T04,292275.35
2026-05-07,M028,P03,T02,213507.8
2026-05-07,M029,P04,T04,161802.34
2026-05-07,M030,P01,T02,213785.23
2026-05-07,M031,P02,T04,267242.84
2026-05-07,M032,P03,T02,205471.72
2026-05-07,M033,P04,T04,240984.92
2026-05-07,M034,P01,T02,267840.36
2026-05-07,M035,P02,T04,317270.8
2026-05-07,M036,P03,T02,179440.86
2026-05-07,M037,P04,T04,217268.07
2026-05-07,M038,P01,T02,242113.82
2026-05-07,M039,P02,T04,285167.5
2026-05-07,M040,P03,T02,227705.31
2026-05-07,M041,P04,T04,272122.38
2026-05-07,M042,P01,T02,332540.23
2026-05-07,M043,P02,T04,264550.76
2026-05-07,M044,P03,T02,214811.71
2026-05-07,M045,P04,T04,238100.25
2026-05-07,M046,P01,T02,302519.97
2026-05-07,M047,P02,T04,364936.36
2026-05-07,M048,P03,T02,277823.75
2026-05-08,M001,P01,T01,109594.61
2026-05-08,M002,P02,T03,100191.17
2026-05-08,M003,P03,T01,128415.33
2026-05-08,M004,P04,T03,109816.5
2026-05-08,M005,P01,T01,188843.4
2026-05-08,M006,P02,T03,166454.65
2026-05-08,M007,P03,T01,198060.25
2026-05-08,M008,P04,T03,93108.1
2026-05-08,M009,P01,T01,169337.16
2026-05-08,M010,P02,T03,135479.64
2026-05-08,M011,P03,T01,154204.01
2026-05-08,M012,P04,T03,144671.13
2026-05-08,M013,P01,T01,237735.91
2026-05-08,M014,P02,T03,214942.72
2026-05-08,M015,P03,T01,148533.47
2026-05-08,M016,P04,T03,113291.77
2026-05-08,M017,P01,T01,214223.18
2026-05-08,M018,P02,T03,192025.45
2026-05-08,M019,P03,T01,216122.57
2026-05-08,M020,P04,T03,175778.15
2026-05-08,M021,P01,T01,281375.55
2026-05-08,M022,P02,T03,147686.52
2026-05-08,M023,P03,T01,175740.21
2026-05-08,M024,P04,T03,143108.7
2026-05-08,M025,P01,T01,271873.1
2026-05-08,M026,P02,T03,200699.75
2026-05-08,M027,P03,T01,254824.08
2026-05-08,M028,P04,T03,212725.53
2026-05-08,M029,P01,T01,247779.07
2026-05-08,M030,P02,T03,198884.06
2026-05-08,M031,P03,T01,218614.33
2026-05-08,M032,P04,T03,181257.45
2026-05-08,M033,P01,T01,288777.12
2026-05-08,M034,P02,T03,254597.63
2026-05-08,M035,P03,T01,294472.01
2026-05-08,M036,P04,T03,153599.19
2026-05-08,M037,P01,T01,300720.5
2026-05-08,M038,P02,T03,236568.01
2026-05-08,M039,P03,T01,275099.63
2026-05-08,M040,P04,T03,222261.37
2026-05-08,M041,P01,T01,376679.97
2026-05-08,M042,P02,T03,289991.44
2026-05-08,M043,P03,T01,221930.71
2026-05-08,M044,P04,T03,195410.0
2026-05-08,M045,P01,T01,313347.16
2026-05-08,M046,P02,T03,271176.54
2026-05-08,M047,P03,T01,280914.31
2026-05-08,M048,P04,T03,240217.66
2026-05-09,M001,P02,T02,105841.12
2026-05-09,M002,P03,T04,73641.28
2026-05-09,M003,P04,T02,104537.59
2026-05-09,M004,P01,T04,126818.87
2026-05-09,M005,P02,T02,164682.99
2026-05-09,M006,P03,T04,135807.99
2026-05-09,M007,P04,T02,164132.3
2026-05-09,M008,P01,T04,106612.76
2026-05-09,M009,P02,T02,155264.66
2026-05-09,M010,P03,T04,102342.87
2026-05-09,M011,P04,T02,152039.38
2026-05-09,M012,P01,T04,155568.84
2026-05-09,M013,P02,T02,209107.82
2026-05-09,M014,P03,T04,147479.18
2026-05-09,M015,P04,T02,128233.97
2026-05-09,M016,P01,T04,136714.74
2026-05-09,M017,P02,T02,177180.71
2026-05-09,M018,P03,T04,129588.43
2026-05-09,M019,P04,T02,173773.78
2026-05-09,M020,P01,T04,208557.14
2026-05-09,M021,P02,T02,269471.95
2026-05-09,M022,P03,T04,114584.04
2026-05-09,M023,P04,T02,168699.83
2026-05-09,M024,P01,T04,190003.06
2026-05-09,M025,P02,T02,242743.62
2026-05-09,M026,P03,T04,170104.6
2026-05-09,M027,P04,T02,220727.13
2026-05-09,M028,P01,T04,239884.19
2026-05-09,M029,P02,T02,197831.69
2026-05-09,M030,P03,T04,152206.1
2026-05-09,M031,P04,T02,211313.61
2026-05-09,M032,P01,T04,222198.71
2026-05-09,M033,P02,T02,260031.65
2026-05-09,M034,P03,T04,200267.56
2026-05-09,M035,P04,T02,259726.69
2026-05-09,M036,P01,T04,185811.91
2026-05-09,M037,P02,T02,241978.03
2026-05-09,M038,P03,T04,177726.49
2026-05-09,M039,P04,T02,235012.54
2026-05-09,M040,P01,T04,251684.4
2026-05-09,M041,P02,T02,306443.81
2026-05-09,M042,P03,T04,236952.01
2026-05-09,M043,P04,T02,202539.94
2026-05-09,M044,P01,T04,231053.87
2026-05-09,M045,P02,T02,309745.39
2026-05-09,M046,P03,T04,193731.84
2026-05-09,M047,P04,T02,286863.97
2026-05-09,M048,P01,T04,306028.45
2026-05-10,M001,P03,T03,58797.26
2026-05-10,M002,P04,T01,117263.84
2026-05-10,M003,P01,T03,94438.27
2026-05-10,M004,P02,T01,167736.15
2026-05-10,M005,P03,T03,96282.79
2026-05-10,M006,P04,T01,183846.06
2026-05-10,M007,P01,T03,153162.08
2026-05-10,M008,P02,T01,143010.58
2026-05-10,M009,P03,T03,80829.18
2026-05-10,M010,P04,T01,143177.92
2026-05-10,M011,P01,T03,133997.6
2026-05-10,M012,P02,T01,220076.44
2026-05-10,M013,P03,T03,128679.97
2026-05-10,M014,P04,T01,214383.51
2026-05-10,M015,P01,T03,111262.28
2026-05-10,M016,P02,T01,197683.6
2026-05-10,M017,P03,T03,101866.57
2026-05-10,M018,P04,T01,195411.25
2026-05-10,M019,P01,T03,143982.73
2026-05-10,M020,P02,T01,275094.97
2026-05-10,M021,P03,T03,147427.76
2026-05-10,M022,P04,T01,157938.87
2026-05-10,M023,P01,T03,140757.8
2026-05-10,M024,P02,T01,252433.29
2026-05-10,M025,P03,T03,128733.12
2026-05-10,M026,P04,T01,247825.65
2026-05-10,M027,P01,T03,172803.07
2026-05-10,M028,P02,T01,347782.59
2026-05-10,M029,P03,T03,123588.55
2026-05-10,M030,P04,T01,217765.54
2026-05-10,M031,P01,T03,167906.99
2026-05-10,M032,P02,T01,278715.22
2026-05-10,M033,P03,T03,154568.43
2026-05-10,M034,P04,T01,297425.79
2026-05-10,M035,P01,T03,200886.72
2026-05-10,M036,P02,T01,263890.48
2026-05-10,M037,P03,T03,137527.47
2026-05-10,M038,P04,T01,246485.67
2026-05-10,M039,P01,T03,188431.88
2026-05-10,M040,P02,T01,336866.62
2026-05-10,M041,P03,T03,191503.52
2026-05-10,M042,P04,T01,295530.23
2026-05-10,M043,P01,T03,169672.93
2026-05-10,M044,P02,T01,334707.55
2026-05-10,M045,P03,T03,152777.05
2026-05-10,M046,P04,T01,289427.78
2026-05-10,M047,P01,T03,217913.75
2026-05-10,M048,P02,T01,389582.88
2026-05-11,M001,P04,T04,89514.53
2026-05-11,M002,P01,T02,107325.88
2026-05-11,M003,P02,T04,139520.19
2026-05-11,M004,P03,T02,129361.58
2026-05-11,M005,P04,T04,146470.98
2026-05-11,M006,P01,T02,178318.0
2026-05-11,M007,P02,T04,211625.28
2026-05-11,M008,P03,T02,104001.91
2026-05-11,M009,P04,T04,115852.16
2026-05-11,M010,P01,T02,155812.09
2026-05-11,M011,P02,T04,178688.48
2026-05-11,M012,P03,T02,152723.56
2026-05-11,M013,P04,T04,187655.48
2026-05-11,M014,P01,T02,215756.47
2026-05-11,M015,P02,T04,162971.53
2026-05-11,M016,P03,T02,141717.57
2026-05-11,M017,P04,T04,147786.53
2026-05-11,M018,P01,T02,194070.16
2026-05-11,M019,P02,T04,246747.05
2026-05-11,M020,P03,T02,187423.94
2026-05-11,M021,P04,T04,204412.88
2026-05-11,M022,P01,T02,173743.56
2026-05-11,M023,P02,T04,216532.14
2026-05-11,M024,P03,T02,161153.28
2026-05-11,M025,P04,T04,196117.46
2026-05-11,M026,P01,T02,230409.06
2026-05-11,M027,P02,T04,272678.62
2026-05-11,M028,P03,T02,221394.76
2026-05-11,M029,P04,T04,177014.41
2026-05-11,M030,P01,T02,228579.73
2026-05-11,M031,P02,T04,234744.53
2026-05-11,M032,P03,T02,217004.55
2026-05-11,M033,P04,T04,218731.13
2026-05-11,M034,P01,T02,296025.01
2026-05-11,M035,P02,T04,316708.98
2026-05-11,M036,P03,T02,179660.8
2026-05-11,M037,P04,T04,222744.39
2026-05-11,M038,P01,T02,247051.43
2026-05-11,M039,P02,T04,303206.51
2026-05-11,M040,P03,T02,248851.63
2026-05-11,M041,P04,T04,284672.06
2026-05-11,M042,P01,T02,303618.48
2026-05-11,M043,P02,T04,262440.45
2026-05-11,M044,P03,T02,224635.09
2026-05-11,M045,P04,T04,233890.75
2026-05-11,M046,P01,T02,297934.06
2026-05-11,M047,P02,T04,322556.84
2026-05-11,M048,P03,T02,283854.46
2026-05-12,M001,P01,T01,120759.95
2026-05-12,M002,P02,T03,100308.63
2026-05-12,M003,P03,T01,119951.4
2026-05-12,M004,P04,T03,115842.19
2026-05-12,M005,P01,T01,211016.24
2026-05-12,M006,P02,T03,165380.84
2026-05-12,M007,P03,T01,179219.23
2026-05-12,M008,P04,T03,93703.04
2026-05-12,M009,P01,T01,175521.76
2026-05-12,M010,P02,T03,146625.97
2026-05-12,M011,P03,T01,163110.77
2026-05-12,M012,P04,T03,152096.39
2026-05-12,M013,P01,T01,257101.7
2026-05-12,M014,P02,T03,195878.52
2026-05-12,M015,P03,T01,143252.58
2026-05-12,M016,P04,T03,118397.97
2026-05-12,M017,P01,T01,221560.04
2026-05-12,M018,P02,T03,176626.77
2026-05-12,M019,P03,T01,202562.29
2026-05-12,M020,P04,T03,182047.99
2026-05-12,M021,P01,T01,304286.52
2026-05-12,M022,P02,T03,164594.53
2026-05-12,M023,P03,T01,171912.79
2026-05-12,M024,P04,T03,142724.36
2026-05-12,M025,P01,T01,275309.35
2026-05-12,M026,P02,T03,233911.34
2026-05-12,M027,P03,T01,263860.63
2026-05-12,M028,P04,T03,190498.97
2026-05-12,M029,P01,T01,221207.04
2026-05-12,M030,P02,T03,180827.81
2026-05-12,M031,P03,T01,232305.75
2026-05-12,M032,P04,T03,188702.82
2026-05-12,M033,P01,T01,294004.73
2026-05-12,M034,P02,T03,250451.04
2026-05-12,M035,P03,T01,263038.63
2026-05-12,M036,P04,T03,156416.67
2026-05-12,M037,P01,T01,292830.16
2026-05-12,M038,P02,T03,233954.29
2026-05-12,M039,P03,T01,269847.39
2026-05-12,M040,P04,T03,229385.99
2026-05-12,M041,P01,T01,338352.37
2026-05-12,M042,P02,T03,289409.54
2026-05-12,M043,P03,T01,216777.37
2026-05-12,M044,P04,T03,185840.48
2026-05-12,M045,P01,T01,327784.44
2026-05-12,M046,P02,T03,275099.8
2026-05-12,M047,P03,T01,311248.5
2026-05-12,M048,P04,T03,265518.96
2026-05-13,M001,P02,T02,109340.08
2026-05-13,M002,P03,T04,94846.16
2026-05-13,M003,P04,T02,115720.61
2026-05-13,M004,P01,T04,141415.74
2026-05-13,M005,P02,T02,178333.99
2026-05-13,M006,P03,T04,135495.81
2026-05-13,M007,P04,T02,191242.04
2026-05-13,M008,P01,T04,117529.02
2026-05-13,M009,P02,T02,155047.97
2026-05-13,M010,P03,T04,112157.7
2026-05-13,M011,P04,T02,170278.59
2026-05-13,M012,P01,T04,190858.0
2026-05-13,M013,P02,T02,233950.06
2026-05-13,M014,P03,T04,180367.99
2026-05-13,M015,P04,T02,148750.69
2026-05-13,M016,P01,T04,159264.55
2026-05-13,M017,P02,T02,222574.14
2026-05-13,M018,P03,T04,163962.22
2026-05-13,M019,P04,T02,188335.82
2026-05-13,M020,P01,T04,204650.15
2026-05-13,M021,P02,T02,286583.61
2026-05-13,M022,P03,T04,127957.49
2026-05-13,M023,P04,T02,169993.44
2026-05-13,M024,P01,T04,190850.42
2026-05-13,M025,P02,T02,274973.11
2026-05-13,M026,P03,T04,194461.79
2026-05-13,M027,P04,T02,239392.18
2026-05-13,M028,P01,T04,252706.53
2026-05-13,M029,P02,T02,215952.56
2026-05-13,M030,P03,T04,177293.76
2026-05-13,M031,P04,T02,208155.46
2026-05-13,M032,P01,T04,248738.13
2026-05-13,M033,P02,T02,283721.58
2026-05-13,M034,P03,T04,218227.68
2026-05-13,M035,P04,T02,291389.22
2026-05-13,M036,P01,T04,208441.55
2026-05-13,M037,P02,T02,296986.33
2026-05-13,M038,P03,T04,192844.78
2026-05-13,M039,P04,T02,239620.15
2026-05-13,M040,P01,T04,258034.46
2026-05-13,M041,P02,T02,334349.45
2026-05-13,M042,P03,T04,242417.39
2026-05-13,M043,P04,T02,229158.85
2026-05-13,M044,P01,T04,233523.37
2026-05-13,M045,P02,T02,341103.01
2026-05-13,M046,P03,T04,239076.0
2026-05-13,M047,P04,T02,281883.72
2026-05-13,M048,P01,T04,298282.0
2026-05-14,M001,P03,T03,66644.86
2026-05-14,M002,P04,T01,116800.23
2026-05-14,M003,P01,T03,103227.39
2026-05-14,M004,P02,T01,196216.07
2026-05-14,M005,P03,T03,109089.46
2026-05-14,M006,P04,T01,197643.12
2026-05-14,M007,P01,T03,166276.86
2026-05-14,M008,P02,T01,158215.69
2026-05-14,M009,P03,T03,93960.89
2026-05-14,M010,P04,T01,169936.34
2026-05-14,M011,P01,T03,135592.2
2026-05-14,M012,P02,T01,253304.3
2026-05-14,M013,P03,T03,136106.79
2026-05-14,M014,P04,T01,234185.77
2026-05-14,M015,P01,T03,112895.77
2026-05-14,M016,P02,T01,234106.39
2026-05-14,M017,P03,T03,125607.89
2026-05-14,M018,P04,T01,227184.02
2026-05-14,M019,P01,T03,175469.12
2026-05-14,M020,P02,T01,309059.95
2026-05-14,M021,P03,T03,161798.05
2026-05-14,M022,P04,T01,191821.45
2026-05-14,M023,P01,T03,142884.86
2026-05-14,M024,P02,T01,268061.83
2026-05-14,M025,P03,T03,149206.92
2026-05-14,M026,P04,T01,278031.15
2026-05-14,M027,P01,T03,218714.46
2026-05-14,M028,P02,T01,361780.07
2026-05-14,M029,P03,T03,121685.59
2026-05-14,M030,P04,T01,250470.22
2026-05-14,M031,P01,T03,173128.27
2026-05-14,M032,P02,T01,321893.57
2026-05-14,M033,P03,T03,177403.16
2026-05-14,M034,P04,T01,305326.55
2026-05-14,M035,P01,T03,228237.96
2026-05-14,M036,P02,T01,292865.86
2026-05-14,M037,P03,T03,143083.28
2026-05-14,M038,P04,T01,300292.53
2026-05-14,M039,P01,T03,213459.84
2026-05-14,M040,P02,T01,375106.61
2026-05-14,M041,P03,T03,183762.04
2026-05-14,M042,P04,T01,357850.84
2026-05-14,M043,P01,T03,208587.62
2026-05-14,M044,P02,T01,336171.45
2026-05-14,M045,P03,T03,177967.72
2026-05-14,M046,P04,T01,340689.96
2026-05-14,M047,P01,T03,253846.3
2026-05-14,M048,P02,T01,438800.18
2026-05-15,M001,P04,T04,83122.61
2026-05-15,M002,P01,T02,115304.55
2026-05-15,M003,P02,T04,133628.94
2026-05-15,M004,P03,T02,122778.84
2026-05-15,M005,P04,T04,137467.19
2026-05-15,M006,P01,T02,174022.92
2026-05-15,M007,P02,T04,211391.19
2026-05-15,M008,P03,T02,107746.92
2026-05-15,M009,P04,T04,116838.08
2026-05-15,M010,P01,T02,160205.36
2026-05-15,M011,P02,T04,178609.55
2026-05-15,M012,P03,T02,152635.59
2026-05-15,M013,P04,T04,172199.95
2026-05-15,M014,P01,T02,225149.72
2026-05-15,M015,P02,T04,171203.09
2026-05-15,M016,P03,T02,145546.0
2026-05-15,M017,P04,T04,150605.52
2026-05-15,M018,P01,T02,192308.69
2026-05-15,M019,P02,T04,237922.07
2026-05-15,M020,P03,T02,180841.95
2026-05-15,M021,P04,T04,230410.89
2026-05-15,M022,P01,T02,167969.79
2026-05-15,M023,P02,T04,202398.37
2026-05-15,M024,P03,T02,165566.35
2026-05-15,M025,P04,T04,209358.29
2026-05-15,M026,P01,T02,261189.75
2026-05-15,M027,P02,T04,287771.93
2026-05-15,M028,P03,T02,214511.9
2026-05-15,M029,P04,T04,185924.92
2026-05-15,M030,P01,T02,200993.0
2026-05-15,M031,P02,T04,240301.07
2026-05-15,M032,P03,T02,195447.27
2026-05-15,M033,P04,T04,233413.25
2026-05-15,M034,P01,T02,266276.48
2026-05-15,M035,P02,T04,302174.56
2026-05-15,M036,P03,T02,189074.19
2026-05-15,M037,P04,T04,227039.79
2026-05-15,M038,P01,T02,271656.84
2026-05-15,M039,P02,T04,272017.6
2026-05-15,M040,P03,T02,236670.69
2026-05-15,M041,P04,T04,259915.78
2026-05-15,M042,P01,T02,324298.99
2026-05-15,M043,P02,T04,251064.25
2026-05-15,M044,P03,T02,233546.94
2026-05-15,M045,P04,T04,245461.8
2026-05-15,M046,P01,T02,286611.46
2026-05-15,M047,P02,T04,346378.48
2026-05-15,M048,P03,T02,286684.11
2026-05-16,M001,P01,T01,106792.23
2026-05-16,M002,P02,T03,91710.65
2026-05-16,M003,P03,T01,118598.93
2026-05-16,M004,P04,T03,96145.91
2026-05-16,M005,P01,T01,185481.72
2026-05-16,M006,P02,T03,155856.46
2026-05-16,M007,P03,T01,173964.1
2026-05-16,M008,P04,T03,83922.59
2026-05-16,M009,P01,T01,153992.19
2026-05-16,M010,P02,T03,123338.23
2026-05-16,M011,P03,T01,140131.93
2026-05-16,M012,P04,T03,133729.33
2026-05-16,M013,P01,T01,227097.95
2026-05-16,M014,P02,T03,195947.79
2026-05-16,M015,P03,T01,125551.38
2026-05-16,M016,P04,T03,113688.56
2026-05-16,M017,P01,T01,183956.13
2026-05-16,M018,P02,T03,161947.04
2026-05-16,M019,P03,T01,185366.79
2026-05-16,M020,P04,T03,149961.84
2026-05-16,M021,P01,T01,285080.23
2026-05-16,M022,P02,T03,143822.68
2026-05-16,M023,P03,T01,151614.17
2026-05-16,M024,P04,T03,143173.27
2026-05-16,M025,P01,T01,239399.6
2026-05-16,M026,P02,T03,197653.07
2026-05-16,M027,P03,T01,208910.93
2026-05-16,M028,P04,T03,184191.54
2026-05-16,M029,P01,T01,205950.81
2026-05-16,M030,P02,T03,176681.61
2026-05-16,M031,P03,T01,191151.15
2026-05-16,M032,P04,T03,178855.81
2026-05-16,M033,P01,T01,276650.6
2026-05-16,M034,P02,T03,227955.26
2026-05-16,M035,P03,T01,245218.22
2026-05-16,M036,P04,T03,158672.9
2026-05-16,M037,P01,T01,246901.19
2026-05-16,M038,P02,T03,207053.02
2026-05-16,M039,P03,T01,225570.43
2026-05-16,M040,P04,T03,205806.91
2026-05-16,M041,P01,T01,311689.51
2026-05-16,M042,P02,T03,276675.41
2026-05-16,M043,P03,T01,198289.06
2026-05-16,M044,P04,T03,180286.64
2026-05-16,M045,P01,T01,280203.72
2026-05-16,M046,P02,T03,234471.98
2026-05-16,M047,P03,T01,249879.91
2026-05-16,M048,P04,T03,216841.47
2026-05-17,M001,P02,T02,101945.84
2026-05-17,M002,P03,T04,83261.78
2026-05-17,M003,P04,T02,105055.72
2026-05-17,M004,P01,T04,133474.48
2026-05-17,M005,P02,T02,174365.6
2026-05-17,M006,P03,T04,134580.27
2026-05-17,M007,P04,T02,171710.76
2026-05-17,M008,P01,T04,108392.2
2026-05-17,M009,P02,T02,136155.42
2026-05-17,M010,P03,T04,105004.58
2026-05-17,M011,P04,T02,157817.46
2026-05-17,M012,P01,T04,175642.19
2026-05-17,M013,P02,T02,202332.89
2026-05-17,M014,P03,T04,150885.39
2026-05-17,M015,P04,T02,123735.77
2026-05-17,M016,P01,T04,149284.43
2026-05-17,M017,P02,T02,179901.75
2026-05-17,M018,P03,T04,129204.02
2026-05-17,M019,P04,T02,177700.54
2026-05-17,M020,P01,T04,206203.13
2026-05-17,M021,P02,T02,269930.01
2026-05-17,M022,P03,T04,128414.86
2026-05-17,M023,P04,T02,151625.08
2026-05-17,M024,P01,T04,187811.3
2026-05-17,M025,P02,T02,220673.24
2026-05-17,M026,P03,T04,173819.58
2026-05-17,M027,P04,T02,208443.84
2026-05-17,M028,P01,T04,241383.66
2026-05-17,M029,P02,T02,208075.13
2026-05-17,M030,P03,T04,156205.89
2026-05-17,M031,P04,T02,193240.7
2026-05-17,M032,P01,T04,222743.61
2026-05-17,M033,P02,T02,258086.1
2026-05-17,M034,P03,T04,202489.01
2026-05-17,M035,P04,T02,253732.35
2026-05-17,M036,P01,T04,184757.59
2026-05-17,M037,P02,T02,255217.61
2026-05-17,M038,P03,T04,174857.72
2026-05-17,M039,P04,T02,248634.86
2026-05-17,M040,P01,T04,234289.4
2026-05-17,M041,P02,T02,300692.6
2026-05-17,M042,P03,T04,230447.12
2026-05-17,M043,P04,T02,207303.07
2026-05-17,M044,P01,T04,228222.77
2026-05-17,M045,P02,T02,292266.4
2026-05-17,M046,P03,T04,200998.97
2026-05-17,M047,P04,T02,252360.74
2026-05-17,M048,P01,T04,263933.73
2026-05-18,M001,P03,T03,64919.84
2026-05-18,M002,P04,T01,122776.45
2026-05-18,M003,P01,T03,112314.55
2026-05-18,M004,P02,T01,197557.13
2026-05-18,M005,P03,T03,111208.15
2026-05-18,M006,P04,T01,193546.55
2026-05-18,M007,P01,T03,166707.97
2026-05-18,M008,P02,T01,165475.33
2026-05-18,M009,P03,T03,87970.97
2026-05-18,M010,P04,T01,159855.75
2026-05-18,M011,P01,T03,145883.89
2026-05-18,M012,P02,T01,267166.48
2026-05-18,M013,P03,T03,144583.39
2026-05-18,M014,P04,T01,245895.91
2026-05-18,M015,P01,T03,115536.32
2026-05-18,M016,P02,T01,212447.81
2026-05-18,M017,P03,T03,121641.0
2026-05-18,M018,P04,T01,211578.47
2026-05-18,M019,P01,T03,162296.33
2026-05-18,M020,P02,T01,290794.21
2026-05-18,M021,P03,T03,163349.96
2026-05-18,M022,P04,T01,196725.41
2026-05-18,M023,P01,T03,152616.33
2026-05-18,M024,P02,T01,261789.89
2026-05-18,M025,P03,T03,151749.6
2026-05-18,M026,P04,T01,278346.87
2026-05-18,M027,P01,T03,192006.5
2026-05-18,M028,P02,T01,339408.89
2026-05-18,M029,P03,T03,119951.57
2026-05-18,M030,P04,T01,216178.76
2026-05-18,M031,P01,T03,197821.32
2026-05-18,M032,P02,T01,329655.4
2026-05-18,M033,P03,T03,183150.41
2026-05-18,M034,P04,T01,322796.11
2026-05-18,M035,P01,T03,245950.15
2026-05-18,M036,P02,T01,283156.55
2026-05-18,M037,P03,T03,148174.18
2026-05-18,M038,P04,T01,272568.93
2026-05-18,M039,P01,T03,208553.36
2026-05-18,M040,P02,T01,371849.53
2026-05-18,M041,P03,T03,185216.29
2026-05-18,M042,P04,T01,334241.45
2026-05-18,M043,P01,T03,186407.64
2026-05-18,M044,P02,T01,341053.69
2026-05-18,M045,P03,T03,174158.34
2026-05-18,M046,P04,T01,329869.17
2026-05-18,M047,P01,T03,237144.2
2026-05-18,M048,P02,T01,434207.26
2026-05-19,M001,P04,T04,90532.22
2026-05-19,M002,P01,T02,112803.62
2026-05-19,M003,P02,T04,153454.77
2026-05-19,M004,P03,T02,119540.43
2026-05-19,M005,P04,T04,151735.26
2026-05-19,M006,P01,T02,194841.87
2026-05-19,M007,P02,T04,204797.69
2026-05-19,M008,P03,T02,92825.31
2026-05-19,M009,P04,T04,126342.23
2026-05-19,M010,P01,T02,164587.99
2026-05-19,M011,P02,T04,188288.37
2026-05-19,M012,P03,T02,151836.24
2026-05-19,M013,P04,T04,180447.48
2026-05-19,M014,P01,T02,240604.03
2026-05-19,M015,P02,T04,148671.45
2026-05-19,M016,P03,T02,127178.95
2026-05-19,M017,P04,T04,167192.45
2026-05-19,M018,P01,T02,212300.23
2026-05-19,M019,P02,T04,243458.39
2026-05-19,M020,P03,T02,198970.23
2026-05-19,M021,P04,T04,213047.58
2026-05-19,M022,P01,T02,188181.66
2026-05-19,M023,P02,T04,203153.99
2026-05-19,M024,P03,T02,161877.07
2026-05-19,M025,P04,T04,210809.69
2026-05-19,M026,P01,T02,260729.68
2026-05-19,M027,P02,T04,279867.04
2026-05-19,M028,P03,T02,223738.17
2026-05-19,M029,P04,T04,175555.24
2026-05-19,M030,P01,T02,219663.71
2026-05-19,M031,P02,T04,230716.19
2026-05-19,M032,P03,T02,187956.73
2026-05-19,M033,P04,T04,221639.76
2026-05-19,M034,P01,T02,279819.54
2026-05-19,M035,P02,T04,305277.93
2026-05-19,M036,P03,T02,179191.69
2026-05-19,M037,P04,T04,215273.14
2026-05-19,M038,P01,T02,268734.62
2026-05-19,M039,P02,T04,316200.8
2026-05-19,M040,P03,T02,243620.78
2026-05-19,M041,P04,T04,273800.25
2026-05-19,M042,P01,T02,344601.17
2026-05-19,M043,P02,T04,262065.38
2026-05-19,M044,P03,T02,216680.43
2026-05-19,M045,P04,T04,264309.58
2026-05-19,M046,P01,T02,277548.12
2026-05-19,M047,P02,T04,361659.29
2026-05-19,M048,P03,T02,284599.96
2026-05-20,M001,P01,T01,122828.25
2026-05-20,M002,P02,T03,104278.75
2026-05-20,M003,P03,T01,121692.2
2026-05-20,M004,P04,T03,116622.67
2026-05-20,M005,P01,T01,192177.54
2026-05-20,M006,P02,T03,169970.74
2026-05-20,M007,P03,T01,187946.12
2026-05-20,M008,P04,T03,89031.2
2026-05-20,M009,P01,T01,152373.95
2026-05-20,M010,P02,T03,151459.91
2026-05-20,M011,P03,T01,170056.9
2026-05-20,M012,P04,T03,142799.21
2026-05-20,M013,P01,T01,263991.56
2026-05-20,M014,P02,T03,213804.44
2026-05-20,M015,P03,T01,137816.13
2026-05-20,M016,P04,T03,117168.23
2026-05-20,M017,P01,T01,201378.93
2026-05-20,M018,P02,T03,170552.31
2026-05-20,M019,P03,T01,203408.01
2026-05-20,M020,P04,T03,167469.7
2026-05-20,M021,P01,T01,292995.09
2026-05-20,M022,P02,T03,146608.85
2026-05-20,M023,P03,T01,179296.38
2026-05-20,M024,P04,T03,141924.05
2026-05-20,M025,P01,T01,276812.74
2026-05-20,M026,P02,T03,210971.04
2026-05-20,M027,P03,T01,234096.55
2026-05-20,M028,P04,T03,209391.3
2026-05-20,M029,P01,T01,246162.33
2026-05-20,M030,P02,T03,204915.64
2026-05-20,M031,P03,T01,219670.33
2026-05-20,M032,P04,T03,186495.16
2026-05-20,M033,P01,T01,294348.44
2026-05-20,M034,P02,T03,238744.2
2026-05-20,M035,P03,T01,280320.37
2026-05-20,M036,P04,T03,166306.86
2026-05-20,M037,P01,T01,276038.05
2026-05-20,M038,P02,T03,224372.86
2026-05-20,M039,P03,T01,241903.46
2026-05-20,M040,P04,T03,225623.49
2026-05-20,M041,P01,T01,370167.21
2026-05-20,M042,P02,T03,279018.05
2026-05-20,M043,P03,T01,240049.58
2026-05-20,M044,P04,T03,205096.43
2026-05-20,M045,P01,T01,344664.12
2026-05-20,M046,P02,T03,288789.4
2026-05-20,M047,P03,T01,298712.17
2026-05-20,M048,P04,T03,228055.54
2026-05-21,M001,P02,T02,116710.51
2026-05-21,M002,P03,T04,91343.93
2026-05-21,M003,P04,T02,133094.29
2026-05-21,M004,P01,T04,143203.28
2026-05-21,M005,P02,T02,200319.37
2026-05-21,M006,P03,T04,129881.96
2026-05-21,M007,P04,T02,180686.87
2026-05-21,M008,P01,T04,121548.7
2026-05-21,M009,P02,T02,163511.24
2026-05-21,M010,P03,T04,121994.8
2026-05-21,M011,P04,T02,152489.71
2026-05-21,M012,P01,T04,175333.03
2026-05-21,M013,P02,T02,233283.92
2026-05-21,M014,P03,T04,173239.89
2026-05-21,M015,P04,T02,128710.85
2026-05-21,M016,P01,T04,148799.22
2026-05-21,M017,P02,T02,209987.12
2026-05-21,M018,P03,T04,156775.63
2026-05-21,M019,P04,T02,191989.67
2026-05-21,M020,P01,T04,203682.93
2026-05-21,M021,P02,T02,291508.67
2026-05-21,M022,P03,T04,124214.44
2026-05-21,M023,P04,T02,177701.63
2026-05-21,M024,P01,T04,190335.93
2026-05-21,M025,P02,T02,268081.95
2026-05-21,M026,P03,T04,173217.9
2026-05-21,M027,P04,T02,257858.06
2026-05-21,M028,P01,T04,273806.29
2026-05-21,M029,P02,T02,236854.38
2026-05-21,M030,P03,T04,162940.95
2026-05-21,M031,P04,T02,207719.24
2026-05-21,M032,P01,T04,253496.54
2026-05-21,M033,P02,T02,326115.65
2026-05-21,M034,P03,T04,204748.44
2026-05-21,M035,P04,T02,295035.61
2026-05-21,M036,P01,T04,200903.03
2026-05-21,M037,P02,T02,288613.99
2026-05-21,M038,P03,T04,196270.66
2026-05-21,M039,P04,T02,256808.21
2026-05-21,M040,P01,T04,270328.79
2026-05-21,M041,P02,T02,342796.16
2026-05-21,M042,P03,T04,243897.85
2026-05-21,M043,P04,T02,222944.13
2026-05-21,M044,P01,T04,234259.66
2026-05-21,M045,P02,T02,305284.46
2026-05-21,M046,P03,T04,230371.92
2026-05-21,M047,P04,T02,316877.48
2026-05-21,M048,P01,T04,312779.14
2026-05-22,M001,P03,T03,62678.5
2026-05-22,M002,P04,T01,128435.39
2026-05-22,M003,P01,T03,99812.87
2026-05-22,M004,P02,T01,192799.69
2026-05-22,M005,P03,T03,109534.33
2026-05-22,M006,P04,T01,192051.41
2026-05-22,M007,P01,T03,165736.54
2026-05-22,M008,P02,T01,168783.54
2026-05-22,M009,P03,T03,96350.29
2026-05-22,M010,P04,T01,173385.93
2026-05-22,M011,P01,T03,138632.93
2026-05-22,M012,P02,T01,242686.2
2026-05-22,M013,P03,T03,138035.15
2026-05-22,M014,P04,T01,246622.4
2026-05-22,M015,P01,T03,121279.28
2026-05-22,M016,P02,T01,203830.22
2026-05-22,M017,P03,T03,118395.93
2026-05-22,M018,P04,T01,222789.23
2026-05-22,M019,P01,T03,159087.97
2026-05-22,M020,P02,T01,314668.57
2026-05-22,M021,P03,T03,151051.08
2026-05-22,M022,P04,T01,193006.51
2026-05-22,M023,P01,T03,145089.95
2026-05-22,M024,P02,T01,267539.15
2026-05-22,M025,P03,T03,150534.35
2026-05-22,M026,P04,T01,258643.37
2026-05-22,M027,P01,T03,190062.37
2026-05-22,M028,P02,T01,354813.64
2026-05-22,M029,P03,T03,123554.72
2026-05-22,M030,P04,T01,215733.88
2026-05-22,M031,P01,T03,195902.43
2026-05-22,M032,P02,T01,314760.08
2026-05-22,M033,P03,T03,174698.01
2026-05-22,M034,P04,T01,321690.66
2026-05-22,M035,P01,T03,237288.4
2026-05-22,M036,P02,T01,289230.15
2026-05-22,M037,P03,T03,154729.86
2026-05-22,M038,P04,T01,268325.74
2026-05-22,M039,P01,T03,200593.0
2026-05-22,M040,P02,T01,361444.41
2026-05-22,M041,P03,T03,191016.97
2026-05-22,M042,P04,T01,338542.01
2026-05-22,M043,P01,T03,208254.94
2026-05-22,M044,P02,T01,347958.23
2026-05-22,M045,P03,T03,192997.41
2026-05-22,M046,P04,T01,305210.01
2026-05-22,M047,P01,T03,262762.36
2026-05-22,M048,P02,T01,415259.64
2026-05-23,M001,P04,T04,77862.82
2026-05-23,M002,P01,T02,104229.9
2026-05-23,M003,P02,T04,134321.52
2026-05-23,M004,P03,T02,116909.1
2026-05-23,M005,P04,T04,123338.28
2026-05-23,M006,P01,T02,155383.04
2026-05-23,M007,P02,T04,204677.22
2026-05-23,M008,P03,T02,83614.93
2026-05-23,M009,P04,T04,113425.14
2026-05-23,M010,P01,T02,142719.68
2026-05-23,M011,P02,T04,180705.18
2026-05-23,M012,P03,T02,139966.27
2026-05-23,M013,P04,T04,177109.16
2026-05-23,M014,P01,T02,204435.08
2026-05-23,M015,P02,T04,145342.35
2026-05-23,M016,P03,T02,116497.24
2026-05-23,M017,P04,T04,134458.61
2026-05-23,M018,P01,T02,183806.13
2026-05-23,M019,P02,T04,218021.82
2026-05-23,M020,P03,T02,168422.79
2026-05-23,M021,P04,T04,205861.16
2026-05-23,M022,P01,T02,162398.88
2026-05-23,M023,P02,T04,185142.78
2026-05-23,M024,P03,T02,144978.59
2026-05-23,M025,P04,T04,181925.53
2026-05-23,M026,P01,T02,208983.74
2026-05-23,M027,P02,T04,231417.57
2026-05-23,M028,P03,T02,206481.96
2026-05-23,M029,P04,T04,162211.18
2026-05-23,M030,P01,T02,209195.97
2026-05-23,M031,P02,T04,217622.51
2026-05-23,M032,P03,T02,181588.47
2026-05-23,M033,P04,T04,204184.9
2026-05-23,M034,P01,T02,244746.64
2026-05-23,M035,P02,T04,293541.45
2026-05-23,M036,P03,T02,165837.23
2026-05-23,M037,P04,T04,179064.33
2026-05-23,M038,P01,T02,229989.82
2026-05-23,M039,P02,T04,264861.84
2026-05-23,M040,P03,T02,230844.66
2026-05-23,M041,P04,T04,239481.09
2026-05-23,M042,P01,T02,314410.61
2026-05-23,M043,P02,T04,232571.65
2026-05-23,M044,P03,T02,197821.14
2026-05-23,M045,P04,T04,235885.87
2026-05-23,M046,P01,T02,254792.53
2026-05-23,M047,P02,T04,289970.24
2026-05-23,M048,P03,T02,240266.71
2026-05-24,M001,P01,T01,110045.45
2026-05-24,M002,P02,T03,96822.43
2026-05-24,M003,P03,T01,118723.31
2026-05-24,M004,P04,T03,101852.32
2026-05-24,M005,P01,T01,182877.41
2026-05-24,M006,P02,T03,139539.14
2026-05-24,M007,P03,T01,164061.47
2026-05-24,M008,P04,T03,76077.73
2026-05-24,M009,P01,T01,147218.84
2026-05-24,M010,P02,T03,135260.45
2026-05-24,M011,P03,T01,145839.15
2026-05-24,M012,P04,T03,126938.6
2026-05-24,M013,P01,T01,227371.26
2026-05-24,M014,P02,T03,188231.27
2026-05-24,M015,P03,T01,133055.98
2026-05-24,M016,P04,T03,114495.38
2026-05-24,M017,P01,T01,194811.76
2026-05-24,M018,P02,T03,172401.51
2026-05-24,M019,P03,T01,182322.56
2026-05-24,M020,P04,T03,160133.05
2026-05-24,M021,P01,T01,247823.02
2026-05-24,M022,P02,T03,129820.69
2026-05-24,M023,P03,T01,155329.24
2026-05-24,M024,P04,T03,130820.86
2026-05-24,M025,P01,T01,233577.77
2026-05-24,M026,P02,T03,202208.21
2026-05-24,M027,P03,T01,210420.71
2026-05-24,M028,P04,T03,171292.03
2026-05-24,M029,P01,T01,213528.19
2026-05-24,M030,P02,T03,164618.75
2026-05-24,M031,P03,T01,193425.27
2026-05-24,M032,P04,T03,153300.84
2026-05-24,M033,P01,T01,269817.28
2026-05-24,M034,P02,T03,215989.27
2026-05-24,M035,P03,T01,249870.58
2026-05-24,M036,P04,T03,151525.89
2026-05-24,M037,P01,T01,238732.78
2026-05-24,M038,P02,T03,217931.06
2026-05-24,M039,P03,T01,237612.17
2026-05-24,M040,P04,T03,186039.37
2026-05-24,M041,P01,T01,309164.88
2026-05-24,M042,P02,T03,249018.25
2026-05-24,M043,P03,T01,203909.18
2026-05-24,M044,P04,T03,174868.34
2026-05-24,M045,P01,T01,279408.91
2026-05-24,M046,P02,T03,253199.4
2026-05-24,M047,P03,T01,275401.04
2026-05-24,M048,P04,T03,229349.57
2026-05-25,M001,P02,T02,116385.43
2026-05-25,M002,P03,T04,90757.97
2026-05-25,M003,P04,T02,115352.59
2026-05-25,M004,P01,T04,148689.43
2026-05-25,M005,P02,T02,183221.29
2026-05-25,M006,P03,T04,133745.47
2026-05-25,M007,P04,T02,177219.81
2026-05-25,M008,P01,T04,125111.24
2026-05-25,M009,P02,T02,151894.29
2026-05-25,M010,P03,T04,119102.74
2026-05-25,M011,P04,T02,167218.33
2026-05-25,M012,P01,T04,182053.35
2026-05-25,M013,P02,T02,258731.08
2026-05-25,M014,P03,T04,165385.72
2026-05-25,M015,P04,T02,145406.5
2026-05-25,M016,P01,T04,153838.97
2026-05-25,M017,P02,T02,225253.59
2026-05-25,M018,P03,T04,155148.43
2026-05-25,M019,P04,T02,217984.11
2026-05-25,M020,P01,T04,215163.73
2026-05-25,M021,P02,T02,279842.17
2026-05-25,M022,P03,T04,140377.86
2026-05-25,M023,P04,T02,187333.31
2026-05-25,M024,P01,T04,197711.03
2026-05-25,M025,P02,T02,241806.55
2026-05-25,M026,P03,T04,195207.17
2026-05-25,M027,P04,T02,235739.47
2026-05-25,M028,P01,T04,272894.08
2026-05-25,M029,P02,T02,224185.66
2026-05-25,M030,P03,T04,156349.56
2026-05-25,M031,P04,T02,230426.62
2026-05-25,M032,P01,T04,233379.28
2026-05-25,M033,P02,T02,317366.41
2026-05-25,M034,P03,T04,227802.21
2026-05-25,M035,P04,T02,300574.16
2026-05-25,M036,P01,T04,213280.26
2026-05-25,M037,P02,T02,285670.83
2026-05-25,M038,P03,T04,184127.38
2026-05-25,M039,P04,T02,267662.59
2026-05-25,M040,P01,T04,260733.43
2026-05-25,M041,P02,T02,378845.79
2026-05-25,M042,P03,T04,253313.55
2026-05-25,M043,P04,T02,249196.96
2026-05-25,M044,P01,T04,232647.9
2026-05-25,M045,P02,T02,344681.47
2026-05-25,M046,P03,T04,217326.03
2026-05-25,M047,P04,T02,283193.23
2026-05-25,M048,P01,T04,330600.38
2026-05-26,M001,P03,T03,64618.51
2026-05-26,M002,P04,T01,118479.62
2026-05-26,M003,P01,T03,111792.09
2026-05-26,M004,P02,T01,203797.76
2026-05-26,M005,P03,T03,104012.89
2026-05-26,M006,P04,T01,216074.33
2026-05-26,M007,P01,T03,163297.27
2026-05-26,M008,P02,T01,165838.71
2026-05-26,M009,P03,T03,88284.55
2026-05-26,M010,P04,T01,174881.8
2026-05-26,M011,P01,T03,134079.83
2026-05-26,M012,P02,T01,256992.85
2026-05-26,M013,P03,T03,133473.73
2026-05-26,M014,P04,T01,242552.79
2026-05-26,M015,P01,T03,111538.66
2026-05-26,M016,P02,T01,223300.9
2026-05-26,M017,P03,T03,117816.13
2026-05-26,M018,P04,T01,229307.33
2026-05-26,M019,P01,T03,164286.43
2026-05-26,M020,P02,T01,316120.1
2026-05-26,M021,P03,T03,168601.2
2026-05-26,M022,P04,T01,182251.34
2026-05-26,M023,P01,T03,139405.72
2026-05-26,M024,P02,T01,292415.87
2026-05-26,M025,P03,T03,140041.52
2026-05-26,M026,P04,T01,255712.52
2026-05-26,M027,P01,T03,202263.49
2026-05-26,M028,P02,T01,391294.18
2026-05-26,M029,P03,T03,127273.66
2026-05-26,M030,P04,T01,231899.62
2026-05-26,M031,P01,T03,187178.14
2026-05-26,M032,P02,T01,328521.97
2026-05-26,M033,P03,T03,177238.95
2026-05-26,M034,P04,T01,292524.7
2026-05-26,M035,P01,T03,253596.46
2026-05-26,M036,P02,T01,278966.74
2026-05-26,M037,P03,T03,144886.15
2026-05-26,M038,P04,T01,294548.35
2026-05-26,M039,P01,T03,220914.66
2026-05-26,M040,P02,T01,378278.93
2026-05-26,M041,P03,T03,202065.51
2026-05-26,M042,P04,T01,334264.15
2026-05-26,M043,P01,T03,196748.21
2026-05-26,M044,P02,T01,378068.77
2026-05-26,M045,P03,T03,175310.78
2026-05-26,M046,P04,T01,300873.83
2026-05-26,M047,P01,T03,244606.25
2026-05-26,M048,P02,T01,465460.59
2026-05-27,M001,P04,T04,82958.0
2026-05-27,M002,P01,T02,125164.05
2026-05-27,M003,P02,T04,138463.33
2026-05-27,M004,P03,T02,126030.24
2026-05-27,M005,P04,T04,148035.46
2026-05-27,M006,P01,T02,190423.98
2026-05-27,M007,P02,T04,214070.69
2026-05-27,M008,P03,T02,97665.12
2026-05-27,M009,P04,T04,121715.38
2026-05-27,M010,P01,T02,147730.81
2026-05-27,M011,P02,T04,177246.88
2026-05-27,M012,P03,T02,167439.46
2026-05-27,M013,P04,T04,194167.38
2026-05-27,M014,P01,T02,239179.88
2026-05-27,M015,P02,T04,167191.23
2026-05-27,M016,P03,T02,145028.27
2026-05-27,M017,P04,T04,160419.62
2026-05-27,M018,P01,T02,198545.02
2026-05-27,M019,P02,T04,219893.96
2026-05-27,M020,P03,T02,182112.39
2026-05-27,M021,P04,T04,227283.27
2026-05-27,M022,P01,T02,178723.85
2026-05-27,M023,P02,T04,216049.52
2026-05-27,M024,P03,T02,162481.93
2026-05-27,M025,P04,T04,203741.22
2026-05-27,M026,P01,T02,229702.67
2026-05-27,M027,P02,T04,263256.82
2026-05-27,M028,P03,T02,214820.67
2026-05-27,M029,P04,T04,162420.74
2026-05-27,M030,P01,T02,206995.81
2026-05-27,M031,P02,T04,238148.16
2026-05-27,M032,P03,T02,197564.78
2026-05-27,M033,P04,T04,216987.96
2026-05-27,M034,P01,T02,269803.03
2026-05-27,M035,P02,T04,305147.98
2026-05-27,M036,P03,T02,180358.52
2026-05-27,M037,P04,T04,208840.81
2026-05-27,M038,P01,T02,245086.92
2026-05-27,M039,P02,T04,312098.21
2026-05-27,M040,P03,T02,240877.6
2026-05-27,M041,P04,T04,282350.9
2026-05-27,M042,P01,T02,310692.92
2026-05-27,M043,P02,T04,265261.92
2026-05-27,M044,P03,T02,202159.76
2026-05-27,M045,P04,T04,255715.96
2026-05-27,M046,P01,T02,303163.33
2026-05-27,M047,P02,T04,356359.89
2026-05-27,M048,P03,T02,252363.91
2026-05-28,M001,P01,T01,115799.82
2026-05-28,M002,P02,T03,105242.57
2026-05-28,M003,P03,T01,132210.54
2026-05-28,M004,P04,T03,105213.32
2026-05-28,M005,P01,T01,202624.17
2026-05-28,M006,P02,T03,169358.44
2026-05-28,M007,P03,T01,192831.15
2026-05-28,M008,P04,T03,92915.96
2026-05-28,M009,P01,T01,156765.57
2026-05-28,M010,P02,T03,135073.43
2026-05-28,M011,P03,T01,157145.63
2026-05-28,M012,P04,T03,134939.72
2026-05-28,M013,P01,T01,260562.44
2026-05-28,M014,P02,T03,210036.67
2026-05-28,M015,P03,T01,147404.78
2026-05-28,M016,P04,T03,126099.6
2026-05-28,M017,P01,T01,209430.79
2026-05-28,M018,P02,T03,168821.0
2026-05-28,M019,P03,T01,199031.73
2026-05-28,M020,P04,T03,182114.57
2026-05-28,M021,P01,T01,308072.16
2026-05-28,M022,P02,T03,155791.38
2026-05-28,M023,P03,T01,172926.24
2026-05-28,M024,P04,T03,144081.45
2026-05-28,M025,P01,T01,263352.84
2026-05-28,M026,P02,T03,210149.92
2026-05-28,M027,P03,T01,259311.82
2026-05-28,M028,P04,T03,199793.87
2026-05-28,M029,P01,T01,243397.14
2026-05-28,M030,P02,T03,208464.87
2026-05-28,M031,P03,T01,203211.53
2026-05-28,M032,P04,T03,180714.78
2026-05-28,M033,P01,T01,325028.19
2026-05-28,M034,P02,T03,270416.02
2026-05-28,M035,P03,T01,293143.74
2026-05-28,M036,P04,T03,166594.34
2026-05-28,M037,P01,T01,282857.65
2026-05-28,M038,P02,T03,214573.53
2026-05-28,M039,P03,T01,239673.76
2026-05-28,M040,P04,T03,220276.36
2026-05-28,M041,P01,T01,367251.35
2026-05-28,M042,P02,T03,294393.46
2026-05-28,M043,P03,T01,216503.97
2026-05-28,M044,P04,T03,193975.56
2026-05-28,M045,P01,T01,315746.3
2026-05-28,M046,P02,T03,266132.66
2026-05-28,M047,P03,T01,317437.96
2026-05-28,M048,P04,T03,237165.5
2026-05-29,M001,P02,T02,112612.18
2026-05-29,M002,P03,T04,94826.24
2026-05-29,M003,P04,T02,123982.21
2026-05-29,M004,P01,T04,138561.6
2026-05-29,M005,P02,T02,192847.2
2026-05-29,M006,P03,T04,132273.73
2026-05-29,M007,P04,T02,195108.62
2026-05-29,M008,P01,T04,121034.4
2026-05-29,M009,P02,T02,167349.54
2026-05-29,M010,P03,T04,120171.79
2026-05-29,M011,P04,T02,157134.95
2026-05-29,M012,P01,T04,178211.12
2026-05-29,M013,P02,T02,237372.93
2026-05-29,M014,P03,T04,187020.43
2026-05-29,M015,P04,T02,129593.63
2026-05-29,M016,P01,T04,151032.36
2026-05-29,M017,P02,T02,216447.76
2026-05-29,M018,P03,T04,157561.43
2026-05-29,M019,P04,T02,190490.96
2026-05-29,M020,P01,T04,220879.65
2026-05-29,M021,P02,T02,267041.34
2026-05-29,M022,P03,T04,127624.04
2026-05-29,M023,P04,T02,168194.87
2026-05-29,M024,P01,T04,197541.73
2026-05-29,M025,P02,T02,254308.98
2026-05-29,M026,P03,T04,193926.89
2026-05-29,M027,P04,T02,227169.83
2026-05-29,M028,P01,T04,253488.48
2026-05-29,M029,P02,T02,209152.05
2026-05-29,M030,P03,T04,177163.49
2026-05-29,M031,P04,T02,209269.79
2026-05-29,M032,P01,T04,252324.18
2026-05-29,M033,P02,T02,290709.06
2026-05-29,M034,P03,T04,233629.25
2026-05-29,M035,P04,T02,281239.11
2026-05-29,M036,P01,T04,226294.69
2026-05-29,M037,P02,T02,259078.12
2026-05-29,M038,P03,T04,182546.24
2026-05-29,M039,P04,T02,243699.73
2026-05-29,M040,P01,T04,271682.34
2026-05-29,M041,P02,T02,341221.22
2026-05-29,M042,P03,T04,230355.52
2026-05-29,M043,P04,T02,238772.94
2026-05-29,M044,P01,T04,239296.83
2026-05-29,M045,P02,T02,327420.05
2026-05-29,M046,P03,T04,241498.41
2026-05-29,M047,P04,T02,319470.67
2026-05-29,M048,P01,T04,300977.16
2026-05-30,M001,P03,T03,57076.51
2026-05-30,M002,P04,T01,114801.82
2026-05-30,M003,P01,T03,101675.88
2026-05-30,M004,P02,T01,170872.5
2026-05-30,M005,P03,T03,92019.5
2026-05-30,M006,P04,T01,187911.4
2026-05-30,M007,P01,T03,142498.2
2026-05-30,M008,P02,T01,156287.06
2026-05-30,M009,P03,T03,76809.41
2026-05-30,M010,P04,T01,150444.08
2026-05-30,M011,P01,T03,116701.8
2026-05-30,M012,P02,T01,242611.61
2026-05-30,M013,P03,T03,123899.71
2026-05-30,M014,P04,T01,212190.92
2026-05-30,M015,P01,T03,101648.43
2026-05-30,M016,P02,T01,211281.01
2026-05-30,M017,P03,T03,110457.36
2026-05-30,M018,P04,T01,208342.15
2026-05-30,M019,P01,T03,166956.29
2026-05-30,M020,P02,T01,274522.05
2026-05-30,M021,P03,T03,142799.98
2026-05-30,M022,P04,T01,174584.3
2026-05-30,M023,P01,T03,132420.11
2026-05-30,M024,P02,T01,266834.1
2026-05-30,M025,P03,T03,120537.38
2026-05-30,M026,P04,T01,249694.3
2026-05-30,M027,P01,T03,171357.9
2026-05-30,M028,P02,T01,337557.3
2026-05-30,M029,P03,T03,116981.69
2026-05-30,M030,P04,T01,206443.4
2026-05-30,M031,P01,T03,174274.45
2026-05-30,M032,P02,T01,291670.01
2026-05-30,M033,P03,T03,148598.86
2026-05-30,M034,P04,T01,295273.63
2026-05-30,M035,P01,T03,228304.91
2026-05-30,M036,P02,T01,265702.98
2026-05-30,M037,P03,T03,146958.09
2026-05-30,M038,P04,T01,237369.0
2026-05-30,M039,P01,T03,190944.71
2026-05-30,M040,P02,T01,375807.58
2026-05-30,M041,P03,T03,175526.88
2026-05-30,M042,P04,T01,334193.63
2026-05-30,M043,P01,T03,186266.03
2026-05-30,M044,P02,T01,328246.09
2026-05-30,M045,P03,T03,156485.05
2026-05-30,M046,P04,T01,272651.63
2026-05-30,M047,P01,T03,241433.95
2026-05-30,M048,P02,T01,418608.8
2026-05-31,M001,P04,T04,76612.04
2026-05-31,M002,P01,T02,109611.5
2026-05-31,M003,P02,T04,137284.66
2026-05-31,M004,P03,T02,108791.61
2026-05-31,M005,P04,T04,141355.68
2026-05-31,M006,P01,T02,156380.5
2026-05-31,M007,P02,T04,188475.28
2026-05-31,M008,P03,T02,89798.11
2026-05-31,M009,P04,T04,117798.21
2026-05-31,M010,P01,T02,154033.44
2026-05-31,M011,P02,T04,168894.86
2026-05-31,M012,P03,T02,145929.26
2026-05-31,M013,P04,T04,158807.41
2026-05-31,M014,P01,T02,210624.94
2026-05-31,M015,P02,T04,152513.67
2026-05-31,M016,P03,T02,125790.55
2026-05-31,M017,P04,T04,142782.57
2026-05-31,M018,P01,T02,179956.16
2026-05-31,M019,P02,T04,194313.85
2026-05-31,M020,P03,T02,173242.32
2026-05-31,M021,P04,T04,188609.29
2026-05-31,M022,P01,T02,147397.87
2026-05-31,M023,P02,T04,194514.85
2026-05-31,M024,P03,T02,158664.24
2026-05-31,M025,P04,T04,187224.23
2026-05-31,M026,P01,T02,216384.23
2026-05-31,M027,P02,T04,257195.02
2026-05-31,M028,P03,T02,199478.77
2026-05-31,M029,P04,T04,154659.3
2026-05-31,M030,P01,T02,190207.34
2026-05-31,M031,P02,T04,225650.2
2026-05-31,M032,P03,T02,184420.71
2026-05-31,M033,P04,T04,205748.84
2026-05-31,M034,P01,T02,238300.75
2026-05-31,M035,P02,T04,301289.17
2026-05-31,M036,P03,T02,155742.39
2026-05-31,M037,P04,T04,195343.31
2026-05-31,M038,P01,T02,217984.73
2026-05-31,M039,P02,T04,286641.91
2026-05-31,M040,P03,T02,209581.95
2026-05-31,M041,P04,T04,252263.7
2026-05-31,M042,P01,T02,279714.51
2026-05-31,M043,P02,T04,234502.73
2026-05-31,M044,P03,T02,185232.46
2026-05-31,M045,P04,T04,236786.09
2026-05-31,M046,P01,T02,259488.19
2026-05-31,M047,P02,T04,313070.25
2026-05-31,M048,P03,T02,253690.42
2026-06-01,M001,P02,T02,140499.83
2026-06-01,M002,P03,T04,98349.13
2026-06-01,M003,P04,T02,146742.61
2026-06-01,M004,P01,T04,158214.2
2026-06-01,M005,P02,T02,230233.05
2026-06-01,M006,P03,T04,159228.04
2026-06-01,M007,P04,T02,218190.64
2026-06-01,M008,P01,T04,138931.79
2026-06-01,M009,P02,T02,189092.3
2026-06-01,M010,P03,T04,138203.94
2026-06-01,M011,P04,T02,207163.21
2026-06-01,M012,P01,T04,207095.46
2026-06-01,M013,P02,T02,278776.83
2026-06-01,M014,P03,T04,202145.94
2026-06-01,M015,P04,T02,152484.08
2026-06-01,M016,P01,T04,185318.23
2026-06-01,M017,P02,T02,235671.93
2026-06-01,M018,P03,T04,185180.0
2026-06-01,M019,P04,T02,238103.77
2026-06-01,M020,P01,T04,245984.26
2026-06-01,M021,P02,T02,361092.88
2026-06-01,M022,P03,T04,158536.69
2026-06-01,M023,P04,T02,225491.23
2026-06-01,M024,P01,T04,215056.25
2026-06-01,M025,P02,T02,302226.77
2026-06-01,M026,P03,T04,205764.8
2026-06-01,M027,P04,T02,298317.14
2026-06-01,M028,P01,T04,311735.91
2026-06-01,M029,P02,T02,273168.01
2026-06-01,M030,P03,T04,182140.17
2026-06-01,M031,P04,T02,280058.65
2026-06-01,M032,P01,T04,289533.29
2026-06-01,M033,P02,T02,385295.66
2026-06-01,M034,P03,T04,251876.78
2026-06-01,M035,P04,T02,344345.16
2026-06-01,M036,P01,T04,254949.49
2026-06-01,M037,P02,T02,339695.36
2026-06-01,M038,P03,T04,237394.42
2026-06-01,M039,P04,T02,315403.65
2026-06-01,M040,P01,T04,309364.06
2026-06-01,M041,P02,T02,405537.58
2026-06-01,M042,P03,T04,314028.54
2026-06-01,M043,P04,T02,268968.22
2026-06-01,M044,P01,T04,311627.11
2026-06-01,M045,P02,T02,369237.55
2026-06-01,M046,P03,T04,275628.64
2026-06-01,M047,P04,T02,343910.32
2026-06-01,M048,P01,T04,355050.26
2026-06-02,M001,P03,T03,79919.6
2026-06-02,M002,P04,T01,143524.84
2026-06-02,M003,P01,T03,134758.21
2026-06-02,M004,P02,T01,225160.92
2026-06-02,M005,P03,T03,128579.79
2026-06-02,M006,P04,T01,227517.07
2026-06-02,M007,P01,T03,190658.39
2026-06-02,M008,P02,T01,194157.5
2026-06-02,M009,P03,T03,102399.42
2026-06-02,M010,P04,T01,199343.44
2026-06-02,M011,P01,T03,176965.73
2026-06-02,M012,P02,T01,299747.23
2026-06-02,M013,P03,T03,161222.97
2026-06-02,M014,P04,T01,285514.95
2026-06-02,M015,P01,T03,143687.62
2026-06-02,M016,P02,T01,256802.84
2026-06-02,M017,P03,T03,134495.1
2026-06-02,M018,P04,T01,242578.09
2026-06-02,M019,P01,T03,217112.98
2026-06-02,M020,P02,T01,380878.85
2026-06-02,M021,P03,T03,178426.03
2026-06-02,M022,P04,T01,211073.72
2026-06-02,M023,P01,T03,168800.44
2026-06-02,M024,P02,T01,307049.45
2026-06-02,M025,P03,T03,182609.06
2026-06-02,M026,P04,T01,333485.15
2026-06-02,M027,P01,T03,253440.04
2026-06-02,M028,P02,T01,416057.65
2026-06-02,M029,P03,T03,147767.53
2026-06-02,M030,P04,T01,278640.93
2026-06-02,M031,P01,T03,226538.29
2026-06-02,M032,P02,T01,407037.89
2026-06-02,M033,P03,T03,199951.39
2026-06-02,M034,P04,T01,356839.62
2026-06-02,M035,P01,T03,262140.95
2026-06-02,M036,P02,T01,342536.78
2026-06-02,M037,P03,T03,187847.96
2026-06-02,M038,P04,T01,348910.44
2026-06-02,M039,P01,T03,238853.48
2026-06-02,M040,P02,T01,433456.77
2026-06-02,M041,P03,T03,226247.24
2026-06-02,M042,P04,T01,428438.76
2026-06-02,M043,P01,T03,241995.19
2026-06-02,M044,P02,T01,409812.2
2026-06-02,M045,P03,T03,222652.11
2026-06-02,M046,P04,T01,411740.73
2026-06-02,M047,P01,T03,310900.52
2026-06-02,M048,P02,T01,490000.53
2026-06-03,M001,P04,T04,102012.74
2026-06-03,M002,P01,T02,142802.07
2026-06-03,M003,P02,T04,174500.66
2026-06-03,M004,P03,T02,138846.0
2026-06-03,M005,P04,T04,175904.46
2026-06-03,M006,P01,T02,215034.81
2026-06-03,M007,P02,T04,248147.26
2026-06-03,M008,P03,T02,112213.18
2026-06-03,M009,P04,T04,143098.86
2026-06-03,M010,P01,T02,181376.6
2026-06-03,M011,P02,T04,217325.59
2026-06-03,M012,P03,T02,180326.58
2026-06-03,M013,P04,T04,208105.53
2026-06-03,M014,P01,T02,256824.52
2026-06-03,M015,P02,T04,198503.42
2026-06-03,M016,P03,T02,150967.28
2026-06-03,M017,P04,T04,190001.16
2026-06-03,M018,P01,T02,245214.78
2026-06-03,M019,P02,T04,298939.0
2026-06-03,M020,P03,T02,215748.82
2026-06-03,M021,P04,T04,274997.61
2026-06-03,M022,P01,T02,210506.82
2026-06-03,M023,P02,T04,256406.63
2026-06-03,M024,P03,T02,194380.37
2026-06-03,M025,P04,T04,236926.65
2026-06-03,M026,P01,T02,293534.22
2026-06-03,M027,P02,T04,330979.26
2026-06-03,M028,P03,T02,251909.71
2026-06-03,M029,P04,T04,205603.76
2026-06-03,M030,P01,T02,272917.57
2026-06-03,M031,P02,T04,294056.3
2026-06-03,M032,P03,T02,238584.14
2026-06-03,M033,P04,T04,289844.3
2026-06-03,M034,P01,T02,322140.3
2026-06-03,M035,P02,T04,410806.47
2026-06-03,M036,P03,T02,223476.94
2026-06-03,M037,P04,T04,266446.84
2026-06-03,M038,P01,T02,317220.34
2026-06-03,M039,P02,T04,352544.72
2026-06-03,M040,P03,T02,282537.17
2026-06-03,M041,P04,T04,316927.95
2026-06-03,M042,P01,T02,418062.46
2026-06-03,M043,P02,T04,319053.03
2026-06-03,M044,P03,T02,248810.9
2026-06-03,M045,P04,T04,295088.33
2026-06-03,M046,P01,T02,382944.12
2026-06-03,M047,P02,T04,410389.71
2026-06-03,M048,P03,T02,325626.15
2026-06-04,M001,P01,T01,133367.92
2026-06-04,M002,P02,T03,133010.22
2026-06-04,M003,P03,T01,153769.74
2026-06-04,M004,P04,T03,138378.44
2026-06-04,M005,P01,T01,216273.92
2026-06-04,M006,P02,T03,201075.89
2026-06-04,M007,P03,T01,211608.89
2026-06-04,M008,P04,T03,100917.35
2026-06-04,M009,P01,T01,203642.34
2026-06-04,M010,P02,T03,160452.06
2026-06-04,M011,P03,T01,194286.24
2026-06-04,M012,P04,T03,157897.02
2026-06-04,M013,P01,T01,291648.64
2026-06-04,M014,P02,T03,240851.56
2026-06-04,M015,P03,T01,178523.62
2026-06-04,M016,P04,T03,152413.05
2026-06-04,M017,P01,T01,236700.9
2026-06-04,M018,P02,T03,222666.44
2026-06-04,M019,P03,T01,235202.3
2026-06-04,M020,P04,T03,199393.42
2026-06-04,M021,P01,T01,359340.58
2026-06-04,M022,P02,T03,184936.0
2026-06-04,M023,P03,T01,218630.86
2026-06-04,M024,P04,T03,179607.47
2026-06-04,M025,P01,T01,330679.24
2026-06-04,M026,P02,T03,239178.86
2026-06-04,M027,P03,T01,299193.02
2026-06-04,M028,P04,T03,232852.82
2026-06-04,M029,P01,T01,269631.09
2026-06-04,M030,P02,T03,216960.57
2026-06-04,M031,P03,T01,260066.21
2026-06-04,M032,P04,T03,233683.7
2026-06-04,M033,P01,T01,386277.24
2026-06-04,M034,P02,T03,303628.02
2026-06-04,M035,P03,T01,319641.51
2026-06-04,M036,P04,T03,201938.16
2026-06-04,M037,P01,T01,347130.51
2026-06-04,M038,P02,T03,266944.52
2026-06-04,M039,P03,T01,323292.87
2026-06-04,M040,P04,T03,240157.1
2026-06-04,M041,P01,T01,434879.42
2026-06-04,M042,P02,T03,370543.49
2026-06-04,M043,P03,T01,263212.91
2026-06-04,M044,P04,T03,238764.37
2026-06-04,M045,P01,T01,423609.52
2026-06-04,M046,P02,T03,309430.22
2026-06-04,M047,P03,T01,361596.77
2026-06-04,M048,P04,T03,288170.81
2026-06-05,M001,P02,T02,135606.33
2026-06-05,M002,P03,T04,109610.05
2026-06-05,M003,P04,T02,139665.24
2026-06-05,M004,P01,T04,180933.27
2026-06-05,M005,P02,T02,224397.3
2026-06-05,M006,P03,T04,155299.08
2026-06-05,M007,P04,T02,207697.49
2026-06-05,M008,P01,T04,130179.34
2026-06-05,M009,P02,T02,177178.15
2026-06-05,M010,P03,T04,153641.41
2026-06-05,M011,P04,T02,207606.71
2026-06-05,M012,P01,T04,208366.53
2026-06-05,M013,P02,T02,264552.02
2026-06-05,M014,P03,T04,217376.18
2026-06-05,M015,P04,T02,165459.77
2026-06-05,M016,P01,T04,194254.34
2026-06-05,M017,P02,T02,260799.74
2026-06-05,M018,P03,T04,169931.67
2026-06-05,M019,P04,T02,239499.09
2026-06-05,M020,P01,T04,256877.0
2026-06-05,M021,P02,T02,317813.0
2026-06-05,M022,P03,T04,161142.37
2026-06-05,M023,P04,T02,199285.81
2026-06-05,M024,P01,T04,244542.4
2026-06-05,M025,P02,T02,304165.2
2026-06-05,M026,P03,T04,214842.46
2026-06-05,M027,P04,T02,286523.36
2026-06-05,M028,P01,T04,334967.07
2026-06-05,M029,P02,T02,280528.2
2026-06-05,M030,P03,T04,210905.8
2026-06-05,M031,P04,T02,268950.65
2026-06-05,M032,P01,T04,290737.14
2026-06-05,M033,P02,T02,360487.86
2026-06-05,M034,P03,T04,242008.16
2026-06-05,M035,P04,T02,340743.12
2026-06-05,M036,P01,T04,247877.95
2026-06-05,M037,P02,T02,334953.36
2026-06-05,M038,P03,T04,230141.96
2026-06-05,M039,P04,T02,286389.66
2026-06-05,M040,P01,T04,311370.08
2026-06-05,M041,P02,T02,444381.05
2026-06-05,M042,P03,T04,274104.49
2026-06-05,M043,P04,T02,276326.57
2026-06-05,M044,P01,T04,281961.65
2026-06-05,M045,P02,T02,413967.27
2026-06-05,M046,P03,T04,265043.65
2026-06-05,M047,P04,T02,329041.45
2026-06-05,M048,P01,T04,347348.9
2026-06-06,M001,P03,T03,66332.59
2026-06-06,M002,P04,T01,134484.49
2026-06-06,M003,P01,T03,109105.97
2026-06-06,M004,P02,T01,226572.22
2026-06-06,M005,P03,T03,119378.15
2026-06-06,M006,P04,T01,201682.08
2026-06-06,M007,P01,T03,183653.64
2026-06-06,M008,P02,T01,167007.44
2026-06-06,M009,P03,T03,97174.53
2026-06-06,M010,P04,T01,179364.57
2026-06-06,M011,P01,T03,150192.71
2026-06-06,M012,P02,T01,294250.51
2026-06-06,M013,P03,T03,145914.96
2026-06-06,M014,P04,T01,285549.76
2026-06-06,M015,P01,T03,125188.2
2026-06-06,M016,P02,T01,245138.88
2026-06-06,M017,P03,T03,117220.96
2026-06-06,M018,P04,T01,232404.1
2026-06-06,M019,P01,T03,172559.12
2026-06-06,M020,P02,T01,315696.12
2026-06-06,M021,P03,T03,177121.04
2026-06-06,M022,P04,T01,217746.22
2026-06-06,M023,P01,T03,160067.71
2026-06-06,M024,P02,T01,277225.74
2026-06-06,M025,P03,T03,142524.84
2026-06-06,M026,P04,T01,292608.23
2026-06-06,M027,P01,T03,212975.37
2026-06-06,M028,P02,T01,377055.31
2026-06-06,M029,P03,T03,140404.98
2026-06-06,M030,P04,T01,253954.29
2026-06-06,M031,P01,T03,201916.95
2026-06-06,M032,P02,T01,381816.12
2026-06-06,M033,P03,T03,177519.71
2026-06-06,M034,P04,T01,341333.46
2026-06-06,M035,P01,T03,258174.43
2026-06-06,M036,P02,T01,297395.15
2026-06-06,M037,P03,T03,172837.51
2026-06-06,M038,P04,T01,286748.61
2026-06-06,M039,P01,T03,228328.64
2026-06-06,M040,P02,T01,420886.99
2026-06-06,M041,P03,T03,216739.25
2026-06-06,M042,P04,T01,375047.2
2026-06-06,M043,P01,T03,194234.86
2026-06-06,M044,P02,T01,403583.05
2026-06-06,M045,P03,T03,205740.43
2026-06-06,M046,P04,T01,331676.08
2026-06-06,M047,P01,T03,266926.85
2026-06-06,M048,P02,T01,505657.27
2026-06-07,M001,P04,T04,97911.55
2026-06-07,M002,P01,T02,126608.45
2026-06-07,M003,P02,T04,164365.77
2026-06-07,M004,P03,T02,141141.59
2026-06-07,M005,P04,T04,168172.58
2026-06-07,M006,P01,T02,200463.48
2026-06-07,M007,P02,T04,221998.79
2026-06-07,M008,P03,T02,111894.64
2026-06-07,M009,P04,T04,134301.31
2026-06-07,M010,P01,T02,166218.06
2026-06-07,M011,P02,T04,216631.76
2026-06-07,M012,P03,T02,179798.89
2026-06-07,M013,P04,T04,189947.9
2026-06-07,M014,P01,T02,248087.94
2026-06-07,M015,P02,T04,157998.06
2026-06-07,M016,P03,T02,156210.44
2026-06-07,M017,P04,T04,162984.36
2026-06-07,M018,P01,T02,218030.73
2026-06-07,M019,P02,T04,234914.36
2026-06-07,M020,P03,T02,201538.17
2026-06-07,M021,P04,T04,255616.94
2026-06-07,M022,P01,T02,189356.08
2026-06-07,M023,P02,T04,224116.18
2026-06-07,M024,P03,T02,170734.66
2026-06-07,M025,P04,T04,211880.78
2026-06-07,M026,P01,T02,270669.82
2026-06-07,M027,P02,T04,280556.67
2026-06-07,M028,P03,T02,247993.57
2026-06-07,M029,P04,T04,175531.79
2026-06-07,M030,P01,T02,220684.76
2026-06-07,M031,P02,T04,270922.34
2026-06-07,M032,P03,T02,206301.16
2026-06-07,M033,P04,T04,271120.72
2026-06-07,M034,P01,T02,311827.93
2026-06-07,M035,P02,T04,331576.24
2026-06-07,M036,P03,T02,183726.68
2026-06-07,M037,P04,T04,238555.62
2026-06-07,M038,P01,T02,289536.13
2026-06-07,M039,P02,T04,336388.05
2026-06-07,M040,P03,T02,242483.74
2026-06-07,M041,P04,T04,283129.61
2026-06-07,M042,P01,T02,346690.48
2026-06-07,M043,P02,T04,264498.49
2026-06-07,M044,P03,T02,224048.04
2026-06-07,M045,P04,T04,268143.55
2026-06-07,M046,P01,T02,347743.41
2026-06-07,M047,P02,T04,343724.34
2026-06-07,M048,P03,T02,308409.52
2026-06-08,M001,P01,T01,143975.19
2026-06-08,M002,P02,T03,125040.47
2026-06-08,M003,P03,T01,149366.67
2026-06-08,M004,P04,T03,128574.95
2026-06-08,M005,P01,T01,237042.08
2026-06-08,M006,P02,T03,182474.24
2026-06-08,M007,P03,T01,222964.37
2026-06-08,M008,P04,T03,112129.19
2026-06-08,M009,P01,T01,202055.59
2026-06-08,M010,P02,T03,168451.54
2026-06-08,M011,P03,T01,209114.99
2026-06-08,M012,P04,T03,157215.65
2026-06-08,M013,P01,T01,295108.27
2026-06-08,M014,P02,T03,224773.67
2026-06-08,M015,P03,T01,169712.73
2026-06-08,M016,P04,T03,153809.08
2026-06-08,M017,P01,T01,271911.23
2026-06-08,M018,P02,T03,197922.5
2026-06-08,M019,P03,T01,245955.35
2026-06-08,M020,P04,T03,194728.28
2026-06-08,M021,P01,T01,331167.74
2026-06-08,M022,P02,T03,175214.5
2026-06-08,M023,P03,T01,225527.91
2026-06-08,M024,P04,T03,174204.39
2026-06-08,M025,P01,T01,301102.57
2026-06-08,M026,P02,T03,260353.39
2026-06-08,M027,P03,T01,279248.94
2026-06-08,M028,P04,T03,225429.38
2026-06-08,M029,P01,T01,291610.56
2026-06-08,M030,P02,T03,247661.66
2026-06-08,M031,P03,T01,260032.53
2026-06-08,M032,P04,T03,227684.77
2026-06-08,M033,P01,T01,361692.46
2026-06-08,M034,P02,T03,325554.84
2026-06-08,M035,P03,T01,356787.02
2026-06-08,M036,P04,T03,194078.37
2026-06-08,M037,P01,T01,332439.06
2026-06-08,M038,P02,T03,256703.57
2026-06-08,M039,P03,T01,292596.42
2026-06-08,M040,P04,T03,256311.91
2026-06-08,M041,P01,T01,460878.34
2026-06-08,M042,P02,T03,328121.72
2026-06-08,M043,P03,T01,259985.53
2026-06-08,M044,P04,T03,250568.59
2026-06-08,M045,P01,T01,414655.75
2026-06-08,M046,P02,T03,319171.33
2026-06-08,M047,P03,T01,351386.81
2026-06-08,M048,P04,T03,283799.65
2026-06-09,M001,P02,T02,138304.69
2026-06-09,M002,P03,T04,97373.24
2026-06-09,M003,P04,T02,140977.93
2026-06-09,M004,P01,T04,170277.14
2026-06-09,M005,P02,T02,239269.07
2026-06-09,M006,P03,T04,170276.21
2026-06-09,M007,P04,T02,222548.25
2026-06-09,M008,P01,T04,139553.18
2026-06-09,M009,P02,T02,200687.63
2026-06-09,M010,P03,T04,155070.65
2026-06-09,M011,P04,T02,210185.46
2026-06-09,M012,P01,T04,212771.67
2026-06-09,M013,P02,T02,290036.99
2026-06-09,M014,P03,T04,220711.62
2026-06-09,M015,P04,T02,153409.02
2026-06-09,M016,P01,T04,172866.13
2026-06-09,M017,P02,T02,233564.51
2026-06-09,M018,P03,T04,195042.9
2026-06-09,M019,P04,T02,253984.11
2026-06-09,M020,P01,T04,278033.39
2026-06-09,M021,P02,T02,369646.59
2026-06-09,M022,P03,T04,162993.71
2026-06-09,M023,P04,T02,223054.39
2026-06-09,M024,P01,T04,244223.43
2026-06-09,M025,P02,T02,318468.88
2026-06-09,M026,P03,T04,214764.41
2026-06-09,M027,P04,T02,277962.0
2026-06-09,M028,P01,T04,286518.9
2026-06-09,M029,P02,T02,264133.0
2026-06-09,M030,P03,T04,201952.04
2026-06-09,M031,P04,T02,260415.32
2026-06-09,M032,P01,T04,276617.17
2026-06-09,M033,P02,T02,337598.74
2026-06-09,M034,P03,T04,246749.6
2026-06-09,M035,P04,T02,322528.48
2026-06-09,M036,P01,T04,267787.19
2026-06-09,M037,P02,T02,327269.56
2026-06-09,M038,P03,T04,230926.47
2026-06-09,M039,P04,T02,298883.92
2026-06-09,M040,P01,T04,320532.24
2026-06-09,M041,P02,T02,406325.52
2026-06-09,M042,P03,T04,319848.34
2026-06-09,M043,P04,T02,270297.91
2026-06-09,M044,P01,T04,279966.73
2026-06-09,M045,P02,T02,394848.51
2026-06-09,M046,P03,T04,293925.21
2026-06-09,M047,P04,T02,341270.56
2026-06-09,M048,P01,T04,375203.9
2026-06-10,M001,P03,T03,76822.21
2026-06-10,M002,P04,T01,158518.55
2026-06-10,M003,P01,T03,127766.74
2026-06-10,M004,P02,T01,226465.62
2026-06-10,M005,P03,T03,124289.09
2026-06-10,M006,P04,T01,248213.06
2026-06-10,M007,P01,T03,189173.55
2026-06-10,M008,P02,T01,206551.03
2026-06-10,M009,P03,T03,104633.01
2026-06-10,M010,P04,T01,216328.5
2026-06-10,M011,P01,T03,156082.42
2026-06-10,M012,P02,T01,304578.45
2026-06-10,M013,P03,T03,159043.66
2026-06-10,M014,P04,T01,286747.41
2026-06-10,M015,P01,T03,137077.58
2026-06-10,M016,P02,T01,269994.54
2026-06-10,M017,P03,T03,144261.65
2026-06-10,M018,P04,T01,257521.37
2026-06-10,M019,P01,T03,219404.99
2026-06-10,M020,P02,T01,369128.72
2026-06-10,M021,P03,T03,179128.19
2026-06-10,M022,P04,T01,221496.51
2026-06-10,M023,P01,T03,180512.75
2026-06-10,M024,P02,T01,332604.69
2026-06-10,M025,P03,T03,178115.46
2026-06-10,M026,P04,T01,316306.25
2026-06-10,M027,P01,T03,239471.25
2026-06-10,M028,P02,T01,422462.06
2026-06-10,M029,P03,T03,154552.39
2026-06-10,M030,P04,T01,268232.16
2026-06-10,M031,P01,T03,226067.14
2026-06-10,M032,P02,T01,416595.35
2026-06-10,M033,P03,T03,199740.88
2026-06-10,M034,P04,T01,339030.01
2026-06-10,M035,P01,T03,275135.26
2026-06-10,M036,P02,T01,372161.85
2026-06-10,M037,P03,T03,173094.45
2026-06-10,M038,P04,T01,345619.64
2026-06-10,M039,P01,T03,275822.93
2026-06-10,M040,P02,T01,479982.84
2026-06-10,M041,P03,T03,246093.48
2026-06-10,M042,P04,T01,435591.93
2026-06-10,M043,P01,T03,217192.08
2026-06-10,M044,P02,T01,405732.64
2026-06-10,M045,P03,T03,216312.8
2026-06-10,M046,P04,T01,387792.78
2026-06-10,M047,P01,T03,311511.05
2026-06-10,M048,P02,T01,501981.43
2026-06-11,M001,P04,T04,101143.34
2026-06-11,M002,P01,T02,129450.81
2026-06-11,M003,P02,T04,174588.72
2026-06-11,M004,P03,T02,156441.39
2026-06-11,M005,P04,T04,188446.78
2026-06-11,M006,P01,T02,233886.78
2026-06-11,M007,P02,T04,239586.34
2026-06-11,M008,P03,T02,114723.18
2026-06-11,M009,P04,T04,137772.92
2026-06-11,M010,P01,T02,175487.26
2026-06-11,M011,P02,T04,240337.65
2026-06-11,M012,P03,T02,175618.12
2026-06-11,M013,P04,T04,210548.68
2026-06-11,M014,P01,T02,275274.16
2026-06-11,M015,P02,T04,194936.29
2026-06-11,M016,P03,T02,165589.97
2026-06-11,M017,P04,T04,191678.6
2026-06-11,M018,P01,T02,224466.45
2026-06-11,M019,P02,T04,260768.96
2026-06-11,M020,P03,T02,212214.2
2026-06-11,M021,P04,T04,246261.46
2026-06-11,M022,P01,T02,212748.91
2026-06-11,M023,P02,T04,261761.79
2026-06-11,M024,P03,T02,193569.61
2026-06-11,M025,P04,T04,228573.18
2026-06-11,M026,P01,T02,305669.79
2026-06-11,M027,P02,T04,348214.8
2026-06-11,M028,P03,T02,259564.64
2026-06-11,M029,P04,T04,194627.28
2026-06-11,M030,P01,T02,241264.52
2026-06-11,M031,P02,T04,296502.6
2026-06-11,M032,P03,T02,254949.95
2026-06-11,M033,P04,T04,289555.11
2026-06-11,M034,P01,T02,313494.6
2026-06-11,M035,P02,T04,404463.22
2026-06-11,M036,P03,T02,232888.46
2026-06-11,M037,P04,T04,253087.69
2026-06-11,M038,P01,T02,317952.06
2026-06-11,M039,P02,T04,364218.39
2026-06-11,M040,P03,T02,261278.75
2026-06-11,M041,P04,T04,303393.56
2026-06-11,M042,P01,T02,362917.09
2026-06-11,M043,P02,T04,300745.15
2026-06-11,M044,P03,T02,239504.08
2026-06-11,M045,P04,T04,282901.45
2026-06-11,M046,P01,T02,335739.28
2026-06-11,M047,P02,T04,379314.16
2026-06-11,M048,P03,T02,340687.42
2026-06-12,M001,P01,T01,133706.17
2026-06-12,M002,P02,T03,114463.06
2026-06-12,M003,P03,T01,140298.93
2026-06-12,M004,P04,T03,128594.18
2026-06-12,M005,P01,T01,225940.36
2026-06-12,M006,P02,T03,191793.62
2026-06-12,M007,P03,T01,243416.07
2026-06-12,M008,P04,T03,111182.21
2026-06-12,M009,P01,T01,208161.67
2026-06-12,M010,P02,T03,168413.34
2026-06-12,M011,P03,T01,199493.6
2026-06-12,M012,P04,T03,168554.12
2026-06-12,M013,P01,T01,307253.77
2026-06-12,M014,P02,T03,249089.41
2026-06-12,M015,P03,T01,175867.4
2026-06-12,M016,P04,T03,156374.53
2026-06-12,M017,P01,T01,241958.49
2026-06-12,M018,P02,T03,207092.66
2026-06-12,M019,P03,T01,230011.26
2026-06-12,M020,P04,T03,214787.77
2026-06-12,M021,P01,T01,322934.45
2026-06-12,M022,P02,T03,171486.79
2026-06-12,M023,P03,T01,231112.1
2026-06-12,M024,P04,T03,169513.76
2026-06-12,M025,P01,T01,334397.15
2026-06-12,M026,P02,T03,257877.63
2026-06-12,M027,P03,T01,270299.71
2026-06-12,M028,P04,T03,253065.46
2026-06-12,M029,P01,T01,264843.25
2026-06-12,M030,P02,T03,224621.34
2026-06-12,M031,P03,T01,270258.42
2026-06-12,M032,P04,T03,234134.2
2026-06-12,M033,P01,T01,374205.23
2026-06-12,M034,P02,T03,282571.99
2026-06-12,M035,P03,T01,330105.11
2026-06-12,M036,P04,T03,189731.34
2026-06-12,M037,P01,T01,337740.03
2026-06-12,M038,P02,T03,261615.14
2026-06-12,M039,P03,T01,302355.18
2026-06-12,M040,P04,T03,258537.66
2026-06-12,M041,P01,T01,438032.07
2026-06-12,M042,P02,T03,360073.71
2026-06-12,M043,P03,T01,288080.13
2026-06-12,M044,P04,T03,248665.75
2026-06-12,M045,P01,T01,421738.08
2026-06-12,M046,P02,T03,301689.38
2026-06-12,M047,P03,T01,346948.36
2026-06-12,M048,P04,T03,312420.55
2026-06-13,M001,P02,T02,127215.11
2026-06-13,M002,P03,T04,99423.17
2026-06-13,M003,P04,T02,133178.09
2026-06-13,M004,P01,T04,153045.22
2026-06-13,M005,P02,T02,221502.19
2026-06-13,M006,P03,T04,156368.43
2026-06-13,M007,P04,T02,214111.43
2026-06-13,M008,P01,T04,115720.14
2026-06-13,M009,P02,T02,184020.96
2026-06-13,M010,P03,T04,134132.61
2026-06-13,M011,P04,T02,182861.31
2026-06-13,M012,P01,T04,198317.37
2026-06-13,M013,P02,T02,265510.68
2026-06-13,M014,P03,T04,175200.43
2026-06-13,M015,P04,T02,148952.49
2026-06-13,M016,P01,T04,172935.86
2026-06-13,M017,P02,T02,218061.61
2026-06-13,M018,P03,T04,158330.52
2026-06-13,M019,P04,T02,231050.63
2026-06-13,M020,P01,T04,221953.09
2026-06-13,M021,P02,T02,293242.57
2026-06-13,M022,P03,T04,141727.16
2026-06-13,M023,P04,T02,186220.75
2026-06-13,M024,P01,T04,196596.86
2026-06-13,M025,P02,T02,290388.32
2026-06-13,M026,P03,T04,187785.34
2026-06-13,M027,P04,T02,272834.21
2026-06-13,M028,P01,T04,298413.28
2026-06-13,M029,P02,T02,262753.39
2026-06-13,M030,P03,T04,162832.3
2026-06-13,M031,P04,T02,245375.83
2026-06-13,M032,P01,T04,270001.85
2026-06-13,M033,P02,T02,325445.69
2026-06-13,M034,P03,T04,236908.13
2026-06-13,M035,P04,T02,303431.82
2026-06-13,M036,P01,T04,213302.93
2026-06-13,M037,P02,T02,315783.44
2026-06-13,M038,P03,T04,194761.52
2026-06-13,M039,P04,T02,254750.51
2026-06-13,M040,P01,T04,316502.59
2026-06-13,M041,P02,T02,405477.82
2026-06-13,M042,P03,T04,267203.4
2026-06-13,M043,P04,T02,237317.93
2026-06-13,M044,P01,T04,261154.66
2026-06-13,M045,P02,T02,359399.54
2026-06-13,M046,P03,T04,261981.84
2026-06-13,M047,P04,T02,335034.71
2026-06-13,M048,P01,T04,314808.64
2026-06-14,M001,P03,T03,62460.06
2026-06-14,M002,P04,T01,131935.71
2026-06-14,M003,P01,T03,111227.0
2026-06-14,M004,P02,T01,219145.59
2026-06-14,M005,P03,T03,116729.2
2026-06-14,M006,P04,T01,221927.4
2026-06-14,M007,P01,T03,167633.14
2026-06-14,M008,P02,T01,185034.9
2026-06-14,M009,P03,T03,99245.32
2026-06-14,M010,P04,T01,177738.36
2026-06-14,M011,P01,T03,139159.81
2026-06-14,M012,P02,T01,255590.96
2026-06-14,M013,P03,T03,152456.75
2026-06-14,M014,P04,T01,269591.92
2026-06-14,M015,P01,T03,131550.82
2026-06-14,M016,P02,T01,231047.23
2026-06-14,M017,P03,T03,132764.38
2026-06-14,M018,P04,T01,240587.62
2026-06-14,M019,P01,T03,188088.98
2026-06-14,M020,P02,T01,332799.65
2026-06-14,M021,P03,T03,179016.31
2026-06-14,M022,P04,T01,202950.4
2026-06-14,M023,P01,T03,170310.95
2026-06-14,M024,P02,T01,296713.05
2026-06-14,M025,P03,T03,166670.43
2026-06-14,M026,P04,T01,298566.47
2026-06-14,M027,P01,T03,235004.73
2026-06-14,M028,P02,T01,423636.88
2026-06-14,M029,P03,T03,137754.16
2026-06-14,M030,P04,T01,269400.87
2026-06-14,M031,P01,T03,182165.87
2026-06-14,M032,P02,T01,352773.48
2026-06-14,M033,P03,T03,173841.26
2026-06-14,M034,P04,T01,305359.77
2026-06-14,M035,P01,T03,264666.35
2026-06-14,M036,P02,T01,343284.66
2026-06-14,M037,P03,T03,159021.85
2026-06-14,M038,P04,T01,288146.49
2026-06-14,M039,P01,T03,243188.7
2026-06-14,M040,P02,T01,427169.39
2026-06-14,M041,P03,T03,212190.64
2026-06-14,M042,P04,T01,376226.01
2026-06-14,M043,P01,T03,207068.23
2026-06-14,M044,P02,T01,381746.76
2026-06-14,M045,P03,T03,193960.32
2026-06-14,M046,P04,T01,361651.7
2026-06-14,M047,P01,T03,258347.21
2026-06-14,M048,P02,T01,497761.67
2026-06-15,M001,P04,T04,110521.32
2026-06-15,M002,P01,T02,133708.31
2026-06-15,M003,P02,T04,171902.1
2026-06-15,M004,P03,T02,136963.7
2026-06-15,M005,P04,T04,185102.24
2026-06-15,M006,P01,T02,220164.4
2026-06-15,M007,P02,T04,267563.61
2026-06-15,M008,P03,T02,111662.3
2026-06-15,M009,P04,T04,144735.87
2026-06-15,M010,P01,T02,201117.66
2026-06-15,M011,P02,T04,211631.84
2026-06-15,M012,P03,T02,195079.09
2026-06-15,M013,P04,T04,220264.09
2026-06-15,M014,P01,T02,287445.25
2026-06-15,M015,P02,T04,187774.95
2026-06-15,M016,P03,T02,162076.14
2026-06-15,M017,P04,T04,181199.0
2026-06-15,M018,P01,T02,257762.2
2026-06-15,M019,P02,T04,264884.8
2026-06-15,M020,P03,T02,238081.43
2026-06-15,M021,P04,T04,257702.83
2026-06-15,M022,P01,T02,196788.8
2026-06-15,M023,P02,T04,250494.65
2026-06-15,M024,P03,T02,193617.88
2026-06-15,M025,P04,T04,249316.24
2026-06-15,M026,P01,T02,312353.61
2026-06-15,M027,P02,T04,335173.33
2026-06-15,M028,P03,T02,279997.88
2026-06-15,M029,P04,T04,212437.05
2026-06-15,M030,P01,T02,257537.19
2026-06-15,M031,P02,T04,285242.45
2026-06-15,M032,P03,T02,225859.07
2026-06-15,M033,P04,T04,272147.79
2026-06-15,M034,P01,T02,324135.37
2026-06-15,M035,P02,T04,381868.36
2026-06-15,M036,P03,T02,221118.6
2026-06-15,M037,P04,T04,266532.04
2026-06-15,M038,P01,T02,313538.08
2026-06-15,M039,P02,T04,335297.02
2026-06-15,M040,P03,T02,285217.43
2026-06-15,M041,P04,T04,321399.25
2026-06-15,M042,P01,T02,376085.81
2026-06-15,M043,P02,T04,324768.9
2026-06-15,M044,P03,T02,249629.03
2026-06-15,M045,P04,T04,276183.7
2026-06-15,M046,P01,T02,377402.35
2026-06-15,M047,P02,T04,387060.46
2026-06-15,M048,P03,T02,316915.33
2026-06-16,M001,P01,T01,126228.99
2026-06-16,M002,P02,T03,115849.64
2026-06-16,M003,P03,T01,159606.76
2026-06-16,M004,P04,T03,122035.84
2026-06-16,M005,P01,T01,215934.25
2026-06-16,M006,P02,T03,183546.32
2026-06-16,M007,P03,T01,210878.67
2026-06-16,M008,P04,T03,110600.18
2026-06-16,M009,P01,T01,194531.63
2026-06-16,M010,P02,T03,177586.34
2026-06-16,M011,P03,T01,183302.3
2026-06-16,M012,P04,T03,176635.63
2026-06-16,M013,P01,T01,309089.94
2026-06-16,M014,P02,T03,241960.03
2026-06-16,M015,P03,T01,164894.83
2026-06-16,M016,P04,T03,150820.1
2026-06-16,M017,P01,T01,242867.74
2026-06-16,M018,P02,T03,222499.85
2026-06-16,M019,P03,T01,247300.16
2026-06-16,M020,P04,T03,211759.43
2026-06-16,M021,P01,T01,324746.44
2026-06-16,M022,P02,T03,190573.12
2026-06-16,M023,P03,T01,198480.01
2026-06-16,M024,P04,T03,185490.79
2026-06-16,M025,P01,T01,333337.74
2026-06-16,M026,P02,T03,249335.14
2026-06-16,M027,P03,T01,306803.93
2026-06-16,M028,P04,T03,242352.33
2026-06-16,M029,P01,T01,275942.54
2026-06-16,M030,P02,T03,226224.58
2026-06-16,M031,P03,T01,267910.62
2026-06-16,M032,P04,T03,233848.02
2026-06-16,M033,P01,T01,358757.29
2026-06-16,M034,P02,T03,300358.6
2026-06-16,M035,P03,T01,339239.69
2026-06-16,M036,P04,T03,180770.74
2026-06-16,M037,P01,T01,337940.31
2026-06-16,M038,P02,T03,294930.35
2026-06-16,M039,P03,T01,322930.42
2026-06-16,M040,P04,T03,243378.08
2026-06-16,M041,P01,T01,439050.17
2026-06-16,M042,P02,T03,353723.03
2026-06-16,M043,P03,T01,300272.16
2026-06-16,M044,P04,T03,229888.22
2026-06-16,M045,P01,T01,374790.1
2026-06-16,M046,P02,T03,302992.62
2026-06-16,M047,P03,T01,343722.18
2026-06-16,M048,P04,T03,296483.13
2026-06-17,M001,P02,T02,143133.37
2026-06-17,M002,P03,T04,109446.75
2026-06-17,M003,P04,T02,137506.94
2026-06-17,M004,P01,T04,177710.94
2026-06-17,M005,P02,T02,213845.86
2026-06-17,M006,P03,T04,177603.79
2026-06-17,M007,P04,T02,225096.4
2026-06-17,M008,P01,T04,148476.2
2026-06-17,M009,P02,T02,206626.59
2026-06-17,M010,P03,T04,137499.91
2026-06-17,M011,P04,T02,190077.63
2026-06-17,M012,P01,T04,201292.6
2026-06-17,M013,P02,T02,305989.53
2026-06-17,M014,P03,T04,220793.41
2026-06-17,M015,P04,T02,155651.09
2026-06-17,M016,P01,T04,200616.11
2026-06-17,M017,P02,T02,247398.85
2026-06-17,M018,P03,T04,191841.74
2026-06-17,M019,P04,T02,257574.92
2026-06-17,M020,P01,T04,276771.18
2026-06-17,M021,P02,T02,360728.6
2026-06-17,M022,P03,T04,151554.74
2026-06-17,M023,P04,T02,212565.15
2026-06-17,M024,P01,T04,226572.8
2026-06-17,M025,P02,T02,325582.47
2026-06-17,M026,P03,T04,211522.83
2026-06-17,M027,P04,T02,309710.21
2026-06-17,M028,P01,T04,293557.93
2026-06-17,M029,P02,T02,289983.41
2026-06-17,M030,P03,T04,211584.32
2026-06-17,M031,P04,T02,240098.61
2026-06-17,M032,P01,T04,259311.74
2026-06-17,M033,P02,T02,379191.84
2026-06-17,M034,P03,T04,248423.22
2026-06-17,M035,P04,T02,314831.42
2026-06-17,M036,P01,T04,235468.21
2026-06-17,M037,P02,T02,349139.35
2026-06-17,M038,P03,T04,239917.47
2026-06-17,M039,P04,T02,324658.14
2026-06-17,M040,P01,T04,313792.11
2026-06-17,M041,P02,T02,439103.98
2026-06-17,M042,P03,T04,304376.5
2026-06-17,M043,P04,T02,257653.75
2026-06-17,M044,P01,T04,304957.87
2026-06-17,M045,P02,T02,361091.5
2026-06-17,M046,P03,T04,278712.89
2026-06-17,M047,P04,T02,335644.38
2026-06-17,M048,P01,T04,372075.82
2026-06-18,M001,P03,T03,73864.29
2026-06-18,M002,P04,T01,149666.91
2026-06-18,M003,P01,T03,131117.9
2026-06-18,M004,P02,T01,254999.73
2026-06-18,M005,P03,T03,131704.28
2026-06-18,M006,P04,T01,254823.33
2026-06-18,M007,P01,T03,195552.78
2026-06-18,M008,P02,T01,201087.64
2026-06-18,M009,P03,T03,103781.0
2026-06-18,M010,P04,T01,207730.71
2026-06-18,M011,P01,T03,169127.19
2026-06-18,M012,P02,T01,315816.35
2026-06-18,M013,P03,T03,159586.32
2026-06-18,M014,P04,T01,304092.42
2026-06-18,M015,P01,T03,146559.65
2026-06-18,M016,P02,T01,251583.51
2026-06-18,M017,P03,T03,136061.9
2026-06-18,M018,P04,T01,261855.46
2026-06-18,M019,P01,T03,194587.38
2026-06-18,M020,P02,T01,397681.5
2026-06-18,M021,P03,T03,193533.02
2026-06-18,M022,P04,T01,239215.61
2026-06-18,M023,P01,T03,180204.08
2026-06-18,M024,P02,T01,339318.75
2026-06-18,M025,P03,T03,167964.55
2026-06-18,M026,P04,T01,305013.9
2026-06-18,M027,P01,T03,232130.83
2026-06-18,M028,P02,T01,455383.34
2026-06-18,M029,P03,T03,142815.71
2026-06-18,M030,P04,T01,284514.24
2026-06-18,M031,P01,T03,209074.48
2026-06-18,M032,P02,T01,366367.99
2026-06-18,M033,P03,T03,192729.99
2026-06-18,M034,P04,T01,359915.75
2026-06-18,M035,P01,T03,265570.93
2026-06-18,M036,P02,T01,354426.56
2026-06-18,M037,P03,T03,178196.95
2026-06-18,M038,P04,T01,310402.35
2026-06-18,M039,P01,T03,244089.82
2026-06-18,M040,P02,T01,483168.45
2026-06-18,M041,P03,T03,217452.43
2026-06-18,M042,P04,T01,400351.07
2026-06-18,M043,P01,T03,223939.83
2026-06-18,M044,P02,T01,417796.71
2026-06-18,M045,P03,T03,227031.5
2026-06-18,M046,P04,T01,378019.26
2026-06-18,M047,P01,T03,311172.04
2026-06-18,M048,P02,T01,512546.69
2026-06-19,M001,P04,T04,96557.22
2026-06-19,M002,P01,T02,136721.52
2026-06-19,M003,P02,T04,179369.18
2026-06-19,M004,P03,T02,140926.43
2026-06-19,M005,P04,T04,161927.16
2026-06-19,M006,P01,T02,219131.61
2026-06-19,M007,P02,T04,258740.6
2026-06-19,M008,P03,T02,118156.79
2026-06-19,M009,P04,T04,151576.19
2026-06-19,M010,P01,T02,201184.84
2026-06-19,M011,P02,T04,229451.3
2026-06-19,M012,P03,T02,182899.99
2026-06-19,M013,P04,T04,234240.49
2026-06-19,M014,P01,T02,266901.3
2026-06-19,M015,P02,T04,178220.02
2026-06-19,M016,P03,T02,157913.87
2026-06-19,M017,P04,T04,206027.93
2026-06-19,M018,P01,T02,248508.28
2026-06-19,M019,P02,T04,285398.35
2026-06-19,M020,P03,T02,214850.09
2026-06-19,M021,P04,T04,259270.12
2026-06-19,M022,P01,T02,224192.27
2026-06-19,M023,P02,T04,225492.73
2026-06-19,M024,P03,T02,199102.51
2026-06-19,M025,P04,T04,235589.49
2026-06-19,M026,P01,T02,291390.65
2026-06-19,M027,P02,T04,356540.71
2026-06-19,M028,P03,T02,248878.97
2026-06-19,M029,P04,T04,214972.11
2026-06-19,M030,P01,T02,274241.79
2026-06-19,M031,P02,T04,313108.68
2026-06-19,M032,P03,T02,258072.71
2026-06-19,M033,P04,T04,267721.04
2026-06-19,M034,P01,T02,346691.51
2026-06-19,M035,P02,T04,414023.63
2026-06-19,M036,P03,T02,225671.35
2026-06-19,M037,P04,T04,248219.45
2026-06-19,M038,P01,T02,311401.38
2026-06-19,M039,P02,T04,327452.66
2026-06-19,M040,P03,T02,291041.11
2026-06-19,M041,P04,T04,308216.17
2026-06-19,M042,P01,T02,366371.89
2026-06-19,M043,P02,T04,305959.38
2026-06-19,M044,P03,T02,240556.86
2026-06-19,M045,P04,T04,290998.8
2026-06-19,M046,P01,T02,362168.05
2026-06-19,M047,P02,T04,418108.71
2026-06-19,M048,P03,T02,311168.08
2026-06-20,M001,P01,T01,116265.01
2026-06-20,M002,P02,T03,111979.57
2026-06-20,M003,P03,T01,134591.72
2026-06-20,M004,P04,T03,116147.69
2026-06-20,M005,P01,T01,198666.29
2026-06-20,M006,P02,T03,186327.46
2026-06-20,M007,P03,T01,204099.57
2026-06-20,M008,P04,T03,91173.89
2026-06-20,M009,P01,T01,170497.65
2026-06-20,M010,P02,T03,160146.44
2026-06-20,M011,P03,T01,183126.69
2026-06-20,M012,P04,T03,159172.35
2026-06-20,M013,P01,T01,283574.04
2026-06-20,M014,P02,T03,217530.4
2026-06-20,M015,P03,T01,143903.47
2026-06-20,M016,P04,T03,140945.14
2026-06-20,M017,P01,T01,243227.25
2026-06-20,M018,P02,T03,193967.01
2026-06-20,M019,P03,T01,207162.58
2026-06-20,M020,P04,T03,197871.49
2026-06-20,M021,P01,T01,330376.33
2026-06-20,M022,P02,T03,163798.07
2026-06-20,M023,P03,T01,207416.37
2026-06-20,M024,P04,T03,157680.04
2026-06-20,M025,P01,T01,288585.62
2026-06-20,M026,P02,T03,245538.9
2026-06-20,M027,P03,T01,274529.8
2026-06-20,M028,P04,T03,216852.22
2026-06-20,M029,P01,T01,256045.53
2026-06-20,M030,P02,T03,203485.15
2026-06-20,M031,P03,T01,246220.02
2026-06-20,M032,P04,T03,182110.73
2026-06-20,M033,P01,T01,348746.0
2026-06-20,M034,P02,T03,261444.82
2026-06-20,M035,P03,T01,290697.7
2026-06-20,M036,P04,T03,185785.93
2026-06-20,M037,P01,T01,312825.81
2026-06-20,M038,P02,T03,241680.4
2026-06-20,M039,P03,T01,287595.07
2026-06-20,M040,P04,T03,227006.21
2026-06-20,M041,P01,T01,404617.07
2026-06-20,M042,P02,T03,291059.53
2026-06-20,M043,P03,T01,262876.38
2026-06-20,M044,P04,T03,193221.66
2026-06-20,M045,P01,T01,338778.81
2026-06-20,M046,P02,T03,298039.64
2026-06-20,M047,P03,T01,321599.26
2026-06-20,M048,P04,T03,256849.14
2026-06-21,M001,P02,T02,105890.67
2026-06-21,M002,P03,T04,78073.92
2026-06-21,M003,P04,T02,107722.3
2026-06-21,M004,P01,T04,119385.36
2026-06-21,M005,P02,T02,159242.4
2026-06-21,M006,P03,T04,122845.51
2026-06-21,M007,P04,T02,155948.05
2026-06-21,M008,P01,T04,102417.24
2026-06-21,M009,P02,T02,152995.01
2026-06-21,M010,P03,T04,109610.3
2026-06-21,M011,P04,T02,141363.88
2026-06-21,M012,P01,T04,157016.72
2026-06-21,M013,P02,T02,217175.4
2026-06-21,M014,P03,T04,142684.21
2026-06-21,M015,P04,T02,128344.84
2026-06-21,M016,P01,T04,145006.56
2026-06-21,M017,P02,T02,172305.69
2026-06-21,M018,P03,T04,128347.99
2026-06-21,M019,P04,T02,184468.48
2026-06-21,M020,P01,T04,199327.62
2026-06-21,M021,P02,T02,237588.43
2026-06-21,M022,P03,T04,109773.01
2026-06-21,M023,P04,T02,157237.54
2026-06-21,M024,P01,T04,167486.37
2026-06-21,M025,P02,T02,220206.6
2026-06-21,M026,P03,T04,171912.35
2026-06-21,M027,P04,T02,221867.2
2026-06-21,M028,P01,T04,234193.94
2026-06-21,M029,P02,T02,214074.58
2026-06-21,M030,P03,T04,135078.97
2026-06-21,M031,P04,T02,177503.16
2026-06-21,M032,P01,T04,217831.54
2026-06-21,M033,P02,T02,287334.22
2026-06-21,M034,P03,T04,190817.71
2026-06-21,M035,P04,T02,266948.53
2026-06-21,M036,P01,T04,178171.95
2026-06-21,M037,P02,T02,244373.87
2026-06-21,M038,P03,T04,179100.53
2026-06-21,M039,P04,T02,212672.68
2026-06-21,M040,P01,T04,235829.28
2026-06-21,M041,P02,T02,290048.17
2026-06-21,M042,P03,T04,228119.62
2026-06-21,M043,P04,T02,218524.28
2026-06-21,M044,P01,T04,231277.48
2026-06-21,M045,P02,T02,271295.18
2026-06-21,M046,P03,T04,206459.83
2026-06-21,M047,P04,T02,280651.22
2026-06-21,M048,P01,T04,260194.01
2026-06-22,M001,P03,T03,61104.78
2026-06-22,M002,P04,T01,120493.26
2026-06-22,M003,P01,T03,103190.63
2026-06-22,M004,P02,T01,196279.2
2026-06-22,M005,P03,T03,102261.66
2026-06-22,M006,P04,T01,180450.36
2026-06-22,M007,P01,T03,157269.69
2026-06-22,M008,P02,T01,161664.81
2026-06-22,M009,P03,T03,89046.09
2026-06-22,M010,P04,T01,156427.37
2026-06-22,M011,P01,T03,131683.93
2026-06-22,M012,P02,T01,264230.39
2026-06-22,M013,P03,T03,121090.23
2026-06-22,M014,P04,T01,223689.68
2026-06-22,M015,P01,T03,108413.25
2026-06-22,M016,P02,T01,218287.7
2026-06-22,M017,P03,T03,113857.52
2026-06-22,M018,P04,T01,202404.36
2026-06-22,M019,P01,T03,172733.99
2026-06-22,M020,P02,T01,323767.52
2026-06-22,M021,P03,T03,163604.38
2026-06-22,M022,P04,T01,186921.09
2026-06-22,M023,P01,T03,141849.74
2026-06-22,M024,P02,T01,262511.62
2026-06-22,M025,P03,T03,129836.9
2026-06-22,M026,P04,T01,248133.2
2026-06-22,M027,P01,T03,210377.38
2026-06-22,M028,P02,T01,367199.15
2026-06-22,M029,P03,T03,132213.74
2026-06-22,M030,P04,T01,217272.08
2026-06-22,M031,P01,T03,186081.47
2026-06-22,M032,P02,T01,343445.93
2026-06-22,M033,P03,T03,174537.29
2026-06-22,M034,P04,T01,291821.95
2026-06-22,M035,P01,T03,235015.2
2026-06-22,M036,P02,T01,290885.08
2026-06-22,M037,P03,T03,143707.35
2026-06-22,M038,P04,T01,259769.11
2026-06-22,M039,P01,T03,205042.57
2026-06-22,M040,P02,T01,402351.74
2026-06-22,M041,P03,T03,190484.81
2026-06-22,M042,P04,T01,368508.07
2026-06-22,M043,P01,T03,185109.66
2026-06-22,M044,P02,T01,326011.82
2026-06-22,M045,P03,T03,175691.56
2026-06-22,M046,P04,T01,327445.05
2026-06-22,M047,P01,T03,244019.96
2026-06-22,M048,P02,T01,456220.13
2026-06-23,M001,P04,T04,90871.78
2026-06-23,M002,P01,T02,120476.26
2026-06-23,M003,P02,T04,143147.0
2026-06-23,M004,P03,T02,111350.22
2026-06-23,M005,P04,T04,147442.21
2026-06-23,M006,P01,T02,191572.93
2026-06-23,M007,P02,T04,218081.57
2026-06-23,M008,P03,T02,99069.95
2026-06-23,M009,P04,T04,113865.83
2026-06-23,M010,P01,T02,160185.0
2026-06-23,M011,P02,T04,188257.73
2026-06-23,M012,P03,T02,147592.65
2026-06-23,M013,P04,T04,189787.7
2026-06-23,M014,P01,T02,237786.37
2026-06-23,M015,P02,T04,149209.62
2026-06-23,M016,P03,T02,131928.36
2026-06-23,M017,P04,T04,144545.34
2026-06-23,M018,P01,T02,197212.34
2026-06-23,M019,P02,T04,245243.71
2026-06-23,M020,P03,T02,196470.26
2026-06-23,M021,P04,T04,211182.72
2026-06-23,M022,P01,T02,179820.94
2026-06-23,M023,P02,T04,190911.29
2026-06-23,M024,P03,T02,167479.53
2026-06-23,M025,P04,T04,206357.06
2026-06-23,M026,P01,T02,230703.78
2026-06-23,M027,P02,T04,255802.08
2026-06-23,M028,P03,T02,204383.37
2026-06-23,M029,P04,T04,158125.75
2026-06-23,M030,P01,T02,196664.83
2026-06-23,M031,P02,T04,228272.95
2026-06-23,M032,P03,T02,190292.81
2026-06-23,M033,P04,T04,213784.53
2026-06-23,M034,P01,T02,279448.07
2026-06-23,M035,P02,T04,294816.43
2026-06-23,M036,P03,T02,170787.29
2026-06-23,M037,P04,T04,205367.63
2026-06-23,M038,P01,T02,256351.24
2026-06-23,M039,P02,T04,308036.67
2026-06-23,M040,P03,T02,220945.03
2026-06-23,M041,P04,T04,247093.04
2026-06-23,M042,P01,T02,328237.95
2026-06-23,M043,P02,T04,247767.66
2026-06-23,M044,P03,T02,210519.42
2026-06-23,M045,P04,T04,241229.6
2026-06-23,M046,P01,T02,299553.16
2026-06-23,M047,P02,T04,353621.95
2026-06-23,M048,P03,T02,280594.05
2026-06-24,M001,P01,T01,111927.04
2026-06-24,M002,P02,T03,105334.57
2026-06-24,M003,P03,T01,121186.61
2026-06-24,M004,P04,T03,114677.03
2026-06-24,M005,P01,T01,197847.69
2026-06-24,M006,P02,T03,173436.48
2026-06-24,M007,P03,T01,190267.51
2026-06-24,M008,P04,T03,87280.77
2026-06-24,M009,P01,T01,151134.57
2026-06-24,M010,P02,T03,132159.44
2026-06-24,M011,P03,T01,163269.68
2026-06-24,M012,P04,T03,129435.5
2026-06-24,M013,P01,T01,232727.94
2026-06-24,M014,P02,T03,202340.63
2026-06-24,M015,P03,T01,128737.78
2026-06-24,M016,P04,T03,115432.43
2026-06-24,M017,P01,T01,193009.49
2026-06-24,M018,P02,T03,179940.13
2026-06-24,M019,P03,T01,201448.9
2026-06-24,M020,P04,T03,168292.4
2026-06-24,M021,P01,T01,279606.81
2026-06-24,M022,P02,T03,147180.9
2026-06-24,M023,P03,T01,167906.29
2026-06-24,M024,P04,T03,153033.65
2026-06-24,M025,P01,T01,236141.19
2026-06-24,M026,P02,T03,218398.28
2026-06-24,M027,P03,T01,239860.89
2026-06-24,M028,P04,T03,203291.8
2026-06-24,M029,P01,T01,225855.84
2026-06-24,M030,P02,T03,183975.15
2026-06-24,M031,P03,T01,202746.62
2026-06-24,M032,P04,T03,165299.27
2026-06-24,M033,P01,T01,324827.79
2026-06-24,M034,P02,T03,246941.91
2026-06-24,M035,P03,T01,299408.17
2026-06-24,M036,P04,T03,164731.19
2026-06-24,M037,P01,T01,288258.54
2026-06-24,M038,P02,T03,230743.98
2026-06-24,M039,P03,T01,265466.79
2026-06-24,M040,P04,T03,204309.55
2026-06-24,M041,P01,T01,329325.1
2026-06-24,M042,P02,T03,293290.03
2026-06-24,M043,P03,T01,244696.64
2026-06-24,M044,P04,T03,185343.02
2026-06-24,M045,P01,T01,324032.11
2026-06-24,M046,P02,T03,283444.37
2026-06-24,M047,P03,T01,272090.63
2026-06-24,M048,P04,T03,249250.69
2026-06-25,M001,P02,T02,116459.67
2026-06-25,M002,P03,T04,88875.36
2026-06-25,M003,P04,T02,122188.51
2026-06-25,M004,P01,T04,130582.95
2026-06-25,M005,P02,T02,187259.59
2026-06-25,M006,P03,T04,128353.29
2026-06-25,M007,P04,T02,190449.21
2026-06-25,M008,P01,T04,105005.77
2026-06-25,M009,P02,T02,150897.74
2026-06-25,M010,P03,T04,122426.32
2026-06-25,M011,P04,T02,172604.52
2026-06-25,M012,P01,T04,184741.17
2026-06-25,M013,P02,T02,228674.93
2026-06-25,M014,P03,T04,180686.89
2026-06-25,M015,P04,T02,143204.5
2026-06-25,M016,P01,T04,144180.58
2026-06-25,M017,P02,T02,195496.74
2026-06-25,M018,P03,T04,140896.05
2026-06-25,M019,P04,T02,195119.46
2026-06-25,M020,P01,T04,229842.19
2026-06-25,M021,P02,T02,272529.18
2026-06-25,M022,P03,T04,127401.86
2026-06-25,M023,P04,T02,161552.12
2026-06-25,M024,P01,T04,192869.58
2026-06-25,M025,P02,T02,257927.81
2026-06-25,M026,P03,T04,189662.01
2026-06-25,M027,P04,T02,229148.93
2026-06-25,M028,P01,T04,258607.77
2026-06-25,M029,P02,T02,211028.84
2026-06-25,M030,P03,T04,154248.63
2026-06-25,M031,P04,T02,210627.34
2026-06-25,M032,P01,T04,238007.44
2026-06-25,M033,P02,T02,284136.56
2026-06-25,M034,P03,T04,197749.82
2026-06-25,M035,P04,T02,274040.81
2026-06-25,M036,P01,T04,208412.28
2026-06-25,M037,P02,T02,284492.87
2026-06-25,M038,P03,T04,180712.92
2026-06-25,M039,P04,T02,242586.66
2026-06-25,M040,P01,T04,285936.72
2026-06-25,M041,P02,T02,325797.45
2026-06-25,M042,P03,T04,245743.98
2026-06-25,M043,P04,T02,210412.25
2026-06-25,M044,P01,T04,261778.65
2026-06-25,M045,P02,T02,300661.64
2026-06-25,M046,P03,T04,214335.08
2026-06-25,M047,P04,T02,292245.53
2026-06-25,M048,P01,T04,304863.47
2026-06-26,M001,P03,T03,59846.15
2026-06-26,M002,P04,T01,115589.33
2026-06-26,M003,P01,T03,96267.76
2026-06-26,M004,P02,T01,189656.6
2026-06-26,M005,P03,T03,103656.99
2026-06-26,M006,P04,T01,190463.13
2026-06-26,M007,P01,T03,149801.27
2026-06-26,M008,P02,T01,157672.61
2026-06-26,M009,P03,T03,94930.41
2026-06-26,M010,P04,T01,180075.86
2026-06-26,M011,P01,T03,139737.29
2026-06-26,M012,P02,T01,256638.25
2026-06-26,M013,P03,T03,122941.77
2026-06-26,M014,P04,T01,231855.51
2026-06-26,M015,P01,T03,120141.59
2026-06-26,M016,P02,T01,204989.51
2026-06-26,M017,P03,T03,108318.19
2026-06-26,M018,P04,T01,226564.44
2026-06-26,M019,P01,T03,177901.49
2026-06-26,M020,P02,T01,281874.87
2026-06-26,M021,P03,T03,151238.14
2026-06-26,M022,P04,T01,183175.71
2026-06-26,M023,P01,T03,145533.66
2026-06-26,M024,P02,T01,259527.82
2026-06-26,M025,P03,T03,142183.05
2026-06-26,M026,P04,T01,254362.98
2026-06-26,M027,P01,T03,210627.36
2026-06-26,M028,P02,T01,361113.24
2026-06-26,M029,P03,T03,120988.3
2026-06-26,M030,P04,T01,241514.87
2026-06-26,M031,P01,T03,168163.91
2026-06-26,M032,P02,T01,333605.2
2026-06-26,M033,P03,T03,177401.37
2026-06-26,M034,P04,T01,321654.84
2026-06-26,M035,P01,T03,237858.84
2026-06-26,M036,P02,T01,291230.12
2026-06-26,M037,P03,T03,153551.45
2026-06-26,M038,P04,T01,274569.83
2026-06-26,M039,P01,T03,222262.85
2026-06-26,M040,P02,T01,375384.36
2026-06-26,M041,P03,T03,186606.64
2026-06-26,M042,P04,T01,343637.58
2026-06-26,M043,P01,T03,177825.65
2026-06-26,M044,P02,T01,323499.85
2026-06-26,M045,P03,T03,189714.84
2026-06-26,M046,P04,T01,336487.51
2026-06-26,M047,P01,T03,251209.1
2026-06-26,M048,P02,T01,462377.4
2026-06-27,M001,P04,T04,82024.26
2026-06-27,M002,P01,T02,106011.15
2026-06-27,M003,P02,T04,125033.96
2026-06-27,M004,P03,T02,108376.59
2026-06-27,M005,P04,T04,125254.17
2026-06-27,M006,P01,T02,153417.42
2026-06-27,M007,P02,T04,204256.2
2026-06-27,M008,P03,T02,94264.16
2026-06-27,M009,P04,T04,101446.56
2026-06-27,M010,P01,T02,130939.45
2026-06-27,M011,P02,T04,174791.59
2026-06-27,M012,P03,T02,132941.69
2026-06-27,M013,P04,T04,156791.83
2026-06-27,M014,P01,T02,190790.41
2026-06-27,M015,P02,T04,131796.55
2026-06-27,M016,P03,T02,113227.65
2026-06-27,M017,P04,T04,133658.32
2026-06-27,M018,P01,T02,167150.13
2026-06-27,M019,P02,T04,189238.77
2026-06-27,M020,P03,T02,168195.59
2026-06-27,M021,P04,T04,201691.56
2026-06-27,M022,P01,T02,156489.22
2026-06-27,M023,P02,T04,169956.4
2026-06-27,M024,P03,T02,154148.88
2026-06-27,M025,P04,T04,180939.8
2026-06-27,M026,P01,T02,211143.54
2026-06-27,M027,P02,T04,236935.94
2026-06-27,M028,P03,T02,192222.25
2026-06-27,M029,P04,T04,147594.96
2026-06-27,M030,P01,T02,191032.13
2026-06-27,M031,P02,T04,210486.35
2026-06-27,M032,P03,T02,189832.88
2026-06-27,M033,P04,T04,199252.6
2026-06-27,M034,P01,T02,239166.39
2026-06-27,M035,P02,T04,270031.5
2026-06-27,M036,P03,T02,161531.79
2026-06-27,M037,P04,T04,188940.52
2026-06-27,M038,P01,T02,220737.28
2026-06-27,M039,P02,T04,257045.14
2026-06-27,M040,P03,T02,224604.31
2026-06-27,M041,P04,T04,253103.15
2026-06-27,M042,P01,T02,310262.09
2026-06-27,M043,P02,T04,217874.1
2026-06-27,M044,P03,T02,187971.93
2026-06-27,M045,P04,T04,201917.38
2026-06-27,M046,P01,T02,259747.34
2026-06-27,M047,P02,T04,296974.71
2026-06-27,M048,P03,T02,245519.15
2026-06-28,M001,P01,T01,98449.79
2026-06-28,M002,P02,T03,93392.99
2026-06-28,M003,P03,T01,102820.6
2026-06-28,M004,P04,T03,91675.0
2026-06-28,M005,P01,T01,183231.12
2026-06-28,M006,P02,T03,148658.79
2026-06-28,M007,P03,T01,179380.31
2026-06-28,M008,P04,T03,82141.29
2026-06-28,M009,P01,T01,155020.03
2026-06-28,M010,P02,T03,115809.37
2026-06-28,M011,P03,T01,136547.38
2026-06-28,M012,P04,T03,132013.14
2026-06-28,M013,P01,T01,216727.67
2026-06-28,M014,P02,T03,180628.16
2026-06-28,M015,P03,T01,117281.71
2026-06-28,M016,P04,T03,99245.72
2026-06-28,M017,P01,T01,202775.59
2026-06-28,M018,P02,T03,167287.61
2026-06-28,M019,P03,T01,190302.39
2026-06-28,M020,P04,T03,154718.47
2026-06-28,M021,P01,T01,265828.78
2026-06-28,M022,P02,T03,128757.0
2026-06-28,M023,P03,T01,162571.4
2026-06-28,M024,P04,T03,132725.89
2026-06-28,M025,P01,T01,247381.9
2026-06-28,M026,P02,T03,204992.86
2026-06-28,M027,P03,T01,220685.79
2026-06-28,M028,P04,T03,184820.73
2026-06-28,M029,P01,T01,196750.65
2026-06-28,M030,P02,T03,160785.53
2026-06-28,M031,P03,T01,202809.85
2026-06-28,M032,P04,T03,153104.26
2026-06-28,M033,P01,T01,267432.87
2026-06-28,M034,P02,T03,221688.25
2026-06-28,M035,P03,T01,236478.58
2026-06-28,M036,P04,T03,153257.6
2026-06-28,M037,P01,T01,232572.71
2026-06-28,M038,P02,T03,194054.48
2026-06-28,M039,P03,T01,232929.29
2026-06-28,M040,P04,T03,174532.63
2026-06-28,M041,P01,T01,329475.42
2026-06-28,M042,P02,T03,277820.65
2026-06-28,M043,P03,T01,206422.89
2026-06-28,M044,P04,T03,176484.3
2026-06-28,M045,P01,T01,276706.52
2026-06-28,M046,P02,T03,222191.14
2026-06-28,M047,P03,T01,271581.71
2026-06-28,M048,P04,T03,204129.72
2026-06-29,M001,P02,T02,116929.78
2026-06-29,M002,P03,T04,86340.66
2026-06-29,M003,P04,T02,118436.54
2026-06-29,M004,P01,T04,139998.3
2026-06-29,M005,P02,T02,187864.16
2026-06-29,M006,P03,T04,133532.44
2026-06-29,M007,P04,T02,180462.76
2026-06-29,M008,P01,T04,113615.31
2026-06-29,M009,P02,T02,157722.52
2026-06-29,M010,P03,T04,121465.69
2026-06-29,M011,P04,T02,152936.06
2026-06-29,M012,P01,T04,171297.92
2026-06-29,M013,P02,T02,236200.53
2026-06-29,M014,P03,T04,165062.89
2026-06-29,M015,P04,T02,137047.3
2026-06-29,M016,P01,T04,149575.88
2026-06-29,M017,P02,T02,198724.98
2026-06-29,M018,P03,T04,152413.94
2026-06-29,M019,P04,T02,183694.95
2026-06-29,M020,P01,T04,219291.85
2026-06-29,M021,P02,T02,275634.32
2026-06-29,M022,P03,T04,131086.9
2026-06-29,M023,P04,T02,180037.6
2026-06-29,M024,P01,T04,189544.57
2026-06-29,M025,P02,T02,248156.01
2026-06-29,M026,P03,T04,192235.44
2026-06-29,M027,P04,T02,244460.29
2026-06-29,M028,P01,T04,261665.54
2026-06-29,M029,P02,T02,208504.37
2026-06-29,M030,P03,T04,157705.63
2026-06-29,M031,P04,T02,214634.97
2026-06-29,M032,P01,T04,217206.48
2026-06-29,M033,P02,T02,296164.59
2026-06-29,M034,P03,T04,210391.08
2026-06-29,M035,P04,T02,256882.47
2026-06-29,M036,P01,T04,194915.94
2026-06-29,M037,P02,T02,286294.62
2026-06-29,M038,P03,T04,178210.75
2026-06-29,M039,P04,T02,250799.6
2026-06-29,M040,P01,T04,266378.33
2026-06-29,M041,P02,T02,360335.62
2026-06-29,M042,P03,T04,237115.96
2026-06-29,M043,P04,T02,216073.16
2026-06-29,M044,P01,T04,257432.71
2026-06-29,M045,P02,T02,306251.17
2026-06-29,M046,P03,T04,206720.8
2026-06-29,M047,P04,T02,269196.29
2026-06-29,M048,P01,T04,313243.37
2026-06-30,M001,P03,T03,64856.98
2026-06-30,M002,P04,T01,119167.7
2026-06-30,M003,P01,T03,100732.06
2026-06-30,M004,P02,T01,202252.11
2026-06-30,M005,P03,T03,101951.09
2026-06-30,M006,P04,T01,205833.41
2026-06-30,M007,P01,T03,145925.86
2026-06-30,M008,P02,T01,148586.56
2026-06-30,M009,P03,T03,85173.56
2026-06-30,M010,P04,T01,164756.29
2026-06-30,M011,P01,T03,130688.74
2026-06-30,M012,P02,T01,238834.13
2026-06-30,M013,P03,T03,132757.93
2026-06-30,M014,P04,T01,240330.82
2026-06-30,M015,P01,T03,110840.61
2026-06-30,M016,P02,T01,219166.94
2026-06-30,M017,P03,T03,106066.55
2026-06-30,M018,P04,T01,218995.56
2026-06-30,M019,P01,T03,160098.45
2026-06-30,M020,P02,T01,287835.64
2026-06-30,M021,P03,T03,154761.25
2026-06-30,M022,P04,T01,178560.57
2026-06-30,M023,P01,T03,151556.85
2026-06-30,M024,P02,T01,256745.37
2026-06-30,M025,P03,T03,132195.94
2026-06-30,M026,P04,T01,252522.36
2026-06-30,M027,P01,T03,193048.97
2026-06-30,M028,P02,T01,331555.46
2026-06-30,M029,P03,T03,130118.95
2026-06-30,M030,P04,T01,221744.14
2026-06-30,M031,P01,T03,177055.69
2026-06-30,M032,P02,T01,319132.24
2026-06-30,M033,P03,T03,162499.65
2026-06-30,M034,P04,T01,310064.97
2026-06-30,M035,P01,T03,243410.47
2026-06-30,M036,P02,T01,278036.22
2026-06-30,M037,P03,T03,149879.34
2026-06-30,M038,P04,T01,290906.78
2026-06-30,M039,P01,T03,201645.57
2026-06-30,M040,P02,T01,385990.4
2026-06-30,M041,P03,T03,197093.55
2026-06-30,M042,P04,T01,361386.78
2026-06-30,M043,P01,T03,193466.74
2026-06-30,M044,P02,T01,324673.83
2026-06-30,M045,P03,T03,190550.48
2026-06-30,M046,P04,T01,316037.58
2026-06-30,M047,P01,T03,225483.33
2026-06-30,M048,P02,T01,449784.46
2026-07-01,M001,P02,T02,130477.89
2026-07-01,M002,P03,T04,74880.13
2026-07-01,M003,P04,T02,118549.89
2026-07-01,M004,P01,T04,130177.99
2026-07-01,M005,P02,T02,189515.55
2026-07-01,M006,P03,T04,125505.78
2026-07-01,M007,P04,T02,197495.17
2026-07-01,M008,P01,T04,98249.65
2026-07-01,M009,P02,T02,150409.35
2026-07-01,M010,P03,T04,121996.01
2026-07-01,M011,P04,T02,143294.23
2026-07-01,M012,P01,T04,179238.94
2026-07-01,M013,P02,T02,276018.8
2026-07-01,M014,P03,T04,137627.64
2026-07-01,M015,P04,T02,121502.46
2026-07-01,M016,P01,T04,156799.66
2026-07-01,M017,P02,T02,202391.0
2026-07-01,M018,P03,T04,138927.7
2026-07-01,M019,P04,T02,233380.67
2026-07-01,M020,P01,T04,189167.76
2026-07-01,M021,P02,T02,267214.39
2026-07-01,M022,P03,T04,132642.82
2026-07-01,M023,P04,T02,179040.04
2026-07-01,M024,P01,T04,185212.9
2026-07-01,M025,P02,T02,277701.45
2026-07-01,M026,P03,T04,145507.52
2026-07-01,M027,P04,T02,229784.69
2026-07-01,M028,P01,T04,262450.15
2026-07-01,M029,P02,T02,226963.88
2026-07-01,M030,P03,T04,164746.59
2026-07-01,M031,P04,T02,254880.31
2026-07-01,M032,P01,T04,178950.52
2026-07-01,M033,P02,T02,277618.34
2026-07-01,M034,P03,T04,213623.61
2026-07-01,M035,P04,T02,254865.18
2026-07-01,M036,P01,T04,204333.65
2026-07-01,M037,P02,T02,321344.75
2026-07-01,M038,P03,T04,173723.67
2026-07-01,M039,P04,T02,246910.84
2026-07-01,M040,P01,T04,251812.87
2026-07-01,M041,P02,T02,340600.38
2026-07-01,M042,P03,T04,223925.8
2026-07-01,M043,P04,T02,259167.56
2026-07-01,M044,P01,T04,207465.62
2026-07-01,M045,P02,T02,285544.18
2026-07-01,M046,P03,T04,218410.13
2026-07-01,M047,P04,T02,284899.73
2026-07-01,M048,P01,T04,288813.79
2026-07-02,M001,P03,T03,71886.96
2026-07-02,M002,P04,T01,105666.13
2026-07-02,M003,P01,T03,92282.56
2026-07-02,M004,P02,T01,183302.44
2026-07-02,M005,P03,T03,101061.62
2026-07-02,M006,P04,T01,181932.14
2026-07-02,M007,P01,T03,179588.83
2026-07-02,M008,P02,T01,137602.68
2026-07-02,M009,P03,T03,87807.52
2026-07-02,M010,P04,T01,149532.39
2026-07-02,M011,P01,T03,122165.54
2026-07-02,M012,P02,T01,229983.29
2026-07-02,M013,P03,T03,148976.45
2026-07-02,M014,P04,T01,216050.73
2026-07-02,M015,P01,T03,107575.32
2026-07-02,M016,P02,T01,207220.12
2026-07-02,M017,P03,T03,109816.77
2026-07-02,M018,P04,T01,195749.27
2026-07-02,M019,P01,T03,179167.96
2026-07-02,M020,P02,T01,267742.28
2026-07-02,M021,P03,T03,142127.09
2026-07-02,M022,P04,T01,167155.27
2026-07-02,M023,P01,T03,134400.03
2026-07-02,M024,P02,T01,266498.29
2026-07-02,M025,P03,T03,172113.03
2026-07-02,M026,P04,T01,230412.79
2026-07-02,M027,P01,T03,183107.7
2026-07-02,M028,P02,T01,322695.27
2026-07-02,M029,P03,T03,119492.92
2026-07-02,M030,P04,T01,212115.39
2026-07-02,M031,P01,T03,199045.88
2026-07-02,M032,P02,T01,256518.84
2026-07-02,M033,P03,T03,149021.38
2026-07-02,M034,P04,T01,293434.98
2026-07-02,M035,P01,T03,236925.22
2026-07-02,M036,P02,T01,287918.44
2026-07-02,M037,P03,T03,170185.48
2026-07-02,M038,P04,T01,225255.98
2026-07-02,M039,P01,T03,209738.47
2026-07-02,M040,P02,T01,391865.24
2026-07-02,M041,P03,T03,180511.28
2026-07-02,M042,P04,T01,325778.55
2026-07-02,M043,P01,T03,224791.66
2026-07-02,M044,P02,T01,279222.31
2026-07-02,M045,P03,T03,175672.91
2026-07-02,M046,P04,T01,283819.25
2026-07-02,M047,P01,T03,242914.41
2026-07-02,M048,P02,T01,437870.76
2026-07-03,M001,P04,T04,96951.98
2026-07-03,M002,P01,T02,99197.58
2026-07-03,M003,P02,T04,125560.54
2026-07-03,M004,P03,T02,118340.48
2026-07-03,M005,P04,T04,146741.72
2026-07-03,M006,P01,T02,185373.31
2026-07-03,M007,P02,T04,247389.72
2026-07-03,M008,P03,T02,76249.77
2026-07-03,M009,P04,T04,122775.67
2026-07-03,M010,P01,T02,139919.55
2026-07-03,M011,P02,T04,174083.83
2026-07-03,M012,P03,T02,136168.45
2026-07-03,M013,P04,T04,220270.35
2026-07-03,M014,P01,T02,181579.6
2026-07-03,M015,P02,T04,139621.75
2026-07-03,M016,P03,T02,118836.99
2026-07-03,M017,P04,T04,148840.47
2026-07-03,M018,P01,T02,184456.6
2026-07-03,M019,P02,T04,262763.53
2026-07-03,M020,P03,T02,148938.39
2026-07-03,M021,P04,T04,222828.37
2026-07-03,M022,P01,T02,168406.83
2026-07-03,M023,P02,T04,205062.63
2026-07-03,M024,P03,T02,171460.0
2026-07-03,M025,P04,T04,233717.11
2026-07-03,M026,P01,T02,195191.38
2026-07-03,M027,P02,T04,263078.56
2026-07-03,M028,P03,T02,227386.77
2026-07-03,M029,P04,T04,173808.38
2026-07-03,M030,P01,T02,206004.21
2026-07-03,M031,P02,T04,269557.47
2026-07-03,M032,P03,T02,177737.78
2026-07-03,M033,P04,T04,216931.44
2026-07-03,M034,P01,T02,279391.28
2026-07-03,M035,P02,T04,299904.27
2026-07-03,M036,P03,T02,174629.27
2026-07-03,M037,P04,T04,253426.72
2026-07-03,M038,P01,T02,228602.32
2026-07-03,M039,P02,T04,293119.71
2026-07-03,M040,P03,T02,210194.75
2026-07-03,M041,P04,T04,244293.05
2026-07-03,M042,P01,T02,310435.31
2026-07-03,M043,P02,T04,286610.23
2026-07-03,M044,P03,T02,174032.88
2026-07-03,M045,P04,T04,239395.12
2026-07-03,M046,P01,T02,303659.25
2026-07-03,M047,P02,T04,306907.68
2026-07-03,M048,P03,T02,269187.77
2026-07-04,M001,P01,T01,116800.87
2026-07-04,M002,P02,T03,78450.85
2026-07-04,M003,P03,T01,114435.55
2026-07-04,M004,P04,T03,97006.81
2026-07-04,M005,P01,T01,177128.61
2026-07-04,M006,P02,T03,136144.4
2026-07-04,M007,P03,T01,206798.05
2026-07-04,M008,P04,T03,69644.25
2026-07-04,M009,P01,T01,137884.39
2026-07-04,M010,P02,T03,120556.49
2026-07-04,M011,P03,T01,139011.1
2026-07-04,M012,P04,T03,111093.81
2026-07-04,M013,P01,T01,254612.23
2026-07-04,M014,P02,T03,153438.14
2026-07-04,M015,P03,T01,123169.67
2026-07-04,M016,P04,T03,107388.04
2026-07-04,M017,P01,T01,195495.42
2026-07-04,M018,P02,T03,141098.14
2026-07-04,M019,P03,T01,214198.35
2026-07-04,M020,P04,T03,118053.31
2026-07-04,M021,P01,T01,239195.13
2026-07-04,M022,P02,T03,124784.08
2026-07-04,M023,P03,T01,148936.28
2026-07-04,M024,P04,T03,125152.81
2026-07-04,M025,P01,T01,275302.66
2026-07-04,M026,P02,T03,159071.0
2026-07-04,M027,P03,T01,214046.31
2026-07-04,M028,P04,T03,182749.42
2026-07-04,M029,P01,T01,190268.47
2026-07-04,M030,P02,T03,163401.35
2026-07-04,M031,P03,T01,207918.97
2026-07-04,M032,P04,T03,143216.96
2026-07-04,M033,P01,T01,244301.49
2026-07-04,M034,P02,T03,220976.66
2026-07-04,M035,P03,T01,255655.97
2026-07-04,M036,P04,T03,143170.12
2026-07-04,M037,P01,T01,284372.05
2026-07-04,M038,P02,T03,175509.43
2026-07-04,M039,P03,T01,217613.49
2026-07-04,M040,P04,T03,180494.22
2026-07-04,M041,P01,T01,302564.2
2026-07-04,M042,P02,T03,241810.24
2026-07-04,M043,P03,T01,249362.08
2026-07-04,M044,P04,T03,141961.52
2026-07-04,M045,P01,T01,268073.7
2026-07-04,M046,P02,T03,243424.93
2026-07-04,M047,P03,T01,261784.31
2026-07-04,M048,P04,T03,196102.05
2026-07-05,M001,P02,T02,110708.02
2026-07-05,M002,P03,T04,61694.37
2026-07-05,M003,P04,T02,103327.04
2026-07-05,M004,P01,T04,127934.75
2026-07-05,M005,P02,T02,161700.21
2026-07-05,M006,P03,T04,127342.16
2026-07-05,M007,P04,T02,194268.37
2026-07-05,M008,P01,T04,84626.71
2026-07-05,M009,P02,T02,143996.98
2026-07-05,M010,P03,T04,95471.53
2026-07-05,M011,P04,T02,148872.12
2026-07-05,M012,P01,T04,159333.22
2026-07-05,M013,P02,T02,232255.7
2026-07-05,M014,P03,T04,132405.65
2026-07-05,M015,P04,T02,127177.03
2026-07-05,M016,P01,T04,141611.09
2026-07-05,M017,P02,T02,174984.8
2026-07-05,M018,P03,T04,132205.04
2026-07-05,M019,P04,T02,213114.51
2026-07-05,M020,P01,T04,172788.07
2026-07-05,M021,P02,T02,252488.45
2026-07-05,M022,P03,T04,110274.22
2026-07-05,M023,P04,T02,159833.54
2026-07-05,M024,P01,T04,168844.07
2026-07-05,M025,P02,T02,271929.28
2026-07-05,M026,P03,T04,146411.61
2026-07-05,M027,P04,T02,200501.27
2026-07-05,M028,P01,T04,204482.08
2026-07-05,M029,P02,T02,192009.52
2026-07-05,M030,P03,T04,143850.86
2026-07-05,M031,P04,T02,203603.73
2026-07-05,M032,P01,T04,173749.21
2026-07-05,M033,P02,T02,249893.65
2026-07-05,M034,P03,T04,186401.64
2026-07-05,M035,P04,T02,241741.86
2026-07-05,M036,P01,T04,189605.89
2026-07-05,M037,P02,T02,280648.7
2026-07-05,M038,P03,T04,134219.84
2026-07-05,M039,P04,T02,203002.15
2026-07-05,M040,P01,T04,252766.08
2026-07-05,M041,P02,T02,310126.99
2026-07-05,M042,P03,T04,201134.67
2026-07-05,M043,P04,T02,242714.18
2026-07-05,M044,P01,T04,195423.12
2026-07-05,M045,P02,T02,253643.68
2026-07-05,M046,P03,T04,187268.03
2026-07-05,M047,P04,T02,237051.74
2026-07-05,M048,P01,T04,265754.15
2026-07-06,M001,P03,T03,66476.08
2026-07-06,M002,P04,T01,109350.08
2026-07-06,M003,P01,T03,103639.12
2026-07-06,M004,P02,T01,198026.33
2026-07-06,M005,P03,T03,106606.32
2026-07-06,M006,P04,T01,197515.47
2026-07-06,M007,P01,T03,166424.91
2026-07-06,M008,P02,T01,128314.57
2026-07-06,M009,P03,T03,87278.93
2026-07-06,M010,P04,T01,154492.87
2026-07-06,M011,P01,T03,124166.47
2026-07-06,M012,P02,T01,239046.84
2026-07-06,M013,P03,T03,146221.4
2026-07-06,M014,P04,T01,196516.29
2026-07-06,M015,P01,T03,107140.62
2026-07-06,M016,P02,T01,197098.81
2026-07-06,M017,P03,T03,105198.87
2026-07-06,M018,P04,T01,189788.2
2026-07-06,M019,P01,T03,203969.91
2026-07-06,M020,P02,T01,258896.56
2026-07-06,M021,P03,T03,150095.48
2026-07-06,M022,P04,T01,164720.28
2026-07-06,M023,P01,T03,139201.64
2026-07-06,M024,P02,T01,264586.45
2026-07-06,M025,P03,T03,149475.07
2026-07-06,M026,P04,T01,231835.21
2026-07-06,M027,P01,T03,197771.78
2026-07-06,M028,P02,T01,363395.11
2026-07-06,M029,P03,T03,118855.41
2026-07-06,M030,P04,T01,230236.53
2026-07-06,M031,P01,T03,217199.65
2026-07-06,M032,P02,T01,289665.52
2026-07-06,M033,P03,T03,151731.68
2026-07-06,M034,P04,T01,274279.07
2026-07-06,M035,P01,T03,239480.01
2026-07-06,M036,P02,T01,261465.96
2026-07-06,M037,P03,T03,177906.48
2026-07-06,M038,P04,T01,242779.06
2026-07-06,M039,P01,T03,211268.22
2026-07-06,M040,P02,T01,349417.29
2026-07-06,M041,P03,T03,196468.42
2026-07-06,M042,P04,T01,341913.99
2026-07-06,M043,P01,T03,203650.7
2026-07-06,M044,P02,T01,283688.54
2026-07-06,M045,P03,T03,171959.26
2026-07-06,M046,P04,T01,286700.34
2026-07-06,M047,P01,T03,252598.39
2026-07-06,M048,P02,T01,417520.68
2026-07-07,M001,P04,T04,89715.01
2026-07-07,M002,P01,T02,101711.93
2026-07-07,M003,P02,T04,135233.47
2026-07-07,M004,P03,T02,122950.08
2026-07-07,M005,P04,T04,135671.1
2026-07-07,M006,P01,T02,179708.63
2026-07-07,M007,P02,T04,239558.48
2026-07-07,M008,P03,T02,84196.47
2026-07-07,M009,P04,T04,116280.37
2026-07-07,M010,P01,T02,145498.71
2026-07-07,M011,P02,T04,174414.95
2026-07-07,M012,P03,T02,148622.52
2026-07-07,M013,P04,T04,194943.54
2026-07-07,M014,P01,T02,191005.37
2026-07-07,M015,P02,T04,162174.97
2026-07-07,M016,P03,T02,125117.89
2026-07-07,M017,P04,T04,160512.57
2026-07-07,M018,P01,T02,197558.2
2026-07-07,M019,P02,T04,265741.81
2026-07-07,M020,P03,T02,160224.22
2026-07-07,M021,P04,T04,216902.75
2026-07-07,M022,P01,T02,171091.63
2026-07-07,M023,P02,T04,183272.32
2026-07-07,M024,P03,T02,153887.13
2026-07-07,M025,P04,T04,207343.45
2026-07-07,M026,P01,T02,212671.95
2026-07-07,M027,P02,T04,280728.6
2026-07-07,M028,P03,T02,195929.66
2026-07-07,M029,P04,T04,174466.16
2026-07-07,M030,P01,T02,189306.65
2026-07-07,M031,P02,T04,298381.42
2026-07-07,M032,P03,T02,170872.93
2026-07-07,M033,P04,T04,221329.22
2026-07-07,M034,P01,T02,276487.96
2026-07-07,M035,P02,T04,286852.28
2026-07-07,M036,P03,T02,159501.55
2026-07-07,M037,P04,T04,230041.02
2026-07-07,M038,P01,T02,199378.95
2026-07-07,M039,P02,T04,276129.24
2026-07-07,M040,P03,T02,210763.28
2026-07-07,M041,P04,T04,264246.04
2026-07-07,M042,P01,T02,321662.25
2026-07-07,M043,P02,T04,277108.92
2026-07-07,M044,P03,T02,185544.93
2026-07-07,M045,P04,T04,217932.97
2026-07-07,M046,P01,T02,289361.02
2026-07-07,M047,P02,T04,317040.61
2026-07-07,M048,P03,T02,240406.94
2026-07-08,M001,P01,T01,123629.53
2026-07-08,M002,P02,T03,83742.55
2026-07-08,M003,P03,T01,113315.6
2026-07-08,M004,P04,T03,96813.63
2026-07-08,M005,P01,T01,191807.91
2026-07-08,M006,P02,T03,159996.84
2026-07-08,M007,P03,T01,198655.87
2026-07-08,M008,P04,T03,78299.12
2026-07-08,M009,P01,T01,157516.84
2026-07-08,M010,P02,T03,131669.22
2026-07-08,M011,P03,T01,153526.25
2026-07-08,M012,P04,T03,143693.26
2026-07-08,M013,P01,T01,292650.95
2026-07-08,M014,P02,T03,171055.71
2026-07-08,M015,P03,T01,127979.43
2026-07-08,M016,P04,T03,106281.85
2026-07-08,M017,P01,T01,212971.93
2026-07-08,M018,P02,T03,157131.49
2026-07-08,M019,P03,T01,223599.03
2026-07-08,M020,P04,T03,137655.3
2026-07-08,M021,P01,T01,257093.43
2026-07-08,M022,P02,T03,147387.87
2026-07-08,M023,P03,T01,165820.75
2026-07-08,M024,P04,T03,133866.18
2026-07-08,M025,P01,T01,294816.01
2026-07-08,M026,P02,T03,184208.73
2026-07-08,M027,P03,T01,246878.37
2026-07-08,M028,P04,T03,177909.73
2026-07-08,M029,P01,T01,217737.54
2026-07-08,M030,P02,T03,170172.89
2026-07-08,M031,P03,T01,230268.76
2026-07-08,M032,P04,T03,142689.28
2026-07-08,M033,P01,T01,293709.89
2026-07-08,M034,P02,T03,249867.13
2026-07-08,M035,P03,T01,249081.55
2026-07-08,M036,P04,T03,164846.28
2026-07-08,M037,P01,T01,334941.21
2026-07-08,M038,P02,T03,177680.41
2026-07-08,M039,P03,T01,251587.53
2026-07-08,M040,P04,T03,206855.47
2026-07-08,M041,P01,T01,341485.63
2026-07-08,M042,P02,T03,287717.0
2026-07-08,M043,P03,T01,259089.37
2026-07-08,M044,P04,T03,148370.27
2026-07-08,M045,P01,T01,287723.82
2026-07-08,M046,P02,T03,261873.24
2026-07-08,M047,P03,T01,294634.95
2026-07-08,M048,P04,T03,223143.68
2026-07-09,M001,P02,T02,120053.45
2026-07-09,M002,P03,T04,74814.95
2026-07-09,M003,P04,T02,121768.39
2026-07-09,M004,P01,T04,131468.77
2026-07-09,M005,P02,T02,168552.41
2026-07-09,M006,P03,T04,131238.78
2026-07-09,M007,P04,T02,210197.64
2026-07-09,M008,P01,T04,93873.73
2026-07-09,M009,P02,T02,161487.87
2026-07-09,M010,P03,T04,110362.99
2026-07-09,M011,P04,T02,166278.43
2026-07-09,M012,P01,T04,163351.69
2026-07-09,M013,P02,T02,257902.64
2026-07-09,M014,P03,T04,140124.03
2026-07-09,M015,P04,T02,134206.26
2026-07-09,M016,P01,T04,150230.18
2026-07-09,M017,P02,T02,212138.13
2026-07-09,M018,P03,T04,134948.14
2026-07-09,M019,P04,T02,223471.93
2026-07-09,M020,P01,T04,181615.68
2026-07-09,M021,P02,T02,275333.22
2026-07-09,M022,P03,T04,124338.37
2026-07-09,M023,P04,T02,157543.81
2026-07-09,M024,P01,T04,178391.64
2026-07-09,M025,P02,T02,275238.49
2026-07-09,M026,P03,T04,154487.99
2026-07-09,M027,P04,T02,229700.16
2026-07-09,M028,P01,T04,249743.15
2026-07-09,M029,P02,T02,212980.42
2026-07-09,M030,P03,T04,146196.0
2026-07-09,M031,P04,T02,237211.75
2026-07-09,M032,P01,T04,208680.84
2026-07-09,M033,P02,T02,289170.82
2026-07-09,M034,P03,T04,190736.51
2026-07-09,M035,P04,T02,247075.95
2026-07-09,M036,P01,T04,186455.81
2026-07-09,M037,P02,T02,322866.9
2026-07-09,M038,P03,T04,156919.76
2026-07-09,M039,P04,T02,251957.75
2026-07-09,M040,P01,T04,278938.44
2026-07-09,M041,P02,T02,347506.57
2026-07-09,M042,P03,T04,218784.47
2026-07-09,M043,P04,T02,277446.05
2026-07-09,M044,P01,T04,209247.37
2026-07-09,M045,P02,T02,304246.88
2026-07-09,M046,P03,T04,212892.66
2026-07-09,M047,P04,T02,288978.38
2026-07-09,M048,P01,T04,298485.1
2026-07-10,M001,P03,T03,77268.05
2026-07-10,M002,P04,T01,104825.96
2026-07-10,M003,P01,T03,105404.47
2026-07-10,M004,P02,T01,200323.08
2026-07-10,M005,P03,T03,109606.75
2026-07-10,M006,P04,T01,197121.85
2026-07-10,M007,P01,T03,178923.54
2026-07-10,M008,P02,T01,143712.63
2026-07-10,M009,P03,T03,88410.19
2026-07-10,M010,P04,T01,174020.38
2026-07-10,M011,P01,T03,141541.85
2026-07-10,M012,P02,T01,265031.8
2026-07-10,M013,P03,T03,161277.73
2026-07-10,M014,P04,T01,210592.02
2026-07-10,M015,P01,T03,110179.38
2026-07-10,M016,P02,T01,217091.69
2026-07-10,M017,P03,T03,112129.41
2026-07-10,M018,P04,T01,204993.18
2026-07-10,M019,P01,T03,220300.9
2026-07-10,M020,P02,T01,254512.03
2026-07-10,M021,P03,T03,163829.8
2026-07-10,M022,P04,T01,183742.64
2026-07-10,M023,P01,T03,144436.38
2026-07-10,M024,P02,T01,261583.11
2026-07-10,M025,P03,T03,167290.11
2026-07-10,M026,P04,T01,219085.36
2026-07-10,M027,P01,T03,193539.6
2026-07-10,M028,P02,T01,349450.39
2026-07-10,M029,P03,T03,132114.21
2026-07-10,M030,P04,T01,250982.42
2026-07-10,M031,P01,T03,206775.28
2026-07-10,M032,P02,T01,305275.15
2026-07-10,M033,P03,T03,166479.73
2026-07-10,M034,P04,T01,324683.31
2026-07-10,M035,P01,T03,240309.2
2026-07-10,M036,P02,T01,292112.38
2026-07-10,M037,P03,T03,173431.88
2026-07-10,M038,P04,T01,254277.82
2026-07-10,M039,P01,T03,228611.18
2026-07-10,M040,P02,T01,374748.77
2026-07-10,M041,P03,T03,203815.92
2026-07-10,M042,P04,T01,361404.92
2026-07-10,M043,P01,T03,241277.77
2026-07-10,M044,P02,T01,289695.2
2026-07-10,M045,P03,T03,183675.38
2026-07-10,M046,P04,T01,314168.02
2026-07-10,M047,P01,T03,271617.88
2026-07-10,M048,P02,T01,461196.53
2026-07-11,M001,P04,T04,99625.38
2026-07-11,M002,P01,T02,89525.95
2026-07-11,M003,P02,T04,127874.8
2026-07-11,M004,P03,T02,120873.82
2026-07-11,M005,P04,T04,125310.82
2026-07-11,M006,P01,T02,163511.55
2026-07-11,M007,P02,T04,239910.71
2026-07-11,M008,P03,T02,77169.45
2026-07-11,M009,P04,T04,122468.76
2026-07-11,M010,P01,T02,144611.23
2026-07-11,M011,P02,T04,166457.08
2026-07-11,M012,P03,T02,151741.09
2026-07-11,M013,P04,T04,208335.51
2026-07-11,M014,P01,T02,173946.28
2026-07-11,M015,P02,T04,137517.38
2026-07-11,M016,P03,T02,121193.64
2026-07-11,M017,P04,T04,146484.56
2026-07-11,M018,P01,T02,170490.76
2026-07-11,M019,P02,T04,264381.34
2026-07-11,M020,P03,T02,163989.11
2026-07-11,M021,P04,T04,212296.39
2026-07-11,M022,P01,T02,170867.31
2026-07-11,M023,P02,T04,195207.12
2026-07-11,M024,P03,T02,153200.25
2026-07-11,M025,P04,T04,219552.03
2026-07-11,M026,P01,T02,187861.8
2026-07-11,M027,P02,T04,273844.4
2026-07-11,M028,P03,T02,207827.29
2026-07-11,M029,P04,T04,169792.66
2026-07-11,M030,P01,T02,192640.38
2026-07-11,M031,P02,T04,269236.69
2026-07-11,M032,P03,T02,167710.65
2026-07-11,M033,P04,T04,231325.84
2026-07-11,M034,P01,T02,277448.26
2026-07-11,M035,P02,T04,302336.97
2026-07-11,M036,P03,T02,158816.35
2026-07-11,M037,P04,T04,225230.72
2026-07-11,M038,P01,T02,220592.51
2026-07-11,M039,P02,T04,266738.12
2026-07-11,M040,P03,T02,233548.38
2026-07-11,M041,P04,T04,262781.44
2026-07-11,M042,P01,T02,301314.81
2026-07-11,M043,P02,T04,301232.69
2026-07-11,M044,P03,T02,177131.24
2026-07-11,M045,P04,T04,235113.26
2026-07-11,M046,P01,T02,296896.27
2026-07-11,M047,P02,T04,319419.29
2026-07-11,M048,P03,T02,248805.73
2026-07-12,M001,P01,T01,128534.7
2026-07-12,M002,P02,T03,88730.09
2026-07-12,M003,P03,T01,111497.13
2026-07-12,M004,P04,T03,106385.45
2026-07-12,M005,P01,T01,178543.36
2026-07-12,M006,P02,T03,154156.74
2026-07-12,M007,P03,T01,200939.3
2026-07-12,M008,P04,T03,74845.75
2026-07-12,M009,P01,T01,162509.68
2026-07-12,M010,P02,T03,133862.4
2026-07-12,M011,P03,T01,164320.25
2026-07-12,M012,P04,T03,126377.45
2026-07-12,M013,P01,T01,275232.25
2026-07-12,M014,P02,T03,162721.37
2026-07-12,M015,P03,T01,137775.25
2026-07-12,M016,P04,T03,104069.62
2026-07-12,M017,P01,T01,181402.09
2026-07-12,M018,P02,T03,177660.7
2026-07-12,M019,P03,T01,221459.19
2026-07-12,M020,P04,T03,128253.66
2026-07-12,M021,P01,T01,256678.52
2026-07-12,M022,P02,T03,148094.62
2026-07-12,M023,P03,T01,168383.34
2026-07-12,M024,P04,T03,130251.48
2026-07-12,M025,P01,T01,302061.66
2026-07-12,M026,P02,T03,169035.99
2026-07-12,M027,P03,T01,214873.11
2026-07-12,M028,P04,T03,182508.7
2026-07-12,M029,P01,T01,198261.6
2026-07-12,M030,P02,T03,171598.34
2026-07-12,M031,P03,T01,245550.6
2026-07-12,M032,P04,T03,156862.47
2026-07-12,M033,P01,T01,275457.09
2026-07-12,M034,P02,T03,249725.76
2026-07-12,M035,P03,T01,274198.75
2026-07-12,M036,P04,T03,139162.91
2026-07-12,M037,P01,T01,295158.98
2026-07-12,M038,P02,T03,174295.75
2026-07-12,M039,P03,T01,228157.28
2026-07-12,M040,P04,T03,182706.66
2026-07-12,M041,P01,T01,313004.75
2026-07-12,M042,P02,T03,263193.94
2026-07-12,M043,P03,T01,235843.12
2026-07-12,M044,P04,T03,147058.77
2026-07-12,M045,P01,T01,320358.4
2026-07-12,M046,P02,T03,250790.07
2026-07-12,M047,P03,T01,293293.59
2026-07-12,M048,P04,T03,240661.49
2026-07-13,M001,P02,T02,118238.02
2026-07-13,M002,P03,T04,82302.93
2026-07-13,M003,P04,T02,117177.89
2026-07-13,M004,P01,T04,133072.9
2026-07-13,M005,P02,T02,175956.4
2026-07-13,M006,P03,T04,144624.9
2026-07-13,M007,P04,T02,192741.4
2026-07-13,M008,P01,T04,96880.08
2026-07-13,M009,P02,T02,140530.46
2026-07-13,M010,P03,T04,129847.46
2026-07-13,M011,P04,T02,155711.87
2026-07-13,M012,P01,T04,191143.25
2026-07-13,M013,P02,T02,258099.21
2026-07-13,M014,P03,T04,143809.27
2026-07-13,M015,P04,T02,136567.58
2026-07-13,M016,P01,T04,170845.31
2026-07-13,M017,P02,T02,177495.36
2026-07-13,M018,P03,T04,166775.42
2026-07-13,M019,P04,T02,218336.68
2026-07-13,M020,P01,T04,183723.27
2026-07-13,M021,P02,T02,256383.75
2026-07-13,M022,P03,T04,127680.22
2026-07-13,M023,P04,T02,158275.15
2026-07-13,M024,P01,T04,205865.83
2026-07-13,M025,P02,T02,266756.6
2026-07-13,M026,P03,T04,175791.25
2026-07-13,M027,P04,T02,212765.05
2026-07-13,M028,P01,T04,266104.25
2026-07-13,M029,P02,T02,200497.59
2026-07-13,M030,P03,T04,160146.04
2026-07-13,M031,P04,T02,252286.67
2026-07-13,M032,P01,T04,214067.59
2026-07-13,M033,P02,T02,280675.2
2026-07-13,M034,P03,T04,207253.65
2026-07-13,M035,P04,T02,257576.3
2026-07-13,M036,P01,T04,203927.11
2026-07-13,M037,P02,T02,274680.41
2026-07-13,M038,P03,T04,186096.72
2026-07-13,M039,P04,T02,246752.52
2026-07-13,M040,P01,T04,272617.35
2026-07-13,M041,P02,T02,299055.95
2026-07-13,M042,P03,T04,256813.68
2026-07-13,M043,P04,T02,242091.14
2026-07-13,M044,P01,T04,206075.11
2026-07-13,M045,P02,T02,315687.66
2026-07-13,M046,P03,T04,218208.77
2026-07-13,M047,P04,T02,254471.37
2026-07-13,M048,P01,T04,297053.56
2026-07-14,M001,P03,T03,76874.67
2026-07-14,M002,P04,T01,113743.88
2026-07-14,M003,P01,T03,110164.79
2026-07-14,M004,P02,T01,213936.02
2026-07-14,M005,P03,T03,112709.82
2026-07-14,M006,P04,T01,215925.3
2026-07-14,M007,P01,T03,184340.58
2026-07-14,M008,P02,T01,152760.4
2026-07-14,M009,P03,T03,93209.64
2026-07-14,M010,P04,T01,169006.0
2026-07-14,M011,P01,T03,132935.99
2026-07-14,M012,P02,T01,245288.53
2026-07-14,M013,P03,T03,173650.35
2026-07-14,M014,P04,T01,222447.33
2026-07-14,M015,P01,T03,120949.4
2026-07-14,M016,P02,T01,216350.22
2026-07-14,M017,P03,T03,110652.04
2026-07-14,M018,P04,T01,207757.17
2026-07-14,M019,P01,T03,218944.6
2026-07-14,M020,P02,T01,276251.81
2026-07-14,M021,P03,T03,175635.67
2026-07-14,M022,P04,T01,194176.0
2026-07-14,M023,P01,T03,142339.62
2026-07-14,M024,P02,T01,287559.51
2026-07-14,M025,P03,T03,182674.5
2026-07-14,M026,P04,T01,231409.38
2026-07-14,M027,P01,T03,217901.5
2026-07-14,M028,P02,T01,398656.8
2026-07-14,M029,P03,T03,124251.06
2026-07-14,M030,P04,T01,240994.44
2026-07-14,M031,P01,T03,212836.91
2026-07-14,M032,P02,T01,294090.89
2026-07-14,M033,P03,T03,178866.42
2026-07-14,M034,P04,T01,293746.73
2026-07-14,M035,P01,T03,238320.21
2026-07-14,M036,P02,T01,316640.16
2026-07-14,M037,P03,T03,190632.08
2026-07-14,M038,P04,T01,263190.77
2026-07-14,M039,P01,T03,207853.52
2026-07-14,M040,P02,T01,393978.14
2026-07-14,M041,P03,T03,191623.81
2026-07-14,M042,P04,T01,350311.13
2026-07-14,M043,P01,T03,250279.44
2026-07-14,M044,P02,T01,332656.11
2026-07-14,M045,P03,T03,183052.63
2026-07-14,M046,P04,T01,309359.02
2026-07-14,M047,P01,T03,259218.67
2026-07-14,M048,P02,T01,420104.56
2026-07-15,M001,P04,T04,101078.18
2026-07-15,M002,P01,T02,91882.49
2026-07-15,M003,P02,T04,151394.17
2026-07-15,M004,P03,T02,105630.44
2026-07-15,M005,P04,T04,142152.02
2026-07-15,M006,P01,T02,165539.59
2026-07-15,M007,P02,T04,257958.67
2026-07-15,M008,P03,T02,79753.65
2026-07-15,M009,P04,T04,116390.89
2026-07-15,M010,P01,T02,139400.14
2026-07-15,M011,P02,T04,181898.58
2026-07-15,M012,P03,T02,132652.65
2026-07-15,M013,P04,T04,204394.48
2026-07-15,M014,P01,T02,193536.37
2026-07-15,M015,P02,T04,153400.13
2026-07-15,M016,P03,T02,115113.36
2026-07-15,M017,P04,T04,174294.21
2026-07-15,M018,P01,T02,189603.5
2026-07-15,M019,P02,T04,277816.23
2026-07-15,M020,P03,T02,154112.3
2026-07-15,M021,P04,T04,218199.29
2026-07-15,M022,P01,T02,148363.18
2026-07-15,M023,P02,T04,196096.73
2026-07-15,M024,P03,T02,148575.07
2026-07-15,M025,P04,T04,245417.39
2026-07-15,M026,P01,T02,195031.55
2026-07-15,M027,P02,T04,276318.78
2026-07-15,M028,P03,T02,211605.59
2026-07-15,M029,P04,T04,170227.59
2026-07-15,M030,P01,T02,208715.43
2026-07-15,M031,P02,T04,305287.9
2026-07-15,M032,P03,T02,166301.46
2026-07-15,M033,P04,T04,241226.95
2026-07-15,M034,P01,T02,278662.53
2026-07-15,M035,P02,T04,319269.1
2026-07-15,M036,P03,T02,163346.79
2026-07-15,M037,P04,T04,264284.08
2026-07-15,M038,P01,T02,195451.32
2026-07-15,M039,P02,T04,286925.44
2026-07-15,M040,P03,T02,221960.43
2026-07-15,M041,P04,T04,298447.07
2026-07-15,M042,P01,T02,306554.91
2026-07-15,M043,P02,T04,298098.41
2026-07-15,M044,P03,T02,183778.74
2026-07-15,M045,P04,T04,253951.9
2026-07-15,M046,P01,T02,270101.88
2026-07-15,M047,P02,T04,360007.66
2026-07-15,M048,P03,T02,256519.66
2026-07-16,M001,P01,T01,148569.45
2026-07-16,M002,P02,T03,87610.63
2026-07-16,M003,P03,T01,121222.04
2026-07-16,M004,P04,T03,113259.32
2026-07-16,M005,P01,T01,201240.97
2026-07-16,M006,P02,T03,177098.26
2026-07-16,M007,P03,T01,241885.56
2026-07-16,M008,P04,T03,74117.64
2026-07-16,M009,P01,T01,165848.19
2026-07-16,M010,P02,T03,142232.92
2026-07-16,M011,P03,T01,164039.95
2026-07-16,M012,P04,T03,139285.68
2026-07-16,M013,P01,T01,279311.07
2026-07-16,M014,P02,T03,170318.25
2026-07-16,M015,P03,T01,146983.98
2026-07-16,M016,P04,T03,119223.93
2026-07-16,M017,P01,T01,215675.85
2026-07-16,M018,P02,T03,176286.84
2026-07-16,M019,P03,T01,261805.51
2026-07-16,M020,P04,T03,164189.77
2026-07-16,M021,P01,T01,316919.92
2026-07-16,M022,P02,T03,164612.7
2026-07-16,M023,P03,T01,182381.63
2026-07-16,M024,P04,T03,143467.79
2026-07-16,M025,P01,T01,310155.44
2026-07-16,M026,P02,T03,207280.2
2026-07-16,M027,P03,T01,254117.16
2026-07-16,M028,P04,T03,209740.47
2026-07-16,M029,P01,T01,236400.67
2026-07-16,M030,P02,T03,183001.92
2026-07-16,M031,P03,T01,260912.13
2026-07-16,M032,P04,T03,164331.43
2026-07-16,M033,P01,T01,328561.6
2026-07-16,M034,P02,T03,280560.88
2026-07-16,M035,P03,T01,294527.23
2026-07-16,M036,P04,T03,166254.41
2026-07-16,M037,P01,T01,340114.21
2026-07-16,M038,P02,T03,191755.73
2026-07-16,M039,P03,T01,254946.17
2026-07-16,M040,P04,T03,210136.54
2026-07-16,M041,P01,T01,384950.15
2026-07-16,M042,P02,T03,306288.98
2026-07-16,M043,P03,T01,260686.44
2026-07-16,M044,P04,T03,159687.06
2026-07-16,M045,P01,T01,338840.33
2026-07-16,M046,P02,T03,281147.09
2026-07-16,M047,P03,T01,297587.42
2026-07-16,M048,P04,T03,252142.3
2026-07-17,M001,P02,T02,129821.1
2026-07-17,M002,P03,T04,77424.66
2026-07-17,M003,P04,T02,106059.64
2026-07-17,M004,P01,T04,152058.64
2026-07-17,M005,P02,T02,181958.12
2026-07-17,M006,P03,T04,148643.65
2026-07-17,M007,P04,T02,200361.79
2026-07-17,M008,P01,T04,105201.12
2026-07-17,M009,P02,T02,141939.97
2026-07-17,M010,P03,T04,127382.41
2026-07-17,M011,P04,T02,146562.99
2026-07-17,M012,P01,T04,192717.73
2026-07-17,M013,P02,T02,252322.69
2026-07-17,M014,P03,T04,151077.42
2026-07-17,M015,P04,T02,127940.4
2026-07-17,M016,P01,T04,169495.97
2026-07-17,M017,P02,T02,202009.11
2026-07-17,M018,P03,T04,167484.7
2026-07-17,M019,P04,T02,236312.4
2026-07-17,M020,P01,T04,207910.7
2026-07-17,M021,P02,T02,252131.44
2026-07-17,M022,P03,T04,134725.85
2026-07-17,M023,P04,T02,166448.26
2026-07-17,M024,P01,T04,184007.23
2026-07-17,M025,P02,T02,279648.31
2026-07-17,M026,P03,T04,160917.46
2026-07-17,M027,P04,T02,217619.91
2026-07-17,M028,P01,T04,276947.09
2026-07-17,M029,P02,T02,223456.27
2026-07-17,M030,P03,T04,169200.44
2026-07-17,M031,P04,T02,232636.95
2026-07-17,M032,P01,T04,200265.11
2026-07-17,M033,P02,T02,271865.12
2026-07-17,M034,P03,T04,235058.98
2026-07-17,M035,P04,T02,251084.47
2026-07-17,M036,P01,T04,208104.05
2026-07-17,M037,P02,T02,321168.0
2026-07-17,M038,P03,T04,178886.71
2026-07-17,M039,P04,T02,247002.13
2026-07-17,M040,P01,T04,286219.59
2026-07-17,M041,P02,T02,335033.31
2026-07-17,M042,P03,T04,250345.11
2026-07-17,M043,P04,T02,233690.9
2026-07-17,M044,P01,T04,236976.37
2026-07-17,M045,P02,T02,316386.71
2026-07-17,M046,P03,T04,233345.57
2026-07-17,M047,P04,T02,269805.12
2026-07-17,M048,P01,T04,331522.26
2026-07-18,M001,P03,T03,63198.75
2026-07-18,M002,P04,T01,98924.45
2026-07-18,M003,P01,T03,100074.19
2026-07-18,M004,P02,T01,192125.67
2026-07-18,M005,P03,T03,98548.9
2026-07-18,M006,P04,T01,190977.91
2026-07-18,M007,P01,T03,171770.26
2026-07-18,M008,P02,T01,132318.0
2026-07-18,M009,P03,T03,83588.57
2026-07-18,M010,P04,T01,156635.58
2026-07-18,M011,P01,T03,120673.06
2026-07-18,M012,P02,T01,220855.99
2026-07-18,M013,P03,T03,140851.94
2026-07-18,M014,P04,T01,183150.94
2026-07-18,M015,P01,T03,115817.26
2026-07-18,M016,P02,T01,195798.38
2026-07-18,M017,P03,T03,111517.53
2026-07-18,M018,P04,T01,210743.33
2026-07-18,M019,P01,T03,183865.86
2026-07-18,M020,P02,T01,248074.02
2026-07-18,M021,P03,T03,136631.11
2026-07-18,M022,P04,T01,181079.37
2026-07-18,M023,P01,T03,146354.61
2026-07-18,M024,P02,T01,265561.76
2026-07-18,M025,P03,T03,160181.36
2026-07-18,M026,P04,T01,226143.81
2026-07-18,M027,P01,T03,196976.33
2026-07-18,M028,P02,T01,334989.34
2026-07-18,M029,P03,T03,107743.54
2026-07-18,M030,P04,T01,202631.17
2026-07-18,M031,P01,T03,189339.39
2026-07-18,M032,P02,T01,284685.06
2026-07-18,M033,P03,T03,155009.82
2026-07-18,M034,P04,T01,304678.83
2026-07-18,M035,P01,T03,221997.3
2026-07-18,M036,P02,T01,272768.85
2026-07-18,M037,P03,T03,177780.56
2026-07-18,M038,P04,T01,234825.36
2026-07-18,M039,P01,T03,191866.36
2026-07-18,M040,P02,T01,336180.71
2026-07-18,M041,P03,T03,196116.34
2026-07-18,M042,P04,T01,330031.31
2026-07-18,M043,P01,T03,227397.62
2026-07-18,M044,P02,T01,294044.09
2026-07-18,M045,P03,T03,163613.73
2026-07-18,M046,P04,T01,322534.64
2026-07-18,M047,P01,T03,227066.36
2026-07-18,M048,P02,T01,422918.77
2026-07-19,M001,P04,T04,90111.71
2026-07-19,M002,P01,T02,90355.9
2026-07-19,M003,P02,T04,120570.12
2026-07-19,M004,P03,T02,98461.75
2026-07-19,M005,P04,T04,143047.09
2026-07-19,M006,P01,T02,163727.24
2026-07-19,M007,P02,T04,244130.63
2026-07-19,M008,P03,T02,70185.48
2026-07-19,M009,P04,T04,104740.49
2026-07-19,M010,P01,T02,123373.94
2026-07-19,M011,P02,T04,172843.08
2026-07-19,M012,P03,T02,139440.77
2026-07-19,M013,P04,T04,190252.62
2026-07-19,M014,P01,T02,170980.86
2026-07-19,M015,P02,T04,147053.96
2026-07-19,M016,P03,T02,108885.42
2026-07-19,M017,P04,T04,136859.91
2026-07-19,M018,P01,T02,158933.28
2026-07-19,M019,P02,T04,234180.77
2026-07-19,M020,P03,T02,136857.42
2026-07-19,M021,P04,T04,211353.71
2026-07-19,M022,P01,T02,140478.25
2026-07-19,M023,P02,T04,182547.25
2026-07-19,M024,P03,T02,137894.7
2026-07-19,M025,P04,T04,198793.35
2026-07-19,M026,P01,T02,186315.4
2026-07-19,M027,P02,T04,244792.6
2026-07-19,M028,P03,T02,184029.74
2026-07-19,M029,P04,T04,159892.7
2026-07-19,M030,P01,T02,173927.81
2026-07-19,M031,P02,T04,261757.04
2026-07-19,M032,P03,T02,142595.95
2026-07-19,M033,P04,T04,203293.74
2026-07-19,M034,P01,T02,236286.69
2026-07-19,M035,P02,T04,280320.3
2026-07-19,M036,P03,T02,139371.13
2026-07-19,M037,P04,T04,231848.88
2026-07-19,M038,P01,T02,175185.67
2026-07-19,M039,P02,T04,271548.58
2026-07-19,M040,P03,T02,187740.11
2026-07-19,M041,P04,T04,261490.78
2026-07-19,M042,P01,T02,265661.73
2026-07-19,M043,P02,T04,290190.18
2026-07-19,M044,P03,T02,166240.48
2026-07-19,M045,P04,T04,236136.36
2026-07-19,M046,P01,T02,265665.75
2026-07-19,M047,P02,T04,305377.88
2026-07-19,M048,P03,T02,216601.57
2026-07-20,M001,P01,T01,139026.46
2026-07-20,M002,P02,T03,93130.09
2026-07-20,M003,P03,T01,134672.63
2026-07-20,M004,P04,T03,104022.18
2026-07-20,M005,P01,T01,214832.44
2026-07-20,M006,P02,T03,187144.18
2026-07-20,M007,P03,T01,221637.28
2026-07-20,M008,P04,T03,83736.34
2026-07-20,M009,P01,T01,177223.02
2026-07-20,M010,P02,T03,142062.68
2026-07-20,M011,P03,T01,196754.84
2026-07-20,M012,P04,T03,149312.57
2026-07-20,M013,P01,T01,312507.59
2026-07-20,M014,P02,T03,169155.95
2026-07-20,M015,P03,T01,143816.91
2026-07-20,M016,P04,T03,119352.6
2026-07-20,M017,P01,T01,232215.28
2026-07-20,M018,P02,T03,219166.49
2026-07-20,M019,P03,T01,241577.1
2026-07-20,M020,P04,T03,158818.94
2026-07-20,M021,P01,T01,301631.46
2026-07-20,M022,P02,T03,146915.56
2026-07-20,M023,P03,T01,216759.46
2026-07-20,M024,P04,T03,172891.42
2026-07-20,M025,P01,T01,306962.81
2026-07-20,M026,P02,T03,204823.62
2026-07-20,M027,P03,T01,260879.8
2026-07-20,M028,P04,T03,191532.52
2026-07-20,M029,P01,T01,282556.93
2026-07-20,M030,P02,T03,204397.84
2026-07-20,M031,P03,T01,244601.7
2026-07-20,M032,P04,T03,156173.47
2026-07-20,M033,P01,T01,324842.74
2026-07-20,M034,P02,T03,266205.88
2026-07-20,M035,P03,T01,306339.37
2026-07-20,M036,P04,T03,184793.38
2026-07-20,M037,P01,T01,311788.0
2026-07-20,M038,P02,T03,202998.16
2026-07-20,M039,P03,T01,283052.0
2026-07-20,M040,P04,T03,228476.35
2026-07-20,M041,P01,T01,428537.16
2026-07-20,M042,P02,T03,332501.01
2026-07-20,M043,P03,T01,283241.63
2026-07-20,M044,P04,T03,160644.88
2026-07-20,M045,P01,T01,323895.62
2026-07-20,M046,P02,T03,273079.23
2026-07-20,M047,P03,T01,350425.4
2026-07-20,M048,P04,T03,290801.99
2026-07-21,M001,P02,T02,114759.21
2026-07-21,M002,P03,T04,77268.01
2026-07-21,M003,P04,T02,108348.91
2026-07-21,M004,P01,T04,140330.7
2026-07-21,M005,P02,T02,204801.91
2026-07-21,M006,P03,T04,165575.52
2026-07-21,M007,P04,T02,191138.19
2026-07-21,M008,P01,T04,105249.04
2026-07-21,M009,P02,T02,158172.24
2026-07-21,M010,P03,T04,128012.28
2026-07-21,M011,P04,T02,176108.77
2026-07-21,M012,P01,T04,200144.27
2026-07-21,M013,P02,T02,251311.09
2026-07-21,M014,P03,T04,165466.76
2026-07-21,M015,P04,T02,122679.55
2026-07-21,M016,P01,T04,157190.7
2026-07-21,M017,P02,T02,227815.13
2026-07-21,M018,P03,T04,162017.13
2026-07-21,M019,P04,T02,227152.75
2026-07-21,M020,P01,T04,196680.66
2026-07-21,M021,P02,T02,259975.36
2026-07-21,M022,P03,T04,130410.15
2026-07-21,M023,P04,T02,185907.67
2026-07-21,M024,P01,T04,238473.88
2026-07-21,M025,P02,T02,300605.21
2026-07-21,M026,P03,T04,152565.4
2026-07-21,M027,P04,T02,209065.14
2026-07-21,M028,P01,T04,264110.88
2026-07-21,M029,P02,T02,216057.75
2026-07-21,M030,P03,T04,191313.91
2026-07-21,M031,P04,T02,222963.9
2026-07-21,M032,P01,T04,216511.35
2026-07-21,M033,P02,T02,271823.82
2026-07-21,M034,P03,T04,223410.58
2026-07-21,M035,P04,T02,286563.53
2026-07-21,M036,P01,T04,228019.05
2026-07-21,M037,P02,T02,294313.96
2026-07-21,M038,P03,T04,174997.93
2026-07-21,M039,P04,T02,241952.24
2026-07-21,M040,P01,T04,302186.11
2026-07-21,M041,P02,T02,343387.04
2026-07-21,M042,P03,T04,300614.54
2026-07-21,M043,P04,T02,237593.24
2026-07-21,M044,P01,T04,232683.68
2026-07-21,M045,P02,T02,304332.55
2026-07-21,M046,P03,T04,233738.4
2026-07-21,M047,P04,T02,283250.95
2026-07-21,M048,P01,T04,362596.69
2026-07-22,M001,P03,T03,77512.74
2026-07-22,M002,P04,T01,110065.18
2026-07-22,M003,P01,T03,110276.14
2026-07-22,M004,P02,T01,207304.67
2026-07-22,M005,P03,T03,117330.85
2026-07-22,M006,P04,T01,240316.88
2026-07-22,M007,P01,T03,195843.71
2026-07-22,M008,P02,T01,138246.77
2026-07-22,M009,P03,T03,86720.98
2026-07-22,M010,P04,T01,168620.81
2026-07-22,M011,P01,T03,167236.04
2026-07-22,M012,P02,T01,275017.52
2026-07-22,M013,P03,T03,154791.32
2026-07-22,M014,P04,T01,212961.59
2026-07-22,M015,P01,T03,124811.72
2026-07-22,M016,P02,T01,219708.92
2026-07-22,M017,P03,T03,134907.95
2026-07-22,M018,P04,T01,228639.89
2026-07-22,M019,P01,T03,197625.16
2026-07-22,M020,P02,T01,270697.5
2026-07-22,M021,P03,T03,172394.61
2026-07-22,M022,P04,T01,203678.04
2026-07-22,M023,P01,T03,182432.94
2026-07-22,M024,P02,T01,294669.9
2026-07-22,M025,P03,T03,175068.57
2026-07-22,M026,P04,T01,250554.17
2026-07-22,M027,P01,T03,204299.75
2026-07-22,M028,P02,T01,361688.05
2026-07-22,M029,P03,T03,154720.8
2026-07-22,M030,P04,T01,267431.91
2026-07-22,M031,P01,T03,232204.15
2026-07-22,M032,P02,T01,296291.96
2026-07-22,M033,P03,T03,161013.92
2026-07-22,M034,P04,T01,338495.22
2026-07-22,M035,P01,T03,280476.07
2026-07-22,M036,P02,T01,319040.72
2026-07-22,M037,P03,T03,171958.73
2026-07-22,M038,P04,T01,245754.49
2026-07-22,M039,P01,T03,223963.99
2026-07-22,M040,P02,T01,376284.19
2026-07-22,M041,P03,T03,214710.69
2026-07-22,M042,P04,T01,403008.38
2026-07-22,M043,P01,T03,243231.28
2026-07-22,M044,P02,T01,300174.44
2026-07-22,M045,P03,T03,182398.64
2026-07-22,M046,P04,T01,325281.24
2026-07-22,M047,P01,T03,266410.42
2026-07-22,M048,P02,T01,480748.01
2026-07-23,M001,P04,T04,97420.74
2026-07-23,M002,P01,T02,93502.81
2026-07-23,M003,P02,T04,136347.33
2026-07-23,M004,P03,T02,114390.88
2026-07-23,M005,P04,T04,175814.85
2026-07-23,M006,P01,T02,187861.22
2026-07-23,M007,P02,T04,247105.46
2026-07-23,M008,P03,T02,85857.69
2026-07-23,M009,P04,T04,125911.03
2026-07-23,M010,P01,T02,138430.95
2026-07-23,M011,P02,T04,221338.87
2026-07-23,M012,P03,T02,168930.17
2026-07-23,M013,P04,T04,204006.85
2026-07-23,M014,P01,T02,169307.92
2026-07-23,M015,P02,T04,163975.18
2026-07-23,M016,P03,T02,127616.63
2026-07-23,M017,P04,T04,171153.16
2026-07-23,M018,P01,T02,211305.36
2026-07-23,M019,P02,T04,269495.9
2026-07-23,M020,P03,T02,144128.86
2026-07-23,M021,P04,T04,231882.85
2026-07-23,M022,P01,T02,159975.82
2026-07-23,M023,P02,T04,222655.38
2026-07-23,M024,P03,T02,183123.48
2026-07-23,M025,P04,T04,242277.59
2026-07-23,M026,P01,T02,179622.82
2026-07-23,M027,P02,T04,273064.35
2026-07-23,M028,P03,T02,220230.54
2026-07-23,M029,P04,T04,200141.57
2026-07-23,M030,P01,T02,232109.21
2026-07-23,M031,P02,T04,291204.04
2026-07-23,M032,P03,T02,169002.66
2026-07-23,M033,P04,T04,252189.26
2026-07-23,M034,P01,T02,260858.59
2026-07-23,M035,P02,T04,371774.51
2026-07-23,M036,P03,T02,170884.83
2026-07-23,M037,P04,T04,256315.59
2026-07-23,M038,P01,T02,195663.26
2026-07-23,M039,P02,T04,302386.89
2026-07-23,M040,P03,T02,230520.45
2026-07-23,M041,P04,T04,319487.77
2026-07-23,M042,P01,T02,307918.12
2026-07-23,M043,P02,T04,335712.1
2026-07-23,M044,P03,T02,185422.71
2026-07-23,M045,P04,T04,236597.15
2026-07-23,M046,P01,T02,281448.92
2026-07-23,M047,P02,T04,370770.62
2026-07-23,M048,P03,T02,288386.11
2026-07-24,M001,P01,T01,132940.95
2026-07-24,M002,P02,T03,88777.91
2026-07-24,M003,P03,T01,131089.01
2026-07-24,M004,P04,T03,106020.79
2026-07-24,M005,P01,T01,208205.53
2026-07-24,M006,P02,T03,184199.25
2026-07-24,M007,P03,T01,238833.89
2026-07-24,M008,P04,T03,82724.98
2026-07-24,M009,P01,T01,164466.88
2026-07-24,M010,P02,T03,152268.72
2026-07-24,M011,P03,T01,187460.43
2026-07-24,M012,P04,T03,147883.97
2026-07-24,M013,P01,T01,301286.62
2026-07-24,M014,P02,T03,189613.16
2026-07-24,M015,P03,T01,137422.11
2026-07-24,M016,P04,T03,129389.01
2026-07-24,M017,P01,T01,243046.78
2026-07-24,M018,P02,T03,216960.62
2026-07-24,M019,P03,T01,232804.72
2026-07-24,M020,P04,T03,157148.77
2026-07-24,M021,P01,T01,275443.46
2026-07-24,M022,P02,T03,164662.57
2026-07-24,M023,P03,T01,199581.68
2026-07-24,M024,P04,T03,183922.31
2026-07-24,M025,P01,T01,294436.38
2026-07-24,M026,P02,T03,186018.02
2026-07-24,M027,P03,T01,249460.17
2026-07-24,M028,P04,T03,213839.0
2026-07-24,M029,P01,T01,267244.82
2026-07-24,M030,P02,T03,219402.26
2026-07-24,M031,P03,T01,256281.99
2026-07-24,M032,P04,T03,155553.52
2026-07-24,M033,P01,T01,333902.9
2026-07-24,M034,P02,T03,247861.47
2026-07-24,M035,P03,T01,344974.82
2026-07-24,M036,P04,T03,171167.36
2026-07-24,M037,P01,T01,331165.34
2026-07-24,M038,P02,T03,201149.17
2026-07-24,M039,P03,T01,255677.55
2026-07-24,M040,P04,T03,214471.82
2026-07-24,M041,P01,T01,427702.28
2026-07-24,M042,P02,T03,341418.7
2026-07-24,M043,P03,T01,294967.35
2026-07-24,M044,P04,T03,183935.32
2026-07-24,M045,P01,T01,314196.84
2026-07-24,M046,P02,T03,263383.36
2026-07-24,M047,P03,T01,313128.98
2026-07-24,M048,P04,T03,257625.38
2026-07-25,M001,P02,T02,113314.81
2026-07-25,M002,P03,T04,69573.6
2026-07-25,M003,P04,T02,110074.89
2026-07-25,M004,P01,T04,131513.21
2026-07-25,M005,P02,T02,166088.84
2026-07-25,M006,P03,T04,148827.41
2026-07-25,M007,P04,T02,176742.82
2026-07-25,M008,P01,T04,93064.59
2026-07-25,M009,P02,T02,142197.79
2026-07-25,M010,P03,T04,114086.42
2026-07-25,M011,P04,T02,161771.22
2026-07-25,M012,P01,T04,186419.65
2026-07-25,M013,P02,T02,234162.3
2026-07-25,M014,P03,T04,141250.28
2026-07-25,M015,P04,T02,123041.98
2026-07-25,M016,P01,T04,138561.96
2026-07-25,M017,P02,T02,186648.48
2026-07-25,M018,P03,T04,150698.29
2026-07-25,M019,P04,T02,197044.87
2026-07-25,M020,P01,T04,181553.62
2026-07-25,M021,P02,T02,248434.82
2026-07-25,M022,P03,T04,129920.0
2026-07-25,M023,P04,T02,170097.94
2026-07-25,M024,P01,T04,193562.9
2026-07-25,M025,P02,T02,233431.84
2026-07-25,M026,P03,T04,140360.48
2026-07-25,M027,P04,T02,197295.81
2026-07-25,M028,P01,T04,232187.75
2026-07-25,M029,P02,T02,211666.84
2026-07-25,M030,P03,T04,170491.6
2026-07-25,M031,P04,T02,204746.17
2026-07-25,M032,P01,T04,197827.53
2026-07-25,M033,P02,T02,256392.74
2026-07-25,M034,P03,T04,210754.16
2026-07-25,M035,P04,T02,274753.99
2026-07-25,M036,P01,T04,220954.13
2026-07-25,M037,P02,T02,261970.35
2026-07-25,M038,P03,T04,165778.63
2026-07-25,M039,P04,T02,222613.01
2026-07-25,M040,P01,T04,244036.38
2026-07-25,M041,P02,T02,325066.92
2026-07-25,M042,P03,T04,249900.13
2026-07-25,M043,P04,T02,231123.68
2026-07-25,M044,P01,T04,206179.01
2026-07-25,M045,P02,T02,258083.75
2026-07-25,M046,P03,T04,194517.68
2026-07-25,M047,P04,T02,260792.94
2026-07-25,M048,P01,T04,330537.31
